ref,start,word,kind,reason,context_before,context_after
Gen.2.22,83,Weib,gender-agreement,Nominalgruppe regelbasiert angepasst; längere Pronomenbezüge/Satzkongruenz prüfen.,"Und Gott der HERR baute aus der Rippe, die er von dem Menschen genommen hatte, ein Weib und brachte sie zu ihm.","Und Gott der HERR baute aus der Rippe, die er von dem Menschen genommen hatte, eine Frau und brachte sie zu ihm."
Gen.2.24,82,Weibe,gender-agreement,Nominalgruppe regelbasiert angepasst; längere Pronomenbezüge/Satzkongruenz prüfen.,"
        Darum wird der Mensch seinen Vater und seine Mutter verlassen und seinem Weibe anhangen, daß sie zu einem Fleische werden.","
        Darum wird der Mensch seinen Vater und seine Mutter verlassen und seiner Frau anhangen, dass sie zu einem Fleische werden."
Gen.2.25,47,Weib,gender-agreement,Nominalgruppe regelbasiert angepasst; längere Pronomenbezüge/Satzkongruenz prüfen.,"Und sie waren beide nackt, der Mensch und sein Weib, und schämten sich nicht.","Und sie waren beide nackt, der Mensch und seine Frau, und schämten sich nicht."
Gen.3.1,110,Weibe,gender-agreement,Nominalgruppe regelbasiert angepasst; längere Pronomenbezüge/Satzkongruenz prüfen.,"Aber die Schlange war listiger als alle Tiere des Feldes, die Gott der HERR gemacht hatte; und sie sprach zum Weibe: Hat Gott wirklich gesagt, ihr dürft nicht essen von jedem Baum im Garten?","Aber die Schlange war listiger als alle Tiere des Feldes, die Gott der HERR gemacht hatte; und sie sprach zur Frau: Hat Gott wirklich gesagt, ihr dürft nicht essen von jedem Baum im Garten?"
Gen.3.2,14,Weib,gender-agreement,Nominalgruppe regelbasiert angepasst; längere Pronomenbezüge/Satzkongruenz prüfen.,Da sprach das Weib zur Schlange: Wir essen von der Frucht der Bäume im Garten;,Da sprach die Frau zur Schlange: Wir essen von der Frucht der Bäume im Garten;
Gen.3.4,27,Weibe,gender-agreement,Nominalgruppe regelbasiert angepasst; längere Pronomenbezüge/Satzkongruenz prüfen.,Da sprach die Schlange zum Weibe: Ihr werdet sicherlich nicht sterben!,Da sprach die Schlange zur Frau: Ihr werdet sicherlich nicht sterben!
Gen.3.6,12,Weib,gender-agreement,Nominalgruppe regelbasiert angepasst; längere Pronomenbezüge/Satzkongruenz prüfen.,"Als nun das Weib sah, daß von dem Baume gut zu essen wäre und daß er eine Lust für die Augen und ein wertvoller Baum wäre, weil er klug machte, da nahm sie von dessen Frucht und aß und gab zugleich auch ihrem Mann davon, und er aß.","Als nun die Frau sah, dass von dem Baume gut zu essen wäre und dass er eine Lust für die Augen und ein wertvoller Baum wäre, weil er klug machte, da nahm sie von dessen Frucht und aß und gab zugleich auch ihrem Mann davon, und er aß."
Gen.3.8,120,Weib,gender-agreement,Nominalgruppe regelbasiert angepasst; längere Pronomenbezüge/Satzkongruenz prüfen.,"Und sie hörten die Stimme Gottes, des HERRN, der im Garten wandelte beim Wehen des Abendwindes; und der Mensch und sein Weib versteckten sich vor dem Angesicht Gottes des HERRN hinter die Bäume des Gartens.","Und sie hörten die Stimme Gottes, des HERRN, der im Garten wandelte beim Wehen des Abendwindes; und der Mensch und seine Frau versteckten sich vor dem Angesicht Gottes des HERRN hinter die Bäume des Gartens."
Gen.3.12,26,Weib,gender-agreement,Nominalgruppe regelbasiert angepasst; längere Pronomenbezüge/Satzkongruenz prüfen.,"Da sprach der Mensch: Das Weib, das du mir zugesellt hast, die gab mir von dem Baum, und ich aß!","Da sprach der Mensch: Die Frau, die du mir zugesellt hast, die gab mir von dem Baum, und ich aß!"
Gen.3.13,28,Weibe,gender-agreement,Nominalgruppe regelbasiert angepasst; längere Pronomenbezüge/Satzkongruenz prüfen.,"Da sprach Gott der HERR zum Weibe: Warum hast du das getan? Das Weib antwortete: Die Schlange verführte mich, daß ich aß!","Da sprach Gott der HERR zur Frau: Warum hast du das getan? Die Frau antwortete: Die Schlange verführte mich, dass ich aß!"
Gen.3.13,64,Weib,gender-agreement,Nominalgruppe regelbasiert angepasst; längere Pronomenbezüge/Satzkongruenz prüfen.,"Da sprach Gott der HERR zum Weibe: Warum hast du das getan? Das Weib antwortete: Die Schlange verführte mich, daß ich aß!","Da sprach Gott der HERR zur Frau: Warum hast du das getan? Die Frau antwortete: Die Schlange verführte mich, dass ich aß!"
Gen.3.15,53,Weibe,gender-agreement,Nominalgruppe regelbasiert angepasst; längere Pronomenbezüge/Satzkongruenz prüfen.,"Und ich will Feindschaft setzen zwischen dir und dem Weibe, zwischen deinem Samen und ihrem Samen; derselbe soll dir den Kopf zertreten, und du wirst ihn in die Ferse stechen.","Und ich will Feindschaft setzen zwischen dir und der Frau, zwischen deinem Samen und ihrem Samen; derselbe soll dir den Kopf zertreten, und du wirst ihn in die Ferse stechen."
Gen.3.16,8,Weibe,gender-agreement,Nominalgruppe regelbasiert angepasst; längere Pronomenbezüge/Satzkongruenz prüfen.,"Und zum Weibe sprach er: Ich will dir viele Schmerzen durch häufige Empfängnis bereiten; mit Schmerzen sollst du Kinder gebären; und du sollst nach deinem Manne verlangen, er aber soll herrschen über dich!","Und zur Frau sprach er: Ich will dir viele Schmerzen durch häufige Empfängnis bereiten; mit Schmerzen sollst du Kinder gebären; und du sollst nach deinem Manne verlangen, er aber soll herrschen über dich!"
Gen.3.17,66,Weibes,gender-agreement,Nominalgruppe regelbasiert angepasst; längere Pronomenbezüge/Satzkongruenz prüfen.,"Und zu Adam sprach er: Dieweil du gehorcht hast der Stimme deines Weibes und von dem Baum gegessen, davon ich dir gebot und sprach: »Du sollst nicht davon essen«, verflucht sei der Erdboden um deinetwillen, mit Mühe sollst du dich davon nähren dein Leben lang;","Und zu Adam sprach er: Dieweil du gehorcht hast der Stimme deiner Frau und von dem Baum gegessen, davon ich dir gebot und sprach: »Du sollst nicht davon essen«, verflucht sei der Erdboden um deinetwillen, mit Mühe sollst du dich davon nähren dein Leben lang;"
Gen.3.20,21,Weib,gender-agreement,Nominalgruppe regelbasiert angepasst; längere Pronomenbezüge/Satzkongruenz prüfen.,Und Adam nannte sein Weib Eva; denn sie wurde die Mutter aller Lebendigen.,Und Adam nannte seine Frau Eva; denn sie wurde die Mutter aller Lebendigen.
Gen.3.21,41,Weibe,gender-agreement,Nominalgruppe regelbasiert angepasst; längere Pronomenbezüge/Satzkongruenz prüfen.,Und Gott der HERR machte Adam und seinem Weibe Pelzröcke und bekleidete sie.,Und Gott der HERR machte Adam und seiner Frau Pelzröcke und bekleidete sie.
Gen.4.1,50,Weib,gender-agreement,Nominalgruppe regelbasiert angepasst; längere Pronomenbezüge/Satzkongruenz prüfen.,"
        Und 
        Adam 
        erkannte sein Weib Eva; sie aber empfing und gebar den Kain. Und sie sprach: Ich habe einen Mann bekommen mit der Hilfe des HERRN!","
        Und 
        Adam 
        erkannte seine Frau Eva; sie aber empfing und gebar den Kain. Und sie sprach: Ich habe einen Mann bekommen mit der Hilfe des HERRN!"
Gen.4.17,23,Weib,gender-agreement,Nominalgruppe regelbasiert angepasst; längere Pronomenbezüge/Satzkongruenz prüfen.,"Und Kain erkannte sein Weib; die empfing und gebar den Hanoch. Und da er eben eine Stadt baute, so nannte er sie nach seines Sohnes Namen Hanoch.","Und Kain erkannte seine Frau; die empfing und gebar den Hanoch. Und da er eben eine Stadt baute, so nannte er sie nach seines Sohnes Namen Hanoch."
Gen.4.25,23,Weib,gender-agreement,Nominalgruppe regelbasiert angepasst; längere Pronomenbezüge/Satzkongruenz prüfen.,"Und Adam erkannte sein Weib abermal; die gebar einen Sohn und nannte ihn Seth; denn Gott hat mir für Abel einen andern Samen gesetzt, weil Kain ihn umgebracht hat.","Und Adam erkannte seine Frau abermal; die gebar einen Sohn und nannte ihn Seth; denn Gott hat mir für Abel einen andern Samen gesetzt, weil Kain ihn umgebracht hat."
Gen.6.18,108,Weib,gender-agreement,Nominalgruppe regelbasiert angepasst; längere Pronomenbezüge/Satzkongruenz prüfen.,"Aber mit dir will ich meinen Bund aufrichten, und du sollst in die Arche gehen, du und deine Söhne und dein Weib und deiner Söhne Weiber mit dir.","Aber mit dir will ich meinen Bund aufrichten, und du sollst in die Arche gehen, du und deine Söhne und deine Frau und deiner Söhne Frauen mit dir."
Gen.7.7,58,Weib,gender-agreement,Nominalgruppe regelbasiert angepasst; längere Pronomenbezüge/Satzkongruenz prüfen.,"
        Er 
        ging aber samt seinen Söhnen, seinem Weib und seiner Söhne Weibern in die Arche vor dem Gewässer der Sündflut.","
        Er 
        ging aber samt seinen Söhnen, seiner Frau und seiner Söhne Frauen in die Arche vor dem Gewässer der Sündflut."
Gen.7.13,113,Weibe,gender-agreement,Nominalgruppe regelbasiert angepasst; längere Pronomenbezüge/Satzkongruenz prüfen.,"
        An ebendemselben Tage war Noah in die Arche gegangen mit Sem, Ham und Japhet, seinen Söhnen, und seinem Weibe und den drei Weibern seiner Söhne;","
        An ebendemselben Tage war Noah in die Arche gegangen mit Sem, Ham und Japhet, seinen Söhnen, und seiner Frau und den drei Frauen seiner Söhne;"
Gen.8.16,31,Weib,gender-agreement,Nominalgruppe regelbasiert angepasst; längere Pronomenbezüge/Satzkongruenz prüfen.,"Geh aus der Arche, du und dein Weib und deine Söhne und deiner Söhne Weiber mit dir!","Geh aus der Arche, du und deine Frau und deine Söhne und deiner Söhne Frauen mit dir!"
Gen.8.18,52,Weib,gender-agreement,Nominalgruppe regelbasiert angepasst; längere Pronomenbezüge/Satzkongruenz prüfen.,Also ging Noah hinaus samt seinen Söhnen und seinem Weib und seiner Söhne Weibern.,Also ging Noah hinaus samt seinen Söhnen und seiner Frau und seiner Söhne Frauen.
Gen.11.29,52,Weib,gender-agreement,Nominalgruppe regelbasiert angepasst; längere Pronomenbezüge/Satzkongruenz prüfen.,"
        Abram aber und Nahor nahmen Weiber; Abrams Weib hieß Sarai, Nahors Weib hieß Milka, eine Tochter Harans, des Vaters der Milka und der Jisla.","
        Abram aber und Nahor nahmen Frauen; Abrams Frau hieß Sarai, Nahors Frau hieß Milka, eine Tochter Harans, des Vaters der Milka und der Jisla."
Gen.11.29,76,Weib,gender-agreement,Nominalgruppe regelbasiert angepasst; längere Pronomenbezüge/Satzkongruenz prüfen.,"
        Abram aber und Nahor nahmen Weiber; Abrams Weib hieß Sarai, Nahors Weib hieß Milka, eine Tochter Harans, des Vaters der Milka und der Jisla.","
        Abram aber und Nahor nahmen Frauen; Abrams Frau hieß Sarai, Nahors Frau hieß Milka, eine Tochter Harans, des Vaters der Milka und der Jisla."
Gen.11.31,125,Weib,gender-agreement,Nominalgruppe regelbasiert angepasst; längere Pronomenbezüge/Satzkongruenz prüfen.,"
        Und Terach nahm seinen Sohn Abram, dazu den Lot, Harans Sohn, seinen Enkel, auch Sarai, seine Schwiegertochter, das Weib seines Sohnes Abram, und sie zogen miteinander aus von Ur in Chaldäa, um ins Land Kanaan zu gehen. Als sie aber nach Haran kamen, blieben sie daselbst.","
        Und Terach nahm seinen Sohn Abram, dazu den Lot, Harans Sohn, seinen Enkel, auch Sarai, seine Schwiegertochter, die Frau seines Sohnes Abram, und sie zogen miteinander aus von Ur in Chaldäa, um ins Land Kanaan zu gehen. Als sie aber nach Haran kamen, blieben sie daselbst."
Gen.12.5,20,Weib,gender-agreement,Nominalgruppe regelbasiert angepasst; längere Pronomenbezüge/Satzkongruenz prüfen.,"Und Abram nahm sein Weib Sarai und Lot, seines Bruders Sohn, samt aller ihrer Habe, die sie erworben, und den Seelen, die sie in Haran gewonnen hatten; und sie zogen aus, um ins Land Kanaan zu gehen.","Und Abram nahm seine Frau Sarai und Lot, seines Bruders Sohn, samt aller ihrer Habe, die sie erworben, und den Seelen, die sie in Haran gewonnen hatten; und sie zogen aus, um ins Land Kanaan zu gehen."
Gen.12.11,53,Weib,gender-agreement,Nominalgruppe regelbasiert angepasst; längere Pronomenbezüge/Satzkongruenz prüfen.,"Und als er sich Ägypten näherte, sprach er zu seinem Weib Sarai: Siehe doch, ich weiß, daß du ein Weib bist von schöner Gestalt.","Und als er sich Ägypten näherte, sprach er zu seiner Frau Sarai: Siehe doch, ich weiß, dass du eine Frau bist von schöner Gestalt."
Gen.12.11,98,Weib,gender-agreement,Nominalgruppe regelbasiert angepasst; längere Pronomenbezüge/Satzkongruenz prüfen.,"Und als er sich Ägypten näherte, sprach er zu seinem Weib Sarai: Siehe doch, ich weiß, daß du ein Weib bist von schöner Gestalt.","Und als er sich Ägypten näherte, sprach er zu seiner Frau Sarai: Siehe doch, ich weiß, dass du eine Frau bist von schöner Gestalt."
Gen.12.12,67,Weib,gender-agreement,Nominalgruppe regelbasiert angepasst; längere Pronomenbezüge/Satzkongruenz prüfen.,"Wenn dich nun die Ägypter sehen, so werden sie sagen: Das ist sein Weib! Und sie werden mich töten und dich leben lassen.","Wenn dich nun die Ägypter sehen, so werden sie sagen: Das ist seine Frau! Und sie werden mich töten und dich leben lassen."
Gen.12.14,54,Weib,gender-agreement,Nominalgruppe regelbasiert angepasst; längere Pronomenbezüge/Satzkongruenz prüfen.,"Als nun Abram nach Ägypten kam, sahen die Ägypter das Weib, daß sie sehr schön war.","Als nun Abram nach Ägypten kam, sahen die Ägypter die Frau, dass sie sehr schön war."
Gen.12.15,99,Weib,gender-agreement,Nominalgruppe regelbasiert angepasst; längere Pronomenbezüge/Satzkongruenz prüfen.,"
        Und als die Fürsten des Pharao sie sahen, priesen sie dieselbe dem Pharao an. Da ward das Weib in Pharaos Haus gebracht.","
        Und als die Fürsten des Pharao sie sahen, priesen sie dieselbe dem Pharao an. Da ward die Frau in Pharaos Haus gebracht."
Gen.12.17,79,Weibes,gender-agreement,Nominalgruppe regelbasiert angepasst; längere Pronomenbezüge/Satzkongruenz prüfen.,"Aber der HERR schlug den Pharao und sein Haus mit großen Plagen um Sarais, des Weibes Abrams, willen.","Aber der HERR schlug den Pharao und sein Haus mit großen Plagen um Sarais, der Frau Abrams, willen."
Gen.12.18,121,Weib,gender-agreement,Nominalgruppe regelbasiert angepasst; längere Pronomenbezüge/Satzkongruenz prüfen.,"Da rief der Pharao den Abram und sprach: Was hast du mir da angerichtet! Warum hast du mir nicht angezeigt, daß sie dein Weib ist?","Da rief der Pharao den Abram und sprach: Was hast du mir da angerichtet! Warum hast du mir nicht angezeigt, dass sie deine Frau ist?"
Gen.12.19,70,Weibe,gender-agreement,Nominalgruppe regelbasiert angepasst; längere Pronomenbezüge/Satzkongruenz prüfen.,"Warum hast du gesagt, sie sei deine Schwester, so daß ich sie mir zum Weibe nehmen wollte? Und nun siehe, da ist dein Weib; nimm sie und geh!","Warum hast du gesagt, sie sei deine Schwester, so dass ich sie mir zur Frau nehmen wollte? Und nun siehe, da ist deine Frau; nimm sie und geh!"
Gen.12.19,118,Weib,gender-agreement,Nominalgruppe regelbasiert angepasst; längere Pronomenbezüge/Satzkongruenz prüfen.,"Warum hast du gesagt, sie sei deine Schwester, so daß ich sie mir zum Weibe nehmen wollte? Und nun siehe, da ist dein Weib; nimm sie und geh!","Warum hast du gesagt, sie sei deine Schwester, so dass ich sie mir zur Frau nehmen wollte? Und nun siehe, da ist deine Frau; nimm sie und geh!"
Gen.12.20,82,Weib,gender-agreement,Nominalgruppe regelbasiert angepasst; längere Pronomenbezüge/Satzkongruenz prüfen.,"
        Und der Pharao bot seinethalben Mannschaft auf, damit sie ihm und seinem Weib und allem, was er hatte, das Geleite gäben.","
        Und der Pharao bot seinethalben Mannschaft auf, damit sie ihm und seiner Frau und allem, was er hatte, das Geleite gäben."
Gen.13.1,25,Weib,gender-agreement,Nominalgruppe regelbasiert angepasst; längere Pronomenbezüge/Satzkongruenz prüfen.,"Und Abram zog mit seinem Weib und mit allem, was er hatte, auch mit Lot, von Ägypten hinauf in das südliche Kanaan.","Und Abram zog mit seiner Frau und mit allem, was er hatte, auch mit Lot, von Ägypten hinauf in das südliche Kanaan."
Gen.16.1,28,Weib,gender-agreement,Nominalgruppe regelbasiert angepasst; längere Pronomenbezüge/Satzkongruenz prüfen.,"
        Sarai aber, Abrams Weib, gebar ihm nicht; aber sie hatte eine ägyptische Magd, die hieß Hagar.","
        Sarai aber, Abrams Frau, gebar ihm nicht; aber sie hatte eine ägyptische Magd, die hieß Hagar."
Gen.16.3,22,Weib,gender-agreement,Nominalgruppe regelbasiert angepasst; längere Pronomenbezüge/Satzkongruenz prüfen.,"Da nahm Sarai, Abrams Weib, ihre ägyptische Magd Hagar, nachdem Abram zehn Jahre lang im Lande Kanaan gewohnt hatte, und gab sie Abram, ihrem Manne, zum Weibe.","Da nahm Sarai, Abrams Frau, ihre ägyptische Magd Hagar, nachdem Abram zehn Jahre lang im Lande Kanaan gewohnt hatte, und gab sie Abram, ihrem Manne, zur Frau."
Gen.16.3,153,Weibe,gender-agreement,Nominalgruppe regelbasiert angepasst; längere Pronomenbezüge/Satzkongruenz prüfen.,"Da nahm Sarai, Abrams Weib, ihre ägyptische Magd Hagar, nachdem Abram zehn Jahre lang im Lande Kanaan gewohnt hatte, und gab sie Abram, ihrem Manne, zum Weibe.","Da nahm Sarai, Abrams Frau, ihre ägyptische Magd Hagar, nachdem Abram zehn Jahre lang im Lande Kanaan gewohnt hatte, und gab sie Abram, ihrem Manne, zur Frau."
Gen.17.15,78,Weib,gender-agreement,Nominalgruppe regelbasiert angepasst; längere Pronomenbezüge/Satzkongruenz prüfen.,"
        Und 
        Gott 
        sprach abermal zu Abraham: Du sollst dein Weib Sarai nicht mehr Sarai nennen, sondern Sarah soll ihr Name sein.","
        Und 
        Gott 
        sprach abermal zu Abraham: Du sollst deine Frau Sarai nicht mehr Sarai nennen, sondern Sarah soll ihr Name sein."
Gen.17.19,42,Weib,gender-agreement,Nominalgruppe regelbasiert angepasst; längere Pronomenbezüge/Satzkongruenz prüfen.,"Da sprach Gott: Nein, sondern Sarah, dein Weib, soll dir einen Sohn gebären, den sollst du Isaak nennen; denn ich will mit ihm einen Bund aufrichten als einen ewigen Bund für seinen Samen nach ihm.","Da sprach Gott: Nein, sondern Sarah, deine Frau, soll dir einen Sohn gebären, den sollst du Isaak nennen; denn ich will mit ihm einen Bund aufrichten als einen ewigen Bund für seinen Samen nach ihm."
Gen.18.9,36,Weib,gender-agreement,Nominalgruppe regelbasiert angepasst; längere Pronomenbezüge/Satzkongruenz prüfen.,Da sprachen sie zu ihm: Wo ist dein Weib Sarah? Er antwortete: Drinnen in der Hütte.,Da sprachen sie zu ihm: Wo ist deine Frau Sarah? Er antwortete: Drinnen in der Hütte.
Gen.18.10,100,Weib,gender-agreement,Nominalgruppe regelbasiert angepasst; längere Pronomenbezüge/Satzkongruenz prüfen.,"Da sprach er: Gewiß will ich um diese Zeit im künftigen Jahre wieder zu dir kommen, und siehe, dein Weib Sarah soll einen Sohn haben! Sarah aber horchte unter der Tür der Hütte, welche hinter ihm war.","Da sprach er: Gewiss will ich um diese Zeit im künftigen Jahre wieder zu dir kommen, und siehe, deine Frau Sarah soll einen Sohn haben! Sarah aber horchte unter der Tür der Hütte, welche hinter ihm war."
Gen.19.15,98,Weib,gender-agreement,Nominalgruppe regelbasiert angepasst; längere Pronomenbezüge/Satzkongruenz prüfen.,"Da nun die Morgenröte aufging, hießen die Engel Lot eilen und sprachen: Mache dich auf, nimm dein Weib und deine beiden Töchter, die vorhanden sind, damit du nicht in der Missetat dieser Stadt umkommest!","Da nun die Morgenröte aufging, hießen die Engel Lot eilen und sprachen: Mache dich auf, nimm deine Frau und deine beiden Töchter, die vorhanden sind, damit du nicht in der Missetat dieser Stadt umkommest!"
Gen.19.16,54,Weib,gender-agreement,Nominalgruppe regelbasiert angepasst; längere Pronomenbezüge/Satzkongruenz prüfen.,"Als er aber verzog, ergriffen die Männer ihn und sein Weib und seine beiden Töchter bei der Hand, weil der HERR ihn verschonen wollte, und führten ihn hinaus und ließen ihn draußen vor der Stadt.","Als er aber verzog, ergriffen die Männer ihn und seine Frau und seine beiden Töchter bei der Hand, weil der HERR ihn verschonen wollte, und führten ihn hinaus und ließen ihn draußen vor der Stadt."
Gen.19.26,9,Weib,gender-agreement,Nominalgruppe regelbasiert angepasst; längere Pronomenbezüge/Satzkongruenz prüfen.,Und sein Weib sah hinter sich und ward zur Salzsäule.,Und seine Frau sah hinter sich und ward zur Salzsäule.
Gen.20.2,66,Weibe,gender-agreement,Nominalgruppe regelbasiert angepasst; längere Pronomenbezüge/Satzkongruenz prüfen.,"
        Und 
        Abraham 
        sprach 
        von seinem Weibe Sarah: Sie ist meine Schwester. Da ließ Abimelech, der König zu Gerar, Sarah holen.","
        Und 
        Abraham 
        sprach 
        von seiner Frau Sarah: Sie ist meine Schwester. Da ließ Abimelech, der König zu Gerar, Sarah holen."
Gen.20.3,101,Weibes,gender-agreement,Nominalgruppe regelbasiert angepasst; längere Pronomenbezüge/Satzkongruenz prüfen.,"Aber Gott kam des Nachts im Traum zu Abimelech und sprach zu ihm: Siehe da, du bist des Todes um des Weibes willen, das du genommen hast; denn sie ist eines Mannes Eheweib!","Aber Gott kam des Nachts im Traum zu Abimelech und sprach zu ihm: Siehe da, du bist des Todes um der Frau willen, das du genommen hast; denn sie ist eines Mannes Ehefrau!"
Gen.20.3,164,Eheweib,gender-agreement,Nominalgruppe regelbasiert angepasst; längere Pronomenbezüge/Satzkongruenz prüfen.,"Aber Gott kam des Nachts im Traum zu Abimelech und sprach zu ihm: Siehe da, du bist des Todes um des Weibes willen, das du genommen hast; denn sie ist eines Mannes Eheweib!","Aber Gott kam des Nachts im Traum zu Abimelech und sprach zu ihm: Siehe da, du bist des Todes um der Frau willen, das du genommen hast; denn sie ist eines Mannes Ehefrau!"
Gen.20.7,26,Weib,gender-agreement,Nominalgruppe regelbasiert angepasst; längere Pronomenbezüge/Satzkongruenz prüfen.,"So gib nun dem Manne sein Weib wieder, denn er ist ein Prophet; und er soll für dich bitten, so wirst du am Leben bleiben; wenn du sie aber nicht zurückgibst, so wisse, daß du gewiß sterben mußt samt allem, was dein ist!","So gib nun dem Manne seine Frau wieder, denn er ist ein Prophet; und er soll für dich bitten, so wirst du am Leben bleiben; wenn du sie aber nicht zurückgibst, so wisse, dass du gewiss sterben musst samt allem, was dein ist!"
Gen.20.11,128,Weibes,gender-agreement,Nominalgruppe regelbasiert angepasst; längere Pronomenbezüge/Satzkongruenz prüfen.,"
        Abraham 
        sprach: Weil ich dachte: Es ist gar keine Gottesfurcht an diesem Ort, darum werden sie mich um meines Weibes willen erwürgen.","
        Abraham 
        sprach: Weil ich dachte: Es ist gar keine Gottesfurcht an diesem Ort, darum werden sie mich um meiner Frau willen erwürgen."
Gen.20.12,128,Weib,gender-agreement,Nominalgruppe regelbasiert angepasst; längere Pronomenbezüge/Satzkongruenz prüfen.,"Auch ist sie wahrhaftig meine Schwester; denn sie ist meines Vaters Tochter, aber nicht meiner Mutter Tochter, und sie ist mein Weib geworden.","Auch ist sie wahrhaftig meine Schwester; denn sie ist meines Vaters Tochter, aber nicht meiner Mutter Tochter, und sie ist meine Frau geworden."
Gen.20.14,133,Weib,gender-agreement,Nominalgruppe regelbasiert angepasst; längere Pronomenbezüge/Satzkongruenz prüfen.,"
        Da 
        nahm 
        Abimelech 
        Schafe und Rinder, Knechte und Mägde und schenkte sie Abraham und gab ihm sein Weib Sarah zurück.","
        Da 
        nahm 
        Abimelech 
        Schafe und Rinder, Knechte und Mägde und schenkte sie Abraham und gab ihm seine Frau Sarah zurück."
Gen.20.17,85,Weib,gender-agreement,Nominalgruppe regelbasiert angepasst; längere Pronomenbezüge/Satzkongruenz prüfen.,"
        Abraham aber legte Fürbitte ein bei Gott. Da heilte Gott Abimelech und sein Weib und seine Mägde, daß sie gebaren.","
        Abraham aber legte Fürbitte ein bei Gott. Da heilte Gott Abimelech und seine Frau und seine Mägde, dass sie gebaren."
Gen.20.18,97,Weibes,gender-agreement,Nominalgruppe regelbasiert angepasst; längere Pronomenbezüge/Satzkongruenz prüfen.,"Denn der HERR hatte zuvor jeden Mutterleib im Hause Abimelechs fest verschlossen, um Sarahs, des Weibes Abrahams willen.","Denn der HERR hatte zuvor jeden Mutterleib im Hause Abimelechs fest verschlossen, um Sarahs, der Frau Abrahams willen."
Gen.21.21,64,Weib,gender-agreement,Nominalgruppe regelbasiert angepasst; längere Pronomenbezüge/Satzkongruenz prüfen.,"Und er wohnte in der Wüste Paran, und seine Mutter nahm ihm ein Weib aus Ägypten.","Und er wohnte in der Wüste Paran, und seine Mutter nahm ihm eine Frau aus Ägypten."
Gen.22.24,9,Kebsweib,spelling-context,Kontextabhängige Schreibung/modernes Homograph; unverändert prüfen.,"Und sein Kebsweib mit Namen Rehuma, gebar auch, nämlich Tebach, Gaham, Tachasch und Maacha.","Und sein Kebsweib mit Namen Rehuma, gebar auch, nämlich Tebach, Gaham, Tachasch und Maacha."
Gen.23.19,66,Weib,gender-agreement,Nominalgruppe regelbasiert angepasst; längere Pronomenbezüge/Satzkongruenz prüfen.,"
        Darnach 
        begrub 
        Abraham die Sarah, sein Weib, in der Höhle des Ackers Machpelah, Mamre gegenüber, zu Hebron, im Lande Kanaan.","
        Darnach 
        begrub 
        Abraham die Sarah, seine Frau, in der Höhle des Ackers Machpelah, Mamre gegenüber, zu Hebron, im Lande Kanaan."
Gen.24.3,103,Weib,gender-agreement,Nominalgruppe regelbasiert angepasst; längere Pronomenbezüge/Satzkongruenz prüfen.,"daß ich dich schwören lasse bei dem HERRN, dem Gott des Himmels und der Erde, daß du meinem Sohne kein Weib nehmest von den Töchtern der Kanaaniter, unter welchen ich wohne,","dass ich dich schwören lasse bei dem HERRN, dem Gott des Himmels und der Erde, dass du meinem Sohne keine Frau nehmest von den Töchtern der Kanaaniter, unter welchen ich wohne,"
Gen.24.4,96,Weib,gender-agreement,Nominalgruppe regelbasiert angepasst; längere Pronomenbezüge/Satzkongruenz prüfen.,sondern daß du in mein Vaterland und zu meiner Verwandtschaft ziehest und meinem Sohn Isaak ein Weib nehmest.,sondern dass du in mein Vaterland und zu meiner Verwandtschaft ziehest und meinem Sohn Isaak eine Frau nehmest.
Gen.24.5,61,Weib,gender-agreement,Nominalgruppe regelbasiert angepasst; längere Pronomenbezüge/Satzkongruenz prüfen.,"
        Da 
        sprach der Knecht zu ihm: Wie? wenn das Weib mir nicht in dieses Land folgen wollte, soll ich alsdann deinen Sohn wieder in das Land zurückbringen, daraus du gezogen bist?","
        Da 
        sprach der Knecht zu ihm: Wie? wenn die Frau mir nicht in dieses Land folgen wollte, soll ich alsdann deinen Sohn wieder in das Land zurückbringen, daraus du gezogen bist?"
Gen.24.7,283,Weib,gender-agreement,Nominalgruppe regelbasiert angepasst; längere Pronomenbezüge/Satzkongruenz prüfen.,"Der HERR, der Gott des Himmels, der mich von meines Vaters Hause und aus dem Lande meiner Geburt genommen und mit mir geredet und mir auch geschworen und gesagt hat: »Dieses Land will ich deinem Samen geben«, der wird seinen Engel vor dir her senden, daß du meinem Sohn von dort ein Weib nehmest.","Der HERR, der Gott des Himmels, der mich von meines Vaters Hause und aus dem Lande meiner Geburt genommen und mit mir geredet und mir auch geschworen und gesagt hat: »Dieses Land will ich deinem Samen geben«, der wird seinen Engel vor dir her senden, dass du meinem Sohn von dort eine Frau nehmest."
Gen.24.8,9,Weib,gender-agreement,Nominalgruppe regelbasiert angepasst; längere Pronomenbezüge/Satzkongruenz prüfen.,"Wenn das Weib dir aber nicht folgen will, so bist du entbunden von dem Eid, den du mir geschworen hast; nur bring meinen Sohn nicht wieder dorthin!","Wenn die Frau dir aber nicht folgen will, so bist du entbunden von dem Eid, den du mir geschworen hast; nur bring meinen Sohn nicht wieder dorthin!"
Gen.24.15,109,Weibes,gender-agreement,Nominalgruppe regelbasiert angepasst; längere Pronomenbezüge/Satzkongruenz prüfen.,"Und ehe er ausgeredet hatte, siehe, da kam heraus Rebekka, die Tochter Bethuels, der ein Sohn der Milka, des Weibes Nahors, des Bruders Abrahams war; die trug einen Krug auf ihrer Achsel.","Und ehe er ausgeredet hatte, siehe, da kam heraus Rebekka, die Tochter Bethuels, der ein Sohn der Milka, der Frau Nahors, des Bruders Abrahams war; die trug einen Krug auf ihrer Achsel."
Gen.24.36,29,Weib,gender-agreement,Nominalgruppe regelbasiert angepasst; längere Pronomenbezüge/Satzkongruenz prüfen.,"Dazu hat Sarah, meines Herrn Weib, in ihrem Alter meinem Herrn einen Sohn geboren, demselben hat er alles, was sein ist, gegeben.","Dazu hat Sarah, meines Herrn Frau, in ihrem Alter meinem Herrn einen Sohn geboren, demselben hat er alles, was sein ist, gegeben."
Gen.24.37,94,Weib,gender-agreement,Nominalgruppe regelbasiert angepasst; längere Pronomenbezüge/Satzkongruenz prüfen.,"
        Und mein Herr hat einen Eid von mir genommen und gesagt: Du sollst meinem Sohne kein Weib nehmen von den Töchtern der Kanaaniter, in deren Lande ich wohne;","
        Und mein Herr hat einen Eid von mir genommen und gesagt: Du sollst meinem Sohne keine Frau nehmen von den Töchtern der Kanaaniter, in deren Lande ich wohne;"
Gen.24.38,105,Weib,gender-agreement,Nominalgruppe regelbasiert angepasst; längere Pronomenbezüge/Satzkongruenz prüfen.,"
        sondern ziehe hin zu meines Vaters Haus und zu meinem Geschlecht; daselbst nimm meinem Sohn ein Weib.","
        sondern ziehe hin zu meines Vaters Haus und zu meinem Geschlecht; daselbst nimm meinem Sohn eine Frau."
Gen.24.39,51,Weib,gender-agreement,Nominalgruppe regelbasiert angepasst; längere Pronomenbezüge/Satzkongruenz prüfen.,Ich sprach aber zu meinem Herrn: Wie? wenn mir das Weib nicht folgen will?,Ich sprach aber zu meinem Herrn: Wie? wenn mir die Frau nicht folgen will?
Gen.24.40,194,Weib,gender-agreement,Nominalgruppe regelbasiert angepasst; längere Pronomenbezüge/Satzkongruenz prüfen.,"Da sprach er zu mir: Der HERR, vor dem ich wandle, wird seinen Engel mit dir senden und deinen Weg gelingen lassen, daß du meinem Sohne von meiner Verwandtschaft und von meines Vaters Hause ein Weib nehmest.","Da sprach er zu mir: Der HERR, vor dem ich wandle, wird seinen Engel mit dir senden und deinen Weg gelingen lassen, dass du meinem Sohne von meiner Verwandtschaft und von meines Vaters Hause eine Frau nehmest."
Gen.24.44,99,Weib,gender-agreement,Nominalgruppe regelbasiert angepasst; längere Pronomenbezüge/Satzkongruenz prüfen.,"und sie zu mir sagen wird: »Trinke, ich will deinen Kamelen auch schöpfen«, so möge doch diese das Weib sein, welches der HERR dem Sohn meines Herrn bestimmt hat!","und sie zu mir sagen wird: »Trinke, ich will deinen Kamelen auch schöpfen«, so möge doch diese die Frau sein, welches der HERR dem Sohn meines Herrn bestimmt hat!"
Gen.24.51,60,Weib,gender-agreement,Nominalgruppe regelbasiert angepasst; längere Pronomenbezüge/Satzkongruenz prüfen.,"Da ist Rebekka vor dir, nimm sie und ziehe hin, daß sie das Weib des Sohnes deines Herrn sei, wie der HERR geredet hat!","Da ist Rebekka vor dir, nimm sie und ziehe hin, dass sie die Frau des Sohnes deines Herrn sei, wie der HERR geredet hat!"
Gen.24.67,93,Weib,gender-agreement,Nominalgruppe regelbasiert angepasst; längere Pronomenbezüge/Satzkongruenz prüfen.,"Da führte sie Isaak in die Hütte seiner Mutter Sarah und nahm die Rebekka, und sie ward sein Weib, und er gewann sie lieb. Also ward Isaak getröstet nach seiner Mutter Tod.","Da führte sie Isaak in die Hütte seiner Mutter Sarah und nahm die Rebekka, und sie ward seine Frau, und er gewann sie lieb. Also ward Isaak getröstet nach seiner Mutter Tod."
Gen.25.1,28,Weib,gender-agreement,Nominalgruppe regelbasiert angepasst; längere Pronomenbezüge/Satzkongruenz prüfen.,"Und Abraham nahm wieder ein Weib, die hieß Ketura.","Und Abraham nahm wieder eine Frau, die hieß Ketura."
Gen.25.10,87,Weib,gender-agreement,Nominalgruppe regelbasiert angepasst; längere Pronomenbezüge/Satzkongruenz prüfen.,"im Acker, welchen Abraham von den Hetitern gekauft hat. Daselbst sind Abraham und sein Weib Sarah begraben.","im Acker, welchen Abraham von den Hetitern gekauft hat. Daselbst sind Abraham und seine Frau Sarah begraben."
Gen.25.20,136,Weibe,gender-agreement,Nominalgruppe regelbasiert angepasst; längere Pronomenbezüge/Satzkongruenz prüfen.,"
        Isaak aber war vierzig Jahre alt, da er die Tochter Bethuels, des Syrers von Mesopotamien, die Schwester des Syrers Laban, zum Weibe nahm.","
        Isaak aber war vierzig Jahre alt, da er die Tochter Bethuels, des Syrers von Mesopotamien, die Schwester des Syrers Laban, zur Frau nahm."
Gen.25.21,43,Weib,gender-agreement,Nominalgruppe regelbasiert angepasst; längere Pronomenbezüge/Satzkongruenz prüfen.,"
        Isaak aber bat den HERRN für sein Weib, denn sie war unfruchtbar; und der HERR ließ sich von ihm erbitten, und sein Weib Rebekka ward guter Hoffnung.","
        Isaak aber bat den HERRN für seine Frau, denn sie war unfruchtbar; und der HERR ließ sich von ihm erbitten, und seine Frau Rebekka ward guter Hoffnung."
Gen.25.21,125,Weib,gender-agreement,Nominalgruppe regelbasiert angepasst; längere Pronomenbezüge/Satzkongruenz prüfen.,"
        Isaak aber bat den HERRN für sein Weib, denn sie war unfruchtbar; und der HERR ließ sich von ihm erbitten, und sein Weib Rebekka ward guter Hoffnung.","
        Isaak aber bat den HERRN für seine Frau, denn sie war unfruchtbar; und der HERR ließ sich von ihm erbitten, und seine Frau Rebekka ward guter Hoffnung."
Gen.25.22,37,Schoß,spelling-context,Kontextabhängige Schreibung/modernes Homograph; unverändert prüfen.,"Und die Kinder stießen sich in ihrem Schoß. Da sprach sie: Wenn es so gehen soll, warum bin ich denn in diesen Zustand gekommen? Und sie ging hin, den HERRN zu fragen.","Und die Kinder stießen sich in ihrem Schoß. Da sprach sie: Wenn es so gehen soll, warum bin ich denn in diesen Zustand gekommen? Und sie ging hin, den HERRN zu fragen."
Gen.25.23,55,Schoß,spelling-context,Kontextabhängige Schreibung/modernes Homograph; unverändert prüfen.,"Und der HERR sprach zu ihr: Zwei Völker sind in deinem Schoß, und zwei Stämme werden sich aus deinen Eingeweiden scheiden, und ein Volk wird dem andern überlegen sein, und der Ältere wird dem Jüngeren dienen.","Und der HERR sprach zu ihr: Zwei Völker sind in deinem Schoß, und zwei Stämme werden sich aus deinen Eingeweiden scheiden, und ein Volk wird dem andern überlegen sein, und der Ältere wird dem Jüngeren dienen."
Gen.26.7,45,Weibe,gender-agreement,Nominalgruppe regelbasiert angepasst; längere Pronomenbezüge/Satzkongruenz prüfen.,"Und da die Leute desselben Ortes nach seinem Weibe fragten, so sprach er: Sie ist meine Schwester. Denn er fürchtete sich zu sagen: Sie ist mein Weib, weil er dachte: Die Leute an diesem Ort möchten mich um Rebekkas willen töten; denn sie war schön von Angesicht.","Und da die Leute desselben Ortes nach seiner Frau fragten, so sprach er: Sie ist meine Schwester. Denn er fürchtete sich zu sagen: Sie ist meine Frau, weil er dachte: Die Leute an diesem Ort möchten mich um Rebekkas willen töten; denn sie war schön von Angesicht."
Gen.26.7,145,Weib,gender-agreement,Nominalgruppe regelbasiert angepasst; längere Pronomenbezüge/Satzkongruenz prüfen.,"Und da die Leute desselben Ortes nach seinem Weibe fragten, so sprach er: Sie ist meine Schwester. Denn er fürchtete sich zu sagen: Sie ist mein Weib, weil er dachte: Die Leute an diesem Ort möchten mich um Rebekkas willen töten; denn sie war schön von Angesicht.","Und da die Leute desselben Ortes nach seiner Frau fragten, so sprach er: Sie ist meine Schwester. Denn er fürchtete sich zu sagen: Sie ist meine Frau, weil er dachte: Die Leute an diesem Ort möchten mich um Rebekkas willen töten; denn sie war schön von Angesicht."
Gen.26.8,143,Weibe,gender-agreement,Nominalgruppe regelbasiert angepasst; längere Pronomenbezüge/Satzkongruenz prüfen.,"Da er sich aber längere Zeit daselbst aufhielt, sah Abimelech, der Philister König, durchs Fenster und bemerkte, daß Isaak scherzte mit seinem Weibe Rebekka.","Da er sich aber längere Zeit daselbst aufhielt, sah Abimelech, der Philister König, durchs Fenster und bemerkte, dass Isaak scherzte mit seiner Frau Rebekka."
Gen.26.9,60,Weib,gender-agreement,Nominalgruppe regelbasiert angepasst; längere Pronomenbezüge/Satzkongruenz prüfen.,"Da rief Abimelech den Isaak und sprach: Siehe, sie ist dein Weib! Wie durftest du sagen: »Sie ist meine Schwester?« Isaak antwortete ihm: Ich dachte, ich möchte vielleicht sterben müssen um ihretwillen.","Da rief Abimelech den Isaak und sprach: Siehe, sie ist deine Frau! Wie durftest du sagen: »Sie ist meine Schwester?« Isaak antwortete ihm: Ich dachte, ich möchte vielleicht sterben müssen um ihretwillen."
Gen.26.10,113,Weibe,gender-agreement,Nominalgruppe regelbasiert angepasst; längere Pronomenbezüge/Satzkongruenz prüfen.,"
        Abimelech 
        sprach: Warum hast du uns das getan? Wie leicht hätte jemand vom Volk sich zu deinem Weibe legen können, so hättest du eine Schuld auf uns gebracht!","
        Abimelech 
        sprach: Warum hast du uns das getan? Wie leicht hätte jemand vom Volk sich zu deiner Frau legen können, so hättest du eine Schuld auf uns gebracht!"
Gen.26.11,74,Weib,gender-agreement,Nominalgruppe regelbasiert angepasst; längere Pronomenbezüge/Satzkongruenz prüfen.,"Da gebot Abimelech dem ganzen Volke und sprach: Wer diesen Mann oder sein Weib antastet, der soll des Todes sterben!","Da gebot Abimelech dem ganzen Volke und sprach: Wer diesen Mann oder seine Frau antastet, der soll des Todes sterben!"
Gen.27.46,94,Weib,gender-agreement,Nominalgruppe regelbasiert angepasst; längere Pronomenbezüge/Satzkongruenz prüfen.,"Und Rebekka sprach zu Isaak: Es verdrießt mich zu leben mit den Töchtern Hets; wenn Jakob ein Weib nimmt von den Töchtern Hets, wie diese da, von den Töchtern des Landes, was soll mir das Leben!","Und Rebekka sprach zu Isaak: Es verdrießt mich zu leben mit den Töchtern Hets; wenn Jakob eine Frau nimmt von den Töchtern Hets, wie diese da, von den Töchtern des Landes, was soll mir das Leben!"
Gen.28.1,80,Weib,gender-agreement,Nominalgruppe regelbasiert angepasst; längere Pronomenbezüge/Satzkongruenz prüfen.,"Da rief Isaak den Jakob, segnete ihn und gebot ihm und sprach zu ihm: Nimm kein Weib von den Töchtern Kanaans.","Da rief Isaak den Jakob, segnete ihn und gebot ihm und sprach zu ihm: Nimm keine Frau von den Töchtern Kanaans."
Gen.28.2,118,Weib,gender-agreement,Nominalgruppe regelbasiert angepasst; längere Pronomenbezüge/Satzkongruenz prüfen.,"Mache dich auf und ziehe nach Mesopotamien, in das Haus Bethuels, des Vaters deiner Mutter, und nimm dir von dort ein Weib von den Töchtern Labans, des Bruders deiner Mutter.","Mache dich auf und ziehe nach Mesopotamien, in das Haus Bethuels, des Vaters deiner Mutter, und nimm dir von dort eine Frau von den Töchtern Labans, des Bruders deiner Mutter."
Gen.28.6,117,Weib,gender-agreement,Nominalgruppe regelbasiert angepasst; längere Pronomenbezüge/Satzkongruenz prüfen.,"Als nun Esau sah, daß Isaak den Jakob gesegnet und ihn nach Mesopotamien abgefertigt hatte, daß er sich von dort ein Weib hole, und daß er, indem er ihn segnete, ihm gebot und sprach: »Du sollst kein Weib von den Töchtern Kanaans nehmen«;","Als nun Esau sah, dass Isaak den Jakob gesegnet und ihn nach Mesopotamien abgefertigt hatte, dass er sich von dort eine Frau hole, und dass er, indem er ihn segnete, ihm gebot und sprach: »Du sollst keine Frau von den Töchtern Kanaans nehmen«;"
Gen.28.6,200,Weib,gender-agreement,Nominalgruppe regelbasiert angepasst; längere Pronomenbezüge/Satzkongruenz prüfen.,"Als nun Esau sah, daß Isaak den Jakob gesegnet und ihn nach Mesopotamien abgefertigt hatte, daß er sich von dort ein Weib hole, und daß er, indem er ihn segnete, ihm gebot und sprach: »Du sollst kein Weib von den Töchtern Kanaans nehmen«;","Als nun Esau sah, dass Isaak den Jakob gesegnet und ihn nach Mesopotamien abgefertigt hatte, dass er sich von dort eine Frau hole, und dass er, indem er ihn segnete, ihm gebot und sprach: »Du sollst keine Frau von den Töchtern Kanaans nehmen«;"
Gen.28.9,145,Weibe,gender-agreement,Nominalgruppe regelbasiert angepasst; längere Pronomenbezüge/Satzkongruenz prüfen.,"da ging Esau hin zu Ismael und nahm zu seinen Weibern noch Maalath hinzu, die Tochter Ismaels, des Sohnes Abrahams, die Schwester Nebajoths, zum Weibe.","da ging Esau hin zu Ismael und nahm zu seinen Frauen noch Maalath hinzu, die Tochter Ismaels, des Sohnes Abrahams, die Schwester Nebajoths, zur Frau."
Gen.29.21,67,Weib,gender-agreement,Nominalgruppe regelbasiert angepasst; längere Pronomenbezüge/Satzkongruenz prüfen.,"
        Und 
        Jakob 
        sprach zu Laban: Gib mir mein Weib, daß ich zu ihr komme, denn meine Zeit ist abgelaufen!","
        Und 
        Jakob 
        sprach zu Laban: Gib mir meine Frau, dass ich zu ihr komme, denn meine Zeit ist abgelaufen!"
Gen.29.28,98,Weibe,gender-agreement,Nominalgruppe regelbasiert angepasst; längere Pronomenbezüge/Satzkongruenz prüfen.,"
        Jakob 
        tat also und hielt die Woche aus. Da gab er ihm Rahel, seine Tochter, zum Weibe.","
        Jakob 
        tat also und hielt die Woche aus. Da gab er ihm Rahel, seine Tochter, zur Frau."
Gen.30.3,89,Schoß,spelling-context,Kontextabhängige Schreibung/modernes Homograph; unverändert prüfen.,"
        Sie aber sprach: Siehe, da ist meine Magd Bilha, komm zu ihr, daß sie in meinen Schoß gebäre, und ich doch durch sie Nachkommen erhalte!","
        Sie aber sprach: Siehe, da ist meine Magd Bilha, komm zu ihr, dass sie in meinen Schoß gebäre, und ich doch durch sie Nachkommen erhalte!"
Gen.30.4,36,Weibe,gender-agreement,Nominalgruppe regelbasiert angepasst; längere Pronomenbezüge/Satzkongruenz prüfen.,"Und sie gab ihm ihre Magd Bilha zum Weibe, und Jakob kam zu ihr.","Und sie gab ihm ihre Magd Bilha zur Frau, und Jakob kam zu ihr."
Gen.30.9,95,Weibe,gender-agreement,Nominalgruppe regelbasiert angepasst; längere Pronomenbezüge/Satzkongruenz prüfen.,"Als nun Lea sah, daß sie innehielt mit Gebären, nahm sie ihre Magd Silpa und gab sie Jakob zum Weibe.","Als nun Lea sah, dass sie innehielt mit Gebären, nahm sie ihre Magd Silpa und gab sie Jakob zur Frau."
Gen.34.4,97,Weibe,gender-agreement,Nominalgruppe regelbasiert angepasst; längere Pronomenbezüge/Satzkongruenz prüfen.,"
        Und 
        Sichem 
        sprach zu seinem Vater Hemor: Nimm mir dieses Mägdlein zum Weibe!","
        Und 
        Sichem 
        sprach zu seinem Vater Hemor: Nimm mir dieses Mägdlein zur Frau!"
Gen.34.8,112,Weibe,gender-agreement,Nominalgruppe regelbasiert angepasst; längere Pronomenbezüge/Satzkongruenz prüfen.,"
        Hemor aber redete mit ihnen und sprach: Mein Sohn Sichem hängt an eurer Tochter; gebt sie ihm doch zum Weibe!","
        Hemor aber redete mit ihnen und sprach: Mein Sohn Sichem hängt an eurer Tochter; gebt sie ihm doch zur Frau!"
Gen.34.12,85,sobald,spelling-context,Kontextabhängige Schreibung/modernes Homograph; unverändert prüfen.,"Mögt ihr von mir noch so viel Morgengabe und Geschenke verlangen, ich will es geben, sobald ihr es fordert; gebt mir nur das Mädchen zum Weibe!","Mögt ihr von mir noch so viel Morgengabe und Geschenke verlangen, ich will es geben, sobald ihr es fordert; gebt mir nur das Mädchen zur Frau!"
Gen.34.12,137,Weibe,gender-agreement,Nominalgruppe regelbasiert angepasst; längere Pronomenbezüge/Satzkongruenz prüfen.,"Mögt ihr von mir noch so viel Morgengabe und Geschenke verlangen, ich will es geben, sobald ihr es fordert; gebt mir nur das Mädchen zum Weibe!","Mögt ihr von mir noch so viel Morgengabe und Geschenke verlangen, ich will es geben, sobald ihr es fordert; gebt mir nur das Mädchen zur Frau!"
Gen.35.22,89,Kebsweib,spelling-context,Kontextabhängige Schreibung/modernes Homograph; unverändert prüfen.,"Es begab sich aber, während Israel in dem Lande wohnte, daß Ruben sich mit seines Vaters Kebsweib Bilha verging; und Israel vernahm es.","Es begab sich aber, während Israel in dem Lande wohnte, dass Ruben sich mit seines Vaters Kebsweib Bilha verging; und Israel vernahm es."
Gen.36.10,61,Weibes,gender-agreement,Nominalgruppe regelbasiert angepasst; längere Pronomenbezüge/Satzkongruenz prüfen.,"Und also hießen die Söhne Esaus: Eliphas, der Sohn Anas, des Weibes Esaus; Reguel, der Sohn Basmaths, des Weibes Esaus;","Und also hießen die Söhne Esaus: Eliphas, der Sohn Anas, der Frau Esaus; Reguel, der Sohn Basmaths, der Frau Esaus;"
Gen.36.10,106,Weibes,gender-agreement,Nominalgruppe regelbasiert angepasst; längere Pronomenbezüge/Satzkongruenz prüfen.,"Und also hießen die Söhne Esaus: Eliphas, der Sohn Anas, des Weibes Esaus; Reguel, der Sohn Basmaths, des Weibes Esaus;","Und also hießen die Söhne Esaus: Eliphas, der Sohn Anas, der Frau Esaus; Reguel, der Sohn Basmaths, der Frau Esaus;"
Gen.36.12,18,Kebsweib,spelling-context,Kontextabhängige Schreibung/modernes Homograph; unverändert prüfen.,"Und Timna war ein Kebsweib Eliphas, des Sohnes Esaus, die gebar dem Eliphas den Amalek. Das sind die Kinder von Ada, dem Weibe Esaus.","Und Timna war ein Kebsweib Eliphas, des Sohnes Esaus, die gebar dem Eliphas den Amalek. Das sind die Kinder von Ada, der Frau Esaus."
Gen.36.12,121,Weibe,gender-agreement,Nominalgruppe regelbasiert angepasst; längere Pronomenbezüge/Satzkongruenz prüfen.,"Und Timna war ein Kebsweib Eliphas, des Sohnes Esaus, die gebar dem Eliphas den Amalek. Das sind die Kinder von Ada, dem Weibe Esaus.","Und Timna war ein Kebsweib Eliphas, des Sohnes Esaus, die gebar dem Eliphas den Amalek. Das sind die Kinder von Ada, der Frau Esaus."
Gen.36.13,107,Weibe,gender-agreement,Nominalgruppe regelbasiert angepasst; längere Pronomenbezüge/Satzkongruenz prüfen.,"Aber die Kinder Reguels sind diese: Nahath, Serah, Schamma und Missa. Das sind die Kinder von Basmath, dem Weibe Esaus.","Aber die Kinder Reguels sind diese: Nahath, Serah, Schamma und Missa. Das sind die Kinder von Basmath, der Frau Esaus."
Gen.36.14,35,Weibe,gender-agreement,Nominalgruppe regelbasiert angepasst; längere Pronomenbezüge/Satzkongruenz prüfen.,"Die Kinder aber von Oholibama, dem Weibe Esaus, der Tochter der Ana, der Tochter Zibeons, die sie Esau gebar, sind diese: Jehusch, Jaelam und Korah.","Die Kinder aber von Oholibama, der Frau Esaus, der Tochter der Ana, der Tochter Zibeons, die sie Esau gebar, sind diese: Jehusch, Jaelam und Korah."
Gen.36.17,198,Weibes,gender-agreement,Nominalgruppe regelbasiert angepasst; längere Pronomenbezüge/Satzkongruenz prüfen.,"Und das sind die Kinder Reguels, des Sohnes Esaus: Der Fürst Nahat, der Fürst Serah, der Fürst Schamma, der Fürst Missa. Das sind die Fürsten von Reguel im Lande Edom und die Söhne der Basmath, des Weibes Esaus.","Und das sind die Kinder Reguels, des Sohnes Esaus: Der Fürst Nahat, der Fürst Serah, der Fürst Schamma, der Fürst Missa. Das sind die Fürsten von Reguel im Lande Edom und die Söhne der Basmath, der Frau Esaus."
Gen.36.18,36,Weibes,gender-agreement,Nominalgruppe regelbasiert angepasst; längere Pronomenbezüge/Satzkongruenz prüfen.,"Dies sind die Söhne Oholibamas, des Weibes Esaus: Der Fürst Jehusch, der Fürst Jaelam, der Fürst Korah. Das sind die Fürsten von Oholibama, der Tochter der Ana, des Weibes Esaus.","Dies sind die Söhne Oholibamas, der Frau Esaus: Der Fürst Jehusch, der Fürst Jaelam, der Fürst Korah. Das sind die Fürsten von Oholibama, der Tochter der Ana, der Frau Esaus."
Gen.36.18,165,Weibes,gender-agreement,Nominalgruppe regelbasiert angepasst; längere Pronomenbezüge/Satzkongruenz prüfen.,"Dies sind die Söhne Oholibamas, des Weibes Esaus: Der Fürst Jehusch, der Fürst Jaelam, der Fürst Korah. Das sind die Fürsten von Oholibama, der Tochter der Ana, des Weibes Esaus.","Dies sind die Söhne Oholibamas, der Frau Esaus: Der Fürst Jehusch, der Fürst Jaelam, der Fürst Korah. Das sind die Fürsten von Oholibama, der Tochter der Ana, der Frau Esaus."
Gen.36.39,103,Weib,gender-agreement,Nominalgruppe regelbasiert angepasst; längere Pronomenbezüge/Satzkongruenz prüfen.,"Als Baal-Hanan, Achbors Sohn, starb, ward Hadar König an seiner Statt; und seine Stadt hieß Pahu, sein Weib hieß Mehethabeel; eine Tochter der Mathred, der Tochter Mezahabs.","Als Baal-Hanan, Achbors Sohn, starb, ward Hadar König an seiner Statt; und seine Stadt hieß Pahu, seine Frau hieß Mehethabeel; eine Tochter der Mathred, der Tochter Mezahabs."
Gen.38.6,45,Weib,gender-agreement,Nominalgruppe regelbasiert angepasst; längere Pronomenbezüge/Satzkongruenz prüfen.,"Und Juda gab seinem erstgebornen Sohn Er ein Weib, die hieß Tamar.","Und Juda gab seinem erstgebornen Sohn Er eine Frau, die hieß Tamar."
Gen.38.8,47,Weib,gender-agreement,Nominalgruppe regelbasiert angepasst; längere Pronomenbezüge/Satzkongruenz prüfen.,"Da sprach Juda zu Onan: Komm zu deines Bruders Weib und vollziehe mit ihr die Pflichtehe, daß du deinem Bruder Samen erweckest!","Da sprach Juda zu Onan: Komm zu deines Bruders Frau und vollziehe mit ihr die Pflichtehe, dass du deinem Bruder Samen erweckest!"
Gen.38.9,101,Weib,gender-agreement,Nominalgruppe regelbasiert angepasst; längere Pronomenbezüge/Satzkongruenz prüfen.,"Da aber Onan wußte, daß der Same nicht sein eigen sein sollte, ließ er es, wenn er zu seines Bruders Weib ging, auf die Erde fallen und verderbte es, um seinem Bruder keinen Samen zu geben.","Da aber Onan wusste, dass der Same nicht sein eigen sein sollte, ließ er es, wenn er zu seines Bruders Frau ging, auf die Erde fallen und verderbte es, um seinem Bruder keinen Samen zu geben."
Gen.38.11,39,Weib,gender-agreement,Nominalgruppe regelbasiert angepasst; längere Pronomenbezüge/Satzkongruenz prüfen.,"Da sprach Juda zu Tamar, seines Sohnes Weib: Bleib als Witwe in deines Vaters Hause, bis mein Sohn Sela erwachsen ist! Denn er dachte, vielleicht könnte er auch sterben, wie seine Brüder. Also ging Tamar hin und blieb in ihres Vaters Hause.","Da sprach Juda zu Tamar, seines Sohnes Frau: Bleib als Witwe in deines Vaters Hause, bis mein Sohn Sela erwachsen ist! Denn er dachte, vielleicht könnte er auch sterben, wie seine Brüder. Also ging Tamar hin und blieb in ihres Vaters Hause."
Gen.38.12,65,Weib,gender-agreement,Nominalgruppe regelbasiert angepasst; längere Pronomenbezüge/Satzkongruenz prüfen.,"Als nun viele Tage verflossen waren, starb Schuas Tochter, Judas Weib. Und nachdem Juda ausgetrauert hatte, ging er hinauf zu seinen Schafherden gen Timna, er und Hira, sein Freund von Adullam.","Als nun viele Tage verflossen waren, starb Schuas Tochter, Judas Frau. Und nachdem Juda ausgetrauert hatte, ging er hinauf zu seinen Schafherden gen Timna, er und Hira, sein Freund von Adullam."
Gen.38.14,221,Weibe,gender-agreement,Nominalgruppe regelbasiert angepasst; längere Pronomenbezüge/Satzkongruenz prüfen.,"Da legte sie die Witwenkleider von sich, die sie trug, bedeckte sich mit einem Schleier und verhüllte sich und setzte sich ans Tor von Enaim, am Wege nach Timna. Denn sie sah, daß Sela erwachsen war und sie ihm nicht zum Weibe gegeben wurde.","Da legte sie die Witwenkleider von sich, die sie trug, bedeckte sich mit einem Schleier und verhüllte sich und setzte sich ans Tor von Enaim, am Wege nach Timna. Denn sie sah, dass Sela erwachsen war und sie ihm nicht zur Frau gegeben wurde."
Gen.38.16,118,Weib,gender-agreement,Nominalgruppe regelbasiert angepasst; längere Pronomenbezüge/Satzkongruenz prüfen.,"Und er machte sich zu ihr am Wege und sprach: Laß mich doch zu dir kommen! Denn er wußte nicht, daß sie seines Sohnes Weib war. Sie antwortete: Was willst du mir geben, daß du zu mir kommest?","Und er machte sich zu ihr am Wege und sprach: Lass mich doch zu dir kommen! Denn er wusste nicht, dass sie seines Sohnes Frau war. Sie antwortete: Was willst du mir geben, dass du zu mir kommest?"
Gen.38.20,100,Weibe,gender-agreement,Nominalgruppe regelbasiert angepasst; längere Pronomenbezüge/Satzkongruenz prüfen.,"
        Juda aber sandte den Ziegenbock durch seinen Freund, den Adullamiter, um das Pfand von dem Weibe zurückzuerhalten; aber er fand sie nicht.","
        Juda aber sandte den Ziegenbock durch seinen Freund, den Adullamiter, um das Pfand von der Frau zurückzuerhalten; aber er fand sie nicht."
Gen.39.7,61,Weib,gender-agreement,Nominalgruppe regelbasiert angepasst; längere Pronomenbezüge/Satzkongruenz prüfen.,"Es begab sich aber nach diesen Geschichten, daß seines Herrn Weib ihre Augen auf Joseph warf und zu ihm sprach: Schlaf bei mir!","Es begab sich aber nach diesen Geschichten, dass seines Herrn Frau ihre Augen auf Joseph warf und zu ihm sprach: Schlaf bei mir!"
Gen.39.8,40,Weibe,gender-agreement,Nominalgruppe regelbasiert angepasst; längere Pronomenbezüge/Satzkongruenz prüfen.,"Er aber weigerte sich und sprach zu dem Weibe seines Herrn: Siehe, mein Herr verläßt sich auf mich und kümmert sich um nichts, was im Hause vorgeht, und hat mir alles anvertraut, was ihm gehört;","Er aber weigerte sich und sprach zu der Frau seines Herrn: Siehe, mein Herr verlässt sich auf mich und kümmert sich um nichts, was im Hause vorgeht, und hat mir alles anvertraut, was ihm gehört;"
Gen.39.9,130,Weib,gender-agreement,Nominalgruppe regelbasiert angepasst; längere Pronomenbezüge/Satzkongruenz prüfen.,"es ist niemand größer in diesem Hause, als ich, und es gibt nichts, das er mir vorenthalten hätte, ausgenommen dich, weil du sein Weib bist! Wie sollte ich nun ein solch großes Übel tun und wider Gott sündigen?","es ist niemand größer in diesem Hause, als ich, und es gibt nichts, das er mir vorenthalten hätte, ausgenommen dich, weil du seine Frau bist! Wie sollte ich nun ein solch großes Übel tun und wider Gott sündigen?"
Gen.39.19,34,Weibes,gender-agreement,Nominalgruppe regelbasiert angepasst; längere Pronomenbezüge/Satzkongruenz prüfen.,"Als nun sein Herr die Rede seines Weibes hörte, daß sie sprach: So und so hat mir dein Knecht getan! da entbrannte sein Zorn.","Als nun sein Herr die Rede seiner Frau hörte, dass sie sprach: So und so hat mir dein Knecht getan! da entbrannte sein Zorn."
Gen.41.45,128,Weibe,gender-agreement,Nominalgruppe regelbasiert angepasst; längere Pronomenbezüge/Satzkongruenz prüfen.,"
        Und der Pharao nannte den Joseph Zaphenat-Paneach und gab ihm Asnath, die Tochter Potipheras, des Priesters zu On, zum Weibe.","
        Und der Pharao nannte den Joseph Zaphenat-Paneach und gab ihm Asnath, die Tochter Potipheras, des Priesters zu On, zur Frau."
Gen.43.15,46,soviel,spelling-context,Kontextabhängige Schreibung/modernes Homograph; unverändert prüfen.,"Da nahmen die Männer das Geschenk und doppelt soviel Geld in ihre Hand, und auch Benjamin, machten sich auf und reisten nach Ägypten und traten vor Joseph.","Da nahmen die Männer das Geschenk und doppelt soviel Geld in ihre Hand, und auch Benjamin, machten sich auf und reisten nach Ägypten und traten vor Joseph."
Gen.44.1,88,soviel,spelling-context,Kontextabhängige Schreibung/modernes Homograph; unverändert prüfen.,"Und Joseph befahl seinem Hofmeister und sprach: Fülle den Männern die Säcke mit Speise, soviel sie tragen mögen, und lege eines jeden Geld oben in seinen Sack;","Und Joseph befahl seinem Hofmeister und sprach: Fülle den Männern die Säcke mit Speise, soviel sie tragen mögen, und lege eines jeden Geld oben in seinen Sack;"
Gen.44.27,68,Weib,gender-agreement,Nominalgruppe regelbasiert angepasst; längere Pronomenbezüge/Satzkongruenz prüfen.,"Da sprach dein Knecht, unser Vater zu uns: Ihr wisset, daß mir mein Weib zwei Söhne geboren hat;","Da sprach dein Knecht, unser Vater zu uns: Ihr wisset, dass mir meine Frau zwei Söhne geboren hat;"
Gen.46.10,96,Weibe,gender-agreement,Nominalgruppe regelbasiert angepasst; längere Pronomenbezüge/Satzkongruenz prüfen.,"Die Kinder Simeons: Jemuel, Jamin, Ohad, Jachin, Zohar und Saul, der Sohn von dem kanaanäischen Weibe.","Die Kinder Simeons: Jemuel, Jamin, Ohad, Jachin, Zohar und Saul, der Sohn von der kanaanäischen Frau."
Gen.46.19,23,Weibes,gender-agreement,Nominalgruppe regelbasiert angepasst; längere Pronomenbezüge/Satzkongruenz prüfen.,"Die Kinder Rahels, des Weibes Jakobs: Joseph und Benjamin.","Die Kinder Rahels, der Frau Jakobs: Joseph und Benjamin."
Gen.49.31,34,Weib,gender-agreement,Nominalgruppe regelbasiert angepasst; längere Pronomenbezüge/Satzkongruenz prüfen.,"Daselbst hat man Abraham und sein Weib Sarah begraben, desgleichen Isaak und sein Weib Rebekka, und dort habe ich auch Lea begraben;","Daselbst hat man Abraham und seine Frau Sarah begraben, desgleichen Isaak und seine Frau Rebekka, und dort habe ich auch Lea begraben;"
Gen.49.31,82,Weib,gender-agreement,Nominalgruppe regelbasiert angepasst; längere Pronomenbezüge/Satzkongruenz prüfen.,"Daselbst hat man Abraham und sein Weib Sarah begraben, desgleichen Isaak und sein Weib Rebekka, und dort habe ich auch Lea begraben;","Daselbst hat man Abraham und seine Frau Sarah begraben, desgleichen Isaak und seine Frau Rebekka, und dort habe ich auch Lea begraben;"
Exod.2.2,8,Weib,gender-agreement,Nominalgruppe regelbasiert angepasst; längere Pronomenbezüge/Satzkongruenz prüfen.,"Und das Weib empfing und gebar einen Sohn. Und als sie sah, daß er schön war, verbarg sie ihn drei Monate lang.","Und die Frau empfing und gebar einen Sohn. Und als sie sah, dass er schön war, verbarg sie ihn drei Monate lang."
Exod.2.9,113,Weib,gender-agreement,Nominalgruppe regelbasiert angepasst; längere Pronomenbezüge/Satzkongruenz prüfen.,"Da sprach des Pharao Tochter zu ihr: Nimm das Kindlein hin und säuge es mir, ich will dir deinen Lohn geben! Das Weib nahm das Kind und säugte es.","Da sprach des Pharao Tochter zu ihr: Nimm das Kindlein hin und säuge es mir, ich will dir deinen Lohn geben! Die Frau nahm das Kind und säugte es."
Exod.3.22,18,Weib,gender-agreement,Nominalgruppe regelbasiert angepasst; längere Pronomenbezüge/Satzkongruenz prüfen.,sondern ein jedes Weib soll von ihrer Nachbarin und Hausgenossin silberne und goldene Geschirre und Kleider fordern; die sollt ihr auf eure Söhne und Töchter legen und Ägypten berauben.,sondern ein jede Frau soll von ihrer Nachbarin und Hausgenossin silberne und goldene Geschirre und Kleider fordern; die sollt ihr auf eure Söhne und Töchter legen und Ägypten berauben.
Exod.4.20,20,Weib,gender-agreement,Nominalgruppe regelbasiert angepasst; längere Pronomenbezüge/Satzkongruenz prüfen.,Also nahm Mose sein Weib und seine Söhne und ließ sie auf einem Esel reiten und zog wieder nach Ägypten. Mose nahm auch den Stab Gottes in die Hand.,Also nahm Mose seine Frau und seine Söhne und ließ sie auf einem Esel reiten und zog wieder nach Ägypten. Mose nahm auch den Stab Gottes in die Hand.
Exod.6.15,103,Weibes,gender-agreement,Nominalgruppe regelbasiert angepasst; längere Pronomenbezüge/Satzkongruenz prüfen.,"Die Kinder Simeons sind diese: Jemuel, Jamin, Ohad, Jachim, Zohar und Saul, der Sohn des kanaanäischen Weibes. Das sind die Geschlechter Simeons.","Die Kinder Simeons sind diese: Jemuel, Jamin, Ohad, Jachim, Zohar und Saul, der Sohn der kanaanäischen Frau. Das sind die Geschlechter Simeons."
Exod.6.20,39,Weibe,gender-agreement,Nominalgruppe regelbasiert angepasst; längere Pronomenbezüge/Satzkongruenz prüfen.,"Und Amram nahm seine Base Jochebed zum Weibe, die gebar ihm den Aaron und den Mose. Und Amram ward hundertsiebenunddreißig Jahre alt.","Und Amram nahm seine Base Jochebed zur Frau, die gebar ihm den Aaron und den Mose. Und Amram ward hundertsiebenunddreißig Jahre alt."
Exod.6.23,29,Weibe,gender-agreement,Nominalgruppe regelbasiert angepasst; längere Pronomenbezüge/Satzkongruenz prüfen.,"
        Aaron aber nahm zum Weibe Eliseba, die Tochter Amminadabs, Nahassons Schwester, die gebar ihm den Nadab und den Abihu, den Eleasar und den Itamar.","
        Aaron aber nahm zur Frau Eliseba, die Tochter Amminadabs, Nahassons Schwester, die gebar ihm den Nadab und den Abihu, den Eleasar und den Itamar."
Exod.6.25,50,Weib,gender-agreement,Nominalgruppe regelbasiert angepasst; längere Pronomenbezüge/Satzkongruenz prüfen.,"
        Eleasar aber, Aarons Sohn, nahm sich ein Weib von den Töchtern Putiels, die gebar ihm den Pinehas. Das sind die Häupter unter den Vätern der Leviten nach ihren Geschlechtern.","
        Eleasar aber, Aarons Sohn, nahm sich eine Frau von den Töchtern Putiels, die gebar ihm den Pinehas. Das sind die Häupter unter den Vätern der Leviten nach ihren Geschlechtern."
Exod.9.23,108,schoß,spelling-context,Kontextabhängige Schreibung/modernes Homograph; unverändert prüfen.,"Also streckte Mose seinen Stab gen Himmel. Und der HERR ließ donnern und hageln, daß das Feuer auf die Erde schoß. Und der HERR ließ Hagel regnen auf Ägyptenland.","Also streckte Mose seinen Stab gen Himmel. Und der HERR ließ donnern und hageln, dass das Feuer auf die Erde schoß. Und der HERR ließ Hagel regnen auf Ägyptenland."
Exod.16.16,97,soviel,spelling-context,Kontextabhängige Schreibung/modernes Homograph; unverändert prüfen.,"
        Das 
        ist aber der Befehl, welchen der HERR gegeben hat: Ein jeder sammle davon, soviel er essen mag, einen Gomer für den Kopf, nach der Zahl eurer Seelen; ein jeder nehme für die, die in seiner Hütte sind.","
        Das 
        ist aber der Befehl, welchen der HERR gegeben hat: Ein jeder sammle davon, soviel er essen mag, einen Gomer für den Kopf, nach der Zahl eurer Seelen; ein jeder nehme für die, die in seiner Hütte sind."
Exod.16.18,190,soviel,spelling-context,Kontextabhängige Schreibung/modernes Homograph; unverändert prüfen.,"Aber als man es mit dem Gomer maß, hatte der, welcher viel gesammelt hatte, keinen Überfluß, und dem, der wenig gesammelt hatte, mangelte nichts, sondern ein jeder hatte für sich gesammelt, soviel er essen mochte.","Aber als man es mit dem Gomer maß, hatte der, welcher viel gesammelt hatte, keinen Überfluss, und dem, der wenig gesammelt hatte, mangelte nichts, sondern ein jeder hatte für sich gesammelt, soviel er essen mochte."
Exod.16.21,55,soviel,spelling-context,Kontextabhängige Schreibung/modernes Homograph; unverändert prüfen.,"Sie sammelten aber von demselben alle Morgen für sich, soviel ein jeder essen mochte; wenn aber die Sonne heiß schien, zerschmolz es.","Sie sammelten aber von demselben alle Morgen für sich, soviel ein jeder essen mochte; wenn aber die Sonne heiß schien, zerschmolz es."
Exod.18.2,70,Weib,gender-agreement,Nominalgruppe regelbasiert angepasst; längere Pronomenbezüge/Satzkongruenz prüfen.,"
        nahm 
        Jethro, Moses Schwiegervater, die Zippora, das Weib Moses, die er zurückgesandt hatte,","
        nahm 
        Jethro, Moses Schwiegervater, die Zippora, die Frau Moses, die er zurückgesandt hatte,"
Exod.18.5,77,Weib,gender-agreement,Nominalgruppe regelbasiert angepasst; längere Pronomenbezüge/Satzkongruenz prüfen.,"
        und 
        Jethro, Moses Schwiegervater, und seine Söhne und sein Weib kamen zu Mose in die Wüste, als er sich an dem Berge Gottes gelagert hatte.","
        und 
        Jethro, Moses Schwiegervater, und seine Söhne und seine Frau kamen zu Mose in die Wüste, als er sich an dem Berge Gottes gelagert hatte."
Exod.18.6,87,Weib,gender-agreement,Nominalgruppe regelbasiert angepasst; längere Pronomenbezüge/Satzkongruenz prüfen.,"Und er ließ Mose sagen: Ich, Jethro, dein Schwiegervater, bin zu dir gekommen und dein Weib und ihre beiden Söhne mit ihr.","Und er ließ Mose sagen: Ich, Jethro, dein Schwiegervater, bin zu dir gekommen und deine Frau und ihre beiden Söhne mit ihr."
Exod.19.15,78,Weibe,gender-agreement,Nominalgruppe regelbasiert angepasst; längere Pronomenbezüge/Satzkongruenz prüfen.,"Und er sprach zum Volk: Seid bereit auf den dritten Tag, keiner nahe sich zum Weibe!","Und er sprach zum Volk: Seid bereit auf den dritten Tag, keiner nahe sich zur Frau!"
Exod.20.17,88,Weibes,gender-agreement,Nominalgruppe regelbasiert angepasst; längere Pronomenbezüge/Satzkongruenz prüfen.,"Laß dich nicht gelüsten deines Nächsten Hauses! Laß dich nicht gelüsten deines Nächsten Weibes, noch seines Knechtes, noch seiner Magd, noch seines Ochsen, noch seines Esels, noch alles dessen, was dein Nächster hat!","Lass dich nicht gelüsten deines Nächsten Hauses! Lass dich nicht gelüsten deines Nächsten Frau, noch seines Knechtes, noch seiner Magd, noch seines Ochsen, noch seines Esels, noch alles dessen, was dein Nächster hat!"
Exod.21.3,112,Weib,gender-agreement,Nominalgruppe regelbasiert angepasst; längere Pronomenbezüge/Satzkongruenz prüfen.,"Ist er allein gekommen, so soll er auch allein entlassen werden; ist er aber verehelicht gekommen, so soll sein Weib mit ihm ausgehen.","Ist er allein gekommen, so soll er auch allein entlassen werden; ist er aber verehelicht gekommen, so soll seine Frau mit ihm ausgehen."
Exod.21.4,27,Weib,gender-agreement,Nominalgruppe regelbasiert angepasst; längere Pronomenbezüge/Satzkongruenz prüfen.,"Hat ihm aber sein Herr ein Weib gegeben, und diese hat ihm Söhne oder Töchter geboren, so soll das Weib samt ihren Kindern seinem Herrn gehören; er aber soll allein entlassen werden.","Hat ihm aber sein Herr eine Frau gegeben, und diese hat ihm Söhne oder Töchter geboren, so soll die Frau samt ihren Kindern seinem Herrn gehören; er aber soll allein entlassen werden."
Exod.21.4,99,Weib,gender-agreement,Nominalgruppe regelbasiert angepasst; längere Pronomenbezüge/Satzkongruenz prüfen.,"Hat ihm aber sein Herr ein Weib gegeben, und diese hat ihm Söhne oder Töchter geboren, so soll das Weib samt ihren Kindern seinem Herrn gehören; er aber soll allein entlassen werden.","Hat ihm aber sein Herr eine Frau gegeben, und diese hat ihm Söhne oder Töchter geboren, so soll die Frau samt ihren Kindern seinem Herrn gehören; er aber soll allein entlassen werden."
Exod.21.5,62,Weib,gender-agreement,Nominalgruppe regelbasiert angepasst; längere Pronomenbezüge/Satzkongruenz prüfen.,"
        Spricht aber der Knecht: Ich habe meinen Herrn, mein Weib und meine Kinder lieb,","
        Spricht aber der Knecht: Ich habe meinen Herrn, meine Frau und meine Kinder lieb,"
Exod.21.19,12,soweit,spelling-context,Kontextabhängige Schreibung/modernes Homograph; unverändert prüfen.,"und wenn er soweit wieder hergestellt wird, daß er auf einen Stock gestützt ausgehen kann, so soll der, welcher ihn geschlagen hat, unschuldig sein; nur soll er ihn für die Versäumnis entschädigen und ihn vollständig heilen lassen.","und wenn er soweit wieder hergestellt wird, dass er auf einen Stock gestützt ausgehen kann, so soll der, welcher ihn geschlagen hat, unschuldig sein; nur soll er ihn für die Versäumnis entschädigen und ihn vollständig heilen lassen."
Exod.21.22,51,Weib,gender-agreement,Nominalgruppe regelbasiert angepasst; längere Pronomenbezüge/Satzkongruenz prüfen.,"Wenn Männer sich zanken und stoßen ein schwangeres Weib, daß eine Fehlgeburt entsteht, aber sonst kein Schade, so muß eine Geldstrafe erlegt werden, wie sie der Ehemann des Weibes festsetzt; und man soll sie auf richterliche Entscheidung hin geben.","Wenn Männer sich zanken und stoßen eine schwangere Frau, dass eine Fehlgeburt entsteht, aber sonst kein Schade, so muss eine Geldstrafe erlegt werden, wie sie der Ehemann der Frau festsetzt; und man soll sie auf richterliche Entscheidung hin geben."
Exod.21.22,173,Weibes,gender-agreement,Nominalgruppe regelbasiert angepasst; längere Pronomenbezüge/Satzkongruenz prüfen.,"Wenn Männer sich zanken und stoßen ein schwangeres Weib, daß eine Fehlgeburt entsteht, aber sonst kein Schade, so muß eine Geldstrafe erlegt werden, wie sie der Ehemann des Weibes festsetzt; und man soll sie auf richterliche Entscheidung hin geben.","Wenn Männer sich zanken und stoßen eine schwangere Frau, dass eine Fehlgeburt entsteht, aber sonst kein Schade, so muss eine Geldstrafe erlegt werden, wie sie der Ehemann der Frau festsetzt; und man soll sie auf richterliche Entscheidung hin geben."
Exod.21.30,75,soviel,spelling-context,Kontextabhängige Schreibung/modernes Homograph; unverändert prüfen.,"Wird ihm aber ein Lösegeld auferlegt, so soll er zur Erlösung seiner Seele soviel geben, als man ihm auferlegt.","Wird ihm aber ein Lösegeld auferlegt, so soll er zur Erlösung seiner Seele soviel geben, als man ihm auferlegt."
Exod.22.15,138,Eheweib,gender-agreement,Nominalgruppe regelbasiert angepasst; längere Pronomenbezüge/Satzkongruenz prüfen.,"Wenn ein Mann eine Jungfrau überredet, die noch unverlobt ist, und bei ihr liegt, so soll er sie sich durch Bezahlung des Kaufpreises zum Eheweib nehmen.","Wenn ein Mann eine Jungfrau überredet, die noch unverlobt ist, und bei ihr liegt, so soll er sie sich durch Bezahlung des Kaufpreises zur Ehefrau nehmen."
Exod.22.16,65,soviel,spelling-context,Kontextabhängige Schreibung/modernes Homograph; unverändert prüfen.,"Will aber ihr Vater sie ihm durchaus nicht geben, so soll er ihm soviel bezahlen, als der Kaufpreis für eine Jungfrau beträgt.","Will aber ihr Vater sie ihm durchaus nicht geben, so soll er ihm soviel bezahlen, als der Kaufpreis für eine Jungfrau beträgt."
Exod.36.6,91,Weib,gender-agreement,Nominalgruppe regelbasiert angepasst; längere Pronomenbezüge/Satzkongruenz prüfen.,"Da gebot Mose, daß man durch das Lager ausrufen und sagen ließe: Niemand, es sei Mann oder Weib, soll mehr etwas anfertigen zur Abgabe an das Heiligtum! Also ward dem Volke gewehrt zu bringen;","Da gebot Mose, dass man durch das Lager ausrufen und sagen ließe: Niemand, es sei Mann oder Frau, soll mehr etwas anfertigen zur Abgabe an das Heiligtum! Also ward dem Volke gewehrt zu bringen;"
Lev.5.7,19,soviel,spelling-context,Kontextabhängige Schreibung/modernes Homograph; unverändert prüfen.,"Kann er aber nicht soviel zusammenbringen, daß es zu einem Schäflein langt, so bringe er dem HERRN zu seinem Schuldopfer, das er schuldig ist, zwei Turteltauben oder zwei junge Tauben, eine zum Schuldopfer, die andere zum Brandopfer.","Kann er aber nicht soviel zusammenbringen, dass es zu einem Schäflein langt, so bringe er dem HERRN zu seinem Schuldopfer, das er schuldig ist, zwei Turteltauben oder zwei junge Tauben, eine zum Schuldopfer, die andere zum Brandopfer."
Lev.5.12,86,soviel,spelling-context,Kontextabhängige Schreibung/modernes Homograph; unverändert prüfen.,"
        Er soll es zum Priester bringen, und der Priester nehme eine Handvoll davon, soviel als zum Gedächtnis bestimmt ist, und verbrenne es auf dem Altar über dem Feuer des HERRN. Es ist ein Sündopfer.","
        Er soll es zum Priester bringen, und der Priester nehme eine Handvoll davon, soviel als zum Gedächtnis bestimmt ist, und verbrenne es auf dem Altar über dem Feuer des HERRN. Es ist ein Sündopfer."
Lev.12.2,9,Weib,gender-agreement,Nominalgruppe regelbasiert angepasst; längere Pronomenbezüge/Satzkongruenz prüfen.,"Wenn ein Weib fruchtbar wird und ein Knäblein gebiert, so soll sie sieben Tage lang unrein sein, ebenso lange wie sie unrein ist, wenn sie unwohl wird, soll sie unrein sein.","Wenn eine Frau fruchtbar wird und ein Knäblein gebiert, so soll sie sieben Tage lang unrein sein, ebenso lange wie sie unrein ist, wenn sie unwohl wird, soll sie unrein sein."
Lev.13.3,214,sobald,spelling-context,Kontextabhängige Schreibung/modernes Homograph; unverändert prüfen.,"Und wenn der Priester das Mal an der Haut seines Fleisches besieht und findet, daß die Haare im Mal weiß geworden sind, und daß das Mal tieferliegend erscheint als die Haut seines Fleisches, so ist es der Aussatz; sobald der Priester das sieht, soll er ihn für unrein erklären!","Und wenn der Priester das Mal an der Haut seines Fleisches besieht und findet, dass die Haare im Mal weiß geworden sind, und dass das Mal tieferliegend erscheint als die Haut seines Fleisches, so ist es der Aussatz; sobald der Priester das sieht, soll er ihn für unrein erklären!"
Lev.13.12,114,soweit,spelling-context,Kontextabhängige Schreibung/modernes Homograph; unverändert prüfen.,"Wenn aber der Aussatz an der Haut ausbricht und die ganze Haut des Betroffenen vom Kopf bis zu den Füßen bedeckt, soweit der Priester sehen kann,","Wenn aber der Aussatz an der Haut ausbricht und die ganze Haut des Betroffenen vom Kopf bis zu den Füßen bedeckt, soweit der Priester sehen kann,"
Lev.13.14,0,Sobald,spelling-context,Kontextabhängige Schreibung/modernes Homograph; unverändert prüfen.,"Sobald sich aber rohes Fleisch an ihm zeigt, so ist er unrein.","Sobald sich aber rohes Fleisch an ihm zeigt, so ist er unrein."
Lev.13.29,23,Weib,gender-agreement,Nominalgruppe regelbasiert angepasst; längere Pronomenbezüge/Satzkongruenz prüfen.,"Wenn ein Mann oder ein Weib auf dem Haupt oder am Bart ein Mal hat,","Wenn ein Mann oder eine Frau auf dem Haupt oder am Bart ein Mal hat,"
Lev.13.38,37,Weibe,gender-agreement,Nominalgruppe regelbasiert angepasst; längere Pronomenbezüge/Satzkongruenz prüfen.,"Wenn sich bei einem Manne oder einem Weibe an der Haut ihres Fleisches weiße Flecken zeigen,","Wenn sich bei einem Manne oder einer Frau an der Haut ihres Fleisches weiße Flecken zeigen,"
Lev.15.18,28,Weibe,gender-agreement,Nominalgruppe regelbasiert angepasst; längere Pronomenbezüge/Satzkongruenz prüfen.,"Und wenn ein Mann bei einem Weibe liegt, daß ihm der Same entgeht, so sollen sie sich mit Wasser baden und unrein sein bis zum Abend.","Und wenn ein Mann bei einer Frau liegt, dass ihm der Same entgeht, so sollen sie sich mit Wasser baden und unrein sein bis zum Abend."
Lev.15.19,9,Weib,gender-agreement,Nominalgruppe regelbasiert angepasst; längere Pronomenbezüge/Satzkongruenz prüfen.,"Wenn ein Weib ihres Fleisches Blutfluß hat, so soll sie sieben Tage lang in ihrer Unreinigkeit verbleiben. Wer sie anrührt, der bleibt unrein bis zum Abend.","Wenn eine Frau ihres Fleisches Blutfluss hat, so soll sie sieben Tage lang in ihrer Unreinigkeit verbleiben. Wer sie anrührt, der bleibt unrein bis zum Abend."
Lev.15.25,14,Weib,gender-agreement,Nominalgruppe regelbasiert angepasst; längere Pronomenbezüge/Satzkongruenz prüfen.,"Wenn aber ein Weib ihren Blutfluß eine lange Zeit hat, nicht nur zur gewöhnlichen Zeit, sondern auch über die gewöhnliche Zeit hinaus, so wird sie unrein sein während der ganzen Dauer ihres Flusses; wie in den Tagen ihrer Unreinigkeit soll sie auch dann unrein sein.","Wenn aber eine Frau ihren Blutfluss eine lange Zeit hat, nicht nur zur gewöhnlichen Zeit, sondern auch über die gewöhnliche Zeit hinaus, so wird sie unrein sein während der ganzen Dauer ihres Flusses; wie in den Tagen ihrer Unreinigkeit soll sie auch dann unrein sein."
Lev.15.33,115,Weib,gender-agreement,Nominalgruppe regelbasiert angepasst; längere Pronomenbezüge/Satzkongruenz prüfen.,"und über die, welche an ihrer Unreinigkeit leidet, und über solche, die einen Fluß haben, es sei ein Mann oder ein Weib, und über einen Mann, der bei einer Unreinen liegt.","und über die, welche an ihrer Unreinigkeit leidet, und über solche, die einen Fluss haben, es sei ein Mann oder eine Frau, und über einen Mann, der bei einer Unreinen liegt."
Lev.18.8,24,Weibes,gender-agreement,Nominalgruppe regelbasiert angepasst; längere Pronomenbezüge/Satzkongruenz prüfen.,Du sollst die Scham des Weibes deines Vaters nicht entblößen; denn es ist die Scham deines Vaters.,Du sollst die Scham der Frau deines Vaters nicht entblößen; denn es ist die Scham deines Vaters.
Lev.18.11,46,Weibes,gender-agreement,Nominalgruppe regelbasiert angepasst; längere Pronomenbezüge/Satzkongruenz prüfen.,"Du sollst die Scham der Tochter deines Vaters Weibes, die deinem Vater geboren und deine Schwester ist, nicht entblößen.","Du sollst die Scham der Tochter deines Vaters Frau, die deinem Vater geboren und deine Schwester ist, nicht entblößen."
Lev.18.14,89,Weibe,gender-agreement,Nominalgruppe regelbasiert angepasst; längere Pronomenbezüge/Satzkongruenz prüfen.,"Du sollst die Scham des Bruders deines Vaters nicht entblößen, du sollst nicht zu seinem Weibe gehen; denn sie ist deine Base.","Du sollst die Scham des Bruders deines Vaters nicht entblößen, du sollst nicht zu seiner Frau gehen; denn sie ist deine Base."
Lev.18.15,81,Weib,gender-agreement,Nominalgruppe regelbasiert angepasst; längere Pronomenbezüge/Satzkongruenz prüfen.,"Du sollst die Scham deiner Sohnsfrau nicht entblößen; denn sie ist deines Sohnes Weib, darum sollst du ihre Scham nicht entblößen.","Du sollst die Scham deiner Sohnsfrau nicht entblößen; denn sie ist deines Sohnes Frau, darum sollst du ihre Scham nicht entblößen."
Lev.18.16,24,Weibes,gender-agreement,Nominalgruppe regelbasiert angepasst; längere Pronomenbezüge/Satzkongruenz prüfen.,"Du sollst die Scham des Weibes deines Bruders nicht entblößen, denn es ist deines Bruders Scham.","Du sollst die Scham der Frau deines Bruders nicht entblößen, denn es ist deines Bruders Scham."
Lev.18.17,41,Weibes,gender-agreement,Nominalgruppe regelbasiert angepasst; längere Pronomenbezüge/Satzkongruenz prüfen.,"Du sollst nicht zugleich die Scham eines Weibes und ihrer Tochter entblößen, noch ihres Sohnes Tochter oder ihrer Tochter Tochter nehmen, ihre Scham zu entblößen; denn sie ist ihre nächste Blutsverwandte; es wäre eine Schandtat.","Du sollst nicht zugleich die Scham einer Frau und ihrer Tochter entblößen, noch ihres Sohnes Tochter oder ihrer Tochter Tochter nehmen, ihre Scham zu entblößen; denn sie ist ihre nächste Blutsverwandte; es wäre eine Schandtat."
Lev.18.18,25,Weib,gender-agreement,Nominalgruppe regelbasiert angepasst; längere Pronomenbezüge/Satzkongruenz prüfen.,"Du sollst auch nicht ein Weib zu ihrer Schwester hinzunehmen, wodurch Eifersucht erregt würde, wenn du ihre Scham entblößtest, während jene noch lebt.","Du sollst auch nicht eine Frau zu ihrer Schwester hinzunehmen, wodurch Eifersucht erregt würde, wenn du ihre Scham entblößtest, während jene noch lebt."
Lev.18.19,20,Weibe,gender-agreement,Nominalgruppe regelbasiert angepasst; längere Pronomenbezüge/Satzkongruenz prüfen.,"Du sollst nicht zum Weibe gehen während ihrer monatlichen Unreinigkeit, ihre Scham zu entblößen.","Du sollst nicht zur Frau gehen während ihrer monatlichen Unreinigkeit, ihre Scham zu entblößen."
Lev.18.20,31,Weib,gender-agreement,Nominalgruppe regelbasiert angepasst; längere Pronomenbezüge/Satzkongruenz prüfen.,"Auch sollst du deines Nächsten Weib keinen Beischlaf gewähren, sie zu besamen, daß du dich mit ihr verunreinigest.","Auch sollst du deines Nächsten Frau keinen Beischlaf gewähren, sie zu besamen, dass du dich mit ihr verunreinigest."
Lev.18.22,49,Weib,gender-agreement,Nominalgruppe regelbasiert angepasst; längere Pronomenbezüge/Satzkongruenz prüfen.,Du sollst bei keiner Mannsperson liegen wie beim Weib; denn das ist ein Greuel.,Du sollst bei keiner Mannsperson liegen wie bei der Frau; denn das ist ein Gräuel.
Lev.18.23,102,Weib,gender-agreement,Nominalgruppe regelbasiert angepasst; längere Pronomenbezüge/Satzkongruenz prüfen.,"Auch sollst du den Beischlaf mit keinem Vieh vollziehen, daß du dich mit ihm verunreinigest. Und kein Weib soll sich zur Begattung vor ein Vieh stellen; das wäre abscheulich!","Auch sollst du den Beischlaf mit keinem Vieh vollziehen, dass du dich mit ihm verunreinigest. Und keine Frau soll sich zur Begattung vor ein Vieh stellen; das wäre abscheulich!"
Lev.19.20,24,Weibe,gender-agreement,Nominalgruppe regelbasiert angepasst; längere Pronomenbezüge/Satzkongruenz prüfen.,"Wenn ein Mann bei einem Weibe liegt und sie beschläft, die eine Dienstmagd und einem andern versprochen, doch nicht losgekauft ist und die Freiheit nicht erlangt hat, die sollen gestraft werden, aber sie sollen nicht sterben; denn sie ist nicht frei gewesen.","Wenn ein Mann bei einer Frau liegt und sie beschläft, die eine Dienstmagd und einem andern versprochen, doch nicht losgekauft ist und die Freiheit nicht erlangt hat, die sollen gestraft werden, aber sie sollen nicht sterben; denn sie ist nicht frei gewesen."
Lev.20.10,36,Eheweib,gender-agreement,Nominalgruppe regelbasiert angepasst; längere Pronomenbezüge/Satzkongruenz prüfen.,"Wenn einer die Ehe bricht mit einem Eheweib, so sollen beide unbedingt sterben, der Ehebrecher und die Ehebrecherin, weil er mit seines Nächsten Weib die Ehe gebrochen hat.","Wenn einer die Ehe bricht mit einer Ehefrau, so sollen beide unbedingt sterben, der Ehebrecher und die Ehebrecherin, weil er mit seines Nächsten Frau die Ehe gebrochen hat."
Lev.20.10,145,Weib,gender-agreement,Nominalgruppe regelbasiert angepasst; längere Pronomenbezüge/Satzkongruenz prüfen.,"Wenn einer die Ehe bricht mit einem Eheweib, so sollen beide unbedingt sterben, der Ehebrecher und die Ehebrecherin, weil er mit seines Nächsten Weib die Ehe gebrochen hat.","Wenn einer die Ehe bricht mit einer Ehefrau, so sollen beide unbedingt sterben, der Ehebrecher und die Ehebrecherin, weil er mit seines Nächsten Frau die Ehe gebrochen hat."
Lev.20.11,31,Weibe,gender-agreement,Nominalgruppe regelbasiert angepasst; längere Pronomenbezüge/Satzkongruenz prüfen.,"
        Wer bei seines Vaters Weibe schläft, der hat die Scham seines Vaters entblößt; sie sollen beide unbedingt sterben; ihr Blut sei auf ihnen.","
        Wer bei seines Vaters Frau schläft, der hat die Scham seines Vaters entblößt; sie sollen beide unbedingt sterben; ihr Blut sei auf ihnen."
Lev.20.13,67,Weib,gender-agreement,Nominalgruppe regelbasiert angepasst; längere Pronomenbezüge/Satzkongruenz prüfen.,"Wenn ein Mann bei einer männlichen Person schläft, als wäre es ein Weib, die haben beide einen Greuel getan, und sie sollen unbedingt sterben; ihr Blut sei auf ihnen!","Wenn ein Mann bei einer männlichen Person schläft, als wäre es eine Frau, die haben beide einen Gräuel getan, und sie sollen unbedingt sterben; ihr Blut sei auf ihnen!"
Lev.20.14,16,Weib,gender-agreement,Nominalgruppe regelbasiert angepasst; längere Pronomenbezüge/Satzkongruenz prüfen.,"Wenn jemand ein Weib nimmt und ihre Mutter dazu, so ist das eine Schandtat; man soll ihn samt den beiden Weibern mit Feuer verbrennen, damit keine solche Schandtat unter euch sei.","Wenn jemand eine Frau nimmt und ihre Mutter dazu, so ist das eine Schandtat; man soll ihn samt den beiden Frauen mit Feuer verbrennen, damit keine solche Schandtat unter euch sei."
Lev.20.16,10,Weib,gender-agreement,Nominalgruppe regelbasiert angepasst; längere Pronomenbezüge/Satzkongruenz prüfen.,"Kommt ein Weib einem Vieh zu nahe, um sich mit ihm zu vermischen, so sollst du sie töten und das Vieh auch; sie sollen unbedingt sterben; ihr Blut sei auf ihnen!","Kommt eine Frau einem Vieh zu nahe, um sich mit ihm zu vermischen, so sollst du sie töten und das Vieh auch; sie sollen unbedingt sterben; ihr Blut sei auf ihnen!"
Lev.20.21,27,Weib,gender-agreement,Nominalgruppe regelbasiert angepasst; längere Pronomenbezüge/Satzkongruenz prüfen.,"Wenn jemand seines Bruders Weib nimmt, so ist das eine schändliche Tat; sie sollen kinderlos bleiben, weil er die Scham seines Bruders entblößt hat.","Wenn jemand seines Bruders Frau nimmt, so ist das eine schändliche Tat; sie sollen kinderlos bleiben, weil er die Scham seines Bruders entblößt hat."
Lev.20.27,39,Weib,gender-agreement,Nominalgruppe regelbasiert angepasst; längere Pronomenbezüge/Satzkongruenz prüfen.,"
        Wenn in einem Mann oder einem Weib ein Totenbeschwörer oder Wahrsagergeist steckt, so sollen sie unbedingt sterben. Man soll sie steinigen, ihr Blut sei auf ihnen!","
        Wenn in einem Mann oder einer Frau ein Totenbeschwörer oder Wahrsagergeist steckt, so sollen sie unbedingt sterben. Man soll sie steinigen, ihr Blut sei auf ihnen!"
Lev.21.3,100,Weib,gender-agreement,Nominalgruppe regelbasiert angepasst; längere Pronomenbezüge/Satzkongruenz prüfen.,"und an seiner Schwester, die noch eine Jungfrau ist, die ihm nahesteht, weil sie noch keines Mannes Weib gewesen ist, an dieser mag er sich verunreinigen.","und an seiner Schwester, die noch eine Jungfrau ist, die ihm nahesteht, weil sie noch keines Mannes Frau gewesen ist, an dieser mag er sich verunreinigen."
Lev.21.7,26,Weibe,gender-agreement,Nominalgruppe regelbasiert angepasst; längere Pronomenbezüge/Satzkongruenz prüfen.,"Sie sollen keine Hure zum Weibe nehmen, auch keine Entehrte, noch eine, die von ihrem Mann verstoßen ist; denn der Priester ist heilig seinem Gott.","Sie sollen keine Hure zur Frau nehmen, auch keine Entehrte, noch eine, die von ihrem Mann verstoßen ist; denn der Priester ist heilig seinem Gott."
Lev.21.13,26,Weibe,gender-agreement,Nominalgruppe regelbasiert angepasst; längere Pronomenbezüge/Satzkongruenz prüfen.,Er soll eine Jungfrau zum Weibe nehmen.,Er soll eine Jungfrau zur Frau nehmen.
Lev.21.14,141,Weibe,gender-agreement,Nominalgruppe regelbasiert angepasst; längere Pronomenbezüge/Satzkongruenz prüfen.,"Eine Witwe, oder eine Verstoßene, oder eine Entehrte, oder eine Hure soll er nicht nehmen; sondern eine Jungfrau aus seinem Volk soll er zum Weibe nehmen,","Eine Witwe, oder eine Verstoßene, oder eine Entehrte, oder eine Hure soll er nicht nehmen; sondern eine Jungfrau aus seinem Volk soll er zur Frau nehmen,"
Lev.22.12,49,Weib,gender-agreement,Nominalgruppe regelbasiert angepasst; längere Pronomenbezüge/Satzkongruenz prüfen.,"Wenn aber des Priesters Tochter eines Fremdlings Weib wird, soll sie nicht von dem Hebopfer des Heiligen essen.","Wenn aber des Priesters Tochter eines Fremdlings Frau wird, soll sie nicht von dem Hebopfer des Heiligen essen."
Lev.24.10,43,Weibes,gender-agreement,Nominalgruppe regelbasiert angepasst; längere Pronomenbezüge/Satzkongruenz prüfen.,"Es ging aber der Sohn eines israelitischen Weibes, der einen ägyptischen Vater hatte, unter den Kindern Israel aus und ein. Dieser Sohn des israelitischen Weibes und ein Israelite zankten im Lager miteinander.","Es ging aber der Sohn einer israelitischen Frau, der einen ägyptischen Vater hatte, unter den Kindern Israel aus und ein. Dieser Sohn der israelitischen Frau und ein Israelite zankten im Lager miteinander."
Lev.24.10,155,Weibes,gender-agreement,Nominalgruppe regelbasiert angepasst; längere Pronomenbezüge/Satzkongruenz prüfen.,"Es ging aber der Sohn eines israelitischen Weibes, der einen ägyptischen Vater hatte, unter den Kindern Israel aus und ein. Dieser Sohn des israelitischen Weibes und ein Israelite zankten im Lager miteinander.","Es ging aber der Sohn einer israelitischen Frau, der einen ägyptischen Vater hatte, unter den Kindern Israel aus und ein. Dieser Sohn der israelitischen Frau und ein Israelite zankten im Lager miteinander."
Lev.24.11,40,Weibes,gender-agreement,Nominalgruppe regelbasiert angepasst; längere Pronomenbezüge/Satzkongruenz prüfen.,"Da lästerte der Sohn des israelitischen Weibes den Namen Gottes und fluchte. Darum brachte man ihn zu Mose. Seine Mutter aber hieß Selomit und war die Tochter Dibris, vom Stamme Dan.","Da lästerte der Sohn der israelitischen Frau den Namen Gottes und fluchte. Darum brachte man ihn zu Mose. Seine Mutter aber hieß Selomit und war die Tochter Dibris, vom Stamme Dan."
Lev.27.4,16,Weib,gender-agreement,Nominalgruppe regelbasiert angepasst; längere Pronomenbezüge/Satzkongruenz prüfen.,"Ist es aber ein Weib, so sollst du sie auf dreißig Schekel schätzen.","Ist es aber eine Frau, so sollst du sie auf dreißig Schekel schätzen."
Lev.27.7,135,Weib,gender-agreement,Nominalgruppe regelbasiert angepasst; längere Pronomenbezüge/Satzkongruenz prüfen.,"Im Alter von sechzig aber und darüber sollst du ihn auf fünfzehn Schekel schätzen, wenn es ein Mann ist, auf zehn Schekel, wenn es ein Weib ist.","Im Alter von sechzig aber und darüber sollst du ihn auf fünfzehn Schekel schätzen, wenn es ein Mann ist, auf zehn Schekel, wenn es eine Frau ist."
Lev.27.8,21,soviel,spelling-context,Kontextabhängige Schreibung/modernes Homograph; unverändert prüfen.,"Vermag er aber nicht soviel zu bezahlen, wie du ihn schätzest, so soll er sich vor den Priester stellen, und der Priester soll ihn schätzen nach dem Vermögen dessen, der das Gelübde getan hat.","Vermag er aber nicht soviel zu bezahlen, wie du ihn schätzest, so soll er sich vor den Priester stellen, und der Priester soll ihn schätzen nach dem Vermögen dessen, der das Gelübde getan hat."
Num.5.6,23,Weib,gender-agreement,Nominalgruppe regelbasiert angepasst; längere Pronomenbezüge/Satzkongruenz prüfen.,Wenn ein Mann oder ein Weib irgend eine menschliche Sünde tut und sich damit am HERRN vergeht und die betreffende Seele eine Schuld auf sich lädt;,Wenn ein Mann oder eine Frau irgend eine menschliche Sünde tut und sich damit am HERRN vergeht und die betreffende Seele eine Schuld auf sich lädt;
Num.5.12,68,Weib,gender-agreement,Nominalgruppe regelbasiert angepasst; längere Pronomenbezüge/Satzkongruenz prüfen.,"
        Sage den Kindern Israel und sprich zu ihnen: Wenn jemandes Weib sich verginge und ihm untreu würde, und jemand sie beschliefe,","
        Sage den Kindern Israel und sprich zu ihnen: Wenn jemandes Frau sich verginge und ihm untreu würde, und jemand sie beschliefe,"
Num.5.14,62,Weib,gender-agreement,Nominalgruppe regelbasiert angepasst; längere Pronomenbezüge/Satzkongruenz prüfen.,"und es käme über ihn ein Geist der Eifersucht, daß er um sein Weib eiferte, weil sie unrein geworden ist (oder wenn der Eifersuchtsgeist über ihn käme, daß er um sein Weib eiferte, ob sie schon nicht unrein geworden ist)","und es käme über ihn ein Geist der Eifersucht, dass er um seine Frau eiferte, weil sie unrein geworden ist (oder wenn der Eifersuchtsgeist über ihn käme, dass er um seine Frau eiferte, ob sie schon nicht unrein geworden ist)"
Num.5.14,167,Weib,gender-agreement,Nominalgruppe regelbasiert angepasst; längere Pronomenbezüge/Satzkongruenz prüfen.,"und es käme über ihn ein Geist der Eifersucht, daß er um sein Weib eiferte, weil sie unrein geworden ist (oder wenn der Eifersuchtsgeist über ihn käme, daß er um sein Weib eiferte, ob sie schon nicht unrein geworden ist)","und es käme über ihn ein Geist der Eifersucht, dass er um seine Frau eiferte, weil sie unrein geworden ist (oder wenn der Eifersuchtsgeist über ihn käme, dass er um seine Frau eiferte, ob sie schon nicht unrein geworden ist)"
Num.5.15,22,Weib,gender-agreement,Nominalgruppe regelbasiert angepasst; längere Pronomenbezüge/Satzkongruenz prüfen.,"so soll der Mann sein Weib zum Priester führen und um ihretwillen ein Opfer für sie bringen, ein Zehntel Epha Gerstenmehl; er soll aber kein Öl darauf gießen, noch Weihrauch darauf tun; denn es ist ein Eiferopfer und ein Gedächtnisopfer, das die Schuld ins Gedächtnis ruft.","so soll der Mann seine Frau zum Priester führen und um ihretwillen ein Opfer für sie bringen, ein Zehntel Epha Gerstenmehl; er soll aber kein Öl darauf gießen, noch Weihrauch darauf tun; denn es ist ein Eiferopfer und ein Gedächtnisopfer, das die Schuld ins Gedächtnis ruft."
Num.5.18,22,Weib,gender-agreement,Nominalgruppe regelbasiert angepasst; längere Pronomenbezüge/Satzkongruenz prüfen.,"
        und soll das Weib vor den HERRN stellen und ihr Haar auflösen und das Gedächtnisopfer, das ein Eiferopfer ist, auf ihre Hände legen. Und der Priester soll in seiner Hand das bittere, fluchbringende Wasser haben;","
        und soll die Frau vor den HERRN stellen und ihr Haar auflösen und das Gedächtnisopfer, das ein Eiferopfer ist, auf ihre Hände legen. Und der Priester soll in seiner Hand das bittere, fluchbringende Wasser haben;"
Num.5.19,25,Weib,gender-agreement,Nominalgruppe regelbasiert angepasst; längere Pronomenbezüge/Satzkongruenz prüfen.,"
        und er soll das Weib beschwören und zu ihr sagen: »Hat dich kein Mann beschlafen und hast du dich nicht vergangen und neben deinem Mann verunreinigt, so sollst du von diesem bitteren fluchbringenden Wasser unbeschädigt bleiben;","
        und er soll die Frau beschwören und zu ihr sagen: »Hat dich kein Mann beschlafen und hast du dich nicht vergangen und neben deinem Mann verunreinigt, so sollst du von diesem bitteren fluchbringenden Wasser unbeschädigt bleiben;"
Num.5.21,56,Weibe,gender-agreement,Nominalgruppe regelbasiert angepasst; längere Pronomenbezüge/Satzkongruenz prüfen.,"so soll der Priester in seinem Beschwörungsfluch zu dem Weibe sagen setze dich der HERR zum Fluch und zum Schwur unter deinem Volk, daß der HERR deine Hüfte schwinden und deinen Bauch anschwellen lasse!","so soll der Priester in seinem Beschwörungsfluch zu der Frau sagen setze dich der HERR zum Fluch und zum Schwur unter deinem Volk, dass der HERR deine Hüfte schwinden und deinen Bauch anschwellen lasse!"
Num.5.22,118,Weib,gender-agreement,Nominalgruppe regelbasiert angepasst; längere Pronomenbezüge/Satzkongruenz prüfen.,"So gehe nun dieses fluchbringende Wasser in deinen Leib, daß dein Bauch anschwelle und deine Hüfte schwinde!« Und das Weib soll sagen: Amen, Amen!","So gehe nun dieses fluchbringende Wasser in deinen Leib, dass dein Bauch anschwelle und deine Hüfte schwinde!« Und die Frau soll sagen: Amen, Amen!"
Num.5.24,16,Weibe,gender-agreement,Nominalgruppe regelbasiert angepasst; längere Pronomenbezüge/Satzkongruenz prüfen.,"Und er soll dem Weibe von dem bittern, fluchbringenden Wasser zu trinken geben, daß das fluchbringende Wasser in sie eindringe und ihr bitter sei.","Und er soll der Frau von dem bittern, fluchbringenden Wasser zu trinken geben, dass das fluchbringende Wasser in sie eindringe und ihr bitter sei."
Num.5.26,126,Weibe,gender-agreement,Nominalgruppe regelbasiert angepasst; längere Pronomenbezüge/Satzkongruenz prüfen.,"
        Und er soll eine Handvoll von dem Speisopfer nehmen, zum Gedächtnis, und es auf dem Altar verbrennen und darnach dem Weibe das Wasser zu trinken geben.","
        Und er soll eine Handvoll von dem Speisopfer nehmen, zum Gedächtnis, und es auf dem Altar verbrennen und darnach der Frau das Wasser zu trinken geben."
Num.5.27,255,Weib,gender-agreement,Nominalgruppe regelbasiert angepasst; längere Pronomenbezüge/Satzkongruenz prüfen.,"
        Und wenn sie das Wasser getrunken hat, so wird, wenn sie unrein geworden ist und sich an ihrem Mann vergangen hat, das fluchbringende Wasser in sie eindringen und sie vergiften, so daß ihr Bauch anschwellen und ihre Hüfte schwinden wird, und das Weib wird unter ihrem Volk ein Fluch sein.","
        Und wenn sie das Wasser getrunken hat, so wird, wenn sie unrein geworden ist und sich an ihrem Mann vergangen hat, das fluchbringende Wasser in sie eindringen und sie vergiften, so dass ihr Bauch anschwellen und ihre Hüfte schwinden wird, und die Frau wird unter ihrem Volk ein Fluch sein."
Num.5.28,13,Weib,gender-agreement,Nominalgruppe regelbasiert angepasst; längere Pronomenbezüge/Satzkongruenz prüfen.,"Ist aber das Weib nicht verunreinigt, sondern rein, so wird sie unbeschädigt bleiben, daß sie Samen empfangen kann.","Ist aber die Frau nicht verunreinigt, sondern rein, so wird sie unbeschädigt bleiben, dass sie Samen empfangen kann."
Num.5.29,34,Weib,gender-agreement,Nominalgruppe regelbasiert angepasst; längere Pronomenbezüge/Satzkongruenz prüfen.,"Das ist das Eifergesetz: Wenn ein Weib neben ihrem Manne ausschweift und unrein wird,","Das ist das Eifergesetz: Wenn eine Frau neben ihrem Manne ausschweift und unrein wird,"
Num.5.30,73,Weib,gender-agreement,Nominalgruppe regelbasiert angepasst; längere Pronomenbezüge/Satzkongruenz prüfen.,"oder wenn der Geist der Eifersucht über einen Mann kommt, daß er um sein Weib eifert, so soll er sie vor den HERRN stellen, daß der Priester gänzlich mit ihr verfahre nach diesem Gesetz.","oder wenn der Geist der Eifersucht über einen Mann kommt, dass er um seine Frau eifert, so soll er sie vor den HERRN stellen, dass der Priester gänzlich mit ihr verfahre nach diesem Gesetz."
Num.5.31,34,Weib,gender-agreement,Nominalgruppe regelbasiert angepasst; längere Pronomenbezüge/Satzkongruenz prüfen.,Dann ist der Mann unschuldig; das Weib aber hat ihre Schuld zu tragen.,Dann ist der Mann unschuldig; die Frau aber hat ihre Schuld zu tragen.
Num.6.2,23,Weib,gender-agreement,Nominalgruppe regelbasiert angepasst; längere Pronomenbezüge/Satzkongruenz prüfen.,"Wenn ein Mann oder ein Weib das besondere Gelübde eines Nasiräers tun will, um sich dem HERRN zu weihen,","Wenn ein Mann oder eine Frau das besondere Gelübde eines Nasiräers tun will, um sich dem HERRN zu weihen,"
Num.12.1,73,Weibes,gender-agreement,Nominalgruppe regelbasiert angepasst; längere Pronomenbezüge/Satzkongruenz prüfen.,"
        Mirjam aber und Aaron redeten wider Mose wegen des äthiopischen Weibes, das er genommen hatte; denn er hatte eine Äthiopierin zum Weibe genommen.","
        Mirjam aber und Aaron redeten wider Mose wegen des äthiopischen Frau, die er genommen hatte; denn er hatte eine Äthiopierin zur Frau genommen."
Num.12.1,139,Weibe,gender-agreement,Nominalgruppe regelbasiert angepasst; längere Pronomenbezüge/Satzkongruenz prüfen.,"
        Mirjam aber und Aaron redeten wider Mose wegen des äthiopischen Weibes, das er genommen hatte; denn er hatte eine Äthiopierin zum Weibe genommen.","
        Mirjam aber und Aaron redeten wider Mose wegen des äthiopischen Frau, die er genommen hatte; denn er hatte eine Äthiopierin zur Frau genommen."
Num.20.11,78,floß,spelling-context,Kontextabhängige Schreibung/modernes Homograph; unverändert prüfen.,Und Mose hob seine Hand auf und schlug den Felsen zweimal mit seinem Stab. Da floß viel Wasser heraus; und die Gemeinde und ihr Vieh tranken.,Und Mose hob seine Hand auf und schlug den Felsen zweimal mit seinem Stab. Da floß viel Wasser heraus; und die Gemeinde und ihr Vieh tranken.
Num.25.8,119,Weib,gender-agreement,Nominalgruppe regelbasiert angepasst; längere Pronomenbezüge/Satzkongruenz prüfen.,"und ging dem israelitischen Mann nach, hinein in das Gemach, und durchstach sie beide, den israelitischen Mann und das Weib, durch den Bauch. Da hörte die Plage auf von den Kindern Israel.","und ging dem israelitischen Mann nach, hinein in das Gemach, und durchstach sie beide, den israelitischen Mann und die Frau, durch den Bauch. Da hörte die Plage auf von den Kindern Israel."
Num.25.15,30,Weib,gender-agreement,Nominalgruppe regelbasiert angepasst; längere Pronomenbezüge/Satzkongruenz prüfen.,"Das erschlagene midianitische Weib aber hieß Kosbi; eine Tochter Zurs, der das Stammesoberhaupt eines Vaterhauses unter den Midianitern war.","Die erschlagene midianitische Frau aber hieß Kosbi; eine Tochter Zurs, der das Stammesoberhaupt eines Vaterhauses unter den Midianitern war."
Num.26.59,8,Weib,gender-agreement,Nominalgruppe regelbasiert angepasst; längere Pronomenbezüge/Satzkongruenz prüfen.,"Und das Weib Amrams hieß Jochebed, eine Tochter Levis, die ihm in Ägypten geboren war; und sie gebar dem Amram Aaron und Mose und ihre Schwester Mirjam.","Und die Frau Amrams hieß Jochebed, eine Tochter Levis, die ihm in Ägypten geboren war; und sie gebar dem Amram Aaron und Mose und ihre Schwester Mirjam."
Num.30.4,9,Weib,gender-agreement,Nominalgruppe regelbasiert angepasst; längere Pronomenbezüge/Satzkongruenz prüfen.,"Wenn ein Weib dem HERRN ein Gelübde tut und sich verpflichtet, solange sie noch eine Jungfrau in ihres Vaters Hause ist,","Wenn eine Frau dem HERRN ein Gelübde tut und sich verpflichtet, solange sie noch eine Jungfrau in ihres Vaters Hause ist,"
Num.30.17,82,Weibe,gender-agreement,Nominalgruppe regelbasiert angepasst; längere Pronomenbezüge/Satzkongruenz prüfen.,"Das sind die Rechte, die der HERR Mose geboten hat, eines Mannes gegenüber seinem Weibe und eines Vaters gegenüber seiner Tochter, solange sie noch eine Jungfrau in ihres Vaters Hause ist.","Das sind die Rechte, die der HERR Mose geboten hat, eines Mannes gegenüber seiner Frau und eines Vaters gegenüber seiner Tochter, solange sie noch eine Jungfrau in ihres Vaters Hause ist."
Deut.5.21,40,Weibes,gender-agreement,Nominalgruppe regelbasiert angepasst; längere Pronomenbezüge/Satzkongruenz prüfen.,"Laß dich nicht gelüsten deines Nächsten Weibes; laß dich nicht gelüsten deines Nächsten Hauses, noch seines Ackers, noch seines Knechtes, noch seiner Magd, noch seines Ochsen, noch seines Esels, noch alles dessen, was dein Nächster hat.","Lass dich nicht gelüsten deines Nächsten Frau; lass dich nicht gelüsten deines Nächsten Hauses, noch seines Ackers, noch seines Knechtes, noch seiner Magd, noch seines Ochsen, noch seines Esels, noch alles dessen, was dein Nächster hat."
Deut.13.7,87,Weib,gender-agreement,Nominalgruppe regelbasiert angepasst; längere Pronomenbezüge/Satzkongruenz prüfen.,"Wenn dich dein Bruder, deiner Mutter Sohn, oder dein Sohn, oder deine Tochter oder das Weib an deinem Busen, oder dein Freund, der dir wie deine Seele ist, heimlich überreden und sagen wollte:","Wenn dich dein Bruder, deiner Mutter Sohn, oder dein Sohn, oder deine Tochter oder die Frau an deinem Busen, oder dein Freund, der dir wie deine Seele ist, heimlich überreden und sagen wollte:"
Deut.17.2,97,Weib,gender-agreement,Nominalgruppe regelbasiert angepasst; längere Pronomenbezüge/Satzkongruenz prüfen.,"Wenn unter dir, in einem deiner Tore, die der HERR, dein Gott, dir geben wird, ein Mann oder ein Weib gefunden wird, welche tun, was vor den Augen des HERRN böse ist, so daß sie seinen Bund übertreten,","Wenn unter dir, in einem deiner Tore, die der HERR, dein Gott, dir geben wird, ein Mann oder eine Frau gefunden wird, welche tun, was vor den Augen des HERRN böse ist, so dass sie seinen Bund übertreten,"
Deut.17.5,35,Weib,gender-agreement,Nominalgruppe regelbasiert angepasst; längere Pronomenbezüge/Satzkongruenz prüfen.,"so sollst du jenen Mann oder jenes Weib, die solches Übel getan haben, zu deinen Toren hinausführen, den Mann oder das Weib, und sollst sie zu Tode steinigen.","so sollst du jenen Mann oder jene Frau, die solches Übel getan haben, zu deinen Toren hinausführen, den Mann oder die Frau, und sollst sie zu Tode steinigen."
Deut.17.5,119,Weib,gender-agreement,Nominalgruppe regelbasiert angepasst; längere Pronomenbezüge/Satzkongruenz prüfen.,"so sollst du jenen Mann oder jenes Weib, die solches Übel getan haben, zu deinen Toren hinausführen, den Mann oder das Weib, und sollst sie zu Tode steinigen.","so sollst du jenen Mann oder jene Frau, die solches Übel getan haben, zu deinen Toren hinausführen, den Mann oder die Frau, und sollst sie zu Tode steinigen."
Deut.20.7,28,Weibe,gender-agreement,Nominalgruppe regelbasiert angepasst; längere Pronomenbezüge/Satzkongruenz prüfen.,"
        Wer sich mit einem Weibe verlobt und sie noch nicht heimgeführt hat, der gehe hin und kehre wieder in sein Haus zurück, daß er nicht im Krieg umkomme und ein anderer sie heimführe.","
        Wer sich mit einer Frau verlobt und sie noch nicht heimgeführt hat, der gehe hin und kehre wieder in sein Haus zurück, dass er nicht im Krieg umkomme und ein anderer sie heimführe."
Deut.21.11,40,Weib,gender-agreement,Nominalgruppe regelbasiert angepasst; längere Pronomenbezüge/Satzkongruenz prüfen.,"und du unter den Gefangenen ein schönes Weib siehst und dich in sie verliebst und sie zum Weibe nimmst,","und du unter den Gefangenen eine schöne Frau siehst und dich in sie verliebst und sie zur Frau nimmst,"
Deut.21.11,90,Weibe,gender-agreement,Nominalgruppe regelbasiert angepasst; längere Pronomenbezüge/Satzkongruenz prüfen.,"und du unter den Gefangenen ein schönes Weib siehst und dich in sie verliebst und sie zum Weibe nimmst,","und du unter den Gefangenen eine schöne Frau siehst und dich in sie verliebst und sie zur Frau nimmst,"
Deut.21.13,196,Weib,gender-agreement,Nominalgruppe regelbasiert angepasst; längere Pronomenbezüge/Satzkongruenz prüfen.,"und die Kleider ihrer Gefangenschaft ablegen, und laß sie in deinem Hause wohnen und ihren Vater und ihre Mutter einen Monat lang beweinen; darnach komme zu ihr und nimm sie zur Ehe, daß sie dein Weib sei.","und die Kleider ihrer Gefangenschaft ablegen, und lass sie in deinem Hause wohnen und ihren Vater und ihre Mutter einen Monat lang beweinen; darnach komme zu ihr und nimm sie zur Ehe, dass sie deine Frau sei."
Deut.22.5,4,Weib,gender-agreement,Nominalgruppe regelbasiert angepasst; längere Pronomenbezüge/Satzkongruenz prüfen.,"Ein Weib soll keine Männertracht tragen, und ein Mann soll keine Weiberkleider anziehen; denn wer solches tut, ist dem HERRN, deinem Gott, ein Greuel.","Eine Frau soll keine Männertracht tragen, und ein Mann soll keine Weiberkleider anziehen; denn wer solches tut, ist dem HERRN, deinem Gott, ein Gräuel."
Deut.22.13,16,Weib,gender-agreement,Nominalgruppe regelbasiert angepasst; längere Pronomenbezüge/Satzkongruenz prüfen.,"Wenn jemand ein Weib nimmt und zu ihr kommt, hernach aber sie zu hassen beginnt","Wenn jemand eine Frau nimmt und zu ihr kommt, hernach aber sie zu hassen beginnt"
Deut.22.14,128,Weib,gender-agreement,Nominalgruppe regelbasiert angepasst; längere Pronomenbezüge/Satzkongruenz prüfen.,"
        und gegen sie den Vorwurf der Unzucht erhebt und sie in einen schlechten Ruf bringt, indem er spricht: Ich habe dieses Weib genommen; als ich ihr aber näher kam, habe ich sie nicht als Jungfrau erfunden;","
        und gegen sie den Vorwurf der Unzucht erhebt und sie in einen schlechten Ruf bringt, indem er spricht: Ich habe diese Frau genommen; als ich ihr aber näher kam, habe ich sie nicht als Jungfrau erfunden;"
Deut.22.16,93,Weibe,gender-agreement,Nominalgruppe regelbasiert angepasst; längere Pronomenbezüge/Satzkongruenz prüfen.,Und der Vater der Tochter soll zu den Ältesten sagen: Ich habe diesem Mann meine Tochter zum Weibe gegeben.,Und der Vater der Tochter soll zu den Ältesten sagen: Ich habe diesem Mann meine Tochter zur Frau gegeben.
Deut.22.19,170,Weibe,gender-agreement,Nominalgruppe regelbasiert angepasst; längere Pronomenbezüge/Satzkongruenz prüfen.,"und ihm eine Buße von hundert Schekel Silber auferlegen und dieselben dem Vater der Tochter geben, weil jener eine Jungfrau in Israel verleumdet hat; und er soll sie zum Weibe haben, er kann sie sein Leben lang nicht verstoßen.","und ihm eine Buße von hundert Schekel Silber auferlegen und dieselben dem Vater der Tochter geben, weil jener eine Jungfrau in Israel verleumdet hat; und er soll sie zur Frau haben, er kann sie sein Leben lang nicht verstoßen."
Deut.22.22,116,Weibe,gender-agreement,Nominalgruppe regelbasiert angepasst; längere Pronomenbezüge/Satzkongruenz prüfen.,"Wenn jemand ertappt wird, daß er bei einer verheirateten Frau liegt, so sollen beide sterben, der Mann, der bei dem Weibe gelegen, und das Weib. Also sollst du das Böse von Israel ausrotten.","Wenn jemand ertappt wird, dass er bei einer verheirateten Frau liegt, so sollen beide sterben, der Mann, der bei der Frau gelegen, und die Frau. Also sollst du das Böse von Israel ausrotten."
Deut.22.22,139,Weib,gender-agreement,Nominalgruppe regelbasiert angepasst; längere Pronomenbezüge/Satzkongruenz prüfen.,"Wenn jemand ertappt wird, daß er bei einer verheirateten Frau liegt, so sollen beide sterben, der Mann, der bei dem Weibe gelegen, und das Weib. Also sollst du das Böse von Israel ausrotten.","Wenn jemand ertappt wird, dass er bei einer verheirateten Frau liegt, so sollen beide sterben, der Mann, der bei der Frau gelegen, und die Frau. Also sollst du das Böse von Israel ausrotten."
Deut.22.24,219,Weib,gender-agreement,Nominalgruppe regelbasiert angepasst; längere Pronomenbezüge/Satzkongruenz prüfen.,"so sollt ihr sie beide zum Tor jener Stadt hinausführen und sollt sie beide steinigen, daß sie sterben: die Tochter darum, daß sie nicht geschrieen hat, weil sie in der Stadt war; den Mann darum, daß er seines Nächsten Weib geschwächt hat. Also sollst du das Böse von dir ausrotten.","so sollt ihr sie beide zum Tor jener Stadt hinausführen und sollt sie beide steinigen, dass sie sterben: die Tochter darum, dass sie nicht geschrieen hat, weil sie in der Stadt war; den Mann darum, dass er seines Nächsten Frau geschwächt hat. Also sollst du das Böse von dir ausrotten."
Deut.22.29,102,Weibe,gender-agreement,Nominalgruppe regelbasiert angepasst; längere Pronomenbezüge/Satzkongruenz prüfen.,"so soll der Mann, der bei der Tochter gelegen, ihrem Vater fünfzig Schekel geben, und er soll sie zum Weibe haben, weil er sie geschwächt hat; er kann sie nicht verstoßen sein Leben lang.","so soll der Mann, der bei der Tochter gelegen, ihrem Vater fünfzig Schekel geben, und er soll sie zur Frau haben, weil er sie geschwächt hat; er kann sie nicht verstoßen sein Leben lang."
Deut.23.1,45,Weib,gender-agreement,Nominalgruppe regelbasiert angepasst; längere Pronomenbezüge/Satzkongruenz prüfen.,"
        Niemand 
        soll seines Vaters Weib nehmen, damit er nicht seinen Vater entblöße.","
        Niemand 
        soll seines Vaters Frau nehmen, damit er nicht seinen Vater entblöße."
Deut.24.1,16,Weib,gender-agreement,Nominalgruppe regelbasiert angepasst; längere Pronomenbezüge/Satzkongruenz prüfen.,"Wenn jemand ein Weib nimmt und sie ehelicht, und sie findet nicht Gnade vor seinen Augen, weil er etwas Schändliches an ihr gefunden hat, so soll er ihr einen Scheidebrief schreiben und ihr denselben in die Hand geben und sie aus seinem Hause entlassen.","Wenn jemand eine Frau nimmt und sie ehelicht, und sie findet nicht Gnade vor seinen Augen, weil er etwas Schändliches an ihr gefunden hat, so soll er ihr einen Scheidebrief schreiben und ihr denselben in die Hand geben und sie aus seinem Hause entlassen."
Deut.24.2,71,Weib,gender-agreement,Nominalgruppe regelbasiert angepasst; längere Pronomenbezüge/Satzkongruenz prüfen.,"Wenn sie dann sein Haus verlassen hat und hingegangen und eines andern Weib geworden ist,","Wenn sie dann sein Haus verlassen hat und hingegangen und eines andern Frau geworden ist,"
Deut.24.3,200,Weibe,gender-agreement,Nominalgruppe regelbasiert angepasst; längere Pronomenbezüge/Satzkongruenz prüfen.,"und derselbe andere Mann ihr auch gram wird, daß er einen Scheidebrief schreibt und ihr denselben in die Hand gibt und sie aus seinem Hause entläßt; oder wenn der andere Mann stirbt, der sie sich zum Weibe genommen hat","und derselbe andere Mann ihr auch gram wird, dass er einen Scheidebrief schreibt und ihr denselben in die Hand gibt und sie aus seinem Hause entlässt; oder wenn der andere Mann stirbt, der sie sich zur Frau genommen hat"
Deut.24.4,94,Weib,gender-agreement,Nominalgruppe regelbasiert angepasst; längere Pronomenbezüge/Satzkongruenz prüfen.,"so kann ihr erster Mann, der sie entlassen hat, sie nicht wieder nehmen, daß sie alsdann sein Weib sei, nachdem sie verunreinigt worden ist; denn das wäre ein Greuel vor dem HERRN; und du sollst das Land nicht mit Sünde beflecken, das dir der HERR, dein Gott, zum Erbe gegeben hat.","so kann ihr erster Mann, der sie entlassen hat, sie nicht wieder nehmen, dass sie alsdann seine Frau sei, nachdem sie verunreinigt worden ist; denn das wäre ein Gräuel vor dem HERRN; und du sollst das Land nicht mit Sünde beflecken, das dir der HERR, dein Gott, zum Erbe gegeben hat."
Deut.24.5,25,Weib,gender-agreement,Nominalgruppe regelbasiert angepasst; längere Pronomenbezüge/Satzkongruenz prüfen.,"Wenn jemand kürzlich ein Weib genommen hat, so soll er nicht in den Krieg ziehen, und man soll ihm nichts auflegen; er soll in seinem Hause ein Jahr lang frei sein, daß er sich seines Weibes erfreue, das er genommen hat.","Wenn jemand kürzlich eine Frau genommen hat, so soll er nicht in den Krieg ziehen, und man soll ihm nichts auflegen; er soll in seinem Hause ein Jahr lang frei sein, dass er sich seiner Frau erfreue, das er genommen hat."
Deut.24.5,184,Weibes,gender-agreement,Nominalgruppe regelbasiert angepasst; längere Pronomenbezüge/Satzkongruenz prüfen.,"Wenn jemand kürzlich ein Weib genommen hat, so soll er nicht in den Krieg ziehen, und man soll ihm nichts auflegen; er soll in seinem Hause ein Jahr lang frei sein, daß er sich seines Weibes erfreue, das er genommen hat.","Wenn jemand kürzlich eine Frau genommen hat, so soll er nicht in den Krieg ziehen, und man soll ihm nichts auflegen; er soll in seinem Hause ein Jahr lang frei sein, dass er sich seiner Frau erfreue, das er genommen hat."
Deut.25.5,81,Weib,gender-agreement,Nominalgruppe regelbasiert angepasst; längere Pronomenbezüge/Satzkongruenz prüfen.,"Wenn Brüder beieinander wohnen und einer von ihnen kinderlos stirbt, so soll das Weib des Verstorbenen nicht einen fremden Mann von auswärts nehmen, sondern ihr Schwager soll zu ihr kommen und sie zum Weibe nehmen und die Schwagerpflicht an ihr vollziehen.","Wenn Brüder beieinander wohnen und einer von ihnen kinderlos stirbt, so soll die Frau des Verstorbenen nicht einen fremden Mann von auswärts nehmen, sondern ihr Schwager soll zu ihr kommen und sie zur Frau nehmen und die Schwagerpflicht an ihr vollziehen."
Deut.25.5,201,Weibe,gender-agreement,Nominalgruppe regelbasiert angepasst; längere Pronomenbezüge/Satzkongruenz prüfen.,"Wenn Brüder beieinander wohnen und einer von ihnen kinderlos stirbt, so soll das Weib des Verstorbenen nicht einen fremden Mann von auswärts nehmen, sondern ihr Schwager soll zu ihr kommen und sie zum Weibe nehmen und die Schwagerpflicht an ihr vollziehen.","Wenn Brüder beieinander wohnen und einer von ihnen kinderlos stirbt, so soll die Frau des Verstorbenen nicht einen fremden Mann von auswärts nehmen, sondern ihr Schwager soll zu ihr kommen und sie zur Frau nehmen und die Schwagerpflicht an ihr vollziehen."
Deut.25.7,56,Weib,gender-agreement,Nominalgruppe regelbasiert angepasst; längere Pronomenbezüge/Satzkongruenz prüfen.,"
        Gefällt es aber dem Mann nicht, seines Bruders Weib zu nehmen, so soll seines Bruders Weib hinaufgehen unter das Tor zu den Ältesten und sagen: Mein Schwager weigert sich, seinem Bruder einen Namen in Israel zu erwecken und will mir die Schwagerpflicht nicht leisten.","
        Gefällt es aber dem Mann nicht, seines Bruders Frau zu nehmen, so soll seines Bruders Frau hinaufgehen unter das Tor zu den Ältesten und sagen: Mein Schwager weigert sich, seinem Bruder einen Namen in Israel zu erwecken und will mir die Schwagerpflicht nicht leisten."
Deut.25.7,95,Weib,gender-agreement,Nominalgruppe regelbasiert angepasst; längere Pronomenbezüge/Satzkongruenz prüfen.,"
        Gefällt es aber dem Mann nicht, seines Bruders Weib zu nehmen, so soll seines Bruders Weib hinaufgehen unter das Tor zu den Ältesten und sagen: Mein Schwager weigert sich, seinem Bruder einen Namen in Israel zu erwecken und will mir die Schwagerpflicht nicht leisten.","
        Gefällt es aber dem Mann nicht, seines Bruders Frau zu nehmen, so soll seines Bruders Frau hinaufgehen unter das Tor zu den Ältesten und sagen: Mein Schwager weigert sich, seinem Bruder einen Namen in Israel zu erwecken und will mir die Schwagerpflicht nicht leisten."
Deut.25.9,23,Weib,gender-agreement,Nominalgruppe regelbasiert angepasst; längere Pronomenbezüge/Satzkongruenz prüfen.,"so soll seines Bruders Weib vor den Ältesten zu ihm treten und ihm seinen Schuh vom Fuße ziehen und ihm ins Angesicht speien und soll anheben und sagen: So soll man jedem Manne tun, der seines Bruders Haus nicht bauen will!","so soll seines Bruders Frau vor den Ältesten zu ihm treten und ihm seinen Schuh vom Fuße ziehen und ihm ins Angesicht speien und soll anheben und sagen: So soll man jedem Manne tun, der seines Bruders Haus nicht bauen will!"
Deut.25.11,51,Weib,gender-agreement,Nominalgruppe regelbasiert angepasst; längere Pronomenbezüge/Satzkongruenz prüfen.,"Wenn zwei Männer miteinander hadern, und des einen Weib läuft hinzu, um ihren Mann von der Hand dessen, der ihn schlägt, zu erretten, und streckt ihre Hand aus und ergreift ihn bei seiner Scham,","Wenn zwei Männer miteinander hadern, und des einen Frau läuft hinzu, um ihren Mann von der Hand dessen, der ihn schlägt, zu erretten, und streckt ihre Hand aus und ergreift ihn bei seiner Scham,"
Deut.27.3,4,sobald,spelling-context,Kontextabhängige Schreibung/modernes Homograph; unverändert prüfen.,"Und sobald du hinübergegangen bist, sollst du alle Worte dieses Gesetzes darauf schreiben, damit du in das Land hineinkommest, das der HERR, dein Gott, dir gibt, ein Land, das von Milch und Honig fließt, wie der HERR, der Gott deiner Väter, dir verheißen hat.","Und sobald du hinübergegangen bist, sollst du alle Worte dieses Gesetzes darauf schreiben, damit du in das Land hineinkommest, das der HERR, dein Gott, dir gibt, ein Land, das von Milch und Honig fließt, wie der HERR, der Gott deiner Väter, dir verheißen hat."
Deut.27.4,0,Sobald,spelling-context,Kontextabhängige Schreibung/modernes Homograph; unverändert prüfen.,"Sobald ihr nun den Jordan überschritten habt, sollt ihr diese Steine, wie ich euch gebiete, auf dem Berge Ebal aufrichten und mit Kalk tünchen.","Sobald ihr nun den Jordan überschritten habt, sollt ihr diese Steine, wie ich euch gebiete, auf dem Berge Ebal aufrichten und mit Kalk tünchen."
Deut.27.20,46,Weibe,gender-agreement,Nominalgruppe regelbasiert angepasst; längere Pronomenbezüge/Satzkongruenz prüfen.,"
        Verflucht sei, wer bei seines Vaters Weibe liegt; denn er hat seinen Vater entblößt! Und alles Volk soll sagen: Amen!","
        Verflucht sei, wer bei seines Vaters Frau liegt; denn er hat seinen Vater entblößt! Und alles Volk soll sagen: Amen!"
Deut.28.30,17,Weib,gender-agreement,Nominalgruppe regelbasiert angepasst; längere Pronomenbezüge/Satzkongruenz prüfen.,"Du wirst dir ein Weib vermählen, aber ein anderer wird sie beschlafen; du wirst ein Haus bauen, aber nicht darin wohnen; du wirst einen Weinberg pflanzen, aber nicht davon essen.","Du wirst dir eine Frau vermählen, aber ein anderer wird sie beschlafen; du wirst ein Haus bauen, aber nicht darin wohnen; du wirst einen Weinberg pflanzen, aber nicht davon essen."
Deut.28.54,97,Weibe,gender-agreement,Nominalgruppe regelbasiert angepasst; längere Pronomenbezüge/Satzkongruenz prüfen.,"Ein verzärtelter und arg verwöhnter Mann unter deinem Volk wird es alsdann seinem Bruder und dem Weibe an seinem Busen und dem Sohn, der von seinen Söhnen noch übrig ist, mißgönnen,","Ein verzärtelter und arg verwöhnter Mann unter deinem Volk wird es alsdann seinem Bruder und der Frau an seinem Busen und dem Sohn, der von seinen Söhnen noch übrig ist, mißgönnen,"
Deut.28.56,40,Weib,gender-agreement,Nominalgruppe regelbasiert angepasst; längere Pronomenbezüge/Satzkongruenz prüfen.,"Auch das verzärteltste und verwöhnteste Weib unter euch, das so verzärtelt und verwöhnt war, daß sie nicht einmal versucht hat, ihre Fußsohlen auf die Erde zu setzen, die wird dem Mann an ihrem Busen und ihrem Sohn und ihrer Tochter","Auch das verzärteltste und verwöhnteste Frau unter euch, das so verzärtelt und verwöhnt war, dass sie nicht einmal versucht hat, ihre Fußsohlen auf die Erde zu setzen, die wird dem Mann an ihrem Busen und ihrem Sohn und ihrer Tochter"
Deut.29.17,51,Weib,gender-agreement,Nominalgruppe regelbasiert angepasst; längere Pronomenbezüge/Satzkongruenz prüfen.,"Darum hütet euch, daß nicht etwa ein Mann oder ein Weib, ein Geschlecht oder ein Stamm unter euch sei, dessen Herz sich heute von dem HERRN, unserm Gott, abwende, und der hingehe, den Göttern dieser Völker zu dienen; daß nicht etwa eine Wurzel unter euch sei, die Gift und Wermut trage;","Darum hütet euch, dass nicht etwa ein Mann oder eine Frau, ein Geschlecht oder ein Stamm unter euch sei, dessen Herz sich heute von dem HERRN, unserm Gott, abwende, und der hingehe, den Göttern dieser Völker zu dienen; dass nicht etwa eine Wurzel unter euch sei, die Gift und Wermut trage;"
Josh.2.4,4,Weib,gender-agreement,Nominalgruppe regelbasiert angepasst; längere Pronomenbezüge/Satzkongruenz prüfen.,"Das Weib hatte die beiden Männer genommen und verborgen und sprach nun: Es sind freilich Männer zu mir hereingekommen; aber ich wußte nicht, von wannen sie waren;","Die Frau hatte die beiden Männer genommen und verborgen und sprach nun: Es sind freilich Männer zu mir hereingekommen; aber ich wusste nicht, von wannen sie waren;"
Josh.6.22,123,Weib,gender-agreement,Nominalgruppe regelbasiert angepasst; längere Pronomenbezüge/Satzkongruenz prüfen.,"Aber Josua sprach zu den beiden Männern, die das Land ausgekundschaftet hatten: Gehet in das Haus der Dirne und führet das Weib von dannen heraus samt allem, was sie hat, wie ihr derselben geschworen habt!","Aber Josua sprach zu den beiden Männern, die das Land ausgekundschaftet hatten: Gehet in das Haus der Dirne und führet die Frau von dannen heraus samt allem, was sie hat, wie ihr derselben geschworen habt!"
Josh.15.16,94,Eheweib,gender-agreement,Nominalgruppe regelbasiert angepasst; längere Pronomenbezüge/Satzkongruenz prüfen.,"Und Kaleb sprach: Wer Kirjat-Sepher schlägt und erobert, dem will ich meine Tochter Achsa zum Eheweib geben!","Und Kaleb sprach: Wer Kirjat-Sepher schlägt und erobert, dem will ich meine Tochter Achsa zur Ehefrau geben!"
Josh.15.17,97,Eheweib,gender-agreement,Nominalgruppe regelbasiert angepasst; längere Pronomenbezüge/Satzkongruenz prüfen.,"Da gewann sie Otniel, der Sohn Kenas, des Bruders Kalebs; und er gab ihm seine Tochter Achsa zum Eheweib.","Da gewann sie Otniel, der Sohn Kenas, des Bruders Kalebs; und er gab ihm seine Tochter Achsa zur Ehefrau."
Judg.1.12,94,Weibe,gender-agreement,Nominalgruppe regelbasiert angepasst; längere Pronomenbezüge/Satzkongruenz prüfen.,"Und Kaleb sprach: Wer Kirjat-Sepher schlägt und erobert, dem will ich meine Tochter Achsa zum Weibe geben!","Und Kaleb sprach: Wer Kirjat-Sepher schlägt und erobert, dem will ich meine Tochter Achsa zur Frau geben!"
Judg.1.13,95,Weibe,gender-agreement,Nominalgruppe regelbasiert angepasst; längere Pronomenbezüge/Satzkongruenz prüfen.,"Da gewann sie Otniel, der Sohn Kenas, Kalebs jüngerer Bruder. Und er gab ihm seine Tochter zum Weibe.","Da gewann sie Otniel, der Sohn Kenas, Kalebs jüngerer Bruder. Und er gab ihm seine Tochter zur Frau."
Judg.4.4,37,Weib,gender-agreement,Nominalgruppe regelbasiert angepasst; längere Pronomenbezüge/Satzkongruenz prüfen.,"
        Debora, eine Prophetin, das Weib Lapidots, richtete Israel zu jener Zeit.","
        Debora, eine Prophetin, die Frau Lapidots, richtete Israel zu jener Zeit."
Judg.4.9,153,Weibes,gender-agreement,Nominalgruppe regelbasiert angepasst; längere Pronomenbezüge/Satzkongruenz prüfen.,"Sie sprach: Ich will freilich mit dir gehen; aber der Ruhm des Weges, den du gehst, wird nicht dir zufallen; denn der HERR wird Sisera in die Hand eines Weibes übergeben. Also machte sich Debora auf und zog mit Barak gen Kedesch.","Sie sprach: Ich will freilich mit dir gehen; aber der Ruhm des Weges, den du gehst, wird nicht dir zufallen; denn der HERR wird Sisera in die Hand einer Frau übergeben. Also machte sich Debora auf und zog mit Barak gen Kedesch."
Judg.4.17,54,Weibes,gender-agreement,Nominalgruppe regelbasiert angepasst; längere Pronomenbezüge/Satzkongruenz prüfen.,"
        Sisera aber floh zu Fuß zum Zelte Jaels, des Weibes Hebers, des Keniters; denn Jabin, der König von Hazor, und das Haus Hebers, des Keniters, hatten Frieden miteinander.","
        Sisera aber floh zu Fuß zum Zelte Jaels, der Frau Hebers, des Keniters; denn Jabin, der König von Hazor, und das Haus Hebers, des Keniters, hatten Frieden miteinander."
Judg.4.21,18,Weib,gender-agreement,Nominalgruppe regelbasiert angepasst; längere Pronomenbezüge/Satzkongruenz prüfen.,"Da nahm Jael, das Weib Hebers, einen Zeltpflock und einen Hammer zur Hand und ging leise zu ihm hinein und schlug ihm den Pflock durch die Schläfe, so daß er in die Erde drang. Er aber war vor Müdigkeit fest eingeschlafen; und er starb.","Da nahm Jael, die Frau Hebers, einen Zeltpflock und einen Hammer zur Hand und ging leise zu ihm hinein und schlug ihm den Pflock durch die Schläfe, so dass er in die Erde drang. Er aber war vor Müdigkeit fest eingeschlafen; und er starb."
Judg.5.24,42,Weib,gender-agreement,Nominalgruppe regelbasiert angepasst; längere Pronomenbezüge/Satzkongruenz prüfen.,"Gepriesen sei Jael vor allen Weibern, das Weib Hebers, des Keniters; gepriesen sei sie vor allen Weibern im Zelte!","Gepriesen sei Jael vor allen Frauen, die Frau Hebers, des Keniters; gepriesen sei sie vor allen Frauen im Zelte!"
Judg.8.31,9,Kebsweib,spelling-context,Kontextabhängige Schreibung/modernes Homograph; unverändert prüfen.,"Und sein Kebsweib, das er zu Sichem hatte, gebar ihm auch einen Sohn, dem gab er den Namen Abimelech.","Und sein Kebsweib, das er zu Sichem hatte, gebar ihm auch einen Sohn, dem gab er den Namen Abimelech."
Judg.9.53,9,Weib,gender-agreement,Nominalgruppe regelbasiert angepasst; längere Pronomenbezüge/Satzkongruenz prüfen.,Aber ein Weib warf ein Stück von einem Mühlstein dem Abimelech auf den Kopf und zerschmetterte ihm den Schädel.,Aber eine Frau warf ein Stück von einem Mühlstein dem Abimelech auf den Kopf und zerschmetterte ihm den Schädel.
Judg.9.54,131,Weib,gender-agreement,Nominalgruppe regelbasiert angepasst; längere Pronomenbezüge/Satzkongruenz prüfen.,"Da rief Abimelech eilends seinen Waffenträger und sprach zu ihm: Ziehe dein Schwert und töte mich, daß man nicht von mir sage: Ein Weib hat ihn ermordet! Da durchstach ihn sein Diener, und er starb.","Da rief Abimelech eilends seinen Waffenträger und sprach zu ihm: Ziehe dein Schwert und töte mich, dass man nicht von mir sage: Eine Frau hat ihn ermordet! Da durchstach ihn sein Diener, und er starb."
Judg.11.2,13,Weib,gender-agreement,Nominalgruppe regelbasiert angepasst; längere Pronomenbezüge/Satzkongruenz prüfen.,"Als aber das Weib Gileads ihm Söhne gebar und die Söhne dieses Weibes groß wurden, stießen sie den Jephtah aus und sprachen zu ihm: Du sollst nicht erben in unsres Vaters Haus; denn du bist der Sohn eines andern Weibes!","Als aber die Frau Gileads ihm Söhne gebar und die Söhne dieser Frau groß wurden, stießen sie den Jephtah aus und sprachen zu ihm: Du sollst nicht erben in unsres Vaters Haus; denn du bist der Sohn eines andern Frau!"
Judg.11.2,63,Weibes,gender-agreement,Nominalgruppe regelbasiert angepasst; längere Pronomenbezüge/Satzkongruenz prüfen.,"Als aber das Weib Gileads ihm Söhne gebar und die Söhne dieses Weibes groß wurden, stießen sie den Jephtah aus und sprachen zu ihm: Du sollst nicht erben in unsres Vaters Haus; denn du bist der Sohn eines andern Weibes!","Als aber die Frau Gileads ihm Söhne gebar und die Söhne dieser Frau groß wurden, stießen sie den Jephtah aus und sprachen zu ihm: Du sollst nicht erben in unsres Vaters Haus; denn du bist der Sohn eines andern Frau!"
Judg.11.2,212,Weibes,gender-agreement,Nominalgruppe regelbasiert angepasst; längere Pronomenbezüge/Satzkongruenz prüfen.,"Als aber das Weib Gileads ihm Söhne gebar und die Söhne dieses Weibes groß wurden, stießen sie den Jephtah aus und sprachen zu ihm: Du sollst nicht erben in unsres Vaters Haus; denn du bist der Sohn eines andern Weibes!","Als aber die Frau Gileads ihm Söhne gebar und die Söhne dieser Frau groß wurden, stießen sie den Jephtah aus und sprachen zu ihm: Du sollst nicht erben in unsres Vaters Haus; denn du bist der Sohn eines andern Frau!"
Judg.13.2,94,Weib,gender-agreement,Nominalgruppe regelbasiert angepasst; längere Pronomenbezüge/Satzkongruenz prüfen.,"
        Es war aber ein Mann von Zorea, vom Geschlecht der Daniter, namens Manoach; und sein Weib war unfruchtbar und gebar nicht.","
        Es war aber ein Mann von Zorea, vom Geschlecht der Daniter, namens Manoach; und seine Frau war unfruchtbar und gebar nicht."
Judg.13.3,37,Weibe,gender-agreement,Nominalgruppe regelbasiert angepasst; längere Pronomenbezüge/Satzkongruenz prüfen.,Und der Engel des HERRN erschien dem Weibe und sprach zu ihr: Siehe doch! Du bist unfruchtbar und gebierst nicht; aber du wirst empfangen und einen Sohn gebären!,Und der Engel des HERRN erschien der Frau und sprach zu ihr: Siehe doch! Du bist unfruchtbar und gebierst nicht; aber du wirst empfangen und einen Sohn gebären!
Judg.13.6,11,Weib,gender-agreement,Nominalgruppe regelbasiert angepasst; längere Pronomenbezüge/Satzkongruenz prüfen.,"Da kam das Weib und sagte es ihrem Mann und sprach: Es kam ein Mann Gottes zu mir, und seine Gestalt war wie die Gestalt eines Engels Gottes, sehr schrecklich, so daß ich ihn nicht fragte, woher er komme, und er sagte mir nicht, wie er heiße.","Da kam die Frau und sagte es ihrem Mann und sprach: Es kam ein Mann Gottes zu mir, und seine Gestalt war wie die Gestalt eines Engels Gottes, sehr schrecklich, so dass ich ihn nicht fragte, woher er komme, und er sagte mir nicht, wie er heiße."
Judg.13.9,101,Weibe,gender-agreement,Nominalgruppe regelbasiert angepasst; längere Pronomenbezüge/Satzkongruenz prüfen.,"
        Und 
        Gott 
        erhörte die Stimme Manoachs, und der Engel Gottes kam wieder zum Weibe; sie saß aber auf dem Felde, und ihr Mann Manoach war nicht bei ihr.","
        Und 
        Gott 
        erhörte die Stimme Manoachs, und der Engel Gottes kam wieder zur Frau; sie saß aber auf dem Felde, und ihr Mann Manoach war nicht bei ihr."
Judg.13.10,12,Weib,gender-agreement,Nominalgruppe regelbasiert angepasst; längere Pronomenbezüge/Satzkongruenz prüfen.,"Da lief das Weib eilends und sagte es ihrem Manne an und sprach zu ihm: Siehe, der Mann ist mir erschienen, welcher an jenem Tage zu mir kam!","Da lief die Frau eilends und sagte es ihrem Manne an und sprach zu ihm: Siehe, der Mann ist mir erschienen, welcher an jenem Tage zu mir kam!"
Judg.13.11,40,Weibe,gender-agreement,Nominalgruppe regelbasiert angepasst; längere Pronomenbezüge/Satzkongruenz prüfen.,"Manoach machte sich auf und ging seinem Weibe nach und kam zu dem Mann und sprach zu ihm: Bist du der Mann, der mit dem Weibe geredet hat? Er sprach: Ja, ich bin's!","Manoach machte sich auf und ging seiner Frau nach und kam zu dem Mann und sprach zu ihm: Bist du der Mann, der mit der Frau geredet hat? Er sprach: Ja, ich bin's!"
Judg.13.11,120,Weibe,gender-agreement,Nominalgruppe regelbasiert angepasst; längere Pronomenbezüge/Satzkongruenz prüfen.,"Manoach machte sich auf und ging seinem Weibe nach und kam zu dem Mann und sprach zu ihm: Bist du der Mann, der mit dem Weibe geredet hat? Er sprach: Ja, ich bin's!","Manoach machte sich auf und ging seiner Frau nach und kam zu dem Mann und sprach zu ihm: Bist du der Mann, der mit der Frau geredet hat? Er sprach: Ja, ich bin's!"
Judg.13.13,62,Weibe,gender-agreement,Nominalgruppe regelbasiert angepasst; längere Pronomenbezüge/Satzkongruenz prüfen.,"Der Engel des HERRN sprach zu Manoach: Von allem, was ich dem Weibe gesagt habe, soll sie sich enthalten;","Der Engel des HERRN sprach zu Manoach: Von allem, was ich der Frau gesagt habe, soll sie sich enthalten;"
Judg.13.19,140,Weib,gender-agreement,Nominalgruppe regelbasiert angepasst; längere Pronomenbezüge/Satzkongruenz prüfen.,"Da nahm Manoach das Ziegenböcklein und das Speisopfer und opferte es dem HERRN auf dem Felsen, und er tat ein Wunder; Manoach aber und sein Weib sahen zu.","Da nahm Manoach das Ziegenböcklein und das Speisopfer und opferte es dem HERRN auf dem Felsen, und er tat ein Wunder; Manoach aber und seine Frau sahen zu."
Judg.13.20,127,Weib,gender-agreement,Nominalgruppe regelbasiert angepasst; längere Pronomenbezüge/Satzkongruenz prüfen.,"Denn als die Flamme vom Altar gen Himmel stieg, fuhr der Engel des HERRN in der Flamme des Altars hinauf. Als Manoach und sein Weib solches sahen, fielen sie auf ihr Angesicht zur Erde.","Denn als die Flamme vom Altar gen Himmel stieg, fuhr der Engel des HERRN in der Flamme des Altars hinauf. Als Manoach und seine Frau solches sahen, fielen sie auf ihr Angesicht zur Erde."
Judg.13.21,61,Weibe,gender-agreement,Nominalgruppe regelbasiert angepasst; längere Pronomenbezüge/Satzkongruenz prüfen.,"
        Und der Engel des HERRN erschien Manoach und seinem Weibe nicht mehr. Da erkannte Manoach, daß es der Engel des HERRN war.","
        Und der Engel des HERRN erschien Manoach und seiner Frau nicht mehr. Da erkannte Manoach, dass es der Engel des HERRN war."
Judg.13.22,38,Weibe,gender-agreement,Nominalgruppe regelbasiert angepasst; längere Pronomenbezüge/Satzkongruenz prüfen.,"
        Und Manoach sprach zu seinem Weibe: Wir müssen sicherlich sterben, weil wir Gott gesehen haben!","
        Und Manoach sprach zu seiner Frau: Wir müssen sicherlich sterben, weil wir Gott gesehen haben!"
Judg.13.23,19,Weib,gender-agreement,Nominalgruppe regelbasiert angepasst; längere Pronomenbezüge/Satzkongruenz prüfen.,"
        Aber sein Weib antwortete ihm: Wenn der HERR Lust hätte, uns zu töten, so hätte er das Brandopfer und das Speisopfer nicht von unsern Händen angenommen; er hätte uns auch weder solches alles gezeigt, noch uns jetzt solches hören lassen!","
        Aber seine Frau antwortete ihm: Wenn der HERR Lust hätte, uns zu töten, so hätte er das Brandopfer und das Speisopfer nicht von unsern Händen angenommen; er hätte uns auch weder solches alles gezeigt, noch uns jetzt solches hören lassen!"
Judg.13.24,8,Weib,gender-agreement,Nominalgruppe regelbasiert angepasst; längere Pronomenbezüge/Satzkongruenz prüfen.,"Und das Weib gebar einen Sohn und hieß ihn Simson. Und der Knabe nahm zu, und der HERR segnete ihn.","Und die Frau gebar einen Sohn und hieß ihn Simson. Und der Knabe nahm zu, und der HERR segnete ihn."
Judg.14.1,55,Weib,gender-agreement,Nominalgruppe regelbasiert angepasst; längere Pronomenbezüge/Satzkongruenz prüfen.,Und Simson ging nach Timnat hinab und sah daselbst ein Weib unter den Töchtern der Philister.,Und Simson ging nach Timnat hinab und sah daselbst eine Frau unter den Töchtern der Philister.
Judg.14.2,97,Weib,gender-agreement,Nominalgruppe regelbasiert angepasst; längere Pronomenbezüge/Satzkongruenz prüfen.,"Und als er wieder heraufkam, sagte er es seinem Vater und seiner Mutter und sprach: Ich habe ein Weib gesehen zu Timnat, unter den Töchtern der Philister; nehmt mir sie doch zum Weibe!","Und als er wieder heraufkam, sagte er es seinem Vater und seiner Mutter und sprach: Ich habe eine Frau gesehen zu Timnat, unter den Töchtern der Philister; nehmt mir sie doch zur Frau!"
Judg.14.2,178,Weibe,gender-agreement,Nominalgruppe regelbasiert angepasst; längere Pronomenbezüge/Satzkongruenz prüfen.,"Und als er wieder heraufkam, sagte er es seinem Vater und seiner Mutter und sprach: Ich habe ein Weib gesehen zu Timnat, unter den Töchtern der Philister; nehmt mir sie doch zum Weibe!","Und als er wieder heraufkam, sagte er es seinem Vater und seiner Mutter und sprach: Ich habe eine Frau gesehen zu Timnat, unter den Töchtern der Philister; nehmt mir sie doch zur Frau!"
Judg.14.3,59,Weib,gender-agreement,Nominalgruppe regelbasiert angepasst; längere Pronomenbezüge/Satzkongruenz prüfen.,"Sein Vater und seine Mutter sprachen zu ihm: Ist denn kein Weib unter den Töchtern deiner Brüder oder unter meinem Volk, daß du hingehst und ein Weib nimmst bei den Philistern, die unbeschnitten sind? Simson sprach zu seinem Vater: Nimm mir diese, denn sie ist recht in meinen Augen!","Sein Vater und seine Mutter sprachen zu ihm: Ist denn keine Frau unter den Töchtern deiner Brüder oder unter meinem Volk, dass du hingehst und eine Frau nimmst bei den Philistern, die unbeschnitten sind? Simson sprach zu seinem Vater: Nimm mir diese, denn sie ist recht in meinen Augen!"
Judg.14.3,145,Weib,gender-agreement,Nominalgruppe regelbasiert angepasst; längere Pronomenbezüge/Satzkongruenz prüfen.,"Sein Vater und seine Mutter sprachen zu ihm: Ist denn kein Weib unter den Töchtern deiner Brüder oder unter meinem Volk, daß du hingehst und ein Weib nimmst bei den Philistern, die unbeschnitten sind? Simson sprach zu seinem Vater: Nimm mir diese, denn sie ist recht in meinen Augen!","Sein Vater und seine Mutter sprachen zu ihm: Ist denn keine Frau unter den Töchtern deiner Brüder oder unter meinem Volk, dass du hingehst und eine Frau nimmst bei den Philistern, die unbeschnitten sind? Simson sprach zu seinem Vater: Nimm mir diese, denn sie ist recht in meinen Augen!"
Judg.14.7,39,Weibe,gender-agreement,Nominalgruppe regelbasiert angepasst; längere Pronomenbezüge/Satzkongruenz prüfen.,"Als er nun hinabkam, redete er mit dem Weibe, und sie war in Simsons Augen recht.","Als er nun hinabkam, redete er mit der Frau, und sie war in Simsons Augen recht."
Judg.14.10,26,Weibe,gender-agreement,Nominalgruppe regelbasiert angepasst; längere Pronomenbezüge/Satzkongruenz prüfen.,"Und als sein Vater zu dem Weibe hinabkam, machte Simson daselbst ein Hochzeitsmahl; denn also pflegten die Jünglinge zu tun.","Und als sein Vater zu der Frau hinabkam, machte Simson daselbst ein Hochzeitsmahl; denn also pflegten die Jünglinge zu tun."
Judg.14.11,0,Sobald,spelling-context,Kontextabhängige Schreibung/modernes Homograph; unverändert prüfen.,"Sobald sie ihn aber sahen, gaben sie ihm dreißig Gefährten, die bei ihm sein sollten.","Sobald sie ihn aber sahen, gaben sie ihm dreißig Gefährten, die bei ihm sein sollten."
Judg.14.15,42,Weib,gender-agreement,Nominalgruppe regelbasiert angepasst; längere Pronomenbezüge/Satzkongruenz prüfen.,"Am siebenten Tage sprachen sie zu Simsons Weib: Überrede deinen Mann, daß er uns dieses Rätsel verrate, sonst werden wir dich und deines Vaters Haus mit Feuer verbrennen! Habt ihr uns darum hierher geladen, um uns arm zu machen?","Am siebenten Tage sprachen sie zu Simsons Frau: Überrede deinen Mann, dass er uns dieses Rätsel verrate, sonst werden wir dich und deines Vaters Haus mit Feuer verbrennen! Habt ihr uns darum hierher geladen, um uns arm zu machen?"
Judg.14.16,18,Weib,gender-agreement,Nominalgruppe regelbasiert angepasst; längere Pronomenbezüge/Satzkongruenz prüfen.,"Da weinte Simsons Weib vor ihm und sprach: Du bist mir nur gram und hast mich nicht lieb! Du hast den Kindern meines Volkes dieses Rätsel aufgegeben und hast es mir nicht verraten! Er aber sprach zu ihr: Siehe, ich habe es meinem Vater und meiner Mutter nicht verraten; und sollte es dir verraten?","Da weinte Simsons Frau vor ihm und sprach: Du bist mir nur gram und hast mich nicht lieb! Du hast den Kindern meines Volkes dieses Rätsel aufgegeben und hast es mir nicht verraten! Er aber sprach zu ihr: Siehe, ich habe es meinem Vater und meiner Mutter nicht verraten; und sollte es dir verraten?"
Judg.14.20,9,Weib,gender-agreement,Nominalgruppe regelbasiert angepasst; längere Pronomenbezüge/Satzkongruenz prüfen.,"Aber das Weib Simsons ward einem seiner Gefährten gegeben, der ihm beigesellt gewesen war.","Aber die Frau Simsons ward einem seiner Gefährten gegeben, der ihm beigesellt gewesen war."
Judg.15.1,83,Weib,gender-agreement,Nominalgruppe regelbasiert angepasst; längere Pronomenbezüge/Satzkongruenz prüfen.,"Es begab sich aber nach einiger Zeit in den Tagen der Weizenernte, daß Simson sein Weib mit einem Ziegenböcklein besuchte. Als er aber sagte: Ich will zu meinem Weibe in die Kammer gehen, wollte ihr Vater ihn nicht hineinlassen.","Es begab sich aber nach einiger Zeit in den Tagen der Weizenernte, dass Simson seine Frau mit einem Ziegenböcklein besuchte. Als er aber sagte: Ich will zu meiner Frau in die Kammer gehen, wollte ihr Vater ihn nicht hineinlassen."
Judg.15.1,161,Weibe,gender-agreement,Nominalgruppe regelbasiert angepasst; längere Pronomenbezüge/Satzkongruenz prüfen.,"Es begab sich aber nach einiger Zeit in den Tagen der Weizenernte, daß Simson sein Weib mit einem Ziegenböcklein besuchte. Als er aber sagte: Ich will zu meinem Weibe in die Kammer gehen, wollte ihr Vater ihn nicht hineinlassen.","Es begab sich aber nach einiger Zeit in den Tagen der Weizenernte, dass Simson seine Frau mit einem Ziegenböcklein besuchte. Als er aber sagte: Ich will zu meiner Frau in die Kammer gehen, wollte ihr Vater ihn nicht hineinlassen."
Judg.15.6,116,Weib,gender-agreement,Nominalgruppe regelbasiert angepasst; längere Pronomenbezüge/Satzkongruenz prüfen.,"Da sprachen die Philister: Wer hat das getan? Da sagte man: Simson, der Tochtermann des Timniters, weil er ihm sein Weib genommen und sie seinem Gefährten gegeben hat! Da zogen die Philister hinauf und verbrannten sie samt ihrem Vater mit Feuer.","Da sprachen die Philister: Wer hat das getan? Da sagte man: Simson, der Tochtermann des Timniters, weil er ihm seine Frau genommen und sie seinem Gefährten gegeben hat! Da zogen die Philister hinauf und verbrannten sie samt ihrem Vater mit Feuer."
Judg.16.4,36,Weib,gender-agreement,Nominalgruppe regelbasiert angepasst; längere Pronomenbezüge/Satzkongruenz prüfen.,"
        Darnach aber gewann er ein Weib lieb am Bache Sorek, die hieß Delila.","
        Darnach aber gewann er eine Frau lieb am Bache Sorek, die hieß Delila."
Judg.16.19,27,Schoß,spelling-context,Kontextabhängige Schreibung/modernes Homograph; unverändert prüfen.,"Und sie ließ ihn auf ihrem Schoß einschlafen und rief einen Mann, der schor ihm die sieben Locken seines Hauptes ab, und sie fing an, ihn zu bezwingen, und seine Kraft wich von ihm.","Und sie ließ ihn auf ihrem Schoß einschlafen und rief einen Mann, der schor ihm die sieben Locken seines Hauptes ab, und sie fing an, ihn zu bezwingen, und seine Kraft wich von ihm."
Judg.18.22,0,Sobald,spelling-context,Kontextabhängige Schreibung/modernes Homograph; unverändert prüfen.,"Sobald sie sich aber von Michas Hause entfernt hatten, wurden die Männer, die in den Häusern um Michas Haus herum wohnten, zusammenberufen und holten die Kinder Dan ein.","Sobald sie sich aber von Michas Hause entfernt hatten, wurden die Männer, die in den Häusern um Michas Haus herum wohnten, zusammenberufen und holten die Kinder Dan ein."
Judg.19.1,151,Kebsweib,spelling-context,Kontextabhängige Schreibung/modernes Homograph; unverändert prüfen.,"Zu jener Zeit, als kein König in Israel war, begab es sich auch, daß ein levitischer Mann, der sich im hintern Teil des Gebirges Ephraim aufhielt, ein Kebsweib von Bethlehem-Juda nahm.","Zu jener Zeit, als kein König in Israel war, begab es sich auch, dass ein levitischer Mann, der sich im hintern Teil des Gebirges Ephraim aufhielt, ein Kebsweib von Bethlehem-Juda nahm."
Judg.19.2,7,Kebsweib,spelling-context,Kontextabhängige Schreibung/modernes Homograph; unverändert prüfen.,"Dieses Kebsweib aber war treulos gegen ihn und lief von ihm fort in ihres Vaters Haus, nach Bethlehem-Juda, und blieb daselbst vier Monate lang.","Dieses Kebsweib aber war treulos gegen ihn und lief von ihm fort in ihres Vaters Haus, nach Bethlehem-Juda, und blieb daselbst vier Monate lang."
Judg.19.10,168,Kebsweib,spelling-context,Kontextabhängige Schreibung/modernes Homograph; unverändert prüfen.,"Aber der Mann wollte nicht über Nacht bleiben, sondern machte sich auf und zog hin und kam bis vor Jebus, das ist Jerusalem; und seine beiden gesattelten Esel und sein Kebsweib waren bei ihm.","Aber der Mann wollte nicht über Nacht bleiben, sondern machte sich auf und zog hin und kam bis vor Jebus, das ist Jerusalem; und seine beiden gesattelten Esel und sein Kebsweib waren bei ihm."
Judg.19.24,77,Kebsweib,spelling-context,Kontextabhängige Schreibung/modernes Homograph; unverändert prüfen.,"Siehe, ich habe eine Tochter, die noch eine Jungfrau ist, und dieser hat ein Kebsweib; dieselben will ich euch herausbringen; die mögt ihr schwächen und mit ihnen tun, was euch gefällt; aber an diesem Manne begeht keine solche Schandtat!","Siehe, ich habe eine Tochter, die noch eine Jungfrau ist, und dieser hat ein Kebsweib; dieselben will ich euch herausbringen; die mögt ihr schwächen und mit ihnen tun, was euch gefällt; aber an diesem Manne begeht keine solche Schandtat!"
Judg.19.25,76,Kebsweib,spelling-context,Kontextabhängige Schreibung/modernes Homograph; unverändert prüfen.,"
        Aber die Leute wollten ihm nicht gehorchen. Da faßte der Mann sein Kebsweib und brachte sie zu ihnen hinaus; die erkannten sie und trieben Mutwillen mit ihr die ganze Nacht bis an den Morgen und ließen sie erst los, als die Morgenröte anbrach.","
        Aber die Leute wollten ihm nicht gehorchen. Da fasste der Mann sein Kebsweib und brachte sie zu ihnen hinaus; die erkannten sie und trieben Mutwillen mit ihr die ganze Nacht bis an den Morgen und ließen sie erst los, als die Morgenröte anbrach."
Judg.19.26,11,Weib,gender-agreement,Nominalgruppe regelbasiert angepasst; längere Pronomenbezüge/Satzkongruenz prüfen.,"Da kam das Weib am Morgen früh und fiel nieder vor der Tür am Hause des Mannes, wo ihr Herr war, und lag daselbst, bis es hell ward.","Da kam die Frau am Morgen früh und fiel nieder vor der Tür am Hause des Mannes, wo ihr Herr war, und lag daselbst, bis es hell ward."
Judg.19.27,126,Kebsweib,spelling-context,Kontextabhängige Schreibung/modernes Homograph; unverändert prüfen.,"Als nun ihr Herr am Morgen aufstand und die Tür am Hause auftat und hinausging, um seines Weges zu ziehen, siehe, da lag sein Kebsweib vor der Tür des Hauses mit den Händen auf der Schwelle.","Als nun ihr Herr am Morgen aufstand und die Tür am Hause auftat und hinausging, um seines Weges zu ziehen, siehe, da lag sein Kebsweib vor der Tür des Hauses mit den Händen auf der Schwelle."
Judg.19.29,50,Kebsweib,spelling-context,Kontextabhängige Schreibung/modernes Homograph; unverändert prüfen.,"Als er heimkam, nahm er ein Messer und faßte sein Kebsweib und zerlegte sie in zwölf Stücke und sandte sie in alle Grenzen Israels.","Als er heimkam, nahm er ein Messer und fasste sein Kebsweib und zerlegte sie in zwölf Stücke und sandte sie in alle Grenzen Israels."
Judg.20.4,38,Weibes,gender-agreement,Nominalgruppe regelbasiert angepasst; längere Pronomenbezüge/Satzkongruenz prüfen.,"Da antwortete der Levit, der Mann des Weibes, das getötet worden war, und sprach: Ich kam mit meinem Kebsweibe gen Gibea in Benjamin, um daselbst über Nacht zu bleiben.","Da antwortete der Levit, der Mann der Frau, die getötet worden war, und sprach: Ich kam mit meinem Kebsweibe gen Gibea in Benjamin, um daselbst über Nacht zu bleiben."
Judg.20.5,138,Kebsweib,spelling-context,Kontextabhängige Schreibung/modernes Homograph; unverändert prüfen.,"Da machten sich die Bürger von Gibea wider mich auf und umzingelten meinetwegen bei Nacht das Haus; mich gedachten sie zu töten, und mein Kebsweib haben sie geschändet, daß sie gestorben ist.","Da machten sich die Bürger von Gibea wider mich auf und umzingelten meinetwegen bei Nacht das Haus; mich gedachten sie zu töten, und mein Kebsweib haben sie geschändet, dass sie gestorben ist."
Judg.20.6,17,Kebsweib,spelling-context,Kontextabhängige Schreibung/modernes Homograph; unverändert prüfen.,"Da nahm ich mein Kebsweib und zerstückelte es und sandte die Stücke in das ganze Land des Erbes Israels, denn sie haben eine Schandtat und ein Verbrechen in Israel begangen.","Da nahm ich mein Kebsweib und zerstückelte es und sandte die Stücke in das ganze Land des Erbes Israels, denn sie haben eine Schandtat und ein Verbrechen in Israel begangen."
Judg.21.1,126,Weibe,gender-agreement,Nominalgruppe regelbasiert angepasst; längere Pronomenbezüge/Satzkongruenz prüfen.,"
        Und alle Israeliten hatten zu Mizpa geschworen und gesagt: Niemand von uns soll seine Tochter einem Benjaminiten zum Weibe geben!","
        Und alle Israeliten hatten zu Mizpa geschworen und gesagt: Niemand von uns soll seine Tochter einem Benjaminiten zur Frau geben!"
Judg.21.18,156,Weib,gender-agreement,Nominalgruppe regelbasiert angepasst; längere Pronomenbezüge/Satzkongruenz prüfen.,"Nun können wir ihnen aber unsere Töchter nicht zu Frauen geben; denn die Kinder Israel haben geschworen und gesagt: Verflucht sei, wer den Benjaminiten ein Weib gibt!","Nun können wir ihnen aber unsere Töchter nicht zu Frauen geben; denn die Kinder Israel haben geschworen und gesagt: Verflucht sei, wer den Benjaminiten eine Frau gibt!"
Judg.21.21,144,Weib,gender-agreement,Nominalgruppe regelbasiert angepasst; längere Pronomenbezüge/Satzkongruenz prüfen.,"Wenn ihr dann sehet, daß die Töchter von Silo mit Reigen zum Tanze herausgehen, so kommt aus den Weinbergen hervor und nehmt euch ein jeder ein Weib von den Töchtern Silos und geht in das Land Benjamin!","Wenn ihr dann sehet, dass die Töchter von Silo mit Reigen zum Tanze herausgehen, so kommt aus den Weinbergen hervor und nehmt euch ein jeder eine Frau von den Töchtern Silos und geht in das Land Benjamin!"
Judg.21.22,142,Weib,gender-agreement,Nominalgruppe regelbasiert angepasst; längere Pronomenbezüge/Satzkongruenz prüfen.,"Wenn aber ihre Väter oder ihre Brüder kommen, um mit uns zu rechten, so wollen wir zu ihnen sagen: Schenket sie uns! Denn nicht jeder hat ein Weib gewonnen im Kriege; auch habt ihr sie ihnen nicht gegeben, sonst wäret ihr heute schuldig!","Wenn aber ihre Väter oder ihre Brüder kommen, um mit uns zu rechten, so wollen wir zu ihnen sagen: Schenket sie uns! Denn nicht jeder hat eine Frau gewonnen im Kriege; auch habt ihr sie ihnen nicht gegeben, sonst wäret ihr heute schuldig!"
Ruth.1.1,171,Weib,gender-agreement,Nominalgruppe regelbasiert angepasst; längere Pronomenbezüge/Satzkongruenz prüfen.,"Zu der Zeit, als die Richter regierten, entstand eine Hungersnot im Lande. Damals zog ein Mann von Bethlehem-Juda fort, um sich im Gefilde Moab niederzulassen samt seinem Weib und seinen beiden Söhnen.","Zu der Zeit, als die Richter regierten, entstand eine Hungersnot im Lande. Damals zog ein Mann von Bethlehem-Juda fort, um sich im Gefilde Moab niederzulassen samt seiner Frau und seinen beiden Söhnen."
Ruth.1.2,41,Weib,gender-agreement,Nominalgruppe regelbasiert angepasst; längere Pronomenbezüge/Satzkongruenz prüfen.,"Dieser Mann aber hieß Elimelech und sein Weib Naemi, seine beiden Söhne aber hießen Machlon und Kiljon, die waren Ephratiter von Bethlehem-Juda; und sie gelangten ins Gefilde Moab und lebten dort.","Dieser Mann aber hieß Elimelech und seine Frau Naemi, seine beiden Söhne aber hießen Machlon und Kiljon, die waren Ephratiter von Bethlehem-Juda; und sie gelangten ins Gefilde Moab und lebten dort."
Ruth.1.5,65,Weib,gender-agreement,Nominalgruppe regelbasiert angepasst; längere Pronomenbezüge/Satzkongruenz prüfen.,"Darnach starben auch sie beide, Machlon und Kiljon, also daß das Weib nach dem Tode ihrer beiden Söhne und ihres Mannes allein zurückblieb.","Darnach starben auch sie beide, Machlon und Kiljon, also dass die Frau nach dem Tode ihrer beiden Söhne und ihres Mannes allein zurückblieb."
Ruth.1.11,113,Schoß,spelling-context,Kontextabhängige Schreibung/modernes Homograph; unverändert prüfen.,"Aber Naemi sprach: Kehret um, meine Töchter! Warum wollt ihr mit mir gehen? Trage ich denn noch Kinder in meinem Schoß, die eure Männer werden könnten?","Aber Naemi sprach: Kehret um, meine Töchter! Warum wollt ihr mit mir gehen? Trage ich denn noch Kinder in meinem Schoß, die eure Männer werden könnten?"
Ruth.1.12,83,Weib,gender-agreement,Nominalgruppe regelbasiert angepasst; längere Pronomenbezüge/Satzkongruenz prüfen.,"Kehret um, meine Töchter, und gehet hin! Denn ich bin zu alt, um noch eines Mannes Weib zu werden. Und wenn ich auch spräche: Es ist zu hoffen, daß ich schon diese Nacht einen Mann bekomme und Söhne gebäre, wolltet ihr auf sie warten,","Kehret um, meine Töchter, und gehet hin! Denn ich bin zu alt, um noch eines Mannes Frau zu werden. Und wenn ich auch spräche: Es ist zu hoffen, dass ich schon diese Nacht einen Mann bekomme und Söhne gebäre, wolltet ihr auf sie warten,"
Ruth.3.8,85,Weib,gender-agreement,Nominalgruppe regelbasiert angepasst; längere Pronomenbezüge/Satzkongruenz prüfen.,"Als es nun Mitternacht war, erschrak der Mann und wandte sich, und siehe, da lag ein Weib zu seinen Füßen! Da fragte er: Wer bist du?","Als es nun Mitternacht war, erschrak der Mann und wandte sich, und siehe, da lag eine Frau zu seinen Füßen! Da fragte er: Wer bist du?"
Ruth.3.11,145,Weib,gender-agreement,Nominalgruppe regelbasiert angepasst; längere Pronomenbezüge/Satzkongruenz prüfen.,"Nun, meine Tochter, fürchte dich nicht! Alles, was du sagst, das will ich dir tun; denn jedermann im Tor meines Volkes weiß, daß du ein wackeres Weib bist.","Nun, meine Tochter, fürchte dich nicht! Alles, was du sagst, das will ich dir tun; denn jedermann im Tor meines Volkes weiß, dass du eine wackere Frau bist."
Ruth.3.14,190,Weib,gender-agreement,Nominalgruppe regelbasiert angepasst; längere Pronomenbezüge/Satzkongruenz prüfen.,"Bleib bis zum Morgen liegen! So lag sie bis an den Morgen zu seinen Füßen. Dann stand sie auf, ehe noch einer den andern erkennen konnte. Er aber gedachte: Wenn nur niemand erfährt, daß ein Weib in die Tenne gekommen ist.","Bleib bis zum Morgen liegen! So lag sie bis an den Morgen zu seinen Füßen. Dann stand sie auf, ehe noch einer den andern erkennen konnte. Er aber gedachte: Wenn nur niemand erfährt, dass eine Frau in die Tenne gekommen ist."
Ruth.4.5,149,Weibe,gender-agreement,Nominalgruppe regelbasiert angepasst; längere Pronomenbezüge/Satzkongruenz prüfen.,"Er sprach: Ich will es lösen! Boas sprach: An welchem Tage du das Feld von der Hand Naemis kaufst, erwirbst du es auch von Ruth, der Moabiterin, dem Weibe des Verstorbenen, um den Namen des Verstorbenen auf seinem Erbteil wieder aufzurichten.","Er sprach: Ich will es lösen! Boas sprach: An welchem Tage du das Feld von der Hand Naemis kaufst, erwirbst du es auch von Ruth, der Moabiterin, der Frau des Verstorbenen, um den Namen des Verstorbenen auf seinem Erbteil wieder aufzurichten."
Ruth.4.10,37,Weibe,gender-agreement,Nominalgruppe regelbasiert angepasst; längere Pronomenbezüge/Satzkongruenz prüfen.,"
        Dazu nehme ich mir Ruth zum Weibe, die Moabiterin, Machlons Weib, um den Namen des Verstorbenen auf seinem Erbteil wieder aufzurichten, damit des Verstorbenen Name nicht verschwinde aus der Mitte seiner Brüder und aus dem Tor seines Ortes. Dessen seid ihr heute Zeugen!","
        Dazu nehme ich mir Ruth zur Frau, die Moabiterin, Machlons Frau, um den Namen des Verstorbenen auf seinem Erbteil wieder aufzurichten, damit des Verstorbenen Name nicht verschwinde aus der Mitte seiner Brüder und aus dem Tor seines Ortes. Dessen seid ihr heute Zeugen!"
Ruth.4.10,69,Weib,gender-agreement,Nominalgruppe regelbasiert angepasst; längere Pronomenbezüge/Satzkongruenz prüfen.,"
        Dazu nehme ich mir Ruth zum Weibe, die Moabiterin, Machlons Weib, um den Namen des Verstorbenen auf seinem Erbteil wieder aufzurichten, damit des Verstorbenen Name nicht verschwinde aus der Mitte seiner Brüder und aus dem Tor seines Ortes. Dessen seid ihr heute Zeugen!","
        Dazu nehme ich mir Ruth zur Frau, die Moabiterin, Machlons Frau, um den Namen des Verstorbenen auf seinem Erbteil wieder aufzurichten, damit des Verstorbenen Name nicht verschwinde aus der Mitte seiner Brüder und aus dem Tor seines Ortes. Dessen seid ihr heute Zeugen!"
Ruth.4.11,95,Weib,gender-agreement,Nominalgruppe regelbasiert angepasst; längere Pronomenbezüge/Satzkongruenz prüfen.,"Da sprach alles Volk, das im Tore stand, und die Ältesten: Wir sind Zeugen! Der HERR mache das Weib, das in dein Haus kommt, wie Rahel und Lea, die beide das Haus Israel gebaut haben! Erwirb Vermögen in Ephrata und mache dir einen Namen in Bethlehem!","Da sprach alles Volk, das im Tore stand, und die Ältesten: Wir sind Zeugen! Der HERR mache die Frau, die in dein Haus kommt, wie Rahel und Lea, die beide das Haus Israel gebaut haben! Erwirb Vermögen in Ephrata und mache dir einen Namen in Bethlehem!"
Ruth.4.13,43,Weib,gender-agreement,Nominalgruppe regelbasiert angepasst; längere Pronomenbezüge/Satzkongruenz prüfen.,"Also nahm Boas die Ruth, und sie ward sein Weib, und er kam zu ihr. Der HERR aber verlieh ihr, daß sie empfing und einen Sohn gebar.","Also nahm Boas die Ruth, und sie ward seine Frau, und er kam zu ihr. Der HERR aber verlieh ihr, dass sie empfing und einen Sohn gebar."
1Sam.1.4,50,Weibe,gender-agreement,Nominalgruppe regelbasiert angepasst; längere Pronomenbezüge/Satzkongruenz prüfen.,"An dem Tage nun, da Elkana opferte, gab er seinem Weibe Peninna und allen ihren Söhnen und Töchtern Teile vom Opfermahl.","An dem Tage nun, da Elkana opferte, gab er seiner Frau Peninna und allen ihren Söhnen und Töchtern Teile vom Opfermahl."
1Sam.1.15,72,Weib,gender-agreement,Nominalgruppe regelbasiert angepasst; längere Pronomenbezüge/Satzkongruenz prüfen.,"
        Hanna aber antwortete und sprach: Nein, mein Herr, ich bin ein Weib beschwerten Geistes; Wein und starkes Getränk habe ich nicht getrunken, sondern ich habe mein Herz vor dem HERRN ausgeschüttet.","
        Hanna aber antwortete und sprach: Nein, mein Herr, ich bin eine Frau beschwerten Geistes; Wein und starkes Getränk habe ich nicht getrunken, sondern ich habe mein Herz vor dem HERRN ausgeschüttet."
1Sam.1.18,72,Weib,gender-agreement,Nominalgruppe regelbasiert angepasst; längere Pronomenbezüge/Satzkongruenz prüfen.,Sie sprach: Laß deine Magd Gnade finden vor deinen Augen! Also ging das Weib ihren Weg und aß und sah nicht mehr traurig aus.,Sie sprach: Lass deine Magd Gnade finden vor deinen Augen! Also ging die Frau ihren Weg und aß und sah nicht mehr traurig aus.
1Sam.1.19,158,Weib,gender-agreement,Nominalgruppe regelbasiert angepasst; längere Pronomenbezüge/Satzkongruenz prüfen.,"Und am Morgen früh machten sie sich auf, und als sie vor dem HERRN angebetet hatten, kehrten sie wieder um und kamen heim nach Rama. Und Elkana erkannte sein Weib Hanna, und der HERR gedachte an sie.","Und am Morgen früh machten sie sich auf, und als sie vor dem HERRN angebetet hatten, kehrten sie wieder um und kamen heim nach Rama. Und Elkana erkannte seine Frau Hanna, und der HERR gedachte an sie."
1Sam.1.24,4,sobald,spelling-context,Kontextabhängige Schreibung/modernes Homograph; unverändert prüfen.,"Und sobald sie ihn entwöhnt hatte, nahm sie ihn mit hinauf, samt drei Farren, einem Epha Mehl und einem Schlauch Wein und brachte ihn in das Haus des HERRN nach Silo; aber der Knabe war noch sehr jung.","Und sobald sie ihn entwöhnt hatte, nahm sie ihn mit hinauf, samt drei Farren, einem Epha Mehl und einem Schlauch Wein und brachte ihn in das Haus des HERRN nach Silo; aber der Knabe war noch sehr jung."
1Sam.1.26,81,Weib,gender-agreement,Nominalgruppe regelbasiert angepasst; längere Pronomenbezüge/Satzkongruenz prüfen.,"Und sie sprach: Ach, mein Herr, so wahr deine Seele lebt; mein Herr, ich bin das Weib, das hier bei dir stand und den HERRN bat.","Und sie sprach: Ach, mein Herr, so wahr deine Seele lebt; mein Herr, ich bin die Frau, die hier bei dir stand und den HERRN bat."
1Sam.2.20,32,Weib,gender-agreement,Nominalgruppe regelbasiert angepasst; längere Pronomenbezüge/Satzkongruenz prüfen.,"Und Eli segnete Elkana und sein Weib und sprach: Der HERR gebe dir Samen von diesem Weibe an Stelle des Geliehenen, den sie dem HERRN geliehen hat! Und sie gingen an ihren Ort.","Und Eli segnete Elkana und seine Frau und sprach: Der HERR gebe dir Samen von dieser Frau an Stelle des Geliehenen, den sie dem HERRN geliehen hat! Und sie gingen an ihren Ort."
1Sam.2.20,84,Weibe,gender-agreement,Nominalgruppe regelbasiert angepasst; längere Pronomenbezüge/Satzkongruenz prüfen.,"Und Eli segnete Elkana und sein Weib und sprach: Der HERR gebe dir Samen von diesem Weibe an Stelle des Geliehenen, den sie dem HERRN geliehen hat! Und sie gingen an ihren Ort.","Und Eli segnete Elkana und seine Frau und sprach: Der HERR gebe dir Samen von dieser Frau an Stelle des Geliehenen, den sie dem HERRN geliehen hat! Und sie gingen an ihren Ort."
1Sam.4.19,35,Weib,gender-agreement,Nominalgruppe regelbasiert angepasst; längere Pronomenbezüge/Satzkongruenz prüfen.,"
        Aber seine Sohnsfrau, das Weib des Pinehas, stand vor der Geburt. Als sie nun das Geschrei hörte, daß die Lade Gottes genommen und ihr Schwiegervater und ihr Mann tot seien, sank sie nieder und gebar; denn es überfielen sie ihre Wehen.","
        Aber seine Sohnsfrau, die Frau des Pinehas, stand vor der Geburt. Als sie nun das Geschrei hörte, dass die Lade Gottes genommen und ihr Schwiegervater und ihr Mann tot seien, sank sie nieder und gebar; denn es überfielen sie ihre Wehen."
1Sam.14.26,47,floß,spelling-context,Kontextabhängige Schreibung/modernes Homograph; unverändert prüfen.,"Als nun das Volk zu den Stöcken kam, siehe, da floß der Honig; aber niemand tat von demselben mit der Hand zu seinem Munde; denn das Volk fürchtete sich vor dem Schwur.","Als nun das Volk zu den Stöcken kam, siehe, da floß der Honig; aber niemand tat von demselben mit der Hand zu seinem Munde; denn das Volk fürchtete sich vor dem Schwur."
1Sam.14.50,8,Weib,gender-agreement,Nominalgruppe regelbasiert angepasst; längere Pronomenbezüge/Satzkongruenz prüfen.,"Und das Weib Sauls hieß Achinoam und war eine Tochter des Ahimaaz. Und sein Feldhauptmann hieß Abner, ein Sohn Ners, Sauls Oheim.","Und die Frau Sauls hieß Achinoam und war eine Tochter des Ahimaaz. Und sein Feldhauptmann hieß Abner, ein Sohn Ners, Sauls Oheim."
1Sam.18.11,36,schoß,spelling-context,Kontextabhängige Schreibung/modernes Homograph; unverändert prüfen.,"
        Und 
        Saul 
        schoß den Speer und dachte: Ich will David an die Wand spießen! David aber wich ihm zweimal aus.","
        Und 
        Saul 
        schoß den Speer und dachte: Ich will David an die Wand spießen! David aber wich ihm zweimal aus."
1Sam.18.17,104,Weibe,gender-agreement,Nominalgruppe regelbasiert angepasst; längere Pronomenbezüge/Satzkongruenz prüfen.,"
        Und 
        Saul 
        sprach zu David: Siehe, ich will dir meine ältere Tochter Merab zum Weibe geben; sei nur tapfer und führe des HERRN Kriege! Denn Saul dachte: Meine Hand soll ihm nichts anhaben, sondern die Hand der Philister.","
        Und 
        Saul 
        sprach zu David: Siehe, ich will dir meine ältere Tochter Merab zur Frau geben; sei nur tapfer und führe des HERRN Kriege! Denn Saul dachte: Meine Hand soll ihm nichts anhaben, sondern die Hand der Philister."
1Sam.18.27,297,Weibe,gender-agreement,Nominalgruppe regelbasiert angepasst; längere Pronomenbezüge/Satzkongruenz prüfen.,"Die Tage aber waren noch nicht vorbei, da machte sich David auf und zog mit seinen Männern hin und schlug zweihundert Mann unter den Philistern. Und David brachte ihre Vorhäute und legte sie dem König vollzählig vor, damit er des Königs Tochtermann werde. Da gab ihm Saul seine Tochter Michal zum Weibe.","Die Tage aber waren noch nicht vorbei, da machte sich David auf und zog mit seinen Männern hin und schlug zweihundert Mann unter den Philistern. Und David brachte ihre Vorhäute und legte sie dem König vollzählig vor, damit er des Königs Tochtermann werde. Da gab ihm Saul seine Tochter Michal zur Frau."
1Sam.19.11,124,Weib,gender-agreement,Nominalgruppe regelbasiert angepasst; längere Pronomenbezüge/Satzkongruenz prüfen.,"
        Saul aber sandte Boten zum Hause Davids, um ihn zu bewachen und am Morgen zu töten. Das verkündigte dem David sein Weib Michal und sprach: Wirst du diese Nacht nicht deine Seele retten, so mußt du morgen sterben!","
        Saul aber sandte Boten zum Hause Davids, um ihn zu bewachen und am Morgen zu töten. Das verkündigte dem David seine Frau Michal und sprach: Wirst du diese Nacht nicht deine Seele retten, so musst du morgen sterben!"
1Sam.20.33,3,schoß,spelling-context,Kontextabhängige Schreibung/modernes Homograph; unverändert prüfen.,"Da schoß Saul den Speer nach ihm, um ihn zu durchbohren. Da merkte Jonatan, daß es bei seinem Vater fest beschlossen war, David zu töten.","Da schoß Saul den Speer nach ihm, um ihn zu durchbohren. Da merkte Jonatan, dass es bei seinem Vater fest beschlossen war, David zu töten."
1Sam.20.36,104,schoß,spelling-context,Kontextabhängige Schreibung/modernes Homograph; unverändert prüfen.,"Und er sprach zu seinem Knaben: Lauf und suche mir die Pfeile, die ich schieße! Als nun der Knabe lief, schoß er einen Pfeil über ihn weg.","Und er sprach zu seinem Knaben: Lauf und suche mir die Pfeile, die ich schieße! Als nun der Knabe lief, schoß er einen Pfeil über ihn weg."
1Sam.25.3,29,Weib,gender-agreement,Nominalgruppe regelbasiert angepasst; längere Pronomenbezüge/Satzkongruenz prüfen.,Dieser Mann hieß Nabal; sein Weib aber hieß Abigail. Und sie war ein Weib von gesundem Verstand und von schöner Gestalt; der Mann aber war hart und boshaft in seinem Tun und war einer von Kaleb.,Dieser Mann hieß Nabal; seine Frau aber hieß Abigail. Und sie war eine Frau von gesundem Verstand und von schöner Gestalt; der Mann aber war hart und boshaft in seinem Tun und war einer von Kaleb.
1Sam.25.3,69,Weib,gender-agreement,Nominalgruppe regelbasiert angepasst; längere Pronomenbezüge/Satzkongruenz prüfen.,Dieser Mann hieß Nabal; sein Weib aber hieß Abigail. Und sie war ein Weib von gesundem Verstand und von schöner Gestalt; der Mann aber war hart und boshaft in seinem Tun und war einer von Kaleb.,Dieser Mann hieß Nabal; seine Frau aber hieß Abigail. Und sie war eine Frau von gesundem Verstand und von schöner Gestalt; der Mann aber war hart und boshaft in seinem Tun und war einer von Kaleb.
1Sam.25.14,47,Weibe,gender-agreement,Nominalgruppe regelbasiert angepasst; längere Pronomenbezüge/Satzkongruenz prüfen.,"Aber einer der Jünglinge sagte es Abigail, dem Weibe Nabals, und sprach: Siehe, David hat Boten aus der Wüste gesandt, unsern Herrn zu segnen; er aber fuhr sie an;","Aber einer der Jünglinge sagte es Abigail, der Frau Nabals, und sprach: Siehe, David hat Boten aus der Wüste gesandt, unsern Herrn zu segnen; er aber fuhr sie an;"
1Sam.25.37,91,Weib,gender-agreement,Nominalgruppe regelbasiert angepasst; längere Pronomenbezüge/Satzkongruenz prüfen.,"Als es aber Tag geworden und der Weinrausch von Nabal gewichen war, da berichtete ihm sein Weib diese Dinge. Da erstarb sein Herz in seinem Leibe, und er ward wie ein Stein.","Als es aber Tag geworden und der Weinrausch von Nabal gewichen war, da berichtete ihm seine Frau diese Dinge. Da erstarb sein Herz in seinem Leibe, und er ward wie ein Stein."
1Sam.25.39,277,Weibe,gender-agreement,Nominalgruppe regelbasiert angepasst; längere Pronomenbezüge/Satzkongruenz prüfen.,"Als nun David hörte, daß Nabal tot war, sprach er: Gelobt sei der HERR, der meine Schmach an Nabal gerächt und seinen Knecht vom Unrecht abgehalten hat! Und der HERR hat Nabals Unrecht auf seinen Kopf vergolten! Und David sandte hin und ließ mit Abigail reden, um sie sich zum Weibe zu nehmen.","Als nun David hörte, dass Nabal tot war, sprach er: Gelobt sei der HERR, der meine Schmach an Nabal gerächt und seinen Knecht vom Unrecht abgehalten hat! Und der HERR hat Nabals Unrecht auf seinen Kopf vergolten! Und David sandte hin und ließ mit Abigail reden, um sie sich zur Frau zu nehmen."
1Sam.25.40,138,Weibe,gender-agreement,Nominalgruppe regelbasiert angepasst; längere Pronomenbezüge/Satzkongruenz prüfen.,"Und als die Knechte Davids zu Abigail gen Karmel kamen, redeten sie mit ihr und sprachen: David hat uns zu dir gesandt, um dich zu seinem Weibe zu nehmen.","Und als die Knechte Davids zu Abigail gen Karmel kamen, redeten sie mit ihr und sprachen: David hat uns zu dir gesandt, um dich zu seiner Frau zu nehmen."
1Sam.25.42,165,Weib,gender-agreement,Nominalgruppe regelbasiert angepasst; längere Pronomenbezüge/Satzkongruenz prüfen.,"Und Abigail eilte und machte sich auf und ritt auf einem Esel, und mit ihr fünf Mägde, die ihr auf dem Fuße nachfolgten, und zog den Boten Davids nach und ward sein Weib.","Und Abigail eilte und machte sich auf und ritt auf einem Esel, und mit ihr fünf Mägde, die ihr auf dem Fuße nachfolgten, und zog den Boten Davids nach und ward seine Frau."
1Sam.25.44,52,Weib,gender-agreement,Nominalgruppe regelbasiert angepasst; längere Pronomenbezüge/Satzkongruenz prüfen.,"
        Saul aber hatte Michal, seine Tochter, das Weib Davids, Phalti, dem Sohn des Lais aus Gallim, gegeben.","
        Saul aber hatte Michal, seine Tochter, die Frau Davids, Phalti, dem Sohn des Lais aus Gallim, gegeben."
1Sam.27.3,169,Weib,gender-agreement,Nominalgruppe regelbasiert angepasst; längere Pronomenbezüge/Satzkongruenz prüfen.,"Und David blieb bei Achis zu Gat samt seinen Männern, ein jeder mit seinem Haushalt, auch David mit seinen beiden Frauen, Achinoam, der Jesreelitin, und Abigail, Nabals Weib, der Karmeliterin.","Und David blieb bei Achis zu Gat samt seinen Männern, ein jeder mit seinem Haushalt, auch David mit seinen beiden Frauen, Achinoam, der Jesreelitin, und Abigail, Nabals Frau, der Karmeliterin."
1Sam.28.7,50,Weib,gender-agreement,Nominalgruppe regelbasiert angepasst; längere Pronomenbezüge/Satzkongruenz prüfen.,"Da sprach Saul zu seinen Knechten: Suchet mir ein Weib, das Tote beschwören kann, daß ich zu ihr gehe und sie befrage! Seine Knechte sprachen zu ihm: Siehe, zu Endor ist ein Weib, das Tote beschwören kann!","Da sprach Saul zu seinen Knechten: Suchet mir eine Frau, die Tote beschwören kann, dass ich zu ihr gehe und sie befrage! Seine Knechte sprachen zu ihm: Siehe, zu Endor ist eine Frau, die Tote beschwören kann!"
1Sam.28.7,174,Weib,gender-agreement,Nominalgruppe regelbasiert angepasst; längere Pronomenbezüge/Satzkongruenz prüfen.,"Da sprach Saul zu seinen Knechten: Suchet mir ein Weib, das Tote beschwören kann, daß ich zu ihr gehe und sie befrage! Seine Knechte sprachen zu ihm: Siehe, zu Endor ist ein Weib, das Tote beschwören kann!","Da sprach Saul zu seinen Knechten: Suchet mir eine Frau, die Tote beschwören kann, dass ich zu ihr gehe und sie befrage! Seine Knechte sprachen zu ihm: Siehe, zu Endor ist eine Frau, die Tote beschwören kann!"
1Sam.28.8,122,Weibe,gender-agreement,Nominalgruppe regelbasiert angepasst; längere Pronomenbezüge/Satzkongruenz prüfen.,"Und Saul verstellte sich und legte andere Kleider an und ging hin und zwei Männer mit ihm; und sie kamen bei Nacht zu dem Weibe. Und er sprach: Wahrsage mir doch durch Totenbeschwörung und bring mir den herauf, welchen ich dir sage!","Und Saul verstellte sich und legte andere Kleider an und ging hin und zwei Männer mit ihm; und sie kamen bei Nacht zu der Frau. Und er sprach: Wahrsage mir doch durch Totenbeschwörung und bring mir den herauf, welchen ich dir sage!"
1Sam.28.9,4,Weib,gender-agreement,Nominalgruppe regelbasiert angepasst; längere Pronomenbezüge/Satzkongruenz prüfen.,"Das Weib sprach zu ihm: Siehe, du weißt doch, was Saul getan, wie er die Totenbeschwörer und Wahrsager aus dem Lande ausgerottet hat; warum willst du denn meiner Seele eine Schlinge legen, daß ich getötet werde?","Die Frau sprach zu ihm: Siehe, du weißt doch, was Saul getan, wie er die Totenbeschwörer und Wahrsager aus dem Lande ausgerottet hat; warum willst du denn meiner Seele eine Schlinge legen, dass ich getötet werde?"
1Sam.28.11,14,Weib,gender-agreement,Nominalgruppe regelbasiert angepasst; längere Pronomenbezüge/Satzkongruenz prüfen.,Da sprach das Weib: Wen soll ich denn heraufbringen? Er sprach: Bring mir Samuel herauf!,Da sprach die Frau: Wen soll ich denn heraufbringen? Er sprach: Bring mir Samuel herauf!
1Sam.28.12,12,Weib,gender-agreement,Nominalgruppe regelbasiert angepasst; längere Pronomenbezüge/Satzkongruenz prüfen.,"Als nun das Weib Samuel sah, schrie sie laut und sprach zu Saul: Warum hast du mich betrogen: Du bist ja Saul!","Als nun die Frau Samuel sah, schrie sie laut und sprach zu Saul: Warum hast du mich betrogen: Du bist ja Saul!"
1Sam.28.13,68,Weib,gender-agreement,Nominalgruppe regelbasiert angepasst; längere Pronomenbezüge/Satzkongruenz prüfen.,Und der König sprach zu ihr: Fürchte dich nicht! Was siehst du? Das Weib sprach zu Saul: Ich sehe einen Gott aus der Erde heraufsteigen!,Und der König sprach zu ihr: Fürchte dich nicht! Was siehst du? Die Frau sprach zu Saul: Ich sehe einen Gott aus der Erde heraufsteigen!
1Sam.28.21,8,Weib,gender-agreement,Nominalgruppe regelbasiert angepasst; längere Pronomenbezüge/Satzkongruenz prüfen.,"Und das Weib ging zu Saul hin und sah, daß er sehr erschrocken war, und sprach zu ihm: Siehe, deine Magd hat deiner Stimme gehorcht, und ich habe mein Leben aufs Spiel gesetzt, daß ich deinen Worten gehorcht habe, die du zu mir sagtest.","Und die Frau ging zu Saul hin und sah, dass er sehr erschrocken war, und sprach zu ihm: Siehe, deine Magd hat deiner Stimme gehorcht, und ich habe mein Leben aufs Spiel gesetzt, dass ich deinen Worten gehorcht habe, die du zu mir sagtest."
1Sam.28.23,99,Weib,gender-agreement,Nominalgruppe regelbasiert angepasst; längere Pronomenbezüge/Satzkongruenz prüfen.,"Er aber weigerte sich und sprach: Ich will nicht essen! Da nötigten ihn seine Knechte und auch das Weib, und er gehorchte ihrer Stimme. Und er stand auf von der Erde und setzte sich auf das Bett.","Er aber weigerte sich und sprach: Ich will nicht essen! Da nötigten ihn seine Knechte und auch die Frau, und er gehorchte ihrer Stimme. Und er stand auf von der Erde und setzte sich auf das Bett."
1Sam.28.24,4,Weib,gender-agreement,Nominalgruppe regelbasiert angepasst; längere Pronomenbezüge/Satzkongruenz prüfen.,Das Weib aber hatte daheim ein gemästetes Kalb; da eilte sie und schlachtete es und nahm Mehl und knetete es und machte daraus ungesäuerte Kuchen.,Die Frau aber hatte daheim ein gemästetes Kalb; da eilte sie und schlachtete es und nahm Mehl und knetete es und machte daraus ungesäuerte Kuchen.
1Sam.29.10,161,sobald,spelling-context,Kontextabhängige Schreibung/modernes Homograph; unverändert prüfen.,"So mache dich nun am Morgen früh auf samt den Knechten deines Herrn, die mit dir gekommen sind. Und wenn ihr euch am Morgen früh aufgemacht habt, so ziehet hin, sobald es hell ist!","So mache dich nun am Morgen früh auf samt den Knechten deines Herrn, die mit dir gekommen sind. Und wenn ihr euch am Morgen früh aufgemacht habt, so ziehet hin, sobald es hell ist!"
1Sam.30.5,74,Weib,gender-agreement,Nominalgruppe regelbasiert angepasst; längere Pronomenbezüge/Satzkongruenz prüfen.,"Und die beiden Weiber Davids, Achinoam, die Jesreelitin, und Abigail, das Weib Nabals, des Karmeliters, waren auch gefangen weggeführt worden.","Und die beiden Frauen Davids, Achinoam, die Jesreelitin, und Abigail, die Frau Nabals, des Karmeliters, waren auch gefangen weggeführt worden."
1Sam.30.22,234,Weib,gender-agreement,Nominalgruppe regelbasiert angepasst; längere Pronomenbezüge/Satzkongruenz prüfen.,"Da antworteten alle bösen und nichtswürdigen Leute unter denen, die mit David gezogen waren, und sprachen: Weil sie nicht mit uns gezogen sind, soll man ihnen nichts geben von der Beute, die wir gerettet haben, außer einem jeden sein Weib und seine Kinder; die sollen sie nehmen und gehen!","Da antworteten alle bösen und nichtswürdigen Leute unter denen, die mit David gezogen waren, und sprachen: Weil sie nicht mit uns gezogen sind, soll man ihnen nichts geben von der Beute, die wir gerettet haben, außer einem jeden seine Frau und seine Kinder; die sollen sie nehmen und gehen!"
2Sam.2.2,118,Weib,gender-agreement,Nominalgruppe regelbasiert angepasst; längere Pronomenbezüge/Satzkongruenz prüfen.,"Also zog David dort hinauf mit seinen beiden Frauen, Achinoam, der Jesreelitin, und Abigail, Nabals, des Karmeliters, Weib,","Also zog David dort hinauf mit seinen beiden Frauen, Achinoam, der Jesreelitin, und Abigail, Nabals, des Karmeliters, Frau,"
2Sam.3.3,36,Weibe,gender-agreement,Nominalgruppe regelbasiert angepasst; längere Pronomenbezüge/Satzkongruenz prüfen.,"der zweite Gileab, von Abigail, dem Weibe Nabals, des Karmeliters; der dritte Absalom, der Sohn der Maacha, der Tochter Talmais, des Königs zu Gesur.","der zweite Gileab, von Abigail, der Frau Nabals, des Karmeliters; der dritte Absalom, der Sohn der Maacha, der Tochter Talmais, des Königs zu Gesur."
2Sam.3.5,34,Weibe,gender-agreement,Nominalgruppe regelbasiert angepasst; längere Pronomenbezüge/Satzkongruenz prüfen.,"Der sechste Jitream von Egla, dem Weibe Davids. Diese wurden David in Hebron geboren.","Der sechste Jitream von Egla, der Frau Davids. Diese wurden David in Hebron geboren."
2Sam.3.7,19,Kebsweib,spelling-context,Kontextabhängige Schreibung/modernes Homograph; unverändert prüfen.,"Nun hatte Saul ein Kebsweib gehabt, die hieß Rizpa, eine Tochter Ajas. Und Ischboset sprach zu Abner: Warum bist du zu meines Vaters Kebsweibe gegangen?","Nun hatte Saul ein Kebsweib gehabt, die hieß Rizpa, eine Tochter Ajas. Und Ischboset sprach zu Abner: Warum bist du zu meines Vaters Kebsweibe gegangen?"
2Sam.3.8,319,Weibe,gender-agreement,Nominalgruppe regelbasiert angepasst; längere Pronomenbezüge/Satzkongruenz prüfen.,"Da ward Abner sehr zornig über diese Worte Ischbosets und sprach: Bin ich denn ein Hundskopf, der ich heute, Juda zuleide, Barmherzigkeit erweise an dem Hause deines Vaters Saul und an seinen Brüdern und an seinen Freunden und dich nicht in die Hand Davids geraten ließ? Und du wirfst mir heute ein Vergehen mit diesem Weibe vor?","Da ward Abner sehr zornig über diese Worte Ischbosets und sprach: Bin ich denn ein Hundskopf, der ich heute, Juda zuleide, Barmherzigkeit erweise an dem Hause deines Vaters Saul und an seinen Brüdern und an seinen Freunden und dich nicht in die Hand Davids geraten ließ? Und du wirfst mir heute ein Vergehen mit dieser Frau vor?"
2Sam.3.14,106,Weib,gender-agreement,Nominalgruppe regelbasiert angepasst; längere Pronomenbezüge/Satzkongruenz prüfen.,"
        David 
        sandte auch Boten zu Ischboset, dem Sohne Sauls, und ließ ihm sagen: Gib mir mein Weib Michal, die ich mir um hundert Vorhäute der Philister zum Weibe erkauft habe!","
        David 
        sandte auch Boten zu Ischboset, dem Sohne Sauls, und ließ ihm sagen: Gib mir meine Frau Michal, die ich mir um hundert Vorhäute der Philister zur Frau erkauft habe!"
2Sam.3.14,169,Weibe,gender-agreement,Nominalgruppe regelbasiert angepasst; längere Pronomenbezüge/Satzkongruenz prüfen.,"
        David 
        sandte auch Boten zu Ischboset, dem Sohne Sauls, und ließ ihm sagen: Gib mir mein Weib Michal, die ich mir um hundert Vorhäute der Philister zum Weibe erkauft habe!","
        David 
        sandte auch Boten zu Ischboset, dem Sohne Sauls, und ließ ihm sagen: Gib mir meine Frau Michal, die ich mir um hundert Vorhäute der Philister zur Frau erkauft habe!"
2Sam.11.2,158,Weib,gender-agreement,Nominalgruppe regelbasiert angepasst; längere Pronomenbezüge/Satzkongruenz prüfen.,"
        Und es begab sich, als David um den Abend von seinem Lager aufstand und auf dem Dache des königlichen Hauses umherwandelte, sah er vom Dache aus ein Weib sich baden, und das Weib war von sehr schöner Gestalt.","
        Und es begab sich, als David um den Abend von seinem Lager aufstand und auf dem Dache des königlichen Hauses umherwandelte, sah er vom Dache aus eine Frau sich baden, und die Frau war von sehr schöner Gestalt."
2Sam.11.2,183,Weib,gender-agreement,Nominalgruppe regelbasiert angepasst; längere Pronomenbezüge/Satzkongruenz prüfen.,"
        Und es begab sich, als David um den Abend von seinem Lager aufstand und auf dem Dache des königlichen Hauses umherwandelte, sah er vom Dache aus ein Weib sich baden, und das Weib war von sehr schöner Gestalt.","
        Und es begab sich, als David um den Abend von seinem Lager aufstand und auf dem Dache des königlichen Hauses umherwandelte, sah er vom Dache aus eine Frau sich baden, und die Frau war von sehr schöner Gestalt."
2Sam.11.3,50,Weibe,gender-agreement,Nominalgruppe regelbasiert angepasst; längere Pronomenbezüge/Satzkongruenz prüfen.,"Und David sandte hin und erkundigte sich nach dem Weibe, und man sprach: Ist das nicht Batseba, die Tochter Eliams, das Weib Urijas, des Hetiters?","Und David sandte hin und erkundigte sich nach der Frau, und man sprach: Ist das nicht Batseba, die Tochter Eliams, die Frau Urijas, des Hetiters?"
2Sam.11.3,120,Weib,gender-agreement,Nominalgruppe regelbasiert angepasst; längere Pronomenbezüge/Satzkongruenz prüfen.,"Und David sandte hin und erkundigte sich nach dem Weibe, und man sprach: Ist das nicht Batseba, die Tochter Eliams, das Weib Urijas, des Hetiters?","Und David sandte hin und erkundigte sich nach der Frau, und man sprach: Ist das nicht Batseba, die Tochter Eliams, die Frau Urijas, des Hetiters?"
2Sam.11.5,8,Weib,gender-agreement,Nominalgruppe regelbasiert angepasst; längere Pronomenbezüge/Satzkongruenz prüfen.,Und das Weib ward schwanger und sandte hin und ließ es David anzeigen und sagen: Ich bin schwanger geworden!,Und die Frau ward schwanger und sandte hin und ließ es David anzeigen und sagen: Ich bin schwanger geworden!
2Sam.11.11,225,Weibe,gender-agreement,Nominalgruppe regelbasiert angepasst; längere Pronomenbezüge/Satzkongruenz prüfen.,"Urija aber sprach zu David: Die Lade und Israel und Juda halten sich in Zelten auf, und mein Herr Joab und die Knechte meines Herrn lagern auf freiem Felde, und ich sollte in mein Haus gehen, essen und trinken und bei meinem Weibe liegen? So wahr du lebst und deine Seele lebt, ich tue solches nicht!","Urija aber sprach zu David: Die Lade und Israel und Juda halten sich in Zelten auf, und mein Herr Joab und die Knechte meines Herrn lagern auf freiem Felde, und ich sollte in mein Haus gehen, essen und trinken und bei meiner Frau liegen? So wahr du lebst und deine Seele lebt, ich tue solches nicht!"
2Sam.11.21,60,Weib,gender-agreement,Nominalgruppe regelbasiert angepasst; längere Pronomenbezüge/Satzkongruenz prüfen.,"Wer schlug Abimelech, den Sohn Jerub-Besets? Warf nicht ein Weib ein Stück von einem Mühlstein von der Mauer, so daß er zu Tebez starb? Warum seid ihr so nahe an die Mauer herangekommen? So sollst du sagen: Dein Knecht Urija, der Hetiter, ist auch tot!","Wer schlug Abimelech, den Sohn Jerub-Besets? Warf nicht eine Frau ein Stück von einem Mühlstein von der Mauer, so dass er zu Tebez starb? Warum seid ihr so nahe an die Mauer herangekommen? So sollst du sagen: Dein Knecht Urija, der Hetiter, ist auch tot!"
2Sam.11.26,13,Weib,gender-agreement,Nominalgruppe regelbasiert angepasst; längere Pronomenbezüge/Satzkongruenz prüfen.,"Als aber das Weib Urijas hörte, daß ihr Mann Urija tot war, trug sie Leid um ihren Herrn.","Als aber die Frau Urijas hörte, dass ihr Mann Urija tot war, trug sie Leid um ihren Herrn."
2Sam.11.27,102,Weib,gender-agreement,Nominalgruppe regelbasiert angepasst; längere Pronomenbezüge/Satzkongruenz prüfen.,"Doch die Trauer ging vorüber, und David sandte hin und ließ sie in sein Haus holen, und sie ward sein Weib und gebar ihm einen Sohn. Aber die Tat, welche David verübt hatte, mißfiel dem HERRN.","Doch die Trauer ging vorüber, und David sandte hin und ließ sie in sein Haus holen, und sie ward seine Frau und gebar ihm einen Sohn. Aber die Tat, welche David verübt hatte, missfiel dem HERRN."
2Sam.12.9,162,Weib,gender-agreement,Nominalgruppe regelbasiert angepasst; längere Pronomenbezüge/Satzkongruenz prüfen.,"Warum hast du denn das Wort des HERRN verachtet, indem du tatest, was vor seinen Augen böse ist? Urija, den Hetiter, hast du mit dem Schwert erschlagen, und sein Weib hast du dir zum Weibe genommen; ihn aber hast du durch das Schwert der Kinder Ammon umgebracht!","Warum hast du denn das Wort des HERRN verachtet, indem du tatest, was vor seinen Augen böse ist? Urija, den Hetiter, hast du mit dem Schwert erschlagen, und seine Frau hast du dir zur Frau genommen; ihn aber hast du durch das Schwert der Kinder Ammon umgebracht!"
2Sam.12.9,183,Weibe,gender-agreement,Nominalgruppe regelbasiert angepasst; längere Pronomenbezüge/Satzkongruenz prüfen.,"Warum hast du denn das Wort des HERRN verachtet, indem du tatest, was vor seinen Augen böse ist? Urija, den Hetiter, hast du mit dem Schwert erschlagen, und sein Weib hast du dir zum Weibe genommen; ihn aber hast du durch das Schwert der Kinder Ammon umgebracht!","Warum hast du denn das Wort des HERRN verachtet, indem du tatest, was vor seinen Augen böse ist? Urija, den Hetiter, hast du mit dem Schwert erschlagen, und seine Frau hast du dir zur Frau genommen; ihn aber hast du durch das Schwert der Kinder Ammon umgebracht!"
2Sam.12.10,98,Weib,gender-agreement,Nominalgruppe regelbasiert angepasst; längere Pronomenbezüge/Satzkongruenz prüfen.,"Nun soll auch von deinem Hause das Schwert nicht weichen ewiglich, weil du mich verachtet und das Weib Urijas, des Hetiters, genommen hast, daß sie dein Weib sei!","Nun soll auch von deinem Hause das Schwert nicht weichen ewiglich, weil du mich verachtet und die Frau Urijas, des Hetiters, genommen hast, dass sie deine Frau sei!"
2Sam.12.10,153,Weib,gender-agreement,Nominalgruppe regelbasiert angepasst; längere Pronomenbezüge/Satzkongruenz prüfen.,"Nun soll auch von deinem Hause das Schwert nicht weichen ewiglich, weil du mich verachtet und das Weib Urijas, des Hetiters, genommen hast, daß sie dein Weib sei!","Nun soll auch von deinem Hause das Schwert nicht weichen ewiglich, weil du mich verachtet und die Frau Urijas, des Hetiters, genommen hast, dass sie deine Frau sei!"
2Sam.12.15,73,Weib,gender-agreement,Nominalgruppe regelbasiert angepasst; längere Pronomenbezüge/Satzkongruenz prüfen.,"
        Und Natan ging heim. Aber der HERR schlug das Kind, welches das Weib Urijas dem David geboren hatte, so daß es todkrank ward.","
        Und Natan ging heim. Aber der HERR schlug das Kind, welches die Frau Urijas dem David geboren hatte, so dass es todkrank ward."
2Sam.12.24,28,Weib,gender-agreement,Nominalgruppe regelbasiert angepasst; längere Pronomenbezüge/Satzkongruenz prüfen.,"
        Und als David sein Weib Batseba getröstet hatte, ging er zu ihr hinein und schlief bei ihr. Und sie gebar einen Sohn, den hieß er Salomo.","
        Und als David seine Frau Batseba getröstet hatte, ging er zu ihr hinein und schlief bei ihr. Und sie gebar einen Sohn, den hieß er Salomo."
2Sam.14.2,44,Weib,gender-agreement,Nominalgruppe regelbasiert angepasst; längere Pronomenbezüge/Satzkongruenz prüfen.,"sandte er hin gen Tekoa und ließ ein kluges Weib von dort holen und sprach zu ihr: Stelle dich doch trauernd und ziehe Trauerkleider an und salbe dich nicht mit Öl, sondern stelle dich wie ein Weib, das lange Zeit um einen Toten Leid getragen hat.","sandte er hin gen Tekoa und ließ eine kluge Frau von dort holen und sprach zu ihr: Stelle dich doch trauernd und ziehe Trauerkleider an und salbe dich nicht mit Öl, sondern stelle dich wie eine Frau, die lange Zeit um einen Toten Leid getragen hat."
2Sam.14.2,193,Weib,gender-agreement,Nominalgruppe regelbasiert angepasst; längere Pronomenbezüge/Satzkongruenz prüfen.,"sandte er hin gen Tekoa und ließ ein kluges Weib von dort holen und sprach zu ihr: Stelle dich doch trauernd und ziehe Trauerkleider an und salbe dich nicht mit Öl, sondern stelle dich wie ein Weib, das lange Zeit um einen Toten Leid getragen hat.","sandte er hin gen Tekoa und ließ eine kluge Frau von dort holen und sprach zu ihr: Stelle dich doch trauernd und ziehe Trauerkleider an und salbe dich nicht mit Öl, sondern stelle dich wie eine Frau, die lange Zeit um einen Toten Leid getragen hat."
2Sam.14.4,12,Weib,gender-agreement,Nominalgruppe regelbasiert angepasst; längere Pronomenbezüge/Satzkongruenz prüfen.,"Als nun das Weib von Tekoa mit dem König reden wollte, fiel sie auf ihr Angesicht zur Erde, verneigte sich und sprach: Hilf mir, o König!","Als nun die Frau von Tekoa mit dem König reden wollte, fiel sie auf ihr Angesicht zur Erde, verneigte sich und sprach: Hilf mir, o König!"
2Sam.14.8,24,Weibe,gender-agreement,Nominalgruppe regelbasiert angepasst; längere Pronomenbezüge/Satzkongruenz prüfen.,"Da sprach der König zum Weibe: Gehe heim, ich will deinetwegen Befehle geben!","Da sprach der König zur Frau: Gehe heim, ich will deinetwegen Befehle geben!"
2Sam.14.9,14,Weib,gender-agreement,Nominalgruppe regelbasiert angepasst; längere Pronomenbezüge/Satzkongruenz prüfen.,Da sprach das Weib von Tekoa zum König: Auf mir sei die Schuld und auf meines Vaters Haus; der König aber und sein Thron seien unschuldig!,Da sprach die Frau von Tekoa zum König: Auf mir sei die Schuld und auf meines Vaters Haus; der König aber und sein Thron seien unschuldig!
2Sam.14.12,8,Weib,gender-agreement,Nominalgruppe regelbasiert angepasst; längere Pronomenbezüge/Satzkongruenz prüfen.,"Und das Weib sprach: Laß doch deine Magd meinem Herrn, dem König, etwas sagen. Er aber sprach: Sag her!","Und die Frau sprach: Lass doch deine Magd meinem Herrn, dem König, etwas sagen. Er aber sprach: Sag her!"
2Sam.14.13,22,Weib,gender-agreement,Nominalgruppe regelbasiert angepasst; längere Pronomenbezüge/Satzkongruenz prüfen.,"
        Das 
        Weib 
        sprach: Warum hast du denn solches wider das Volk Gottes im Sinn? Und mit dem, was der König geredet, hat er sich selbst schuldig gesprochen, weil der König seinen Verstoßenen nicht zurückholen läßt.","
        Die 
        Frau 
        sprach: Warum hast du denn solches wider das Volk Gottes im Sinn? Und mit dem, was der König geredet, hat er sich selbst schuldig gesprochen, weil der König seinen Verstoßenen nicht zurückholen lässt."
2Sam.14.18,39,Weibe,gender-agreement,Nominalgruppe regelbasiert angepasst; längere Pronomenbezüge/Satzkongruenz prüfen.,"Der König antwortete und sprach zu dem Weibe: Verhehle mir doch nicht, was ich dich frage! Das Weib sprach: Mein Herr, der König, sage an!","Der König antwortete und sprach zu der Frau: Verhehle mir doch nicht, was ich dich frage! Die Frau sprach: Mein Herr, der König, sage an!"
2Sam.14.18,95,Weib,gender-agreement,Nominalgruppe regelbasiert angepasst; längere Pronomenbezüge/Satzkongruenz prüfen.,"Der König antwortete und sprach zu dem Weibe: Verhehle mir doch nicht, was ich dich frage! Das Weib sprach: Mein Herr, der König, sage an!","Der König antwortete und sprach zu der Frau: Verhehle mir doch nicht, was ich dich frage! Die Frau sprach: Mein Herr, der König, sage an!"
2Sam.14.19,91,Weib,gender-agreement,Nominalgruppe regelbasiert angepasst; längere Pronomenbezüge/Satzkongruenz prüfen.,"
        Der 
        König 
        sprach: Ist nicht Joabs Hand mit dir bei alledem? Das Weib antwortete und sprach: So wahr deine Seele lebt, mein Herr und König, es ist nicht möglich, weder zur Rechten noch zur Linken auszuweichen bei allem, was mein Herr, der König, sagt. Ja, dein Knecht Joab hat es mir befohlen, und er selbst hat alle diese Worte deiner Magd in den Mund gelegt.","
        Der 
        König 
        sprach: Ist nicht Joabs Hand mit dir bei alledem? Die Frau antwortete und sprach: So wahr deine Seele lebt, mein Herr und König, es ist nicht möglich, weder zur Rechten noch zur Linken auszuweichen bei allem, was mein Herr, der König, sagt. Ja, dein Knecht Joab hat es mir befohlen, und er selbst hat alle diese Worte deiner Magd in den Mund gelegt."
2Sam.14.27,88,Weib,gender-agreement,Nominalgruppe regelbasiert angepasst; längere Pronomenbezüge/Satzkongruenz prüfen.,"Und dem Absalom wurden drei Söhne geboren und eine Tochter, die hieß Tamar; die war ein Weib von schöner Gestalt.","Und dem Absalom wurden drei Söhne geboren und eine Tochter, die hieß Tamar; die war eine Frau von schöner Gestalt."
2Sam.16.23,43,soviel,spelling-context,Kontextabhängige Schreibung/modernes Homograph; unverändert prüfen.,"Ahitophels Rat galt nämlich in jenen Tagen soviel, als hätte man das Wort Gottes befragt; so galten alle Ratschläge Ahitophels bei David und bei Absalom.","Ahitophels Rat galt nämlich in jenen Tagen soviel, als hätte man das Wort Gottes befragt; so galten alle Ratschläge Ahitophels bei David und bei Absalom."
2Sam.17.19,8,Weib,gender-agreement,Nominalgruppe regelbasiert angepasst; längere Pronomenbezüge/Satzkongruenz prüfen.,"Und das Weib nahm eine Decke und breitete sie über die Öffnung der Zisterne und streute Grütze darüber, so daß man nichts merkte.","Und die Frau nahm eine Decke und breitete sie über die Öffnung der Zisterne und streute Grütze darüber, so dass man nichts merkte."
2Sam.17.20,32,Weibe,gender-agreement,Nominalgruppe regelbasiert angepasst; längere Pronomenbezüge/Satzkongruenz prüfen.,"Als nun Absaloms Knechte zu dem Weibe in das Haus kamen, fragten sie: Wo sind Ahimaaz und Jonatan? Das Weib antwortete: Sie sind über den Bach gegangen. Da suchten sie dieselben, konnten sie aber nicht finden und kehrten wieder nach Jerusalem zurück.","Als nun Absaloms Knechte zu der Frau in das Haus kamen, fragten sie: Wo sind Ahimaaz und Jonatan? Die Frau antwortete: Sie sind über den Bach gegangen. Da suchten sie dieselben, konnten sie aber nicht finden und kehrten wieder nach Jerusalem zurück."
2Sam.17.20,103,Weib,gender-agreement,Nominalgruppe regelbasiert angepasst; längere Pronomenbezüge/Satzkongruenz prüfen.,"Als nun Absaloms Knechte zu dem Weibe in das Haus kamen, fragten sie: Wo sind Ahimaaz und Jonatan? Das Weib antwortete: Sie sind über den Bach gegangen. Da suchten sie dieselben, konnten sie aber nicht finden und kehrten wieder nach Jerusalem zurück.","Als nun Absaloms Knechte zu der Frau in das Haus kamen, fragten sie: Wo sind Ahimaaz und Jonatan? Die Frau antwortete: Sie sind über den Bach gegangen. Da suchten sie dieselben, konnten sie aber nicht finden und kehrten wieder nach Jerusalem zurück."
2Sam.21.11,70,Kebsweib,spelling-context,Kontextabhängige Schreibung/modernes Homograph; unverändert prüfen.,"Als nun dem David angezeigt wurde, was Rizpa, die Tochter Ajas, Sauls Kebsweib, getan hatte,","Als nun dem David angezeigt wurde, was Rizpa, die Tochter Ajas, Sauls Kebsweib, getan hatte,"
2Sam.22.15,3,schoß,spelling-context,Kontextabhängige Schreibung/modernes Homograph; unverändert prüfen.,"er schoß seine Pfeile und zerstreute sie, schleuderte Blitze und schreckte sie.","er schoß seine Pfeile und zerstreute sie, schleuderte Blitze und schreckte sie."
1Kgs.2.17,129,Weibe,gender-agreement,Nominalgruppe regelbasiert angepasst; längere Pronomenbezüge/Satzkongruenz prüfen.,"
        Sage her! Er sprach: Rede doch mit dem König Salomo (denn dich wird er nicht abweisen), daß er mir Abisag von Sunem zum Weibe gebe.","
        Sage her! Er sprach: Rede doch mit dem König Salomo (denn dich wird er nicht abweisen), dass er mir Abisag von Sunem zur Frau gebe."
1Kgs.2.21,63,Weibe,gender-agreement,Nominalgruppe regelbasiert angepasst; längere Pronomenbezüge/Satzkongruenz prüfen.,Sie sprach: Man gebe Abisag von Sunem deinem Bruder Adonia zum Weibe!,Sie sprach: Man gebe Abisag von Sunem deinem Bruder Adonia zur Frau!
1Kgs.3.17,13,Weib,gender-agreement,Nominalgruppe regelbasiert angepasst; längere Pronomenbezüge/Satzkongruenz prüfen.,"Und das eine Weib sprach: Ach, mein Herr, ich und dieses Weib wohnten in einem Hause, und ich gebar bei ihr im Hause;","Und das eine Frau sprach: Ach, mein Herr, ich und diese Frau wohnten in einem Hause, und ich gebar bei ihr im Hause;"
1Kgs.3.17,57,Weib,gender-agreement,Nominalgruppe regelbasiert angepasst; längere Pronomenbezüge/Satzkongruenz prüfen.,"Und das eine Weib sprach: Ach, mein Herr, ich und dieses Weib wohnten in einem Hause, und ich gebar bei ihr im Hause;","Und das eine Frau sprach: Ach, mein Herr, ich und diese Frau wohnten in einem Hause, und ich gebar bei ihr im Hause;"
1Kgs.3.19,20,Weibes,gender-agreement,Nominalgruppe regelbasiert angepasst; längere Pronomenbezüge/Satzkongruenz prüfen.,Und der Sohn dieses Weibes starb in der Nacht; denn sie hatte ihn im Schlafe erdrückt.,Und der Sohn dieser Frau starb in der Nacht; denn sie hatte ihn im Schlafe erdrückt.
1Kgs.3.22,11,Weib,gender-agreement,Nominalgruppe regelbasiert angepasst; längere Pronomenbezüge/Satzkongruenz prüfen.,"Das andere Weib sprach: Nicht also, sondern mein Sohn lebt, und dein Sohn ist tot! Jene aber sprach: Nicht also, dein Sohn ist tot und mein Sohn lebt! Also redeten sie vor dem König.","Die andere Frau sprach: Nicht also, sondern mein Sohn lebt, und dein Sohn ist tot! Jene aber sprach: Nicht also, dein Sohn ist tot und mein Sohn lebt! Also redeten sie vor dem König."
1Kgs.4.11,83,Weibe,gender-agreement,Nominalgruppe regelbasiert angepasst; längere Pronomenbezüge/Satzkongruenz prüfen.,"der Sohn Abinadabs über ganz Naphet-Dor. Dieser hatte Taphat, Salomos Tochter, zum Weibe.","der Sohn Abinadabs über ganz Naphet-Dor. Dieser hatte Taphat, Salomos Tochter, zur Frau."
1Kgs.4.15,48,Weibe,gender-agreement,Nominalgruppe regelbasiert angepasst; längere Pronomenbezüge/Satzkongruenz prüfen.,"auch er hatte eine Tochter Salomos, Basmat, zum Weibe.","auch er hatte eine Tochter Salomos, Basmat, zur Frau."
1Kgs.5.20,152,soviel,spelling-context,Kontextabhängige Schreibung/modernes Homograph; unverändert prüfen.,"So gebiete nun, daß man mir Zedern vom Libanon haue; und meine Knechte sollen mit deinen Knechten sein, und den Lohn deiner Knechte will ich dir geben, soviel du verlangst; denn dir ist bekannt, daß niemand unter uns ist, der Holz zu hauen weiß wie die Zidonier.","So gebiete nun, dass man mir Zedern vom Libanon haue; und meine Knechte sollen mit deinen Knechten sein, und den Lohn deiner Knechte will ich dir geben, soviel du verlangst; denn dir ist bekannt, dass niemand unter uns ist, der Holz zu hauen weiß wie die Zidonier."
1Kgs.9.24,0,Sobald,spelling-context,Kontextabhängige Schreibung/modernes Homograph; unverändert prüfen.,"Sobald die Tochter des Pharao heraufgezogen war von der Stadt Davids in ihr Haus, das er für sie gebaut hatte, da baute er auch den Millo.","Sobald die Tochter des Pharao heraufgezogen war von der Stadt Davids in ihr Haus, das er für sie gebaut hatte, da baute er auch den Millo."
1Kgs.10.12,148,soviel,spelling-context,Kontextabhängige Schreibung/modernes Homograph; unverändert prüfen.,"
        Und der König ließ aus Sandelholz Treppen machen für das Haus des HERRN und für das Haus des Königs und Harfen und Psalter für die Sänger; soviel Sandelholz ist nie mehr ins Land gekommen noch gesehen worden bis auf diesen Tag.","
        Und der König ließ aus Sandelholz Treppen machen für das Haus des HERRN und für das Haus des Königs und Harfen und Psalter für die Sänger; soviel Sandelholz ist nie mehr ins Land gekommen noch gesehen worden bis auf diesen Tag."
1Kgs.11.19,130,Weibe,gender-agreement,Nominalgruppe regelbasiert angepasst; längere Pronomenbezüge/Satzkongruenz prüfen.,"Und Hadad fand große Gnade beim Pharao, so daß er ihm auch seiner Gemahlin Schwester, die Schwester der Gebieterin Tachpenes, zum Weibe gab.","Und Hadad fand große Gnade beim Pharao, so dass er ihm auch seiner Gemahlin Schwester, die Schwester der Gebieterin Tachpenes, zur Frau gab."
1Kgs.14.2,30,Weibe,gender-agreement,Nominalgruppe regelbasiert angepasst; längere Pronomenbezüge/Satzkongruenz prüfen.,"Und Jerobeam sprach zu seinem Weibe: Mache dich auf und verstelle dich, daß niemand merke, daß du Jerobeams Weib bist, und gehe nach Silo; siehe, daselbst ist der Prophet Achija, der von mir geredet hat, daß ich König über dieses Volk sein sollte;","Und Jerobeam sprach zu seiner Frau: Mache dich auf und verstelle dich, dass niemand merke, dass du Jerobeams Frau bist, und gehe nach Silo; siehe, daselbst ist der Prophet Achija, der von mir geredet hat, dass ich König über dieses Volk sein sollte;"
1Kgs.14.2,108,Weib,gender-agreement,Nominalgruppe regelbasiert angepasst; längere Pronomenbezüge/Satzkongruenz prüfen.,"Und Jerobeam sprach zu seinem Weibe: Mache dich auf und verstelle dich, daß niemand merke, daß du Jerobeams Weib bist, und gehe nach Silo; siehe, daselbst ist der Prophet Achija, der von mir geredet hat, daß ich König über dieses Volk sein sollte;","Und Jerobeam sprach zu seiner Frau: Mache dich auf und verstelle dich, dass niemand merke, dass du Jerobeams Frau bist, und gehe nach Silo; siehe, daselbst ist der Prophet Achija, der von mir geredet hat, dass ich König über dieses Volk sein sollte;"
1Kgs.14.4,8,Weib,gender-agreement,Nominalgruppe regelbasiert angepasst; längere Pronomenbezüge/Satzkongruenz prüfen.,"Und das Weib Jerobeams tat so und machte sich auf und ging hin nach Silo und kam in das Haus Achijas. Achija aber konnte nicht sehen, denn seine Augen waren starr geworden vor Alter.","Und die Frau Jerobeams tat so und machte sich auf und ging hin nach Silo und kam in das Haus Achijas. Achija aber konnte nicht sehen, denn seine Augen waren starr geworden vor Alter."
1Kgs.14.5,53,Weib,gender-agreement,Nominalgruppe regelbasiert angepasst; längere Pronomenbezüge/Satzkongruenz prüfen.,"Aber der HERR hatte zu Achija gesprochen: Siehe, das Weib Jerobeams kommt, um von dir ein Wort zu erlangen betreffs ihres Sohnes; denn er ist krank. So rede nun mit ihr so und so! Als sie nun hineinkam, stellte sie sich fremd.","Aber der HERR hatte zu Achija gesprochen: Siehe, die Frau Jerobeams kommt, um von dir ein Wort zu erlangen betreffs ihres Sohnes; denn er ist krank. So rede nun mit ihr so und so! Als sie nun hineinkam, stellte sie sich fremd."
1Kgs.14.6,101,Weib,gender-agreement,Nominalgruppe regelbasiert angepasst; längere Pronomenbezüge/Satzkongruenz prüfen.,"Als aber Achija das Geräusch ihrer Füße hörte, wie sie zur Tür hereinkam, sprach er: Komm herein, du Weib Jerobeams! Warum stellst du dich so fremd? Ich bin mit einer harten Botschaft an dich beauftragt!","Als aber Achija das Geräusch ihrer Füße hörte, wie sie zur Tür hereinkam, sprach er: Komm herein, du Frau Jerobeams! Warum stellst du dich so fremd? Ich bin mit einer harten Botschaft an dich beauftragt!"
1Kgs.14.17,19,Weib,gender-agreement,Nominalgruppe regelbasiert angepasst; längere Pronomenbezüge/Satzkongruenz prüfen.,"Da machte sich das Weib Jerobeams auf, ging hin und kam gen Tirza. Und als sie die Schwelle des Hauses betrat, starb der Knabe.","Da machte sich die Frau Jerobeams auf, ging hin und kam gen Tirza. Und als sie die Schwelle des Hauses betrat, starb der Knabe."
1Kgs.16.31,167,Weibe,gender-agreement,Nominalgruppe regelbasiert angepasst; längere Pronomenbezüge/Satzkongruenz prüfen.,"Denn das war noch das Geringste, daß er in den Sünden Jerobeams, des Sohnes Nebats, wandelte; er nahm sogar Isebel, die Tochter Et-Baals, des Königs der Zidonier, zum Weibe und ging hin und diente dem Baal und betete ihn an.","Denn das war noch das Geringste, dass er in den Sünden Jerobeams, des Sohnes Nebats, wandelte; er nahm sogar Isebel, die Tochter Et-Baals, des Königs der Zidonier, zur Frau und ging hin und diente dem Baal und betete ihn an."
1Kgs.17.17,47,Weibes,gender-agreement,Nominalgruppe regelbasiert angepasst; längere Pronomenbezüge/Satzkongruenz prüfen.,"Aber nach diesen Geschichten ward der Sohn des Weibes, der Hauswirtin, krank, und seine Krankheit ward so schwer, daß kein Atem mehr in ihm blieb.","Aber nach diesen Geschichten ward der Sohn der Frau, der Hauswirtin, krank, und seine Krankheit ward so schwer, dass kein Atem mehr in ihm blieb."
1Kgs.17.19,69,Schoß,spelling-context,Kontextabhängige Schreibung/modernes Homograph; unverändert prüfen.,"Er sprach zu ihr: Gib mir deinen Sohn her! Und er nahm ihn von ihrem Schoß und trug ihn hinauf in das Obergemach, wo er wohnte, und legte ihn auf sein Bett;","Er sprach zu ihr: Gib mir deinen Sohn her! Und er nahm ihn von ihrem Schoß und trug ihn hinauf in das Obergemach, wo er wohnte, und legte ihn auf sein Bett;"
1Kgs.17.24,14,Weib,gender-agreement,Nominalgruppe regelbasiert angepasst; längere Pronomenbezüge/Satzkongruenz prüfen.,"Da sprach das Weib zu Elia: Nun erkenne ich, daß du ein Mann Gottes bist und daß das Wort des HERRN in deinem Munde Wahrheit ist!","Da sprach die Frau zu Elia: Nun erkenne ich, dass du ein Mann Gottes bist und dass das Wort des HERRN in deinem Munde Wahrheit ist!"
1Kgs.18.28,111,floß,spelling-context,Kontextabhängige Schreibung/modernes Homograph; unverändert prüfen.,"Und sie riefen laut und machten Einschnitte nach ihrer Weise mit Schwertern und Spießen, bis das Blut über sie floß.","Und sie riefen laut und machten Einschnitte nach ihrer Weise mit Schwertern und Spießen, bis das Blut über sie floß."
1Kgs.21.5,12,Weib,gender-agreement,Nominalgruppe regelbasiert angepasst; längere Pronomenbezüge/Satzkongruenz prüfen.,Da kam sein Weib Isebel zu ihm hinein und redete mit ihm: Warum bist du so mißmutig und issest nichts?,Da kam seine Frau Isebel zu ihm hinein und redete mit ihm: Warum bist du so missmutig und issest nichts?
1Kgs.21.7,15,Weib,gender-agreement,Nominalgruppe regelbasiert angepasst; längere Pronomenbezüge/Satzkongruenz prüfen.,"Da sprach sein Weib Isebel zu ihm: Erzeige dich jetzt als König über Israel! Stehe auf und iß etwas und sei guten Muts! Ich will dir den Weinberg Nabots, des Jesreeliten, verschaffen!","Da sprach seine Frau Isebel zu ihm: Erzeige dich jetzt als König über Israel! Stehe auf und iss etwas und sei guten Muts! Ich will dir den Weinberg Nabots, des Jesreeliten, verschaffen!"
1Kgs.21.25,89,Weib,gender-agreement,Nominalgruppe regelbasiert angepasst; längere Pronomenbezüge/Satzkongruenz prüfen.,"Gar niemand war wie Ahab, der sich verkauft hatte, Übles zu tun vor dem HERRN, wozu sein Weib Isebel ihn überredete.","Gar niemand war wie Ahab, der sich verkauft hatte, Übles zu tun vor dem HERRN, wozu seine Frau Isebel ihn überredete."
1Kgs.22.35,152,floß,spelling-context,Kontextabhängige Schreibung/modernes Homograph; unverändert prüfen.,"Da aber gerade um diese Zeit der Streit zunahm, mußte der König auf dem Wagen stehen bleiben, den Syrern gegenüber, und er starb am Abend, und das Blut floß von der Wunde mitten in den Wagen.","Da aber gerade um diese Zeit der Streit zunahm, musste der König auf dem Wagen stehen bleiben, den Syrern gegenüber, und er starb am Abend, und das Blut floß von der Wunde mitten in den Wagen."
2Kgs.4.17,18,Weib,gender-agreement,Nominalgruppe regelbasiert angepasst; längere Pronomenbezüge/Satzkongruenz prüfen.,"
        Aber das Weib empfing und gebar einen Sohn um dieselbe Zeit, im nächsten Jahre, wie Elisa ihr verheißen hatte.","
        Aber die Frau empfing und gebar einen Sohn um dieselbe Zeit, im nächsten Jahre, wie Elisa ihr verheißen hatte."
2Kgs.6.26,70,Weib,gender-agreement,Nominalgruppe regelbasiert angepasst; längere Pronomenbezüge/Satzkongruenz prüfen.,"Und als der König von Israel auf der Mauer einherging, flehte ihn ein Weib an und sprach: Hilf mir, mein Herr und König!","Und als der König von Israel auf der Mauer einherging, flehte ihn eine Frau an und sprach: Hilf mir, mein Herr und König!"
2Kgs.6.28,95,Weib,gender-agreement,Nominalgruppe regelbasiert angepasst; längere Pronomenbezüge/Satzkongruenz prüfen.,"Von der Tenne oder von der Kelter? Und der König fragte sie: Was willst du? Sie sprach: Dieses Weib sprach zu mir: Gib deinen Sohn her, daß wir ihn heute essen; morgen wollen wir dann meinen Sohn essen!","Von der Tenne oder von der Kelter? Und der König fragte sie: Was willst du? Sie sprach: Diese Frau sprach zu mir: Gib deinen Sohn her, dass wir ihn heute essen; morgen wollen wir dann meinen Sohn essen!"
2Kgs.6.30,28,Weibes,gender-agreement,Nominalgruppe regelbasiert angepasst; längere Pronomenbezüge/Satzkongruenz prüfen.,"Als der König die Worte des Weibes hörte, zerriß er seine Kleider, während er auf der Mauer einherging. Da sah das Volk, daß er darunter auf seinem Leibe einen Sack trug.","Als der König die Worte der Frau hörte, zerriss er seine Kleider, während er auf der Mauer einherging. Da sah das Volk, dass er darunter auf seinem Leibe einen Sack trug."
2Kgs.8.1,25,Weibe,gender-agreement,Nominalgruppe regelbasiert angepasst; längere Pronomenbezüge/Satzkongruenz prüfen.,"Und Elisa redete mit dem Weibe, deren Sohn er lebendig gemacht hatte, und sprach: Mache dich auf und gehe hin mit deinem Haushalt und halte dich in der Fremde auf, wo du kannst! Denn der HERR hat eine Hungersnot herbeigerufen. Und sie kommt auch in das Land, sieben Jahre lang.","Und Elisa redete mit der Frau, deren Sohn er lebendig gemacht hatte, und sprach: Mache dich auf und gehe hin mit deinem Haushalt und halte dich in der Fremde auf, wo du kannst! Denn der HERR hat eine Hungersnot herbeigerufen. Und sie kommt auch in das Land, sieben Jahre lang."
2Kgs.8.2,22,Weib,gender-agreement,Nominalgruppe regelbasiert angepasst; längere Pronomenbezüge/Satzkongruenz prüfen.,"
        Das 
        Weib 
        machte 
        sich 
        auf und tat, wie der Mann Gottes sagte, und zog hin mit ihren Hausgenossen und hielt sich im Lande der Philister auf, sieben Jahre lang.","
        Die 
        Frau 
        machte 
        sich 
        auf und tat, wie der Mann Gottes sagte, und zog hin mit ihren Hausgenossen und hielt sich im Lande der Philister auf, sieben Jahre lang."
2Kgs.8.3,48,Weib,gender-agreement,Nominalgruppe regelbasiert angepasst; längere Pronomenbezüge/Satzkongruenz prüfen.,"Als aber die sieben Jahre vorbei waren, kam das Weib wieder aus dem Lande der Philister, und sie ging hin, um den König wegen ihres Hauses und wegen ihres Ackers anzurufen.","Als aber die sieben Jahre vorbei waren, kam die Frau wieder aus dem Lande der Philister, und sie ging hin, um den König wegen ihres Hauses und wegen ihres Ackers anzurufen."
2Kgs.8.5,106,Weib,gender-agreement,Nominalgruppe regelbasiert angepasst; längere Pronomenbezüge/Satzkongruenz prüfen.,"Während er aber dem Könige erzählte, wie jener einen Toten lebendig gemacht hatte, siehe, da kam eben das Weib, deren Sohn er lebendig gemacht hatte, dazu und rief den König an wegen ihres Hauses und wegen ihres Ackers. Da sprach Gehasi: Mein Herr und König, hier ist das Weib, und dies ist ihr Sohn, den Elisa lebendig gemacht hat!","Während er aber dem Könige erzählte, wie jener einen Toten lebendig gemacht hatte, siehe, da kam eben die Frau, deren Sohn er lebendig gemacht hatte, dazu und rief den König an wegen ihres Hauses und wegen ihres Ackers. Da sprach Gehasi: Mein Herr und König, hier ist die Frau, und dies ist ihr Sohn, den Elisa lebendig gemacht hat!"
2Kgs.8.5,272,Weib,gender-agreement,Nominalgruppe regelbasiert angepasst; längere Pronomenbezüge/Satzkongruenz prüfen.,"Während er aber dem Könige erzählte, wie jener einen Toten lebendig gemacht hatte, siehe, da kam eben das Weib, deren Sohn er lebendig gemacht hatte, dazu und rief den König an wegen ihres Hauses und wegen ihres Ackers. Da sprach Gehasi: Mein Herr und König, hier ist das Weib, und dies ist ihr Sohn, den Elisa lebendig gemacht hat!","Während er aber dem Könige erzählte, wie jener einen Toten lebendig gemacht hatte, siehe, da kam eben die Frau, deren Sohn er lebendig gemacht hatte, dazu und rief den König an wegen ihres Hauses und wegen ihres Ackers. Da sprach Gehasi: Mein Herr und König, hier ist die Frau, und dies ist ihr Sohn, den Elisa lebendig gemacht hat!"
2Kgs.8.6,24,Weib,gender-agreement,Nominalgruppe regelbasiert angepasst; längere Pronomenbezüge/Satzkongruenz prüfen.,"Da fragte der König das Weib, und sie erzählte es ihm. Da gab ihr der König einen Kämmerer und sprach: Verschaffe ihr alles wieder, was ihr gehört; dazu allen Ertrag des Ackers seit der Zeit, da sie das Land verlassen hat, bis jetzt.","Da fragte der König die Frau, und sie erzählte es ihm. Da gab ihr der König einen Kämmerer und sprach: Verschaffe ihr alles wieder, was ihr gehört; dazu allen Ertrag des Ackers seit der Zeit, da sie das Land verlassen hat, bis jetzt."
2Kgs.8.18,108,Weib,gender-agreement,Nominalgruppe regelbasiert angepasst; längere Pronomenbezüge/Satzkongruenz prüfen.,"Und er wandelte auf dem Wege der Könige von Israel, wie das Haus Ahabs tat; denn die Tochter Ahabs war sein Weib, und er tat, was dem HERRN übel gefiel.","Und er wandelte auf dem Wege der Könige von Israel, wie das Haus Ahabs tat; denn die Tochter Ahabs war seine Frau, und er tat, was dem HERRN übel gefiel."
2Kgs.9.24,38,schoß,spelling-context,Kontextabhängige Schreibung/modernes Homograph; unverändert prüfen.,"Aber Jehu nahm den Bogen zur Hand und schoß Joram zwischen die Schultern, so daß der Pfeil durch sein Herz fuhr und er in seinen Wagen sank.","Aber Jehu nahm den Bogen zur Hand und schoß Joram zwischen die Schultern, so dass der Pfeil durch sein Herz fuhr und er in seinen Wagen sank."
2Kgs.10.2,0,Sobald,spelling-context,Kontextabhängige Schreibung/modernes Homograph; unverändert prüfen.,"Sobald dieser Brief zu euch kommt, die ihr über eures Herrn Söhne, Wagen, Pferde und über feste Städte und Rüstungen verfügt, so sehet,","Sobald dieser Brief zu euch kommt, die ihr über eures Herrn Söhne, Wagen, Pferde und über feste Städte und Rüstungen verfügt, so sehet,"
2Kgs.13.17,87,schoß,spelling-context,Kontextabhängige Schreibung/modernes Homograph; unverändert prüfen.,"Tue das Fenster auf gegen Morgen! Und er tat es auf. Und Elisa sprach: Schieße! Und er schoß. Er aber sprach: Ein Pfeil des Heils vom HERRN, ein Pfeil des Heils wider die Syrer! Du wirst die Syrer schlagen zu Aphek, bis sie aufgerieben sind!","Tue das Fenster auf gegen Morgen! Und er tat es auf. Und Elisa sprach: Schieße! Und er schoß. Er aber sprach: Ein Pfeil des Heils vom HERRN, ein Pfeil des Heils wider die Syrer! Du wirst die Syrer schlagen zu Aphek, bis sie aufgerieben sind!"
2Kgs.13.21,133,sobald,spelling-context,Kontextabhängige Schreibung/modernes Homograph; unverändert prüfen.,"Und es begab sich, als man einen Mann begrub, sahen sie plötzlich die Streifschar kommen; da warfen sie den Mann in Elisas Grab. Und sobald der Mann die Gebeine Elisas berührte, ward er lebendig und stand auf seine Füße.","Und es begab sich, als man einen Mann begrub, sahen sie plötzlich die Streifschar kommen; da warfen sie den Mann in Elisas Grab. Und sobald der Mann die Gebeine Elisas berührte, ward er lebendig und stand auf seine Füße."
2Kgs.14.5,0,Sobald,spelling-context,Kontextabhängige Schreibung/modernes Homograph; unverändert prüfen.,"Sobald er nun die Herrschaft fest in Händen hatte, erschlug er seine Knechte, die seinen königlichen Vater erschlagen hatten.","Sobald er nun die Herrschaft fest in Händen hatte, erschlug er seine Knechte, die seinen königlichen Vater erschlagen hatten."
2Kgs.14.9,200,Weibe,gender-agreement,Nominalgruppe regelbasiert angepasst; längere Pronomenbezüge/Satzkongruenz prüfen.,"Aber Joas, der König von Israel, sandte zu Amazia, dem König von Juda, und ließ ihm sagen: Der Dornstrauch am Libanon sandte zur Zeder am Libanon und ließ ihr sagen: Gib deine Tochter meinem Sohn zum Weibe! Aber das Wild auf dem Libanon lief über den Dornstrauch und zertrat ihn.","Aber Joas, der König von Israel, sandte zu Amazia, dem König von Juda, und ließ ihm sagen: Der Dornstrauch am Libanon sandte zur Zeder am Libanon und ließ ihr sagen: Gib deine Tochter meinem Sohn zur Frau! Aber das Wild auf dem Libanon lief über den Dornstrauch und zertrat ihn."
2Kgs.22.14,93,Weibe,gender-agreement,Nominalgruppe regelbasiert angepasst; längere Pronomenbezüge/Satzkongruenz prüfen.,"Da gingen der Priester Hilkia, Achikam, Achbor, Saphan und Asaja zu der Prophetin Hulda, dem Weibe Sallums, des Sohnes, Tikwas, des Sohnes Harhas, des Hüters der Kleider. Sie wohnte aber zu Jerusalem, im andern Stadtteil. Und sie redeten mit ihr.","Da gingen der Priester Hilkia, Achikam, Achbor, Saphan und Asaja zu der Prophetin Hulda, der Frau Sallums, des Sohnes, Tikwas, des Sohnes Harhas, des Hüters der Kleider. Sie wohnte aber zu Jerusalem, im andern Stadtteil. Und sie redeten mit ihr."
1Chr.1.50,120,Weibes,gender-agreement,Nominalgruppe regelbasiert angepasst; längere Pronomenbezüge/Satzkongruenz prüfen.,"Und Baal-Chanan starb, und es ward König an seiner Statt Hadad, und der Name seiner Stadt war Pagi, und der Name seines Weibes Mehetabeel, die Tochter Matreds, der Tochter Me-Sahabs. Und Hadad starb.","Und Baal-Chanan starb, und es ward König an seiner Statt Hadad, und der Name seiner Stadt war Pagi, und der Name seiner Frau Mehetabeel, die Tochter Matreds, der Tochter Me-Sahabs. Und Hadad starb."
1Chr.2.18,55,Weibe,gender-agreement,Nominalgruppe regelbasiert angepasst; längere Pronomenbezüge/Satzkongruenz prüfen.,"Und Kaleb, der Sohn Chezrons, zeugte mit Asuba, seinem Weibe, und mit Jeriot; und das sind ihre Söhne: Jescher und Schobab und Ardon.","Und Kaleb, der Sohn Chezrons, zeugte mit Asuba, seiner Frau, und mit Jeriot; und das sind ihre Söhne: Jescher und Schobab und Ardon."
1Chr.2.24,73,Weib,gender-agreement,Nominalgruppe regelbasiert angepasst; längere Pronomenbezüge/Satzkongruenz prüfen.,"Und nachdem Chezron gestorben war zu Kaleb-Ephrata, gebar ihm Abija, das Weib Chezrons, Aschchur, den Vater Tekoas.","Und nachdem Chezron gestorben war zu Kaleb-Ephrata, gebar ihm Abija, die Frau Chezrons, Aschchur, den Vater Tekoas."
1Chr.2.26,33,Weib,gender-agreement,Nominalgruppe regelbasiert angepasst; längere Pronomenbezüge/Satzkongruenz prüfen.,"Und Jerachmeel hatte ein anderes Weib, ihr Name war Atara; diese ist die Mutter Onams.","Und Jerachmeel hatte eine andere Frau, ihr Name war Atara; diese ist die Mutter Onams."
1Chr.2.29,17,Weibes,gender-agreement,Nominalgruppe regelbasiert angepasst; längere Pronomenbezüge/Satzkongruenz prüfen.,"Und der Name des Weibes Abischurs war Abichail, und sie gebar ihm Achban und Molid.","Und der Name der Frau Abischurs war Abichail, und sie gebar ihm Achban und Molid."
1Chr.2.35,117,Weibe,gender-agreement,Nominalgruppe regelbasiert angepasst; längere Pronomenbezüge/Satzkongruenz prüfen.,"Scheschan hatte einen ägyptischen Knecht, namens Jarcha. Und Scheschan gab Jarcha, seinem Knechte, seine Tochter zum Weibe, und sie gebar ihm Attai.","Scheschan hatte einen ägyptischen Knecht, namens Jarcha. Und Scheschan gab Jarcha, seinem Knechte, seine Tochter zur Frau, und sie gebar ihm Attai."
1Chr.3.3,67,Weibe,gender-agreement,Nominalgruppe regelbasiert angepasst; längere Pronomenbezüge/Satzkongruenz prüfen.,"der fünfte Schephatja, von Abital; der sechste Jitream, von seinem Weibe Egla.","der fünfte Schephatja, von Abital; der sechste Jitream, von seiner Frau Egla."
1Chr.4.18,18,Weib,gender-agreement,Nominalgruppe regelbasiert angepasst; längere Pronomenbezüge/Satzkongruenz prüfen.,"
        Und sein Weib, die Jüdin, gebar Jered, den Vater Gedors, und Heber, den Vater Sochos, und Jekutiel, den Vater Sanoachs.","
        Und seine Frau, die Jüdin, gebar Jered, den Vater Gedors, und Heber, den Vater Sochos, und Jekutiel, den Vater Sanoachs."
1Chr.4.19,18,Weibes,gender-agreement,Nominalgruppe regelbasiert angepasst; längere Pronomenbezüge/Satzkongruenz prüfen.,"Und die Söhne des Weibes Hodijas, der Schwester Nachams: der Vater von Kehila, der Garmite, und Eschtemoa, der Maachatiter.","Und die Söhne der Frau Hodijas, der Schwester Nachams: der Vater von Kehila, der Garmite, und Eschtemoa, der Maachatiter."
1Chr.7.15,20,Weib,gender-agreement,Nominalgruppe regelbasiert angepasst; längere Pronomenbezüge/Satzkongruenz prüfen.,"Und Machir nahm ein Weib von Chuppim und Schuppim, und der Name seiner Schwester war Maacha, und der Name des zweiten Sohnes war Zelophchad, und Zelophchad hatte Töchter.","Und Machir nahm eine Frau von Chuppim und Schuppim, und der Name seiner Schwester war Maacha, und der Name des zweiten Sohnes war Zelophchad, und Zelophchad hatte Töchter."
1Chr.7.16,16,Weib,gender-agreement,Nominalgruppe regelbasiert angepasst; längere Pronomenbezüge/Satzkongruenz prüfen.,"Und Maacha, das Weib Machirs, gebar einen Sohn und nannte ihn Peresch; und der Name seines Bruders war Scheresch, und seine Söhne waren Ulam und Rekem.","Und Maacha, die Frau Machirs, gebar einen Sohn und nannte ihn Peresch; und der Name seines Bruders war Scheresch, und seine Söhne waren Ulam und Rekem."
1Chr.7.23,26,Weibe,gender-agreement,Nominalgruppe regelbasiert angepasst; längere Pronomenbezüge/Satzkongruenz prüfen.,"Und er ging ein zu seinem Weibe, und sie empfing und gebar einen Sohn, und er nannte seinen Namen Beria, weil Unglück sein Haus getroffen hatte.","Und er ging ein zu seiner Frau, und sie empfing und gebar einen Sohn, und er nannte seinen Namen Beria, weil Unglück sein Haus getroffen hatte."
1Chr.8.9,35,Weibe,gender-agreement,Nominalgruppe regelbasiert angepasst; längere Pronomenbezüge/Satzkongruenz prüfen.,"und er zeugte mit Chodesch, seinem Weibe, Jobab, Zibja, Mescha, Malkam,","und er zeugte mit Chodesch, seiner Frau, Jobab, Zibja, Mescha, Malkam,"
1Chr.8.29,60,Weibes,gender-agreement,Nominalgruppe regelbasiert angepasst; längere Pronomenbezüge/Satzkongruenz prüfen.,"Und zu Gibeon wohnte der Vater Gibeons, und der Name seines Weibes war Maacha.","Und zu Gibeon wohnte der Vater Gibeons, und der Name seiner Frau war Maacha."
1Chr.9.35,54,Weib,gender-agreement,Nominalgruppe regelbasiert angepasst; längere Pronomenbezüge/Satzkongruenz prüfen.,"Und zu Gibeon wohnten: der Vater Gibeons, Jeiel; sein Weib hieß Maacha.","Und zu Gibeon wohnten: der Vater Gibeons, Jeiel; seine Frau hieß Maacha."
2Chr.2.13,28,Weibes,gender-agreement,Nominalgruppe regelbasiert angepasst; längere Pronomenbezüge/Satzkongruenz prüfen.,"Derselbe ist der Sohn eines Weibes aus den Töchtern Dans, sein Vater ist ein Tyrer gewesen. Der weiß in Gold, Silber, Erz, Eisen, Stein und Holz, in rotem und blauem Purpur, in feiner Baumwolle und in Stoffen von Karmesinfarbe zu arbeiten und versteht alle Arten von Bildhauerei und weiß jedes Kunstwerk, das ihm aufgegeben wird, auszuführen mit Hilfe deiner Künstler und der Künstler meines Herrn David, deines Vaters.","Derselbe ist der Sohn einer Frau aus den Töchtern Dans, sein Vater ist ein Tyrer gewesen. Der weiß in Gold, Silber, Erz, Eisen, Stein und Holz, in rotem und blauem Purpur, in feiner Baumwolle und in Stoffen von Karmesinfarbe zu arbeiten und versteht alle Arten von Bildhauerei und weiß jedes Kunstwerk, das ihm aufgegeben wird, auszuführen mit Hilfe deiner Künstler und der Künstler meines Herrn David, deines Vaters."
2Chr.2.15,47,soviel,spelling-context,Kontextabhängige Schreibung/modernes Homograph; unverändert prüfen.,"und wir werden das Holz auf dem Libanon hauen, soviel du bedarfst, und es als Flöße auf dem Meer nach Japho bringen, von wo du es nach Jerusalem hinaufholen kannst.","und wir werden das Holz auf dem Libanon hauen, soviel du bedarfst, und es als Flöße auf dem Meer nach Japho bringen, von wo du es nach Jerusalem hinaufholen kannst."
2Chr.8.11,133,Weib,gender-agreement,Nominalgruppe regelbasiert angepasst; längere Pronomenbezüge/Satzkongruenz prüfen.,"Und Salomo brachte die Tochter des Pharao aus der Stadt Davids herauf in das Haus, das er für sie gebaut hatte. Denn er sprach: Mein Weib soll nicht im Hause Davids, des Königs Israels, wohnen; denn heilig ist die Stätte, weil die Lade des HERRN hineingekommen ist!","Und Salomo brachte die Tochter des Pharao aus der Stadt Davids herauf in das Haus, das er für sie gebaut hatte. Denn er sprach: Meine Frau soll nicht im Hause Davids, des Königs Israels, wohnen; denn heilig ist die Stätte, weil die Lade des HERRN hineingekommen ist!"
2Chr.15.13,111,Weib,gender-agreement,Nominalgruppe regelbasiert angepasst; längere Pronomenbezüge/Satzkongruenz prüfen.,"wer aber den HERRN, den Gott Israels, nicht suchen würde, der sollte sterben, ob klein oder groß, ob Mann oder Weib.","wer aber den HERRN, den Gott Israels, nicht suchen würde, der sollte sterben, ob klein oder groß, ob Mann oder Frau."
2Chr.22.11,256,Weib,gender-agreement,Nominalgruppe regelbasiert angepasst; längere Pronomenbezüge/Satzkongruenz prüfen.,"Aber Joschabat, die Tochter des Königs, nahm Joas, den Sohn Ahasias, und stahl ihn weg mitten aus den Söhnen des Königs, die getötet wurden, und tat ihn samt seiner Amme in eine Schlafkammer. Also verbarg ihn Joschabat, die Tochter des Königs Jehoram, das Weib des Priesters Jojada (denn sie war Ahasias Schwester, vor Atalia, so daß er nicht getötet wurde.","Aber Joschabat, die Tochter des Königs, nahm Joas, den Sohn Ahasias, und stahl ihn weg mitten aus den Söhnen des Königs, die getötet wurden, und tat ihn samt seiner Amme in eine Schlafkammer. Also verbarg ihn Joschabat, die Tochter des Königs Jehoram, die Frau des Priesters Jojada (denn sie war Ahasias Schwester, vor Atalia, so dass er nicht getötet wurde."
2Chr.25.18,200,Weibe,gender-agreement,Nominalgruppe regelbasiert angepasst; längere Pronomenbezüge/Satzkongruenz prüfen.,"Aber Joas, der König von Israel, sandte zu Amazia, dem König von Juda, und ließ ihm sagen: Der Dornstrauch am Libanon sandte zur Zeder am Libanon und ließ ihr sagen: Gib deine Tochter meinem Sohn zum Weibe! Aber das Wild am Libanon lief über den Dornstrauch und zertrat ihn.","Aber Joas, der König von Israel, sandte zu Amazia, dem König von Juda, und ließ ihm sagen: Der Dornstrauch am Libanon sandte zur Zeder am Libanon und ließ ihr sagen: Gib deine Tochter meinem Sohn zur Frau! Aber das Wild am Libanon lief über den Dornstrauch und zertrat ihn."
2Chr.34.22,88,Weibe,gender-agreement,Nominalgruppe regelbasiert angepasst; längere Pronomenbezüge/Satzkongruenz prüfen.,"Da ging Hilkia mit den andern, die vom König gesandt waren, zu der Prophetin Hulda, dem Weibe Sallums, des Sohnes Tokhats, des Sohnes Hasras, des Kleiderhüters, die zu Jerusalem wohnte im andern Stadtteil, und sie redeten demgemäß mit ihr.","Da ging Hilkia mit den andern, die vom König gesandt waren, zu der Prophetin Hulda, der Frau Sallums, des Sohnes Tokhats, des Sohnes Hasras, des Kleiderhüters, die zu Jerusalem wohnte im andern Stadtteil, und sie redeten demgemäß mit ihr."
Ezra.2.61,146,Weib,gender-agreement,Nominalgruppe regelbasiert angepasst; längere Pronomenbezüge/Satzkongruenz prüfen.,"Und von den Söhnen der Priester: Die Söhne Habajas, die Söhne Hakkoz, die Söhne Barsillais, der von den Töchtern Barsillais, des Gileaditers, ein Weib genommen und nach dessen Namen genannt worden war.","Und von den Söhnen der Priester: Die Söhne Habajas, die Söhne Hakkoz, die Söhne Barsillais, der von den Töchtern Barsillais, des Gileaditers, eine Frau genommen und nach dessen Namen genannt worden war."
Neh.7.63,144,Weib,gender-agreement,Nominalgruppe regelbasiert angepasst; längere Pronomenbezüge/Satzkongruenz prüfen.,"Und von den Priestern: die Kinder Hobajas, die Kinder Hakkoz`, die Kinder der Barsillais, der von den Töchtern Barsillais, des Gileaditers, ein Weib genommen hatte und nach deren Namen genannt ward.","Und von den Priestern: die Kinder Hobajas, die Kinder Hakkoz`, die Kinder der Barsillais, der von den Töchtern Barsillais, des Gileaditers, eine Frau genommen hatte und nach deren Namen genannt ward."
Neh.13.19,4,sobald,spelling-context,Kontextabhängige Schreibung/modernes Homograph; unverändert prüfen.,"Und sobald es dunkel wurde in den Toren Jerusalems vor dem Sabbat, ließ ich die Tore schließen; und ich befahl, man solle sie nicht öffnen bis nach dem Sabbat; und ich bestellte einige meiner Knappen an die Tore, damit man am Sabbattag keine Last hereinbringe.","Und sobald es dunkel wurde in den Toren Jerusalems vor dem Sabbat, ließ ich die Tore schließen; und ich befahl, man solle sie nicht öffnen bis nach dem Sabbat; und ich bestellte einige meiner Knappen an die Tore, damit man am Sabbattag keine Last hereinbringe."
Esth.3.15,61,sobald,spelling-context,Kontextabhängige Schreibung/modernes Homograph; unverändert prüfen.,"
        Und die Läufer gingen eilends mit des Königs Gebot, sobald es im Schlosse Susan erlassen war. Der König aber und Haman setzten sich, um zu trinken, während die Stadt Susan in Bestürzung geriet.","
        Und die Läufer gingen eilends mit des Königs Gebot, sobald es im Schlosse Susan erlassen war. Der König aber und Haman setzten sich, um zu trinken, während die Stadt Susan in Bestürzung geriet."
Esth.4.11,148,Weib,gender-agreement,Nominalgruppe regelbasiert angepasst; längere Pronomenbezüge/Satzkongruenz prüfen.,"Alle Knechte des Königs und die Leute in den königlichen Provinzen wissen, daß, wer irgend in den innern Hof zum König hineingeht, es sei Mann oder Weib, ohne gerufen zu sein, nach dem gleichen Gesetz sterben muß, es sei denn, daß der König das goldene Zepter gegen ihn ausstreckt, damit er am Leben bleibe. Ich aber bin nun seit dreißig Tagen nicht gerufen worden, zum König hineinzugehen.","Alle Knechte des Königs und die Leute in den königlichen Provinzen wissen, dass, wer irgend in den innern Hof zum König hineingeht, es sei Mann oder Frau, ohne gerufen zu sein, nach dem gleichen Gesetz sterben muss, es sei denn, dass der König das goldene Zepter gegen ihn ausstreckt, damit er am Leben bleibe. Ich aber bin nun seit dreißig Tagen nicht gerufen worden, zum König hineinzugehen."
Esth.5.10,93,Weib,gender-agreement,Nominalgruppe regelbasiert angepasst; längere Pronomenbezüge/Satzkongruenz prüfen.,"Doch Haman überwand sich; als er aber heimkam, sandte er hin und ließ seine Freunde und sein Weib Seres holen.","Doch Haman überwand sich; als er aber heimkam, sandte er hin und ließ seine Freunde und seine Frau Seres holen."
Esth.5.14,17,Weib,gender-agreement,Nominalgruppe regelbasiert angepasst; längere Pronomenbezüge/Satzkongruenz prüfen.,"Da sprachen sein Weib Seres und alle seine Freunde zu ihm: Man soll einen Galgen machen, fünfzig Ellen hoch; dann sage du morgen dem König, daß man Mardochai daran hängen soll, so kannst du fröhlich mit dem König zum Mahl gehen. Das gefiel Haman wohl, und er ließ den Galgen zurichten.","Da sprachen seine Frau Seres und alle seine Freunde zu ihm: Man soll einen Galgen machen, fünfzig Ellen hoch; dann sage du morgen dem König, dass man Mardochai daran hängen soll, so kannst du fröhlich mit dem König zum Mahl gehen. Das gefiel Haman wohl, und er ließ den Galgen zurichten."
Esth.6.13,26,Weibe,gender-agreement,Nominalgruppe regelbasiert angepasst; längere Pronomenbezüge/Satzkongruenz prüfen.,"Und Haman erzählte seinem Weibe Seres und allen seinen Freunden alles, was ihm begegnet war. Da sprachen seine Weisen und sein Weib Seres zu ihm: Wenn Mardochai, vor dem du zu fallen angefangen hast, von dem Samen der Juden ist, so vermagst du nichts wider ihn, sondern du wirst gänzlich vor ihm fallen!","Und Haman erzählte seiner Frau Seres und allen seinen Freunden alles, was ihm begegnet war. Da sprachen seine Weisen und seine Frau Seres zu ihm: Wenn Mardochai, vor dem du zu fallen angefangen hast, von dem Samen der Juden ist, so vermagst du nichts wider ihn, sondern du wirst gänzlich vor ihm fallen!"
Esth.6.13,127,Weib,gender-agreement,Nominalgruppe regelbasiert angepasst; längere Pronomenbezüge/Satzkongruenz prüfen.,"Und Haman erzählte seinem Weibe Seres und allen seinen Freunden alles, was ihm begegnet war. Da sprachen seine Weisen und sein Weib Seres zu ihm: Wenn Mardochai, vor dem du zu fallen angefangen hast, von dem Samen der Juden ist, so vermagst du nichts wider ihn, sondern du wirst gänzlich vor ihm fallen!","Und Haman erzählte seiner Frau Seres und allen seinen Freunden alles, was ihm begegnet war. Da sprachen seine Weisen und seine Frau Seres zu ihm: Wenn Mardochai, vor dem du zu fallen angefangen hast, von dem Samen der Juden ist, so vermagst du nichts wider ihn, sondern du wirst gänzlich vor ihm fallen!"
Esth.8.14,142,sobald,spelling-context,Kontextabhängige Schreibung/modernes Homograph; unverändert prüfen.,"
        Und Eilboten, die auf schnellen Rossen aus den königlichen Gestüten ritten, gingen auf Befehl des Königs schleunigst und eilend aus, sobald das Gesetz im Schloß Susan erlassen war.","
        Und Eilboten, die auf schnellen Rossen aus den königlichen Gestüten ritten, gingen auf Befehl des Königs schleunigst und eilend aus, sobald das Gesetz im Schloss Susan erlassen war."
Job.2.9,15,Weib,gender-agreement,Nominalgruppe regelbasiert angepasst; längere Pronomenbezüge/Satzkongruenz prüfen.,Da sprach sein Weib zu ihm: Hältst du noch fest an deiner Vollkommenheit? Sage dich los von Gott und stirb!,Da sprach seine Frau zu ihm: Hältst du noch fest an deiner Vollkommenheit? Sage dich los von Gott und stirb!
Job.2.10,52,Weib,gender-agreement,Nominalgruppe regelbasiert angepasst; längere Pronomenbezüge/Satzkongruenz prüfen.,"Er aber sprach zu ihr: Du redest, wie ein törichtes Weib redet. Haben wir Gutes empfangen von Gott, sollten wir das Böse nicht auch annehmen? Bei alledem versündigte sich Hiob nicht mit seinen Lippen.","Er aber sprach zu ihr: Du redest, wie eine törichte Frau redet. Haben wir Gutes empfangen von Gott, sollten wir das Böse nicht auch annehmen? Bei alledem versündigte sich Hiob nicht mit seinen Lippen."
Job.3.11,62,sobald,spelling-context,Kontextabhängige Schreibung/modernes Homograph; unverändert prüfen.,"Warum starb ich nicht gleich bei der Geburt und kam nicht um, sobald ich aus Mutterschoße ging?","Warum starb ich nicht gleich bei der Geburt und kam nicht um, sobald ich aus Mutterschoße ging?"
Job.4.8,0,Soviel,spelling-context,Kontextabhängige Schreibung/modernes Homograph; unverändert prüfen.,"Soviel ich gesehen habe: die Unrecht pflügen und Unheil säen, ernten es auch.","Soviel ich gesehen habe: die Unrecht pflügen und Unheil säen, ernten es auch."
Job.5.3,56,sobald,spelling-context,Kontextabhängige Schreibung/modernes Homograph; unverändert prüfen.,"Ich selbst habe einen Toren gesehen, der Wurzel schlug; sobald ich aber sein Gehöft verfluchte,","Ich selbst habe einen Toren gesehen, der Wurzel schlug; sobald ich aber sein Gehöft verfluchte,"
Job.7.19,66,soviel,spelling-context,Kontextabhängige Schreibung/modernes Homograph; unverändert prüfen.,"
        Warum schaust du nicht von mir weg und lässest mir nicht soviel Ruhe, daß ich meinen Speichel schlucke?","
        Warum schaust du nicht von mir weg und lässest mir nicht soviel Ruhe, dass ich meinen Speichel schlucke?"
Job.11.6,75,soviel,spelling-context,Kontextabhängige Schreibung/modernes Homograph; unverändert prüfen.,"Und daß er dir kundtäte die verborgene Weisheit (denn es gibt noch doppelt soviel, als du weißt), so würdest du sehen, daß Gott dir noch nachläßt von deiner Schuld.","Und dass er dir kundtäte die verborgene Weisheit (denn es gibt noch doppelt soviel, als du weißt), so würdest du sehen, dass Gott dir noch nachläßt von deiner Schuld."
Job.14.1,16,Weibe,gender-agreement,Nominalgruppe regelbasiert angepasst; längere Pronomenbezüge/Satzkongruenz prüfen.,"Der Mensch, vom Weibe geboren, lebt kurze Zeit und ist voll Unruhe.","Der Mensch, von der Frau geboren, lebt kurze Zeit und ist voll Unruhe."
Job.15.14,43,Weibe,gender-agreement,Nominalgruppe regelbasiert angepasst; längere Pronomenbezüge/Satzkongruenz prüfen.,"Wie kann der Sterbliche denn rein, der vom Weibe Geborene gerecht sein?","Wie kann der Sterbliche denn rein, der von der Frau Geborene gerecht sein?"
Job.15.35,50,Schoß,spelling-context,Kontextabhängige Schreibung/modernes Homograph; unverändert prüfen.,"Mit Mühsal schwanger, gebären sie Eitles, und ihr Schoß bereitet Enttäuschung.","Mit Mühsal schwanger, gebären sie Eitles, und ihr Schoß bereitet Enttäuschung."
Job.18.19,16,Schoß,spelling-context,Kontextabhängige Schreibung/modernes Homograph; unverändert prüfen.,"Kein Sproß noch Schoß bleibt ihm unter seinem Volk, und kein Entronnener wohnt in seinen Zelten.","Kein Spross noch Schoß bleibt ihm unter seinem Volk, und kein Entronnener wohnt in seinen Zelten."
Job.19.17,21,Weibe,gender-agreement,Nominalgruppe regelbasiert angepasst; längere Pronomenbezüge/Satzkongruenz prüfen.,Mein Atem ist meinem Weibe zuwider und mein Gestank den Söhnen meiner Mutter.,Mein Atem ist meiner Frau zuwider und mein Gestank den Söhnen meiner Mutter.
Job.25.4,88,Weibe,gender-agreement,Nominalgruppe regelbasiert angepasst; längere Pronomenbezüge/Satzkongruenz prüfen.,"Wie kann aber der Sterbliche gerecht sein vor Gott, und wie will der rein sein, der vom Weibe geboren ist?","Wie kann aber der Sterbliche gerecht sein vor Gott, und wie will der rein sein, der von der Frau geboren ist?"
Job.31.9,45,Weibe,gender-agreement,Nominalgruppe regelbasiert angepasst; längere Pronomenbezüge/Satzkongruenz prüfen.,"Hat sich mein Herz hinreißen lassen zu einem Weibe, oder habe ich gelauert an der Tür meines Nächsten,","Hat sich mein Herz hinreißen lassen zu einer Frau, oder habe ich gelauert an der Tür meines Nächsten,"
Job.31.10,13,Weib,gender-agreement,Nominalgruppe regelbasiert angepasst; längere Pronomenbezüge/Satzkongruenz prüfen.,"so soll mein Weib für einen andern mahlen, und andere mögen sich über sie beugen!","so soll meine Frau für einen andern mahlen, und andere mögen sich über sie beugen!"
Job.39.25,0,sobald,spelling-context,Kontextabhängige Schreibung/modernes Homograph; unverändert prüfen.,"sobald die Posaune erklingt, spricht es: Hui! Von ferne wittert es die Schlacht, die Donnerstimme der Führer und das Feldgeschrei.","sobald die Posaune erklingt, spricht es: Hui! Von ferne wittert es die Schlacht, die Donnerstimme der Führer und das Feldgeschrei."
Ps.18.15,7,schoß,spelling-context,Kontextabhängige Schreibung/modernes Homograph; unverändert prüfen.,"Und er schoß seine Pfeile und zerstreute sie, schleuderte Blitze und schreckte sie.","Und er schoß seine Pfeile und zerstreute sie, schleuderte Blitze und schreckte sie."
Ps.18.45,0,sobald,spelling-context,Kontextabhängige Schreibung/modernes Homograph; unverändert prüfen.,"sobald sie hören, folgen sie mir, die Kinder der Fremde schmeicheln mir;","sobald sie hören, folgen sie mir, die Kinder der Fremde schmeicheln mir;"
Ps.105.41,44,floß,spelling-context,Kontextabhängige Schreibung/modernes Homograph; unverändert prüfen.,"
        Er 
        öffnete den Felsen; da floß Wasser heraus; es floß ein Bach in der Wüste.","
        Er 
        öffnete den Felsen; da floß Wasser heraus; es floß ein Bach in der Wüste."
Ps.105.41,67,floß,spelling-context,Kontextabhängige Schreibung/modernes Homograph; unverändert prüfen.,"
        Er 
        öffnete den Felsen; da floß Wasser heraus; es floß ein Bach in der Wüste.","
        Er 
        öffnete den Felsen; da floß Wasser heraus; es floß ein Bach in der Wüste."
Ps.109.9,43,Weib,gender-agreement,Nominalgruppe regelbasiert angepasst; längere Pronomenbezüge/Satzkongruenz prüfen.,Seine Kinder sollen Waisen werden und sein Weib eine Witwe!,Seine Kinder sollen Waisen werden und seine Frau eine Witwe!
Ps.110.3,84,Schoß,spelling-context,Kontextabhängige Schreibung/modernes Homograph; unverändert prüfen.,"Dein Volk kommt freiwillig am Tage deines Kriegszuges; in heiligem Schmuck, aus dem Schoß der Morgenröte, tritt der Tau deiner Jungmannschaft hervor.","Dein Volk kommt freiwillig am Tage deines Kriegszuges; in heiligem Schmuck, aus dem Schoß der Morgenröte, tritt der Tau deiner Jungmannschaft hervor."
Ps.128.3,5,Weib,gender-agreement,Nominalgruppe regelbasiert angepasst; längere Pronomenbezüge/Satzkongruenz prüfen.,"Dein Weib ist wie ein fruchtbarer Weinstock im Innern deines Hauses, deine Kinder wie junge Ölbäume rings um deinen Tisch.","Deine Frau ist wie ein fruchtbarer Weinstock im Innern deines Hauses, deine Kinder wie junge Ölbäume rings um deinen Tisch."
Ps.129.7,73,Schoß,spelling-context,Kontextabhängige Schreibung/modernes Homograph; unverändert prüfen.,mit welchem kein Schnitter seine Hand füllt und kein Garbenbinder seinen Schoß;,mit welchem kein Schnitter seine Hand füllt und kein Garbenbinder seinen Schoß;
Ps.139.13,70,Schoß,spelling-context,Kontextabhängige Schreibung/modernes Homograph; unverändert prüfen.,"Denn du hast meine Nieren geschaffen, du wobest mich in meiner Mutter Schoß.","Denn du hast meine Nieren geschaffen, du wobest mich in meiner Mutter Schoß."
Prov.2.16,45,Weibe,gender-agreement,Nominalgruppe regelbasiert angepasst; längere Pronomenbezüge/Satzkongruenz prüfen.,"daß du auch errettet werdest von dem fremden Weibe, von der Buhlerin, die glatte Worte gibt;","dass du auch errettet werdest von der fremden Frau, von der Buhlerin, die glatte Worte gibt;"
Prov.5.18,43,Weibes,gender-agreement,Nominalgruppe regelbasiert angepasst; längere Pronomenbezüge/Satzkongruenz prüfen.,"Dein Born sei gesegnet, und freue dich des Weibes deiner Jugend!","Dein Born sei gesegnet, und freue dich der Frau deiner Jugend!"
Prov.6.10,70,Schoß,spelling-context,Kontextabhängige Schreibung/modernes Homograph; unverändert prüfen.,"»Ein wenig schlafen, ein wenig schlummern, ein wenig die Hände in den Schoß legen, um zu ruhen«:","»Ein wenig schlafen, ein wenig schlummern, ein wenig die Hände in den Schoß legen, um zu ruhen«:"
Prov.6.24,44,Weib,gender-agreement,Nominalgruppe regelbasiert angepasst; längere Pronomenbezüge/Satzkongruenz prüfen.,"Sie sollen dich bewahren vor dem schlechten Weib, vor der glatten Zunge der Fremden;","Sie sollen dich bewahren vor dem schlechten Frau, vor der glatten Zunge der Fremden;"
Prov.6.26,81,Weib,gender-agreement,Nominalgruppe regelbasiert angepasst; längere Pronomenbezüge/Satzkongruenz prüfen.,"
        Denn um einer Hure willen kommt man an den Bettelstab, und eines andern Weib gefährdet die teure Seele!","
        Denn um einer Hure willen kommt man an den Bettelstab, und eines andern Frau gefährdet die teure Seele!"
Prov.6.29,52,Eheweib,gender-agreement,Nominalgruppe regelbasiert angepasst; längere Pronomenbezüge/Satzkongruenz prüfen.,Also geht auch keiner ungestraft zu seines Nächsten Eheweib und rührt sie an!,Also geht auch keiner ungestraft zu seines Nächsten Ehefrau und rührt sie an!
Prov.6.32,13,Weib,gender-agreement,Nominalgruppe regelbasiert angepasst; längere Pronomenbezüge/Satzkongruenz prüfen.,"wer aber ein Weib zum Ehebruch verführt, der ist ein herzloser Mensch; er ruiniert seine eigene Seele, indem er solches tut.","wer aber eine Frau zum Ehebruch verführt, der ist ein herzloser Mensch; er ruiniert seine eigene Seele, indem er solches tut."
Prov.7.5,40,Weibe,gender-agreement,Nominalgruppe regelbasiert angepasst; längere Pronomenbezüge/Satzkongruenz prüfen.,"daß du bewahrt bleibest vor dem fremden Weibe, vor der Buhlerin, die glatte Worte gibt!","dass du bewahrt bleibest vor der fremden Frau, vor der Buhlerin, die glatte Worte gibt!"
Prov.7.10,23,Weib,gender-agreement,Nominalgruppe regelbasiert angepasst; längere Pronomenbezüge/Satzkongruenz prüfen.,"Siehe, da lief ihm ein Weib entgegen im Hurenschmuck und verschmitzten Herzens,","Siehe, da lief ihm eine Frau entgegen im Hurenschmuck und verschmitzten Herzens,"
Prov.11.16,14,Weib,gender-agreement,Nominalgruppe regelbasiert angepasst; längere Pronomenbezüge/Satzkongruenz prüfen.,"Ein anmutiges Weib erlangt Ehre, und Gewalttätige erwerben Reichtum.","Eine anmutige Frau erlangt Ehre, und Gewalttätige erwerben Reichtum."
Prov.11.22,59,Weib,gender-agreement,Nominalgruppe regelbasiert angepasst; längere Pronomenbezüge/Satzkongruenz prüfen.,Einer Sau mit einem goldenen Nasenring gleicht ein schönes Weib ohne Anstand.,Einer Sau mit einem goldenen Nasenring gleicht eine schöne Frau ohne Anstand.
Prov.12.4,14,Weib,gender-agreement,Nominalgruppe regelbasiert angepasst; längere Pronomenbezüge/Satzkongruenz prüfen.,Ein tüchtiges Weib ist ihres Mannes Krone; aber eine Schändliche ist wie ein Fraß in seinen Gebeinen.,Ein tüchtiges Frau ist ihres Mannes Krone; aber eine Schändliche ist wie ein Fraß in seinen Gebeinen.
Prov.19.13,65,Weib,gender-agreement,Nominalgruppe regelbasiert angepasst; längere Pronomenbezüge/Satzkongruenz prüfen.,"Ein törichter Sohn ist seines Vaters Unglück, und ein zänkisches Weib ist eine beständige Dachtraufe.","Ein törichter Sohn ist seines Vaters Unglück, und eine zänkische Frau ist eine beständige Dachtraufe."
Prov.19.14,85,Weib,gender-agreement,Nominalgruppe regelbasiert angepasst; längere Pronomenbezüge/Satzkongruenz prüfen.,"
        Haus und Hof erbt man von den Vätern; aber vom HERRN kommt ein verständiges Weib.","
        Haus und Hof erbt man von den Vätern; aber vom HERRN kommt eine verständige Frau."
Prov.21.9,80,Weib,gender-agreement,Nominalgruppe regelbasiert angepasst; längere Pronomenbezüge/Satzkongruenz prüfen.,"Es ist besser, in einem Winkel auf dem Dach zu wohnen, als mit einem zänkischen Weib in einem gemeinsamen Haus.","Es ist besser, in einem Winkel auf dem Dach zu wohnen, als mit einer zänkischen Frau in einem gemeinsamen Haus."
Prov.21.19,87,Weib,gender-agreement,Nominalgruppe regelbasiert angepasst; längere Pronomenbezüge/Satzkongruenz prüfen.,"
        Besser ist's in der Wüste zu wohnen, als bei einem zänkischen und ärgerlichen Weib.","
        Besser ist's in der Wüste zu wohnen, als bei einem zänkischen und ärgerlichen Frau."
Prov.25.24,79,Weibe,gender-agreement,Nominalgruppe regelbasiert angepasst; längere Pronomenbezüge/Satzkongruenz prüfen.,"
        Besser in einem Winkel auf dem Dache wohnen, als mit einem zänkischen Weibe in einem gemeinsamen Hause!","
        Besser in einem Winkel auf dem Dache wohnen, als mit einer zänkischen Frau in einem gemeinsamen Hause!"
Prov.27.15,62,Weib,gender-agreement,Nominalgruppe regelbasiert angepasst; längere Pronomenbezüge/Satzkongruenz prüfen.,Eine rinnende Dachtraufe an einem Regentag und ein zänkisches Weib sind gleich;,Eine rinnende Dachtraufe an einem Regentag und eine zänkische Frau sind gleich;
Prov.31.10,13,Weib,gender-agreement,Nominalgruppe regelbasiert angepasst; längere Pronomenbezüge/Satzkongruenz prüfen.,Ein wackeres Weib (wer findet es?) ist weit mehr wert als köstliche Perlen!,Eine wackere Frau (wer findet es?) ist weit mehr wert als köstliche Perlen!
Prov.31.30,42,Weib,gender-agreement,Nominalgruppe regelbasiert angepasst; längere Pronomenbezüge/Satzkongruenz prüfen.,"Anmut besticht und Schönheit vergeht; ein Weib, das den HERRN fürchtet, soll man loben.","Anmut besticht und Schönheit vergeht; eine Frau, die den HERRN fürchtet, soll man loben."
Eccl.7.26,48,Weib,gender-agreement,Nominalgruppe regelbasiert angepasst; längere Pronomenbezüge/Satzkongruenz prüfen.,"und nun finde ich, bitterer als der Tod ist das Weib, deren Herz ein Fangnetz ist und deren Hände Fesseln sind; wer Gott gefällt, wird ihr entrinnen, wer aber sündigt, wird von ihr gefangen.","und nun finde ich, bitterer als der Tod ist die Frau, deren Herz ein Fangnetz ist und deren Hände Fesseln sind; wer Gott gefällt, wird ihr entrinnen, wer aber sündigt, wird von ihr gefangen."
Eccl.7.28,119,Weib,gender-agreement,Nominalgruppe regelbasiert angepasst; längere Pronomenbezüge/Satzkongruenz prüfen.,"Was aber meine Seele noch immer sucht, habe ich nicht gefunden; einen Mann habe ich unter Tausenden gefunden; aber ein Weib habe ich unter diesen allen nicht gefunden!","Was aber meine Seele noch immer sucht, habe ich nicht gefunden; einen Mann habe ich unter Tausenden gefunden; aber eine Frau habe ich unter diesen allen nicht gefunden!"
Eccl.9.9,26,Weibe,gender-agreement,Nominalgruppe regelbasiert angepasst; längere Pronomenbezüge/Satzkongruenz prüfen.,"Genieße das Leben mit dem Weibe, das du liebst, alle Tage des eitlen Lebens, welches er dir unter der Sonne gibt in dieser vergänglichen Zeit; denn das ist dein Teil am Leben und an der Mühe, womit du dich abmühst unter der Sonne.","Genieße das Leben mit der Frau, die du liebst, alle Tage des eitlen Lebens, welches er dir unter der Sonne gibt in dieser vergänglichen Zeit; denn das ist dein Teil am Leben und an der Mühe, womit du dich abmühst unter der Sonne."
Song.7.3,5,Schoß,spelling-context,Kontextabhängige Schreibung/modernes Homograph; unverändert prüfen.,"Dein Schoß ist ein rundes Becken, welchem der gemischte Wein nicht fehlen darf; dein Leib ein Weizenhaufen, mit Lilien eingefaßt;","Dein Schoß ist ein rundes Becken, welchem der gemischte Wein nicht fehlen darf; dein Leib ein Weizenhaufen, mit Lilien eingefasst;"
Isa.11.1,64,Schoß,spelling-context,Kontextabhängige Schreibung/modernes Homograph; unverändert prüfen.,Und es wird ein Sproß aus dem Stumpfe Isais hervorgehen und ein Schoß aus seinen Wurzeln hervorbrechen;,Und es wird ein Spross aus dem Stumpfe Isais hervorgehen und ein Schoß aus seinen Wurzeln hervorbrechen;
Isa.14.22,110,Schoß,spelling-context,Kontextabhängige Schreibung/modernes Homograph; unverändert prüfen.,"Ich will wider sie aufstehen, spricht der HERR der Heerscharen, und von Babel ausrotten Namen und Nachkommen, Schoß und Sproß, spricht der HERR.","Ich will wider sie aufstehen, spricht der HERR der Heerscharen, und von Babel ausrotten Namen und Nachkommen, Schoß und Spross, spricht der HERR."
Isa.26.9,91,sobald,spelling-context,Kontextabhängige Schreibung/modernes Homograph; unverändert prüfen.,"Meine Seele begehrte deiner in der Nacht, und mein Geist in mir sehnte sich nach dir; denn sobald deine Gerichte die Erde treffen, lernen die Bewohner des Erdkreises Gerechtigkeit.","Meine Seele begehrte deiner in der Nacht, und mein Geist in mir sehnte sich nach dir; denn sobald deine Gerichte die Erde treffen, lernen die Bewohner des Erdkreises Gerechtigkeit."
Isa.26.17,17,Weib,gender-agreement,Nominalgruppe regelbasiert angepasst; längere Pronomenbezüge/Satzkongruenz prüfen.,"
        Wie ein Weib, das schwanger und dem Gebären nahe ist, sich windet und vor Schmerzen schreit, so waren auch wir, HERR, vor deinem Angesicht:","
        Wie eine Frau, die schwanger und dem Gebären nahe ist, sich windet und vor Schmerzen schreit, so waren auch wir, HERR, vor deinem Angesicht:"
Isa.30.19,137,sobald,spelling-context,Kontextabhängige Schreibung/modernes Homograph; unverändert prüfen.,"
        Denn 
        du 
        Volk, das zu Zion wohnen wird, in Jerusalem, du sollst nicht weinen; er wird sich über dich erbarmen, sobald du schreist; sobald er's hört, antwortet er dir!","
        Denn 
        du 
        Volk, das zu Zion wohnen wird, in Jerusalem, du sollst nicht weinen; er wird sich über dich erbarmen, sobald du schreist; sobald er's hört, antwortet er dir!"
Isa.30.19,157,sobald,spelling-context,Kontextabhängige Schreibung/modernes Homograph; unverändert prüfen.,"
        Denn 
        du 
        Volk, das zu Zion wohnen wird, in Jerusalem, du sollst nicht weinen; er wird sich über dich erbarmen, sobald du schreist; sobald er's hört, antwortet er dir!","
        Denn 
        du 
        Volk, das zu Zion wohnen wird, in Jerusalem, du sollst nicht weinen; er wird sich über dich erbarmen, sobald du schreist; sobald er's hört, antwortet er dir!"
Isa.45.10,69,Weibe,gender-agreement,Nominalgruppe regelbasiert angepasst; längere Pronomenbezüge/Satzkongruenz prüfen.,"
        Wehe dem, der zum Vater spricht: »Warum zeugst du?« und zum Weibe: »Warum gebierst du?«","
        Wehe dem, der zum Vater spricht: »Warum zeugst du?« und zur Frau: »Warum gebierst du?«"
Isa.48.13,79,Sobald,spelling-context,Kontextabhängige Schreibung/modernes Homograph; unverändert prüfen.,"Ja, meine Hand hat die Erde gegründet und meine Rechte die Himmel ausgespannt. Sobald ich ihnen rief, standen sie allzumal da.","Ja, meine Hand hat die Erde gegründet und meine Rechte die Himmel ausgespannt. Sobald ich ihnen rief, standen sie allzumal da."
Isa.48.21,130,floß,spelling-context,Kontextabhängige Schreibung/modernes Homograph; unverändert prüfen.,"Sie litten keinen Durst, als er sie durch die Wüsten führte, Wasser ließ er ihnen aus den Felsen rinnen; er spaltete den Fels, da floß Wasser heraus!","Sie litten keinen Durst, als er sie durch die Wüsten führte, Wasser ließ er ihnen aus den Felsen rinnen; er spaltete den Fels, da floß Wasser heraus!"
Isa.49.15,14,Weib,gender-agreement,Nominalgruppe regelbasiert angepasst; längere Pronomenbezüge/Satzkongruenz prüfen.,"Kann auch ein Weib ihres Kindleins vergessen, daß sie sich nicht erbarme über ihren leiblichen Sohn? Und wenn sie desselben vergäße, so will ich doch deiner nicht vergessen;","Kann auch eine Frau ihres Kindleins vergessen, dass sie sich nicht erbarme über ihren leiblichen Sohn? Und wenn sie desselben vergäße, so will ich doch deiner nicht vergessen;"
Isa.53.2,29,Schoß,spelling-context,Kontextabhängige Schreibung/modernes Homograph; unverändert prüfen.,"Er wuchs auf vor ihm wie ein Schoß, wie ein Wurzelsproß aus dürrem Erdreich. Er hatte keine Gestalt und keine Pracht; wir sahen ihn, aber sein Anblick gefiel uns nicht.","Er wuchs auf vor ihm wie ein Schoß, wie ein Wurzelspross aus dürrem Erdreich. Er hatte keine Gestalt und keine Pracht; wir sahen ihn, aber sein Anblick gefiel uns nicht."
Isa.54.6,51,Weib,gender-agreement,Nominalgruppe regelbasiert angepasst; längere Pronomenbezüge/Satzkongruenz prüfen.,"Denn wie ein verlassenes und im Geiste bekümmertes Weib wird der HERR dich rufen, wie ein junges Weib, das verstoßen ist, spricht dein Gott.","Denn wie ein verlassenes und im Geiste bekümmertes Frau wird der HERR dich rufen, wie eine junge Frau, die verstoßen ist, spricht dein Gott."
Isa.54.6,97,Weib,gender-agreement,Nominalgruppe regelbasiert angepasst; längere Pronomenbezüge/Satzkongruenz prüfen.,"Denn wie ein verlassenes und im Geiste bekümmertes Weib wird der HERR dich rufen, wie ein junges Weib, das verstoßen ist, spricht dein Gott.","Denn wie ein verlassenes und im Geiste bekümmertes Frau wird der HERR dich rufen, wie eine junge Frau, die verstoßen ist, spricht dein Gott."
Jer.3.1,35,Weib,gender-agreement,Nominalgruppe regelbasiert angepasst; längere Pronomenbezüge/Satzkongruenz prüfen.,"Und er sprach: »Wenn ein Mann sein Weib verstößt und sie ihn verläßt und eines andern Mannes wird, darf er wieder zu ihr zurückkehren? Würde nicht ein solches Land dadurch entweiht? Du aber hast mit vielen Freunden gebuhlt; und du solltest wieder zu mir zurückkehren?« spricht der HERR.","Und er sprach: »Wenn ein Mann seine Frau verstößt und sie ihn verlässt und eines andern Mannes wird, darf er wieder zu ihr zurückkehren? Würde nicht ein solches Land dadurch entweiht? Du aber hast mit vielen Freunden gebuhlt; und du solltest wieder zu mir zurückkehren?« spricht der HERR."
Jer.3.20,13,Weib,gender-agreement,Nominalgruppe regelbasiert angepasst; längere Pronomenbezüge/Satzkongruenz prüfen.,"Aber wie ein Weib ihrem Geliebten untreu wird, so seid ihr mir untreu geworden, Haus Israel! spricht der HERR.","Aber wie eine Frau ihrem Geliebten untreu wird, so seid ihr mir untreu geworden, Haus Israel! spricht der HERR."
Jer.5.8,78,Eheweib,gender-agreement,Nominalgruppe regelbasiert angepasst; längere Pronomenbezüge/Satzkongruenz prüfen.,Wie brünstige Hengste schweifen sie umher; jeder wiehert nach seines nächsten Eheweib.,Wie brünstige Hengste schweifen sie umher; jeder wiehert nach seines nächsten Ehefrau.
Jer.6.11,179,Weib,gender-agreement,Nominalgruppe regelbasiert angepasst; längere Pronomenbezüge/Satzkongruenz prüfen.,"Und ich bin des Grimmes des HERRN so voll, daß ich ihn kaum zurückhalten kann. Gieße ihn aus über die Kinder auf der Gasse und über den Kreis der Jünglinge allzumal! Ja, Mann und Weib sollen gefangen werden, Alte und Wohlbetagte.","Und ich bin des Grimmes des HERRN so voll, dass ich ihn kaum zurückhalten kann. Gieße ihn aus über die Kinder auf der Gasse und über den Kreis der Jünglinge allzumal! Ja, Mann und Frau sollen gefangen werden, Alte und Wohlbetagte."
Jer.10.13,0,Sobald,spelling-context,Kontextabhängige Schreibung/modernes Homograph; unverändert prüfen.,"Sobald er seine Stimme hören läßt, so sammelt sich eine Menge Wassers am Himmel; er zieht Wolken herauf vom Ende der Erde, macht Blitze zum Regen und holt den Wind aus seinen Kammern hervor.","Sobald er seine Stimme hören lässt, so sammelt sich eine Menge Wassers am Himmel; er zieht Wolken herauf vom Ende der Erde, macht Blitze zum Regen und holt den Wind aus seinen Kammern hervor."
Jer.13.21,148,Weib,gender-agreement,Nominalgruppe regelbasiert angepasst; längere Pronomenbezüge/Satzkongruenz prüfen.,"Was willst du sagen, wenn er deine Buhlen, die du an dich gewöhnt hast, zu Häuptern über dich setzen wird? Werden dich nicht Wehen ankommen wie ein Weib in Kindesnöten?","Was willst du sagen, wenn er deine Buhlen, die du an dich gewöhnt hast, zu Häuptern über dich setzen wird? Werden dich nicht Wehen ankommen wie eine Frau in Kindesnöten?"
Jer.16.1,81,Weib,gender-agreement,Nominalgruppe regelbasiert angepasst; längere Pronomenbezüge/Satzkongruenz prüfen.,"
        Und 
        das Wort des HERRN erging an mich also: Du sollst dir kein Weib nehmen","
        Und 
        das Wort des HERRN erging an mich also: Du sollst dir keine Frau nehmen"
Jer.31.22,137,Weib,gender-agreement,Nominalgruppe regelbasiert angepasst; längere Pronomenbezüge/Satzkongruenz prüfen.,"Wie lange willst du dich noch hierhin und dorthin wenden, du abtrünnige Tochter? Denn der HERR hat etwas Neues geschaffen auf Erden: das Weib wird den Mann umgeben.","Wie lange willst du dich noch hierhin und dorthin wenden, du abtrünnige Tochter? Denn der HERR hat etwas Neues geschaffen auf Erden: die Frau wird den Mann umgeben."
Jer.44.18,0,Sobald,spelling-context,Kontextabhängige Schreibung/modernes Homograph; unverändert prüfen.,"Sobald wir aber aufhörten, der Himmelskönigin zu räuchern und Trankopfer auszugießen, hat es uns überall gefehlt, und wir wurden durch Krieg und Hungersnot aufgerieben.","Sobald wir aber aufhörten, der Himmelskönigin zu räuchern und Trankopfer auszugießen, hat es uns überall gefehlt, und wir wurden durch Krieg und Hungersnot aufgerieben."
Jer.48.41,132,Weibes,gender-agreement,Nominalgruppe regelbasiert angepasst; längere Pronomenbezüge/Satzkongruenz prüfen.,"Die Städte werden eingenommen und die Burgen erobert, und der Mut der moabitischen Helden wird an jenem Tage sein wie der Mut eines Weibes in Kindesnöten.","Die Städte werden eingenommen und die Burgen erobert, und der Mut der moabitischen Helden wird an jenem Tage sein wie der Mut einer Frau in Kindesnöten."
Jer.49.22,156,Weibes,gender-agreement,Nominalgruppe regelbasiert angepasst; längere Pronomenbezüge/Satzkongruenz prüfen.,"Siehe, wie ein Adler steigt er empor und breitet seine Flügel über Bozra aus! An jenem Tage wird das Herz der edomitischen Helden werden wie das Herz eines Weibes in Kindesnöten!","Siehe, wie ein Adler steigt er empor und breitet seine Flügel über Bozra aus! An jenem Tage wird das Herz der edomitischen Helden werden wie das Herz einer Frau in Kindesnöten!"
Jer.51.22,49,Weib,gender-agreement,Nominalgruppe regelbasiert angepasst; längere Pronomenbezüge/Satzkongruenz prüfen.,"
        zerschmettert habe ich mit dir Mann und Weib, Greis und Knabe, Jüngling und Jungfrau;","
        zerschmettert habe ich mit dir Mann und Frau, Greis und Knabe, Jüngling und Jungfrau;"
Jer.52.34,93,soviel,spelling-context,Kontextabhängige Schreibung/modernes Homograph; unverändert prüfen.,"
        und sein Unterhalt, der beständige Unterhalt, wurde ihm vom König zu Babel gewährt, soviel er täglich bedurfte, bis zum Tage seines Todes, alle Tage, die er noch zu leben hatte.","
        und sein Unterhalt, der beständige Unterhalt, wurde ihm vom König zu Babel gewährt, soviel er täglich bedurfte, bis zum Tage seines Todes, alle Tage, die er noch zu leben hatte."
Lam.2.12,134,Schoß,spelling-context,Kontextabhängige Schreibung/modernes Homograph; unverändert prüfen.,"Sie sprachen zu ihren Müttern: »Wo ist Brot und Wein?« als sie wie Todwunde auf den Straßen der Stadt verschmachteten, als sie in dem Schoß ihrer Mütter den Geist aufgaben.","Sie sprachen zu ihren Müttern: »Wo ist Brot und Wein?« als sie wie Todwunde auf den Straßen der Stadt verschmachteten, als sie in dem Schoß ihrer Mütter den Geist aufgaben."
Ezek.2.2,26,sobald,spelling-context,Kontextabhängige Schreibung/modernes Homograph; unverändert prüfen.,"Da kam der Geist in mich, sobald er zu mir redete; der stellte mich auf meine Füße, und ich hörte den, der mit mir redete.","Da kam der Geist in mich, sobald er zu mir redete; der stellte mich auf meine Füße, und ich hörte den, der mit mir redete."
Ezek.16.32,23,Weib,gender-agreement,Nominalgruppe regelbasiert angepasst; längere Pronomenbezüge/Satzkongruenz prüfen.,"O, du ehebrecherisches Weib, welches anstatt ihres Ehemannes Fremde annimmt!","O, du ehebrecherische Frau, welche anstatt ihres Ehemannes Fremde annimmt!"
Ezek.17.10,73,sobald,spelling-context,Kontextabhängige Schreibung/modernes Homograph; unverändert prüfen.,"Und siehe, er ist zwar gepflanzt, sollte er aber geraten? Wird er nicht, sobald der Ostwind ihn berührt, gänzlich verdorren? Auf den Beeten, wo er ins Sprossen kam, wird er verdorren.","Und siehe, er ist zwar gepflanzt, sollte er aber geraten? Wird er nicht, sobald der Ostwind ihn berührt, gänzlich verdorren? Auf den Beeten, wo er ins Sprossen kam, wird er verdorren."
Ezek.18.6,122,Weib,gender-agreement,Nominalgruppe regelbasiert angepasst; längere Pronomenbezüge/Satzkongruenz prüfen.,"
        nicht auf den Bergen Opferfleisch ißt, seine Augen nicht zu den Götzen des Hauses Israel erhebt, seines Nächsten Weib nicht schändet und nicht zu seinem Weibe geht während ihrer Unreinigkeit;","
        nicht auf den Bergen Opferfleisch isst, seine Augen nicht zu den Götzen des Hauses Israel erhebt, seines Nächsten Frau nicht schändet und nicht zu seiner Frau geht während ihrer Unreinigkeit;"
Ezek.18.6,162,Weibe,gender-agreement,Nominalgruppe regelbasiert angepasst; längere Pronomenbezüge/Satzkongruenz prüfen.,"
        nicht auf den Bergen Opferfleisch ißt, seine Augen nicht zu den Götzen des Hauses Israel erhebt, seines Nächsten Weib nicht schändet und nicht zu seinem Weibe geht während ihrer Unreinigkeit;","
        nicht auf den Bergen Opferfleisch isst, seine Augen nicht zu den Götzen des Hauses Israel erhebt, seines Nächsten Frau nicht schändet und nicht zu seiner Frau geht während ihrer Unreinigkeit;"
Ezek.18.11,63,Weib,gender-agreement,Nominalgruppe regelbasiert angepasst; längere Pronomenbezüge/Satzkongruenz prüfen.,"was jener nicht getan, der auf den Bergen ißt, seines Nächsten Weib schwächt,","was jener nicht getan, der auf den Bergen isst, seines Nächsten Frau schwächt,"
Ezek.18.15,109,Weib,gender-agreement,Nominalgruppe regelbasiert angepasst; längere Pronomenbezüge/Satzkongruenz prüfen.,"
        nicht auf den Bergen ißt, seine Augen nicht zu den Götzen des Hauses Israel erhebt, seines Nächsten Weib nicht befleckt,","
        nicht auf den Bergen isst, seine Augen nicht zu den Götzen des Hauses Israel erhebt, seines Nächsten Frau nicht befleckt,"
Ezek.22.11,54,Weib,gender-agreement,Nominalgruppe regelbasiert angepasst; längere Pronomenbezüge/Satzkongruenz prüfen.,"
        Die 
        Männer haben mit ihres Nächsten Weib Greuel verübt und ihre eigenen Sohnsfrauen mit Unzucht befleckt; sie haben bei dir ihre Schwestern, Töchter ihres Vaters, geschwächt.","
        Die 
        Männer haben mit ihres Nächsten Frau Gräuel verübt und ihre eigenen Sohnsfrauen mit Unzucht befleckt; sie haben bei dir ihre Schwestern, Töchter ihres Vaters, geschwächt."
Ezek.24.18,76,Weib,gender-agreement,Nominalgruppe regelbasiert angepasst; längere Pronomenbezüge/Satzkongruenz prüfen.,"Als ich nun am Morgen früh zum Volke geredet hatte, starb mir am Abend mein Weib. Da tat ich am andern Morgen, wie mir befohlen war.","Als ich nun am Morgen früh zum Volke geredet hatte, starb mir am Abend meine Frau. Da tat ich am andern Morgen, wie mir befohlen war."
Ezek.33.26,84,Weib,gender-agreement,Nominalgruppe regelbasiert angepasst; längere Pronomenbezüge/Satzkongruenz prüfen.,Ihr verlaßt euch auf euer Schwert; ihr tut Greuel und verunreinigt einer des andern Weib; und ihr solltet dennoch das Land besitzen?,Ihr verlaßt euch auf euer Schwert; ihr tut Gräuel und verunreinigt einer des andern Frau; und ihr solltet dennoch das Land besitzen?
Ezek.36.17,173,Weibes,gender-agreement,Nominalgruppe regelbasiert angepasst; längere Pronomenbezüge/Satzkongruenz prüfen.,"Menschensohn, als das Haus Israel in seinem Lande wohnte und sie dasselbe mit ihren Wegen und Taten verunreinigten, so daß ihr Wandel vor mir war wie die Unreinigkeit eines Weibes in ihrer Krankheit,","Menschensohn, als das Haus Israel in seinem Lande wohnte und sie dasselbe mit ihren Wegen und Taten verunreinigten, so dass ihr Wandel vor mir war wie die Unreinigkeit einer Frau in ihrer Krankheit,"
Ezek.38.14,92,sobald,spelling-context,Kontextabhängige Schreibung/modernes Homograph; unverändert prüfen.,"Darum weissage, Menschensohn, und sprich zu Gog: So spricht Gott, der HERR: Wirst du nicht, sobald du vernimmst, daß mein Volk Israel sicher wohnt,","Darum weissage, Menschensohn, und sprich zu Gog: So spricht Gott, der HERR: Wirst du nicht, sobald du vernimmst, dass mein Volk Israel sicher wohnt,"
Ezek.44.22,48,Weibe,gender-agreement,Nominalgruppe regelbasiert angepasst; längere Pronomenbezüge/Satzkongruenz prüfen.,"Auch sollen sie keine Witwe noch Verstoßene zum Weibe nehmen, sondern Jungfrauen vom Samen des Hauses Israel; doch dürfen sie eine Witwe nehmen, die zuvor einen Priester gehabt hat.","Auch sollen sie keine Witwe noch Verstoßene zur Frau nehmen, sondern Jungfrauen vom Samen des Hauses Israel; doch dürfen sie eine Witwe nehmen, die zuvor einen Priester gehabt hat."
Ezek.46.7,104,soviel,spelling-context,Kontextabhängige Schreibung/modernes Homograph; unverändert prüfen.,"Und zum Farren soll er ein Epha und zum Widder auch ein Epha geben als Speisopfer; zu den Lämmern aber, soviel seine Hand vermag und je ein Hin Öl auf ein Epha.","Und zum Farren soll er ein Epha und zum Widder auch ein Epha geben als Speisopfer; zu den Lämmern aber, soviel seine Hand vermag und je ein Hin Öl auf ein Epha."
Ezek.46.11,141,soviel,spelling-context,Kontextabhängige Schreibung/modernes Homograph; unverändert prüfen.,"Und an den Festen und Feiertagen soll das Speisopfer bestehen in einem Epha zu dem Farren und einem Epha zu dem Widder, zu den Lämmern aber, soviel seine Hand vermag, und in einem Hin Öl auf ein Epha.","Und an den Festen und Feiertagen soll das Speisopfer bestehen in einem Epha zu dem Farren und einem Epha zu dem Widder, zu den Lämmern aber, soviel seine Hand vermag, und in einem Hin Öl auf ein Epha."
Ezek.47.1,69,floß,spelling-context,Kontextabhängige Schreibung/modernes Homograph; unverändert prüfen.,"
        Und er führte mich zur Tür des Hauses zurück, und siehe, da floß unter der Schwelle des Hauses Wasser heraus, nach Osten hin; denn die Vorderseite des Hauses lag gegen Osten. Und das Wasser floß hinab, unterhalb der südlichen Seite des Hauses, südlich vom Altar.","
        Und er führte mich zur Tür des Hauses zurück, und siehe, da floß unter der Schwelle des Hauses Wasser heraus, nach Osten hin; denn die Vorderseite des Hauses lag gegen Osten. Und das Wasser floß hinab, unterhalb der südlichen Seite des Hauses, südlich vom Altar."
Ezek.47.1,199,floß,spelling-context,Kontextabhängige Schreibung/modernes Homograph; unverändert prüfen.,"
        Und er führte mich zur Tür des Hauses zurück, und siehe, da floß unter der Schwelle des Hauses Wasser heraus, nach Osten hin; denn die Vorderseite des Hauses lag gegen Osten. Und das Wasser floß hinab, unterhalb der südlichen Seite des Hauses, südlich vom Altar.","
        Und er führte mich zur Tür des Hauses zurück, und siehe, da floß unter der Schwelle des Hauses Wasser heraus, nach Osten hin; denn die Vorderseite des Hauses lag gegen Osten. Und das Wasser floß hinab, unterhalb der südlichen Seite des Hauses, südlich vom Altar."
Ezek.47.2,160,floß,spelling-context,Kontextabhängige Schreibung/modernes Homograph; unverändert prüfen.,"
        Und er führte mich durch das nördliche Tor hinaus und brachte mich auf dem Weg außen herum zum äußern Tor, das nach Osten gerichtet ist; und siehe, da floß von der Südseite das Wasser heraus!","
        Und er führte mich durch das nördliche Tor hinaus und brachte mich auf dem Weg außen herum zum äußern Tor, das nach Osten gerichtet ist; und siehe, da floß von der Südseite das Wasser heraus!"
Dan.3.3,0,Sobald,spelling-context,Kontextabhängige Schreibung/modernes Homograph; unverändert prüfen.,"Sobald nun die Satrapen, Statthalter und Landpfleger, die Oberrichter, Schatzmeister, Räte und Richter samt allen Bezirksvorstehern zur Einweihung des Bildes versammelt waren und vor dem Bilde standen, welches der König Nebukadnezar hatte aufrichten lassen,","Sobald nun die Satrapen, Statthalter und Landpfleger, die Oberrichter, Schatzmeister, Räte und Richter samt allen Bezirksvorstehern zur Einweihung des Bildes versammelt waren und vor dem Bilde standen, welches der König Nebukadnezar hatte aufrichten lassen,"
Dan.3.5,9,Sobald,spelling-context,Kontextabhängige Schreibung/modernes Homograph; unverändert prüfen.,"
        Sobald ihr den Klang der Hörner, Flöten, Zithern, Harfen, Psalter, Sackpfeifen und aller Arten von Musik hören werdet, sollt ihr niederfallen und das goldene Bild anbeten, welches der König Nebukadnezar aufgestellt hat.","
        Sobald ihr den Klang der Hörner, Flöten, Zithern, Harfen, Psalter, Sackpfeifen und aller Arten von Musik hören werdet, sollt ihr niederfallen und das goldene Bild anbeten, welches der König Nebukadnezar aufgestellt hat."
Dan.3.15,50,sobald,spelling-context,Kontextabhängige Schreibung/modernes Homograph; unverändert prüfen.,"
        Seid 
        ihr 
        jetzt bereit, sobald ihr den Schall der Hörner, Flöten, Zithern, Harfen, Psalter und Sackpfeifen und aller Arten von Musik hören werdet, niederzufallen und das Bild anzubeten, das ich gemacht habe? Wenn nicht, so sollt ihr augenblicklich in den glühenden Feuerofen geworfen werden! Und welcher Gott wird euch aus meiner Hand erretten?","
        Seid 
        ihr 
        jetzt bereit, sobald ihr den Schall der Hörner, Flöten, Zithern, Harfen, Psalter und Sackpfeifen und aller Arten von Musik hören werdet, niederzufallen und das Bild anzubeten, das ich gemacht habe? Wenn nicht, so sollt ihr augenblicklich in den glühenden Feuerofen geworfen werden! Und welcher Gott wird euch aus meiner Hand erretten?"
Dan.4.23,111,sobald,spelling-context,Kontextabhängige Schreibung/modernes Homograph; unverändert prüfen.,"Weil aber vom Verbleiben des Wurzelstockes des Baumes die Rede war, so wird auch dir dein Königtum verbleiben, sobald du erkennen wirst, daß der Himmel herrscht.","Weil aber vom Verbleiben des Wurzelstockes des Baumes die Rede war, so wird auch dir dein Königtum verbleiben, sobald du erkennen wirst, dass der Himmel herrscht."
Dan.5.13,0,Sobald,spelling-context,Kontextabhängige Schreibung/modernes Homograph; unverändert prüfen.,"Sobald nun Daniel vor den König hineingeführt worden war, hob der König an und sprach zu ihm: Bist du Daniel, von den gefangenen Juden, welche mein königlicher Vater aus Juda weggeführt hat?","Sobald nun Daniel vor den König hineingeführt worden war, hob der König an und sprach zu ihm: Bist du Daniel, von den gefangenen Juden, welche mein königlicher Vater aus Juda weggeführt hat?"
Dan.10.20,125,sobald,spelling-context,Kontextabhängige Schreibung/modernes Homograph; unverändert prüfen.,"Und er sprach: Weißt du, warum ich zu dir gekommen bin? Nun will ich wieder hingehen und mit dem Perserfürsten streiten; und sobald ich ausziehe, siehe, so kommt der Griechenfürst!","Und er sprach: Weißt du, warum ich zu dir gekommen bin? Nun will ich wieder hingehen und mit dem Perserfürsten streiten; und sobald ich ausziehe, siehe, so kommt der Griechenfürst!"
Hos.2.4,58,Weib,gender-agreement,Nominalgruppe regelbasiert angepasst; längere Pronomenbezüge/Satzkongruenz prüfen.,"Hadert mit eurer Mutter, hadert! (denn sie ist nicht mein Weib, und ich bin nicht ihr Mann), damit sie ihre Hurerei von ihrem Angesicht wegschaffe und ihre Ehebrecherei von ihren Brüsten;","Hadert mit eurer Mutter, hadert! (denn sie ist nicht meine Frau, und ich bin nicht ihr Mann), damit sie ihre Hurerei von ihrem Angesicht wegschaffe und ihre Ehebrecherei von ihren Brüsten;"
Hos.3.1,59,Weib,gender-agreement,Nominalgruppe regelbasiert angepasst; längere Pronomenbezüge/Satzkongruenz prüfen.,"Und der HERR sprach zu mir: Geh nochmals hin und liebe ein Weib, das von einem Freunde geliebt wird und im Ehebruch lebt, gleichwie der HERR die Kinder Israel liebt, wiewohl sie sich andern Göttern zuwenden und Traubenkuchen lieben!","Und der HERR sprach zu mir: Geh nochmals hin und liebe eine Frau, die von einem Freunde geliebt wird und im Ehebruch lebt, gleichwie der HERR die Kinder Israel liebt, wiewohl sie sich andern Göttern zuwenden und Traubenkuchen lieben!"
Hos.12.13,63,Weib,gender-agreement,Nominalgruppe regelbasiert angepasst; längere Pronomenbezüge/Satzkongruenz prüfen.,"Als Jakob in die Landschaft Aram floh, da diente Israel um ein Weib; um ein Weib hütete er die Herde;","Als Jakob in die Landschaft Aram floh, da diente Israel um eine Frau; um eine Frau hütete er die Herde;"
Hos.12.13,76,Weib,gender-agreement,Nominalgruppe regelbasiert angepasst; längere Pronomenbezüge/Satzkongruenz prüfen.,"Als Jakob in die Landschaft Aram floh, da diente Israel um ein Weib; um ein Weib hütete er die Herde;","Als Jakob in die Landschaft Aram floh, da diente Israel um eine Frau; um eine Frau hütete er die Herde;"
Amos.7.17,34,Weib,gender-agreement,Nominalgruppe regelbasiert angepasst; längere Pronomenbezüge/Satzkongruenz prüfen.,"Darum spricht der HERR also: Dein Weib wird in der Stadt Unzucht treiben, und deine Söhne und Töchter sollen durchs Schwert fallen, und dein Land wird man mit der Meßschnur verteilen; du aber sollst in einem unreinen Lande sterben; und Israel wird aus seinem Lande gefangen weggeführt werden.","Darum spricht der HERR also: Deine Frau wird in der Stadt Unzucht treiben, und deine Söhne und Töchter sollen durchs Schwert fallen, und dein Land wird man mit der Messschnur verteilen; du aber sollst in einem unreinen Lande sterben; und Israel wird aus seinem Lande gefangen weggeführt werden."
Nah.2.13,17,soviel,spelling-context,Kontextabhängige Schreibung/modernes Homograph; unverändert prüfen.,"Der Löwe raubte, soviel seine Jungen bedurften, und würgte für seine Löwinnen und füllte seine Höhle mit Raub und seine Schlupfwinkel mit zerrissener Beute.","Der Löwe raubte, soviel seine Jungen bedurften, und würgte für seine Löwinnen und füllte seine Höhle mit Raub und seine Schlupfwinkel mit zerrissener Beute."
Zech.5.7,56,Weib,gender-agreement,Nominalgruppe regelbasiert angepasst; längere Pronomenbezüge/Satzkongruenz prüfen.,"Und siehe, da erhob sich eine Scheibe von Blei, und ein Weib saß drinnen im Epha.","Und siehe, da erhob sich eine Scheibe von Blei, und eine Frau saß drinnen im Epha."
Mal.2.14,78,Weibe,gender-agreement,Nominalgruppe regelbasiert angepasst; längere Pronomenbezüge/Satzkongruenz prüfen.,"
        Und ihr fragt: »Warum?« Weil der HERR Zeuge war zwischen dir und dem Weibe deiner Jugend, welcher du nun untreu geworden bist, obschon sie deine Gefährtin und das Weib deines Bundes ist!","
        Und ihr fragt: »Warum?« Weil der HERR Zeuge war zwischen dir und der Frau deiner Jugend, welcher du nun untreu geworden bist, obschon sie deine Gefährtin und die Frau deines Bundes ist!"
Mal.2.14,172,Weib,gender-agreement,Nominalgruppe regelbasiert angepasst; längere Pronomenbezüge/Satzkongruenz prüfen.,"
        Und ihr fragt: »Warum?« Weil der HERR Zeuge war zwischen dir und dem Weibe deiner Jugend, welcher du nun untreu geworden bist, obschon sie deine Gefährtin und das Weib deines Bundes ist!","
        Und ihr fragt: »Warum?« Weil der HERR Zeuge war zwischen dir und der Frau deiner Jugend, welcher du nun untreu geworden bist, obschon sie deine Gefährtin und die Frau deines Bundes ist!"
Mal.2.15,179,Weibe,gender-agreement,Nominalgruppe regelbasiert angepasst; längere Pronomenbezüge/Satzkongruenz prüfen.,"Und hat er sie nicht eins gemacht und geistesverwandt mit ihm? Und wonach soll das eine trachten? Nach göttlichem Samen! So hütet euch denn in eurem Geiste, und niemand werde dem Weibe seiner Jugend untreu!","Und hat er sie nicht eins gemacht und geistesverwandt mit ihm? Und wonach soll das eine trachten? Nach göttlichem Samen! So hütet euch denn in eurem Geiste, und niemand werde der Frau seiner Jugend untreu!"
Matt.1.6,90,Weibe,gender-agreement,Nominalgruppe regelbasiert angepasst; längere Pronomenbezüge/Satzkongruenz prüfen.,"
        Jesse 
        zeugte den König David. Der König David zeugte den Salomo mit dem Weibe Urias,","
        Jesse 
        zeugte den König David. Der König David zeugte den Salomo mit der Frau Urias,"
Matt.1.20,157,Weib,gender-agreement,Nominalgruppe regelbasiert angepasst; längere Pronomenbezüge/Satzkongruenz prüfen.,"Während er aber solches im Sinne hatte, siehe, da erschien ihm ein Engel des Herrn im Traum, der sprach: Joseph, Sohn Davids, scheue dich nicht, Maria, dein Weib, zu dir zu nehmen; denn was in ihr erzeugt ist, das ist vom heiligen Geist.","Während er aber solches im Sinne hatte, siehe, da erschien ihm ein Engel des Herrn im Traum, der sprach: Joseph, Sohn Davids, scheue dich nicht, Maria, deine Frau, zu dir zu nehmen; denn was in ihr erzeugt ist, das ist vom heiligen Geist."
Matt.1.24,96,Weib,gender-agreement,Nominalgruppe regelbasiert angepasst; längere Pronomenbezüge/Satzkongruenz prüfen.,"Als nun Joseph vom Schlaf erwachte, tat er, wie ihm der Engel des Herrn befohlen, und nahm sein Weib zu sich","Als nun Joseph vom Schlaf erwachte, tat er, wie ihm der Engel des Herrn befohlen, und nahm seine Frau zu sich"
Matt.5.28,64,Weib,gender-agreement,Nominalgruppe regelbasiert angepasst; längere Pronomenbezüge/Satzkongruenz prüfen.,"
        Ich 
        aber 
        sage 
        euch: Wer ein Weib ansieht, ihrer zu begehren, der hat in seinem Herzen schon Ehebruch mit ihr begangen.","
        Ich 
        aber 
        sage 
        euch: Wer eine Frau ansieht, ihrer zu begehren, der hat in seinem Herzen schon Ehebruch mit ihr begangen."
Matt.9.22,140,Weib,gender-agreement,Nominalgruppe regelbasiert angepasst; längere Pronomenbezüge/Satzkongruenz prüfen.,"
        Jesus 
        aber 
        wandte sich um, sah sie und sprach: Sei getrost, meine Tochter, dein Glaube hat dir geholfen! Und das Weib war gerettet von jener Stunde an.","
        Jesus 
        aber 
        wandte sich um, sah sie und sprach: Sei getrost, meine Tochter, dein Glaube hat dir geholfen! Und die Frau war gerettet von jener Stunde an."
Matt.11.11,55,Weibe,gender-agreement,Nominalgruppe regelbasiert angepasst; längere Pronomenbezüge/Satzkongruenz prüfen.,"
        Wahrlich, ich sage euch, unter denen, die vom Weibe geboren sind, ist kein Größerer aufgetreten, als Johannes der Täufer. Doch der Kleinste im Himmelreich ist größer als er.","
        Wahrlich, ich sage euch, unter denen, die von der Frau geboren sind, ist kein Größerer aufgetreten, als Johannes der Täufer. Doch der Kleinste im Himmelreich ist größer als er."
Matt.13.33,90,Weib,gender-agreement,Nominalgruppe regelbasiert angepasst; längere Pronomenbezüge/Satzkongruenz prüfen.,"Ein anderes Gleichnis sagte er ihnen: Das Himmelreich ist gleich einem Sauerteig, den ein Weib nahm und unter drei Scheffel Mehl mengte, bis es ganz durchsäuert ward.","Ein anderes Gleichnis sagte er ihnen: Das Himmelreich ist gleich einem Sauerteig, den eine Frau nahm und unter drei Scheffel Mehl mengte, bis es ganz durchsäuert ward."
Matt.18.25,65,Weib,gender-agreement,Nominalgruppe regelbasiert angepasst; längere Pronomenbezüge/Satzkongruenz prüfen.,"Da er aber nicht bezahlen konnte, befahl sein Herr, ihn und sein Weib und seine Kinder und alles, was er hatte, zu verkaufen und also zu bezahlen.","Da er aber nicht bezahlen konnte, befahl sein Herr, ihn und seine Frau und seine Kinder und alles, was er hatte, zu verkaufen und also zu bezahlen."
Matt.19.4,162,Weib,gender-agreement,Nominalgruppe regelbasiert angepasst; längere Pronomenbezüge/Satzkongruenz prüfen.,"
        Er 
        aber 
        antwortete 
        und 
        sprach zu ihnen: Habt ihr nicht gelesen, daß der Schöpfer die Menschen am Anfang als Mann und Weib erschuf","
        Er 
        aber 
        antwortete 
        und 
        sprach zu ihnen: Habt ihr nicht gelesen, dass der Schöpfer die Menschen am Anfang als Mann und Frau erschuf"
Matt.19.5,91,Weibe,gender-agreement,Nominalgruppe regelbasiert angepasst; längere Pronomenbezüge/Satzkongruenz prüfen.,"
        und 
        sprach: »Darum wird ein Mensch Vater und Mutter verlassen und seinem Weibe anhangen; und die zwei werden ein Fleisch sein«?","
        und 
        sprach: »Darum wird ein Mensch Vater und Mutter verlassen und seiner Frau anhangen; und die zwei werden ein Fleisch sein«?"
Matt.19.29,99,Weib,gender-agreement,Nominalgruppe regelbasiert angepasst; längere Pronomenbezüge/Satzkongruenz prüfen.,"
        Und ein jeglicher, welcher Häuser oder Brüder oder Schwestern oder Vater oder Mutter oder Weib oder Kinder oder Äcker um meines Namens willen verlassen hat, der wird es hundertfältig empfangen und das ewige Leben erben.","
        Und ein jeglicher, welcher Häuser oder Brüder oder Schwestern oder Vater oder Mutter oder Frau oder Kinder oder Äcker um meines Namens willen verlassen hat, der wird es hundertfältig empfangen und das ewige Leben erben."
Matt.26.7,9,Weib,gender-agreement,Nominalgruppe regelbasiert angepasst; längere Pronomenbezüge/Satzkongruenz prüfen.,"trat ein Weib zu ihm mit einer alabasternen Flasche voll kostbarer Salbe und goß sie auf sein Haupt, während er zu Tische saß.","trat eine Frau zu ihm mit einer alabasternen Flasche voll kostbarer Salbe und goss sie auf sein Haupt, während er zu Tische saß."
Matt.26.10,69,Weib,gender-agreement,Nominalgruppe regelbasiert angepasst; längere Pronomenbezüge/Satzkongruenz prüfen.,"Da es aber Jesus merkte, sprach er zu ihnen: Warum bekümmert ihr das Weib? Sie hat doch ein gutes Werk an mir getan!","Da es aber Jesus merkte, sprach er zu ihnen: Warum bekümmert ihr die Frau? Sie hat doch ein gutes Werk an mir getan!"
Matt.27.19,50,Weib,gender-agreement,Nominalgruppe regelbasiert angepasst; längere Pronomenbezüge/Satzkongruenz prüfen.,"Als er aber auf dem Richterstuhl saß, sandte sein Weib zu ihm und ließ ihm sagen: Habe du nichts zu schaffen mit diesem Gerechten; denn ich habe heute im Traume seinetwegen viel gelitten!","Als er aber auf dem Richterstuhl saß, sandte seine Frau zu ihm und ließ ihm sagen: Habe du nichts zu schaffen mit diesem Gerechten; denn ich habe heute im Traume seinetwegen viel gelitten!"
Mark.5.36,0,Sobald,spelling-context,Kontextabhängige Schreibung/modernes Homograph; unverändert prüfen.,"Sobald aber Jesus dies Wort hörte, sprach er zum Obersten der Synagoge: Fürchte dich nicht, glaube nur!","Sobald aber Jesus dies Wort hörte, sprach er zum Obersten der Synagoge: Fürchte dich nicht, glaube nur!"
Mark.6.17,130,Weibes,gender-agreement,Nominalgruppe regelbasiert angepasst; längere Pronomenbezüge/Satzkongruenz prüfen.,"
        Denn 
        er, Herodes, hatte ausgesandt und Johannes greifen und ihn im Gefängnis binden lassen, wegen Herodias, des Weibes seines Bruders Philippus, weil er sie zur Frau genommen hatte.","
        Denn 
        er, Herodes, hatte ausgesandt und Johannes greifen und ihn im Gefängnis binden lassen, wegen Herodias, der Frau seines Bruders Philippus, weil er sie zur Frau genommen hatte."
Mark.6.18,107,Weib,gender-agreement,Nominalgruppe regelbasiert angepasst; längere Pronomenbezüge/Satzkongruenz prüfen.,"
        Denn 
        Johannes 
        hatte zu Herodes gesagt: Es ist dir nicht erlaubt, deines Bruders Weib zu haben!","
        Denn 
        Johannes 
        hatte zu Herodes gesagt: Es ist dir nicht erlaubt, deines Bruders Frau zu haben!"
Mark.9.20,51,sobald,spelling-context,Kontextabhängige Schreibung/modernes Homograph; unverändert prüfen.,"
        Und 
        sie brachten ihn zu ihm. Und sobald der Geist ihn sah, riß er ihn heftig, und er fiel auf die Erde, wälzte sich und schäumte.","
        Und 
        sie brachten ihn zu ihm. Und sobald der Geist ihn sah, riss er ihn heftig, und er fiel auf die Erde, wälzte sich und schäumte."
Mark.10.6,66,Weib,gender-agreement,Nominalgruppe regelbasiert angepasst; längere Pronomenbezüge/Satzkongruenz prüfen.,am Anfang der Schöpfung aber hat Gott sie erschaffen als Mann und Weib.,am Anfang der Schöpfung aber hat Gott sie erschaffen als Mann und Frau.
Mark.10.7,91,Weibe,gender-agreement,Nominalgruppe regelbasiert angepasst; längere Pronomenbezüge/Satzkongruenz prüfen.,"
        Darum 
        wird ein Mensch seinen Vater und seine Mutter verlassen und seinem Weibe anhangen;","
        Darum 
        wird ein Mensch seinen Vater und seine Mutter verlassen und seiner Frau anhangen;"
Mark.11.2,82,sobald,spelling-context,Kontextabhängige Schreibung/modernes Homograph; unverändert prüfen.,"
        und 
        sprach zu ihnen: Gehet in das Dorf, das vor euch liegt, und sobald ihr dort hineinkommt, werdet ihr ein Füllen angebunden finden, auf welchem noch kein Mensch gesessen hat; bindet es los und führet es her.","
        und 
        sprach zu ihnen: Gehet in das Dorf, das vor euch liegt, und sobald ihr dort hineinkommt, werdet ihr ein Füllen angebunden finden, auf welchem noch kein Mensch gesessen hat; bindet es los und führet es her."
Mark.14.3,95,Weib,gender-agreement,Nominalgruppe regelbasiert angepasst; längere Pronomenbezüge/Satzkongruenz prüfen.,"
        Und da er zu Bethanien im Hause Simons des Aussätzigen war und zu Tische saß, kam ein Weib mit einer alabasternen Flasche voll Salbe, echter köstlicher Narde, zerbrach die alabasterne Flasche und goß sie aus auf sein Haupt.","
        Und da er zu Bethanien im Hause Simons des Aussätzigen war und zu Tische saß, kam eine Frau mit einer alabasternen Flasche voll Salbe, echter köstlicher Narde, zerbrach die alabasterne Flasche und goss sie aus auf sein Haupt."
Luke.1.13,114,Weib,gender-agreement,Nominalgruppe regelbasiert angepasst; längere Pronomenbezüge/Satzkongruenz prüfen.,"
        Aber der Engel sprach zu ihm: Fürchte dich nicht, Zacharias! Denn dein Gebet ist erhört worden, und dein Weib Elisabeth wird dir einen Sohn gebären, und du sollst ihm den Namen Johannes geben.","
        Aber der Engel sprach zu ihm: Fürchte dich nicht, Zacharias! Denn dein Gebet ist erhört worden, und deine Frau Elisabeth wird dir einen Sohn gebären, und du sollst ihm den Namen Johannes geben."
Luke.1.18,127,Weib,gender-agreement,Nominalgruppe regelbasiert angepasst; längere Pronomenbezüge/Satzkongruenz prüfen.,"
        Und 
        Zacharias 
        sprach 
        zu dem Engel: Woran soll ich das erkennen? Denn ich bin alt, und mein Weib ist schon betagt.","
        Und 
        Zacharias 
        sprach 
        zu dem Engel: Woran soll ich das erkennen? Denn ich bin alt, und meine Frau ist schon betagt."
Luke.1.24,72,Weib,gender-agreement,Nominalgruppe regelbasiert angepasst; längere Pronomenbezüge/Satzkongruenz prüfen.,"
        Aber 
        nach 
        diesen 
        Tagen empfing sein Weib Elisabeth, und sie verbarg sich fünf Monate und sprach:","
        Aber 
        nach 
        diesen 
        Tagen empfing seine Frau Elisabeth, und sie verbarg sich fünf Monate und sprach:"
Luke.6.38,128,Schoß,spelling-context,Kontextabhängige Schreibung/modernes Homograph; unverändert prüfen.,"
        Gebet, so wird euch gegeben werden; ein gutes, vollgedrücktes, gerütteltes und überfließendes Maß wird man euch in den Schoß geben. Denn mit eben dem Maße, mit welchem ihr messet, wird euch wieder gemessen werden.","
        Gebet, so wird euch gegeben werden; ein gutes, vollgedrücktes, gerütteltes und überfließendes Maß wird man euch in den Schoß geben. Denn mit eben dem Maße, mit welchem ihr messet, wird euch wieder gemessen werden."
Luke.8.3,35,Weib,gender-agreement,Nominalgruppe regelbasiert angepasst; längere Pronomenbezüge/Satzkongruenz prüfen.,"
        und 
        Johanna, das Weib Chusas, eines Verwalters des Herodes, und Susanna und viele andere, welche ihnen dienten mit ihrer Habe.","
        und 
        Johanna, die Frau Chusas, eines Verwalters des Herodes, und Susanna und viele andere, welche ihnen dienten mit ihrer Habe."
Luke.10.38,52,Weib,gender-agreement,Nominalgruppe regelbasiert angepasst; längere Pronomenbezüge/Satzkongruenz prüfen.,"Als sie aber weiterreisten, kam er in ein Dorf; ein Weib aber namens Martha nahm ihn auf in ihr Haus.","Als sie aber weiterreisten, kam er in ein Dorf; eine Frau aber namens Martha nahm ihn auf in ihr Haus."
Luke.11.8,172,soviel,spelling-context,Kontextabhängige Schreibung/modernes Homograph; unverändert prüfen.,"Ich sage euch: Wenn er auch nicht deswegen aufstehen und ihm geben wird, weil er sein Freund ist, so wird er doch um seiner Unverschämtheit willen aufstehen und ihm geben, soviel er bedarf.","Ich sage euch: Wenn er auch nicht deswegen aufstehen und ihm geben wird, weil er sein Freund ist, so wird er doch um seiner Unverschämtheit willen aufstehen und ihm geben, soviel er bedarf."
Luke.13.12,62,Weib,gender-agreement,Nominalgruppe regelbasiert angepasst; längere Pronomenbezüge/Satzkongruenz prüfen.,"Als nun Jesus sie sah, rief er sie zu sich und sprach zu ihr: Weib, du bist erlöst von deiner Krankheit!","Als nun Jesus sie sah, rief er sie zu sich und sprach zu ihr: Frau, du bist erlöst von deiner Krankheit!"
Luke.13.21,39,Weib,gender-agreement,Nominalgruppe regelbasiert angepasst; längere Pronomenbezüge/Satzkongruenz prüfen.,"Es ist einem Sauerteig gleich, den ein Weib nahm und unter drei Scheffel Mehl mengte, bis es ganz durchsäuert war.","Es ist einem Sauerteig gleich, den eine Frau nahm und unter drei Scheffel Mehl mengte, bis es ganz durchsäuert war."
Luke.14.26,64,Weib,gender-agreement,Nominalgruppe regelbasiert angepasst; längere Pronomenbezüge/Satzkongruenz prüfen.,"Wenn jemand zu mir kommt und nicht seinen Vater und die Mutter, Weib und Kinder, Brüder und Schwestern haßt, dazu aber auch seine eigene Seele, der kann nicht mein Jünger sein.","Wenn jemand zu mir kommt und nicht seinen Vater und die Mutter, Frau und Kinder, Brüder und Schwestern hasst, dazu aber auch seine eigene Seele, der kann nicht mein Jünger sein."
Luke.16.18,27,Weibe,gender-agreement,Nominalgruppe regelbasiert angepasst; längere Pronomenbezüge/Satzkongruenz prüfen.,"Jeder, der sich von seinem Weibe scheidet und eine andere heiratet, der bricht die Ehe, und jeder, der eine von ihrem Manne Geschiedene heiratet, bricht auch die Ehe.","Jeder, der sich von seiner Frau scheidet und eine andere heiratet, der bricht die Ehe, und jeder, der eine von ihrem Manne Geschiedene heiratet, bricht auch die Ehe."
Luke.16.22,70,Schoß,spelling-context,Kontextabhängige Schreibung/modernes Homograph; unverändert prüfen.,"Es begab sich aber, daß der Arme starb und von den Engeln in Abrahams Schoß getragen wurde. Es starb aber auch der Reiche und wurde begraben.","Es begab sich aber, dass der Arme starb und von den Engeln in Abrahams Schoß getragen wurde. Es starb aber auch der Reiche und wurde begraben."
Luke.16.23,148,Schoß,spelling-context,Kontextabhängige Schreibung/modernes Homograph; unverändert prüfen.,"
        Und 
        als 
        er 
        im Totenreich seine Augen erhob, da er Qualen litt, sieht er Abraham von ferne und Lazarus in seinem Schoß.","
        Und 
        als 
        er 
        im Totenreich seine Augen erhob, da er Qualen litt, sieht er Abraham von ferne und Lazarus in seinem Schoß."
Luke.17.32,26,Weib,gender-agreement,Nominalgruppe regelbasiert angepasst; längere Pronomenbezüge/Satzkongruenz prüfen.,"
        Gedenket an Lots Weib!","
        Gedenket an Lots Frau!"
Luke.18.29,107,Weib,gender-agreement,Nominalgruppe regelbasiert angepasst; längere Pronomenbezüge/Satzkongruenz prüfen.,"
        Er 
        aber 
        sprach zu ihnen: Wahrlich, ich sage euch: Es ist niemand, der Haus oder Weib oder Brüder oder Eltern oder Kinder verlassen hat um des Reiches Gottes willen,","
        Er 
        aber 
        sprach zu ihnen: Wahrlich, ich sage euch: Es ist niemand, der Haus oder Frau oder Brüder oder Eltern oder Kinder verlassen hat um des Reiches Gottes willen,"
Luke.22.57,56,Weib,gender-agreement,Nominalgruppe regelbasiert angepasst; längere Pronomenbezüge/Satzkongruenz prüfen.,"
        Er 
        aber 
        leugnete und sprach: Weib, ich kenne ihn nicht!","
        Er 
        aber 
        leugnete und sprach: Frau, ich kenne ihn nicht!"
John.2.4,40,Weib,gender-agreement,Nominalgruppe regelbasiert angepasst; längere Pronomenbezüge/Satzkongruenz prüfen.,"
        Jesus 
        spricht zu ihr: Weib, was habe ich mit dir zu schaffen? Meine Stunde ist noch nicht gekommen!","
        Jesus 
        spricht zu ihr: Frau, was habe ich mit dir zu schaffen? Meine Stunde ist noch nicht gekommen!"
John.3.4,157,Schoß,spelling-context,Kontextabhängige Schreibung/modernes Homograph; unverändert prüfen.,"
        Nikodemus 
        spricht 
        zu ihm: Wie kann ein Mensch geboren werden, wenn er alt ist? Er kann doch nicht zum zweitenmal in seiner Mutter Schoß gehen und geboren werden?","
        Nikodemus 
        spricht 
        zu ihm: Wie kann ein Mensch geboren werden, wenn er alt ist? Er kann doch nicht zum zweitenmal in seiner Mutter Schoß gehen und geboren werden?"
John.4.21,58,Weib,gender-agreement,Nominalgruppe regelbasiert angepasst; längere Pronomenbezüge/Satzkongruenz prüfen.,"
        Jesus 
        spricht 
        zu 
        ihr: Weib, glaube mir, es kommt die Stunde, wo ihr weder auf diesem Berge, noch zu Jerusalem den Vater anbeten werdet.","
        Jesus 
        spricht 
        zu 
        ihr: Frau, glaube mir, es kommt die Stunde, wo ihr weder auf diesem Berge, noch zu Jerusalem den Vater anbeten werdet."
John.6.11,174,soviel,spelling-context,Kontextabhängige Schreibung/modernes Homograph; unverändert prüfen.,"
        Jesus 
        aber 
        nahm die Brote, sagte Dank und teilte sie den Jüngern aus, die Jünger aber denen, die sich gesetzt hatten; ebenso auch von den Fischen, soviel sie wollten.","
        Jesus 
        aber 
        nahm die Brote, sagte Dank und teilte sie den Jüngern aus, die Jünger aber denen, die sich gesetzt hatten; ebenso auch von den Fischen, soviel sie wollten."
John.8.3,69,Weib,gender-agreement,Nominalgruppe regelbasiert angepasst; längere Pronomenbezüge/Satzkongruenz prüfen.,"
        Da 
        brachten die Schriftgelehrten und Pharisäer ein Weib zu ihm, die beim Ehebruch ergriffen worden war, stellten sie in die Mitte","
        Da 
        brachten die Schriftgelehrten und Pharisäer eine Frau zu ihm, die beim Ehebruch ergriffen worden war, stellten sie in die Mitte"
John.8.4,37,Weib,gender-agreement,Nominalgruppe regelbasiert angepasst; längere Pronomenbezüge/Satzkongruenz prüfen.,"und sprachen zu ihm: Meister, dieses Weib ist auf der Tat beim Ehebruch ergriffen worden.","und sprachen zu ihm: Meister, diese Frau ist auf der Tat beim Ehebruch ergriffen worden."
John.8.9,156,Weib,gender-agreement,Nominalgruppe regelbasiert angepasst; längere Pronomenbezüge/Satzkongruenz prüfen.,"Als sie aber das hörten, gingen sie von ihrem Gewissen gestraft einer nach dem andern hinaus, die Ältesten zuerst; Jesus aber ward allein gelassen, mit dem Weib, das in der Mitte stand.","Als sie aber das hörten, gingen sie von ihrem Gewissen gestraft einer nach dem andern hinaus, die Ältesten zuerst; Jesus aber ward allein gelassen, mit der Frau, die in der Mitte stand."
John.8.10,55,Weib,gender-agreement,Nominalgruppe regelbasiert angepasst; längere Pronomenbezüge/Satzkongruenz prüfen.,"
        Da richtete sich Jesus auf und sprach zu ihr: Weib, wo sind deine Ankläger? Hat dich niemand verdammt?","
        Da richtete sich Jesus auf und sprach zu ihr: Frau, wo sind deine Ankläger? Hat dich niemand verdammt?"
John.15.2,10,Schoß,spelling-context,Kontextabhängige Schreibung/modernes Homograph; unverändert prüfen.,"Jegliches Schoß an mir, das keine Frucht bringt, nimmt er weg; jedes fruchtbare aber reinigt er, damit es mehr Frucht bringe.","Jegliches Schoß an mir, das keine Frucht bringt, nimmt er weg; jedes fruchtbare aber reinigt er, damit es mehr Frucht bringe."
John.19.26,106,Weib,gender-agreement,Nominalgruppe regelbasiert angepasst; längere Pronomenbezüge/Satzkongruenz prüfen.,"Als nun Jesus die Mutter sah und den Jünger dabei stehen, den er lieb hatte, spricht er zu seiner Mutter: Weib, siehe, dein Sohn!","Als nun Jesus die Mutter sah und den Jünger dabei stehen, den er lieb hatte, spricht er zu seiner Mutter: Frau, siehe, dein Sohn!"
John.19.34,103,floß,spelling-context,Kontextabhängige Schreibung/modernes Homograph; unverändert prüfen.,"
        sondern 
        einer der Kriegsknechte durchbohrte seine Seite mit einem Speer, und alsbald floß Blut und Wasser heraus.","
        sondern 
        einer der Kriegsknechte durchbohrte seine Seite mit einem Speer, und alsbald floß Blut und Wasser heraus."
John.20.13,36,Weib,gender-agreement,Nominalgruppe regelbasiert angepasst; längere Pronomenbezüge/Satzkongruenz prüfen.,"
        Und diese sprechen zu ihr: Weib, was weinst du? Sie spricht zu ihnen: Sie haben meinen Herrn weggenommen, und ich weiß nicht, wo sie ihn hingelegt haben!","
        Und diese sprechen zu ihr: Frau, was weinst du? Sie spricht zu ihnen: Sie haben meinen Herrn weggenommen, und ich weiß nicht, wo sie ihn hingelegt haben!"
John.20.15,40,Weib,gender-agreement,Nominalgruppe regelbasiert angepasst; längere Pronomenbezüge/Satzkongruenz prüfen.,"
        Jesus 
        spricht zu ihr: Weib, was weinst du? Wen suchst du? Sie meint, es sei der Gärtner, und spricht zu ihm: Herr, hast du ihn weggetragen, so sage mir, wo du ihn hingelegt hast, so will ich ihn holen!","
        Jesus 
        spricht zu ihr: Frau, was weinst du? Wen suchst du? Sie meint, es sei der Gärtner, und spricht zu ihm: Herr, hast du ihn weggetragen, so sage mir, wo du ihn hingelegt hast, so will ich ihn holen!"
Acts.24.24,55,Weibe,gender-agreement,Nominalgruppe regelbasiert angepasst; längere Pronomenbezüge/Satzkongruenz prüfen.,"
        Nach etlichen Tagen aber kam Felix mit seinem Weibe Drusilla, die eine Jüdin war, und ließ den Paulus holen und hörte ihn über den Glauben an Christus Jesus.","
        Nach etlichen Tagen aber kam Felix mit seiner Frau Drusilla, die eine Jüdin war, und ließ den Paulus holen und hörte ihn über den Glauben an Christus Jesus."
Rom.1.15,15,soviel,spelling-context,Kontextabhängige Schreibung/modernes Homograph; unverändert prüfen.,"darum bin ich, soviel an mir liegt, bereit, auch euch in Rom das Evangelium zu verkündigen.","darum bin ich, soviel an mir liegt, bereit, auch euch in Rom das Evangelium zu verkündigen."
Rom.12.18,16,soviel,spelling-context,Kontextabhängige Schreibung/modernes Homograph; unverändert prüfen.,"Ist es möglich, soviel an euch liegt, so habt mit allen Menschen Frieden.","Ist es möglich, soviel an euch liegt, so habt mit allen Menschen Frieden."
1Cor.7.1,95,Weib,gender-agreement,Nominalgruppe regelbasiert angepasst; längere Pronomenbezüge/Satzkongruenz prüfen.,"Was aber das betrifft, wovon ihr mir geschrieben habt, so ist es ja gut für den Menschen, kein Weib zu berühren;","Was aber das betrifft, wovon ihr mir geschrieben habt, so ist es ja gut für den Menschen, keine Frau zu berühren;"
1Cor.11.3,96,Weibes,gender-agreement,Nominalgruppe regelbasiert angepasst; längere Pronomenbezüge/Satzkongruenz prüfen.,"Ich will aber, daß ihr wisset, daß Christus eines jeglichen Mannes Haupt ist, der Mann aber des Weibes Haupt, Gott aber Christi Haupt.","Ich will aber, dass ihr wisset, dass Christus eines jeglichen Mannes Haupt ist, der Mann aber der Frau Haupt, Gott aber Christi Haupt."
1Cor.11.5,6,Weib,gender-agreement,Nominalgruppe regelbasiert angepasst; längere Pronomenbezüge/Satzkongruenz prüfen.,"Jedes Weib aber, welches betet und weissagt mit unverhülltem Haupt, schändet ihr Haupt; es ist ein und dasselbe, wie wenn sie geschoren wäre!","Jede Frau aber, welches betet und weissagt mit unverhülltem Haupt, schändet ihr Haupt; es ist ein und dasselbe, wie wenn sie geschoren wäre!"
1Cor.11.6,37,Weib,gender-agreement,Nominalgruppe regelbasiert angepasst; längere Pronomenbezüge/Satzkongruenz prüfen.,"
        Denn 
        wenn sich ein Weib nicht verhüllen will, so lasse sie sich das Haar abschneiden! Nun es aber einem Weibe übel ansteht, sich das Haar abschneiden oder abscheren zu lassen, so soll sie sich verhüllen.","
        Denn 
        wenn sich eine Frau nicht verhüllen will, so lasse sie sich das Haar abschneiden! Nun es aber einer Frau übel ansteht, sich das Haar abschneiden oder abscheren zu lassen, so soll sie sich verhüllen."
1Cor.11.6,122,Weibe,gender-agreement,Nominalgruppe regelbasiert angepasst; längere Pronomenbezüge/Satzkongruenz prüfen.,"
        Denn 
        wenn sich ein Weib nicht verhüllen will, so lasse sie sich das Haar abschneiden! Nun es aber einem Weibe übel ansteht, sich das Haar abschneiden oder abscheren zu lassen, so soll sie sich verhüllen.","
        Denn 
        wenn sich eine Frau nicht verhüllen will, so lasse sie sich das Haar abschneiden! Nun es aber einer Frau übel ansteht, sich das Haar abschneiden oder abscheren zu lassen, so soll sie sich verhüllen."
1Cor.11.7,102,Weib,gender-agreement,Nominalgruppe regelbasiert angepasst; längere Pronomenbezüge/Satzkongruenz prüfen.,"Der Mann hat nämlich darum nicht nötig, das Haupt zu verhüllen, weil er Gottes Bild und Ehre ist; das Weib aber ist des Mannes Ehre.","Der Mann hat nämlich darum nicht nötig, das Haupt zu verhüllen, weil er Gottes Bild und Ehre ist; die Frau aber ist des Mannes Ehre."
1Cor.11.8,39,Weibe,gender-agreement,Nominalgruppe regelbasiert angepasst; längere Pronomenbezüge/Satzkongruenz prüfen.,"
        Denn der Mann kommt nicht vom Weibe, sondern das Weib vom Mann;","
        Denn der Mann kommt nicht von der Frau, sondern die Frau vom Mann;"
1Cor.11.8,58,Weib,gender-agreement,Nominalgruppe regelbasiert angepasst; längere Pronomenbezüge/Satzkongruenz prüfen.,"
        Denn der Mann kommt nicht vom Weibe, sondern das Weib vom Mann;","
        Denn der Mann kommt nicht von der Frau, sondern die Frau vom Mann;"
1Cor.11.9,42,Weibes,gender-agreement,Nominalgruppe regelbasiert angepasst; längere Pronomenbezüge/Satzkongruenz prüfen.,"
        auch wurde der Mann nicht um des Weibes willen erschaffen, sondern das Weib um des Mannes willen.","
        auch wurde der Mann nicht um der Frau willen erschaffen, sondern die Frau um des Mannes willen."
1Cor.11.9,80,Weib,gender-agreement,Nominalgruppe regelbasiert angepasst; längere Pronomenbezüge/Satzkongruenz prüfen.,"
        auch wurde der Mann nicht um des Weibes willen erschaffen, sondern das Weib um des Mannes willen.","
        auch wurde der Mann nicht um der Frau willen erschaffen, sondern die Frau um des Mannes willen."
1Cor.11.10,14,Weib,gender-agreement,Nominalgruppe regelbasiert angepasst; längere Pronomenbezüge/Satzkongruenz prüfen.,"Darum muß das Weib ein Zeichen der Gewalt auf dem Haupte haben, um der Engel willen.","Darum muss die Frau ein Zeichen der Gewalt auf dem Haupte haben, um der Engel willen."
1Cor.11.11,37,Weib,gender-agreement,Nominalgruppe regelbasiert angepasst; längere Pronomenbezüge/Satzkongruenz prüfen.,"
        Doch ist im Herrn weder das Weib ohne den Mann, noch der Mann ohne das Weib.","
        Doch ist im Herrn weder die Frau ohne den Mann, noch der Mann ohne die Frau."
1Cor.11.11,80,Weib,gender-agreement,Nominalgruppe regelbasiert angepasst; längere Pronomenbezüge/Satzkongruenz prüfen.,"
        Doch ist im Herrn weder das Weib ohne den Mann, noch der Mann ohne das Weib.","
        Doch ist im Herrn weder die Frau ohne den Mann, noch der Mann ohne die Frau."
1Cor.11.12,55,Weib,gender-agreement,Nominalgruppe regelbasiert angepasst; längere Pronomenbezüge/Satzkongruenz prüfen.,"
        Denn 
        gleichwie 
        das 
        Weib 
        vom 
        Manne kommt, so auch der Mann durch das Weib; aber das alles von Gott.","
        Denn 
        gleichwie 
        die 
        Frau 
        vom 
        Manne kommt, so auch der Mann durch die Frau; aber das alles von Gott."
1Cor.11.12,122,Weib,gender-agreement,Nominalgruppe regelbasiert angepasst; längere Pronomenbezüge/Satzkongruenz prüfen.,"
        Denn 
        gleichwie 
        das 
        Weib 
        vom 
        Manne kommt, so auch der Mann durch das Weib; aber das alles von Gott.","
        Denn 
        gleichwie 
        die 
        Frau 
        vom 
        Manne kommt, so auch der Mann durch die Frau; aber das alles von Gott."
1Cor.11.13,56,Weib,gender-agreement,Nominalgruppe regelbasiert angepasst; längere Pronomenbezüge/Satzkongruenz prüfen.,"Urteilet bei euch selbst, ob es schicklich sei, daß ein Weib unverhüllt Gott anbete!","Urteilet bei euch selbst, ob es schicklich sei, dass eine Frau unverhüllt Gott anbete!"
1Cor.11.15,26,Weibe,gender-agreement,Nominalgruppe regelbasiert angepasst; längere Pronomenbezüge/Satzkongruenz prüfen.,"Dagegen gereicht es einem Weibe zur Ehre, wenn sie langes Haar trägt; denn das Haar ist ihr statt eines Schleiers gegeben.","Dagegen gereicht es einer Frau zur Ehre, wenn sie langes Haar trägt; denn das Haar ist ihr statt eines Schleiers gegeben."
1Cor.11.34,140,sobald,spelling-context,Kontextabhängige Schreibung/modernes Homograph; unverändert prüfen.,"
        Hungert 
        aber 
        jemand, so esse er daheim, damit ihr nicht zum Gericht zusammenkommt. Das übrige will ich anordnen, sobald ich komme.","
        Hungert 
        aber 
        jemand, so esse er daheim, damit ihr nicht zum Gericht zusammenkommt. Das übrige will ich anordnen, sobald ich komme."
1Cor.14.35,99,Weibe,gender-agreement,Nominalgruppe regelbasiert angepasst; längere Pronomenbezüge/Satzkongruenz prüfen.,"
        Wollen sie aber etwas lernen, so mögen sie daheim ihre Männer fragen; denn es steht einem Weibe übel an, in der Gemeinde zu reden.","
        Wollen sie aber etwas lernen, so mögen sie daheim ihre Männer fragen; denn es steht einer Frau übel an, in der Gemeinde zu reden."
2Cor.3.16,0,Sobald,spelling-context,Kontextabhängige Schreibung/modernes Homograph; unverändert prüfen.,"Sobald es sich aber zum Herrn bekehrt, wird die Decke weggenommen.","Sobald es sich aber zum Herrn bekehrt, wird die Decke weggenommen."
Gal.3.28,142,Weib,gender-agreement,Nominalgruppe regelbasiert angepasst; längere Pronomenbezüge/Satzkongruenz prüfen.,"
        Da 
        ist 
        weder 
        Jude 
        noch 
        Grieche, da ist weder Knecht noch Freier, da ist weder Mann noch Weib; denn ihr seid alle einer in Christus Jesus.","
        Da 
        ist 
        weder 
        Jude 
        noch 
        Grieche, da ist weder Knecht noch Freier, da ist weder Mann noch Frau; denn ihr seid alle einer in Christus Jesus."
Gal.4.4,84,Weibe,gender-agreement,Nominalgruppe regelbasiert angepasst; längere Pronomenbezüge/Satzkongruenz prüfen.,"
        Als 
        aber die Zeit erfüllt war, sandte Gott Seinen Sohn, von einem Weibe geboren und unter das Gesetz getan,","
        Als 
        aber die Zeit erfüllt war, sandte Gott Seinen Sohn, von einer Frau geboren und unter das Gesetz getan,"
Eph.5.23,58,Weibes,gender-agreement,Nominalgruppe regelbasiert angepasst; längere Pronomenbezüge/Satzkongruenz prüfen.,"
        denn 
        der 
        Mann 
        ist des Weibes Haupt, wie auch Christus das Haupt der Gemeinde ist; er ist des Leibes Retter.","
        denn 
        der 
        Mann 
        ist der Frau Haupt, wie auch Christus das Haupt der Gemeinde ist; er ist des Leibes Retter."
Eph.5.31,68,Weibe,gender-agreement,Nominalgruppe regelbasiert angepasst; längere Pronomenbezüge/Satzkongruenz prüfen.,"»Um deswillen wird ein Mensch Vater und Mutter verlassen und seinem Weibe anhangen, und werden die zwei ein Fleisch sein.«","»Um deswillen wird ein Mensch Vater und Mutter verlassen und seiner Frau anhangen, und werden die zwei ein Fleisch sein.«"
Phil.1.26,13,soviel,spelling-context,Kontextabhängige Schreibung/modernes Homograph; unverändert prüfen.,"damit ihr um soviel mehr zu rühmen habet in Christus Jesus meinethalben, wegen meiner erneuten Anwesenheit bei euch.","damit ihr um soviel mehr zu rühmen habet in Christus Jesus meinethalben, wegen meiner erneuten Anwesenheit bei euch."
Phil.2.23,75,sobald,spelling-context,Kontextabhängige Schreibung/modernes Homograph; unverändert prüfen.,"
        Diesen 
        nun 
        hoffe 
        ich sofort zu senden, sobald ich absehen kann, wie es mit mir gehen wird.","
        Diesen 
        nun 
        hoffe 
        ich sofort zu senden, sobald ich absehen kann, wie es mit mir gehen wird."
Phil.4.10,63,soweit,spelling-context,Kontextabhängige Schreibung/modernes Homograph; unverändert prüfen.,"Ich bin aber hoch erfreut worden im Herrn, daß ihr euch wieder soweit erholt habt, um für mich sorgen zu können; worauf ihr auch sonst bedacht waret, aber ihr waret nicht in der Lage dazu.","Ich bin aber hoch erfreut worden im Herrn, dass ihr euch wieder soweit erholt habt, um für mich sorgen zu können; worauf ihr auch sonst bedacht waret, aber ihr waret nicht in der Lage dazu."
1Tim.2.14,53,Weib,gender-agreement,Nominalgruppe regelbasiert angepasst; längere Pronomenbezüge/Satzkongruenz prüfen.,"
        Und 
        Adam wurde nicht verführt, das Weib aber wurde verführt und geriet in Übertretung;","
        Und 
        Adam wurde nicht verführt, die Frau aber wurde verführt und geriet in Übertretung;"
1Tim.3.2,67,Weibes,gender-agreement,Nominalgruppe regelbasiert angepasst; längere Pronomenbezüge/Satzkongruenz prüfen.,"
        Nun 
        soll aber ein Aufseher untadelig sein, eines Weibes Mann, nüchtern, besonnen, ehrbar, gastfrei, lehrtüchtig;","
        Nun 
        soll aber ein Aufseher untadelig sein, einer Frau Mann, nüchtern, besonnen, ehrbar, gastfrei, lehrtüchtig;"
Titus.1.6,32,Weibes,gender-agreement,Nominalgruppe regelbasiert angepasst; längere Pronomenbezüge/Satzkongruenz prüfen.,"wenn einer untadelig ist, eines Weibes Mann, gläubige Kinder hat, über die keine Klage wegen Liederlichkeit oder Ungehorsam vorliegt.","wenn einer untadelig ist, einer Frau Mann, gläubige Kinder hat, über die keine Klage wegen Liederlichkeit oder Ungehorsam vorliegt."
Rev.2.20,46,Weib,gender-agreement,Nominalgruppe regelbasiert angepasst; längere Pronomenbezüge/Satzkongruenz prüfen.,"
        Aber ich habe wider dich, daß du das Weib Isebel gewähren lässest, die sich eine Prophetin nennt und meine Knechte lehrt und verführt, Unzucht zu treiben und Götzenopfer zu essen.","
        Aber ich habe wider dich, dass du die Frau Isebel gewähren lässest, die sich eine Prophetin nennt und meine Knechte lehrt und verführt, Unzucht zu treiben und Götzenopfer zu essen."
Rev.12.1,56,Weib,gender-agreement,Nominalgruppe regelbasiert angepasst; längere Pronomenbezüge/Satzkongruenz prüfen.,"
        Und ein großes Zeichen erschien im Himmel: ein Weib, mit der Sonne bekleidet, und der Mond unter ihren Füßen, und auf ihrem Haupte eine Krone mit zwölf Sternen.","
        Und ein großes Zeichen erschien im Himmel: eine Frau, mit der Sonne bekleidet, und der Mond unter ihren Füßen, und auf ihrem Haupte eine Krone mit zwölf Sternen."
Rev.12.4,136,Weibe,gender-agreement,Nominalgruppe regelbasiert angepasst; längere Pronomenbezüge/Satzkongruenz prüfen.,"
        und sein Schwanz zog den dritten Teil der Sterne des Himmels nach sich und warf sie auf die Erde. Und der Drache stand vor dem Weibe, das gebären sollte, auf daß, wenn sie geboren hätte, er ihr Kind verschlänge.","
        und sein Schwanz zog den dritten Teil der Sterne des Himmels nach sich und warf sie auf die Erde. Und der Drache stand vor der Frau, die gebären sollte, auf dass, wenn sie geboren hätte, er ihr Kind verschlänge."
Rev.12.6,35,Weib,gender-agreement,Nominalgruppe regelbasiert angepasst; längere Pronomenbezüge/Satzkongruenz prüfen.,"
        Und 
        das 
        Weib 
        floh 
        in die Wüste, wo sie eine Stätte hat, von Gott bereitet, damit man sie daselbst ernähre tausendzweihundertsechzig Tage.","
        Und 
        die 
        Frau 
        floh 
        in die Wüste, wo sie eine Stätte hat, von Gott bereitet, damit man sie daselbst ernähre tausendzweihundertsechzig Tage."
Rev.12.13,111,Weib,gender-agreement,Nominalgruppe regelbasiert angepasst; längere Pronomenbezüge/Satzkongruenz prüfen.,"
        Und 
        als 
        der 
        Drache sah, daß er auf die Erde geworfen war, verfolgte er das Weib, welches den Knaben geboren hatte.","
        Und 
        als 
        der 
        Drache sah, dass er auf die Erde geworfen war, verfolgte er die Frau, welche den Knaben geboren hatte."
Rev.12.14,27,Weibe,gender-agreement,Nominalgruppe regelbasiert angepasst; längere Pronomenbezüge/Satzkongruenz prüfen.,"
        Und es wurden dem Weibe zwei Flügel des großen Adlers gegeben, damit sie in die Wüste flöge an ihre Stätte, woselbst sie ernährt wird eine Zeit und zwei Zeiten und eine halbe Zeit, fern von dem Angesicht der Schlange.","
        Und es wurden der Frau zwei Flügel des großen Adlers gegeben, damit sie in die Wüste flöge an ihre Stätte, woselbst sie ernährt wird eine Zeit und zwei Zeiten und eine halbe Zeit, fern von dem Angesicht der Schlange."
Rev.12.15,75,Weibe,gender-agreement,Nominalgruppe regelbasiert angepasst; längere Pronomenbezüge/Satzkongruenz prüfen.,"
        Und 
        die 
        Schlange schleuderte aus ihrem Maul dem Weibe Wasser nach, wie einen Strom, damit sie von dem Strom fortgerissen würde.","
        Und 
        die 
        Schlange schleuderte aus ihrem Maul der Frau Wasser nach, wie einen Strom, damit sie von dem Strom fortgerissen würde."
Rev.12.16,58,Weibe,gender-agreement,Nominalgruppe regelbasiert angepasst; längere Pronomenbezüge/Satzkongruenz prüfen.,"
        Und 
        die 
        Erde 
        half dem Weibe, und die Erde tat ihren Mund auf und verschlang den Strom, welchen der Drache aus seinem Maul geschleudert hatte.","
        Und 
        die 
        Erde 
        half der Frau, und die Erde tat ihren Mund auf und verschlang den Strom, welchen der Drache aus seinem Maul geschleudert hatte."
Rev.12.17,43,Weib,gender-agreement,Nominalgruppe regelbasiert angepasst; längere Pronomenbezüge/Satzkongruenz prüfen.,"
        Und der Drache ergrimmte über das Weib und ging hin, Krieg zu führen mit den übrigen ihres Samens, welche die Gebote Gottes beobachten und das Zeugnis Jesu haben.","
        Und der Drache ergrimmte über die Frau und ging hin, Krieg zu führen mit den übrigen ihres Samens, welche die Gebote Gottes beobachten und das Zeugnis Jesu haben."
Rev.14.20,67,floß,spelling-context,Kontextabhängige Schreibung/modernes Homograph; unverändert prüfen.,"
        Und die Kelter wurde außerhalb der Stadt getreten, und es floß Blut aus der Kelter bis an die Zäume der Pferde, tausendsechshundert Stadien weit.","
        Und die Kelter wurde außerhalb der Stadt getreten, und es floß Blut aus der Kelter bis an die Zäume der Pferde, tausendsechshundert Stadien weit."
Rev.17.3,69,Weib,gender-agreement,Nominalgruppe regelbasiert angepasst; längere Pronomenbezüge/Satzkongruenz prüfen.,"
        Und er brachte mich im Geist in eine Wüste. Und ich sah ein Weib auf einem scharlachroten Tiere sitzen, das voll Namen der Lästerung war und sieben Köpfe und zehn Hörner hatte.","
        Und er brachte mich im Geist in eine Wüste. Und ich sah eine Frau auf einem scharlachroten Tiere sitzen, das voll Namen der Lästerung war und sieben Köpfe und zehn Hörner hatte."
Rev.17.4,17,Weib,gender-agreement,Nominalgruppe regelbasiert angepasst; längere Pronomenbezüge/Satzkongruenz prüfen.,"
        Und das Weib war mit Purpur und Scharlach bekleidet, und übergoldet mit Gold und Edelsteinen und Perlen; und sie hatte einen goldenen Becher in ihrer Hand, voll von Greueln und der Unreinigkeit ihrer Unzucht,","
        Und die Frau war mit Purpur und Scharlach bekleidet, und übergoldet mit Gold und Edelsteinen und Perlen; und sie hatte einen goldenen Becher in ihrer Hand, voll von Gräueln und der Unreinigkeit ihrer Unzucht,"
Rev.17.6,25,Weib,gender-agreement,Nominalgruppe regelbasiert angepasst; längere Pronomenbezüge/Satzkongruenz prüfen.,"
        Und ich sah das Weib trunken vom Blut der Heiligen und vom Blut der Zeugen Jesu; und ich verwunderte mich gar sehr, als ich sie sah.","
        Und ich sah die Frau trunken vom Blut der Heiligen und vom Blut der Zeugen Jesu; und ich verwunderte mich gar sehr, als ich sie sah."
Rev.17.7,96,Weibes,gender-agreement,Nominalgruppe regelbasiert angepasst; längere Pronomenbezüge/Satzkongruenz prüfen.,"
        Und der Engel sprach zu mir: Warum verwunderst du dich? Ich will dir das Geheimnis des Weibes sagen und des Tieres, das sie trägt, welches die sieben Köpfe und die zehn Hörner hat.","
        Und der Engel sprach zu mir: Warum verwunderst du dich? Ich will dir das Geheimnis der Frau sagen und des Tieres, das sie trägt, welches die sieben Köpfe und die zehn Hörner hat."
Rev.17.9,102,Weib,gender-agreement,Nominalgruppe regelbasiert angepasst; längere Pronomenbezüge/Satzkongruenz prüfen.,"
        Hierher, wer Verstand, wer Weisheit hat! Die sieben Köpfe sind sieben Berge, auf welchen das Weib sitzt,","
        Hierher, wer Verstand, wer Weisheit hat! Die sieben Köpfe sind sieben Berge, auf welchen die Frau sitzt,"
Rev.17.18,35,Weib,gender-agreement,Nominalgruppe regelbasiert angepasst; längere Pronomenbezüge/Satzkongruenz prüfen.,"
        Und 
        das 
        Weib, das du gesehen, ist die große Stadt, welche königliche Macht über die Könige der Erde besitzt.","
        Und 
        die 
        Frau, die du gesehen, ist die große Stadt, welche königliche Macht über die Könige der Erde besitzt."
Rev.19.7,114,Weib,gender-agreement,Nominalgruppe regelbasiert angepasst; längere Pronomenbezüge/Satzkongruenz prüfen.,"Laßt uns fröhlich sein und frohlocken und ihm die Ehre geben! Denn die Hochzeit des Lammes ist gekommen, und sein Weib hat sich bereitet.","Lasst uns fröhlich sein und frohlocken und ihm die Ehre geben! Denn die Hochzeit des Lammes ist gekommen, und seine Frau hat sich bereitet."
Rev.21.9,168,Weib,gender-agreement,Nominalgruppe regelbasiert angepasst; längere Pronomenbezüge/Satzkongruenz prüfen.,"
        Und es kam einer von den sieben Engeln, welche die sieben Schalen voll der sieben letzten Plagen hatten, und redete mit mir und sprach: Komm, ich will dir das Weib, die Braut des Lammes zeigen!","
        Und es kam einer von den sieben Engeln, welche die sieben Schalen voll der sieben letzten Plagen hatten, und redete mit mir und sprach: Komm, ich will dir die Frau, die Braut des Lammes zeigen!"
