ref,start,word,kind,reason,context_before,context_after
Gen.1.27,89,Weib,gender-agreement,Nominalgruppe regelbasiert angepasst; längere Pronomenbezüge/Satzkongruenz prüfen.,"Und Gott schuf  den Menschen  in seinem Bilde , im Bilde Gottes schuf  er ihn; Mann  und Weib schuf  er sie.","Und Gott schuf  den Menschen  in seinem Bilde , im Bilde Gottes schuf  er ihn; Mann  und Frau schuf  er sie."
Gen.2.4,98,Jehova,divine-name-syntax,Subjekt/Objekt/Anrede ohne eindeutiges Regelsignal; Artikel und Kasus prüfen.,"Dies ist die  Geschichte des Himmels  und der Erde , als sie geschaffen  wurden, an dem Tage , da Jehova Gott Erde  und Himmel machte ,","Dies ist die  Geschichte des Himmels  und der Erde , als sie geschaffen  wurden, an dem Tage , da HERR Gott Erde  und Himmel machte ,"
Gen.2.22,85,Weib,gender-agreement,Nominalgruppe regelbasiert angepasst; längere Pronomenbezüge/Satzkongruenz prüfen.,"und Jehova Gott baute  aus der Rippe , die er  von dem Menschen  genommen hatte, ein Weib , und er  brachte sie zu dem Menschen .","und der HERR Gott baute  aus der Rippe , die er  von dem Menschen  genommen hatte, eine Frau , und er  brachte sie zu dem Menschen ."
Gen.2.24,84,Weibe,gender-agreement,Nominalgruppe regelbasiert angepasst; längere Pronomenbezüge/Satzkongruenz prüfen.,"
        Darum  wird ein Mann  seinen Vater  und seine Mutter verlassen  und seinem Weibe anhangen , und sie werden ein Fleisch  sein.","
        Darum  wird ein Mann  seinen Vater  und seine Mutter verlassen  und seiner Frau anhangen , und sie werden ein Fleisch  sein."
Gen.2.25,49,Weib,gender-agreement,Nominalgruppe regelbasiert angepasst; längere Pronomenbezüge/Satzkongruenz prüfen.,"Und sie waren beide nackt , der Mensch  und sein Weib , und sie schämten  sich nicht.","Und sie waren beide nackt , der Mensch  und seine Frau , und sie schämten  sich nicht."
Gen.3.1,76,Jehova,divine-name-syntax,Subjekt/Objekt/Anrede ohne eindeutiges Regelsignal; Artikel und Kasus prüfen.,"
        Und  die Schlange war listiger  als alles Getier  des Feldes , das Jehova Gott  gemacht hatte ; und  sie sprach  zu dem Weibe : Hat Gott  wirklich gesagt : Ihr sollt nicht essen  von jedem Baume des Gartens?","
        Und  die Schlange war listiger  als alles Getier  des Feldes , das HERR Gott  gemacht hatte ; und  sie sprach  zu der Frau : Hat Gott  wirklich gesagt : Ihr sollt nicht essen  von jedem Baume des Gartens?"
Gen.3.1,129,Weibe,gender-agreement,Nominalgruppe regelbasiert angepasst; längere Pronomenbezüge/Satzkongruenz prüfen.,"
        Und  die Schlange war listiger  als alles Getier  des Feldes , das Jehova Gott  gemacht hatte ; und  sie sprach  zu dem Weibe : Hat Gott  wirklich gesagt : Ihr sollt nicht essen  von jedem Baume des Gartens?","
        Und  die Schlange war listiger  als alles Getier  des Feldes , das HERR Gott  gemacht hatte ; und  sie sprach  zu der Frau : Hat Gott  wirklich gesagt : Ihr sollt nicht essen  von jedem Baume des Gartens?"
Gen.3.2,8,Weib,gender-agreement,Nominalgruppe regelbasiert angepasst; längere Pronomenbezüge/Satzkongruenz prüfen.,Und das Weib sprach  zu der Schlange : Von der Frucht  der Bäume  des Gartens essen  wir;,Und die Frau sprach  zu der Schlange : Von der Frucht  der Bäume  des Gartens essen  wir;
Gen.3.4,32,Weibe,gender-agreement,Nominalgruppe regelbasiert angepasst; längere Pronomenbezüge/Satzkongruenz prüfen.,Und die Schlange sprach  zu dem Weibe : Mit nichten werdet ihr sterben !,Und die Schlange sprach  zu der Frau : Mit nichten werdet ihr sterben !
Gen.3.6,8,Weib,gender-agreement,Nominalgruppe regelbasiert angepasst; längere Pronomenbezüge/Satzkongruenz prüfen.,"Und das Weib sah , daß der Baum gut  zur Speise  und daß er eine Lust  für die Augen  und daß der Baum  begehrenswert wäre, um Einsicht zu geben ; und sie nahm  von seiner Frucht  und aß , und sie gab auch  ihrem Manne  mit ihr, und er aß .","Und die Frau sah , dass der Baum gut  zur Speise  und dass er eine Lust  für die Augen  und dass der Baum  begehrenswert wäre, um Einsicht zu geben ; und sie nahm  von seiner Frucht  und aß , und sie gab auch  ihrem Manne  mit ihr, und er aß ."
Gen.3.8,120,Weib,gender-agreement,Nominalgruppe regelbasiert angepasst; längere Pronomenbezüge/Satzkongruenz prüfen.,"Und sie hörten  die Stimme Jehovas Gottes , der  im Garten wandelte  bei der Kühle des Tages . Und der Mensch  und sein Weib  versteckten sich  vor dem Angesicht Jehovas Gottes  mitten unter  die Bäume  des Gartens.","Und sie hörten  die Stimme des HERRN Gottes , der  im Garten wandelte  bei der Kühle des Tages . Und der Mensch  und seine Frau  versteckten sich  vor dem Angesicht des HERRN Gottes  mitten unter  die Bäume  des Gartens."
Gen.3.12,38,Weib,gender-agreement,Nominalgruppe regelbasiert angepasst; längere Pronomenbezüge/Satzkongruenz prüfen.,"
        Und  der Mensch sprach : Das Weib , das du mir  beigegeben hast , sie gab  mir von dem Baume, und ich aß .","
        Und  der Mensch sprach : Die Frau , die du mir  beigegeben hast , sie gab  mir von dem Baume, und ich aß ."
Gen.3.13,31,Weibe,gender-agreement,Nominalgruppe regelbasiert angepasst; längere Pronomenbezüge/Satzkongruenz prüfen.,"Und Jehova Gott sprach  zu dem Weibe : Was hast du da getan ! Und das Weib sprach : Die Schlange betrog  mich, und ich aß .","Und der HERR Gott sprach  zu der Frau : Was hast du da getan ! Und die Frau sprach : Die Schlange betrog  mich, und ich aß ."
Gen.3.13,70,Weib,gender-agreement,Nominalgruppe regelbasiert angepasst; längere Pronomenbezüge/Satzkongruenz prüfen.,"Und Jehova Gott sprach  zu dem Weibe : Was hast du da getan ! Und das Weib sprach : Die Schlange betrog  mich, und ich aß .","Und der HERR Gott sprach  zu der Frau : Was hast du da getan ! Und die Frau sprach : Die Schlange betrog  mich, und ich aß ."
Gen.3.15,55,Weibe,gender-agreement,Nominalgruppe regelbasiert angepasst; längere Pronomenbezüge/Satzkongruenz prüfen.,"Und ich werde Feindschaft setzen  zwischen dir und dem Weibe  und zwischen deinem Samen  und ihrem Samen ; er wird dir den Kopf  zermalmen, und du, du wirst ihm die Ferse  zermalmen.","Und ich werde Feindschaft setzen  zwischen dir und der Frau  und zwischen deinem Samen  und ihrem Samen ; er wird dir den Kopf  zermalmen, und du, du wirst ihm die Ferse  zermalmen."
Gen.3.16,7,Weibe,gender-agreement,Nominalgruppe regelbasiert angepasst; längere Pronomenbezüge/Satzkongruenz prüfen.,"Zu dem Weibe sprach  er: Ich werde sehr mehren  die Mühsal deiner Schwangerschaft, mit Schmerzen  sollst du Kinder gebären ; und nach deinem Manne  wird dein Verlangen sein , er aber wird über dich herrschen.","Zu der Frau sprach  er: Ich werde sehr mehren  die Mühsal deiner Schwangerschaft, mit Schmerzen  sollst du Kinder gebären ; und nach deinem Manne  wird dein Verlangen sein , er aber wird über dich herrschen."
Gen.3.17,65,Weibes,gender-agreement,Nominalgruppe regelbasiert angepasst; längere Pronomenbezüge/Satzkongruenz prüfen.,"
        Und  zu Adam sprach er : Weil du auf die Stimme  deines Weibes  gehört und gegessen hast  von dem Baume, von dem ich dir geboten und gesprochen habe : Du sollst nicht davon essen , so sei der Erdboden verflucht  um deinetwillen: mit Mühsal sollst du davon essen  alle Tage  deines Lebens ;","
        Und  zu Adam sprach er : Weil du auf die Stimme  deiner Frau  gehört und gegessen hast  von dem Baume, von dem ich dir geboten und gesprochen habe : Du sollst nicht davon essen , so sei der Erdboden verflucht  um deinetwillen: mit Mühsal sollst du davon essen  alle Tage  deines Lebens ;"
Gen.3.20,27,Weibe,gender-agreement,Nominalgruppe regelbasiert angepasst; längere Pronomenbezüge/Satzkongruenz prüfen.,"Und der Mensch gab  seinem Weibe  den Namen Eva , denn sie war die Mutter  aller Lebendigen .","Und der Mensch gab  seiner Frau  den Namen Eva , denn sie war die Mutter  aller Lebendigen ."
Gen.3.21,40,Weibe,gender-agreement,Nominalgruppe regelbasiert angepasst; längere Pronomenbezüge/Satzkongruenz prüfen.,Und Jehova Gott machte Adam  und seinem Weibe Röcke  von Fell  und bekleidete sie.,Und der HERR Gott machte Adam  und seiner Frau Röcke  von Fell  und bekleidete sie.
Gen.4.1,45,Weib,gender-agreement,Nominalgruppe regelbasiert angepasst; längere Pronomenbezüge/Satzkongruenz prüfen.,"
        Und  der Mensch erkannte Eva , sein Weib , und  sie ward schwanger  und gebar Kain ; und sie sprach : Ich habe einen Mann  erworben mit Jehova .","
        Und  der Mensch erkannte Eva , seine Frau , und  sie ward schwanger  und gebar Kain ; und sie sprach : Ich habe einen Mann  erworben mit dem HERRN ."
Gen.4.17,24,Weib,gender-agreement,Nominalgruppe regelbasiert angepasst; längere Pronomenbezüge/Satzkongruenz prüfen.,"Und Kain erkannte  sein Weib , und sie  ward schwanger  und gebar Hanoch . Und er baute  eine Stadt  und benannte die Stadt  nach dem Namen  seines Sohnes Hanoch .","Und Kain erkannte  seine Frau , und sie  ward schwanger  und gebar Hanoch . Und er baute  eine Stadt  und benannte die Stadt  nach dem Namen  seines Sohnes Hanoch ."
Gen.4.25,33,Weib,gender-agreement,Nominalgruppe regelbasiert angepasst; längere Pronomenbezüge/Satzkongruenz prüfen.,"Und Adam erkannte abermals  sein Weib , und sie gebar einen Sohn  und gab  ihm den Namen Seth ; denn Gott hat  mir einen anderen Samen gesetzt  an Stelle Abels, weil Kain  ihn erschlagen hat.","Und Adam erkannte abermals  seine Frau , und sie gebar einen Sohn  und gab  ihm den Namen Seth ; denn Gott hat  mir einen anderen Samen gesetzt  an Stelle Abels, weil Kain  ihn erschlagen hat."
Gen.5.2,19,Weib,gender-agreement,Nominalgruppe regelbasiert angepasst; längere Pronomenbezüge/Satzkongruenz prüfen.,"
        Mann  und Weib schuf  er sie, und er segnete  sie und gab  ihnen den Namen Mensch , an dem Tage , da sie geschaffen  wurden. -","
        Mann  und Frau schuf  er sie, und er segnete  sie und gab  ihnen den Namen Mensch , an dem Tage , da sie geschaffen  wurden. -"
Gen.6.18,112,Weib,gender-agreement,Nominalgruppe regelbasiert angepasst; längere Pronomenbezüge/Satzkongruenz prüfen.,"Aber mit dir will ich meinen Bund  errichten, und du  sollst in  die Arche gehen , du und deine Söhne  und dein Weib  und die Weiber  deiner Söhne  mit dir.","Aber mit dir will ich meinen Bund  errichten, und du  sollst in  die Arche gehen , du und deine Söhne  und deine Frau  und die Frauen  deiner Söhne  mit dir."
Gen.7.7,36,Weib,gender-agreement,Nominalgruppe regelbasiert angepasst; längere Pronomenbezüge/Satzkongruenz prüfen.,Und Noah  und seine Söhne  und sein Weib  und die Weiber  seiner Söhne  mit ihm gingen in  die Arche vor  den Wassern  der Flut.,Und Noah  und seine Söhne  und seine Frau  und die Frauen  seiner Söhne  mit ihm gingen in  die Arche vor  den Wassern  der Flut.
Gen.7.13,91,Weib,gender-agreement,Nominalgruppe regelbasiert angepasst; längere Pronomenbezüge/Satzkongruenz prüfen.,"An ebendemselben Tage  gingen Noah und Sem  und Ham  und Japhet, die Söhne Noahs , und das Weib Noahs  und die drei Weiber  seiner Söhne  mit ihnen in  die Arche:","An ebendemselben Tage  gingen Noah und Sem  und Ham  und Japhet, die Söhne Noahs , und die Frau Noahs  und die drei Frauen  seiner Söhne  mit ihnen in  die Arche:"
Gen.8.16,33,Weib,gender-agreement,Nominalgruppe regelbasiert angepasst; längere Pronomenbezüge/Satzkongruenz prüfen.,"Gehe aus  der Arche, du und dein Weib  und deine Söhne  und die Weiber  deiner Söhne  mit dir.","Gehe aus  der Arche, du und deine Frau  und deine Söhne  und die Frauen  deiner Söhne  mit dir."
Gen.8.18,48,Weib,gender-agreement,Nominalgruppe regelbasiert angepasst; längere Pronomenbezüge/Satzkongruenz prüfen.,Und Noah ging  hinaus und seine Söhne  und sein Weib  und die Weiber  seiner Söhne  mit ihm.,Und Noah ging  hinaus und seine Söhne  und seine Frau  und die Frauen  seiner Söhne  mit ihm.
Gen.11.9,132,Jehova,divine-name-syntax,Subjekt/Objekt/Anrede ohne eindeutiges Regelsignal; Artikel und Kasus prüfen.,"Darum gab  man ihr den Namen Babel ; denn daselbst verwirrte Jehova  die Sprache  der ganzen Erde , und von  dannen zerstreute  sie Jehova  über die ganze Erde .","Darum gab  man ihr den Namen Babel ; denn daselbst verwirrte der HERR  die Sprache  der ganzen Erde , und von  dannen zerstreute  sie HERR  über die ganze Erde ."
Gen.11.29,57,Weibes,gender-agreement,Nominalgruppe regelbasiert angepasst; längere Pronomenbezüge/Satzkongruenz prüfen.,"Und Abram  und Nahor nahmen  sich Weiber ; der Name  des Weibes Abrams  war Sarai , und der Name  des Weibes Nahors Milka , die Tochter Harans , des Vaters  der Milka  und des Vaters  der Jiska .","Und Abram  und Nahor nahmen  sich Frauen ; der Name  der Frau Abrams  war Sarai , und der Name  der Frau Nahors Milka , die Tochter Harans , des Vaters  der Milka  und des Vaters  der Jiska ."
Gen.11.29,102,Weibes,gender-agreement,Nominalgruppe regelbasiert angepasst; längere Pronomenbezüge/Satzkongruenz prüfen.,"Und Abram  und Nahor nahmen  sich Weiber ; der Name  des Weibes Abrams  war Sarai , und der Name  des Weibes Nahors Milka , die Tochter Harans , des Vaters  der Milka  und des Vaters  der Jiska .","Und Abram  und Nahor nahmen  sich Frauen ; der Name  der Frau Abrams  war Sarai , und der Name  der Frau Nahors Milka , die Tochter Harans , des Vaters  der Milka  und des Vaters  der Jiska ."
Gen.11.31,125,Weib,gender-agreement,Nominalgruppe regelbasiert angepasst; längere Pronomenbezüge/Satzkongruenz prüfen.,"Und Tarah nahm  seinen Sohn Abram  und Lot , den Sohn  Harans, seines Sohnes Sohn , und Sarai , seine Schwiegertochter , das Weib  seines Sohnes Abram ; und sie zogen miteinander aus Ur  in Chaldäa , um in das Land Kanaan  zu gehen ; und sie kamen  bis Haran  und wohnten  daselbst.","Und Tarah nahm  seinen Sohn Abram  und Lot , den Sohn  Harans, seines Sohnes Sohn , und Sarai , seine Schwiegertochter , die Frau  seines Sohnes Abram ; und sie zogen miteinander aus Ur  in Chaldäa , um in das Land Kanaan  zu gehen ; und sie kamen  bis Haran  und wohnten  daselbst."
Gen.12.5,28,Weib,gender-agreement,Nominalgruppe regelbasiert angepasst; längere Pronomenbezüge/Satzkongruenz prüfen.,"Und Abram nahm Sarai , sein Weib , und Lot , seines Bruders Sohn , und alle ihre Habe , die sie erworben, und die Seelen , die sie in Haran  gewonnen hatten , und sie zogen aus , um in das Land Kanaan zu gehen ; und sie kamen  in das Land Kanaan .","Und Abram nahm Sarai , seine Frau , und Lot , seines Bruders Sohn , und alle ihre Habe , die sie erworben, und die Seelen , die sie in Haran  gewonnen hatten , und sie zogen aus , um in das Land Kanaan zu gehen ; und sie kamen  in das Land Kanaan ."
Gen.12.11,98,Weibe,gender-agreement,Nominalgruppe regelbasiert angepasst; längere Pronomenbezüge/Satzkongruenz prüfen.,"Und es geschah, als er  nahe daran war, nach Ägypten  zu kommen , da sprach  er zu Sarai , seinem Weibe : Siehe doch , ich weiß , daß  du ein Weib , schön  von Ansehen , bist;","Und es geschah, als er  nahe daran war, nach Ägypten  zu kommen , da sprach  er zu Sarai , seiner Frau : Siehe doch , ich weiß , dass  du eine Frau , schön  von Ansehen , bist;"
Gen.12.11,142,Weib,gender-agreement,Nominalgruppe regelbasiert angepasst; längere Pronomenbezüge/Satzkongruenz prüfen.,"Und es geschah, als er  nahe daran war, nach Ägypten  zu kommen , da sprach  er zu Sarai , seinem Weibe : Siehe doch , ich weiß , daß  du ein Weib , schön  von Ansehen , bist;","Und es geschah, als er  nahe daran war, nach Ägypten  zu kommen , da sprach  er zu Sarai , seiner Frau : Siehe doch , ich weiß , dass  du eine Frau , schön  von Ansehen , bist;"
Gen.12.12,89,Weib,gender-agreement,Nominalgruppe regelbasiert angepasst; längere Pronomenbezüge/Satzkongruenz prüfen.,"und es wird geschehen, wenn die Ägypter  dich sehen, so werden  sie sagen : Sie ist sein Weib ; und sie werden mich  erschlagen und dich leben lassen .","und es wird geschehen, wenn die Ägypter  dich sehen, so werden  sie sagen : Sie ist seine Frau ; und sie werden mich  erschlagen und dich leben lassen ."
Gen.12.14,78,Weib,gender-agreement,Nominalgruppe regelbasiert angepasst; längere Pronomenbezüge/Satzkongruenz prüfen.,"Und es geschah, als Abram  in Ägypten  ankam, da sahen  die Ägypter , daß das Weib sehr schön war .","Und es geschah, als Abram  in Ägypten  ankam, da sahen  die Ägypter , dass die Frau sehr schön war ."
Gen.12.15,77,Weib,gender-agreement,Nominalgruppe regelbasiert angepasst; längere Pronomenbezüge/Satzkongruenz prüfen.,Und die Fürsten  des Pharao sahen  sie und priesen  sie dem Pharao ; und das Weib  wurde in  das Haus  des Pharao  geholt.,Und die Fürsten  des Pharao sahen  sie und priesen  sie dem Pharao ; und die Frau  wurde in  das Haus  des Pharao  geholt.
Gen.12.17,87,Weibes,gender-agreement,Nominalgruppe regelbasiert angepasst; längere Pronomenbezüge/Satzkongruenz prüfen.,"Und Jehova  schlug den Pharao  und sein Haus  mit großen Plagen um Sarais  willen, des Weibes Abrams .","Und der HERR  schlug den Pharao  und sein Haus  mit großen Plagen um Sarais  willen, der Frau Abrams ."
Gen.12.18,123,Weib,gender-agreement,Nominalgruppe regelbasiert angepasst; längere Pronomenbezüge/Satzkongruenz prüfen.,"Und der Pharao  ließ Abram rufen  und sprach : Was hast du mir  da getan ? Warum hast du mir nicht kundgetan, daß sie dein Weib  ist?","Und der Pharao  ließ Abram rufen  und sprach : Was hast du mir  da getan ? Warum hast du mir nicht kundgetan, dass sie deine Frau  ist?"
Gen.12.19,73,Weibe,gender-agreement,Nominalgruppe regelbasiert angepasst; längere Pronomenbezüge/Satzkongruenz prüfen.,"Warum hast du gesagt : Sie ist  meine Schwester , so daß ich sie mir zum Weibe nahm ? Und nun siehe, da ist dein Weib , nimm sie und gehe  hin.","Warum hast du gesagt : Sie ist  meine Schwester , so dass ich sie mir zur Frau nahm ? Und nun siehe, da ist deine Frau , nimm sie und gehe  hin."
Gen.12.19,113,Weib,gender-agreement,Nominalgruppe regelbasiert angepasst; längere Pronomenbezüge/Satzkongruenz prüfen.,"Warum hast du gesagt : Sie ist  meine Schwester , so daß ich sie mir zum Weibe nahm ? Und nun siehe, da ist dein Weib , nimm sie und gehe  hin.","Warum hast du gesagt : Sie ist  meine Schwester , so dass ich sie mir zur Frau nahm ? Und nun siehe, da ist deine Frau , nimm sie und gehe  hin."
Gen.12.20,77,Weib,gender-agreement,Nominalgruppe regelbasiert angepasst; längere Pronomenbezüge/Satzkongruenz prüfen.,"Und der Pharao  entbot seinetwegen Männer , und sie geleiteten  ihn und sein Weib  und alles, was er hatte .","Und der Pharao  entbot seinetwegen Männer , und sie geleiteten  ihn und seine Frau  und alles, was er hatte ."
Gen.13.1,48,Weib,gender-agreement,Nominalgruppe regelbasiert angepasst; längere Pronomenbezüge/Satzkongruenz prüfen.,"Und Abram zog  herauf aus Ägypten , er und sein Weib  und alles, was er hatte, und Lot  mit ihm, nach dem Süden.","Und Abram zog  herauf aus Ägypten , er und seine Frau  und alles, was er hatte, und Lot  mit ihm, nach dem Süden."
Gen.15.2,26,Jehova,divine-name-syntax,Subjekt/Objekt/Anrede ohne eindeutiges Regelsignal; Artikel und Kasus prüfen.,"Und Abram sprach : Herr , Jehova, was willst du mir geben ? Ich gehe ja kinderlos dahin , und der Erbe meines Hauses , das  ist Elieser  von Damaskus .","Und Abram sprach : Herr , HERR, was willst du mir geben ? Ich gehe ja kinderlos dahin , und der Erbe meines Hauses , das  ist Elieser  von Damaskus ."
Gen.15.8,23,Jehova,divine-name-syntax,Subjekt/Objekt/Anrede ohne eindeutiges Regelsignal; Artikel und Kasus prüfen.,"Und er sprach : Herr , Jehova, woran  soll ich erkennen , daß ich es besitzen  werde?","Und er sprach : Herr , HERR, woran  soll ich erkennen , dass ich es besitzen  werde?"
Gen.16.1,19,Weib,gender-agreement,Nominalgruppe regelbasiert angepasst; längere Pronomenbezüge/Satzkongruenz prüfen.,"Und Sarai , Abrams Weib , gebar  ihm nicht . Und sie hatte  eine ägyptische Magd , und ihr Name  war Hagar .","Und Sarai , Abrams Frau , gebar  ihm nicht . Und sie hatte  eine ägyptische Magd , und ihr Name  war Hagar ."
Gen.16.3,37,Weib,gender-agreement,Nominalgruppe regelbasiert angepasst; längere Pronomenbezüge/Satzkongruenz prüfen.,"
        Und 
        Sarai , Abrams Weib , nahm Hagar , die Ägypterin, ihre Magd , nach  Verlauf von zehn  Jahren, die Abram  im Lande Kanaan  gewohnt hatte, und gab sie Abram , ihrem Manne , ihm zum Weibe .","
        Und 
        Sarai , Abrams Frau , nahm Hagar , die Ägypterin, ihre Magd , nach  Verlauf von zehn  Jahren, die Abram  im Lande Kanaan  gewohnt hatte, und gab sie Abram , ihrem Manne , ihm zur Frau ."
Gen.16.3,201,Weibe,gender-agreement,Nominalgruppe regelbasiert angepasst; längere Pronomenbezüge/Satzkongruenz prüfen.,"
        Und 
        Sarai , Abrams Weib , nahm Hagar , die Ägypterin, ihre Magd , nach  Verlauf von zehn  Jahren, die Abram  im Lande Kanaan  gewohnt hatte, und gab sie Abram , ihrem Manne , ihm zum Weibe .","
        Und 
        Sarai , Abrams Frau , nahm Hagar , die Ägypterin, ihre Magd , nach  Verlauf von zehn  Jahren, die Abram  im Lande Kanaan  gewohnt hatte, und gab sie Abram , ihrem Manne , ihm zur Frau ."
Gen.16.5,137,Schoß,spelling-context,Kontextabhängige Schreibung/modernes Homograph; unverändert prüfen.,"
        Und 
        Sarai 
        sprach  zu Abram : Das Unrecht , das mir widerfährt, fällt auf dich! Ich habe meine Magd  in deinen Schoß gegeben ; und da sie sieht , daß sie schwanger  geworden ist, bin ich gering in ihren Augen . Jehova richte  zwischen mir und dir!","
        Und 
        Sarai 
        sprach  zu Abram : Das Unrecht , das mir widerfährt, fällt auf dich! Ich habe meine Magd  in deinen Schoß gegeben ; und da sie sieht , dass sie schwanger  geworden ist, bin ich gering in ihren Augen . Der HERR richte  zwischen mir und dir!"
Gen.16.13,15,Jehova,divine-name-syntax,Subjekt/Objekt/Anrede ohne eindeutiges Regelsignal; Artikel und Kasus prüfen.,"Da nannte  sie Jehova , der zu ihr redete : Du bist ein Gott , der sich schauen läßt! Denn sie sprach : Habe  ich nicht auch hier  geschaut, nachdem  er sich hat schauen lassen?","Da nannte  sie HERR , der zu ihr redete : Du bist ein Gott , der sich schauen lässt! Denn sie sprach : Habe  ich nicht auch hier  geschaut, nachdem  er sich hat schauen lassen?"
Gen.17.15,43,Weib,gender-agreement,Nominalgruppe regelbasiert angepasst; längere Pronomenbezüge/Satzkongruenz prüfen.,"Und Gott sprach  zu Abraham : Sarai , dein Weib , sollst du nicht Sarai  nennen, sondern Sara  soll ihr Name  sein.","Und Gott sprach  zu Abraham : Sarai , deine Frau , sollst du nicht Sarai  nennen, sondern Sara  soll ihr Name  sein."
Gen.17.19,39,Weib,gender-agreement,Nominalgruppe regelbasiert angepasst; längere Pronomenbezüge/Satzkongruenz prüfen.,"Und Gott sprach : Fürwahr, Sara , dein Weib , wird  dir einen Sohn gebären , und du sollst ihm den Namen Isaak  geben; und ich werde meinen Bund  mit ihm errichten zu einem ewigen Bunde  für seinen Samen nach  ihm.","Und Gott sprach : Fürwahr, Sara , deine Frau , wird  dir einen Sohn gebären , und du sollst ihm den Namen Isaak  geben; und ich werde meinen Bund  mit ihm errichten zu einem ewigen Bunde  für seinen Samen nach  ihm."
Gen.18.9,45,Weib,gender-agreement,Nominalgruppe regelbasiert angepasst; längere Pronomenbezüge/Satzkongruenz prüfen.,"Und sie sprachen zu ihm: Wo  ist Sara , dein Weib ? Und er sprach : Siehe, im Zelte.","Und sie sprachen zu ihm: Wo  ist Sara , deine Frau ? Und er sprach : Siehe, im Zelte."
Gen.18.10,94,Weib,gender-agreement,Nominalgruppe regelbasiert angepasst; längere Pronomenbezüge/Satzkongruenz prüfen.,"Und er sprach : Gewißlich werde  ich übers Jahr wieder  zu dir kommen, und siehe, Sara , dein Weib , wird  einen Sohn  haben. Und Sara  horchte am Eingang  des Zeltes , der hinter  ihm war.","Und er sprach : Gewisslich werde  ich übers Jahr wieder  zu dir kommen, und siehe, Sara , deine Frau , wird  einen Sohn  haben. Und Sara  horchte am Eingang  des Zeltes , der hinter  ihm war."
Gen.19.15,108,Weib,gender-agreement,Nominalgruppe regelbasiert angepasst; längere Pronomenbezüge/Satzkongruenz prüfen.,"Und sowie die Morgenröte  aufging, da drangen die Engel  in Lot  und sprachen : Mache dich auf , nimm  dein Weib  und deine zwei Töchter , die vorhanden sind , damit du nicht  weggerafft werdest in der Ungerechtigkeit  der Stadt !","Und sowie die Morgenröte  aufging, da drangen die Engel  in Lot  und sprachen : Mache dich auf , nimm  deine Frau  und deine zwei Töchter , die vorhanden sind , damit du nicht  weggerafft werdest in der Ungerechtigkeit  der Stadt !"
Gen.19.16,76,Weibes,gender-agreement,Nominalgruppe regelbasiert angepasst; längere Pronomenbezüge/Satzkongruenz prüfen.,"Und als er zögerte, ergriffen  die Männer  seine Hand  und die Hand  seines Weibes  und die Hand  seiner zwei Töchter , weil Jehova  sich seiner erbarmte, und führten ihn hinaus  und ließen ihn außerhalb der Stadt .","Und als er zögerte, ergriffen  die Männer  seine Hand  und die Hand  seiner Frau  und die Hand  seiner zwei Töchter , weil der HERR  sich seiner erbarmte, und führten ihn hinaus  und ließen ihn außerhalb der Stadt ."
Gen.19.26,9,Weib,gender-agreement,Nominalgruppe regelbasiert angepasst; längere Pronomenbezüge/Satzkongruenz prüfen.,Und sein Weib  sah sich hinter  ihm um und ward zu einer Salzsäule .,Und seine Frau  sah sich hinter  ihm um und ward zu einer Salzsäule .
Gen.20.2,36,Weibe,gender-agreement,Nominalgruppe regelbasiert angepasst; längere Pronomenbezüge/Satzkongruenz prüfen.,"Und Abraham sagte von Sara , seinem Weibe : Sie ist  meine Schwester . Da sandte Abimelech , der König  von Gerar , und ließ Sara  holen.","Und Abraham sagte von Sara , seiner Frau : Sie ist  meine Schwester . Da sandte Abimelech , der König  von Gerar , und ließ Sara  holen."
Gen.20.3,111,Weibes,gender-agreement,Nominalgruppe regelbasiert angepasst; längere Pronomenbezüge/Satzkongruenz prüfen.,"Und Gott kam  zu Abimelech  in einem Traume der Nacht  und sprach  zu ihm: Siehe, du bist des Todes  wegen des Weibes , das du genommen hast; denn sie ist  eines Mannes  Eheweib.","Und Gott kam  zu Abimelech  in einem Traume der Nacht  und sprach  zu ihm: Siehe, du bist des Todes  wegen der Frau , die du genommen hast; denn sie ist  eines Mannes  Ehefrau."
Gen.20.3,170,Eheweib,gender-agreement,Nominalgruppe regelbasiert angepasst; längere Pronomenbezüge/Satzkongruenz prüfen.,"Und Gott kam  zu Abimelech  in einem Traume der Nacht  und sprach  zu ihm: Siehe, du bist des Todes  wegen des Weibes , das du genommen hast; denn sie ist  eines Mannes  Eheweib.","Und Gott kam  zu Abimelech  in einem Traume der Nacht  und sprach  zu ihm: Siehe, du bist des Todes  wegen der Frau , die du genommen hast; denn sie ist  eines Mannes  Ehefrau."
Gen.20.7,17,Weib,gender-agreement,Nominalgruppe regelbasiert angepasst; längere Pronomenbezüge/Satzkongruenz prüfen.,"Und nun gib  das Weib  des Mannes  zurück; denn er ist  ein Prophet  und wird für dich bitten , und du wirst am Leben  bleiben. Wenn du sie aber nicht zurückgibst, so wisse , daß du gewißlich sterben  wirst, du und alles, was dein ist!","Und nun gib  die Frau  des Mannes  zurück; denn er ist  ein Prophet  und wird für dich bitten , und du wirst am Leben  bleiben. Wenn du sie aber nicht zurückgibst, so wisse , dass du gewisslich sterben  wirst, du und alles, was dein ist!"
Gen.20.11,126,Weibes,gender-agreement,Nominalgruppe regelbasiert angepasst; längere Pronomenbezüge/Satzkongruenz prüfen.,"Und Abraham sprach : Weil ich mir sagte : Gewiß ist keine Gottesfurcht  an diesem Orte , und sie werden mich töten um  meines Weibes  willen.","Und Abraham sprach : Weil ich mir sagte : Gewiss ist keine Gottesfurcht  an diesem Orte , und sie werden mich töten um  meiner Frau  willen."
Gen.20.12,128,Weib,gender-agreement,Nominalgruppe regelbasiert angepasst; längere Pronomenbezüge/Satzkongruenz prüfen.,"Auch ist sie wahrhaftig  meine Schwester , die Tochter  meines Vaters , nur nicht die Tochter  meiner Mutter ; und sie ist mein Weib  geworden.","Auch ist sie wahrhaftig  meine Schwester , die Tochter  meines Vaters , nur nicht die Tochter  meiner Mutter ; und sie ist meine Frau  geworden."
Gen.20.14,120,Weib,gender-agreement,Nominalgruppe regelbasiert angepasst; längere Pronomenbezüge/Satzkongruenz prüfen.,"Da nahm Abimelech Kleinvieh  und Rinder  und Knechte  und Mägde  und gab  sie dem Abraham ; und er gab  ihm Sara , sein Weib , zurück.","Da nahm Abimelech Kleinvieh  und Rinder  und Knechte  und Mägde  und gab  sie dem Abraham ; und er gab  ihm Sara , seine Frau , zurück."
Gen.20.17,66,Weib,gender-agreement,Nominalgruppe regelbasiert angepasst; längere Pronomenbezüge/Satzkongruenz prüfen.,"Und Abraham betete  zu Gott ; und Gott heilte Abimelech  und sein Weib  und seine Mägde , so daß sie gebaren .","Und Abraham betete  zu Gott ; und Gott heilte Abimelech  und seine Frau  und seine Mägde , so dass sie gebaren ."
Gen.20.18,34,Weibes,gender-agreement,Nominalgruppe regelbasiert angepasst; längere Pronomenbezüge/Satzkongruenz prüfen.,"Denn Jehova  hatte um Saras , des Weibes Abrahams , willen jeden Mutterleib  im Hause Abimelechs  gänzlich verschlossen .","Denn der HERR  hatte um Saras , der Frau Abrahams , willen jeden Mutterleib  im Hause Abimelechs  gänzlich verschlossen ."
Gen.21.1,4,Jehova,divine-name-syntax,Subjekt/Objekt/Anrede ohne eindeutiges Regelsignal; Artikel und Kasus prüfen.,"Und Jehova  suchte Sara heim , wie er gesagt hatte , und Jehova  tat der Sara , wie er geredet hatte .","Und HERR  suchte Sara heim , wie er gesagt hatte , und der HERR  tat der Sara , wie er geredet hatte ."
Gen.21.21,67,Weib,gender-agreement,Nominalgruppe regelbasiert angepasst; längere Pronomenbezüge/Satzkongruenz prüfen.,"Und er wohnte  in der Wüste  Paran, und seine Mutter nahm  ihm ein Weib  aus dem Lande Ägypten .","Und er wohnte  in der Wüste  Paran, und seine Mutter nahm  ihm eine Frau  aus dem Lande Ägypten ."
Gen.22.24,9,Kebsweib,spelling-context,Kontextabhängige Schreibung/modernes Homograph; unverändert prüfen.,"Und sein Kebsweib , namens  Reuma, auch sie gebar  Tebach und Gacham und Tachasch und Maaka.","Und sein Kebsweib , namens  Reuma, auch sie gebar  Tebach und Gacham und Tachasch und Maaka."
Gen.23.19,48,Weib,gender-agreement,Nominalgruppe regelbasiert angepasst; längere Pronomenbezüge/Satzkongruenz prüfen.,"
        Und  danach begrub Abraham Sara , sein Weib , in der Höhle  des Feldes von  Machpela, vor Mamre , das ist Hebron , im Lande Kanaan .","
        Und  danach begrub Abraham Sara , seine Frau , in der Höhle  des Feldes von  Machpela, vor Mamre , das ist Hebron , im Lande Kanaan ."
Gen.24.3,128,Weib,gender-agreement,Nominalgruppe regelbasiert angepasst; längere Pronomenbezüge/Satzkongruenz prüfen.,"und ich werde dich schwören  lassen bei Jehova , dem Gott  des Himmels  und dem Gott  der Erde , daß du meinem Sohne  nicht ein Weib nehmen  wirst von den Töchtern  der Kanaaniter , in  deren Mitte ich wohne ;","und ich werde dich schwören  lassen bei dem HERRN , dem Gott  des Himmels  und dem Gott  der Erde , dass du meinem Sohne  nicht eine Frau nehmen  wirst von den Töchtern  der Kanaaniter , in  deren Mitte ich wohne ;"
Gen.24.4,76,Weib,gender-agreement,Nominalgruppe regelbasiert angepasst; längere Pronomenbezüge/Satzkongruenz prüfen.,"sondern in mein Land  und zu meiner Verwandtschaft sollst du gehen  und ein Weib nehmen  meinem Sohne , dem Isaak .","sondern in mein Land  und zu meiner Verwandtschaft sollst du gehen  und eine Frau nehmen  meinem Sohne , dem Isaak ."
Gen.24.5,51,Weib,gender-agreement,Nominalgruppe regelbasiert angepasst; längere Pronomenbezüge/Satzkongruenz prüfen.,"Und der Knecht sprach  zu ihm: Vielleicht wird das Weib mir nicht  in dieses Land folgen  wollen; soll ich dann deinen Sohn  in das Land  zurückbringen, aus  welchem du  weggezogen bist?","Und der Knecht sprach  zu ihm: Vielleicht wird die Frau mir nicht  in dieses Land folgen  wollen; soll ich dann deinen Sohn  in das Land  zurückbringen, aus  welchem du  weggezogen bist?"
Gen.24.7,9,Jehova,divine-name-syntax,Subjekt/Objekt/Anrede ohne eindeutiges Regelsignal; Artikel und Kasus prüfen.,"
        Jehova , der Gott  des Himmels , der mich aus  dem Hause  meines Vaters  und aus dem Lande  meiner Verwandtschaft genommen und der zu mir geredet und der mir also geschworen hat : Deinem Samen  will ich dieses Land geben ! der wird seinen Engel  vor dir hersenden, daß du  meinem Sohne von  dannen ein Weib nehmest .","
        HERR , der Gott  des Himmels , der mich aus  dem Hause  meines Vaters  und aus dem Lande  meiner Verwandtschaft genommen und der zu mir geredet und der mir also geschworen hat : Deinem Samen  will ich dieses Land geben ! der wird seinen Engel  vor dir hersenden, dass du  meinem Sohne von  dannen eine Frau nehmest ."
Gen.24.7,311,Weib,gender-agreement,Nominalgruppe regelbasiert angepasst; längere Pronomenbezüge/Satzkongruenz prüfen.,"
        Jehova , der Gott  des Himmels , der mich aus  dem Hause  meines Vaters  und aus dem Lande  meiner Verwandtschaft genommen und der zu mir geredet und der mir also geschworen hat : Deinem Samen  will ich dieses Land geben ! der wird seinen Engel  vor dir hersenden, daß du  meinem Sohne von  dannen ein Weib nehmest .","
        HERR , der Gott  des Himmels , der mich aus  dem Hause  meines Vaters  und aus dem Lande  meiner Verwandtschaft genommen und der zu mir geredet und der mir also geschworen hat : Deinem Samen  will ich dieses Land geben ! der wird seinen Engel  vor dir hersenden, dass du  meinem Sohne von  dannen eine Frau nehmest ."
Gen.24.8,14,Weib,gender-agreement,Nominalgruppe regelbasiert angepasst; längere Pronomenbezüge/Satzkongruenz prüfen.,"Wenn aber das Weib dir  nicht folgen will , so bist du  dieses meines Eides  ledig; nur sollst  du meinen Sohn  nicht dorthin zurückbringen.","Wenn aber die Frau dir  nicht folgen will , so bist du  dieses meines Eides  ledig; nur sollst  du meinen Sohn  nicht dorthin zurückbringen."
Gen.24.15,140,Weibes,gender-agreement,Nominalgruppe regelbasiert angepasst; längere Pronomenbezüge/Satzkongruenz prüfen.,"Und es geschah, er hatte  noch nicht ausgeredet, siehe, da kam Rebekka heraus , die dem Bethuel geboren  worden, dem Sohne  der Milka , des Weibes Nahors , des Bruders Abrahams , mit ihrem Kruge auf  ihrer Schulter .","Und es geschah, er hatte  noch nicht ausgeredet, siehe, da kam Rebekka heraus , die dem Bethuel geboren  worden, dem Sohne  der Milka , der Frau Nahors , des Bruders Abrahams , mit ihrem Kruge auf  ihrer Schulter ."
Gen.24.36,15,Weib,gender-agreement,Nominalgruppe regelbasiert angepasst; längere Pronomenbezüge/Satzkongruenz prüfen.,"Und Sara , das Weib  meines Herrn , hat meinem Herrn  einen Sohn geboren , nachdem  sie alt  geworden war; und er hat ihm alles gegeben , was er hat.","Und Sara , die Frau  meines Herrn , hat meinem Herrn  einen Sohn geboren , nachdem  sie alt  geworden war; und er hat ihm alles gegeben , was er hat."
Gen.24.37,88,Weib,gender-agreement,Nominalgruppe regelbasiert angepasst; längere Pronomenbezüge/Satzkongruenz prüfen.,"Und mein Herr  hat mich schwören  lassen und gesagt : Du sollst meinem Sohne  nicht ein Weib nehmen  von den Töchtern  der Kanaaniter , in deren Lande  ich wohne ;","Und mein Herr  hat mich schwören  lassen und gesagt : Du sollst meinem Sohne  nicht eine Frau nehmen  von den Töchtern  der Kanaaniter , in deren Lande  ich wohne ;"
Gen.24.38,112,Weib,gender-agreement,Nominalgruppe regelbasiert angepasst; längere Pronomenbezüge/Satzkongruenz prüfen.,"
        sondern  zu dem Hause  meines Vaters  und zu meinem Geschlecht  sollst du gehen  und meinem Sohne  ein Weib nehmen !","
        sondern  zu dem Hause  meines Vaters  und zu meinem Geschlecht  sollst du gehen  und meinem Sohne  eine Frau nehmen !"
Gen.24.39,54,Weib,gender-agreement,Nominalgruppe regelbasiert angepasst; längere Pronomenbezüge/Satzkongruenz prüfen.,Und ich sprach  zu meinem Herrn : Vielleicht wird das Weib mir  nicht folgen .,Und ich sprach  zu meinem Herrn : Vielleicht wird die Frau mir  nicht folgen .
Gen.24.40,22,Jehova,divine-name-syntax,Subjekt/Objekt/Anrede ohne eindeutiges Regelsignal; Artikel und Kasus prüfen.,"Da sprach er  zu mir: Jehova , vor dessen Angesicht  ich gewandelt habe, wird  seinen Engel  mit dir senden  und Glück zu deiner Reise  geben, daß du meinem Sohne  ein Weib nehmest  aus meinem Geschlecht  und aus dem Hause  meines Vaters .","Da sprach er  zu mir: HERR , vor dessen Angesicht  ich gewandelt habe, wird  seinen Engel  mit dir senden  und Glück zu deiner Reise  geben, dass du meinem Sohne  eine Frau nehmest  aus meinem Geschlecht  und aus dem Hause  meines Vaters ."
Gen.24.40,168,Weib,gender-agreement,Nominalgruppe regelbasiert angepasst; längere Pronomenbezüge/Satzkongruenz prüfen.,"Da sprach er  zu mir: Jehova , vor dessen Angesicht  ich gewandelt habe, wird  seinen Engel  mit dir senden  und Glück zu deiner Reise  geben, daß du meinem Sohne  ein Weib nehmest  aus meinem Geschlecht  und aus dem Hause  meines Vaters .","Da sprach er  zu mir: HERR , vor dessen Angesicht  ich gewandelt habe, wird  seinen Engel  mit dir senden  und Glück zu deiner Reise  geben, dass du meinem Sohne  eine Frau nehmest  aus meinem Geschlecht  und aus dem Hause  meines Vaters ."
Gen.24.42,46,Jehova,divine-name-syntax,Subjekt/Objekt/Anrede ohne eindeutiges Regelsignal; Artikel und Kasus prüfen.,"So kam  ich heute  zu der Quelle und sprach : Jehova , Gott  meines Herrn Abraham , wenn du doch Glück geben wolltest zu meinem Wege , auf dem  ich gehe !","So kam  ich heute  zu der Quelle und sprach : HERR , Gott  meines Herrn Abraham , wenn du doch Glück geben wolltest zu meinem Wege , auf dem  ich gehe !"
Gen.24.44,102,Weib,gender-agreement,Nominalgruppe regelbasiert angepasst; längere Pronomenbezüge/Satzkongruenz prüfen.,"und welche zu mir sagen  wird: Trinke  du, und auch für deine Kamele  will ich schöpfen , daß sie das Weib  sei, welches Jehova  für den Sohn  meines Herrn  bestimmt hat .","und welche zu mir sagen  wird: Trinke  du, und auch für deine Kamele  will ich schöpfen , dass sie die Frau  sei, welches der HERR  für den Sohn  meines Herrn  bestimmt hat ."
Gen.24.51,70,Weib,gender-agreement,Nominalgruppe regelbasiert angepasst; längere Pronomenbezüge/Satzkongruenz prüfen.,"Siehe, Rebekka ist vor  dir: nimm sie und ziehe hin ; und sie sei das Weib  des Sohnes  deines Herrn , wie Jehova  geredet hat .","Siehe, Rebekka ist vor  dir: nimm sie und ziehe hin ; und sie sei die Frau  des Sohnes  deines Herrn , wie der HERR  geredet hat ."
Gen.24.56,53,Jehova,divine-name-syntax,Subjekt/Objekt/Anrede ohne eindeutiges Regelsignal; Artikel und Kasus prüfen.,"Er aber sprach  zu ihnen: Haltet mich  nicht auf, da Jehova  Glück gegeben hat zu meiner Reise ; entlasset mich , daß ich zu meinem Herrn ziehe !","Er aber sprach  zu ihnen: Haltet mich  nicht auf, da HERR  Glück gegeben hat zu meiner Reise ; entlasset mich , dass ich zu meinem Herrn ziehe !"
Gen.24.67,97,Weib,gender-agreement,Nominalgruppe regelbasiert angepasst; längere Pronomenbezüge/Satzkongruenz prüfen.,"Und Isaak  führte sie in das Zelt  seiner Mutter Sara , und er nahm Rebekka , und sie wurde sein Weib , und er hatte sie lieb . Und Isaak tröstete  sich nach  dem Tode seiner Mutter .","Und Isaak  führte sie in das Zelt  seiner Mutter Sara , und er nahm Rebekka , und sie wurde seine Frau , und er hatte sie lieb . Und Isaak tröstete  sich nach  dem Tode seiner Mutter ."
Gen.25.1,29,Weib,gender-agreement,Nominalgruppe regelbasiert angepasst; längere Pronomenbezüge/Satzkongruenz prüfen.,"Und Abraham nahm wieder  ein Weib , mit Namen Ketura .","Und Abraham nahm wieder  eine Frau , mit Namen Ketura ."
Gen.25.10,97,Weib,gender-agreement,Nominalgruppe regelbasiert angepasst; längere Pronomenbezüge/Satzkongruenz prüfen.,"dem Felde , welches Abraham  von den Kindern Heth  gekauft hatte ; dort wurden Abraham  und sein Weib Sara begraben .","dem Felde , welches Abraham  von den Kindern Heth  gekauft hatte ; dort wurden Abraham  und seine Frau Sara begraben ."
Gen.25.20,60,Weibe,gender-agreement,Nominalgruppe regelbasiert angepasst; längere Pronomenbezüge/Satzkongruenz prüfen.,"Und Isaak  war vierzig Jahre alt , als er sich Rebekka  zum Weibe nahm , die Tochter Bethuels , des Aramäers aus Paddan-Aram, die Schwester Labans , des Aramäers.","Und Isaak  war vierzig Jahre alt , als er sich Rebekka  zur Frau nahm , die Tochter Bethuels , des Aramäers aus Paddan-Aram, die Schwester Labans , des Aramäers."
Gen.25.21,31,Weib,gender-agreement,Nominalgruppe regelbasiert angepasst; längere Pronomenbezüge/Satzkongruenz prüfen.,"Und Isaak bat Jehova für  sein Weib , denn sie war unfruchtbar ; und Jehova  ließ sich von ihm erbitten , und Rebekka , sein Weib , wurde schwanger .","Und Isaak bat den HERRN für  seine Frau , denn sie war unfruchtbar ; und der HERR  ließ sich von ihm erbitten , und Rebekka , seine Frau , wurde schwanger ."
Gen.25.21,125,Weib,gender-agreement,Nominalgruppe regelbasiert angepasst; längere Pronomenbezüge/Satzkongruenz prüfen.,"Und Isaak bat Jehova für  sein Weib , denn sie war unfruchtbar ; und Jehova  ließ sich von ihm erbitten , und Rebekka , sein Weib , wurde schwanger .","Und Isaak bat den HERRN für  seine Frau , denn sie war unfruchtbar ; und der HERR  ließ sich von ihm erbitten , und Rebekka , seine Frau , wurde schwanger ."
Gen.25.22,113,Jehova,divine-name-syntax,Subjekt/Objekt/Anrede ohne eindeutiges Regelsignal; Artikel und Kasus prüfen.,"Und die Kinder  stießen sich in  ihr; und sie sprach : Wenn es so steht, warum bin ich dies ? Und sie ging hin , Jehova  zu befragen.","Und die Kinder  stießen sich in  ihr; und sie sprach : Wenn es so steht, warum bin ich dies ? Und sie ging hin , HERR  zu befragen."
Gen.26.7,55,Weibe,gender-agreement,Nominalgruppe regelbasiert angepasst; längere Pronomenbezüge/Satzkongruenz prüfen.,"Und die Männer  des Ortes erkundigten sich nach seinem Weibe , und er sprach : Sie  ist meine Schwester . Denn er fürchtete  sich zu sagen: Mein Weib , indem er dachte: Die Männer  des Ortes möchten mich sonst töten  wegen Rebekka ; denn sie  ist schön  von Ansehen .","Und die Männer  des Ortes erkundigten sich nach seiner Frau , und er sprach : Sie  ist meine Schwester . Denn er fürchtete  sich zu sagen: Meine Frau , indem er dachte: Die Männer  des Ortes möchten mich sonst töten  wegen Rebekka ; denn sie  ist schön  von Ansehen ."
Gen.26.7,145,Weib,gender-agreement,Nominalgruppe regelbasiert angepasst; längere Pronomenbezüge/Satzkongruenz prüfen.,"Und die Männer  des Ortes erkundigten sich nach seinem Weibe , und er sprach : Sie  ist meine Schwester . Denn er fürchtete  sich zu sagen: Mein Weib , indem er dachte: Die Männer  des Ortes möchten mich sonst töten  wegen Rebekka ; denn sie  ist schön  von Ansehen .","Und die Männer  des Ortes erkundigten sich nach seiner Frau , und er sprach : Sie  ist meine Schwester . Denn er fürchtete  sich zu sagen: Meine Frau , indem er dachte: Die Männer  des Ortes möchten mich sonst töten  wegen Rebekka ; denn sie  ist schön  von Ansehen ."
Gen.26.8,188,Weibe,gender-agreement,Nominalgruppe regelbasiert angepasst; längere Pronomenbezüge/Satzkongruenz prüfen.,"Und es geschah, als er längere Zeit  daselbst gewesen war, da blickte Abimelech , der König  der Philister , durchs Fenster , und er sah , und siehe , Isaak scherzte  mit Rebekka , seinem Weibe .","Und es geschah, als er längere Zeit  daselbst gewesen war, da blickte Abimelech , der König  der Philister , durchs Fenster , und er sah , und siehe , Isaak scherzte  mit Rebekka , seiner Frau ."
Gen.26.9,73,Weib,gender-agreement,Nominalgruppe regelbasiert angepasst; längere Pronomenbezüge/Satzkongruenz prüfen.,"Da rief Abimelech  den Isaak  und sprach : Siehe , fürwahr, sie ist dein Weib ; und wie hast du gesagt : Sie ist meine Schwester ? Und Isaak sprach  zu ihm: Weil ich mir sagte : Daß ich nicht sterbe  ihretwegen.","Da rief Abimelech  den Isaak  und sprach : Siehe , fürwahr, sie ist deine Frau ; und wie hast du gesagt : Sie ist meine Schwester ? Und Isaak sprach  zu ihm: Weil ich mir sagte : Dass ich nicht sterbe  ihretwegen."
Gen.26.10,106,Weibe,gender-agreement,Nominalgruppe regelbasiert angepasst; längere Pronomenbezüge/Satzkongruenz prüfen.,"Und Abimelech sprach : Was hast du uns da getan ! Wenig  fehlte, so hätte einer aus dem Volke  bei deinem Weibe gelegen , und du hättest eine Schuld  über uns gebracht .","Und Abimelech sprach : Was hast du uns da getan ! Wenig  fehlte, so hätte einer aus dem Volke  bei deiner Frau gelegen , und du hättest eine Schuld  über uns gebracht ."
Gen.26.11,73,Weib,gender-agreement,Nominalgruppe regelbasiert angepasst; längere Pronomenbezüge/Satzkongruenz prüfen.,"Und Abimelech gebot  allem Volke  und sprach : Wer diesen Mann  und sein Weib antastet , soll  gewißlich getötet  werden.","Und Abimelech gebot  allem Volke  und sprach : Wer diesen Mann  und seine Frau antastet , soll  gewisslich getötet  werden."
Gen.26.34,50,Weibe,gender-agreement,Nominalgruppe regelbasiert angepasst; längere Pronomenbezüge/Satzkongruenz prüfen.,"Und Esau  war vierzig Jahre alt , da nahm  er zum Weibe Judith , die Tochter Beeris , des Hethiters , und Basmath , die Tochter Elons , des Hethiters .","Und Esau  war vierzig Jahre alt , da nahm  er zur Frau Judith , die Tochter Beeris , des Hethiters , und Basmath , die Tochter Elons , des Hethiters ."
Gen.27.46,105,Weib,gender-agreement,Nominalgruppe regelbasiert angepasst; längere Pronomenbezüge/Satzkongruenz prüfen.,"Und Rebekka sprach  zu Isaak : Ich bin des Lebens  überdrüssig wegen der Töchter Heths ; wenn Jakob  ein Weib  nähme von  den Töchtern Heths , wie  diese, von den Töchtern  des Landes , wozu sollte mir das Leben ?","Und Rebekka sprach  zu Isaak : Ich bin des Lebens  überdrüssig wegen der Töchter Heths ; wenn Jakob  eine Frau  nähme von  den Töchtern Heths , wie  diese, von den Töchtern  des Landes , wozu sollte mir das Leben ?"
Gen.28.1,98,Weib,gender-agreement,Nominalgruppe regelbasiert angepasst; längere Pronomenbezüge/Satzkongruenz prüfen.,Und Isaak rief Jakob  und segnete  ihn; und er gebot  ihm und sprach  zu ihm: Du sollst nicht ein Weib nehmen  von den Töchtern Kanaans .,Und Isaak rief Jakob  und segnete  ihn; und er gebot  ihm und sprach  zu ihm: Du sollst nicht eine Frau nehmen  von den Töchtern Kanaans .
Gen.28.2,117,Weib,gender-agreement,Nominalgruppe regelbasiert angepasst; längere Pronomenbezüge/Satzkongruenz prüfen.,"Mache dich auf , gehe  nach Paddan-Aram, zum Hause Bethuels , des Vaters  deiner Mutter ; und nimm  dir von dort ein Weib  von den Töchtern Labans , des Bruders  deiner Mutter .","Mache dich auf , gehe  nach Paddan-Aram, zum Hause Bethuels , des Vaters  deiner Mutter ; und nimm  dir von dort eine Frau  von den Töchtern Labans , des Bruders  deiner Mutter ."
Gen.28.6,123,Weib,gender-agreement,Nominalgruppe regelbasiert angepasst; längere Pronomenbezüge/Satzkongruenz prüfen.,"
        Und  als Esau sah , daß Isaak  den Jakob gesegnet  und ihn nach Paddan-Aram entlassen hatte, um sich von dort ein Weib  zu nehmen , indem er ihn segnete  und ihm gebot  und sprach : Du sollst nicht ein Weib nehmen  von den Töchtern Kanaans ,","
        Und  als Esau sah , dass Isaak  den Jakob gesegnet  und ihn nach Paddan-Aram entlassen hatte, um sich von dort eine Frau  zu nehmen , indem er ihn segnete  und ihm gebot  und sprach : Du sollst nicht eine Frau nehmen  von den Töchtern Kanaans ,"
Gen.28.6,211,Weib,gender-agreement,Nominalgruppe regelbasiert angepasst; längere Pronomenbezüge/Satzkongruenz prüfen.,"
        Und  als Esau sah , daß Isaak  den Jakob gesegnet  und ihn nach Paddan-Aram entlassen hatte, um sich von dort ein Weib  zu nehmen , indem er ihn segnete  und ihm gebot  und sprach : Du sollst nicht ein Weib nehmen  von den Töchtern Kanaans ,","
        Und  als Esau sah , dass Isaak  den Jakob gesegnet  und ihn nach Paddan-Aram entlassen hatte, um sich von dort eine Frau  zu nehmen , indem er ihn segnete  und ihm gebot  und sprach : Du sollst nicht eine Frau nehmen  von den Töchtern Kanaans ,"
Gen.28.9,48,Weibe,gender-agreement,Nominalgruppe regelbasiert angepasst; längere Pronomenbezüge/Satzkongruenz prüfen.,"da ging Esau hin  zu Ismael  und nahm  sich zum Weibe  Machalath, die Tochter Ismaels , des Sohnes Abrahams , die Schwester Nebajoths , zu seinen anderen Weibern  hinzu.","da ging Esau hin  zu Ismael  und nahm  sich zur Frau  Machalath, die Tochter Ismaels , des Sohnes Abrahams , die Schwester Nebajoths , zu seinen anderen Frauen  hinzu."
Gen.29.21,43,Weib,gender-agreement,Nominalgruppe regelbasiert angepasst; längere Pronomenbezüge/Satzkongruenz prüfen.,"Und Jakob sprach  zu Laban : Gib  mir mein Weib ; denn meine Tage  sind erfüllt , daß ich zu ihr  eingehe.","Und Jakob sprach  zu Laban : Gib  mir meine Frau ; denn meine Tage  sind erfüllt , dass ich zu ihr  eingehe."
Gen.29.28,99,Weibe,gender-agreement,Nominalgruppe regelbasiert angepasst; längere Pronomenbezüge/Satzkongruenz prüfen.,Und Jakob tat  also und vollendete die Woche  mit dieser; und er gab  ihm seine Tochter Rahel  zum Weibe .,Und Jakob tat  also und vollendete die Woche  mit dieser; und er gab  ihm seine Tochter Rahel  zur Frau .
Gen.30.4,38,Weibe,gender-agreement,Nominalgruppe regelbasiert angepasst; längere Pronomenbezüge/Satzkongruenz prüfen.,Und sie gab  ihm ihre Magd Bilha  zum Weibe ; und Jakob  ging zu ihr  ein.,Und sie gab  ihm ihre Magd Bilha  zur Frau ; und Jakob  ging zu ihr  ein.
Gen.30.9,102,Weibe,gender-agreement,Nominalgruppe regelbasiert angepasst; längere Pronomenbezüge/Satzkongruenz prüfen.,"Und als Lea sah , daß sie aufhörte zu gebären , da nahm  sie ihre Magd Silpa  und gab  sie Jakob  zum Weibe .","Und als Lea sah , dass sie aufhörte zu gebären , da nahm  sie ihre Magd Silpa  und gab  sie Jakob  zur Frau ."
Gen.32.10,80,Jehova,divine-name-syntax,Subjekt/Objekt/Anrede ohne eindeutiges Regelsignal; Artikel und Kasus prüfen.,"Und Jakob sprach : Gott  meines Vaters Abraham  und Gott  meines Vaters Isaak , Jehova , der du zu mir  geredet hast : Kehre zurück in dein Land  und zu deiner Verwandtschaft, und ich will dir wohltun !","Und Jakob sprach : Gott  meines Vaters Abraham  und Gott  meines Vaters Isaak , HERR , der du zu mir  geredet hast : Kehre zurück in dein Land  und zu deiner Verwandtschaft, und ich will dir wohltun !"
Gen.34.4,87,Weibe,gender-agreement,Nominalgruppe regelbasiert angepasst; längere Pronomenbezüge/Satzkongruenz prüfen.,"Und Sichem sprach  zu Hemor , seinem Vater , und sagte : Nimm  mir dieses Mädchen  zum Weibe .","Und Sichem sprach  zu Hemor , seinem Vater , und sagte : Nimm  mir dieses Mädchen  zur Frau ."
Gen.34.7,40,sobald,spelling-context,Kontextabhängige Schreibung/modernes Homograph; unverändert prüfen.,"Und die Söhne Jakobs  kamen vom Felde , sobald sie  es hörten ; und die Männer  kränkten sich  und ergrimmten sehr , weil er  eine Schandtat in Israel  verübt hatte , bei der Tochter Jakobs zu  liegen; und also sollte nicht  geschehen.","Und die Söhne Jakobs  kamen vom Felde , sobald sie  es hörten ; und die Männer  kränkten sich  und ergrimmten sehr , weil er  eine Schandtat in Israel  verübt hatte , bei der Tochter Jakobs zu  liegen; und also sollte nicht  geschehen."
Gen.34.8,124,Weibe,gender-agreement,Nominalgruppe regelbasiert angepasst; längere Pronomenbezüge/Satzkongruenz prüfen.,"Und Hemor redete  mit ihnen und sprach : Sichem , mein Sohn  -seine Seele  hängt an eurer Tochter : Gebet sie  ihm doch zum Weibe ,","Und Hemor redete  mit ihnen und sprach : Sichem , mein Sohn  -seine Seele  hängt an eurer Tochter : Gebet sie  ihm doch zur Frau ,"
Gen.34.12,141,Weibe,gender-agreement,Nominalgruppe regelbasiert angepasst; längere Pronomenbezüge/Satzkongruenz prüfen.,"Leget mir sehr viel  auf als Heiratsgabe und Geschenk , und ich  will es geben , so wie ihr mir sagen  werdet; und gebet mir das Mädchen zum Weibe .","Leget mir sehr viel  auf als Heiratsgabe und Geschenk , und ich  will es geben , so wie ihr mir sagen  werdet; und gebet mir das Mädchen zur Frau ."
Gen.36.10,69,Weibes,gender-agreement,Nominalgruppe regelbasiert angepasst; längere Pronomenbezüge/Satzkongruenz prüfen.,"Dies sind die Namen  der Söhne Esaus : Eliphas , der Sohn Adas , des Weibes Esaus ; Reghuel, der Sohn Basmaths , des Weibes Esaus .","Dies sind die Namen  der Söhne Esaus : Eliphas , der Sohn Adas , der Frau Esaus ; Reghuel, der Sohn Basmaths , der Frau Esaus ."
Gen.36.10,117,Weibes,gender-agreement,Nominalgruppe regelbasiert angepasst; längere Pronomenbezüge/Satzkongruenz prüfen.,"Dies sind die Namen  der Söhne Esaus : Eliphas , der Sohn Adas , des Weibes Esaus ; Reghuel, der Sohn Basmaths , des Weibes Esaus .","Dies sind die Namen  der Söhne Esaus : Eliphas , der Sohn Adas , der Frau Esaus ; Reghuel, der Sohn Basmaths , der Frau Esaus ."
Gen.36.12,18,Kebsweib,spelling-context,Kontextabhängige Schreibung/modernes Homograph; unverändert prüfen.,"Und Timna war das Kebsweib  des Eliphas , des Sohnes Esaus , und sie gebar  dem Eliphas Amalek . Das sind die Söhne Adas , des Weibes Esaus .","Und Timna war das Kebsweib  des Eliphas , des Sohnes Esaus , und sie gebar  dem Eliphas Amalek . Das sind die Söhne Adas , der Frau Esaus ."
Gen.36.12,127,Weibes,gender-agreement,Nominalgruppe regelbasiert angepasst; längere Pronomenbezüge/Satzkongruenz prüfen.,"Und Timna war das Kebsweib  des Eliphas , des Sohnes Esaus , und sie gebar  dem Eliphas Amalek . Das sind die Söhne Adas , des Weibes Esaus .","Und Timna war das Kebsweib  des Eliphas , des Sohnes Esaus , und sie gebar  dem Eliphas Amalek . Das sind die Söhne Adas , der Frau Esaus ."
Gen.36.13,110,Weibes,gender-agreement,Nominalgruppe regelbasiert angepasst; längere Pronomenbezüge/Satzkongruenz prüfen.,"Und dies sind die Söhne  Reghuels: Nachath und Serach, Schamma und Missa . Das waren die Söhne Basmaths , des Weibes Esaus .","Und dies sind die Söhne  Reghuels: Nachath und Serach, Schamma und Missa . Das waren die Söhne Basmaths , der Frau Esaus ."
Gen.36.14,83,Weibes,gender-agreement,Nominalgruppe regelbasiert angepasst; längere Pronomenbezüge/Satzkongruenz prüfen.,"Und dies waren die Söhne Oholibamas , der Tochter Anas , der Tochter Zibeons , des Weibes Esaus : sie gebar  dem Esau  Jeghusch, Jaghlam und Korach.","Und dies waren die Söhne Oholibamas , der Tochter Anas , der Tochter Zibeons , der Frau Esaus : sie gebar  dem Esau  Jeghusch, Jaghlam und Korach."
Gen.36.17,215,Weibes,gender-agreement,Nominalgruppe regelbasiert angepasst; längere Pronomenbezüge/Satzkongruenz prüfen.,"Und dies sind die Söhne  Reghuels, des Sohnes Esaus : der Fürst  Nachath, der Fürst  Serach, der Fürst  Schamma, der Fürst Missa . Das sind die Fürsten  des Reghuel im Lande Edom ; das sind die Söhne Basmaths , des Weibes Esaus .","Und dies sind die Söhne  Reghuels, des Sohnes Esaus : der Fürst  Nachath, der Fürst  Serach, der Fürst  Schamma, der Fürst Missa . Das sind die Fürsten  des Reghuel im Lande Edom ; das sind die Söhne Basmaths , der Frau Esaus ."
Gen.36.18,41,Weibes,gender-agreement,Nominalgruppe regelbasiert angepasst; längere Pronomenbezüge/Satzkongruenz prüfen.,"Und dies sind die Söhne Oholibamas , des Weibes Esaus : der Fürst  Jeghusch, der Fürst  Jaghlam, der Fürst  Korach. Das sind die Fürsten Oholibamas , der Tochter Anas , des Weibes Esaus .","Und dies sind die Söhne Oholibamas , der Frau Esaus : der Fürst  Jeghusch, der Fürst  Jaghlam, der Fürst  Korach. Das sind die Fürsten Oholibamas , der Tochter Anas , der Frau Esaus ."
Gen.36.18,173,Weibes,gender-agreement,Nominalgruppe regelbasiert angepasst; längere Pronomenbezüge/Satzkongruenz prüfen.,"Und dies sind die Söhne Oholibamas , des Weibes Esaus : der Fürst  Jeghusch, der Fürst  Jaghlam, der Fürst  Korach. Das sind die Fürsten Oholibamas , der Tochter Anas , des Weibes Esaus .","Und dies sind die Söhne Oholibamas , der Frau Esaus : der Fürst  Jeghusch, der Fürst  Jaghlam, der Fürst  Korach. Das sind die Fürsten Oholibamas , der Tochter Anas , der Frau Esaus ."
Gen.36.39,146,Weibes,gender-agreement,Nominalgruppe regelbasiert angepasst; längere Pronomenbezüge/Satzkongruenz prüfen.,"Und Baal-Hanan , der Sohn  Akbors, starb ; und es ward König  an seiner Statt Hadar ; und der Name  seiner Stadt  war Paghu, und der Name  seines Weibes Mehetabeel , die Tochter Matreds , der Tochter Mesahabs .","Und Baal-Hanan , der Sohn  Akbors, starb ; und es ward König  an seiner Statt Hadar ; und der Name  seiner Stadt  war Paghu, und der Name  seiner Frau Mehetabeel , die Tochter Matreds , der Tochter Mesahabs ."
Gen.38.6,19,Weib,gender-agreement,Nominalgruppe regelbasiert angepasst; längere Pronomenbezüge/Satzkongruenz prüfen.,"Und Juda nahm  ein Weib  für Gher, seinen Erstgeborenen , und ihr Name  war Tamar.","Und Juda nahm  eine Frau  für Gher, seinen Erstgeborenen , und ihr Name  war Tamar."
Gen.38.8,43,Weibe,gender-agreement,Nominalgruppe regelbasiert angepasst; längere Pronomenbezüge/Satzkongruenz prüfen.,"Da sprach Juda  zu Onan : Gehe  ein zu dem Weibe  deines Bruders , und leiste ihr die Schwagerpflicht und erwecke deinem Bruder Samen .","Da sprach Juda  zu Onan : Gehe  ein zu der Frau  deines Bruders , und leiste ihr die Schwagerpflicht und erwecke deinem Bruder Samen ."
Gen.38.9,96,Weibe,gender-agreement,Nominalgruppe regelbasiert angepasst; längere Pronomenbezüge/Satzkongruenz prüfen.,"Da aber Onan wußte , daß der Same nicht  sein eigen sein sollte, so geschah es, wenn er  zu dem Weibe  seines Bruders  einging, daß er ihn verderbte  zur Erde , um seinem Bruder  keinen Samen  zu geben .","Da aber Onan wusste , dass der Same nicht  sein eigen sein sollte, so geschah es, wenn er  zu der Frau  seines Bruders  einging, dass er ihn verderbte  zur Erde , um seinem Bruder  keinen Samen  zu geben ."
Gen.38.12,65,Weib,gender-agreement,Nominalgruppe regelbasiert angepasst; längere Pronomenbezüge/Satzkongruenz prüfen.,"Als der Tage viele  geworden, da starb  die Tochter  Schuas, das Weib Judas . Und als Juda getröstet  war, ging er  zu seinen Schafscherern hinauf, er und Hira , sein Freund , der Adullamiter, nach Timna.","Als der Tage viele  geworden, da starb  die Tochter  Schuas, die Frau Judas . Und als Juda getröstet  war, ging er  zu seinen Schafscherern hinauf, er und Hira , sein Freund , der Adullamiter, nach Timna."
Gen.38.14,263,Weibe,gender-agreement,Nominalgruppe regelbasiert angepasst; längere Pronomenbezüge/Satzkongruenz prüfen.,"Da legte sie  die Kleider  ihrer Witwenschaft  von sich  und bedeckte sich  mit einem Schleier und verhüllte sich ; und sie setzte  sich an den Eingang  von Enaim , das am Wege  nach Timna liegt; denn sie sah , daß Schela groß geworden  war und sie ihm nicht zum Weibe  gegeben wurde.","Da legte sie  die Kleider  ihrer Witwenschaft  von sich  und bedeckte sich  mit einem Schleier und verhüllte sich ; und sie setzte  sich an den Eingang  von Enaim , das am Wege  nach Timna liegt; denn sie sah , dass Schela groß geworden  war und sie ihm nicht zur Frau  gegeben wurde."
Gen.38.20,119,Weibes,gender-agreement,Nominalgruppe regelbasiert angepasst; längere Pronomenbezüge/Satzkongruenz prüfen.,"Und Juda  sandte das Ziegenböcklein durch die Hand  seines Freundes, des Adullamiters, um das Pfand  aus der Hand  des Weibes  zu nehmen ; aber er fand sie  nicht.","Und Juda  sandte das Ziegenböcklein durch die Hand  seines Freundes, des Adullamiters, um das Pfand  aus der Hand  der Frau  zu nehmen ; aber er fand sie  nicht."
Gen.39.7,48,Weib,gender-agreement,Nominalgruppe regelbasiert angepasst; längere Pronomenbezüge/Satzkongruenz prüfen.,"Und es geschah nach  diesen Dingen, da warf das Weib  seines Herrn  ihre Augen  auf Joseph  und sprach : Liege bei  mir!","Und es geschah nach  diesen Dingen, da warf die Frau  seines Herrn  ihre Augen  auf Joseph  und sprach : Liege bei  mir!"
Gen.39.8,42,Weibe,gender-agreement,Nominalgruppe regelbasiert angepasst; längere Pronomenbezüge/Satzkongruenz prüfen.,"Er aber weigerte sich  und sprach  zu dem Weibe  seines Herrn : Siehe, mein Herr  kümmert sich  um nichts bei mir im Hause ; und alles, was er hat , hat er in meine Hand gegeben .","Er aber weigerte sich  und sprach  zu der Frau  seines Herrn : Siehe, mein Herr  kümmert sich  um nichts bei mir im Hause ; und alles, was er hat , hat er in meine Hand gegeben ."
Gen.39.9,116,Weib,gender-agreement,Nominalgruppe regelbasiert angepasst; längere Pronomenbezüge/Satzkongruenz prüfen.,"Niemand ist größer  in diesem Hause  als ich, und  er hat mir gar nichts  vorenthalten als nur dich, indem du  sein Weib  bist; und wie  sollte ich dieses große Übel tun  und wider Gott sündigen ?","Niemand ist größer  in diesem Hause  als ich, und  er hat mir gar nichts  vorenthalten als nur dich, indem du  seine Frau  bist; und wie  sollte ich dieses große Übel tun  und wider Gott sündigen ?"
Gen.39.19,49,Weibes,gender-agreement,Nominalgruppe regelbasiert angepasst; längere Pronomenbezüge/Satzkongruenz prüfen.,"Und es geschah, als sein Herr  die Worte  seines Weibes hörte , die sie  zu ihm redete , indem sie sprach : Nach diesen Worten  hat mir dein Knecht getan , da entbrannte sein Zorn .","Und es geschah, als sein Herr  die Worte  seiner Frau hörte , die sie  zu ihm redete , indem sie sprach : Nach diesen Worten  hat mir dein Knecht getan , da entbrannte sein Zorn ."
Gen.40.10,56,schoß,spelling-context,Kontextabhängige Schreibung/modernes Homograph; unverändert prüfen.,"und an dem Weinstock drei Reben ; und sowie er knospte, schoß seine Blüte auf , seine Traubenkämme reiften zu Trauben .","und an dem Weinstock drei Reben ; und sowie er knospte, schoß seine Blüte auf , seine Traubenkämme reiften zu Trauben ."
Gen.41.45,133,Weibe,gender-agreement,Nominalgruppe regelbasiert angepasst; längere Pronomenbezüge/Satzkongruenz prüfen.,"Und der Pharao gab Joseph  den Namen : Zaphnath-Pahneach, und gab  ihm Asnath , die Tochter Potipheras , des Priesters  von On , zum Weibe . Und Joseph  zog aus  in das Land Ägypten .","Und der Pharao gab Joseph  den Namen : Zaphnath-Pahneach, und gab  ihm Asnath , die Tochter Potipheras , des Priesters  von On , zur Frau . Und Joseph  zog aus  in das Land Ägypten ."
Gen.44.27,69,Weib,gender-agreement,Nominalgruppe regelbasiert angepasst; längere Pronomenbezüge/Satzkongruenz prüfen.,"Und dein Knecht , mein Vater , sprach  zu uns: Ihr  wisset, daß mein Weib  mir zwei geboren  hat;","Und dein Knecht , mein Vater , sprach  zu uns: Ihr  wisset, dass meine Frau  mir zwei geboren  hat;"
Gen.46.19,23,Weibes,gender-agreement,Nominalgruppe regelbasiert angepasst; längere Pronomenbezüge/Satzkongruenz prüfen.,"Die Söhne Rahels , des Weibes Jakobs : Joseph  und Benjamin .","Die Söhne Rahels , der Frau Jakobs : Joseph  und Benjamin ."
Gen.49.31,42,Weib,gender-agreement,Nominalgruppe regelbasiert angepasst; längere Pronomenbezüge/Satzkongruenz prüfen.,Dort haben sie Abraham begraben  und sein Weib Sara ; dort haben sie Isaak begraben  und sein Weib Rebekka ; und dort habe ich Lea begraben ;,Dort haben sie Abraham begraben  und seine Frau Sara ; dort haben sie Isaak begraben  und seine Frau Rebekka ; und dort habe ich Lea begraben ;
Gen.49.31,94,Weib,gender-agreement,Nominalgruppe regelbasiert angepasst; längere Pronomenbezüge/Satzkongruenz prüfen.,Dort haben sie Abraham begraben  und sein Weib Sara ; dort haben sie Isaak begraben  und sein Weib Rebekka ; und dort habe ich Lea begraben ;,Dort haben sie Abraham begraben  und seine Frau Sara ; dort haben sie Isaak begraben  und seine Frau Rebekka ; und dort habe ich Lea begraben ;
Exod.2.2,8,Weib,gender-agreement,Nominalgruppe regelbasiert angepasst; längere Pronomenbezüge/Satzkongruenz prüfen.,"Und das Weib  ward schwanger  und gebar  einen Sohn . Und sie sah , daß er schön  war, und verbarg ihn drei Monate .","Und die Frau  ward schwanger  und gebar  einen Sohn . Und sie sah , dass er schön  war, und verbarg ihn drei Monate ."
Exod.2.7,98,Weib,gender-agreement,Nominalgruppe regelbasiert angepasst; längere Pronomenbezüge/Satzkongruenz prüfen.,"Und seine Schwester sprach  zu der Tochter  des Pharao : Soll ich hingehen  und dir ein säugendes Weib  von den Hebräerinnen rufen , daß sie dir das Kind säuge ?","Und seine Schwester sprach  zu der Tochter  des Pharao : Soll ich hingehen  und dir eine säugende Frau  von den Hebräerinnen rufen , dass sie dir das Kind säuge ?"
Exod.2.9,141,Weib,gender-agreement,Nominalgruppe regelbasiert angepasst; längere Pronomenbezüge/Satzkongruenz prüfen.,"
        Und  die Tochter  des Pharao sprach  zu ihr: Nimm dieses Kind  mit und säuge  es mir, und ich werde dir deinen Lohn geben . Und das Weib nahm  das Kind  und säugte  es.","
        Und  die Tochter  des Pharao sprach  zu ihr: Nimm dieses Kind  mit und säuge  es mir, und ich werde dir deinen Lohn geben . Und die Frau nahm  das Kind  und säugte  es."
Exod.3.15,79,Jehova,divine-name-syntax,Subjekt/Objekt/Anrede ohne eindeutiges Regelsignal; Artikel und Kasus prüfen.,"Und Gott sprach weiter  zu Mose : Also sollst du zu den Kindern Israel sagen : Jehova , der Gott  eurer Väter , der Gott Abrahams , der Gott Isaaks  und der Gott Jakobs , hat mich zu euch gesandt . Das ist mein Name  in Ewigkeit , und das ist mein Gedächtnis  von Geschlecht  zu Geschlecht .","Und Gott sprach weiter  zu Mose : Also sollst du zu den Kindern Israel sagen : HERR , der Gott  eurer Väter , der Gott Abrahams , der Gott Isaaks  und der Gott Jakobs , hat mich zu euch gesandt . Das ist mein Name  in Ewigkeit , und das ist mein Gedächtnis  von Geschlecht  zu Geschlecht ."
Exod.3.16,78,Jehova,divine-name-syntax,Subjekt/Objekt/Anrede ohne eindeutiges Regelsignal; Artikel und Kasus prüfen.,"
        Gehe  hin und versammle  die Ältesten Israels  und sprich  zu ihnen: Jehova , der Gott  eurer Väter , ist  mir erschienen, der Gott Abrahams , Isaaks  und Jakobs , und hat gesagt : Angesehen habe ich  euch und was euch in Ägypten  geschehen ist ,","
        Gehe  hin und versammle  die Ältesten Israels  und sprich  zu ihnen: HERR , der Gott  eurer Väter , ist  mir erschienen, der Gott Abrahams , Isaaks  und Jakobs , und hat gesagt : Angesehen habe ich  euch und was euch in Ägypten  geschehen ist ,"
Exod.3.18,157,Jehova,divine-name-syntax,Subjekt/Objekt/Anrede ohne eindeutiges Regelsignal; Artikel und Kasus prüfen.,"Und sie werden auf deine Stimme  hören; und du sollst hineingehen , du und die Ältesten Israels , zu dem Könige  von Ägypten , und ihr sollt  zu ihm sagen : Jehova , der Gott  der Hebräer , ist uns  begegnet; und nun laß uns doch drei Tagereisen  weit in die Wüste ziehen , daß wir Jehova , unserem Gott , opfern .","Und sie werden auf deine Stimme  hören; und du sollst hineingehen , du und die Ältesten Israels , zu dem Könige  von Ägypten , und ihr sollt  zu ihm sagen : HERR , der Gott  der Hebräer , ist uns  begegnet; und nun lass uns doch drei Tagereisen  weit in die Wüste ziehen , dass wir dem HERRN , unserem Gott , opfern ."
Exod.3.22,18,Weib,gender-agreement,Nominalgruppe regelbasiert angepasst; längere Pronomenbezüge/Satzkongruenz prüfen.,und es soll jedes Weib  von ihrer Nachbarin  und von ihrer Hausgenossin silberne Geräte  und goldene Geräte  und Kleider fordern ; und ihr sollt sie auf eure Söhne  und auf eure Töchter legen  und die Ägypter  berauben.,und es soll jede Frau  von ihrer Nachbarin  und von ihrer Hausgenossin silberne Geräte  und goldene Geräte  und Kleider fordern ; und ihr sollt sie auf eure Söhne  und auf eure Töchter legen  und die Ägypter  berauben.
Exod.4.20,20,Weib,gender-agreement,Nominalgruppe regelbasiert angepasst; längere Pronomenbezüge/Satzkongruenz prüfen.,Und Mose nahm  sein Weib  und seine Söhne  und ließ sie auf Eseln reiten  und kehrte  in das Land Ägypten  zurück; und Mose nahm  den Stab Gottes  in seine Hand .,Und Mose nahm  seine Frau  und seine Söhne  und ließ sie auf Eseln reiten  und kehrte  in das Land Ägypten  zurück; und Mose nahm  den Stab Gottes  in seine Hand .
Exod.6.7,112,Jehova,divine-name-syntax,Subjekt/Objekt/Anrede ohne eindeutiges Regelsignal; Artikel und Kasus prüfen.,"
        Und  ich will euch annehmen  mir zum Volke  und will euer Gott  sein; und ihr sollt erkennen , daß ich Jehova , euer Gott , bin, der euch herausführt unter den Lastarbeiten der Ägypter  hinweg.","
        Und  ich will euch annehmen  mir zum Volke  und will euer Gott  sein; und ihr sollt erkennen , dass ich HERR , euer Gott , bin, der euch herausführt unter den Lastarbeiten der Ägypter  hinweg."
Exod.6.20,75,Weibe,gender-agreement,Nominalgruppe regelbasiert angepasst; längere Pronomenbezüge/Satzkongruenz prüfen.,"
        Und 
        Amram 
        nahm  Jokebed, seine Muhme , sich zum Weibe , und sie gebar  ihm Aaron  und Mose ; und die Lebensjahre Amrams  waren hundertsiebenunddreißig Jahre .","
        Und 
        Amram 
        nahm  Jokebed, seine Muhme , sich zur Frau , und sie gebar  ihm Aaron  und Mose ; und die Lebensjahre Amrams  waren hundertsiebenunddreißig Jahre ."
Exod.6.23,88,Weibe,gender-agreement,Nominalgruppe regelbasiert angepasst; längere Pronomenbezüge/Satzkongruenz prüfen.,"Und Aaron nahm  Elischeba, die Tochter Amminadabs , die Schwester  Nachschons, sich zum Weibe ; und sie gabar ihm Nadab  und Abihu , Eleasar  und Ithamar .","Und Aaron nahm  Elischeba, die Tochter Amminadabs , die Schwester  Nachschons, sich zur Frau ; und sie gabar ihm Nadab  und Abihu , Eleasar  und Ithamar ."
Exod.6.25,78,Weibe,gender-agreement,Nominalgruppe regelbasiert angepasst; längere Pronomenbezüge/Satzkongruenz prüfen.,"Und Eleasar , der Sohn Aarons , nahm  eine von den Töchtern Putiels  sich zum Weibe , und sie gebar  ihm Pinehas ; das sind die Häupter  der Väter  der Leviten  nach ihren Geschlechtern .","Und Eleasar , der Sohn Aarons , nahm  eine von den Töchtern Putiels  sich zur Frau , und sie gebar  ihm Pinehas ; das sind die Häupter  der Väter  der Leviten  nach ihren Geschlechtern ."
Exod.6.28,32,Jehova,divine-name-syntax,Subjekt/Objekt/Anrede ohne eindeutiges Regelsignal; Artikel und Kasus prüfen.,"Und es geschah an dem Tage , da Jehova  zu Mose redete  im Lande Ägypten ,","Und es geschah an dem Tage , da HERR  zu Mose redete  im Lande Ägypten ,"
Exod.7.5,53,Jehova,divine-name-syntax,Subjekt/Objekt/Anrede ohne eindeutiges Regelsignal; Artikel und Kasus prüfen.,"
        Und  die Ägypter  sollen erkennen , daß ich Jehova  bin, wenn ich meine Hand  über Ägypten  ausstrecke und die Kinder Israel aus  ihrer Mitte  herausführe.","
        Und  die Ägypter  sollen erkennen , dass ich HERR  bin, wenn ich meine Hand  über Ägypten  ausstrecke und die Kinder Israel aus  ihrer Mitte  herausführe."
Exod.7.16,19,Jehova,divine-name-syntax,Subjekt/Objekt/Anrede ohne eindeutiges Regelsignal; Artikel und Kasus prüfen.,"und sprich zu ihm: Jehova , der Gott  der Hebräer , hat mich  zu dir gesandt  und gesagt : Laß mein Volk  ziehen, daß sie mir dienen  in der Wüste ! Aber siehe, du hast bisher  nicht gehört.","und sprich zu ihm: HERR , der Gott  der Hebräer , hat mich  zu dir gesandt  und gesagt : Lass mein Volk  ziehen, dass sie mir dienen  in der Wüste ! Aber siehe, du hast bisher  nicht gehört."
Exod.7.17,55,Jehova,divine-name-syntax,Subjekt/Objekt/Anrede ohne eindeutiges Regelsignal; Artikel und Kasus prüfen.,"So spricht Jehova : Daran sollst du erkennen , daß ich Jehova  bin: Siehe, ich will mit dem Stabe , der in meiner Hand  ist, auf das Wasser schlagen , das in dem Strome ist, und es wird in Blut  verwandelt werden .","So spricht der HERR : Daran sollst du erkennen , dass ich HERR  bin: Siehe, ich will mit dem Stabe , der in meiner Hand  ist, auf das Wasser schlagen , das in dem Strome ist, und es wird in Blut  verwandelt werden ."
Exod.8.4,175,Jehova,divine-name-syntax,Subjekt/Objekt/Anrede ohne eindeutiges Regelsignal; Artikel und Kasus prüfen.,"Und der Pharao rief Mose  und Aaron  und sprach : Flehet zu Jehova , daß er die Frösche  von mir und von meinem  Volke wegnehme, so will ich das Volk  ziehen lassen , daß sie Jehova opfern .","Und der Pharao rief Mose  und Aaron  und sprach : Flehet zu dem HERRN , dass er die Frösche  von mir und von meinem  Volke wegnehme, so will ich das Volk  ziehen lassen , dass sie HERR opfern ."
Exod.8.6,112,Jehova,divine-name-syntax,Subjekt/Objekt/Anrede ohne eindeutiges Regelsignal; Artikel und Kasus prüfen.,"Und er sprach : Auf morgen . Da sprach  er: Es sei nach deinem Worte , auf daß du wissest , daß niemand ist wie Jehova , unser Gott .","Und er sprach : Auf morgen . Da sprach  er: Es sei nach deinem Worte , auf dass du wissest , dass niemand ist wie HERR , unser Gott ."
Exod.8.24,62,Jehova,divine-name-syntax,Subjekt/Objekt/Anrede ohne eindeutiges Regelsignal; Artikel und Kasus prüfen.,"Und der Pharao sprach : Ich will euch ziehen  lassen, daß ihr Jehova , eurem Gott , in der Wüste opfert ; nur entfernet euch nicht  so weit! Flehet für mich !","Und der Pharao sprach : Ich will euch ziehen  lassen, dass ihr HERR , eurem Gott , in der Wüste opfert ; nur entfernet euch nicht  so weit! Flehet für mich !"
Exod.9.5,4,Jehova,divine-name-syntax,Subjekt/Objekt/Anrede ohne eindeutiges Regelsignal; Artikel und Kasus prüfen.,Und Jehova bestimmte  eine Zeit  und sprach : Morgen  wird Jehova  dieses tun  im Lande .,Und HERR bestimmte  eine Zeit  und sprach : Morgen  wird der HERR  dieses tun  im Lande .
Exod.9.29,202,Jehova,divine-name-syntax,Subjekt/Objekt/Anrede ohne eindeutiges Regelsignal; Artikel und Kasus prüfen.,"Da sprach Mose  zu ihm: Sowie ich zur Stadt  hinausgehe, will ich meine Hände  zu Jehova ausbreiten ; der Donner  wird aufhören , und  der Hagel  wird nicht mehr sein, auf daß du wissest , daß die Erde Jehova  gehört.","Da sprach Mose  zu ihm: Sowie ich zur Stadt  hinausgehe, will ich meine Hände  zu dem HERRN ausbreiten ; der Donner  wird aufhören , und  der Hagel  wird nicht mehr sein, auf dass du wissest , dass die Erde HERR  gehört."
Exod.10.2,208,Jehova,divine-name-syntax,Subjekt/Objekt/Anrede ohne eindeutiges Regelsignal; Artikel und Kasus prüfen.,"
        und  damit du  vor den Ohren  deiner Kinder  und deiner Kindeskinder erzählest, was ich in Ägypten  ausgerichtet, und meine Zeichen , die ich unter ihnen getan habe ; und ihr werdet wissen , daß ich Jehova  bin.","
        und  damit du  vor den Ohren  deiner Kinder  und deiner Kindeskinder erzählest, was ich in Ägypten  ausgerichtet, und meine Zeichen , die ich unter ihnen getan habe ; und ihr werdet wissen , dass ich HERR  bin."
Exod.10.13,64,Jehova,divine-name-syntax,Subjekt/Objekt/Anrede ohne eindeutiges Regelsignal; Artikel und Kasus prüfen.,"Und Mose  streckte seinen Stab aus  über das Land Ägypten , und Jehova führte  einen Ostwind  ins Land  selbigen ganzen Tag  und die ganze Nacht . Als es Morgen  wurde, da trieb der Ostwind  die Heuschrecken  herbei.","Und Mose  streckte seinen Stab aus  über das Land Ägypten , und HERR führte  einen Ostwind  ins Land  selbigen ganzen Tag  und die ganze Nacht . Als es Morgen  wurde, da trieb der Ostwind  die Heuschrecken  herbei."
Exod.10.19,4,Jehova,divine-name-syntax,Subjekt/Objekt/Anrede ohne eindeutiges Regelsignal; Artikel und Kasus prüfen.,"Und Jehova  wandte den Wind  in einen sehr starken  Westwind, der hob  die Heuschrecken  auf und warf  sie ins Schilfmeer . Es blieb nicht eine  Heuschrecke übrig  in dem ganzen Gebiet Ägyptens .","Und HERR  wandte den Wind  in einen sehr starken  Westwind, der hob  die Heuschrecken  auf und warf  sie ins Schilfmeer . Es blieb nicht eine  Heuschrecke übrig  in dem ganzen Gebiet Ägyptens ."
Exod.10.26,181,Jehova,divine-name-syntax,Subjekt/Objekt/Anrede ohne eindeutiges Regelsignal; Artikel und Kasus prüfen.,"So muß auch unser Vieh  mit uns ziehen, nicht eine Klaue  darf zurückbleiben; denn davon  werden wir nehmen , um Jehova , unserem Gott , zu dienen ; wir wissen  ja nicht, womit wir Jehova dienen  sollen, bis wir dorthin kommen .","So muss auch unser Vieh  mit uns ziehen, nicht eine Klaue  darf zurückbleiben; denn davon  werden wir nehmen , um den HERRN , unserem Gott , zu dienen ; wir wissen  ja nicht, womit wir HERR dienen  sollen, bis wir dorthin kommen ."
Exod.12.29,41,Jehova,divine-name-syntax,Subjekt/Objekt/Anrede ohne eindeutiges Regelsignal; Artikel und Kasus prüfen.,"Und es geschah um Mitternacht, da schlug Jehova  alle Erstgeburt  im Lande Ägypten , von dem Erstgeborenen  des Pharao , der auf seinem Throne saß , bis zum Erstgeborenen  des Gefangenen , der im Kerker war, und alle Erstgeburt  des Viehs .","Und es geschah um Mitternacht, da schlug HERR  alle Erstgeburt  im Lande Ägypten , von dem Erstgeborenen  des Pharao , der auf seinem Throne saß , bis zum Erstgeborenen  des Gefangenen , der im Kerker war, und alle Erstgeburt  des Viehs ."
Exod.12.51,52,Jehova,divine-name-syntax,Subjekt/Objekt/Anrede ohne eindeutiges Regelsignal; Artikel und Kasus prüfen.,"Und es geschah an diesem  selbigen Tage , da führte Jehova  die Kinder Israel aus  dem Lande Ägypten  heraus nach ihren Heeren .","Und es geschah an diesem  selbigen Tage , da führte HERR  die Kinder Israel aus  dem Lande Ägypten  heraus nach ihren Heeren ."
Exod.13.12,145,Jehova,divine-name-syntax,Subjekt/Objekt/Anrede ohne eindeutiges Regelsignal; Artikel und Kasus prüfen.,"so sollst du Jehova  alles darbringen, was die Mutter bricht ; und alles zuerst Geworfene vom Vieh , das dir zuteil wird, die Männlichen gehören Jehova .","so sollst du HERR  alles darbringen, was die Mutter bricht ; und alles zuerst Geworfene vom Vieh , das dir zuteil wird, die Männlichen gehören HERR ."
Exod.13.15,87,Jehova,divine-name-syntax,Subjekt/Objekt/Anrede ohne eindeutiges Regelsignal; Artikel und Kasus prüfen.,"Und es geschah, da der Pharao  sich hartnäckig weigerte, uns ziehen zu lassen , tötete Jehova  alle Erstgeburt  im Lande Ägypten , vom Erstgeborenen  des Menschen  bis zum Erstgeborenen  des Viehes; darum opfere ich  dem Jehova  alles, was die Mutter bricht , die Männlichen, und jeden Erstgeborenen  meiner Söhne  löse ich .","Und es geschah, da der Pharao  sich hartnäckig weigerte, uns ziehen zu lassen , tötete HERR  alle Erstgeburt  im Lande Ägypten , vom Erstgeborenen  des Menschen  bis zum Erstgeborenen  des Viehes; darum opfere ich  dem HERRN  alles, was die Mutter bricht , die Männlichen, und jeden Erstgeborenen  meiner Söhne  löse ich ."
Exod.13.21,4,Jehova,divine-name-syntax,Subjekt/Objekt/Anrede ohne eindeutiges Regelsignal; Artikel und Kasus prüfen.,"Und Jehova zog  vor ihnen her, des Tages  in einer Wolkensäule , um sie auf  dem Wege  zu leiten, und des Nachts  in einer Feuersäule , um ihnen zu leuchten , damit sie Tag  und Nacht ziehen  könnten.","Und HERR zog  vor ihnen her, des Tages  in einer Wolkensäule , um sie auf  dem Wege  zu leiten, und des Nachts  in einer Feuersäule , um ihnen zu leuchten , damit sie Tag  und Nacht ziehen  könnten."
Exod.14.4,205,Jehova,divine-name-syntax,Subjekt/Objekt/Anrede ohne eindeutiges Regelsignal; Artikel und Kasus prüfen.,"
        Und  ich will das Herz  des Pharao  verhärten, daß er  ihnen nachjage ; und ich will mich verherrlichen an dem Pharao  und an seiner ganzen Heeresmacht, und die Ägypter  sollen erkennen , daß ich Jehova  bin. Und sie taten  also.","
        Und  ich will das Herz  des Pharao  verhärten, dass er  ihnen nachjage ; und ich will mich verherrlichen an dem Pharao  und an seiner ganzen Heeresmacht, und die Ägypter  sollen erkennen , dass ich HERR  bin. Und sie taten  also."
Exod.14.18,43,Jehova,divine-name-syntax,Subjekt/Objekt/Anrede ohne eindeutiges Regelsignal; Artikel und Kasus prüfen.,"Und die Ägypter  sollen erkennen , daß ich Jehova  bin, wenn ich mich verherrlicht habe  an dem Pharao , an seinen Wagen  und an seinen Reitern .","Und die Ägypter  sollen erkennen , dass ich HERR  bin, wenn ich mich verherrlicht habe  an dem Pharao , an seinen Wagen  und an seinen Reitern ."
Exod.14.21,73,Jehova,divine-name-syntax,Subjekt/Objekt/Anrede ohne eindeutiges Regelsignal; Artikel und Kasus prüfen.,"
        Und 
        Mose  streckte seine Hand aus  über das Meer , und Jehova  trieb das Meer  durch einen starken Ostwind  hinweg, die ganze Nacht , und machte  das Meer trocken , und die Wasser  wurden gespalten.","
        Und 
        Mose  streckte seine Hand aus  über das Meer , und HERR  trieb das Meer  durch einen starken Ostwind  hinweg, die ganze Nacht , und machte  das Meer trocken , und die Wasser  wurden gespalten."
Exod.14.25,141,Jehova,divine-name-syntax,Subjekt/Objekt/Anrede ohne eindeutiges Regelsignal; Artikel und Kasus prüfen.,"Und er  stieß die Räder von  seinen Wagen  und ließ es fahren mit Beschwerde. Und die Ägypter  sprachen: Laßt uns  vor Israel fliehen , denn Jehova streitet  für sie  wider die Ägypter !","Und er  stieß die Räder von  seinen Wagen  und ließ es fahren mit Beschwerde. Und die Ägypter  sprachen: Lasst uns  vor Israel fliehen , denn HERR streitet  für sie  wider die Ägypter !"
Exod.14.27,167,Jehova,divine-name-syntax,Subjekt/Objekt/Anrede ohne eindeutiges Regelsignal; Artikel und Kasus prüfen.,"Da streckte Mose  seine Hand aus  über das Meer , und das Meer kehrte  beim Anbruch des Morgens  zu seiner Strömung zurück; und die Ägypter flohen  ihm entgegen ; und Jehova stürzte  die Ägypter mitten  ins Meer .","Da streckte Mose  seine Hand aus  über das Meer , und das Meer kehrte  beim Anbruch des Morgens  zu seiner Strömung zurück; und die Ägypter flohen  ihm entgegen ; und HERR stürzte  die Ägypter mitten  ins Meer ."
Exod.14.30,11,Jehova,divine-name-syntax,Subjekt/Objekt/Anrede ohne eindeutiges Regelsignal; Artikel und Kasus prüfen.,"So rettete Jehova Israel  an selbigem Tage  aus der Hand  der Ägypter , und Israel sah  die Ägypter tot  am Ufer  des Meeres .","So rettete HERR Israel  an selbigem Tage  aus der Hand  der Ägypter , und Israel sah  die Ägypter tot  am Ufer  des Meeres ."
Exod.14.31,38,Jehova,divine-name-syntax,Subjekt/Objekt/Anrede ohne eindeutiges Regelsignal; Artikel und Kasus prüfen.,"Und Israel sah  die große  Macht, die Jehova  an den Ägyptern  betätigt hatte ; und das Volk fürchtete Jehova , und sie glaubten  an Jehova  und an Mose , seinen Knecht .","Und Israel sah  die große  Macht, die HERR  an den Ägyptern  betätigt hatte ; und das Volk fürchtete HERR , und sie glaubten  an HERR  und an Mose , seinen Knecht ."
Exod.14.31,103,Jehova,divine-name-syntax,Subjekt/Objekt/Anrede ohne eindeutiges Regelsignal; Artikel und Kasus prüfen.,"Und Israel sah  die große  Macht, die Jehova  an den Ägyptern  betätigt hatte ; und das Volk fürchtete Jehova , und sie glaubten  an Jehova  und an Mose , seinen Knecht .","Und Israel sah  die große  Macht, die HERR  an den Ägyptern  betätigt hatte ; und das Volk fürchtete HERR , und sie glaubten  an HERR  und an Mose , seinen Knecht ."
Exod.14.31,133,Jehova,divine-name-syntax,Subjekt/Objekt/Anrede ohne eindeutiges Regelsignal; Artikel und Kasus prüfen.,"Und Israel sah  die große  Macht, die Jehova  an den Ägyptern  betätigt hatte ; und das Volk fürchtete Jehova , und sie glaubten  an Jehova  und an Mose , seinen Knecht .","Und Israel sah  die große  Macht, die HERR  an den Ägyptern  betätigt hatte ; und das Volk fürchtete HERR , und sie glaubten  an HERR  und an Mose , seinen Knecht ."
Exod.15.1,104,Jehova,divine-name-syntax,Subjekt/Objekt/Anrede ohne eindeutiges Regelsignal; Artikel und Kasus prüfen.,"Damals sangen Mose  und die Kinder Israel  dieses Lied  dem Jehova  und sprachen also: Singen  will ich Jehova , denn hoch  erhaben ist er ; das Roß  und seinen Reiter  hat er  ins Meer gestürzt .","Damals sangen Mose  und die Kinder Israel  dieses Lied  dem HERRN  und sprachen also: Singen  will ich HERR , denn hoch  erhaben ist er ; das Ross  und seinen Reiter  hat er  ins Meer gestürzt ."
Exod.15.3,38,Jehova,divine-name-syntax,Subjekt/Objekt/Anrede ohne eindeutiges Regelsignal; Artikel und Kasus prüfen.,"
        Jehova  ist ein Kriegsmann , Jehova  sein Name .","
        Der HERR  ist ein Kriegsmann , HERR  sein Name ."
Exod.15.11,39,Jehova,divine-name-syntax,Subjekt/Objekt/Anrede ohne eindeutiges Regelsignal; Artikel und Kasus prüfen.,"Wer ist dir gleich unter den Göttern , Jehova ! Wer ist dir gleich, herrlich  in Heiligkeit , furchtbar an Ruhm , Wunder  tuend!","Wer ist dir gleich unter den Göttern , HERR ! Wer ist dir gleich, herrlich  in Heiligkeit , furchtbar an Ruhm , Wunder  tuend!"
Exod.15.16,132,Jehova,divine-name-syntax,Subjekt/Objekt/Anrede ohne eindeutiges Regelsignal; Artikel und Kasus prüfen.,"Es überfiel sie Schrecken  und Furcht ; ob der Größe deines Armes  verstummten sie gleich einem Stein , bis hindurchzog dein Volk , Jehova , bis hindurchzog das Volk , das du erworben hast .","Es überfiel sie Schrecken  und Furcht ; ob der Größe deines Armes  verstummten sie gleich einem Stein , bis hindurchzog dein Volk , HERR , bis hindurchzog das Volk , das du erworben hast ."
Exod.15.25,49,Jehova,divine-name-syntax,Subjekt/Objekt/Anrede ohne eindeutiges Regelsignal; Artikel und Kasus prüfen.,"
        Und 
        er  schrie zu Jehova , und Jehova  wies ihm ein Holz ; und er warf  es in das Wasser , und das Wasser  wurde süß . Dort stellte  er ihm Satzung und Recht , und dort versuchte  er es;","
        Und 
        er  schrie zu dem HERRN , und HERR  wies ihm ein Holz ; und er warf  es in das Wasser , und das Wasser  wurde süß . Dort stellte  er ihm Satzung und Recht , und dort versuchte  er es;"
Exod.16.8,151,Jehova,divine-name-syntax,Subjekt/Objekt/Anrede ohne eindeutiges Regelsignal; Artikel und Kasus prüfen.,"Und Mose sprach : Dadurch werdet ihr' s erkennen, daß Jehova  euch am Abend Fleisch  zu essen geben  wird und am Morgen Brot  bis zur Sättigung, indem Jehova  euer Murren  gehört hat , womit ihr wider ihn murret. Denn was sind wir ? Nicht wider uns ist euer Murren , sondern wider Jehova .","Und Mose sprach : Dadurch werdet ihr' s erkennen, dass der HERR  euch am Abend Fleisch  zu essen geben  wird und am Morgen Brot  bis zur Sättigung, indem HERR  euer Murren  gehört hat , womit ihr wider ihn murret. Denn was sind wir ? Nicht wider uns ist euer Murren , sondern wider den HERRN ."
Exod.16.12,213,Jehova,divine-name-syntax,Subjekt/Objekt/Anrede ohne eindeutiges Regelsignal; Artikel und Kasus prüfen.,"Ich habe  das Murren  der Kinder Israel gehört ; rede zu ihnen und sprich : Zwischen den zwei Abenden werdet ihr Fleisch essen , und am Morgen  werdet ihr von Brot  satt werden ; und ihr werdet erkennen , daß ich Jehova  bin, euer Gott .","Ich habe  das Murren  der Kinder Israel gehört ; rede zu ihnen und sprich : Zwischen den zwei Abenden werdet ihr Fleisch essen , und am Morgen  werdet ihr von Brot  satt werden ; und ihr werdet erkennen , dass ich HERR  bin, euer Gott ."
Exod.17.2,160,Jehova,divine-name-syntax,Subjekt/Objekt/Anrede ohne eindeutiges Regelsignal; Artikel und Kasus prüfen.,"Und das Volk  haderte mit Mose , und sie sprachen : Gebet uns Wasser , daß  wir trinken ! Und Mose sprach  zu ihnen: Was hadert ihr  mit mir? Was versuchet ihr Jehova ?","Und das Volk  haderte mit Mose , und sie sprachen : Gebet uns Wasser , dass  wir trinken ! Und Mose sprach  zu ihnen: Was hadert ihr  mit mir? Was versuchet ihr HERR ?"
Exod.17.7,102,Jehova,divine-name-syntax,Subjekt/Objekt/Anrede ohne eindeutiges Regelsignal; Artikel und Kasus prüfen.,"Und er gab  dem Orte  den Namen Massa  und Meriba , wegen des Haderns der Kinder Israel  und weil sie Jehova versucht  hatten, indem sie sagten: Ist Jehova in  unserer Mitte oder nicht?","Und er gab  dem Orte  den Namen Massa  und Meriba , wegen des Haderns der Kinder Israel  und weil sie HERR versucht  hatten, indem sie sagten: Ist der HERR in  unserer Mitte oder nicht?"
Exod.17.15,54,Jehova,divine-name-syntax,Subjekt/Objekt/Anrede ohne eindeutiges Regelsignal; Artikel und Kasus prüfen.,"Und Mose baute  einen Altar  und gab  ihm den Namen : Jehova, mein Panier!","Und Mose baute  einen Altar  und gab  ihm den Namen : HERR, mein Panier!"
Exod.18.2,59,Weib,gender-agreement,Nominalgruppe regelbasiert angepasst; längere Pronomenbezüge/Satzkongruenz prüfen.,"Und Jethro , der Schwiegervater Moses , nahm Zippora , das Weib Moses , nach  ihrer Heimsendung,","Und Jethro , der Schwiegervater Moses , nahm Zippora , die Frau Moses , nach  ihrer Heimsendung,"
Exod.18.5,66,Weib,gender-agreement,Nominalgruppe regelbasiert angepasst; längere Pronomenbezüge/Satzkongruenz prüfen.,"und Jethro , der Schwiegervater Moses , und seine Söhne  und sein Weib  kamen zu Mose  in die Wüste , wo er  gelagert war am Berge Gottes .","und Jethro , der Schwiegervater Moses , und seine Söhne  und seine Frau  kamen zu Mose  in die Wüste , wo er  gelagert war am Berge Gottes ."
Exod.18.6,91,Weib,gender-agreement,Nominalgruppe regelbasiert angepasst; längere Pronomenbezüge/Satzkongruenz prüfen.,"Und er  ließ Mose  sagen: Ich, dein Schwiegervater Jethro , bin zu dir gekommen , und dein Weib  und ihre beiden Söhne  mit ihr.","Und er  ließ Mose  sagen: Ich, dein Schwiegervater Jethro , bin zu dir gekommen , und deine Frau  und ihre beiden Söhne  mit ihr."
Exod.18.9,49,Jehova,divine-name-syntax,Subjekt/Objekt/Anrede ohne eindeutiges Regelsignal; Artikel und Kasus prüfen.,"Und Jethro  freute sich  über all das Gute , das Jehova  an Israel  getan, daß er es errettet hatte  aus der Hand  der Ägypter .","Und Jethro  freute sich  über all das Gute , das HERR  an Israel  getan, dass er es errettet hatte  aus der Hand  der Ägypter ."
Exod.19.9,175,Jehova,divine-name-syntax,Subjekt/Objekt/Anrede ohne eindeutiges Regelsignal; Artikel und Kasus prüfen.,"Und Jehova sprach  zu Mose : Siehe, ich werde zu dir kommen  im Dunkel des Gewölks, damit das Volk höre , wenn ich mit dir rede , und dir auch glaube ewiglich . Und Mose  tat Jehova  die Worte des Volkes  kund.","Und der HERR sprach  zu Mose : Siehe, ich werde zu dir kommen  im Dunkel des Gewölks, damit das Volk höre , wenn ich mit dir rede , und dir auch glaube ewiglich . Und Mose  tat HERR  die Worte des Volkes  kund."
Exod.19.15,81,Weibe,gender-agreement,Nominalgruppe regelbasiert angepasst; längere Pronomenbezüge/Satzkongruenz prüfen.,Und er sprach zu  dem Volke : Seid  bereit auf den dritten Tag ; nahet nicht zum Weibe .,Und er sprach zu  dem Volke : Seid  bereit auf den dritten Tag ; nahet nicht zur Frau .
Exod.19.20,4,Jehova,divine-name-syntax,Subjekt/Objekt/Anrede ohne eindeutiges Regelsignal; Artikel und Kasus prüfen.,"Und Jehova  stieg auf  den Berg Sinai herab , auf  den Gipfel des Berges ; und Jehova rief Mose auf  den Gipfel des Berges , und Mose  stieg hinauf .","Und HERR  stieg auf  den Berg Sinai herab , auf  den Gipfel des Berges ; und der HERR rief Mose auf  den Gipfel des Berges , und Mose  stieg hinauf ."
Exod.20.11,153,Jehova,divine-name-syntax,Subjekt/Objekt/Anrede ohne eindeutiges Regelsignal; Artikel und Kasus prüfen.,"Denn in sechs Tagen  hat Jehova  den Himmel und  die Erde gemacht , das Meer  und alles, was in ihnen ist, und er ruhte  am siebten Tage ; darum segnete Jehova  den Sabbathtag und heiligte  ihn. -","Denn in sechs Tagen  hat der HERR  den Himmel und  die Erde gemacht , das Meer  und alles, was in ihnen ist, und er ruhte  am siebten Tage ; darum segnete HERR  den Sabbattag und heiligte  ihn. -"
Exod.20.17,91,Weib,gender-agreement,Nominalgruppe regelbasiert angepasst; längere Pronomenbezüge/Satzkongruenz prüfen.,"Du sollst nicht begehren  deines Nächsten Haus ; du sollst nicht begehren  deines Nächsten Weib , noch seinen Knecht , noch seine Magd , noch sein Rind, noch seinen Esel , noch alles, was dein Nächster  hat.","Du sollst nicht begehren  deines Nächsten Haus ; du sollst nicht begehren  deines Nächsten Frau , noch seinen Knecht , noch seine Magd , noch sein Rind, noch seinen Esel , noch alles, was dein Nächster  hat."
Exod.21.3,70,Weibes,gender-agreement,Nominalgruppe regelbasiert angepasst; längere Pronomenbezüge/Satzkongruenz prüfen.,"Wenn er  allein gekommen ist, soll er allein ausgehen ; wenn er eines Weibes  Mann war, soll sein Weib  mit ihm ausgehen .","Wenn er  allein gekommen ist, soll er allein ausgehen ; wenn er einer Frau  Mann war, soll seine Frau  mit ihm ausgehen ."
Exod.21.3,98,Weib,gender-agreement,Nominalgruppe regelbasiert angepasst; längere Pronomenbezüge/Satzkongruenz prüfen.,"Wenn er  allein gekommen ist, soll er allein ausgehen ; wenn er eines Weibes  Mann war, soll sein Weib  mit ihm ausgehen .","Wenn er  allein gekommen ist, soll er allein ausgehen ; wenn er einer Frau  Mann war, soll seine Frau  mit ihm ausgehen ."
Exod.21.4,24,Weib,gender-agreement,Nominalgruppe regelbasiert angepasst; längere Pronomenbezüge/Satzkongruenz prüfen.,"Wenn sein Herr  ihm ein Weib gegeben  und sie ihm Söhne oder Töchter geboren  hat, so sollen das Weib  und ihre Kinder  ihrem Herrn  gehören, und er soll allein ausgehen .","Wenn sein Herr  ihm eine Frau gegeben  und sie ihm Söhne oder Töchter geboren  hat, so sollen die Frau  und ihre Kinder  ihrem Herrn  gehören, und er soll allein ausgehen ."
Exod.21.4,97,Weib,gender-agreement,Nominalgruppe regelbasiert angepasst; längere Pronomenbezüge/Satzkongruenz prüfen.,"Wenn sein Herr  ihm ein Weib gegeben  und sie ihm Söhne oder Töchter geboren  hat, so sollen das Weib  und ihre Kinder  ihrem Herrn  gehören, und er soll allein ausgehen .","Wenn sein Herr  ihm eine Frau gegeben  und sie ihm Söhne oder Töchter geboren  hat, so sollen die Frau  und ihre Kinder  ihrem Herrn  gehören, und er soll allein ausgehen ."
Exod.21.5,65,Weib,gender-agreement,Nominalgruppe regelbasiert angepasst; längere Pronomenbezüge/Satzkongruenz prüfen.,"Wenn aber der Knecht  etwa sagt : Ich liebe  meinen Herrn , mein Weib und  meine Kinder , ich will nicht frei ausgehen ,","Wenn aber der Knecht  etwa sagt : Ich liebe  meinen Herrn , meine Frau und  meine Kinder , ich will nicht frei ausgehen ,"
Exod.21.22,58,Weib,gender-agreement,Nominalgruppe regelbasiert angepasst; längere Pronomenbezüge/Satzkongruenz prüfen.,"Und wenn Männer sich  streiten und stoßen ein schwangeres Weib , daß ihr die Frucht abgeht , und es geschieht kein Schaden, so soll  er gewißlich an Geld gestraft werden , jenachdem der Mann  des Weibes  ihm auferlegen wird, und er soll  es geben  durch die Richter .","Und wenn Männer sich  streiten und stoßen eine schwangere Frau , dass ihr die Frucht abgeht , und es geschieht kein Schaden, so soll  er gewisslich an Geld gestraft werden , jenachdem der Mann  der Frau  ihm auferlegen wird, und er soll  es geben  durch die Richter ."
Exod.21.22,196,Weibes,gender-agreement,Nominalgruppe regelbasiert angepasst; längere Pronomenbezüge/Satzkongruenz prüfen.,"Und wenn Männer sich  streiten und stoßen ein schwangeres Weib , daß ihr die Frucht abgeht , und es geschieht kein Schaden, so soll  er gewißlich an Geld gestraft werden , jenachdem der Mann  des Weibes  ihm auferlegen wird, und er soll  es geben  durch die Richter .","Und wenn Männer sich  streiten und stoßen eine schwangere Frau , dass ihr die Frucht abgeht , und es geschieht kein Schaden, so soll  er gewisslich an Geld gestraft werden , jenachdem der Mann  der Frau  ihm auferlegen wird, und er soll  es geben  durch die Richter ."
Exod.21.28,41,Weib,gender-agreement,Nominalgruppe regelbasiert angepasst; längere Pronomenbezüge/Satzkongruenz prüfen.,"Und wenn ein Ochse  einen Mann  oder ein Weib stößt , daß sie sterben , so soll  der Ochse  gewißlich gesteinigt, und sein Fleisch soll  nicht gegessen  werden; aber der Besitzer des Ochsen  soll schuldlos sein.","Und wenn ein Ochse  einen Mann  oder eine Frau stößt , dass sie sterben , so soll  der Ochse  gewisslich gesteinigt, und sein Fleisch soll  nicht gegessen  werden; aber der Besitzer des Ochsen  soll schuldlos sein."
Exod.21.29,148,Weib,gender-agreement,Nominalgruppe regelbasiert angepasst; längere Pronomenbezüge/Satzkongruenz prüfen.,"Wenn aber der Ochse  vordem stößig war , und  sein Besitzer ist gewarnt worden, und er hat  ihn nicht verwahrt , und er tötet  einen Mann  oder ein Weib , so soll  der Ochse  gesteinigt, und auch sein Besitzer soll  getötet werden.","Wenn aber der Ochse  vordem stößig war , und  sein Besitzer ist gewarnt worden, und er hat  ihn nicht verwahrt , und er tötet  einen Mann  oder eine Frau , so soll  der Ochse  gesteinigt, und auch sein Besitzer soll  getötet werden."
Exod.22.15,140,Weibe,gender-agreement,Nominalgruppe regelbasiert angepasst; längere Pronomenbezüge/Satzkongruenz prüfen.,"Und so jemand  eine Jungfrau  betört, die nicht  verlobt ist , und liegt bei ihr, so soll er sie gewißlich durch eine Heiratsgabe sich  zum Weibe  erkaufen.","Und so jemand  eine Jungfrau  betört, die nicht  verlobt ist , und liegt bei ihr, so soll er sie gewisslich durch eine Heiratsgabe sich  zur Frau  erkaufen."
Exod.23.17,86,Jehova,divine-name-syntax,Subjekt/Objekt/Anrede ohne eindeutiges Regelsignal; Artikel und Kasus prüfen.,"
        Dreimal  im Jahre  sollen alle deine Männlichen vor dem Angesicht  des Herrn Jehova erscheinen . -","
        Dreimal  im Jahre  sollen alle deine Männlichen vor dem Angesicht  des Herrn HERR erscheinen . -"
Exod.23.25,14,Jehova,divine-name-syntax,Subjekt/Objekt/Anrede ohne eindeutiges Regelsignal; Artikel und Kasus prüfen.,"Und ihr sollt Jehova , eurem Gott , dienen : so wird er  dein Brot  und dein Wasser segnen , und ich werde Krankheit aus  deiner Mitte entfernen.","Und ihr sollt HERR , eurem Gott , dienen : so wird er  dein Brot  und dein Wasser segnen , und ich werde Krankheit aus  deiner Mitte entfernen."
Exod.29.46,32,Jehova,divine-name-syntax,Subjekt/Objekt/Anrede ohne eindeutiges Regelsignal; Artikel und Kasus prüfen.,"Und sie werden wissen , daß ich Jehova  bin, ihr Gott , der ich sie aus  dem Lande Ägypten  herausgeführt habe, um in  ihrer Mitte zu wohnen ; ich bin Jehova , ihr Gott .","Und sie werden wissen , dass ich HERR  bin, ihr Gott , der ich sie aus  dem Lande Ägypten  herausgeführt habe, um in  ihrer Mitte zu wohnen ; ich bin der HERR , ihr Gott ."
Exod.32.11,90,Jehova,divine-name-syntax,Subjekt/Objekt/Anrede ohne eindeutiges Regelsignal; Artikel und Kasus prüfen.,"
        Und 
        Mose 
        flehte  zu Jehova , seinem Gott , und sprach : Warum, Jehova , sollte dein Zorn  entbrennen wider dein Volk , das du aus  dem Lande Ägypten  herausgeführt hast mit großer Kraft  und mit starker Hand ?","
        Und 
        Mose 
        flehte  zu dem HERRN , seinem Gott , und sprach : Warum, HERR , sollte dein Zorn  entbrennen wider dein Volk , das du aus  dem Lande Ägypten  herausgeführt hast mit großer Kraft  und mit starker Hand ?"
Exod.32.14,16,Jehova,divine-name-syntax,Subjekt/Objekt/Anrede ohne eindeutiges Regelsignal; Artikel und Kasus prüfen.,"Und es  gereute Jehova  des Übels , wovon er geredet hatte , daß er es seinem Volke tun  werde.","Und es  gereute HERR  des Übels , wovon er geredet hatte , dass er es seinem Volke tun  werde."
Exod.34.5,14,Jehova,divine-name-syntax,Subjekt/Objekt/Anrede ohne eindeutiges Regelsignal; Artikel und Kasus prüfen.,"
        Und  Jehova stieg in der Wolke  hernieder, und  er stand  daselbst bei ihm und rief  den Namen  Jehovas aus.","
        Und  HERR stieg in der Wolke  hernieder, und  er stand  daselbst bei ihm und rief  den Namen  des HERRN aus."
Exod.34.6,58,Jehova,divine-name-syntax,Subjekt/Objekt/Anrede ohne eindeutiges Regelsignal; Artikel und Kasus prüfen.,"Und Jehova ging  vor seinem Angesicht  vorüber und rief : Jehova , Jehova , Gott , barmherzig  und gnädig , langsam zum Zorn  und groß  an Güte  und Wahrheit ,","Und der HERR ging  vor seinem Angesicht  vorüber und rief : HERR , HERR , Gott , barmherzig  und gnädig , langsam zum Zorn  und groß  an Güte  und Wahrheit ,"
Exod.34.6,67,Jehova,divine-name-syntax,Subjekt/Objekt/Anrede ohne eindeutiges Regelsignal; Artikel und Kasus prüfen.,"Und Jehova ging  vor seinem Angesicht  vorüber und rief : Jehova , Jehova , Gott , barmherzig  und gnädig , langsam zum Zorn  und groß  an Güte  und Wahrheit ,","Und der HERR ging  vor seinem Angesicht  vorüber und rief : HERR , HERR , Gott , barmherzig  und gnädig , langsam zum Zorn  und groß  an Güte  und Wahrheit ,"
Exod.34.14,56,Jehova,divine-name-syntax,Subjekt/Objekt/Anrede ohne eindeutiges Regelsignal; Artikel und Kasus prüfen.,"denn du sollst nicht einen  anderen Gott anbeten ; denn Jehova , dessen Name Eiferer  ist, ist ein eifernder Gott ; -","denn du sollst nicht einen  anderen Gott anbeten ; denn HERR , dessen Name Eiferer  ist, ist ein eifernder Gott ; -"
Exod.34.23,98,Jehova,divine-name-syntax,Subjekt/Objekt/Anrede ohne eindeutiges Regelsignal; Artikel und Kasus prüfen.,"
        Dreimal  im Jahre  sollen alle deine Männlichen erscheinen  vor dem Angesicht  des Herrn Jehova , des Gottes Israels .","
        Dreimal  im Jahre  sollen alle deine Männlichen erscheinen  vor dem Angesicht  des Herrn HERR , des Gottes Israels ."
Exod.35.29,113,Jehova,divine-name-syntax,Subjekt/Objekt/Anrede ohne eindeutiges Regelsignal; Artikel und Kasus prüfen.,"Die Kinder Israel , alle Männer  und Weiber , die willigen Herzens waren , um zu all dem Werke  zu bringen , das Jehova durch Mose  zu machen  geboten hatte , brachten eine freiwillige Gabe dem Jehova .","Die Kinder Israel , alle Männer  und Frauen , die willigen Herzens waren , um zu all dem Werke  zu bringen , das HERR durch Mose  zu machen  geboten hatte , brachten eine freiwillige Gabe dem HERRN ."
Exod.36.5,124,Jehova,divine-name-syntax,Subjekt/Objekt/Anrede ohne eindeutiges Regelsignal; Artikel und Kasus prüfen.,"
        und 
        sprachen  zu Mose  und sagten: Das Volk bringt viel , mehr als genug  für die Arbeit  des Werkes, das Jehova  zu machen  geboten hat .","
        und 
        sprachen  zu Mose  und sagten: Das Volk bringt viel , mehr als genug  für die Arbeit  des Werkes, das HERR  zu machen  geboten hat ."
Exod.36.6,86,Weib,gender-agreement,Nominalgruppe regelbasiert angepasst; längere Pronomenbezüge/Satzkongruenz prüfen.,"Da gebot Mose , und  man ließ  einen Ruf durchs Lager  ergehen also: Weder Mann  noch Weib  soll ferner ein Werk machen  für das Hebopfer  des Heiligtums ! Und so wurde dem Volke  das Bringen gewehrt .","Da gebot Mose , und  man ließ  einen Ruf durchs Lager  ergehen also: Weder Mann  noch Frau  soll ferner ein Werk machen  für das Hebopfer  des Heiligtums ! Und so wurde dem Volke  das Bringen gewehrt ."
Lev.2.12,61,Jehova,divine-name-syntax,Subjekt/Objekt/Anrede ohne eindeutiges Regelsignal; Artikel und Kasus prüfen.,"Was die Opfergabe  der Erstlinge  betrifft, so sollt ihr sie Jehova  darbringen; aber auf  den Altar  sollen sie nicht kommen  zum lieblichen Geruch .","Was die Opfergabe  der Erstlinge  betrifft, so sollt ihr sie HERR  darbringen; aber auf  den Altar  sollen sie nicht kommen  zum lieblichen Geruch ."
Lev.3.16,130,Jehova,divine-name-syntax,Subjekt/Objekt/Anrede ohne eindeutiges Regelsignal; Artikel und Kasus prüfen.,Und der Priester  soll es auf dem Altar räuchern : es ist eine Speise  des Feueropfers zum lieblichen Geruch ; alles Fett  gehört Jehova .,Und der Priester  soll es auf dem Altar räuchern : es ist eine Speise  des Feueropfers zum lieblichen Geruch ; alles Fett  gehört HERR .
Lev.5.19,51,Jehova,divine-name-syntax,Subjekt/Objekt/Anrede ohne eindeutiges Regelsignal; Artikel und Kasus prüfen.,Es ist ein Schuldopfer ; er hat sich  gewißlich an Jehova verschuldet .,Es ist ein Schuldopfer ; er hat sich  gewisslich an HERR verschuldet .
Lev.5.25,30,Jehova,divine-name-syntax,Subjekt/Objekt/Anrede ohne eindeutiges Regelsignal; Artikel und Kasus prüfen.,"Und sein Schuldopfer  soll er Jehova  bringen, einen Widder  ohne Fehl  vom Kleinvieh , nach deiner Schätzung , zum Schuldopfer , zu dem Priester ;","Und sein Schuldopfer  soll er HERR  bringen, einen Widder  ohne Fehl  vom Kleinvieh , nach deiner Schätzung , zum Schuldopfer , zu dem Priester ;"
Lev.6.13,61,Jehova,divine-name-syntax,Subjekt/Objekt/Anrede ohne eindeutiges Regelsignal; Artikel und Kasus prüfen.,"Dies ist die Opfergabe Aarons  und seiner Söhne , welche sie Jehova  darbringen sollen an dem Tage , da er gesalbt  wird: Ein Zehntel Epha Feinmehl  als beständiges Speisopfer , die Hälfte  davon am Morgen  und die Hälfte  davon am Abend .","Dies ist die Opfergabe Aarons  und seiner Söhne , welche sie HERR  darbringen sollen an dem Tage , da er gesalbt  wird: Ein Zehntel Epha Feinmehl  als beständiges Speisopfer , die Hälfte  davon am Morgen  und die Hälfte  davon am Abend ."
Lev.7.11,53,Jehova,divine-name-syntax,Subjekt/Objekt/Anrede ohne eindeutiges Regelsignal; Artikel und Kasus prüfen.,"Und dies ist das Gesetz  des Friedensopfers, das man Jehova  darbringt:","Und dies ist das Gesetz  des Friedensopfers, das man HERR  darbringt:"
Lev.7.20,67,Jehova,divine-name-syntax,Subjekt/Objekt/Anrede ohne eindeutiges Regelsignal; Artikel und Kasus prüfen.,"aber die Seele , welche Fleisch  von dem Friedensopfer  isset, das Jehova  gehört, und ihre Unreinigkeit  ist an ihr, selbige Seele  soll ausgerottet werden  aus ihren Völkern .","aber die Seele , welche Fleisch  von dem Friedensopfer  isset, das HERR  gehört, und ihre Unreinigkeit  ist an ihr, selbige Seele  soll ausgerottet werden  aus ihren Völkern ."
Lev.7.21,203,Jehova,divine-name-syntax,Subjekt/Objekt/Anrede ohne eindeutiges Regelsignal; Artikel und Kasus prüfen.,"Und wenn eine Seele  irgend etwas Unreines anrührt , die Unreinigkeit  eines Menschen  oder ein unreines Vieh  oder irgend ein unreines  Scheusal, und sie isset von dem Fleische  des Friedensopfers, das Jehova  gehört: selbige Seele  soll ausgerottet werden  aus ihren Völkern .","Und wenn eine Seele  irgend etwas Unreines anrührt , die Unreinigkeit  eines Menschen  oder ein unreines Vieh  oder irgend ein unreines  Scheusal, und sie isset von dem Fleische  des Friedensopfers, das HERR  gehört: selbige Seele  soll ausgerottet werden  aus ihren Völkern ."
Lev.10.11,65,Jehova,divine-name-syntax,Subjekt/Objekt/Anrede ohne eindeutiges Regelsignal; Artikel und Kasus prüfen.,"und damit ihr die Kinder Israel lehret  alle die Satzungen , die Jehova durch Mose  zu euch geredet hat .","und damit ihr die Kinder Israel lehret  alle die Satzungen , die HERR durch Mose  zu euch geredet hat ."
Lev.12.2,60,Weib,gender-agreement,Nominalgruppe regelbasiert angepasst; längere Pronomenbezüge/Satzkongruenz prüfen.,"
        Rede  zu den Kindern Israel  und sprich : Wenn ein Weib empfängt  und ein männliches Kind gebiert , so wird sie unrein sein sieben Tage ; wie in den Tagen  der Unreinheit ihrer Krankheit  wird sie unrein sein .","
        Rede  zu den Kindern Israel  und sprich : Wenn eine Frau empfängt  und ein männliches Kind gebiert , so wird sie unrein sein sieben Tage ; wie in den Tagen  der Unreinheit ihrer Krankheit  wird sie unrein sein ."
Lev.13.29,28,Weib,gender-agreement,Nominalgruppe regelbasiert angepasst; längere Pronomenbezüge/Satzkongruenz prüfen.,"Und wenn ein Mann  oder ein Weib  ein Übel am Haupte  oder am Barte bekommt,","Und wenn ein Mann  oder eine Frau  ein Übel am Haupte  oder am Barte bekommt,"
Lev.13.38,28,Weib,gender-agreement,Nominalgruppe regelbasiert angepasst; längere Pronomenbezüge/Satzkongruenz prüfen.,"Und wenn ein Mann  oder ein Weib  in der Haut  ihres Fleisches  Flecken bekommen, weiße  Flecken,","Und wenn ein Mann  oder eine Frau  in der Haut  ihres Fleisches  Flecken bekommen, weiße  Flecken,"
Lev.15.18,8,Weib,gender-agreement,Nominalgruppe regelbasiert angepasst; längere Pronomenbezüge/Satzkongruenz prüfen.,"Und ein Weib , bei welchem ein Mann  liegt mit Samenerguß, sie sollen sich  im Wasser baden , und werden unrein sein  bis an den Abend .","Und eine Frau , bei welchem ein Mann  liegt mit Samenerguss, sie sollen sich  im Wasser baden , und werden unrein sein  bis an den Abend ."
Lev.15.19,13,Weib,gender-agreement,Nominalgruppe regelbasiert angepasst; längere Pronomenbezüge/Satzkongruenz prüfen.,"Und wenn ein Weib  flüssig ist, und ihr Fluß  an ihrem Fleische Blut  ist, so soll sie sieben Tage  in ihrer Unreinheit sein ; und jeder, der sie anrührt , wird unrein sein  bis an den Abend .","Und wenn eine Frau  flüssig ist, und ihr Fluss  an ihrem Fleische Blut  ist, so soll sie sieben Tage  in ihrer Unreinheit sein ; und jeder, der sie anrührt , wird unrein sein  bis an den Abend ."
Lev.15.25,13,Weib,gender-agreement,Nominalgruppe regelbasiert angepasst; längere Pronomenbezüge/Satzkongruenz prüfen.,"Und wenn ein Weib  ihren Blutfluß viele Tage hat  außer der Zeit  ihrer Unreinheit , oder wenn sie den Fluß hat über  ihre Unreinheit hinaus, so soll sie alle die Tage  des Flusses  ihrer Unreinigkeit  sein wie in den Tagen  ihrer Unreinheit: sie ist unrein .","Und wenn eine Frau  ihren Blutfluss viele Tage hat  außer der Zeit  ihrer Unreinheit , oder wenn sie den Fluss hat über  ihre Unreinheit hinaus, so soll sie alle die Tage  des Flusses  ihrer Unreinigkeit  sein wie in den Tagen  ihrer Unreinheit: sie ist unrein ."
Lev.15.33,104,Weib,gender-agreement,Nominalgruppe regelbasiert angepasst; längere Pronomenbezüge/Satzkongruenz prüfen.,"und für die, welche krank ist in ihrer Unreinheit, und für den, der seinen Fluß hat , es sei Mann  oder Weib , und für den Mann , der neben einer Unreinen liegt .","und für die, welche krank ist in ihrer Unreinheit, und für den, der seinen Fluss hat , es sei Mann  oder Frau , und für den Mann , der neben einer Unreinen liegt ."
Lev.17.4,91,Jehova,divine-name-syntax,Subjekt/Objekt/Anrede ohne eindeutiges Regelsignal; Artikel und Kasus prüfen.,"
        und  es nicht  an den Eingang des Zeltes  der Zusammenkunft  gebracht hat , um es Jehova als Opfergabe  darzubringen vor  der Wohnung  Jehovas, selbigem Manne soll Blut  zugerechnet werden : Blut  hat er  vergossen, und  selbiger Mann  soll ausgerottet werden aus  der Mitte seines Volkes ;","
        und  es nicht  an den Eingang des Zeltes  der Zusammenkunft  gebracht hat , um es HERR als Opfergabe  darzubringen vor  der Wohnung  des HERRN, selbigem Manne soll Blut  zugerechnet werden : Blut  hat er  vergossen, und  selbiger Mann  soll ausgerottet werden aus  der Mitte seines Volkes ;"
Lev.17.5,116,Jehova,divine-name-syntax,Subjekt/Objekt/Anrede ohne eindeutiges Regelsignal; Artikel und Kasus prüfen.,"
        auf  daß die Kinder Israel  ihre Schlachtopfer bringen , die sie auf freiem Felde schlachten , daß sie sie Jehova bringen  an den Eingang  des Zeltes  der Zusammenkunft  zu dem Priester  und sie als Friedensopfer  dem Jehova schlachten .","
        auf  dass die Kinder Israel  ihre Schlachtopfer bringen , die sie auf freiem Felde schlachten , dass sie sie HERR bringen  an den Eingang  des Zeltes  der Zusammenkunft  zu dem Priester  und sie als Friedensopfer  dem HERRN schlachten ."
Lev.17.9,74,Jehova,divine-name-syntax,Subjekt/Objekt/Anrede ohne eindeutiges Regelsignal; Artikel und Kasus prüfen.,"und es nicht an den Eingang  des Zeltes  der Zusammenkunft bringt , um es Jehova zu  opfern, selbiger Mann  soll ausgerottet werden  aus seinen Völkern .","und es nicht an den Eingang  des Zeltes  der Zusammenkunft bringt , um es HERR zu  opfern, selbiger Mann  soll ausgerottet werden  aus seinen Völkern ."
Lev.18.8,15,Weibes,gender-agreement,Nominalgruppe regelbasiert angepasst; längere Pronomenbezüge/Satzkongruenz prüfen.,Die Blöße  des Weibes  deines Vaters  sollst du nicht aufdecken ; es ist die Blöße  deines Vaters .,Die Blöße  der Frau  deines Vaters  sollst du nicht aufdecken ; es ist die Blöße  deines Vaters .
Lev.18.11,28,Weibes,gender-agreement,Nominalgruppe regelbasiert angepasst; längere Pronomenbezüge/Satzkongruenz prüfen.,"Die Blöße  der Tochter  des Weibes  deines Vaters , von deinem Vater  gezeugt, sie ist  deine Schwester , ihre Blöße  sollst du nicht aufdecken .","Die Blöße  der Tochter  der Frau  deines Vaters , von deinem Vater  gezeugt, sie ist  deine Schwester , ihre Blöße  sollst du nicht aufdecken ."
Lev.18.14,77,Weibe,gender-agreement,Nominalgruppe regelbasiert angepasst; längere Pronomenbezüge/Satzkongruenz prüfen.,"Die Blöße  des Bruders  deines Vaters  sollst du nicht aufdecken : zu seinem Weibe  sollst du nicht nahen , sie ist deine Muhme .","Die Blöße  des Bruders  deines Vaters  sollst du nicht aufdecken : zu seiner Frau  sollst du nicht nahen , sie ist deine Muhme ."
Lev.18.15,76,Weib,gender-agreement,Nominalgruppe regelbasiert angepasst; längere Pronomenbezüge/Satzkongruenz prüfen.,"Die Blöße  deiner Schwiegertochter  sollst du nicht aufdecken ; sie ist das Weib  deines Sohnes , ihre Blöße  sollst du nicht aufdecken .","Die Blöße  deiner Schwiegertochter  sollst du nicht aufdecken ; sie ist die Frau  deines Sohnes , ihre Blöße  sollst du nicht aufdecken ."
Lev.18.16,15,Weibes,gender-agreement,Nominalgruppe regelbasiert angepasst; längere Pronomenbezüge/Satzkongruenz prüfen.,Die Blöße  des Weibes  deines Bruders  sollst du nicht aufdecken ; es ist die Blöße  deines Bruders .,Die Blöße  der Frau  deines Bruders  sollst du nicht aufdecken ; es ist die Blöße  deines Bruders .
Lev.18.17,17,Weibes,gender-agreement,Nominalgruppe regelbasiert angepasst; längere Pronomenbezüge/Satzkongruenz prüfen.,"Die Blöße  eines Weibes  und ihrer Tochter  sollst du nicht aufdecken ; die Tochter  ihres Sohnes  und die Tochter  ihrer Tochter  sollst du nicht nehmen, um ihre Blöße aufzudecken ; sie sind Blutsverwandte: es ist  eine Schandtat.","Die Blöße  einer Frau  und ihrer Tochter  sollst du nicht aufdecken ; die Tochter  ihres Sohnes  und die Tochter  ihrer Tochter  sollst du nicht nehmen, um ihre Blöße aufzudecken ; sie sind Blutsverwandte: es ist  eine Schandtat."
Lev.18.18,24,Weib,gender-agreement,Nominalgruppe regelbasiert angepasst; längere Pronomenbezüge/Satzkongruenz prüfen.,"Und du sollst nicht ein Weib  zu ihrer Schwester nehmen , sie eifersüchtig zu machen, indem du ihre Blöße  neben derselben aufdeckst bei ihrem Leben . -","Und du sollst nicht eine Frau  zu ihrer Schwester nehmen , sie eifersüchtig zu machen, indem du ihre Blöße  neben derselben aufdeckst bei ihrem Leben . -"
Lev.18.19,10,Weibe,gender-agreement,Nominalgruppe regelbasiert angepasst; längere Pronomenbezüge/Satzkongruenz prüfen.,"Und einem Weibe  in der Unreinheit  ihrer Unreinigkeit sollst du nicht nahen , um ihre Blöße aufzudecken .","Und einer Frau  in der Unreinheit  ihrer Unreinigkeit sollst du nicht nahen , um ihre Blöße aufzudecken ."
Lev.18.20,12,Weibe,gender-agreement,Nominalgruppe regelbasiert angepasst; längere Pronomenbezüge/Satzkongruenz prüfen.,"Und bei dem Weibe  deines Nächsten  sollst du nicht liegen  zur Begattung, daß du durch sie unrein  werdest. -","Und bei der Frau  deines Nächsten  sollst du nicht liegen  zur Begattung, dass du durch sie unrein  werdest. -"
Lev.18.22,63,Weibe,gender-agreement,Nominalgruppe regelbasiert angepasst; längere Pronomenbezüge/Satzkongruenz prüfen.,"Und bei  einem Manne sollst du nicht liegen, wie man bei einem Weibe  liegt: es ist  ein Greuel .","Und bei  einem Manne sollst du nicht liegen, wie man bei einer Frau  liegt: es ist  ein Gräuel ."
Lev.18.23,85,Weib,gender-agreement,Nominalgruppe regelbasiert angepasst; längere Pronomenbezüge/Satzkongruenz prüfen.,"Und bei keinem Vieh  sollst du liegen , so daß du dich an ihm verunreinigst; und ein Weib  soll sich nicht vor  ein Vieh  hinstellen, um mit ihm zu schaffen zu haben : es ist eine schändliche Befleckung.","Und bei keinem Vieh  sollst du liegen , so dass du dich an ihm verunreinigst; und eine Frau  soll sich nicht vor  ein Vieh  hinstellen, um mit ihm zu schaffen zu haben : es ist eine schändliche Befleckung."
Lev.19.20,29,Weibe,gender-agreement,Nominalgruppe regelbasiert angepasst; längere Pronomenbezüge/Satzkongruenz prüfen.,"Und wenn ein Mann bei  einem Weibe  liegt zur Begattung, und sie ist  eine Magd , einem Manne  verlobt, und sie ist keineswegs losgekauft, noch ist ihr die Freiheit  geschenkt, so soll  Züchtigung stattfinden; sie sollen nicht  getötet werden , denn sie ist nicht  frei gewesen .","Und wenn ein Mann bei  einer Frau  liegt zur Begattung, und sie ist  eine Magd , einem Manne  verlobt, und sie ist keineswegs losgekauft, noch ist ihr die Freiheit  geschenkt, so soll  Züchtigung stattfinden; sie sollen nicht  getötet werden , denn sie ist nicht  frei gewesen ."
Lev.19.24,57,Jehova,divine-name-syntax,Subjekt/Objekt/Anrede ohne eindeutiges Regelsignal; Artikel und Kasus prüfen.,"und im vierten Jahre  soll all ihre Frucht heilig  sein, Jehova  zum Preise;","und im vierten Jahre  soll all ihre Frucht heilig  sein, HERR  zum Preise;"
Lev.20.10,42,Weibe,gender-agreement,Nominalgruppe regelbasiert angepasst; längere Pronomenbezüge/Satzkongruenz prüfen.,"Und wenn in Mann Ehebruch  treibt mit dem Weibe  eines Mannes , wenn er Ehebruch  treibt mit dem Weibe  seines Nächsten , so sollen der Ehebrecher  und die Ehebrecherin gewißlich getötet  werden.","Und wenn in Mann Ehebruch  treibt mit der Frau  eines Mannes , wenn er Ehebruch  treibt mit der Frau  seines Nächsten , so sollen der Ehebrecher  und die Ehebrecherin gewisslich getötet  werden."
Lev.20.10,97,Weibe,gender-agreement,Nominalgruppe regelbasiert angepasst; längere Pronomenbezüge/Satzkongruenz prüfen.,"Und wenn in Mann Ehebruch  treibt mit dem Weibe  eines Mannes , wenn er Ehebruch  treibt mit dem Weibe  seines Nächsten , so sollen der Ehebrecher  und die Ehebrecherin gewißlich getötet  werden.","Und wenn in Mann Ehebruch  treibt mit der Frau  eines Mannes , wenn er Ehebruch  treibt mit der Frau  seines Nächsten , so sollen der Ehebrecher  und die Ehebrecherin gewisslich getötet  werden."
Lev.20.11,27,Weibe,gender-agreement,Nominalgruppe regelbasiert angepasst; längere Pronomenbezüge/Satzkongruenz prüfen.,"Und wenn ein Mann bei  dem Weibe  seines Vaters  liegt: er hat  die Blöße  seines Vaters  aufgedeckt; beide  sollen gewißlich getötet  werden, ihr Blut  ist auf ihnen.","Und wenn ein Mann bei  der Frau  seines Vaters  liegt: er hat  die Blöße  seines Vaters  aufgedeckt; beide  sollen gewisslich getötet  werden, ihr Blut  ist auf ihnen."
Lev.20.13,70,Weibe,gender-agreement,Nominalgruppe regelbasiert angepasst; längere Pronomenbezüge/Satzkongruenz prüfen.,"
        Und  wenn ein Mann bei  einem Manne liegt, wie man bei einem Weibe  liegt, so haben beide  einen Greuel  verübt; sie sollen gewißlich getötet  werden, ihr Blut ist  auf ihnen.","
        Und  wenn ein Mann bei  einem Manne liegt, wie man bei einer Frau  liegt, so haben beide  einen Gräuel  verübt; sie sollen gewisslich getötet  werden, ihr Blut ist  auf ihnen."
Lev.20.14,23,Weib,gender-agreement,Nominalgruppe regelbasiert angepasst; längere Pronomenbezüge/Satzkongruenz prüfen.,"Und wenn ein Mann  ein Weib  nimmt und ihre Mutter , das ist  eine Schandtat; man soll ihn und sie mit Feuer verbrennen , daß keine Schandtat in  eurer Mitte sei.","Und wenn ein Mann  eine Frau  nimmt und ihre Mutter , das ist  eine Schandtat; man soll ihn und sie mit Feuer verbrennen , dass keine Schandtat in  eurer Mitte sei."
Lev.20.16,13,Weib,gender-agreement,Nominalgruppe regelbasiert angepasst; längere Pronomenbezüge/Satzkongruenz prüfen.,"Und wenn ein Weib sich  irgend einem Vieh  naht, um mit ihm zu schaffen zu haben , so sollst du das Weib  und das Vieh  umbringen; sie  sollen gewißlich getötet  werden, ihr Blut  ist auf ihnen.","Und wenn eine Frau sich  irgend einem Vieh  naht, um mit ihm zu schaffen zu haben , so sollst du die Frau  und das Vieh  umbringen; sie  sollen gewisslich getötet  werden, ihr Blut  ist auf ihnen."
Lev.20.16,100,Weib,gender-agreement,Nominalgruppe regelbasiert angepasst; längere Pronomenbezüge/Satzkongruenz prüfen.,"Und wenn ein Weib sich  irgend einem Vieh  naht, um mit ihm zu schaffen zu haben , so sollst du das Weib  und das Vieh  umbringen; sie  sollen gewißlich getötet  werden, ihr Blut  ist auf ihnen.","Und wenn eine Frau sich  irgend einem Vieh  naht, um mit ihm zu schaffen zu haben , so sollst du die Frau  und das Vieh  umbringen; sie  sollen gewisslich getötet  werden, ihr Blut  ist auf ihnen."
Lev.20.18,29,Weibe,gender-agreement,Nominalgruppe regelbasiert angepasst; längere Pronomenbezüge/Satzkongruenz prüfen.,"Und wenn ein Mann bei  einem Weibe  liegt in  ihrer Krankheit  und ihre Blöße  aufdeckt, so hat  er ihre Quelle enthüllt, und sie hat  die Quelle ihres Blutes  aufgedeckt; sie sollen beide  ausgerottet werden aus  der Mitte ihres Volkes .","Und wenn ein Mann bei  einer Frau  liegt in  ihrer Krankheit  und ihre Blöße  aufdeckt, so hat  er ihre Quelle enthüllt, und sie hat  die Quelle ihres Blutes  aufgedeckt; sie sollen beide  ausgerottet werden aus  der Mitte ihres Volkes ."
Lev.20.20,27,Weibe,gender-agreement,Nominalgruppe regelbasiert angepasst; längere Pronomenbezüge/Satzkongruenz prüfen.,"Und wenn ein Mann bei  dem Weibe  seines Oheims  liegt, so hat  er die Blöße  seines Oheims aufgedeckt; sie sollen ihre Sünde tragen , kinderlos sollen sie sterben .","Und wenn ein Mann bei  der Frau  seines Oheims  liegt, so hat  er die Blöße  seines Oheims aufgedeckt; sie sollen ihre Sünde tragen , kinderlos sollen sie sterben ."
Lev.20.21,23,Weib,gender-agreement,Nominalgruppe regelbasiert angepasst; längere Pronomenbezüge/Satzkongruenz prüfen.,"Und wenn ein Mann  das Weib  seines Bruders  nimmt: das ist  eine Unreinigkeit; Er hat  die Blöße  seines Bruders aufgedeckt , sie sollen kinderlos sein.","Und wenn ein Mann  die Frau  seines Bruders  nimmt: das ist  eine Unreinigkeit; Er hat  die Blöße  seines Bruders aufgedeckt , sie sollen kinderlos sein."
Lev.20.27,37,Weibe,gender-agreement,Nominalgruppe regelbasiert angepasst; längere Pronomenbezüge/Satzkongruenz prüfen.,"Und wenn  in einem Manne  oder einem Weibe  ein Totenbeschwörer-oder Wahrsagergeist ist, so sollen sie  gewißlich getötet  werden; man soll  sie steinigen , ihr Blut  ist auf ihnen.","Und wenn  in einem Manne  oder einer Frau  ein Totenbeschwörer-oder Wahrsagergeist ist, so sollen sie  gewisslich getötet  werden; man soll  sie steinigen , ihr Blut  ist auf ihnen."
Lev.21.7,50,Weibe,gender-agreement,Nominalgruppe regelbasiert angepasst; längere Pronomenbezüge/Satzkongruenz prüfen.,"Eine Hure  und eine Entehrte sollen sie nicht zum Weibe nehmen , und ein von ihrem Manne  verstoßenes Weib  sollen sie nicht nehmen; denn heilig ist  er seinem Gott .","Eine Hure  und eine Entehrte sollen sie nicht zur Frau nehmen , und ein von ihrem Manne  verstoßene Frau  sollen sie nicht nehmen; denn heilig ist  er seinem Gott ."
Lev.21.7,102,Weib,gender-agreement,Nominalgruppe regelbasiert angepasst; längere Pronomenbezüge/Satzkongruenz prüfen.,"Eine Hure  und eine Entehrte sollen sie nicht zum Weibe nehmen , und ein von ihrem Manne  verstoßenes Weib  sollen sie nicht nehmen; denn heilig ist  er seinem Gott .","Eine Hure  und eine Entehrte sollen sie nicht zur Frau nehmen , und ein von ihrem Manne  verstoßene Frau  sollen sie nicht nehmen; denn heilig ist  er seinem Gott ."
Lev.21.8,131,Jehova,divine-name-syntax,Subjekt/Objekt/Anrede ohne eindeutiges Regelsignal; Artikel und Kasus prüfen.,"Und du sollst ihn für heilig  achten, denn das Brot  deines Gottes  bringt er  dar; er soll dir heilig  sein; denn heilig  bin ich Jehova , der euch heiligt.","Und du sollst ihn für heilig  achten, denn das Brot  deines Gottes  bringt er  dar; er soll dir heilig  sein; denn heilig  bin ich HERR , der euch heiligt."
Lev.21.13,22,Weib,gender-agreement,Nominalgruppe regelbasiert angepasst; längere Pronomenbezüge/Satzkongruenz prüfen.,Und derselbe soll ein Weib  in ihrer Jungfrauschaft nehmen .,Und derselbe soll eine Frau  in ihrer Jungfrauschaft nehmen .
Lev.21.14,148,Weibe,gender-agreement,Nominalgruppe regelbasiert angepasst; längere Pronomenbezüge/Satzkongruenz prüfen.,"Eine Witwe  und eine Verstoßene  und eine Entehrte, eine Hure , diese soll er nicht nehmen ; sondern eine Jungfrau  aus seinen Völkern  soll er zum Weibe nehmen .","Eine Witwe  und eine Verstoßene  und eine Entehrte, eine Hure , diese soll er nicht nehmen ; sondern eine Jungfrau  aus seinen Völkern  soll er zur Frau nehmen ."
Lev.22.3,145,Jehova,divine-name-syntax,Subjekt/Objekt/Anrede ohne eindeutiges Regelsignal; Artikel und Kasus prüfen.,"
        Sprich  zu ihnen: Wer  irgend von all eurem Samen , bei euren Geschlechtern , sich  den heiligen  Dingen naht, welche die Kinder Israel Jehova heiligen , und seine Unreinigkeit  ist an ihm, selbige Seele  soll ausgerottet werden  vor meinem Angesicht  hinweg. Ich bin Jehova .","
        Sprich  zu ihnen: Wer  irgend von all eurem Samen , bei euren Geschlechtern , sich  den heiligen  Dingen naht, welche die Kinder Israel HERR heiligen , und seine Unreinigkeit  ist an ihm, selbige Seele  soll ausgerottet werden  vor meinem Angesicht  hinweg. Ich bin der HERR ."
Lev.22.12,43,Weib,gender-agreement,Nominalgruppe regelbasiert angepasst; längere Pronomenbezüge/Satzkongruenz prüfen.,"Und wenn die Tochter  eines Priesters  das Weib eines fremden Mannes wird , so soll sie nicht von dem Hebopfer  der heiligen  Dinge essen .","Und wenn die Tochter  eines Priesters  die Frau eines fremden Mannes wird , so soll sie nicht von dem Hebopfer  der heiligen  Dinge essen ."
Lev.22.18,293,Jehova,divine-name-syntax,Subjekt/Objekt/Anrede ohne eindeutiges Regelsignal; Artikel und Kasus prüfen.,"
        Rede 
        zu 
        Aaron  und zu  seinen Söhnen  und zu allen Kindern Israel  und sprich  zu ihnen: Jedermann  vom Hause Israel  und von den Fremdlingen  in Israel , der seine Opfergabe  darbringt, nach allen ihren Gelübden und nach allen ihren freiwilligen Gaben , welche sie Jehova  als Brandopfer  darbringen, -","
        Rede 
        zu 
        Aaron  und zu  seinen Söhnen  und zu allen Kindern Israel  und sprich  zu ihnen: Jedermann  vom Hause Israel  und von den Fremdlingen  in Israel , der seine Opfergabe  darbringt, nach allen ihren Gelübden und nach allen ihren freiwilligen Gaben , welche sie HERR  als Brandopfer  darbringen, -"
Lev.22.22,134,Jehova,divine-name-syntax,Subjekt/Objekt/Anrede ohne eindeutiges Regelsignal; Artikel und Kasus prüfen.,"Ein blindes oder verletztes oder verstümmeltes Tier, oder eines, das Geschwüre oder die Krätze oder die Flechte hat, diese sollt  ihr Jehova  nicht darbringen, und  sollt Jehova  keine Feueropfer davon auf den Altar geben .","Ein blindes oder verletztes oder verstümmeltes Tier, oder eines, das Geschwüre oder die Krätze oder die Flechte hat, diese sollt  ihr HERR  nicht darbringen, und  sollt HERR  keine Feueropfer davon auf den Altar geben ."
Lev.22.22,171,Jehova,divine-name-syntax,Subjekt/Objekt/Anrede ohne eindeutiges Regelsignal; Artikel und Kasus prüfen.,"Ein blindes oder verletztes oder verstümmeltes Tier, oder eines, das Geschwüre oder die Krätze oder die Flechte hat, diese sollt  ihr Jehova  nicht darbringen, und  sollt Jehova  keine Feueropfer davon auf den Altar geben .","Ein blindes oder verletztes oder verstümmeltes Tier, oder eines, das Geschwüre oder die Krätze oder die Flechte hat, diese sollt  ihr HERR  nicht darbringen, und  sollt HERR  keine Feueropfer davon auf den Altar geben ."
Lev.22.24,109,Jehova,divine-name-syntax,Subjekt/Objekt/Anrede ohne eindeutiges Regelsignal; Artikel und Kasus prüfen.,"
        Und  dem die Hoden zerquetscht oder zerstoßen oder ausgerissen oder ausgeschnitten sind , sollt ihr Jehova  nicht darbringen; und in eurem Lande  sollt ihr dergleichen nicht tun .","
        Und  dem die Hoden zerquetscht oder zerstoßen oder ausgerissen oder ausgeschnitten sind , sollt ihr HERR  nicht darbringen; und in eurem Lande  sollt ihr dergleichen nicht tun ."
Lev.23.8,24,Jehova,divine-name-syntax,Subjekt/Objekt/Anrede ohne eindeutiges Regelsignal; Artikel und Kasus prüfen.,"
        Und  ihr sollt Jehova  ein Feueropfer darbringen sieben Tage ; am siebten Tage  ist eine heilige  Versammlung, keinerlei Dienstarbeit  sollt ihr tun .","
        Und  ihr sollt HERR  ein Feueropfer darbringen sieben Tage ; am siebten Tage  ist eine heilige  Versammlung, keinerlei Dienstarbeit  sollt ihr tun ."
Lev.23.16,106,Jehova,divine-name-syntax,Subjekt/Objekt/Anrede ohne eindeutiges Regelsignal; Artikel und Kasus prüfen.,"
        Bis  zum anderen Tage  nach dem siebten Sabbath sollt  ihr fünfzig  Tage zählen ; und  ihr sollt Jehova  ein neues Speisopfer  darbringen.","
        Bis  zum anderen Tage  nach dem siebten Sabbat sollt  ihr fünfzig  Tage zählen ; und  ihr sollt HERR  ein neues Speisopfer  darbringen."
Lev.23.20,126,Jehova,divine-name-syntax,Subjekt/Objekt/Anrede ohne eindeutiges Regelsignal; Artikel und Kasus prüfen.,"Und der Priester  soll sie weben  samt dem Brote  der Erstlinge  als Webopfer vor Jehova , samt den zwei Lämmern : sie sollen Jehova heilig  sein für den Priester .","Und der Priester  soll sie weben  samt dem Brote  der Erstlinge  als Webopfer vor dem HERRN , samt den zwei Lämmern : sie sollen HERR heilig  sein für den Priester ."
Lev.23.25,54,Jehova,divine-name-syntax,Subjekt/Objekt/Anrede ohne eindeutiges Regelsignal; Artikel und Kasus prüfen.,"Keinerlei Dienstarbeit sollt  ihr tun , und ihr sollt Jehova  ein Feueropfer darbringen.","Keinerlei Dienstarbeit sollt  ihr tun , und ihr sollt HERR  ein Feueropfer darbringen."
Lev.23.27,155,Jehova,divine-name-syntax,Subjekt/Objekt/Anrede ohne eindeutiges Regelsignal; Artikel und Kasus prüfen.,"Doch am Zehnten  dieses siebten Monats ist  der Versöhnungstag ; eine heilige  Versammlung soll euch sein, und ihr sollt  eure Seelen kasteien , und sollt Jehova  ein Feueropfer darbringen.","Doch am Zehnten  dieses siebten Monats ist  der Versöhnungstag ; eine heilige  Versammlung soll euch sein, und ihr sollt  eure Seelen kasteien , und sollt HERR  ein Feueropfer darbringen."
Lev.23.36,50,Jehova,divine-name-syntax,Subjekt/Objekt/Anrede ohne eindeutiges Regelsignal; Artikel und Kasus prüfen.,"
        Sieben 
        Tage 
        sollt  ihr Jehova  ein Feueropfer darbringen; am achten Tage  soll euch eine heilige Versammlung  sein, und  ihr sollt Jehova  ein Feueropfer darbringen: es ist eine Festversammlung, keinerlei Dienstarbeit  sollt ihr tun .","
        Sieben 
        Tage 
        sollt  ihr HERR  ein Feueropfer darbringen; am achten Tage  soll euch eine heilige Versammlung  sein, und  ihr sollt HERR  ein Feueropfer darbringen: es ist eine Festversammlung, keinerlei Dienstarbeit  sollt ihr tun ."
Lev.23.36,158,Jehova,divine-name-syntax,Subjekt/Objekt/Anrede ohne eindeutiges Regelsignal; Artikel und Kasus prüfen.,"
        Sieben 
        Tage 
        sollt  ihr Jehova  ein Feueropfer darbringen; am achten Tage  soll euch eine heilige Versammlung  sein, und  ihr sollt Jehova  ein Feueropfer darbringen: es ist eine Festversammlung, keinerlei Dienstarbeit  sollt ihr tun .","
        Sieben 
        Tage 
        sollt  ihr HERR  ein Feueropfer darbringen; am achten Tage  soll euch eine heilige Versammlung  sein, und  ihr sollt HERR  ein Feueropfer darbringen: es ist eine Festversammlung, keinerlei Dienstarbeit  sollt ihr tun ."
Lev.23.38,135,Jehova,divine-name-syntax,Subjekt/Objekt/Anrede ohne eindeutiges Regelsignal; Artikel und Kasus prüfen.,"außer den Sabbathen Jehovas und  außer euren Gaben und  außer allen euren Gelübden und  außer allen euren freiwilligen Gaben , die ihr Jehova gebet.","außer den Sabbaten des HERRN und  außer euren Gaben und  außer allen euren Gelübden und  außer allen euren freiwilligen Gaben , die ihr HERR gebet."
Lev.24.10,35,Weibes,gender-agreement,Nominalgruppe regelbasiert angepasst; längere Pronomenbezüge/Satzkongruenz prüfen.,Und der Sohn  eines israelitischen Weibes  -er war aber der Sohn  eines ägyptischen  Mannes-ging aus unter  die Kinder  Israel; und der Sohn  der Israelitin und ein israelitischer Mann zankten sich  im Lager .,Und der Sohn  einer israelitischen Frau  -er war aber der Sohn  eines ägyptischen  Mannes-ging aus unter  die Kinder  Israel; und der Sohn  der Israelitin und ein israelitischer Mann zankten sich  im Lager .
Lev.24.11,33,Weibes,gender-agreement,Nominalgruppe regelbasiert angepasst; längere Pronomenbezüge/Satzkongruenz prüfen.,"Und der Sohn  des israelitischen Weibes lästerte  den Namen  Jehovas und fluchte  ihm; und sie  brachten ihn zu Mose . Der Name  seiner Mutter  aber war Schelomith, die Tochter Dibris , vom Stamme Dan .","Und der Sohn  der israelitischen Frau lästerte  den Namen  des HERRN und fluchte  ihm; und sie  brachten ihn zu Mose . Der Name  seiner Mutter  aber war Schelomith, die Tochter Dibris , vom Stamme Dan ."
Lev.26.13,18,Jehova,divine-name-syntax,Subjekt/Objekt/Anrede ohne eindeutiges Regelsignal; Artikel und Kasus prüfen.,"
        Ich  bin Jehova , euer Gott , der ich euch aus  dem Lande Ägypten  herausgeführt habe, daß ihr nicht ihre Knechte  sein solltet; und ich habe die Stäbe eures Joches zerbrochen  und euch aufrecht wandeln  lassen.","
        Ich  bin HERR , euer Gott , der ich euch aus  dem Lande Ägypten  herausgeführt habe, dass ihr nicht ihre Knechte  sein solltet; und ich habe die Stäbe eures Joches zerbrochen  und euch aufrecht wandeln  lassen."
Lev.27.4,16,Weib,gender-agreement,Nominalgruppe regelbasiert angepasst; längere Pronomenbezüge/Satzkongruenz prüfen.,"Und wenn es ein Weib  ist, so sei deine Schätzung dreißig  Sekel.","Und wenn es eine Frau  ist, so sei deine Schätzung dreißig  Sekel."
Lev.27.7,140,Weibes,gender-agreement,Nominalgruppe regelbasiert angepasst; längere Pronomenbezüge/Satzkongruenz prüfen.,"
        und  wenn es von sechzig  Jahren alt  und darüber  ist, so sei deine Schätzung , wenn es ein Mann  ist, fünfzehn  Sekel, und eines Weibes zehn  Sekel.","
        und  wenn es von sechzig  Jahren alt  und darüber  ist, so sei deine Schätzung , wenn es ein Mann  ist, fünfzehn  Sekel, und einer Frau zehn  Sekel."
Lev.27.9,37,Jehova,divine-name-syntax,Subjekt/Objekt/Anrede ohne eindeutiges Regelsignal; Artikel und Kasus prüfen.,"Und wenn es ein Vieh  ist, wovon man Jehova  eine Opfergabe  darbringt, so soll  alles, was man Jehova  davon gibt , heilig  sein.","Und wenn es ein Vieh  ist, wovon man HERR  eine Opfergabe  darbringt, so soll  alles, was man HERR  davon gibt , heilig  sein."
Lev.27.9,96,Jehova,divine-name-syntax,Subjekt/Objekt/Anrede ohne eindeutiges Regelsignal; Artikel und Kasus prüfen.,"Und wenn es ein Vieh  ist, wovon man Jehova  eine Opfergabe  darbringt, so soll  alles, was man Jehova  davon gibt , heilig  sein.","Und wenn es ein Vieh  ist, wovon man HERR  eine Opfergabe  darbringt, so soll  alles, was man HERR  davon gibt , heilig  sein."
Lev.27.11,53,Jehova,divine-name-syntax,Subjekt/Objekt/Anrede ohne eindeutiges Regelsignal; Artikel und Kasus prüfen.,"Und wenn es irgend ein unreines Vieh  ist, wovon man Jehova  keine Opfergabe  darbringt, so soll  man das Vieh vor  den Priester stellen ,","Und wenn es irgend ein unreines Vieh  ist, wovon man HERR  keine Opfergabe  darbringt, so soll  man das Vieh vor  den Priester stellen ,"
Lev.27.14,44,Jehova,divine-name-syntax,Subjekt/Objekt/Anrede ohne eindeutiges Regelsignal; Artikel und Kasus prüfen.,"Und wenn jemand  sein Haus  heiligt, daß es Jehova heilig  sei, so soll es der Priester schätzen , ob es gut  oder schlecht sei; so wie der Priester  es schätzt, also soll es festgestellt sein.","Und wenn jemand  sein Haus  heiligt, dass es HERR heilig  sei, so soll es der Priester schätzen , ob es gut  oder schlecht sei; so wie der Priester  es schätzt, also soll es festgestellt sein."
Lev.27.16,49,Jehova,divine-name-syntax,Subjekt/Objekt/Anrede ohne eindeutiges Regelsignal; Artikel und Kasus prüfen.,"Und wenn jemand  von dem Felde  seines Eigentums Jehova heiligt , so soll deine Schätzung nach  Verhältnis seiner Aussaat  sein: ein Homer Gerste Aussaat  zu fünfzig  Sekel Silber .","Und wenn jemand  von dem Felde  seines Eigentums HERR heiligt , so soll deine Schätzung nach  Verhältnis seiner Aussaat  sein: ein Homer Gerste Aussaat  zu fünfzig  Sekel Silber ."
Lev.27.21,66,Jehova,divine-name-syntax,Subjekt/Objekt/Anrede ohne eindeutiges Regelsignal; Artikel und Kasus prüfen.,"
        und  das Feld  soll, wenn es im Jubeljahre frei ausgeht, Jehova heilig  sein, wie ein verbanntes Feld ; es soll dem Priester  als Eigentum  gehören.","
        und  das Feld  soll, wenn es im Jubeljahre frei ausgeht, HERR heilig  sein, wie ein verbanntes Feld ; es soll dem Priester  als Eigentum  gehören."
Lev.27.22,87,Jehova,divine-name-syntax,Subjekt/Objekt/Anrede ohne eindeutiges Regelsignal; Artikel und Kasus prüfen.,"Und wenn er ein von ihm erkauftes Feld , das nicht zum Felde  seines Eigentums gehört, Jehova heiligt ,","Und wenn er ein von ihm erkauftes Feld , das nicht zum Felde  seines Eigentums gehört, HERR heiligt ,"
Lev.27.26,57,Jehova,divine-name-syntax,Subjekt/Objekt/Anrede ohne eindeutiges Regelsignal; Artikel und Kasus prüfen.,"Nur das Erstgeborene unter dem Vieh , das als Erstgeburt Jehova  gehört, das soll kein Mensch heiligen ; sei es ein Stück Rind-oder Kleinvieh, es gehört Jehova .","Nur das Erstgeborene unter dem Vieh , das als Erstgeburt HERR  gehört, das soll kein Mensch heiligen ; sei es ein Stück Rind-oder Kleinvieh, es gehört HERR ."
Lev.27.26,153,Jehova,divine-name-syntax,Subjekt/Objekt/Anrede ohne eindeutiges Regelsignal; Artikel und Kasus prüfen.,"Nur das Erstgeborene unter dem Vieh , das als Erstgeburt Jehova  gehört, das soll kein Mensch heiligen ; sei es ein Stück Rind-oder Kleinvieh, es gehört Jehova .","Nur das Erstgeborene unter dem Vieh , das als Erstgeburt HERR  gehört, das soll kein Mensch heiligen ; sei es ein Stück Rind-oder Kleinvieh, es gehört HERR ."
Lev.27.30,89,Jehova,divine-name-syntax,Subjekt/Objekt/Anrede ohne eindeutiges Regelsignal; Artikel und Kasus prüfen.,"Und aller Zehnte des Landes , vom Samen  des Landes , von der Frucht  der Bäume , gehört Jehova ; er ist Jehova heilig .","Und aller Zehnte des Landes , vom Samen  des Landes , von der Frucht  der Bäume , gehört HERR ; er ist der HERR heilig ."
Num.3.1,68,Jehova,divine-name-syntax,Subjekt/Objekt/Anrede ohne eindeutiges Regelsignal; Artikel und Kasus prüfen.,"Und dies sind die Geschlechter Aarons  und Moses , an dem Tage , da Jehova  auf dem Berge Sinai  mit Mose redete .","Und dies sind die Geschlechter Aarons  und Moses , an dem Tage , da HERR  auf dem Berge Sinai  mit Mose redete ."
Num.3.41,37,Jehova,divine-name-syntax,Subjekt/Objekt/Anrede ohne eindeutiges Regelsignal; Artikel und Kasus prüfen.,"Und du sollst die Leviten  für mich, Jehova nehmen , anstatt aller Erstgeborenen  unter den Kindern Israel , und das Vieh  der Leviten  anstatt alles Erstgeborenen  unter dem Vieh  der Kinder Israel .","Und du sollst die Leviten  für mich, HERR nehmen , anstatt aller Erstgeborenen  unter den Kindern Israel , und das Vieh  der Leviten  anstatt alles Erstgeborenen  unter dem Vieh  der Kinder Israel ."
Num.5.3,17,Weib,gender-agreement,Nominalgruppe regelbasiert angepasst; längere Pronomenbezüge/Satzkongruenz prüfen.,"sowohl Mann  als Weib  sollt ihr hinaustun, vor  das Lager  sollt ihr sie  hinaustun, damit sie  nicht ihre Lager verunreinigen , in  deren Mitte ich wohne .","sowohl Mann  als Frau  sollt ihr hinaustun, vor  das Lager  sollt ihr sie  hinaustun, damit sie  nicht ihre Lager verunreinigen , in  deren Mitte ich wohne ."
Num.5.6,63,Weib,gender-agreement,Nominalgruppe regelbasiert angepasst; längere Pronomenbezüge/Satzkongruenz prüfen.,"
        Rede  zu den Kindern Israel : Wenn ein Mann  oder ein Weib  irgend eine von allen Sünden  der Menschen tun , so daß sie eine Untreue gegen Jehova  begehen, und  selbige Seele sich verschuldet ,","
        Rede  zu den Kindern Israel : Wenn ein Mann  oder eine Frau  irgend eine von allen Sünden  der Menschen tun , so dass sie eine Untreue gegen den HERRN  begehen, und  selbige Seele sich verschuldet ,"
Num.5.12,84,Weib,gender-agreement,Nominalgruppe regelbasiert angepasst; längere Pronomenbezüge/Satzkongruenz prüfen.,"
        Rede  zu den Kindern Israel und sprich  zu ihnen: Wenn irgend eines Mannes Weib  ausschweift und Untreue gegen  ihn begeht ,","
        Rede  zu den Kindern Israel und sprich  zu ihnen: Wenn irgend eines Mannes Frau  ausschweift und Untreue gegen  ihn begeht ,"
Num.5.14,81,Weib,gender-agreement,Nominalgruppe regelbasiert angepasst; längere Pronomenbezüge/Satzkongruenz prüfen.,"und der Geist  der Eifersucht kommt über ihn , und er wird eifersüchtig auf sein Weib , und sie hat sich verunreinigt; oder der Geist  der Eifersucht kommt über ihn , und er wird eifersüchtig auf sein Weib , und sie hat sich nicht verunreinigt:","und der Geist  der Eifersucht kommt über ihn , und er wird eifersüchtig auf seine Frau , und sie hat sich verunreinigt; oder der Geist  der Eifersucht kommt über ihn , und er wird eifersüchtig auf seine Frau , und sie hat sich nicht verunreinigt:"
Num.5.14,201,Weib,gender-agreement,Nominalgruppe regelbasiert angepasst; längere Pronomenbezüge/Satzkongruenz prüfen.,"und der Geist  der Eifersucht kommt über ihn , und er wird eifersüchtig auf sein Weib , und sie hat sich verunreinigt; oder der Geist  der Eifersucht kommt über ihn , und er wird eifersüchtig auf sein Weib , und sie hat sich nicht verunreinigt:","und der Geist  der Eifersucht kommt über ihn , und er wird eifersüchtig auf seine Frau , und sie hat sich verunreinigt; oder der Geist  der Eifersucht kommt über ihn , und er wird eifersüchtig auf seine Frau , und sie hat sich nicht verunreinigt:"
Num.5.15,23,Weib,gender-agreement,Nominalgruppe regelbasiert angepasst; längere Pronomenbezüge/Satzkongruenz prüfen.,"so soll der Mann  sein Weib  zu dem Priester bringen  und ihre Opfergabe  ihrethalben bringen, ein Zehntel Epha Gerstenmehl ; er  soll kein Öl  darauf gießen  und keinen Weihrauch  darauf legen ; denn  es ist ein Speisopfer  der Eifersucht, ein Speisopfer  des Gedächtnisses, welches Ungerechtigkeit  ins Gedächtnis  bringt.","so soll der Mann  seine Frau  zu dem Priester bringen  und ihre Opfergabe  ihrethalben bringen, ein Zehntel Epha Gerstenmehl ; er  soll kein Öl  darauf gießen  und keinen Weihrauch  darauf legen ; denn  es ist ein Speisopfer  der Eifersucht, ein Speisopfer  des Gedächtnisses, welches Ungerechtigkeit  ins Gedächtnis  bringt."
Num.5.18,29,Weib,gender-agreement,Nominalgruppe regelbasiert angepasst; längere Pronomenbezüge/Satzkongruenz prüfen.,"Und der Priester  stelle das Weib vor Jehova  und entblöße das Haupt  des Weibes , und lege auf  ihre Hände  das Speisopfer  des Gedächtnisses; es ist ein Speisopfer  der Eifersucht; und das fluchbringende Wasser  der Bitterkeit  soll in der Hand  des Priesters  sein.","Und der Priester  stelle die Frau vor dem HERRN  und entblöße das Haupt  der Frau , und lege auf  ihre Hände  das Speisopfer  des Gedächtnisses; es ist ein Speisopfer  der Eifersucht; und das fluchbringende Wasser  der Bitterkeit  soll in der Hand  des Priesters  sein."
Num.5.18,74,Weibes,gender-agreement,Nominalgruppe regelbasiert angepasst; längere Pronomenbezüge/Satzkongruenz prüfen.,"Und der Priester  stelle das Weib vor Jehova  und entblöße das Haupt  des Weibes , und lege auf  ihre Hände  das Speisopfer  des Gedächtnisses; es ist ein Speisopfer  der Eifersucht; und das fluchbringende Wasser  der Bitterkeit  soll in der Hand  des Priesters  sein.","Und der Priester  stelle die Frau vor dem HERRN  und entblöße das Haupt  der Frau , und lege auf  ihre Hände  das Speisopfer  des Gedächtnisses; es ist ein Speisopfer  der Eifersucht; und das fluchbringende Wasser  der Bitterkeit  soll in der Hand  des Priesters  sein."
Num.5.19,49,Weibe,gender-agreement,Nominalgruppe regelbasiert angepasst; längere Pronomenbezüge/Satzkongruenz prüfen.,"Und der Priester  soll sie beschwören und zu dem Weibe sagen : Wenn kein Mann  bei dir gelegen hat , und wenn du, unter deinem Manne  seiend, nicht  ausgeschweift bist  in Unreinigkeit , so bleibe unversehrt von diesem fluchbringenden Wasser  der Bitterkeit ;","Und der Priester  soll sie beschwören und zu der Frau sagen : Wenn kein Mann  bei dir gelegen hat , und wenn du, unter deinem Manne  seiend, nicht  ausgeschweift bist  in Unreinigkeit , so bleibe unversehrt von diesem fluchbringenden Wasser  der Bitterkeit ;"
Num.5.21,32,Weib,gender-agreement,Nominalgruppe regelbasiert angepasst; längere Pronomenbezüge/Satzkongruenz prüfen.,"und zwar soll der Priester  das Weib beschwören  mit dem Schwure des Fluches, und der Priester  soll zu dem Weibe sagen  - -: So mache  dich Jehova  zum Fluche und zum Schwure in  der Mitte deines Volkes , indem Jehova  deine Hüfte schwinden  und deinen Bauch schwellen mache ,","und zwar soll der Priester  die Frau beschwören  mit dem Schwure des Fluches, und der Priester  soll zu der Frau sagen  - -: So mache  dich HERR  zum Fluche und zum Schwure in  der Mitte deines Volkes , indem HERR  deine Hüfte schwinden  und deinen Bauch schwellen mache ,"
Num.5.21,108,Weibe,gender-agreement,Nominalgruppe regelbasiert angepasst; längere Pronomenbezüge/Satzkongruenz prüfen.,"und zwar soll der Priester  das Weib beschwören  mit dem Schwure des Fluches, und der Priester  soll zu dem Weibe sagen  - -: So mache  dich Jehova  zum Fluche und zum Schwure in  der Mitte deines Volkes , indem Jehova  deine Hüfte schwinden  und deinen Bauch schwellen mache ,","und zwar soll der Priester  die Frau beschwören  mit dem Schwure des Fluches, und der Priester  soll zu der Frau sagen  - -: So mache  dich HERR  zum Fluche und zum Schwure in  der Mitte deines Volkes , indem HERR  deine Hüfte schwinden  und deinen Bauch schwellen mache ,"
Num.5.21,141,Jehova,divine-name-syntax,Subjekt/Objekt/Anrede ohne eindeutiges Regelsignal; Artikel und Kasus prüfen.,"und zwar soll der Priester  das Weib beschwören  mit dem Schwure des Fluches, und der Priester  soll zu dem Weibe sagen  - -: So mache  dich Jehova  zum Fluche und zum Schwure in  der Mitte deines Volkes , indem Jehova  deine Hüfte schwinden  und deinen Bauch schwellen mache ,","und zwar soll der Priester  die Frau beschwören  mit dem Schwure des Fluches, und der Priester  soll zu der Frau sagen  - -: So mache  dich HERR  zum Fluche und zum Schwure in  der Mitte deines Volkes , indem HERR  deine Hüfte schwinden  und deinen Bauch schwellen mache ,"
Num.5.21,212,Jehova,divine-name-syntax,Subjekt/Objekt/Anrede ohne eindeutiges Regelsignal; Artikel und Kasus prüfen.,"und zwar soll der Priester  das Weib beschwören  mit dem Schwure des Fluches, und der Priester  soll zu dem Weibe sagen  - -: So mache  dich Jehova  zum Fluche und zum Schwure in  der Mitte deines Volkes , indem Jehova  deine Hüfte schwinden  und deinen Bauch schwellen mache ,","und zwar soll der Priester  die Frau beschwören  mit dem Schwure des Fluches, und der Priester  soll zu der Frau sagen  - -: So mache  dich HERR  zum Fluche und zum Schwure in  der Mitte deines Volkes , indem HERR  deine Hüfte schwinden  und deinen Bauch schwellen mache ,"
Num.5.22,134,Weib,gender-agreement,Nominalgruppe regelbasiert angepasst; längere Pronomenbezüge/Satzkongruenz prüfen.,"und es komme  dieses fluchbringende Wasser  in deine Eingeweide , um den Bauch schwellen  und die Hüfte schwinden  zu machen! Und das Weib  soll sagen : Amen , Amen !","und es komme  dieses fluchbringende Wasser  in deine Eingeweide , um den Bauch schwellen  und die Hüfte schwinden  zu machen! Und die Frau  soll sagen : Amen , Amen !"
Num.5.24,17,Weib,gender-agreement,Nominalgruppe regelbasiert angepasst; längere Pronomenbezüge/Satzkongruenz prüfen.,"und er  soll das Weib  das fluchbringende Wasser  der Bitterkeit trinken  lassen, damit das fluchbringende Wasser  in sie komme zur Bitterkeit .","und er  soll die Frau  das fluchbringende Wasser  der Bitterkeit trinken  lassen, damit das fluchbringende Wasser  in sie komme zur Bitterkeit ."
Num.5.25,42,Weibes,gender-agreement,Nominalgruppe regelbasiert angepasst; längere Pronomenbezüge/Satzkongruenz prüfen.,Und der Priester nehme  aus der Hand  des Weibes  das Speisopfer  der Eifersucht und webe  das Speisopfer vor Jehova  und bringe es zum Altar ;,Und der Priester nehme  aus der Hand  der Frau  das Speisopfer  der Eifersucht und webe  das Speisopfer vor dem HERRN  und bringe es zum Altar ;
Num.5.26,150,Weib,gender-agreement,Nominalgruppe regelbasiert angepasst; längere Pronomenbezüge/Satzkongruenz prüfen.,"
        und  der Priester nehme  eine Handvoll von dem Speisopfer  als dessen Gedächtnisteil und räuchere  es auf dem Altar ; und danach soll er das Weib  das Wasser trinken  lassen.","
        und  der Priester nehme  eine Handvoll von dem Speisopfer  als dessen Gedächtnisteil und räuchere  es auf dem Altar ; und danach soll er die Frau  das Wasser trinken  lassen."
Num.5.27,281,Weib,gender-agreement,Nominalgruppe regelbasiert angepasst; längere Pronomenbezüge/Satzkongruenz prüfen.,"
        Und  hat er  sie das Wasser trinken  lassen, so wird es geschehen, wenn sie sich verunreinigt  und Untreue begangen hat gegen ihren Mann , daß das fluchbringende Wasser in  sie kommen wird zur Bitterkeit , und ihr Bauch  wird schwellen  und ihre Hüfte schwinden ; und das Weib  wird zum Fluche werden in der Mitte ihres Volkes .","
        Und  hat er  sie das Wasser trinken  lassen, so wird es geschehen, wenn sie sich verunreinigt  und Untreue begangen hat gegen ihren Mann , dass das fluchbringende Wasser in  sie kommen wird zur Bitterkeit , und ihr Bauch  wird schwellen  und ihre Hüfte schwinden ; und die Frau  wird zum Fluche werden in der Mitte ihres Volkes ."
Num.5.28,14,Weib,gender-agreement,Nominalgruppe regelbasiert angepasst; längere Pronomenbezüge/Satzkongruenz prüfen.,"Wenn aber das Weib  sich nicht verunreinigt  hat und rein  ist, so wird  sie unversehrt bleiben und Samen  empfangen.","Wenn aber die Frau  sich nicht verunreinigt  hat und rein  ist, so wird  sie unversehrt bleiben und Samen  empfangen."
Num.5.29,46,Weib,gender-agreement,Nominalgruppe regelbasiert angepasst; längere Pronomenbezüge/Satzkongruenz prüfen.,"Das ist  das Gesetz  der Eifersucht: Wenn ein Weib , unter ihrem Manne  seiend, ausschweift und sich verunreinigt ,","Das ist  das Gesetz  der Eifersucht: Wenn eine Frau , unter ihrem Manne  seiend, ausschweift und sich verunreinigt ,"
Num.5.30,96,Weib,gender-agreement,Nominalgruppe regelbasiert angepasst; längere Pronomenbezüge/Satzkongruenz prüfen.,"oder wenn über  einen Mann  der Geist  der Eifersucht kommt, und er wird eifersüchtig auf  sein Weib , so soll er das Weib vor Jehova  stellen, und der Priester  soll ihr tun  nach diesem, ganzen Gesetz .","oder wenn über  einen Mann  der Geist  der Eifersucht kommt, und er wird eifersüchtig auf  seine Frau , so soll er die Frau vor dem HERRN  stellen, und der Priester  soll ihr tun  nach diesem, ganzen Gesetz ."
Num.5.30,118,Weib,gender-agreement,Nominalgruppe regelbasiert angepasst; längere Pronomenbezüge/Satzkongruenz prüfen.,"oder wenn über  einen Mann  der Geist  der Eifersucht kommt, und er wird eifersüchtig auf  sein Weib , so soll er das Weib vor Jehova  stellen, und der Priester  soll ihr tun  nach diesem, ganzen Gesetz .","oder wenn über  einen Mann  der Geist  der Eifersucht kommt, und er wird eifersüchtig auf  seine Frau , so soll er die Frau vor dem HERRN  stellen, und der Priester  soll ihr tun  nach diesem, ganzen Gesetz ."
Num.5.31,52,Weib,gender-agreement,Nominalgruppe regelbasiert angepasst; längere Pronomenbezüge/Satzkongruenz prüfen.,Und der Mann  wird frei sein  von Schuld ; selbiges Weib  aber soll ihre Missetat tragen .,Und der Mann  wird frei sein  von Schuld ; selbige Frau  aber soll ihre Missetat tragen .
Num.6.2,83,Weib,gender-agreement,Nominalgruppe regelbasiert angepasst; längere Pronomenbezüge/Satzkongruenz prüfen.,"
        Rede  zu den Kindern Israel  und sprich zu ihnen: Wenn ein Mann  oder ein Weib sich  weiht, indem er  das Gelübde  eines Nasirs gelobt, um sich für Jehova  abzusondern,","
        Rede  zu den Kindern Israel  und sprich zu ihnen: Wenn ein Mann  oder eine Frau sich  weiht, indem er  das Gelübde  eines Nasirs gelobt, um sich für den HERRN  abzusondern,"
Num.6.14,31,Jehova,divine-name-syntax,Subjekt/Objekt/Anrede ohne eindeutiges Regelsignal; Artikel und Kasus prüfen.,"
        Und 
        er  soll Jehova  seine Opfergabe  darbringen: ein  einjähriges Lamm  ohne Fehl  zum Brandopfer , und ein  einjähriges weibliches Lamm ohne Fehl  zum Sündopfer ; und einen Widder  ohne Fehl  zum Friedensopfer ,","
        Und 
        er  soll HERR  seine Opfergabe  darbringen: ein  einjähriges Lamm  ohne Fehl  zum Brandopfer , und ein  einjähriges weibliches Lamm ohne Fehl  zum Sündopfer ; und einen Widder  ohne Fehl  zum Friedensopfer ,"
Num.6.25,9,Jehova,divine-name-syntax,Subjekt/Objekt/Anrede ohne eindeutiges Regelsignal; Artikel und Kasus prüfen.,"
        Jehova  lasse sein Angesicht  über dir leuchten  und sei dir gnädig !","
        HERR  lasse sein Angesicht  über dir leuchten  und sei dir gnädig !"
Num.6.26,9,Jehova,divine-name-syntax,Subjekt/Objekt/Anrede ohne eindeutiges Regelsignal; Artikel und Kasus prüfen.,"
        Jehova  erhebe sein Angesicht auf  dich und gebe  dir Frieden !","
        HERR  erhebe sein Angesicht auf  dich und gebe  dir Frieden !"
Num.8.4,169,Jehova,divine-name-syntax,Subjekt/Objekt/Anrede ohne eindeutiges Regelsignal; Artikel und Kasus prüfen.,"
        Und  dies war die Arbeit  des Leuchters : getriebene Arbeit von Gold ; von seinem Fuße bis zu  seinen Blumen , alles war getriebene Arbeit; nach dem Bilde, das Jehova  dem Mose  gezeigt, also hatte  man den Leuchter  gemacht.","
        Und  dies war die Arbeit  des Leuchters : getriebene Arbeit von Gold ; von seinem Fuße bis zu  seinen Blumen , alles war getriebene Arbeit; nach dem Bilde, das HERR  dem Mose  gezeigt, also hatte  man den Leuchter  gemacht."
Num.10.29,139,Jehova,divine-name-syntax,Subjekt/Objekt/Anrede ohne eindeutiges Regelsignal; Artikel und Kasus prüfen.,"Und Mose sprach  zu Hobab , dem Sohne  Reghuels, des Midianiters, des Schwiegervaters Moses : Wir brechen auf  nach dem Orte , von welchem Jehova gesagt hat : Ich will ihn euch geben . Ziehe  mit uns, so werden wir dir Gutes tun ; denn Jehova  hat Gutes über Israel  geredet.","Und Mose sprach  zu Hobab , dem Sohne  Reghuels, des Midianiters, des Schwiegervaters Moses : Wir brechen auf  nach dem Orte , von welchem HERR gesagt hat : Ich will ihn euch geben . Ziehe  mit uns, so werden wir dir Gutes tun ; denn der HERR  hat Gutes über Israel  geredet."
Num.10.32,82,Jehova,divine-name-syntax,Subjekt/Objekt/Anrede ohne eindeutiges Regelsignal; Artikel und Kasus prüfen.,"Und es soll geschehen, wenn du mit uns ziehst , und uns jenes Gute geschieht, das Jehova  an uns tun  will, so werden wir dir auch Gutes tun .","Und es soll geschehen, wenn du mit uns ziehst , und uns jenes Gute geschieht, das HERR  an uns tun  will, so werden wir dir auch Gutes tun ."
Num.10.35,70,Jehova,divine-name-syntax,Subjekt/Objekt/Anrede ohne eindeutiges Regelsignal; Artikel und Kasus prüfen.,"Und es geschah, wenn die Lade  aufbrach, so sprach Mose : Stehe auf , Jehova , daß deine Feinde sich zerstreuen , und deine Hasser vor  dir fliehen !","Und es geschah, wenn die Lade  aufbrach, so sprach Mose : Stehe auf , HERR , dass deine Feinde sich zerstreuen , und deine Hasser vor  dir fliehen !"
Num.10.36,51,Jehova,divine-name-syntax,Subjekt/Objekt/Anrede ohne eindeutiges Regelsignal; Artikel und Kasus prüfen.,"Und wenn sie ruhte , so sprach  er: Kehre wieder , Jehova , zu den Myriaden der Tausende Israels !","Und wenn sie ruhte , so sprach  er: Kehre wieder , HERR , zu den Myriaden der Tausende Israels !"
Num.11.20,101,Jehova,divine-name-syntax,Subjekt/Objekt/Anrede ohne eindeutiges Regelsignal; Artikel und Kasus prüfen.,"bis zu einem ganzen Monat, bis es  euch zur Nase  herauskommt, und  es euch zum Ekel  wird; weil ihr Jehova , der in  eurer Mitte ist, verachtet und vor  ihm geweint  und gesprochen habt : Warum doch sind wir aus Ägypten  herausgezogen?","bis zu einem ganzen Monat, bis es  euch zur Nase  herauskommt, und  es euch zum Ekel  wird; weil ihr HERR , der in  eurer Mitte ist, verachtet und vor  ihm geweint  und gesprochen habt : Warum doch sind wir aus Ägypten  herausgezogen?"
Num.11.25,173,sobald,spelling-context,Kontextabhängige Schreibung/modernes Homograph; unverändert prüfen.,"Und Jehova kam  in der Wolke  hernieder und redete  zu ihm und nahm von  dem Geiste , der auf ihm war, und legte  ihn auf die siebzig Männer , die Ältesten. Und es geschah, sobald der Geist  auf sie kam, weissagten  sie; aber sie fuhren nicht  fort.","Und der HERR kam  in der Wolke  hernieder und redete  zu ihm und nahm von  dem Geiste , der auf ihm war, und legte  ihn auf die siebzig Männer , die Ältesten. Und es geschah, sobald der Geist  auf sie kam, weissagten  sie; aber sie fuhren nicht  fort."
Num.12.1,67,Weibes,gender-agreement,Nominalgruppe regelbasiert angepasst; längere Pronomenbezüge/Satzkongruenz prüfen.,"Und Mirjam  und Aaron  redeten wider Mose  wegen des kuschitischen Weibes , das er  genommen hatte ; denn er  hatte eine kuschitisches Weib  genommen.","Und Mirjam  und Aaron  redeten wider Mose  wegen der kuschitischen Frau , die er  genommen hatte ; denn er  hatte eine kuschitische Frau  genommen."
Num.12.1,135,Weib,gender-agreement,Nominalgruppe regelbasiert angepasst; längere Pronomenbezüge/Satzkongruenz prüfen.,"Und Mirjam  und Aaron  redeten wider Mose  wegen des kuschitischen Weibes , das er  genommen hatte ; denn er  hatte eine kuschitisches Weib  genommen.","Und Mirjam  und Aaron  redeten wider Mose  wegen der kuschitischen Frau , die er  genommen hatte ; denn er  hatte eine kuschitische Frau  genommen."
Num.14.3,22,Jehova,divine-name-syntax,Subjekt/Objekt/Anrede ohne eindeutiges Regelsignal; Artikel und Kasus prüfen.,"Und warum bringt  uns Jehova  in dieses Land , daß wir durchs Schwert fallen  und unsere Weiber  und unsere Kindlein zur Beute werden ? Wäre es nicht besser  für uns, nach Ägypten  zurückzukehren?","Und warum bringt  uns HERR  in dieses Land , dass wir durchs Schwert fallen  und unsere Frauen  und unsere Kindlein zur Beute werden ? Wäre es nicht besser  für uns, nach Ägypten  zurückzukehren?"
Num.15.4,22,Jehova,divine-name-syntax,Subjekt/Objekt/Anrede ohne eindeutiges Regelsignal; Artikel und Kasus prüfen.,"so soll  der, welcher Jehova  seine Opfergabe  darbringt, als Speisopfer  darbringen ein Zehntel Feinmehl , gemengt  mit einem viertel Hin Öl ;","so soll  der, welcher HERR  seine Opfergabe  darbringt, als Speisopfer  darbringen ein Zehntel Feinmehl , gemengt  mit einem viertel Hin Öl ;"
Num.15.19,78,Jehova,divine-name-syntax,Subjekt/Objekt/Anrede ohne eindeutiges Regelsignal; Artikel und Kasus prüfen.,"so soll es geschehen, wenn ihr von dem Brote  des Landes esset , so sollt ihr Jehova  ein Hebopfer heben :","so soll es geschehen, wenn ihr von dem Brote  des Landes esset , so sollt ihr HERR  ein Hebopfer heben :"
Num.15.21,104,Jehova,divine-name-syntax,Subjekt/Objekt/Anrede ohne eindeutiges Regelsignal; Artikel und Kasus prüfen.,"Wie das Hebopfer  der Tenne, also sollt ihr dieses heben. Von dem Erstling  eures Schrotmehls sollt ihr Jehova  ein Hebopfer geben , bei euren Geschlechtern .","Wie das Hebopfer  der Tenne, also sollt ihr dieses heben. Von dem Erstling  eures Schrotmehls sollt ihr HERR  ein Hebopfer geben , bei euren Geschlechtern ."
Num.15.22,74,Jehova,divine-name-syntax,Subjekt/Objekt/Anrede ohne eindeutiges Regelsignal; Artikel und Kasus prüfen.,"Und wenn ihr aus Versehen  sündiget und nicht tut alle diese Gebote , die Jehova zu Mose  geredet hat ,","Und wenn ihr aus Versehen  sündiget und nicht tut alle diese Gebote , die HERR zu Mose  geredet hat ,"
Num.15.23,70,Jehova,divine-name-syntax,Subjekt/Objekt/Anrede ohne eindeutiges Regelsignal; Artikel und Kasus prüfen.,"alles, was Jehova  euch durch Mose geboten hat , von dem Tage  an, da Jehova  Gebote gab, und fernerhin bei euren Geschlechtern ,","alles, was der HERR  euch durch Mose geboten hat , von dem Tage  an, da HERR  Gebote gab, und fernerhin bei euren Geschlechtern ,"
Num.15.30,115,Jehova,divine-name-syntax,Subjekt/Objekt/Anrede ohne eindeutiges Regelsignal; Artikel und Kasus prüfen.,"Aber die Seele , welche mit erhobener Hand  etwas tut , von den Eingeborenen und von den Fremdlingen , die schmäht Jehova ; und selbige Seele  soll ausgerottet werden aus  der Mitte ihres Volkes ,","Aber die Seele , welche mit erhobener Hand  etwas tut , von den Eingeborenen und von den Fremdlingen , die schmäht HERR ; und selbige Seele  soll ausgerottet werden aus  der Mitte ihres Volkes ,"
Num.16.30,10,Jehova,divine-name-syntax,Subjekt/Objekt/Anrede ohne eindeutiges Regelsignal; Artikel und Kasus prüfen.,"wenn aber Jehova  ein Neues schafft  und der Erdboden  seinen Mund auftut  und sie verschlingt  mit allem was ihnen angehört, und sie lebendig  in den Scheol hinabfahren, so werdet ihr erkennen , daß diese Männer Jehova  verachtet haben . -","wenn aber HERR  ein Neues schafft  und der Erdboden  seinen Mund auftut  und sie verschlingt  mit allem was ihnen angehört, und sie lebendig  in den Scheol hinabfahren, so werdet ihr erkennen , dass diese Männer HERR  verachtet haben . -"
Num.16.30,213,Jehova,divine-name-syntax,Subjekt/Objekt/Anrede ohne eindeutiges Regelsignal; Artikel und Kasus prüfen.,"wenn aber Jehova  ein Neues schafft  und der Erdboden  seinen Mund auftut  und sie verschlingt  mit allem was ihnen angehört, und sie lebendig  in den Scheol hinabfahren, so werdet ihr erkennen , daß diese Männer Jehova  verachtet haben . -","wenn aber HERR  ein Neues schafft  und der Erdboden  seinen Mund auftut  und sie verschlingt  mit allem was ihnen angehört, und sie lebendig  in den Scheol hinabfahren, so werdet ihr erkennen , dass diese Männer HERR  verachtet haben . -"
Num.18.12,88,Jehova,divine-name-syntax,Subjekt/Objekt/Anrede ohne eindeutiges Regelsignal; Artikel und Kasus prüfen.,"Alles Beste  vom Öl  und alles Beste  vom Most  und Getreide , ihre Erstlinge , die sie Jehova geben , dir habe ich sie gegeben .","Alles Beste  vom Öl  und alles Beste  vom Most  und Getreide , ihre Erstlinge , die sie HERR geben , dir habe ich sie gegeben ."
Num.18.13,67,Jehova,divine-name-syntax,Subjekt/Objekt/Anrede ohne eindeutiges Regelsignal; Artikel und Kasus prüfen.,"Die ersten  Früchte von allem, was in ihrem Lande  wächst, die sie Jehova bringen , sollen dir gehören; jeder Reine  in deinem Hause  soll davon essen .","Die ersten  Früchte von allem, was in ihrem Lande  wächst, die sie HERR bringen , sollen dir gehören; jeder Reine  in deinem Hause  soll davon essen ."
Num.18.15,60,Jehova,divine-name-syntax,Subjekt/Objekt/Anrede ohne eindeutiges Regelsignal; Artikel und Kasus prüfen.,"Alles, was die Mutter bricht , von allem Fleische , das sie Jehova  darbringen, an Menschen  und an Vieh , soll dir gehören; nur sollst du den Erstgeborenen  vom Menschen  jedenfalls lösen , und das Erstgeborene  vom unreinen Vieh  sollst du lösen .","Alles, was die Mutter bricht , von allem Fleische , das sie HERR  darbringen, an Menschen  und an Vieh , soll dir gehören; nur sollst du den Erstgeborenen  vom Menschen  jedenfalls lösen , und das Erstgeborene  vom unreinen Vieh  sollst du lösen ."
Num.18.24,50,Jehova,divine-name-syntax,Subjekt/Objekt/Anrede ohne eindeutiges Regelsignal; Artikel und Kasus prüfen.,"denn den Zehnten  der Kinder Israel , welchen sie Jehova  als Hebopfer heben , habe ich den Leviten  zum Erbteil gegeben ; darum habe ich von ihnen gesagt , daß sie inmiten der Kinder Israel  kein Erbteil besitzen  sollen.","denn den Zehnten  der Kinder Israel , welchen sie HERR  als Hebopfer heben , habe ich den Leviten  zum Erbteil gegeben ; darum habe ich von ihnen gesagt , dass sie inmiten der Kinder Israel  kein Erbteil besitzen  sollen."
Num.21.2,14,Jehova,divine-name-syntax,Subjekt/Objekt/Anrede ohne eindeutiges Regelsignal; Artikel und Kasus prüfen.,"Da tat Israel Jehova  ein Gelübde  und sprach : Wenn du  dieses Volk  gewißlich in meine Hand gibst , so werde ich seine Städte verbannen .","Da tat Israel HERR  ein Gelübde  und sprach : Wenn du  dieses Volk  gewisslich in meine Hand gibst , so werde ich seine Städte verbannen ."
Num.22.28,7,Jehova,divine-name-syntax,Subjekt/Objekt/Anrede ohne eindeutiges Regelsignal; Artikel und Kasus prüfen.,"Da tat Jehova  den Mund  der Eselin auf , und sie sprach  zu Bileam : Was habe ich dir getan , daß du mich nun dreimal geschlagen  hast?","Da tat HERR  den Mund  der Eselin auf , und sie sprach  zu Bileam : Was habe ich dir getan , dass du mich nun dreimal geschlagen  hast?"
Num.22.31,13,Jehova,divine-name-syntax,Subjekt/Objekt/Anrede ohne eindeutiges Regelsignal; Artikel und Kasus prüfen.,"Da enthüllte Jehova die Augen Bileams , und  er sah  den Engel  Jehovas auf  dem Wege stehen , mit seinem gezückten Schwert  in seiner Hand ; und  er neigte sich  und warf sich  nieder auf sein Angesicht .","Da enthüllte HERR die Augen Bileams , und  er sah  den Engel  des HERRN auf  dem Wege stehen , mit seinem gezückten Schwert  in seiner Hand ; und  er neigte sich  und warf sich  nieder auf sein Angesicht ."
Num.23.5,4,Jehova,divine-name-syntax,Subjekt/Objekt/Anrede ohne eindeutiges Regelsignal; Artikel und Kasus prüfen.,"Und Jehova legte  ein Wort  in den Mund Bileams  und sprach : Kehre zu Balak  zurück, und so sollst  du reden .","Und HERR legte  ein Wort  in den Mund Bileams  und sprach : Kehre zu Balak  zurück, und so sollst  du reden ."
Num.23.21,91,Jehova,divine-name-syntax,Subjekt/Objekt/Anrede ohne eindeutiges Regelsignal; Artikel und Kasus prüfen.,"
        Er  erblickt keine Ungerechtigkeit in Jakob  und sieht  kein Unrecht  in Israel ; Jehova , sein Gott , ist mit ihm, und Jubelgeschrei wie um einen König  ist in seiner Mitte.","
        Er  erblickt keine Ungerechtigkeit in Jakob  und sieht  kein Unrecht  in Israel ; HERR , sein Gott , ist mit ihm, und Jubelgeschrei wie um einen König  ist in seiner Mitte."
Num.24.6,86,Jehova,divine-name-syntax,Subjekt/Objekt/Anrede ohne eindeutiges Regelsignal; Artikel und Kasus prüfen.,"Gleich Tälern breiten sie sich aus , gleich Gärten  am Strome, gleich Aloebäumen, die Jehova  gepflanzt hat , gleich Zedern  am Gewässer !","Gleich Tälern breiten sie sich aus , gleich Gärten  am Strome, gleich Aloebäumen, die HERR  gepflanzt hat , gleich Zedern  am Gewässer !"
Num.24.23,79,sobald,spelling-context,Kontextabhängige Schreibung/modernes Homograph; unverändert prüfen.,"Und er hob  seinen Spruch  an und sprach : Wehe ! Wer wird  am Leben  bleiben, sobald Gott  dieses herbeiführt?","Und er hob  seinen Spruch  an und sprach : Wehe ! Wer wird  am Leben  bleiben, sobald Gott  dieses herbeiführt?"
Num.25.8,130,Weib,gender-agreement,Nominalgruppe regelbasiert angepasst; längere Pronomenbezüge/Satzkongruenz prüfen.,"und er  ging dem israelitischen Manne nach in  das Innere des Zeltes und durchstach  sie beide , den israelitischen Mann  und das Weib , durch ihren Bauch . Da ward die Plage  von den Kindern Israel  abgewehrt.","und er  ging dem israelitischen Manne nach in  das Innere des Zeltes und durchstach  sie beide , den israelitischen Mann  und die Frau , durch ihren Bauch . Da ward die Plage  von den Kindern Israel  abgewehrt."
Num.25.15,46,Weibes,gender-agreement,Nominalgruppe regelbasiert angepasst; längere Pronomenbezüge/Satzkongruenz prüfen.,"und der Name  des erschlagenen midianitischen Weibes  war Kosbi , die Tochter Zurs ; er  war Stammhaupt eines Vaterhauses  unter den Midianitern .","und der Name  der erschlagenen midianitischen Frau  war Kosbi , die Tochter Zurs ; er  war Stammhaupt eines Vaterhauses  unter den Midianitern ."
Num.26.59,18,Weibes,gender-agreement,Nominalgruppe regelbasiert angepasst; längere Pronomenbezüge/Satzkongruenz prüfen.,"Und der Name  des Weibes Amrams  war Jokebed, eine Tochter Levis , die dem Levi  in Ägypten geboren  wurde; und sie gebar  dem Amram Aaron  und Mose  und Mirjam , ihre Schwester .","Und der Name  der Frau Amrams  war Jokebed, eine Tochter Levis , die dem Levi  in Ägypten geboren  wurde; und sie gebar  dem Amram Aaron  und Mose  und Mirjam , ihre Schwester ."
Num.27.16,12,Jehova,divine-name-syntax,Subjekt/Objekt/Anrede ohne eindeutiges Regelsignal; Artikel und Kasus prüfen.,"Es bestelle Jehova , der Gott  der Geister  alles Fleisches , einen Mann über  die Gemeinde ,","Es bestelle HERR , der Gott  der Geister  alles Fleisches , einen Mann über  die Gemeinde ,"
Num.28.3,73,Jehova,divine-name-syntax,Subjekt/Objekt/Anrede ohne eindeutiges Regelsignal; Artikel und Kasus prüfen.,"
        Und 
        sprich  zu ihnen: Dies ist das Feueropfer, das ihr Jehova  darbringen sollt : zwei  einjährige Lämmer  ohne Fehl , täglich , als beständiges Brandopfer .","
        Und 
        sprich  zu ihnen: Dies ist das Feueropfer, das ihr HERR  darbringen sollt : zwei  einjährige Lämmer  ohne Fehl , täglich , als beständiges Brandopfer ."
Num.28.11,49,Jehova,divine-name-syntax,Subjekt/Objekt/Anrede ohne eindeutiges Regelsignal; Artikel und Kasus prüfen.,"
        Und  im Anfang  eurer Monate sollt  ihr Jehova ein Brandopfer  darbringen: zwei junge Farren  und einen Widder , sieben  einjährige Lämmer  ohne Fehl ;","
        Und  im Anfang  eurer Monate sollt  ihr HERR ein Brandopfer  darbringen: zwei junge Farren  und einen Widder , sieben  einjährige Lämmer  ohne Fehl ;"
Num.30.4,13,Weib,gender-agreement,Nominalgruppe regelbasiert angepasst; längere Pronomenbezüge/Satzkongruenz prüfen.,"Und wenn ein Weib  dem Jehova  ein Gelübde tut  oder ein Verbindnis auf sich nimmt im Hause  ihres Vaters , in ihrer Jugend ,","Und wenn eine Frau  dem HERRN  ein Gelübde tut  oder ein Verbindnis auf sich nimmt im Hause  ihres Vaters , in ihrer Jugend ,"
Num.30.11,13,Weib,gender-agreement,Nominalgruppe regelbasiert angepasst; längere Pronomenbezüge/Satzkongruenz prüfen.,"Und wenn ein Weib im Hause  ihres Mannes  ein Gelübde getan  oder durch einen Eid  ein Verbindnis auf ihre Seele  genommen hat ,","Und wenn eine Frau im Hause  ihres Mannes  ein Gelübde getan  oder durch einen Eid  ein Verbindnis auf ihre Seele  genommen hat ,"
Num.30.17,97,Weibe,gender-agreement,Nominalgruppe regelbasiert angepasst; längere Pronomenbezüge/Satzkongruenz prüfen.,"Das sind die Satzungen , welche Jehova  dem Mose  geboten hat , zwischen einem Manne  und seinem Weibe , zwischen einem Vater  und seiner Tochter  in ihrer Jugend , im Hause  ihres Vaters .","Das sind die Satzungen , welche der HERR  dem Mose  geboten hat , zwischen einem Manne  und seiner Frau , zwischen einem Vater  und seiner Tochter  in ihrer Jugend , im Hause  ihres Vaters ."
Num.31.21,134,Jehova,divine-name-syntax,Subjekt/Objekt/Anrede ohne eindeutiges Regelsignal; Artikel und Kasus prüfen.,"Und Eleasar , der Priester , sprach  zu den Kriegsleuten, die in den Streit  gezogen waren : Dies ist die Satzung  des Gesetzes , das Jehova  dem Mose  geboten hat :","Und Eleasar , der Priester , sprach  zu den Kriegsleuten, die in den Streit  gezogen waren : Dies ist die Satzung  des Gesetzes , das HERR  dem Mose  geboten hat :"
Num.32.12,99,Jehova,divine-name-syntax,Subjekt/Objekt/Anrede ohne eindeutiges Regelsignal; Artikel und Kasus prüfen.,"ausgenommen Kaleb , der Sohn Jephunnes , der Kenisiter , und Josua , der Sohn Nuns ; denn sie sind Jehova  völlig nachgefolgt.","ausgenommen Kaleb , der Sohn Jephunnes , der Kenisiter , und Josua , der Sohn Nuns ; denn sie sind HERR  völlig nachgefolgt."
Num.34.13,126,Jehova,divine-name-syntax,Subjekt/Objekt/Anrede ohne eindeutiges Regelsignal; Artikel und Kasus prüfen.,"Und Mose gebot  den Kindern Israel  und sprach : Das ist das Land , welches ihr durchs Los  als Erbteil empfangen sollt , das Jehova  den neun Stämmen  und dem halben Stamme  zu geben  geboten hat .","Und Mose gebot  den Kindern Israel  und sprach : Das ist das Land , welches ihr durchs Los  als Erbteil empfangen sollt , das HERR  den neun Stämmen  und dem halben Stamme  zu geben  geboten hat ."
Num.36.8,143,Weibe,gender-agreement,Nominalgruppe regelbasiert angepasst; längere Pronomenbezüge/Satzkongruenz prüfen.,"Und jede Tochter , die ein Erbteil  aus den Stämmen  der Kinder Israel  besitzt, soll einem aus dem Geschlecht  des Stammes  ihres Vaters  zum Weibe  werden, damit die Kinder Israel ein  jeder das Erbteil  seiner Väter besitzen ,","Und jede Tochter , die ein Erbteil  aus den Stämmen  der Kinder Israel  besitzt, soll einem aus dem Geschlecht  des Stammes  ihres Vaters  zur Frau  werden, damit die Kinder Israel ein  jeder das Erbteil  seiner Väter besitzen ,"
Deut.1.6,9,Jehova,divine-name-syntax,Subjekt/Objekt/Anrede ohne eindeutiges Regelsignal; Artikel und Kasus prüfen.,"
        Jehova , unser Gott , redete  zu uns am Horeb  und sprach : Lange  genug seid ihr  an diesem Berge  geblieben;","
        HERR , unser Gott , redete  zu uns am Horeb  und sprach : Lange  genug seid ihr  an diesem Berge  geblieben;"
Deut.1.10,9,Jehova,divine-name-syntax,Subjekt/Objekt/Anrede ohne eindeutiges Regelsignal; Artikel und Kasus prüfen.,"
        Jehova , euer Gott , hat euch gemehrt , und siehe, ihr seid heute  wie die Sterne  des Himmels  an Menge .","
        HERR , euer Gott , hat euch gemehrt , und siehe, ihr seid heute  wie die Sterne  des Himmels  an Menge ."
Deut.1.11,9,Jehova,divine-name-syntax,Subjekt/Objekt/Anrede ohne eindeutiges Regelsignal; Artikel und Kasus prüfen.,"
        Jehova , der Gott  eurer Väter , füge zu  euch, so viele ihr seid, tausendmal hinzu und segne  euch, wie  er zu euch geredet hat !","
        HERR , der Gott  eurer Väter , füge zu  euch, so viele ihr seid, tausendmal hinzu und segne  euch, wie  er zu euch geredet hat !"
Deut.1.20,83,Jehova,divine-name-syntax,Subjekt/Objekt/Anrede ohne eindeutiges Regelsignal; Artikel und Kasus prüfen.,"Und ich sprach  zu euch: Ihr seid gekommen  bis zu dem Gebirge  der Amoriter , das Jehova , unser Gott , uns gibt .","Und ich sprach  zu euch: Ihr seid gekommen  bis zu dem Gebirge  der Amoriter , das HERR , unser Gott , uns gibt ."
Deut.1.21,111,Jehova,divine-name-syntax,Subjekt/Objekt/Anrede ohne eindeutiges Regelsignal; Artikel und Kasus prüfen.,"
        Siehe , Jehova , dein Gott , hat  das Land vor  dich gestellt; ziehe  hinauf, nimm in Besitz , so wie Jehova , der Gott  deiner Väter , zu dir geredet hat; fürchte  dich nicht  und verzage nicht!","
        Siehe , HERR , dein Gott , hat  das Land vor  dich gestellt; ziehe  hinauf, nimm in Besitz , so wie HERR , der Gott  deiner Väter , zu dir geredet hat; fürchte  dich nicht  und verzage nicht!"
Deut.1.25,159,Jehova,divine-name-syntax,Subjekt/Objekt/Anrede ohne eindeutiges Regelsignal; Artikel und Kasus prüfen.,"Und sie nahmen von der Frucht  des Landes  in ihre Hand  und brachten  sie zu uns herab . Und sie brachten  uns Bescheid und sprachen : Das Land ist gut , das Jehova , unser Gott , uns gibt .","Und sie nahmen von der Frucht  des Landes  in ihre Hand  und brachten  sie zu uns herab . Und sie brachten  uns Bescheid und sprachen : Das Land ist gut , das HERR , unser Gott , uns gibt ."
Deut.1.30,9,Jehova,divine-name-syntax,Subjekt/Objekt/Anrede ohne eindeutiges Regelsignal; Artikel und Kasus prüfen.,"
        Jehova , euer Gott , der vor euch  herzieht, er wird für euch streiten , nach allem, was er in Ägypten  vor euren Augen  für euch getan  hat,","
        HERR , euer Gott , der vor euch  herzieht, er wird für euch streiten , nach allem, was er in Ägypten  vor euren Augen  für euch getan  hat,"
Deut.1.32,41,Jehova,divine-name-syntax,Subjekt/Objekt/Anrede ohne eindeutiges Regelsignal; Artikel und Kasus prüfen.,"Aber in dieser Sache glaubtet  ihr nicht Jehova , eurem Gott ,","Aber in dieser Sache glaubtet  ihr nicht HERR , eurem Gott ,"
Deut.1.36,167,Jehova,divine-name-syntax,Subjekt/Objekt/Anrede ohne eindeutiges Regelsignal; Artikel und Kasus prüfen.,"
        außer 
        Kaleb , dem Sohne Jephunnes ! Er soll  es sehen, und  ihm und seinen Söhnen  werde ich das Land geben , auf welches er getreten, darum daß  er Jehova  völlig nachgefolgt ist . -","
        außer 
        Kaleb , dem Sohne Jephunnes ! Er soll  es sehen, und  ihm und seinen Söhnen  werde ich das Land geben , auf welches er getreten, darum dass  er HERR  völlig nachgefolgt ist . -"
Deut.1.37,25,Jehova,divine-name-syntax,Subjekt/Objekt/Anrede ohne eindeutiges Regelsignal; Artikel und Kasus prüfen.,Auch wider mich erzürnte Jehova  eurethalben und sprach : Auch du sollst  nicht hineinkommen !,Auch wider mich erzürnte HERR  eurethalben und sprach : Auch du sollst  nicht hineinkommen !
Deut.2.21,65,Jehova,divine-name-syntax,Subjekt/Objekt/Anrede ohne eindeutiges Regelsignal; Artikel und Kasus prüfen.,"Ein großes  und zahlreiches und hohes Volk , wie die Enakim; und Jehova vertilgte  sie vor  ihnen, und sie trieben sie aus und wohnten  an ihrer Statt;","Ein großes  und zahlreiches und hohes Volk , wie die Enakim; und HERR vertilgte  sie vor  ihnen, und sie trieben sie aus und wohnten  an ihrer Statt;"
Deut.2.29,147,Jehova,divine-name-syntax,Subjekt/Objekt/Anrede ohne eindeutiges Regelsignal; Artikel und Kasus prüfen.,"wie mir die Kinder Esau getan  haben, die in Seir wohnen , und die Moabiter , die in Ar wohnen  -bis ich über  den Jordan  in das Land  ziehe, das Jehova , unser Gott , uns gibt .","wie mir die Kinder Esau getan  haben, die in Seir wohnen , und die Moabiter , die in Ar wohnen  -bis ich über  den Jordan  in das Land  ziehe, das HERR , unser Gott , uns gibt ."
Deut.2.33,5,Jehova,divine-name-syntax,Subjekt/Objekt/Anrede ohne eindeutiges Regelsignal; Artikel und Kasus prüfen.,"Aber Jehova , unser Gott , gab  ihn vor  uns dahin; und wir schlugen  ihn und seine Söhne  und all sein Volk .","Aber HERR , unser Gott , gab  ihn vor  uns dahin; und wir schlugen  ihn und seine Söhne  und all sein Volk ."
Deut.2.36,187,Jehova,divine-name-syntax,Subjekt/Objekt/Anrede ohne eindeutiges Regelsignal; Artikel und Kasus prüfen.,"
        Von 
        Aroer , das am Ufer  des Flusses Arnon  ist, und  zwar von der Stadt , die im Flußtale liegt, bis Gilead  war keine Stadt , die uns zu stark gewesen wäre: Alles gab Jehova , unser Gott , vor uns dahin.","
        Von 
        Aroer , das am Ufer  des Flusses Arnon  ist, und  zwar von der Stadt , die im Flusstale liegt, bis Gilead  war keine Stadt , die uns zu stark gewesen wäre: Alles gab HERR , unser Gott , vor uns dahin."
Deut.3.3,4,Jehova,divine-name-syntax,Subjekt/Objekt/Anrede ohne eindeutiges Regelsignal; Artikel und Kasus prüfen.,"Und Jehova , unser Gott , gab  auch Og , den König  von Basan , und all sein Volk  in unsere Hand ; und wir schlugen  ihn, bis ihm kein Entronnener übrigblieb .","Und HERR , unser Gott , gab  auch Og , den König  von Basan , und all sein Volk  in unsere Hand ; und wir schlugen  ihn, bis ihm kein Entronnener übrigblieb ."
Deut.3.18,52,Jehova,divine-name-syntax,Subjekt/Objekt/Anrede ohne eindeutiges Regelsignal; Artikel und Kasus prüfen.,"Und ich gebot  euch in  selbiger Zeit  und sprach : Jehova , euer Gott , hat  euch dieses Land gegeben , es zu besitzen . Gerüstet  sollt ihr, alle streitbaren  Männer, vor  euren Brüdern , den Kindern Israel , hinüberziehen.","Und ich gebot  euch in  selbiger Zeit  und sprach : HERR , euer Gott , hat  euch dieses Land gegeben , es zu besitzen . Gerüstet  sollt ihr, alle streitbaren  Männer, vor  euren Brüdern , den Kindern Israel , hinüberziehen."
Deut.3.20,4,Jehova,divine-name-syntax,Subjekt/Objekt/Anrede ohne eindeutiges Regelsignal; Artikel und Kasus prüfen.,"bis Jehova  euren Brüdern Ruhe  schafft wie euch, und auch sie das Land besitzen , welches Jehova , euer Gott , ihnen jenseit  des Jordan gibt ; dann sollt ihr zurückkehren, ein  jeder zu seinem Besitztum, das ich euch gegeben  habe.","bis HERR  euren Brüdern Ruhe  schafft wie euch, und auch sie das Land besitzen , welches der HERR , euer Gott , ihnen jenseit  des Jordan gibt ; dann sollt ihr zurückkehren, ein  jeder zu seinem Besitztum, das ich euch gegeben  habe."
Deut.3.22,25,Jehova,divine-name-syntax,Subjekt/Objekt/Anrede ohne eindeutiges Regelsignal; Artikel und Kasus prüfen.,"Fürchtet sie nicht! Denn Jehova , euer Gott , er ist es, der für euch streitet .","Fürchtet sie nicht! Denn HERR , euer Gott , er ist es, der für euch streitet ."
Deut.4.4,18,Jehova,divine-name-syntax,Subjekt/Objekt/Anrede ohne eindeutiges Regelsignal; Artikel und Kasus prüfen.,"ihr aber, die ihr Jehova , eurem Gott , anhinget , seid heute  alle am Leben .","ihr aber, die ihr HERR , eurem Gott , anhinget , seid heute  alle am Leben ."
Deut.4.7,85,Jehova,divine-name-syntax,Subjekt/Objekt/Anrede ohne eindeutiges Regelsignal; Artikel und Kasus prüfen.,"Denn welche große  Nation gibt es, die Götter  hätte, welche ihr so nahe  wären, wie Jehova , unser Gott , in allem, worin wir zu ihm rufen ?","Denn welche große  Nation gibt es, die Götter  hätte, welche ihr so nahe  wären, wie HERR , unser Gott , in allem, worin wir zu ihm rufen ?"
Deut.4.10,71,Jehova,divine-name-syntax,Subjekt/Objekt/Anrede ohne eindeutiges Regelsignal; Artikel und Kasus prüfen.,"An dem Tage , da du vor Jehova , deinem Gott , am Horeb  standest, als Jehova  zu mir sprach : Versammle  mir das Volk , daß ich sie meine Worte hören  lasse, welche sie lernen  sollen, um mich  zu fürchten  alle die Tage , die sie auf  dem Erdboden leben , und welche sie ihre Kinder lehren  sollen:","An dem Tage , da du vor dem HERRN , deinem Gott , am Horeb  standest, als HERR  zu mir sprach : Versammle  mir das Volk , dass ich sie meine Worte hören  lasse, welche sie lernen  sollen, um mich  zu fürchten  alle die Tage , die sie auf  dem Erdboden leben , und welche sie ihre Kinder lehren  sollen:"
Deut.4.15,86,Jehova,divine-name-syntax,Subjekt/Objekt/Anrede ohne eindeutiges Regelsignal; Artikel und Kasus prüfen.,"So hütet eure Seelen sehr  -denn ihr habt keinerlei Gestalt gesehen  an dem Tage , da Jehova  am Horeb , mitten aus  dem Feuer , zu euch redete  -","So hütet eure Seelen sehr  -denn ihr habt keinerlei Gestalt gesehen  an dem Tage , da HERR  am Horeb , mitten aus  dem Feuer , zu euch redete  -"
Deut.5.2,9,Jehova,divine-name-syntax,Subjekt/Objekt/Anrede ohne eindeutiges Regelsignal; Artikel und Kasus prüfen.,"
        Jehova , unser Gott , hat am Horeb  einen Bund  mit uns gemacht .","
        HERR , unser Gott , hat am Horeb  einen Bund  mit uns gemacht ."
Deut.5.5,20,Jehova,divine-name-syntax,Subjekt/Objekt/Anrede ohne eindeutiges Regelsignal; Artikel und Kasus prüfen.,"ich stand  zwischen Jehova und euch  in selbiger Zeit , um euch das Wort  Jehovas zu verkünden; denn ihr fürchtetet euch vor dem Feuer und  stieget nicht auf  den Berg  -indem er sprach :","ich stand  zwischen HERR und euch  in selbiger Zeit , um euch das Wort  des HERRN zu verkünden; denn ihr fürchtetet euch vor dem Feuer und  stieget nicht auf  den Berg  -indem er sprach :"
Deut.5.21,46,Weib,gender-agreement,Nominalgruppe regelbasiert angepasst; längere Pronomenbezüge/Satzkongruenz prüfen.,"Und du sollst nicht begehren  deines Nächsten Weib ; und du sollst dich nicht gelüsten lassen deines Nächsten Hauses , noch seines Feldes , noch seines Knechtes , noch seiner Magd , noch seines Rindes, noch seines Esels, noch alles dessen, was dein Nächster  hat.","Und du sollst nicht begehren  deines Nächsten Frau ; und du sollst dich nicht gelüsten lassen deines Nächsten Hauses , noch seines Feldes , noch seines Knechtes , noch seiner Magd , noch seines Rindes, noch seines Esels, noch alles dessen, was dein Nächster  hat."
Deut.5.24,17,Jehova,divine-name-syntax,Subjekt/Objekt/Anrede ohne eindeutiges Regelsignal; Artikel und Kasus prüfen.,"
        Siehe , Jehova , unser Gott , hat  uns seine Herrlichkeit  und seine Größe sehen  lassen, und wir haben seine Stimme  mitten aus  dem Feuer  gehört; an diesem Tage  haben wir gesehen, daß Jehova mit dem Menschen redet  und er  am Leben  bleibt.","
        Siehe , HERR , unser Gott , hat  uns seine Herrlichkeit  und seine Größe sehen  lassen, und wir haben seine Stimme  mitten aus  dem Feuer  gehört; an diesem Tage  haben wir gesehen, dass der HERR mit dem Menschen redet  und er  am Leben  bleibt."
Deut.6.3,112,Jehova,divine-name-syntax,Subjekt/Objekt/Anrede ohne eindeutiges Regelsignal; Artikel und Kasus prüfen.,"So höre denn, Israel , und achte darauf, sie zu tun , damit es dir  wohlgehe, und ihr euch sehr mehret  -so wie Jehova , der Gott  deiner Väter , zu dir geredet hat  -in einem Lande , das von Milch  und Honig fließt !","So höre denn, Israel , und achte darauf, sie zu tun , damit es dir  wohlgehe, und ihr euch sehr mehret  -so wie HERR , der Gott  deiner Väter , zu dir geredet hat  -in einem Lande , das von Milch  und Honig fließt !"
Deut.6.4,32,Jehova,divine-name-syntax,Subjekt/Objekt/Anrede ohne eindeutiges Regelsignal; Artikel und Kasus prüfen.,"
        Höre 
        Israel : Jehova , unser Gott , ist ein  einziger Jehova !","
        Höre 
        Israel : HERR , unser Gott , ist ein  einziger HERR !"
Deut.6.4,72,Jehova,divine-name-syntax,Subjekt/Objekt/Anrede ohne eindeutiges Regelsignal; Artikel und Kasus prüfen.,"
        Höre 
        Israel : Jehova , unser Gott , ist ein  einziger Jehova !","
        Höre 
        Israel : HERR , unser Gott , ist ein  einziger HERR !"
Deut.6.16,20,Jehova,divine-name-syntax,Subjekt/Objekt/Anrede ohne eindeutiges Regelsignal; Artikel und Kasus prüfen.,"
        Ihr  sollt Jehova , euren Gott , nicht versuchen , wie ihr ihn zu Massa  versucht habt.","
        Ihr  sollt HERR , euren Gott , nicht versuchen , wie ihr ihn zu Massa  versucht habt."
Deut.9.4,252,Jehova,divine-name-syntax,Subjekt/Objekt/Anrede ohne eindeutiges Regelsignal; Artikel und Kasus prüfen.,"
        Sprich  nicht in deinem Herzen , wenn Jehova , dein Gott , sie vor dir ausstößt: Um meiner Gerechtigkeitwillen hat Jehova mich  hierher gebracht , um dieses Land  in Besitz  zu nehmen denn um der Gesetzlosigkeit dieser Nationen willen  treibt Jehova  sie vor dir aus.","
        Sprich  nicht in deinem Herzen , wenn HERR , dein Gott , sie vor dir ausstößt: Um meiner Gerechtigkeitwillen hat der HERR mich  hierher gebracht , um dieses Land  in Besitz  zu nehmen denn um der Gesetzlosigkeit dieser Nationen willen  treibt HERR  sie vor dir aus."
Deut.9.8,28,Jehova,divine-name-syntax,Subjekt/Objekt/Anrede ohne eindeutiges Regelsignal; Artikel und Kasus prüfen.,"Und am Horeb erzürntet  ihr Jehova ; und Jehova  ergrimmte über euch , so daß er euch vertilgen  wollte.","Und am Horeb erzürntet  ihr HERR ; und HERR  ergrimmte über euch , so dass er euch vertilgen  wollte."
Deut.9.8,41,Jehova,divine-name-syntax,Subjekt/Objekt/Anrede ohne eindeutiges Regelsignal; Artikel und Kasus prüfen.,"Und am Horeb erzürntet  ihr Jehova ; und Jehova  ergrimmte über euch , so daß er euch vertilgen  wollte.","Und am Horeb erzürntet  ihr HERR ; und HERR  ergrimmte über euch , so dass er euch vertilgen  wollte."
Deut.9.11,77,Jehova,divine-name-syntax,Subjekt/Objekt/Anrede ohne eindeutiges Regelsignal; Artikel und Kasus prüfen.,"Und es geschah am Ende  von vierzig Tagen  und vierzig Nächten , da gab  mir Jehova  die zwei steinernen Tafeln , die Tafeln  des Bundes .","Und es geschah am Ende  von vierzig Tagen  und vierzig Nächten , da gab  mir HERR  die zwei steinernen Tafeln , die Tafeln  des Bundes ."
Deut.9.19,126,Jehova,divine-name-syntax,Subjekt/Objekt/Anrede ohne eindeutiges Regelsignal; Artikel und Kasus prüfen.,"Denn mir war  bange vor dem Zorn  und dem Grimm , womit Jehova  über euch ergrimmt war, so daß er euch vertilgen  wollte. Und Jehova erhörte mich  auch dieses Mal .","Denn mir war  bange vor dem Zorn  und dem Grimm , womit der HERR  über euch ergrimmt war, so dass er euch vertilgen  wollte. Und HERR erhörte mich  auch dieses Mal ."
Deut.9.20,24,Jehova,divine-name-syntax,Subjekt/Objekt/Anrede ohne eindeutiges Regelsignal; Artikel und Kasus prüfen.,"Auch über Aaron  zürnte Jehova sehr , so daß er ihn vertilgen  wollte; und ich bat  auch für Aaron  in selbiger Zeit .","Auch über Aaron  zürnte HERR sehr , so dass er ihn vertilgen  wollte; und ich bat  auch für Aaron  in selbiger Zeit ."
Deut.9.22,68,Jehova,divine-name-syntax,Subjekt/Objekt/Anrede ohne eindeutiges Regelsignal; Artikel und Kasus prüfen.,Und zu Tabhera und zu Massa  und zu Kibroth-Hattaawa erzürntet  ihr Jehova . -,Und zu Tabhera und zu Massa  und zu Kibroth-Hattaawa erzürntet  ihr HERR . -
Deut.9.23,18,Jehova,divine-name-syntax,Subjekt/Objekt/Anrede ohne eindeutiges Regelsignal; Artikel und Kasus prüfen.,"
        Und  als Jehova euch aus Kades-Barnea sandte und sprach : Ziehet hinauf  und nehmet das Land  in Besitz, das ich euch gegeben  habe, da waret ihr  widerspenstig gegen den Befehl  Jehovas, eures Gottes , und ihr glaubtet  ihm nicht und gehorchtet seiner Stimme  nicht.","
        Und  als HERR euch aus Kades-Barnea sandte und sprach : Ziehet hinauf  und nehmet das Land  in Besitz, das ich euch gegeben  habe, da waret ihr  widerspenstig gegen den Befehl  des HERRN, eures Gottes , und ihr glaubtet  ihm nicht und gehorchtet seiner Stimme  nicht."
Deut.9.26,73,Jehova,divine-name-syntax,Subjekt/Objekt/Anrede ohne eindeutiges Regelsignal; Artikel und Kasus prüfen.,"
        und 
        ich 
        betete  zu Jehova und sprach : Herr , Jehova! Verdirb nicht  dein Volk  und dein Erbteil , das du durch deine Größe erlöst, das du mit starker Hand aus Ägypten  herausgeführt hast.","
        und 
        ich 
        betete  zu dem HERRN und sprach : Herr , HERR! Verdirb nicht  dein Volk  und dein Erbteil , das du durch deine Größe erlöst, das du mit starker Hand aus Ägypten  herausgeführt hast."
Deut.10.8,27,Jehova,divine-name-syntax,Subjekt/Objekt/Anrede ohne eindeutiges Regelsignal; Artikel und Kasus prüfen.,"In selbiger Zeit sonderte  Jehova den Stamm Levi  aus, um die Lade  des Bundes  Jehovas zu tragen , vor Jehova zu stehen , um ihm zu dienen und  in seinem Namen  zu segnen , bis auf  diesen Tag .","In selbiger Zeit sonderte  HERR den Stamm Levi  aus, um die Lade  des Bundes  des HERRN zu tragen , vor dem HERRN zu stehen , um ihm zu dienen und  in seinem Namen  zu segnen , bis auf  diesen Tag ."
Deut.10.10,94,Jehova,divine-name-syntax,Subjekt/Objekt/Anrede ohne eindeutiges Regelsignal; Artikel und Kasus prüfen.,"Ich aber blieb auf  dem Berge , wie die vorigen Tage , vierzig Tage  und vierzig Nächte , und Jehova erhörte  mich auch dieses Mal ; Jehova wollte  dich nicht verderben .","Ich aber blieb auf  dem Berge , wie die vorigen Tage , vierzig Tage  und vierzig Nächte , und HERR erhörte  mich auch dieses Mal ; der HERR wollte  dich nicht verderben ."
Deut.10.17,5,Jehova,divine-name-syntax,Subjekt/Objekt/Anrede ohne eindeutiges Regelsignal; Artikel und Kasus prüfen.,"Denn Jehova, euer Gott , er ist der Gott  der Götter und der Herr  der Herren , der große , mächtige und furchtbare Gott , der keine Person ansieht  und kein Geschenk  annimmt;","Denn HERR, euer Gott , er ist der Gott  der Götter und der Herr  der Herren , der große , mächtige und furchtbare Gott , der keine Person ansieht  und kein Geschenk  annimmt;"
Deut.11.9,55,Jehova,divine-name-syntax,Subjekt/Objekt/Anrede ohne eindeutiges Regelsignal; Artikel und Kasus prüfen.,"und damit ihr eure Tage  verlängert in dem Lande , das Jehova  euren Vätern  geschworen hat , ihnen und ihrem Samen  zu geben , ein Land , das von Milch  und Honig fließt .","und damit ihr eure Tage  verlängert in dem Lande , das HERR  euren Vätern  geschworen hat , ihnen und ihrem Samen  zu geben , ein Land , das von Milch  und Honig fließt ."
Deut.11.13,94,Jehova,divine-name-syntax,Subjekt/Objekt/Anrede ohne eindeutiges Regelsignal; Artikel und Kasus prüfen.,"Und es wird geschehen wenn ihr  fleißig auf meine Gebote höret , die ich euch heute gebiete , Jehova , euren Gott , zu lieben  und ihm zu dienen  mit eurem ganzen Herzen  und mit eurer ganzen Seele ,","Und es wird geschehen wenn ihr  fleißig auf meine Gebote höret , die ich euch heute gebiete , HERR , euren Gott , zu lieben  und ihm zu dienen  mit eurem ganzen Herzen  und mit eurer ganzen Seele ,"
Deut.11.22,87,Jehova,divine-name-syntax,Subjekt/Objekt/Anrede ohne eindeutiges Regelsignal; Artikel und Kasus prüfen.,"Denn wenn ihr  dieses ganze Gebot , das ich euch  zu tun gebiete , fleißig beobachtet, Jehova , euren Gott , zu lieben , auf allen seinen Wegen  zu wandeln  und ihm anzuhangen,","Denn wenn ihr  dieses ganze Gebot , das ich euch  zu tun gebiete , fleißig beobachtet, HERR , euren Gott , zu lieben , auf allen seinen Wegen  zu wandeln  und ihm anzuhangen,"
Deut.11.31,89,Jehova,divine-name-syntax,Subjekt/Objekt/Anrede ohne eindeutiges Regelsignal; Artikel und Kasus prüfen.,"Denn ihr  gehet über  den Jordan , um hineinzukommen, das Land  in Besitz zu nehmen, das Jehova , euer Gott , euch gibt ; und ihr werdet  es in Besitz nehmen und darin wohnen.","Denn ihr  gehet über  den Jordan , um hineinzukommen, das Land  in Besitz zu nehmen, das HERR , euer Gott , euch gibt ; und ihr werdet  es in Besitz nehmen und darin wohnen."
Deut.12.1,103,Jehova,divine-name-syntax,Subjekt/Objekt/Anrede ohne eindeutiges Regelsignal; Artikel und Kasus prüfen.,"Dies sind die Satzungen  und die Rechte , welche ihr beobachten sollt , sie zu tun  in dem Lande , das Jehova , der Gott  deiner Väter , dir gegeben  hat, es zu besitzen  alle die Tage , die ihr auf dem Erdboden lebet :","Dies sind die Satzungen  und die Rechte , welche ihr beobachten sollt , sie zu tun  in dem Lande , das HERR , der Gott  deiner Väter , dir gegeben  hat, es zu besitzen  alle die Tage , die ihr auf dem Erdboden lebet :"
Deut.12.4,9,Jehova,divine-name-syntax,Subjekt/Objekt/Anrede ohne eindeutiges Regelsignal; Artikel und Kasus prüfen.,"
        Jehova , eurem Gott , sollt ihr nicht also tun ;","
        HERR , eurem Gott , sollt ihr nicht also tun ;"
Deut.12.10,77,Jehova,divine-name-syntax,Subjekt/Objekt/Anrede ohne eindeutiges Regelsignal; Artikel und Kasus prüfen.,"Seid ihr  aber über  den Jordan  gezogen und  wohnet ihr  in dem Lande , das Jehova , euer Gott , euch erben  läßt, und er schafft euch Ruhe  vor allen euren Feinden  ringsum, und ihr wohnet sicher ,","Seid ihr  aber über  den Jordan  gezogen und  wohnet ihr  in dem Lande , das HERR , euer Gott , euch erben  lässt, und er schafft euch Ruhe  vor allen euren Feinden  ringsum, und ihr wohnet sicher ,"
Deut.12.11,302,Jehova,divine-name-syntax,Subjekt/Objekt/Anrede ohne eindeutiges Regelsignal; Artikel und Kasus prüfen.,"so soll es  geschehen: Der Ort , welchen Jehova , euer Gott , erwählen  wird, seinen Namen  daselbst wohnen  zu lassen, dahin sollt ihr  alles bringen, was ich euch gebiete : eure Brandopfer  und eure Schlachtopfer, eure Zehnten  und das Hebopfer  eurer Hand , und alle Auswahl eurer Gelübde , die ihr Jehova geloben  werdet.","so soll es  geschehen: Der Ort , welchen der HERR , euer Gott , erwählen  wird, seinen Namen  daselbst wohnen  zu lassen, dahin sollt ihr  alles bringen, was ich euch gebiete : eure Brandopfer  und eure Schlachtopfer, eure Zehnten  und das Hebopfer  eurer Hand , und alle Auswahl eurer Gelübde , die ihr HERR geloben  werdet."
Deut.13.4,97,Jehova,divine-name-syntax,Subjekt/Objekt/Anrede ohne eindeutiges Regelsignal; Artikel und Kasus prüfen.,"so sollst du nicht hören auf die Worte dieses Propheten  oder auf den, der die Träume hat ; denn Jehova , euer Gott , versucht euch , um  zu erkennen , ob ihr Jehova , euren Gott , liebet  mit eurem ganzen Herzen  und mit eurer ganzen Seele .","so sollst du nicht hören auf die Worte dieses Propheten  oder auf den, der die Träume hat ; denn HERR , euer Gott , versucht euch , um  zu erkennen , ob ihr HERR , euren Gott , liebet  mit eurem ganzen Herzen  und mit eurer ganzen Seele ."
Deut.13.4,159,Jehova,divine-name-syntax,Subjekt/Objekt/Anrede ohne eindeutiges Regelsignal; Artikel und Kasus prüfen.,"so sollst du nicht hören auf die Worte dieses Propheten  oder auf den, der die Träume hat ; denn Jehova , euer Gott , versucht euch , um  zu erkennen , ob ihr Jehova , euren Gott , liebet  mit eurem ganzen Herzen  und mit eurer ganzen Seele .","so sollst du nicht hören auf die Worte dieses Propheten  oder auf den, der die Träume hat ; denn HERR , euer Gott , versucht euch , um  zu erkennen , ob ihr HERR , euren Gott , liebet  mit eurem ganzen Herzen  und mit eurer ganzen Seele ."
Deut.13.5,9,Jehova,divine-name-syntax,Subjekt/Objekt/Anrede ohne eindeutiges Regelsignal; Artikel und Kasus prüfen.,"
        Jehova , eurem Gott , sollt ihr  nachfolgen und  ihn fürchten ; und  ihr sollt seine Gebote  beobachten und seiner Stimme  gehorchen und ihm dienen  und ihm anhangen .","
        HERR , eurem Gott , sollt ihr  nachfolgen und  ihn fürchten ; und  ihr sollt seine Gebote  beobachten und seiner Stimme  gehorchen und ihm dienen  und ihm anhangen ."
Deut.13.7,92,Weib,gender-agreement,Nominalgruppe regelbasiert angepasst; längere Pronomenbezüge/Satzkongruenz prüfen.,"Wenn dein Bruder , der Sohn  deiner Mutter , oder dein Sohn , oder deine Tochter , oder das Weib  deines Busens, oder dein Freund , der dir wie deine Seele ist , dich heimlich  anreizt und spricht: Laß uns gehen  und anderen Göttern dienen  (die du  nicht gekannt hast , du noch deine Väter ,","Wenn dein Bruder , der Sohn  deiner Mutter , oder dein Sohn , oder deine Tochter , oder die Frau  deines Busens, oder dein Freund , der dir wie deine Seele ist , dich heimlich  anreizt und spricht: Lass uns gehen  und anderen Göttern dienen  (die du  nicht gekannt hast , du noch deine Väter ,"
Deut.17.2,101,Weib,gender-agreement,Nominalgruppe regelbasiert angepasst; längere Pronomenbezüge/Satzkongruenz prüfen.,"Wenn in  deiner Mitte, in  einem deiner Tore , die Jehova, dein Gott , dir gibt , ein Mann  oder ein Weib gefunden  wird, welche das tun , was böse  ist in den Augen  Jehovas, deines Gottes , indem sie seinen Bund  übertreten,","Wenn in  deiner Mitte, in  einem deiner Tore , die HERR, dein Gott , dir gibt , ein Mann  oder eine Frau gefunden  wird, welche das tun , was böse  ist in den Augen  des HERRN, deines Gottes , indem sie seinen Bund  übertreten,"
Deut.17.5,36,Weib,gender-agreement,Nominalgruppe regelbasiert angepasst; längere Pronomenbezüge/Satzkongruenz prüfen.,"so sollst du jenen Mann  oder jenes Weib , die diese böse  Sache getan haben , zu deinen Toren  hinausführen, den Mann  oder das Weib , und sollst sie steinigen , daß sie sterben .","so sollst du jenen Mann  oder jene Frau , die diese böse  Sache getan haben , zu deinen Toren  hinausführen, den Mann  oder die Frau , und sollst sie steinigen , dass sie sterben ."
Deut.17.5,129,Weib,gender-agreement,Nominalgruppe regelbasiert angepasst; längere Pronomenbezüge/Satzkongruenz prüfen.,"so sollst du jenen Mann  oder jenes Weib , die diese böse  Sache getan haben , zu deinen Toren  hinausführen, den Mann  oder das Weib , und sollst sie steinigen , daß sie sterben .","so sollst du jenen Mann  oder jene Frau , die diese böse  Sache getan haben , zu deinen Toren  hinausführen, den Mann  oder die Frau , und sollst sie steinigen , dass sie sterben ."
Deut.17.19,89,Jehova,divine-name-syntax,Subjekt/Objekt/Anrede ohne eindeutiges Regelsignal; Artikel und Kasus prüfen.,"Und es soll bei ihm sein , und er soll alle Tage  seines Lebens  darin lesen, auf daß er Jehova , seinen Gott , fürchten lerne , um  zu beobachten alle Worte dieses Gesetzes  und diese Satzungen , sie  zu tun ;","Und es soll bei ihm sein , und er soll alle Tage  seines Lebens  darin lesen, auf dass er HERR , seinen Gott , fürchten lerne , um  zu beobachten alle Worte dieses Gesetzes  und diese Satzungen , sie  zu tun ;"
Deut.18.21,80,Jehova,divine-name-syntax,Subjekt/Objekt/Anrede ohne eindeutiges Regelsignal; Artikel und Kasus prüfen.,"Und wenn du  in deinem Herzen  sprichst: Wie sollen wir das Wort erkennen , das Jehova  nicht geredet hat ?","Und wenn du  in deinem Herzen  sprichst: Wie sollen wir das Wort erkennen , das HERR  nicht geredet hat ?"
Deut.20.4,5,Jehova,divine-name-syntax,Subjekt/Objekt/Anrede ohne eindeutiges Regelsignal; Artikel und Kasus prüfen.,"denn Jehova , euer Gott , ist es, der mit euch  zieht, um für euch zu streiten  mit euren Feinden , um euch zu retten.","denn HERR , euer Gott , ist es, der mit euch  zieht, um für euch zu streiten  mit euren Feinden , um euch zu retten."
Deut.20.7,38,Weib,gender-agreement,Nominalgruppe regelbasiert angepasst; längere Pronomenbezüge/Satzkongruenz prüfen.,"Und wer ist  der Mann , der sich  ein Weib  verlobt und es noch nicht genommen hat ? Er gehe  und kehre nach seinem Hause  zurück, damit er nicht in der Schlacht sterbe , und ein anderer Mann  sie nehme .","Und wer ist  der Mann , der sich  eine Frau  verlobt und es noch nicht genommen hat ? Er gehe  und kehre nach seinem Hause  zurück, damit er nicht in der Schlacht sterbe , und ein anderer Mann  sie nehme ."
Deut.21.11,41,Weib,gender-agreement,Nominalgruppe regelbasiert angepasst; längere Pronomenbezüge/Satzkongruenz prüfen.,"und du siehst  unter den Gefangenen  ein Weib , schön  von Gestalt, und hast Lust  zu ihr und nimmst sie dir zum Weibe ,","und du siehst  unter den Gefangenen  eine Frau , schön  von Gestalt, und hast Lust  zu ihr und nimmst sie dir zur Frau ,"
Deut.21.11,113,Weibe,gender-agreement,Nominalgruppe regelbasiert angepasst; längere Pronomenbezüge/Satzkongruenz prüfen.,"und du siehst  unter den Gefangenen  ein Weib , schön  von Gestalt, und hast Lust  zu ihr und nimmst sie dir zum Weibe ,","und du siehst  unter den Gefangenen  eine Frau , schön  von Gestalt, und hast Lust  zu ihr und nimmst sie dir zur Frau ,"
Deut.21.13,239,Weib,gender-agreement,Nominalgruppe regelbasiert angepasst; längere Pronomenbezüge/Satzkongruenz prüfen.,"
        und  die Kleider  ihrer Gefangenschaft  von sich  ablegen; und sie  soll in deinem Hause  bleiben und ihren Vater  und ihre Mutter  einen Monat lang beweinen ; und danach magst du zu ihr  eingehen und sie  ehelichen, daß sie dein Weib  sei.","
        und  die Kleider  ihrer Gefangenschaft  von sich  ablegen; und sie  soll in deinem Hause  bleiben und ihren Vater  und ihre Mutter  einen Monat lang beweinen ; und danach magst du zu ihr  eingehen und sie  ehelichen, dass sie deine Frau  sei."
Deut.22.5,34,Weibe,gender-agreement,Nominalgruppe regelbasiert angepasst; längere Pronomenbezüge/Satzkongruenz prüfen.,"Es soll nicht Mannszeug auf einem Weibe  sein, und ein Mann  soll nicht das Gewand eines Weibes anziehen ; denn wer irgend solches tut , ist ein Greuel  für Jehova , deinen Gott .","Es soll nicht Mannszeug auf einer Frau  sein, und ein Mann  soll nicht das Gewand einer Frau anziehen ; denn wer irgend solches tut , ist ein Gräuel  für den HERRN , deinen Gott ."
Deut.22.5,89,Weibes,gender-agreement,Nominalgruppe regelbasiert angepasst; längere Pronomenbezüge/Satzkongruenz prüfen.,"Es soll nicht Mannszeug auf einem Weibe  sein, und ein Mann  soll nicht das Gewand eines Weibes anziehen ; denn wer irgend solches tut , ist ein Greuel  für Jehova , deinen Gott .","Es soll nicht Mannszeug auf einer Frau  sein, und ein Mann  soll nicht das Gewand einer Frau anziehen ; denn wer irgend solches tut , ist ein Gräuel  für den HERRN , deinen Gott ."
Deut.22.13,19,Weib,gender-agreement,Nominalgruppe regelbasiert angepasst; längere Pronomenbezüge/Satzkongruenz prüfen.,"Wenn ein Mann  ein Weib  nimmt und zu ihr  eingeht, und er haßt  sie","Wenn ein Mann  eine Frau  nimmt und zu ihr  eingeht, und er hasst  sie"
Deut.22.14,102,Weib,gender-agreement,Nominalgruppe regelbasiert angepasst; längere Pronomenbezüge/Satzkongruenz prüfen.,und bürdet ihr  Dinge zum Gerede auf und bringt einen bösen Namen  über sie aus  und spricht : Dieses Weib habe  ich genommen und mich ihr genaht und habe  die Zeichen der Jungfrauenschaft nicht an ihr gefunden ! -,und bürdet ihr  Dinge zum Gerede auf und bringt einen bösen Namen  über sie aus  und spricht : Diese Frau habe  ich genommen und mich ihr genaht und habe  die Zeichen der Jungfrauenschaft nicht an ihr gefunden ! -
Deut.22.15,32,Weibes,gender-agreement,Nominalgruppe regelbasiert angepasst; längere Pronomenbezüge/Satzkongruenz prüfen.,so sollen der Vater  des jungen Weibes und  ihre Mutter  die Zeichen der Jungfrauenschaft des jungen Weibes nehmen  und zu den Ältesten  der Stadt  in das Tor  hinausbringen;,so sollen der Vater  der jungen Frau und  ihre Mutter  die Zeichen der Jungfrauenschaft der jungen Frau nehmen  und zu den Ältesten  der Stadt  in das Tor  hinausbringen;
Deut.22.15,101,Weibes,gender-agreement,Nominalgruppe regelbasiert angepasst; längere Pronomenbezüge/Satzkongruenz prüfen.,so sollen der Vater  des jungen Weibes und  ihre Mutter  die Zeichen der Jungfrauenschaft des jungen Weibes nehmen  und zu den Ältesten  der Stadt  in das Tor  hinausbringen;,so sollen der Vater  der jungen Frau und  ihre Mutter  die Zeichen der Jungfrauenschaft der jungen Frau nehmen  und zu den Ältesten  der Stadt  in das Tor  hinausbringen;
Deut.22.16,26,Weibes,gender-agreement,Nominalgruppe regelbasiert angepasst; längere Pronomenbezüge/Satzkongruenz prüfen.,"und der Vater  des jungen Weibes soll zu den Ältesten  sprechen: Ich habe meine Tochter  diesem Manne  zum Weibe gegeben , und er haßt  sie;","und der Vater  der jungen Frau soll zu den Ältesten  sprechen: Ich habe meine Tochter  diesem Manne  zur Frau gegeben , und er hasst  sie;"
Deut.22.16,107,Weibe,gender-agreement,Nominalgruppe regelbasiert angepasst; längere Pronomenbezüge/Satzkongruenz prüfen.,"und der Vater  des jungen Weibes soll zu den Ältesten  sprechen: Ich habe meine Tochter  diesem Manne  zum Weibe gegeben , und er haßt  sie;","und der Vater  der jungen Frau soll zu den Ältesten  sprechen: Ich habe meine Tochter  diesem Manne  zur Frau gegeben , und er hasst  sie;"
Deut.22.19,84,Weibes,gender-agreement,Nominalgruppe regelbasiert angepasst; längere Pronomenbezüge/Satzkongruenz prüfen.,"und sie  sollen ihn strafen um hundert  Sekel Silber  und sie dem Vater  des jungen Weibes geben , weil er einen bösen Namen  über eine Jungfrau  in Israel  ausgebracht hat . Und sie soll  sein Weib  sein; er kann  sie nicht entlassen alle seine Tage . -","und sie  sollen ihn strafen um hundert  Sekel Silber  und sie dem Vater  der jungen Frau geben , weil er einen bösen Namen  über eine Jungfrau  in Israel  ausgebracht hat . Und sie soll  seine Frau  sein; er kann  sie nicht entlassen alle seine Tage . -"
Deut.22.19,194,Weib,gender-agreement,Nominalgruppe regelbasiert angepasst; längere Pronomenbezüge/Satzkongruenz prüfen.,"und sie  sollen ihn strafen um hundert  Sekel Silber  und sie dem Vater  des jungen Weibes geben , weil er einen bösen Namen  über eine Jungfrau  in Israel  ausgebracht hat . Und sie soll  sein Weib  sein; er kann  sie nicht entlassen alle seine Tage . -","und sie  sollen ihn strafen um hundert  Sekel Silber  und sie dem Vater  der jungen Frau geben , weil er einen bösen Namen  über eine Jungfrau  in Israel  ausgebracht hat . Und sie soll  seine Frau  sein; er kann  sie nicht entlassen alle seine Tage . -"
Deut.22.20,95,Weibe,gender-agreement,Nominalgruppe regelbasiert angepasst; längere Pronomenbezüge/Satzkongruenz prüfen.,"Wenn aber jene Sache Wahrheit  gewesen ist, die Zeichen der Jungfrauschaft  sind an dem jungen Weibe nicht gefunden  worden,","Wenn aber jene Sache Wahrheit  gewesen ist, die Zeichen der Jungfrauschaft  sind an der jungen Frau nicht gefunden  worden,"
Deut.22.21,26,Weib,gender-agreement,Nominalgruppe regelbasiert angepasst; längere Pronomenbezüge/Satzkongruenz prüfen.,"so sollen sie  das junge  Weib hinausführen an den Eingang  des Hauses  ihres Vaters , und die Männer  ihrer Stadt  sollen sie steinigen , daß sie sterbe , weil sie eine Schandtat in Israel  verübt hat , zu huren im Hause  ihres Vaters . Und du sollst das Böse aus  deiner Mitte hinwegschaffen.","so sollen sie  die junge  Frau hinausführen an den Eingang  des Hauses  ihres Vaters , und die Männer  ihrer Stadt  sollen sie steinigen , dass sie sterbe , weil sie eine Schandtat in Israel  verübt hat , zu huren im Hause  ihres Vaters . Und du sollst das Böse aus  deiner Mitte hinwegschaffen."
Deut.22.22,25,Weibe,gender-agreement,Nominalgruppe regelbasiert angepasst; längere Pronomenbezüge/Satzkongruenz prüfen.,"Wenn ein Mann bei  einem Weibe  liegend gefunden  wird, das eines Mannes  Eheweib ist, so sollen sie alle beide sterben , der Mann , der bei dem Weibe gelegen hat , und das Weib . Und du sollst das Böse  aus Israel  hinwegschaffen.","Wenn ein Mann bei  einer Frau  liegend gefunden  wird, das eines Mannes  Ehefrau ist, so sollen sie alle beide sterben , der Mann , der bei der Frau gelegen hat , und die Frau . Und du sollst das Böse  aus Israel  hinwegschaffen."
Deut.22.22,74,Eheweib,gender-agreement,Nominalgruppe regelbasiert angepasst; längere Pronomenbezüge/Satzkongruenz prüfen.,"Wenn ein Mann bei  einem Weibe  liegend gefunden  wird, das eines Mannes  Eheweib ist, so sollen sie alle beide sterben , der Mann , der bei dem Weibe gelegen hat , und das Weib . Und du sollst das Böse  aus Israel  hinwegschaffen.","Wenn ein Mann bei  einer Frau  liegend gefunden  wird, das eines Mannes  Ehefrau ist, so sollen sie alle beide sterben , der Mann , der bei der Frau gelegen hat , und die Frau . Und du sollst das Böse  aus Israel  hinwegschaffen."
Deut.22.22,145,Weibe,gender-agreement,Nominalgruppe regelbasiert angepasst; längere Pronomenbezüge/Satzkongruenz prüfen.,"Wenn ein Mann bei  einem Weibe  liegend gefunden  wird, das eines Mannes  Eheweib ist, so sollen sie alle beide sterben , der Mann , der bei dem Weibe gelegen hat , und das Weib . Und du sollst das Böse  aus Israel  hinwegschaffen.","Wenn ein Mann bei  einer Frau  liegend gefunden  wird, das eines Mannes  Ehefrau ist, so sollen sie alle beide sterben , der Mann , der bei der Frau gelegen hat , und die Frau . Und du sollst das Böse  aus Israel  hinwegschaffen."
Deut.22.22,173,Weib,gender-agreement,Nominalgruppe regelbasiert angepasst; längere Pronomenbezüge/Satzkongruenz prüfen.,"Wenn ein Mann bei  einem Weibe  liegend gefunden  wird, das eines Mannes  Eheweib ist, so sollen sie alle beide sterben , der Mann , der bei dem Weibe gelegen hat , und das Weib . Und du sollst das Böse  aus Israel  hinwegschaffen.","Wenn ein Mann bei  einer Frau  liegend gefunden  wird, das eines Mannes  Ehefrau ist, so sollen sie alle beide sterben , der Mann , der bei der Frau gelegen hat , und die Frau . Und du sollst das Böse  aus Israel  hinwegschaffen."
Deut.22.24,205,Weib,gender-agreement,Nominalgruppe regelbasiert angepasst; längere Pronomenbezüge/Satzkongruenz prüfen.,"so sollt ihr sie beide  zum Tore  selbiger Stadt  hinausführen und sie steinigen , daß sie sterben : Das  Mädchen deshalb, weil sie nicht in  der Stadt  geschrieen hat , und den Mann  deshalb, weil er das Weib  seines Nächsten  geschwächt hat . Und du sollst das Böse aus  deiner Mitte hinwegschaffen. -","so sollt ihr sie beide  zum Tore  selbiger Stadt  hinausführen und sie steinigen , dass sie sterben : Das  Mädchen deshalb, weil sie nicht in  der Stadt  geschrieen hat , und den Mann  deshalb, weil er die Frau  seines Nächsten  geschwächt hat . Und du sollst das Böse aus  deiner Mitte hinwegschaffen. -"
Deut.22.29,118,Weib,gender-agreement,Nominalgruppe regelbasiert angepasst; längere Pronomenbezüge/Satzkongruenz prüfen.,"so soll der Mann , der bei ihr gelegen hat , dem Vater  des Mädchens fünfzig  Sekel Silber geben ; und sie  soll sein Weib  sein, darum daß er sie geschwächt hat, er kann  sie nicht entlassen alle seine Tage .","so soll der Mann , der bei ihr gelegen hat , dem Vater  des Mädchens fünfzig  Sekel Silber geben ; und sie  soll seine Frau  sein, darum dass er sie geschwächt hat, er kann  sie nicht entlassen alle seine Tage ."
Deut.23.1,25,Weib,gender-agreement,Nominalgruppe regelbasiert angepasst; längere Pronomenbezüge/Satzkongruenz prüfen.,Ein Mann  soll nicht das Weib  seines Vaters nehmen  und soll die Decke  seines Vaters  nicht aufdecken .,Ein Mann  soll nicht die Frau  seines Vaters nehmen  und soll die Decke  seines Vaters  nicht aufdecken .
Deut.24.1,19,Weib,gender-agreement,Nominalgruppe regelbasiert angepasst; längere Pronomenbezüge/Satzkongruenz prüfen.,"Wenn ein Mann  ein Weib  nimmt und sie  ehelicht, und es geschieht, wenn sie  keine Gnade  in seinen Augen findet , weil er etwas  Schamwürdiges an ihr gefunden hat , daß er ihr einen Scheidebrief schreibt  und ihn in ihre Hand gibt  und sie aus seinem Hause  entläßt,","Wenn ein Mann  eine Frau  nimmt und sie  ehelicht, und es geschieht, wenn sie  keine Gnade  in seinen Augen findet , weil er etwas  Schamwürdiges an ihr gefunden hat , dass er ihr einen Scheidebrief schreibt  und ihn in ihre Hand gibt  und sie aus seinem Hause  entlässt,"
Deut.24.2,59,Weib,gender-agreement,Nominalgruppe regelbasiert angepasst; längere Pronomenbezüge/Satzkongruenz prüfen.,"und sie geht aus  seinem Hause  und geht hin  und wird das Weib eines anderen Mannes ,","und sie geht aus  seinem Hause  und geht hin  und wird die Frau eines anderen Mannes ,"
Deut.24.3,186,Weibe,gender-agreement,Nominalgruppe regelbasiert angepasst; längere Pronomenbezüge/Satzkongruenz prüfen.,"und der  andere Mann haßt sie , und schreibt  ihr einen Scheidebrief  und gibt  ihn in ihre Hand  und entläßt sie aus seinem Hause ; oder wenn der  andere Mann stirbt , der sie sich zum Weibe  genommen hat :","und der  andere Mann hasst sie , und schreibt  ihr einen Scheidebrief  und gibt  ihn in ihre Hand  und entlässt sie aus seinem Hause ; oder wenn der  andere Mann stirbt , der sie sich zur Frau  genommen hat :"
Deut.24.4,92,Weib,gender-agreement,Nominalgruppe regelbasiert angepasst; längere Pronomenbezüge/Satzkongruenz prüfen.,"so kann  ihr erster Mann , der sie  entlassen hat, sie nicht wiederum  nehmen, daß sie sein Weib  sei, nachdem  sie verunreinigt worden ist . Denn das  ist ein Greuel  vor Jehova ; und du sollst nicht das Land sündigen machen , welches Jehova , dein Gott , dir als Erbteil  gibt.","so kann  ihr erster Mann , der sie  entlassen hat, sie nicht wiederum  nehmen, dass sie seine Frau  sei, nachdem  sie verunreinigt worden ist . Denn das  ist ein Gräuel  vor dem HERRN ; und du sollst nicht das Land sündigen machen , welches HERR , dein Gott , dir als Erbteil  gibt."
Deut.24.5,28,Weib,gender-agreement,Nominalgruppe regelbasiert angepasst; längere Pronomenbezüge/Satzkongruenz prüfen.,"Wenn ein Mann  kürzlich ein Weib  genommen hat , so soll er  nicht in  den Krieg ziehen, und es soll ihm keinerlei Sache auferlegt werden; er soll ein Jahr  lang frei sein  für sein Haus  und sein Weib erfreuen , das  er genommen hat .","Wenn ein Mann  kürzlich eine Frau  genommen hat , so soll er  nicht in  den Krieg ziehen, und es soll ihm keinerlei Sache auferlegt werden; er soll ein Jahr  lang frei sein  für sein Haus  und seine Frau erfreuen , das  er genommen hat ."
Deut.24.5,197,Weib,gender-agreement,Nominalgruppe regelbasiert angepasst; längere Pronomenbezüge/Satzkongruenz prüfen.,"Wenn ein Mann  kürzlich ein Weib  genommen hat , so soll er  nicht in  den Krieg ziehen, und es soll ihm keinerlei Sache auferlegt werden; er soll ein Jahr  lang frei sein  für sein Haus  und sein Weib erfreuen , das  er genommen hat .","Wenn ein Mann  kürzlich eine Frau  genommen hat , so soll er  nicht in  den Krieg ziehen, und es soll ihm keinerlei Sache auferlegt werden; er soll ein Jahr  lang frei sein  für sein Haus  und seine Frau erfreuen , das  er genommen hat ."
Deut.25.5,93,Weib,gender-agreement,Nominalgruppe regelbasiert angepasst; längere Pronomenbezüge/Satzkongruenz prüfen.,"Wenn Brüder  beisammen wohnen, und einer von ihnen stirbt und hat keinen Sohn , so soll  das Weib  des Verstorbenen nicht  auswärts eines fremden  Mannes werden; ihr Schwager soll  zu ihr eingehen und sie sich  zum Weibe nehmen  und ihr die Schwagerpflicht leisten.","Wenn Brüder  beisammen wohnen, und einer von ihnen stirbt und hat keinen Sohn , so soll  die Frau  des Verstorbenen nicht  auswärts eines fremden  Mannes werden; ihr Schwager soll  zu ihr eingehen und sie sich  zur Frau nehmen  und ihr die Schwagerpflicht leisten."
Deut.25.5,215,Weibe,gender-agreement,Nominalgruppe regelbasiert angepasst; längere Pronomenbezüge/Satzkongruenz prüfen.,"Wenn Brüder  beisammen wohnen, und einer von ihnen stirbt und hat keinen Sohn , so soll  das Weib  des Verstorbenen nicht  auswärts eines fremden  Mannes werden; ihr Schwager soll  zu ihr eingehen und sie sich  zum Weibe nehmen  und ihr die Schwagerpflicht leisten.","Wenn Brüder  beisammen wohnen, und einer von ihnen stirbt und hat keinen Sohn , so soll  die Frau  des Verstorbenen nicht  auswärts eines fremden  Mannes werden; ihr Schwager soll  zu ihr eingehen und sie sich  zur Frau nehmen  und ihr die Schwagerpflicht leisten."
Deut.25.11,70,Weib,gender-agreement,Nominalgruppe regelbasiert angepasst; längere Pronomenbezüge/Satzkongruenz prüfen.,"Wenn Männer miteinander  streiten, ein Mann  und sein Bruder, und das Weib  des einen eilt herbei, um ihren Mann aus  der Hand  seines Schlägers zu  retten, und streckt ihre Hand  aus und ergreift ihn  bei seiner Scham :","Wenn Männer miteinander  streiten, ein Mann  und sein Bruder, und die Frau  des einen eilt herbei, um ihren Mann aus  der Hand  seines Schlägers zu  retten, und streckt ihre Hand  aus und ergreift ihn  bei seiner Scham :"
Deut.26.8,4,Jehova,divine-name-syntax,Subjekt/Objekt/Anrede ohne eindeutiges Regelsignal; Artikel und Kasus prüfen.,"Und Jehova führte  uns aus Ägypten  heraus mit starker Hand  und mit ausgestrecktem Arm  und mit großem Schrecken , und mit Zeichen  und mit Wundern ;","Und HERR führte  uns aus Ägypten  heraus mit starker Hand  und mit ausgestrecktem Arm  und mit großem Schrecken , und mit Zeichen  und mit Wundern ;"
Deut.27.3,220,Jehova,divine-name-syntax,Subjekt/Objekt/Anrede ohne eindeutiges Regelsignal; Artikel und Kasus prüfen.,"und wenn du hinübergezogen bist, sollst du alle Worte dieses Gesetzes  auf dieselben schreiben , damit du in das Land  kommest, welches Jehova , dein Gott , dir gibt , ein Land , das von Milch  und Honig  fließt, so wie Jehova , der Gott  deiner Väter , zu dir geredet hat .","und wenn du hinübergezogen bist, sollst du alle Worte dieses Gesetzes  auf dieselben schreiben , damit du in das Land  kommest, welches HERR , dein Gott , dir gibt , ein Land , das von Milch  und Honig  fließt, so wie HERR , der Gott  deiner Väter , zu dir geredet hat ."
Deut.27.20,38,Weibe,gender-agreement,Nominalgruppe regelbasiert angepasst; längere Pronomenbezüge/Satzkongruenz prüfen.,"
        Verflucht  sei, wer bei  dem Weibe  seines Vaters  liegt, denn er hat  die Decke  seines Vaters  aufgedeckt! Und das ganze Volk  sage: Amen !","
        Verflucht  sei, wer bei  der Frau  seines Vaters  liegt, denn er hat  die Decke  seines Vaters  aufgedeckt! Und das ganze Volk  sage: Amen !"
Deut.28.11,169,Jehova,divine-name-syntax,Subjekt/Objekt/Anrede ohne eindeutiges Regelsignal; Artikel und Kasus prüfen.,"Und Jehova  wird dir Überfluß geben  an der Frucht  deines Leibes  und an der Frucht  deines Viehes und an der Frucht  deines Landes , zur Wohlfahrt  in dem Lande , das Jehova  deinen Vätern  geschworen hat , dir zu geben.","Und der HERR  wird dir Überfluss geben  an der Frucht  deines Leibes  und an der Frucht  deines Viehes und an der Frucht  deines Landes , zur Wohlfahrt  in dem Lande , das HERR  deinen Vätern  geschworen hat , dir zu geben."
Deut.28.30,4,Weib,gender-agreement,Nominalgruppe regelbasiert angepasst; längere Pronomenbezüge/Satzkongruenz prüfen.,"Ein Weib  wirst du dir verloben , und ein anderer Mann  wird sie beschlafen; ein Haus  wirst du bauen  und nicht darin wohnen ; einen Weinberg  wirst du pflanzen  und ihn nicht benutzen.","Eine Frau  wirst du dir verloben , und ein anderer Mann  wird sie beschlafen; ein Haus  wirst du bauen  und nicht darin wohnen ; einen Weinberg  wirst du pflanzen  und ihn nicht benutzen."
Deut.28.37,108,Jehova,divine-name-syntax,Subjekt/Objekt/Anrede ohne eindeutiges Regelsignal; Artikel und Kasus prüfen.,"
        Und  du wirst zum Entsetzen werden , zum Sprichwort  und zur Spottrede unter allen Völkern , wohin Jehova  dich wegtreiben wird.","
        Und  du wirst zum Entsetzen werden , zum Sprichwort  und zur Spottrede unter allen Völkern , wohin HERR  dich wegtreiben wird."
Deut.28.48,37,Jehova,divine-name-syntax,Subjekt/Objekt/Anrede ohne eindeutiges Regelsignal; Artikel und Kasus prüfen.,"wirst du deinen Feinden dienen , die Jehova  wider dich senden  wird, in Hunger  und in Durst  und in Blöße  und in Mangel  an allem; und er wird ein eisernes Joch  auf deinen Hals legen , bis er dich vertilgt  hat.","wirst du deinen Feinden dienen , die HERR  wider dich senden  wird, in Hunger  und in Durst  und in Blöße  und in Mangel  an allem; und er wird ein eisernes Joch  auf deinen Hals legen , bis er dich vertilgt  hat."
Deut.28.54,123,Weib,gender-agreement,Nominalgruppe regelbasiert angepasst; längere Pronomenbezüge/Satzkongruenz prüfen.,"Der weichlichste und am meisten verzärtelte Mann  unter dir, dessen Auge  wird scheel sehen auf seinen Bruder  und auf das Weib  seines Busens und auf die übrigen  seiner Kinder , die er übrigbehalten hat,","Der weichlichste und am meisten verzärtelte Mann  unter dir, dessen Auge  wird scheel sehen auf seinen Bruder  und auf die Frau  seines Busens und auf die übrigen  seiner Kinder , die er übrigbehalten hat,"
Deut.28.63,31,Jehova,divine-name-syntax,Subjekt/Objekt/Anrede ohne eindeutiges Regelsignal; Artikel und Kasus prüfen.,"Und es  wird geschehen: So wie Jehova sich  über euch freute , euch wohlzutun und euch zu mehren , also wird Jehova  sich über euch freuen, euch zu Grunde zu richten und euch zu vertilgen ; und ihr werdet  herausgerissen werden  aus dem Lande , wohin du kommst , um es in Besitz zu nehmen.","Und es  wird geschehen: So wie HERR sich  über euch freute , euch wohlzutun und euch zu mehren , also wird der HERR  sich über euch freuen, euch zu Grunde zu richten und euch zu vertilgen ; und ihr werdet  herausgerissen werden  aus dem Lande , wohin du kommst , um es in Besitz zu nehmen."
Deut.29.5,131,Jehova,divine-name-syntax,Subjekt/Objekt/Anrede ohne eindeutiges Regelsignal; Artikel und Kasus prüfen.,"
        Brot  habt ihr  nicht gegessen , und Wein  und starkes Getränk  habt ihr nicht getrunken ; auf daß ihr erkenntet, daß ich Jehova , euer Gott , bin.","
        Brot  habt ihr  nicht gegessen , und Wein  und starkes Getränk  habt ihr nicht getrunken ; auf dass ihr erkenntet, dass ich HERR , euer Gott , bin."
Deut.29.17,20,Weib,gender-agreement,Nominalgruppe regelbasiert angepasst; längere Pronomenbezüge/Satzkongruenz prüfen.,"daß kein Mann  oder Weib , oder Geschlecht  oder Stamm  unter euch  sei, dessen Herz sich heute  von Jehova , unserem Gott , abwende, um  hinzugehen, den Göttern  jener Nationen zu dienen ; daß nicht eine Wurzel  unter euch  sei, die Gift und Wermut trage ,","dass kein Mann  oder Frau , oder Geschlecht  oder Stamm  unter euch  sei, dessen Herz sich heute  von dem HERRN , unserem Gott , abwende, um  hinzugehen, den Göttern  jener Nationen zu dienen ; dass nicht eine Wurzel  unter euch  sei, die Gift und Wermut trage ,"
Deut.31.8,4,Jehova,divine-name-syntax,Subjekt/Objekt/Anrede ohne eindeutiges Regelsignal; Artikel und Kasus prüfen.,"Und Jehova , er ist  es, der vor  dir herzieht; er selbst wird mit dir sein, er wird dich nicht  versäumen und dich nicht verlassen ; fürchte  dich nicht und erschrick nicht!","Und HERR , er ist  es, der vor  dir herzieht; er selbst wird mit dir sein, er wird dich nicht  versäumen und dich nicht verlassen ; fürchte  dich nicht und erschrick nicht!"
Deut.31.12,192,Jehova,divine-name-syntax,Subjekt/Objekt/Anrede ohne eindeutiges Regelsignal; Artikel und Kasus prüfen.,"
        Versammle 
        das 
        Volk , die Männer  und die Weiber  und die Kindlein, und deinen Fremdling , der in deinen Toren  ist; auf daß sie hören , und auf daß sie lernen , und Jehova , euren Gott , fürchten  und darauf achten, alle Worte dieses Gesetzes  zu tun .","
        Versammle 
        das 
        Volk , die Männer  und die Frauen  und die Kindlein, und deinen Fremdling , der in deinen Toren  ist; auf dass sie hören , und auf dass sie lernen , und HERR , euren Gott , fürchten  und darauf achten, alle Worte dieses Gesetzes  zu tun ."
Deut.31.13,68,Jehova,divine-name-syntax,Subjekt/Objekt/Anrede ohne eindeutiges Regelsignal; Artikel und Kasus prüfen.,"Und ihre Kinder , die es nicht wissen , sollen es hören , damit sie Jehova , euren Gott , fürchten lernen  alle Tage , die ihr in dem Lande lebet , wohin ihr über  den Jordan  ziehet, um es in Besitz  zu nehmen.","Und ihre Kinder , die es nicht wissen , sollen es hören , damit sie HERR , euren Gott , fürchten lernen  alle Tage , die ihr in dem Lande lebet , wohin ihr über  den Jordan  ziehet, um es in Besitz  zu nehmen."
Deut.32.12,16,Jehova,divine-name-syntax,Subjekt/Objekt/Anrede ohne eindeutiges Regelsignal; Artikel und Kasus prüfen.,"so leitete  ihn Jehova allein , und kein fremder Gott  war mit ihm.","so leitete  ihn HERR allein , und kein fremder Gott  war mit ihm."
Deut.32.30,127,Jehova,divine-name-syntax,Subjekt/Objekt/Anrede ohne eindeutiges Regelsignal; Artikel und Kasus prüfen.,"Wie könnte einer Tausend jagen , und zwei Zehntausend  in die Flucht treiben, wäre es nicht , daß  ihr Fels  sie verkauft  und Jehova  sie preisgegeben hätte?","Wie könnte einer Tausend jagen , und zwei Zehntausend  in die Flucht treiben, wäre es nicht , dass  ihr Fels  sie verkauft  und HERR  sie preisgegeben hätte?"
Deut.33.11,17,Jehova,divine-name-syntax,Subjekt/Objekt/Anrede ohne eindeutiges Regelsignal; Artikel und Kasus prüfen.,"
        Segne , Jehova , sein Vermögen , und das Werk  seiner Hände  laß dir wohlgefallen; zerschmettere die Lenden derer , die sich wider ihn  erheben, und seiner Hasser, daß sie nicht  mehr aufstehen !","
        Segne , HERR , sein Vermögen , und das Werk  seiner Hände  lass dir wohlgefallen; zerschmettere die Lenden derer , die sich wider ihn  erheben, und seiner Hasser, dass sie nicht  mehr aufstehen !"
Deut.34.11,40,Jehova,divine-name-syntax,Subjekt/Objekt/Anrede ohne eindeutiges Regelsignal; Artikel und Kasus prüfen.,"nach all den Zeichen  und Wundern , die Jehova  ihn gesandt hatte  zu tun im Lande Ägypten , an dem Pharao  und an allen seinen Knechten  und an seinem ganzen Lande ;","nach all den Zeichen  und Wundern , die HERR  ihn gesandt hatte  zu tun im Lande Ägypten , an dem Pharao  und an allen seinen Knechten  und an seinem ganzen Lande ;"
Josh.1.13,100,Jehova,divine-name-syntax,Subjekt/Objekt/Anrede ohne eindeutiges Regelsignal; Artikel und Kasus prüfen.,"
        Gedenket  des Wortes, das Mose , der Knecht  Jehovas, euch geboten hat , indem er sprach : Jehova, euer Gott , schafft euch Ruhe und gibt  euch dieses Land .","
        Gedenket  des Wortes, das Mose , der Knecht  des HERRN, euch geboten hat , indem er sprach : HERR, euer Gott , schafft euch Ruhe und gibt  euch dieses Land ."
Josh.1.15,4,Jehova,divine-name-syntax,Subjekt/Objekt/Anrede ohne eindeutiges Regelsignal; Artikel und Kasus prüfen.,"bis Jehova euren Brüdern Ruhe  schaft wie euch, und  auch sie das Land besitzen , welches Jehova, euer Gott , ihnen gibt . Dann sollt ihr in das Land  eures Besitztums zurückkehren und  es besitzen , welches Mose , der Knecht  Jehovas, euch gegeben  hat, diesseit des Jordan , gegen  Sonnenaufgang.","bis HERR euren Brüdern Ruhe  schaft wie euch, und  auch sie das Land besitzen , welches der HERR, euer Gott , ihnen gibt . Dann sollt ihr in das Land  eures Besitztums zurückkehren und  es besitzen , welches Mose , der Knecht  des HERRN, euch gegeben  hat, diesseit des Jordan , gegen  Sonnenaufgang."
Josh.2.4,4,Weib,gender-agreement,Nominalgruppe regelbasiert angepasst; längere Pronomenbezüge/Satzkongruenz prüfen.,"Das Weib  aber nahm  die zwei Männer  und verbarg sie . Und sie sprach : Allerdings sind die Männer  zu mir gekommen , aber ich wußte  nicht, woher  sie waren;","Die Frau  aber nahm  die zwei Männer  und verbarg sie . Und sie sprach : Allerdings sind die Männer  zu mir gekommen , aber ich wusste  nicht, woher  sie waren;"
Josh.2.7,119,sobald,spelling-context,Kontextabhängige Schreibung/modernes Homograph; unverändert prüfen.,"
        Und  die Männer  jagten ihnen nach , des Weges  zum Jordan , nach  den Furten  hin; und man schloß  das Tor , sobald die, welche ihnen nachjagten , hinaus waren .","
        Und  die Männer  jagten ihnen nach , des Weges  zum Jordan , nach  den Furten  hin; und man schloss  das Tor , sobald die, welche ihnen nachjagten , hinaus waren ."
Josh.2.11,118,Jehova,divine-name-syntax,Subjekt/Objekt/Anrede ohne eindeutiges Regelsignal; Artikel und Kasus prüfen.,"Und wir hörten es , und unser Herz  zerschmolz, und es blieb kein Mut  mehr vor  euch in irgend einem Menschen ; denn Jehova , euer Gott , ist Gott  im Himmel oben  und auf  der Erde  unten.","Und wir hörten es , und unser Herz  zerschmolz, und es blieb kein Mut  mehr vor  euch in irgend einem Menschen ; denn HERR , euer Gott , ist Gott  im Himmel oben  und auf  der Erde  unten."
Josh.3.3,60,Sobald,spelling-context,Kontextabhängige Schreibung/modernes Homograph; unverändert prüfen.,"
        und 
        sie  geboten dem Volke und sprachen : Sobald ihr die Lade  des Bundes Jehovas , eures Gottes , sehet , und die Priester , die Leviten , sie tragen , dann sollt ihr von eurem Orte  aufbrechen und ihr nachfolgen.","
        und 
        sie  geboten dem Volke und sprachen : Sobald ihr die Lade  des Bundes des HERRN , eures Gottes , sehet , und die Priester , die Leviten , sie tragen , dann sollt ihr von eurem Orte  aufbrechen und ihr nachfolgen."
Josh.3.15,14,sobald,spelling-context,Kontextabhängige Schreibung/modernes Homograph; unverändert prüfen.,"
        und  sobald die Träger der Lade  an den Jordan kamen , und die Füße  der Priester , welche die Lade trugen , in den Rand des Wassers tauchten  -der Jordan  aber ist voll  über alle seine Ufer  die ganze Zeit  der Ernte  hindurch, -","
        und  sobald die Träger der Lade  an den Jordan kamen , und die Füße  der Priester , welche die Lade trugen , in den Rand des Wassers tauchten  -der Jordan  aber ist voll  über alle seine Ufer  die ganze Zeit  der Ernte  hindurch, -"
Josh.4.23,5,Jehova,divine-name-syntax,Subjekt/Objekt/Anrede ohne eindeutiges Regelsignal; Artikel und Kasus prüfen.,"Denn Jehova , euer Gott , hat die Wasser  des Jordan vor  euch ausgetrocknet, bis ihr  hinübergezogen waret, so wie Jehova , euer Gott , mit dem Schilfmeere tat , das er vor  uns austrocknete , bis wir hinübergezogen waren:","Denn HERR , euer Gott , hat die Wasser  des Jordan vor  euch ausgetrocknet, bis ihr  hinübergezogen waret, so wie der HERR , euer Gott , mit dem Schilfmeere tat , das er vor  uns austrocknete , bis wir hinübergezogen waren:"
Josh.4.24,89,Jehova,divine-name-syntax,Subjekt/Objekt/Anrede ohne eindeutiges Regelsignal; Artikel und Kasus prüfen.,"damit alle Völker  der Erde  die Hand  Jehovas erkennten, daß sie stark  ist; damit ihr  Jehova, euren Gott , fürchtet  alle Tage .","damit alle Völker  der Erde  die Hand  des HERRN erkennten, dass sie stark  ist; damit ihr  HERR, euren Gott , fürchtet  alle Tage ."
Josh.6.21,69,Weibe,gender-agreement,Nominalgruppe regelbasiert angepasst; längere Pronomenbezüge/Satzkongruenz prüfen.,"Und sie verbannten  alles, was in der Stadt  war, vom Manne  bis zum Weibe , vom Knaben  bis zum Greise, und bis zu den Rindern und Schafen und Eseln , mit der Schärfe  des Schwertes . -","Und sie verbannten  alles, was in der Stadt  war, vom Manne  bis zur Frau , vom Knaben  bis zum Greise, und bis zu den Rindern und Schafen und Eseln , mit der Schärfe  des Schwertes . -"
Josh.6.22,128,Weib,gender-agreement,Nominalgruppe regelbasiert angepasst; längere Pronomenbezüge/Satzkongruenz prüfen.,"Und Josua sprach  zu den beiden Männern , die das Land  ausgekundschaftet hatten : Gehet in das Haus  der Hure , und führet das Weib  und alle ihre Angehörigen von  dannen heraus, wie ihr  es ihr geschworen habt .","Und Josua sprach  zu den beiden Männern , die das Land  ausgekundschaftet hatten : Gehet in das Haus  der Hure , und führet die Frau  und alle ihre Angehörigen von  dannen heraus, wie ihr  es ihr geschworen habt ."
Josh.7.7,32,Jehova,divine-name-syntax,Subjekt/Objekt/Anrede ohne eindeutiges Regelsignal; Artikel und Kasus prüfen.,"Und Josua sprach : Ach , Herr , Jehova! Warum hast du  denn dieses Volk über  den Jordan  ziehen lassen , um uns in  die Hand  der Amoriter  zu geben , uns zu Grunde zu richten? O hätten wir es uns doch gefallen lassen  und wären jenseit  des Jordan  geblieben!","Und Josua sprach : Ach , Herr , HERR! Warum hast du  denn dieses Volk über  den Jordan  ziehen lassen , um uns in  die Hand  der Amoriter  zu geben , uns zu Grunde zu richten? O hätten wir es uns doch gefallen lassen  und wären jenseit  des Jordan  geblieben!"
Josh.7.26,95,Jehova,divine-name-syntax,Subjekt/Objekt/Anrede ohne eindeutiges Regelsignal; Artikel und Kasus prüfen.,"und sie  errichteten einen großen Steinhaufen  über ihm, der bis auf  diesen Tag  da ist . Und Jehova  wandte sich von der Glut seines Zornes . Darum gab  man jenem Orte  den Namen Tal Achor  bis auf diesen Tag .","und sie  errichteten einen großen Steinhaufen  über ihm, der bis auf  diesen Tag  da ist . Und HERR  wandte sich von der Glut seines Zornes . Darum gab  man jenem Orte  den Namen Tal Achor  bis auf diesen Tag ."
Josh.8.7,88,Jehova,divine-name-syntax,Subjekt/Objekt/Anrede ohne eindeutiges Regelsignal; Artikel und Kasus prüfen.,"Dann sollt ihr euch aus dem Hinterhalt aufmachen  und die Stadt  in Besitz  nehmen; und Jehova , euer Gott , wird sie in eure Hand geben .","Dann sollt ihr euch aus dem Hinterhalt aufmachen  und die Stadt  in Besitz  nehmen; und HERR , euer Gott , wird sie in eure Hand geben ."
Josh.10.10,4,Jehova,divine-name-syntax,Subjekt/Objekt/Anrede ohne eindeutiges Regelsignal; Artikel und Kasus prüfen.,Und Jehova  verwirrte sie vor Israel ; und er  richtete eine große  Niederlage unter ihnen an zu Gibeon  und jagte ihnen nach auf  dem Wege  der Anhöhe von Beth-Horon  und schlug  sie bis Aseka  und bis Makkeda .,Und HERR  verwirrte sie vor Israel ; und er  richtete eine große  Niederlage unter ihnen an zu Gibeon  und jagte ihnen nach auf  dem Wege  der Anhöhe von Beth-Horon  und schlug  sie bis Aseka  und bis Makkeda .
Josh.10.11,91,Jehova,divine-name-syntax,Subjekt/Objekt/Anrede ohne eindeutiges Regelsignal; Artikel und Kasus prüfen.,"Und es geschah, als sie  vor Israel flohen - sie  stiegen hinunter von Beth-Horon  da warf Jehova große Steine  vom Himmel auf  sie herab , bis Aseka , daß  sie starben . Es waren derer, welche durch die Hagelsteine starben , mehr  als derer, welche die Kinder Israel  mit dem Schwerte  töteten.","Und es geschah, als sie  vor Israel flohen - sie  stiegen hinunter von Beth-Horon  da warf HERR große Steine  vom Himmel auf  sie herab , bis Aseka , dass  sie starben . Es waren derer, welche durch die Hagelsteine starben , mehr  als derer, welche die Kinder Israel  mit dem Schwerte  töteten."
Josh.10.12,50,Jehova,divine-name-syntax,Subjekt/Objekt/Anrede ohne eindeutiges Regelsignal; Artikel und Kasus prüfen.,"Damals redete Josua  zu Jehova , an dem Tage , da Jehova  die Amoriter vor  den Kindern Israel  dahingab, und sprach  vor den Augen Israels : Sonne , stehe still  zu Gibeon ; und du , Mond , im Tale Ajjalon!","Damals redete Josua  zu dem HERRN , an dem Tage , da HERR  die Amoriter vor  den Kindern Israel  dahingab, und sprach  vor den Augen Israels : Sonne , stehe still  zu Gibeon ; und du , Mond , im Tale Ajjalon!"
Josh.10.14,119,Jehova,divine-name-syntax,Subjekt/Objekt/Anrede ohne eindeutiges Regelsignal; Artikel und Kasus prüfen.,"Und es war kein Tag  wie dieser, vor ihm und nach  ihm, daß Jehova auf  die Stimme  eines Menschen gehört  hätte; denn Jehova stritt  für Israel .","Und es war kein Tag  wie dieser, vor ihm und nach  ihm, dass der HERR auf  die Stimme  eines Menschen gehört  hätte; denn HERR stritt  für Israel ."
Josh.10.19,149,Jehova,divine-name-syntax,Subjekt/Objekt/Anrede ohne eindeutiges Regelsignal; Artikel und Kasus prüfen.,"
        Ihr 
        aber , stehet nicht still, jaget euren Feinden nach und  schlaget ihren Nachtrab; laßt sie  nicht in ihre Städte  kommen, denn Jehova , euer Gott , hat sie in eure Hand gegeben !","
        Ihr 
        aber , stehet nicht still, jaget euren Feinden nach und  schlaget ihren Nachtrab; lasst sie  nicht in ihre Städte  kommen, denn HERR , euer Gott , hat sie in eure Hand gegeben !"
Josh.10.42,67,Jehova,divine-name-syntax,Subjekt/Objekt/Anrede ohne eindeutiges Regelsignal; Artikel und Kasus prüfen.,"Und alle diese Könige  und ihr Land  nahm Josua  auf einmal ; denn Jehova , der Gott Israels , stritt  für Israel .","Und alle diese Könige  und ihr Land  nahm Josua  auf einmal ; denn HERR , der Gott Israels , stritt  für Israel ."
Josh.13.33,46,Jehova,divine-name-syntax,Subjekt/Objekt/Anrede ohne eindeutiges Regelsignal; Artikel und Kasus prüfen.,"Aber dem Stamme Levi gab Mose  kein Erbteil ; Jehova , der Gott Israels , ist ihr Erbteil , so wie er zu ihnen geredet hat .","Aber dem Stamme Levi gab Mose  kein Erbteil ; HERR , der Gott Israels , ist ihr Erbteil , so wie er zu ihnen geredet hat ."
Josh.14.8,106,Jehova,divine-name-syntax,Subjekt/Objekt/Anrede ohne eindeutiges Regelsignal; Artikel und Kasus prüfen.,"Und meine Brüder , die mit mir  hinaufgezogen waren , machten das Herz  des Volkes verzagt ; ich aber bin Jehova , meinem Gott , völlig nachgefolgt.","Und meine Brüder , die mit mir  hinaufgezogen waren , machten das Herz  des Volkes verzagt ; ich aber bin HERR , meinem Gott , völlig nachgefolgt."
Josh.14.9,174,Jehova,divine-name-syntax,Subjekt/Objekt/Anrede ohne eindeutiges Regelsignal; Artikel und Kasus prüfen.,"Da schwur Mose  an selbigem Tage  und sprach : Wenn nicht das Land , auf  welches dein Fuß  getreten ist , dir  und deinen Söhnen  zum Erbteil  wird ewiglich ! Denn du  bist Jehova , meinem Gott , völlig nachgefolgt.","Da schwur Mose  an selbigem Tage  und sprach : Wenn nicht das Land , auf  welches dein Fuß  getreten ist , dir  und deinen Söhnen  zum Erbteil  wird ewiglich ! Denn du  bist HERR , meinem Gott , völlig nachgefolgt."
Josh.14.10,113,Jehova,divine-name-syntax,Subjekt/Objekt/Anrede ohne eindeutiges Regelsignal; Artikel und Kasus prüfen.,"Und nun siehe, Jehova hat  mich am Leben  erhalten, so wie er geredet hat , diese fünfundvierzig Jahre , seitdem Jehova  dieses Wort  zu Mose  geredet hat, als Israel  in der Wüste  umherwanderte; und nun siehe, ich bin heute fünfundachtzig Jahre alt .","Und nun siehe, der HERR hat  mich am Leben  erhalten, so wie er geredet hat , diese fünfundvierzig Jahre , seitdem HERR  dieses Wort  zu Mose  geredet hat, als Israel  in der Wüste  umherwanderte; und nun siehe, ich bin heute fünfundachtzig Jahre alt ."
Josh.15.16,103,Weibe,gender-agreement,Nominalgruppe regelbasiert angepasst; längere Pronomenbezüge/Satzkongruenz prüfen.,"Und Kaleb sprach : Wer Kirjath-Sepher schlägt  und es  einnimmt, dem gebe  ich meine Tochter  Aksa zum Weibe .","Und Kaleb sprach : Wer Kirjath-Sepher schlägt  und es  einnimmt, dem gebe  ich meine Tochter  Aksa zur Frau ."
Josh.15.17,113,Weibe,gender-agreement,Nominalgruppe regelbasiert angepasst; längere Pronomenbezüge/Satzkongruenz prüfen.,"
        Da  nahm es Othniel  ein, der Sohn Kenas ', ein Bruder Kalebs ; und er gab ihm  seine Tochter  Aksa zum Weibe .","
        Da  nahm es Othniel  ein, der Sohn Kenas ', ein Bruder Kalebs ; und er gab ihm  seine Tochter  Aksa zur Frau ."
Josh.17.14,169,soweit,spelling-context,Kontextabhängige Schreibung/modernes Homograph; unverändert prüfen.,"Und die Kinder Joseph  redeten zu Josua  und sprachen : Warum hast  du mir nur ein Los  und eine  Meßschnur als Erbteil gegeben , da ich doch ein zahlreiches Volk  bin, soweit Jehova  mich bis  jetzt gesegnet  hat?","Und die Kinder Joseph  redeten zu Josua  und sprachen : Warum hast  du mir nur ein Los  und eine  Messschnur als Erbteil gegeben , da ich doch ein zahlreiches Volk  bin, soweit HERR  mich bis  jetzt gesegnet  hat?"
Josh.17.14,176,Jehova,divine-name-syntax,Subjekt/Objekt/Anrede ohne eindeutiges Regelsignal; Artikel und Kasus prüfen.,"Und die Kinder Joseph  redeten zu Josua  und sprachen : Warum hast  du mir nur ein Los  und eine  Meßschnur als Erbteil gegeben , da ich doch ein zahlreiches Volk  bin, soweit Jehova  mich bis  jetzt gesegnet  hat?","Und die Kinder Joseph  redeten zu Josua  und sprachen : Warum hast  du mir nur ein Los  und eine  Messschnur als Erbteil gegeben , da ich doch ein zahlreiches Volk  bin, soweit HERR  mich bis  jetzt gesegnet  hat?"
Josh.21.43,11,Jehova,divine-name-syntax,Subjekt/Objekt/Anrede ohne eindeutiges Regelsignal; Artikel und Kasus prüfen.,"Und so gab Jehova Israel  das ganze Land , welches er ihren Vätern  zu geben  geschworen hatte ; und sie nahmen  es in Besitz und wohnten  darin.","Und so gab HERR Israel  das ganze Land , welches er ihren Vätern  zu geben  geschworen hatte ; und sie nahmen  es in Besitz und wohnten  darin."
Josh.21.44,4,Jehova,divine-name-syntax,Subjekt/Objekt/Anrede ohne eindeutiges Regelsignal; Artikel und Kasus prüfen.,"Und Jehova  schaffte ihnen Ruhe  ringsumher nach allem, was er ihren Vätern  geschworen hatte ; und keiner von  allen ihren Feinden  hielt vor  ihnen stand : alle ihre Feinde gab Jehova  in ihre Hand .","Und HERR  schaffte ihnen Ruhe  ringsumher nach allem, was er ihren Vätern  geschworen hatte ; und keiner von  allen ihren Feinden  hielt vor  ihnen stand : alle ihre Feinde gab HERR  in ihre Hand ."
Josh.21.44,179,Jehova,divine-name-syntax,Subjekt/Objekt/Anrede ohne eindeutiges Regelsignal; Artikel und Kasus prüfen.,"Und Jehova  schaffte ihnen Ruhe  ringsumher nach allem, was er ihren Vätern  geschworen hatte ; und keiner von  allen ihren Feinden  hielt vor  ihnen stand : alle ihre Feinde gab Jehova  in ihre Hand .","Und HERR  schaffte ihnen Ruhe  ringsumher nach allem, was er ihren Vätern  geschworen hatte ; und keiner von  allen ihren Feinden  hielt vor  ihnen stand : alle ihre Feinde gab HERR  in ihre Hand ."
Josh.22.5,125,Jehova,divine-name-syntax,Subjekt/Objekt/Anrede ohne eindeutiges Regelsignal; Artikel und Kasus prüfen.,"
        Nur  achtet wohl darauf, das Gebot und  das Gesetz zu tun , welches Mose , der Knecht  Jehovas, euch  geboten hat : Jehova, euren Gott , zu lieben und  auf allen seinen Wegen  zu wandeln  und seine Gebote  zu beobachten, und ihm anzuhangen und ihm zu dienen  mit eurem ganzen Herzen  und mit eurer ganzen Seele .","
        Nur  achtet wohl darauf, das Gebot und  das Gesetz zu tun , welches Mose , der Knecht  des HERRN, euch  geboten hat : HERR, euren Gott , zu lieben und  auf allen seinen Wegen  zu wandeln  und seine Gebote  zu beobachten, und ihm anzuhangen und ihm zu dienen  mit eurem ganzen Herzen  und mit eurer ganzen Seele ."
Josh.22.22,41,Jehova,divine-name-syntax,Subjekt/Objekt/Anrede ohne eindeutiges Regelsignal; Artikel und Kasus prüfen.,"
        Der 
        Gott  der Götter , Jehova , der Gott  der Götter, Jehova , er weiß  es, und Israel  soll es wissen : wenn es aus Empörung, und wenn es aus Treulosigkeit gegen Jehova  geschehen ist-so mögest du uns nicht retten an diesem Tage !","
        Der 
        Gott  der Götter , HERR , der Gott  der Götter, HERR , er weiß  es, und Israel  soll es wissen : wenn es aus Empörung, und wenn es aus Treulosigkeit gegen den HERRN  geschehen ist-so mögest du uns nicht retten an diesem Tage !"
Josh.22.22,72,Jehova,divine-name-syntax,Subjekt/Objekt/Anrede ohne eindeutiges Regelsignal; Artikel und Kasus prüfen.,"
        Der 
        Gott  der Götter , Jehova , der Gott  der Götter, Jehova , er weiß  es, und Israel  soll es wissen : wenn es aus Empörung, und wenn es aus Treulosigkeit gegen Jehova  geschehen ist-so mögest du uns nicht retten an diesem Tage !","
        Der 
        Gott  der Götter , HERR , der Gott  der Götter, HERR , er weiß  es, und Israel  soll es wissen : wenn es aus Empörung, und wenn es aus Treulosigkeit gegen den HERRN  geschehen ist-so mögest du uns nicht retten an diesem Tage !"
Josh.22.25,145,Jehova,divine-name-syntax,Subjekt/Objekt/Anrede ohne eindeutiges Regelsignal; Artikel und Kasus prüfen.,"
        Jehova  hat ja eine Grenze , den Jordan , zwischen uns und euch  gesetzt, ihr Kinder Ruben  und ihr Kinder Gad ; ihr habt kein Teil  an Jehova ! Und so würden eure Kinder machen , daß unsere Kinder  aufhörten, Jehova  zu fürchten.","
        Der HERR  hat ja eine Grenze , den Jordan , zwischen uns und euch  gesetzt, ihr Kinder Ruben  und ihr Kinder Gad ; ihr habt kein Teil  an HERR ! Und so würden eure Kinder machen , dass unsere Kinder  aufhörten, HERR  zu fürchten."
Josh.22.25,219,Jehova,divine-name-syntax,Subjekt/Objekt/Anrede ohne eindeutiges Regelsignal; Artikel und Kasus prüfen.,"
        Jehova  hat ja eine Grenze , den Jordan , zwischen uns und euch  gesetzt, ihr Kinder Ruben  und ihr Kinder Gad ; ihr habt kein Teil  an Jehova ! Und so würden eure Kinder machen , daß unsere Kinder  aufhörten, Jehova  zu fürchten.","
        Der HERR  hat ja eine Grenze , den Jordan , zwischen uns und euch  gesetzt, ihr Kinder Ruben  und ihr Kinder Gad ; ihr habt kein Teil  an HERR ! Und so würden eure Kinder machen , dass unsere Kinder  aufhörten, HERR  zu fürchten."
Josh.22.27,327,Jehova,divine-name-syntax,Subjekt/Objekt/Anrede ohne eindeutiges Regelsignal; Artikel und Kasus prüfen.,"sondern ein Zeuge  soll er  sein zwischen uns und euch und  zwischen unseren Geschlechtern  nach uns, damit wir den Dienst  Jehovas vor  ihm verrichten mit unseren Brandopfern  und mit unseren Schlachtopfern und mit unseren Friedensopfern, und damit nicht eure Kinder  künftig zu unseren Kindern  sagen: Ihr habt kein Teil  an Jehova!","sondern ein Zeuge  soll er  sein zwischen uns und euch und  zwischen unseren Geschlechtern  nach uns, damit wir den Dienst  des HERRN vor  ihm verrichten mit unseren Brandopfern  und mit unseren Schlachtopfern und mit unseren Friedensopfern, und damit nicht eure Kinder  künftig zu unseren Kindern  sagen: Ihr habt kein Teil  an HERR!"
Josh.23.3,119,Jehova,divine-name-syntax,Subjekt/Objekt/Anrede ohne eindeutiges Regelsignal; Artikel und Kasus prüfen.,"
        und  ihr, ihr habt alles gesehen , was Jehova , euer Gott , allen diesen Nationen euretwegen getan  hat. Denn Jehova , euer Gott , er ist es, der für euch gestritten  hat.","
        und  ihr, ihr habt alles gesehen , was der HERR , euer Gott , allen diesen Nationen euretwegen getan  hat. Denn HERR , euer Gott , er ist es, der für euch gestritten  hat."
Josh.23.5,4,Jehova,divine-name-syntax,Subjekt/Objekt/Anrede ohne eindeutiges Regelsignal; Artikel und Kasus prüfen.,"Und Jehova , euer Gott , er  selbst wird sie vor  euch ausstoßen und sie vor euch austreiben; und ihr werdet  ihr Land  in Besitz  nehmen, so wie Jehova , euer Gott , zu euch geredet hat .","Und HERR , euer Gott , er  selbst wird sie vor  euch ausstoßen und sie vor euch austreiben; und ihr werdet  ihr Land  in Besitz  nehmen, so wie der HERR , euer Gott , zu euch geredet hat ."
Josh.23.8,8,Jehova,divine-name-syntax,Subjekt/Objekt/Anrede ohne eindeutiges Regelsignal; Artikel und Kasus prüfen.,"Sondern Jehova , eurem Gott , sollt ihr anhangen , so wie ihr getan  habt bis auf diesen Tag .","Sondern HERR , eurem Gott , sollt ihr anhangen , so wie ihr getan  habt bis auf diesen Tag ."
Josh.23.10,57,Jehova,divine-name-syntax,Subjekt/Objekt/Anrede ohne eindeutiges Regelsignal; Artikel und Kasus prüfen.,"
        Ein 
        Mann  von euch jagt tausend ; denn Jehova , euer Gott , er ist es, der für euch streitet , so wie er zu euch geredet hat .","
        Ein 
        Mann  von euch jagt tausend ; denn HERR , euer Gott , er ist es, der für euch streitet , so wie er zu euch geredet hat ."
Josh.23.11,45,Jehova,divine-name-syntax,Subjekt/Objekt/Anrede ohne eindeutiges Regelsignal; Artikel und Kasus prüfen.,"So habet wohl acht auf eure Seelen , daß ihr Jehova , euren Gott , liebet !","So habet wohl acht auf eure Seelen , dass ihr HERR , euren Gott , liebet !"
Josh.23.13,280,Jehova,divine-name-syntax,Subjekt/Objekt/Anrede ohne eindeutiges Regelsignal; Artikel und Kasus prüfen.,"so wisset bestimmt, daß Jehova , euer Gott , nicht  fortfahren wird, diese Nationen vor euch  auszutreiben; und sie werden euch zur Schlinge werden und zum Fallstrick , und zur Geißel  in euren Seiten  und zu Dornen in euren Augen , bis ihr  umkommet aus diesem guten Lande , das Jehova , euer Gott , euch gegeben hat .","so wisset bestimmt, dass der HERR , euer Gott , nicht  fortfahren wird, diese Nationen vor euch  auszutreiben; und sie werden euch zur Schlinge werden und zum Fallstrick , und zur Geißel  in euren Seiten  und zu Dornen in euren Augen , bis ihr  umkommet aus diesem guten Lande , das HERR , euer Gott , euch gegeben hat ."
Josh.23.14,194,Jehova,divine-name-syntax,Subjekt/Objekt/Anrede ohne eindeutiges Regelsignal; Artikel und Kasus prüfen.,"Und siehe, ich gehe heute  den Weg  der ganzen Erde ; und ihr  wisset mit eurem ganzen Herzen  und mit eurer ganzen Seele , daß nicht ein Wort  dahingefallen ist  von all den guten Worten , die Jehova , euer Gott , über euch geredet hat : sie sind  euch alle eingetroffen, nicht ein Wort  davon ist  dahingefallen.","Und siehe, ich gehe heute  den Weg  der ganzen Erde ; und ihr  wisset mit eurem ganzen Herzen  und mit eurer ganzen Seele , dass nicht ein Wort  dahingefallen ist  von all den guten Worten , die HERR , euer Gott , über euch geredet hat : sie sind  euch alle eingetroffen, nicht ein Wort  davon ist  dahingefallen."
Josh.23.15,77,Jehova,divine-name-syntax,Subjekt/Objekt/Anrede ohne eindeutiges Regelsignal; Artikel und Kasus prüfen.,"Aber es wird geschehen, so wie jedes gute Wort  über euch gekommen  ist, das Jehova , euer Gott , zu euch geredet hat , also wird Jehova  jedes böse Wort  über euch kommen lassen, bis er  euch aus diesem guten Lande vertilgt  hat, das Jehova , euer Gott , euch gegeben  hat.","Aber es wird geschehen, so wie jedes gute Wort  über euch gekommen  ist, das HERR , euer Gott , zu euch geredet hat , also wird der HERR  jedes böse Wort  über euch kommen lassen, bis er  euch aus diesem guten Lande vertilgt  hat, das HERR , euer Gott , euch gegeben  hat."
Josh.23.15,235,Jehova,divine-name-syntax,Subjekt/Objekt/Anrede ohne eindeutiges Regelsignal; Artikel und Kasus prüfen.,"Aber es wird geschehen, so wie jedes gute Wort  über euch gekommen  ist, das Jehova , euer Gott , zu euch geredet hat , also wird Jehova  jedes böse Wort  über euch kommen lassen, bis er  euch aus diesem guten Lande vertilgt  hat, das Jehova , euer Gott , euch gegeben  hat.","Aber es wird geschehen, so wie jedes gute Wort  über euch gekommen  ist, das HERR , euer Gott , zu euch geredet hat , also wird der HERR  jedes böse Wort  über euch kommen lassen, bis er  euch aus diesem guten Lande vertilgt  hat, das HERR , euer Gott , euch gegeben  hat."
Josh.24.14,26,Jehova,divine-name-syntax,Subjekt/Objekt/Anrede ohne eindeutiges Regelsignal; Artikel und Kasus prüfen.,"
        Und  nun fürchet Jehova  und dienet  ihm in Vollkommenheit und in Wahrheit ; und tut  die Götter  hinweg, welchen eure Väter jenseit  des Stromes und in Ägypten gedient  haben, und dienet Jehova .","
        Und  nun fürchet HERR  und dienet  ihm in Vollkommenheit und in Wahrheit ; und tut  die Götter  hinweg, welchen eure Väter jenseit  des Stromes und in Ägypten gedient  haben, und dienet dem HERRN ."
Josh.24.15,49,Jehova,divine-name-syntax,Subjekt/Objekt/Anrede ohne eindeutiges Regelsignal; Artikel und Kasus prüfen.,"
        Und  wenn es übel  ist in euren Augen , Jehova  zu dienen , so erwählet euch heute , wem ihr dienen  wollt, ob den Göttern , welchen eure Väter gedient  haben, die jenseit  des Stromes wohnten , oder den Göttern  der Amoriter , in deren Land  ihr wohnet. Ich aber und mein Haus , wir wollen Jehova dienen !","
        Und  wenn es übel  ist in euren Augen , HERR  zu dienen , so erwählet euch heute , wem ihr dienen  wollt, ob den Göttern , welchen eure Väter gedient  haben, die jenseit  des Stromes wohnten , oder den Göttern  der Amoriter , in deren Land  ihr wohnet. Ich aber und mein Haus , wir wollen dem HERRN dienen !"
Josh.24.16,60,Jehova,divine-name-syntax,Subjekt/Objekt/Anrede ohne eindeutiges Regelsignal; Artikel und Kasus prüfen.,"Und das Volk antwortete  und sprach : Fern sei  es von uns, Jehova  zu verlassen , um anderen Göttern  zu dienen !","Und das Volk antwortete  und sprach : Fern sei  es von uns, HERR  zu verlassen , um anderen Göttern  zu dienen !"
Josh.24.17,5,Jehova,divine-name-syntax,Subjekt/Objekt/Anrede ohne eindeutiges Regelsignal; Artikel und Kasus prüfen.,"Denn Jehova , unser Gott , ist es, der uns und unsere Väter  aus dem Lande Ägypten , aus dem Hause  der Knechtschaft, heraufgeführt hat, und der vor unseren Augen  diese großen Zeichen getan  und uns behütet  hat auf  dem ganzen Wege , auf dem wir gegangen, und unter  all den Völkern , durch  deren Mitte wir gezogen sind .","Denn HERR , unser Gott , ist es, der uns und unsere Väter  aus dem Lande Ägypten , aus dem Hause  der Knechtschaft, heraufgeführt hat, und der vor unseren Augen  diese großen Zeichen getan  und uns behütet  hat auf  dem ganzen Wege , auf dem wir gegangen, und unter  all den Völkern , durch  deren Mitte wir gezogen sind ."
Josh.24.19,44,Jehova,divine-name-syntax,Subjekt/Objekt/Anrede ohne eindeutiges Regelsignal; Artikel und Kasus prüfen.,"Und Josua sprach  zu dem Volke : Ihr könnet Jehova nicht dienen ; denn er ist ein heiliger Gott , er ist ein eifernder Gott ; er wird eure Übertretung  und eure Sünden  nicht vergeben .","Und Josua sprach  zu dem Volke : Ihr könnet HERR nicht dienen ; denn er ist ein heiliger Gott , er ist ein eifernder Gott ; er wird eure Übertretung  und eure Sünden  nicht vergeben ."
Josh.24.20,9,Jehova,divine-name-syntax,Subjekt/Objekt/Anrede ohne eindeutiges Regelsignal; Artikel und Kasus prüfen.,"Wenn ihr Jehova  verlasset und fremden Göttern dienet , so wird er sich  wenden und euch Übles tun  und euch vernichten, nachdem  er euch Gutes getan hat .","Wenn ihr HERR  verlasset und fremden Göttern dienet , so wird er sich  wenden und euch Übles tun  und euch vernichten, nachdem  er euch Gutes getan hat ."
Josh.24.21,46,Jehova,divine-name-syntax,Subjekt/Objekt/Anrede ohne eindeutiges Regelsignal; Artikel und Kasus prüfen.,"Und das Volk sprach  zu Josua : Nein, sondern Jehova  wollen wir dienen !","Und das Volk sprach  zu Josua : Nein, sondern HERR  wollen wir dienen !"
Josh.24.22,81,Jehova,divine-name-syntax,Subjekt/Objekt/Anrede ohne eindeutiges Regelsignal; Artikel und Kasus prüfen.,"Da sprach Josua  zu dem Volke : Ihr seid Zeugen  gegen euch, daß ihr selbst euch Jehova erwählt  habt, um ihm zu dienen . Und sie sprachen : Wir sind Zeugen !","Da sprach Josua  zu dem Volke : Ihr seid Zeugen  gegen euch, dass ihr selbst euch HERR erwählt  habt, um ihm zu dienen . Und sie sprachen : Wir sind Zeugen !"
Judg.1.1,70,Jehova,divine-name-syntax,Subjekt/Objekt/Anrede ohne eindeutiges Regelsignal; Artikel und Kasus prüfen.,"Und es geschah nach  dem Tode Josuas , da befragten die Kinder Israel Jehova  und sprachen : Wer von uns soll zuerst  wider die Kanaaniter hinaufziehen , um wider sie zu streiten ?","Und es geschah nach  dem Tode Josuas , da befragten die Kinder Israel HERR  und sprachen : Wer von uns soll zuerst  wider die Kanaaniter hinaufziehen , um wider sie zu streiten ?"
Judg.1.12,103,Weibe,gender-agreement,Nominalgruppe regelbasiert angepasst; längere Pronomenbezüge/Satzkongruenz prüfen.,"Und Kaleb sprach : Wer Kirjath-Sepher schlägt  und es  einnimmt, dem gebe  ich meine Tochter  Aksa zum Weibe .","Und Kaleb sprach : Wer Kirjath-Sepher schlägt  und es  einnimmt, dem gebe  ich meine Tochter  Aksa zur Frau ."
Judg.1.13,121,Weibe,gender-agreement,Nominalgruppe regelbasiert angepasst; längere Pronomenbezüge/Satzkongruenz prüfen.,"
        Da  nahm es Othniel  ein, der Sohn Kenas ', der jüngere Bruder Kalebs ; und er gab ihm  seine Tochter  Aksa zum Weibe .","
        Da  nahm es Othniel  ein, der Sohn Kenas ', der jüngere Bruder Kalebs ; und er gab ihm  seine Tochter  Aksa zur Frau ."
Judg.2.10,130,Jehova,divine-name-syntax,Subjekt/Objekt/Anrede ohne eindeutiges Regelsignal; Artikel und Kasus prüfen.,"Und auch das  ganze selbige Geschlecht  wurde zu seinen Vätern versammelt . Und ein anderes Geschlecht  kam nach  ihnen auf , das Jehova  nicht kannte  und auch nicht das Werk, welches er für Israel  getan hatte .","Und auch das  ganze selbige Geschlecht  wurde zu seinen Vätern versammelt . Und ein anderes Geschlecht  kam nach  ihnen auf , das HERR  nicht kannte  und auch nicht das Werk, welches er für Israel  getan hatte ."
Judg.2.12,253,Jehova,divine-name-syntax,Subjekt/Objekt/Anrede ohne eindeutiges Regelsignal; Artikel und Kasus prüfen.,"Und sie  verließen Jehova , den Gott  ihrer Väter , der sie aus  dem Lande Ägypten  herausgeführt hatte ; und sie gingen anderen Göttern nach , von den Göttern  der Völker , die rings um sie her  waren, und sie warfen sich  vor ihnen nieder und reizten Jehova .","Und sie  verließen den HERRN , den Gott  ihrer Väter , der sie aus  dem Lande Ägypten  herausgeführt hatte ; und sie gingen anderen Göttern nach , von den Göttern  der Völker , die rings um sie her  waren, und sie warfen sich  vor ihnen nieder und reizten HERR ."
Judg.2.13,19,Jehova,divine-name-syntax,Subjekt/Objekt/Anrede ohne eindeutiges Regelsignal; Artikel und Kasus prüfen.,Und sie  verließen Jehova  und dienten  dem Baal  und den Astaroth.,Und sie  verließen HERR  und dienten  dem Baal  und den Astaroth.
Judg.3.12,91,Jehova,divine-name-syntax,Subjekt/Objekt/Anrede ohne eindeutiges Regelsignal; Artikel und Kasus prüfen.,"
        Und  die Kinder Israel taten  wiederum, was böse  war in den Augen  Jehovas; und  Jehova stärkte Eglon , den König  von Moab , wider Israel , weil sie taten , was böse  war in den Augen  Jehovas.","
        Und  die Kinder Israel taten  wiederum, was böse  war in den Augen  des HERRN; und  HERR stärkte Eglon , den König  von Moab , wider Israel , weil sie taten , was böse  war in den Augen  des HERRN."
Judg.4.2,17,Jehova,divine-name-syntax,Subjekt/Objekt/Anrede ohne eindeutiges Regelsignal; Artikel und Kasus prüfen.,"Da verkaufte sie Jehova  in die Hand Jabins , des Königs  der Kanaaniter , der zu Hazor  regierte; und sein Heeroberster war Sisera , und er wohnte  zu Haroscheth-Gojim.","Da verkaufte sie HERR  in die Hand Jabins , des Königs  der Kanaaniter , der zu Hazor  regierte; und sein Heeroberster war Sisera , und er wohnte  zu Haroscheth-Gojim."
Judg.4.4,34,Weib,gender-agreement,Nominalgruppe regelbasiert angepasst; längere Pronomenbezüge/Satzkongruenz prüfen.,"Und Debora , eine Prophetin , das Weib  Lappidoths, richtete Israel  in selbiger Zeit .","Und Debora , eine Prophetin , die Frau  Lappidoths, richtete Israel  in selbiger Zeit ."
Judg.4.6,121,Jehova,divine-name-syntax,Subjekt/Objekt/Anrede ohne eindeutiges Regelsignal; Artikel und Kasus prüfen.,"Und sie  sandte hin und ließ Barak , den Sohn Abinoams , von Kedes  -Naphtali, rufen ; und sie sprach  zu ihm: Hat nicht Jehova , der Gott Israels , geboten: Gehe  hin und ziehe auf den Berg  Tabor, und nimm  mit dir zehntausend  Mann von den Kindern  Naphtali und von den Kindern Sebulon ;","Und sie  sandte hin und ließ Barak , den Sohn Abinoams , von Kedes  -Naphtali, rufen ; und sie sprach  zu ihm: Hat nicht HERR , der Gott Israels , geboten: Gehe  hin und ziehe auf den Berg  Tabor, und nimm  mit dir zehntausend  Mann von den Kindern  Naphtali und von den Kindern Sebulon ;"
Judg.4.9,143,Weibes,gender-agreement,Nominalgruppe regelbasiert angepasst; längere Pronomenbezüge/Satzkongruenz prüfen.,"Da sprachen  sie: Ich will  wohl mit dir gehen ; nur  daß die Ehre nicht dein sein wird auf  dem Wege , den du gehst , denn in die Hand  eines Weibes  wird Jehova  den Sisera verkaufen . Und Debora  machte sich  auf und ging  mit Barak  nach Kedes .","Da sprachen  sie: Ich will  wohl mit dir gehen ; nur  dass die Ehre nicht dein sein wird auf  dem Wege , den du gehst , denn in die Hand  einer Frau  wird der HERR  den Sisera verkaufen . Und Debora  machte sich  auf und ging  mit Barak  nach Kedes ."
Judg.4.14,74,Jehova,divine-name-syntax,Subjekt/Objekt/Anrede ohne eindeutiges Regelsignal; Artikel und Kasus prüfen.,"Und Debora sprach  zu Barak : Mache dich auf ! Denn dies ist der Tag , da Jehova  den Sisera  in deine Hand gegeben  hat. Ist nicht Jehova  ausgezogen vor  dir her? Und Barak  stieg von  dem Berge  Tabor hinab , und zehntausend  Mann ihm nach .","Und Debora sprach  zu Barak : Mache dich auf ! Denn dies ist der Tag , da HERR  den Sisera  in deine Hand gegeben  hat. Ist nicht HERR  ausgezogen vor  dir her? Und Barak  stieg von  dem Berge  Tabor hinab , und zehntausend  Mann ihm nach ."
Judg.4.14,132,Jehova,divine-name-syntax,Subjekt/Objekt/Anrede ohne eindeutiges Regelsignal; Artikel und Kasus prüfen.,"Und Debora sprach  zu Barak : Mache dich auf ! Denn dies ist der Tag , da Jehova  den Sisera  in deine Hand gegeben  hat. Ist nicht Jehova  ausgezogen vor  dir her? Und Barak  stieg von  dem Berge  Tabor hinab , und zehntausend  Mann ihm nach .","Und Debora sprach  zu Barak : Mache dich auf ! Denn dies ist der Tag , da HERR  den Sisera  in deine Hand gegeben  hat. Ist nicht HERR  ausgezogen vor  dir her? Und Barak  stieg von  dem Berge  Tabor hinab , und zehntausend  Mann ihm nach ."
Judg.4.15,4,Jehova,divine-name-syntax,Subjekt/Objekt/Anrede ohne eindeutiges Regelsignal; Artikel und Kasus prüfen.,Und Jehova  verwirrte Sisera  und alle seine Wagen  und das ganze Heerlager  durch die Schärfe  des Schwertes  vor Barak  her; und Sisera  stieg von  dem Wagen herab  und floh  zu Fuß .,Und HERR  verwirrte Sisera  und alle seine Wagen  und das ganze Heerlager  durch die Schärfe  des Schwertes  vor Barak  her; und Sisera  stieg von  dem Wagen herab  und floh  zu Fuß .
Judg.4.17,49,Weibes,gender-agreement,Nominalgruppe regelbasiert angepasst; längere Pronomenbezüge/Satzkongruenz prüfen.,"Und Sisera floh  zu Fuß  in das Zelt Jaels , des Weibes Hebers , des Keniters ; denn es war Friede  zwischen Jabin , dem König  von Hazor , und dem Hause Hebers , des Keniters .","Und Sisera floh  zu Fuß  in das Zelt Jaels , der Frau Hebers , des Keniters ; denn es war Friede  zwischen Jabin , dem König  von Hazor , und dem Hause Hebers , des Keniters ."
Judg.4.21,33,Weib,gender-agreement,Nominalgruppe regelbasiert angepasst; längere Pronomenbezüge/Satzkongruenz prüfen.,"
        Und 
        Jael , das Weib Hebers , nahm  einen Zeltpflock und  faßte den Hammer  in ihre Hand , und sie kam leise  zu ihm und schlug  den Pflock durch seine Schläfe , daß er  in die Erde drang . Er war nämlich in einen tiefen Schlaf gefallen und war ermattet, und er starb .","
        Und 
        Jael , die Frau Hebers , nahm  einen Zeltpflock und  fasste den Hammer  in ihre Hand , und sie kam leise  zu ihm und schlug  den Pflock durch seine Schläfe , dass er  in die Erde drang . Er war nämlich in einen tiefen Schlaf gefallen und war ermattet, und er starb ."
Judg.5.4,9,Jehova,divine-name-syntax,Subjekt/Objekt/Anrede ohne eindeutiges Regelsignal; Artikel und Kasus prüfen.,"
        Jehova ! Als du auszogest von Seir , als du einherschrittest vom Gefilde Edoms , da erzitterte  die Erde ; auch troffen  die Himmel , auch troffen  die Wolken  von Wasser .","
        HERR ! Als du auszogest von Seir , als du einherschrittest vom Gefilde Edoms , da erzitterte  die Erde ; auch troffen  die Himmel , auch troffen  die Wolken  von Wasser ."
Judg.5.13,53,Jehova,divine-name-syntax,Subjekt/Objekt/Anrede ohne eindeutiges Regelsignal; Artikel und Kasus prüfen.,Da zog hinab ein Überrest der Edlen und des Volkes ; Jehova  zog zu mir herab unter den Helden .,Da zog hinab ein Überrest der Edlen und des Volkes ; HERR  zog zu mir herab unter den Helden .
Judg.5.23,112,Jehova,divine-name-syntax,Subjekt/Objekt/Anrede ohne eindeutiges Regelsignal; Artikel und Kasus prüfen.,"
        Fluchet 
        Meros ! spricht  der Engel  Jehovas, verfluchet seine Bewohner! Denn sie  sind nicht  Jehova zu Hilfe gekommen , Jehova zu Hilfe  unter den Helden .","
        Fluchet 
        Meros ! spricht  der Engel  des HERRN, verfluchet seine Bewohner! Denn sie  sind nicht  HERR zu Hilfe gekommen , HERR zu Hilfe  unter den Helden ."
Judg.5.23,139,Jehova,divine-name-syntax,Subjekt/Objekt/Anrede ohne eindeutiges Regelsignal; Artikel und Kasus prüfen.,"
        Fluchet 
        Meros ! spricht  der Engel  Jehovas, verfluchet seine Bewohner! Denn sie  sind nicht  Jehova zu Hilfe gekommen , Jehova zu Hilfe  unter den Helden .","
        Fluchet 
        Meros ! spricht  der Engel  des HERRN, verfluchet seine Bewohner! Denn sie  sind nicht  HERR zu Hilfe gekommen , HERR zu Hilfe  unter den Helden ."
Judg.5.24,46,Weib,gender-agreement,Nominalgruppe regelbasiert angepasst; längere Pronomenbezüge/Satzkongruenz prüfen.,"
        Gesegnet  vor Weibern sei Jael , das Weib Hebers , des Keniters , vor Weibern  in Zelten gesegnet!","
        Gesegnet  vor Frauen sei Jael , die Frau Hebers , des Keniters , vor Frauen  in Zelten gesegnet!"
Judg.5.31,41,Jehova,divine-name-syntax,Subjekt/Objekt/Anrede ohne eindeutiges Regelsignal; Artikel und Kasus prüfen.,"Also mögen umkommen  alle deine Feinde , Jehova ! Aber die ihn lieben, seien wie die Sonne aufgeht  in ihrer Kraft ! Und das Land hatte  Ruhe vierzig Jahre .","Also mögen umkommen  alle deine Feinde , HERR ! Aber die ihn lieben, seien wie die Sonne aufgeht  in ihrer Kraft ! Und das Land hatte  Ruhe vierzig Jahre ."
Judg.6.14,4,Jehova,divine-name-syntax,Subjekt/Objekt/Anrede ohne eindeutiges Regelsignal; Artikel und Kasus prüfen.,Und Jehova  wandte sich  zu ihm und sprach : Gehe  hin in dieser deiner Kraft  und rette Israel  aus der Hand Midians ! Habe ich dich nicht gesandt ?,Und HERR  wandte sich  zu ihm und sprach : Gehe  hin in dieser deiner Kraft  und rette Israel  aus der Hand Midians ! Habe ich dich nicht gesandt ?
Judg.6.22,78,Jehova,divine-name-syntax,Subjekt/Objekt/Anrede ohne eindeutiges Regelsignal; Artikel und Kasus prüfen.,"Da sah Gideon , daß es der Engel  Jehovas war, und Gideon sprach : Ach Herr , Jehova! Dieweil ich den Engel  Jehovas gesehen  habe von Angesicht  zu Angesicht !","Da sah Gideon , dass es der Engel  des HERRN war, und Gideon sprach : Ach Herr , HERR! Dieweil ich den Engel  des HERRN gesehen  habe von Angesicht  zu Angesicht !"
Judg.6.24,65,Jehova,divine-name-syntax,Subjekt/Objekt/Anrede ohne eindeutiges Regelsignal; Artikel und Kasus prüfen.,Und Gideon baute  daselbst Jehova  einen Altar  und nannte  ihn: Jehova-Schalom. Bis auf diesen Tag  ist er noch zu Ophra  der Abieseriter.,Und Gideon baute  daselbst dem HERRN  einen Altar  und nannte  ihn: HERR-Schalom. Bis auf diesen Tag  ist er noch zu Ophra  der Abieseriter.
Judg.8.23,114,Jehova,divine-name-syntax,Subjekt/Objekt/Anrede ohne eindeutiges Regelsignal; Artikel und Kasus prüfen.,"Und Gideon sprach  zu ihnen: Nicht ich will über euch herrschen , und nicht mein Sohn  soll über euch herrschen ; Jehova  soll über euch herrschen .","Und Gideon sprach  zu ihnen: Nicht ich will über euch herrschen , und nicht mein Sohn  soll über euch herrschen ; HERR  soll über euch herrschen ."
Judg.8.31,19,Kebsweib,spelling-context,Kontextabhängige Schreibung/modernes Homograph; unverändert prüfen.,"
        Und  sein Kebsweib , das zu Sichem  war, auch sie gebar  ihm einen Sohn ; und er gab ihm den Namen Abimelech .","
        Und  sein Kebsweib , das zu Sichem  war, auch sie gebar  ihm einen Sohn ; und er gab ihm den Namen Abimelech ."
Judg.9.53,12,Weib,gender-agreement,Nominalgruppe regelbasiert angepasst; längere Pronomenbezüge/Satzkongruenz prüfen.,Da warf ein Weib  den oberen Stein einer Handmühle auf den Kopf Abimelechs  und zerschmetterte ihm den Schädel .,Da warf eine Frau  den oberen Stein einer Handmühle auf den Kopf Abimelechs  und zerschmetterte ihm den Schädel .
Judg.9.54,146,Weib,gender-agreement,Nominalgruppe regelbasiert angepasst; längere Pronomenbezüge/Satzkongruenz prüfen.,"Und er rief eilends  den Knaben , der seine Waffen trug , und sprach  zu ihm: Ziehe dein Schwert  und töte mich, daß man nicht von mir  sage: Ein Weib hat  ihn umgebracht! Und sein Knabe durchstach  ihn, und er starb .","Und er rief eilends  den Knaben , der seine Waffen trug , und sprach  zu ihm: Ziehe dein Schwert  und töte mich, dass man nicht von mir  sage: Eine Frau hat  ihn umgebracht! Und sein Knabe durchstach  ihn, und er starb ."
Judg.10.6,291,Jehova,divine-name-syntax,Subjekt/Objekt/Anrede ohne eindeutiges Regelsignal; Artikel und Kasus prüfen.,"
        Und  die Kinder Israel taten  wiederum, was böse  war in den Augen  Jehovas, und sie dienten  den Baalim  und den Astaroth, und den Göttern Syriens  und den Göttern  Zidons und den Göttern Moabs  und den Göttern  der Kinder Ammon  und den Göttern  der Philister ; und sie verließen Jehova und dienten  ihm nicht .","
        Und  die Kinder Israel taten  wiederum, was böse  war in den Augen  des HERRN, und sie dienten  den Baalim  und den Astaroth, und den Göttern Syriens  und den Göttern  Zidons und den Göttern Moabs  und den Göttern  der Kinder Ammon  und den Göttern  der Philister ; und sie verließen HERR und dienten  ihm nicht ."
Judg.11.2,13,Weib,gender-agreement,Nominalgruppe regelbasiert angepasst; längere Pronomenbezüge/Satzkongruenz prüfen.,"Und auch das Weib Gileads gebar  ihm Söhne ; und als die Söhne  des Weibes  groß wurden , da vertrieben sie Jephtha und sprachen  zu ihm: Du sollst nicht erben  im Hause  unseres Vaters , denn du bist der Sohn  eines anderen Weibes .","Und auch die Frau Gileads gebar  ihm Söhne ; und als die Söhne  der Frau  groß wurden , da vertrieben sie Jephtha und sprachen  zu ihm: Du sollst nicht erben  im Hause  unseres Vaters , denn du bist der Sohn  einer anderen Frau ."
Judg.11.2,68,Weibes,gender-agreement,Nominalgruppe regelbasiert angepasst; längere Pronomenbezüge/Satzkongruenz prüfen.,"Und auch das Weib Gileads gebar  ihm Söhne ; und als die Söhne  des Weibes  groß wurden , da vertrieben sie Jephtha und sprachen  zu ihm: Du sollst nicht erben  im Hause  unseres Vaters , denn du bist der Sohn  eines anderen Weibes .","Und auch die Frau Gileads gebar  ihm Söhne ; und als die Söhne  der Frau  groß wurden , da vertrieben sie Jephtha und sprachen  zu ihm: Du sollst nicht erben  im Hause  unseres Vaters , denn du bist der Sohn  einer anderen Frau ."
Judg.11.2,225,Weibes,gender-agreement,Nominalgruppe regelbasiert angepasst; längere Pronomenbezüge/Satzkongruenz prüfen.,"Und auch das Weib Gileads gebar  ihm Söhne ; und als die Söhne  des Weibes  groß wurden , da vertrieben sie Jephtha und sprachen  zu ihm: Du sollst nicht erben  im Hause  unseres Vaters , denn du bist der Sohn  eines anderen Weibes .","Und auch die Frau Gileads gebar  ihm Söhne ; und als die Söhne  der Frau  groß wurden , da vertrieben sie Jephtha und sprachen  zu ihm: Du sollst nicht erben  im Hause  unseres Vaters , denn du bist der Sohn  einer anderen Frau ."
Judg.11.9,121,Jehova,divine-name-syntax,Subjekt/Objekt/Anrede ohne eindeutiges Regelsignal; Artikel und Kasus prüfen.,"Und Jephta sprach  zu den Ältesten von Gilead : Wenn ihr mich zurückholet, um  wider die Kinder Ammon  zu streiten , und Jehova sie  vor mir dahingibt, werde ich euch dann wirklich zum Haupte sein?","Und Jephta sprach  zu den Ältesten von Gilead : Wenn ihr mich zurückholet, um  wider die Kinder Ammon  zu streiten , und HERR sie  vor mir dahingibt, werde ich euch dann wirklich zum Haupte sein?"
Judg.11.21,4,Jehova,divine-name-syntax,Subjekt/Objekt/Anrede ohne eindeutiges Regelsignal; Artikel und Kasus prüfen.,"Und Jehova , der Gott Israels , gab Sihon  und all sein Volk  in die Hand Israels , und sie schlugen  sie. So nahm Israel  das ganze Land  der Amoriter , die jenes Land  bewohnten, in Besitz:","Und HERR , der Gott Israels , gab Sihon  und all sein Volk  in die Hand Israels , und sie schlugen  sie. So nahm Israel  das ganze Land  der Amoriter , die jenes Land  bewohnten, in Besitz:"
Judg.11.23,15,Jehova,divine-name-syntax,Subjekt/Objekt/Anrede ohne eindeutiges Regelsignal; Artikel und Kasus prüfen.,"Und so hat nun Jehova , der Gott Israels , die Amoriter vor  seinem Volke Israel  ausgetrieben, und du willst uns austreiben?","Und so hat nun HERR , der Gott Israels , die Amoriter vor  seinem Volke Israel  ausgetrieben, und du willst uns austreiben?"
Judg.11.27,108,Jehova,divine-name-syntax,Subjekt/Objekt/Anrede ohne eindeutiges Regelsignal; Artikel und Kasus prüfen.,"
        Und  nicht ich habe  gegen dich gesündigt , sondern du tust übel  an mir, wider mich zu streiten . Jehova , der Richter , richte heute  zwischen den Kindern Israel  und den Kindern Ammon !","
        Und  nicht ich habe  gegen dich gesündigt , sondern du tust übel  an mir, wider mich zu streiten . HERR , der Richter , richte heute  zwischen den Kindern Israel  und den Kindern Ammon !"
Judg.11.30,20,Jehova,divine-name-syntax,Subjekt/Objekt/Anrede ohne eindeutiges Regelsignal; Artikel und Kasus prüfen.,"Und Jephtha gelobte Jehova  ein Gelübde  und sprach : Wenn du  die Kinder Ammon  wirklich in meine Hand gibst ,","Und Jephtha gelobte HERR  ein Gelübde  und sprach : Wenn du  die Kinder Ammon  wirklich in meine Hand gibst ,"
Judg.13.2,95,Weib,gender-agreement,Nominalgruppe regelbasiert angepasst; längere Pronomenbezüge/Satzkongruenz prüfen.,"Und es war ein Mann  aus Zorha, vom Geschlecht  der Daniter , sein Name  war Manoah . Und sein Weib  war unfruchtbar  und gebar  nicht.","Und es war ein Mann  aus Zorha, vom Geschlecht  der Daniter , sein Name  war Manoah . Und seine Frau  war unfruchtbar  und gebar  nicht."
Judg.13.3,36,Weibe,gender-agreement,Nominalgruppe regelbasiert angepasst; längere Pronomenbezüge/Satzkongruenz prüfen.,"Und der Engel Jehovas erschien  dem Weibe  und sprach  zu ihr: Siehe doch, du bist unfruchtbar  und gebierst nicht; aber du wirst schwanger werden  und einen Sohn gebären .","Und der Engel des HERRN erschien  der Frau  und sprach  zu ihr: Siehe doch, du bist unfruchtbar  und gebierst nicht; aber du wirst schwanger werden  und einen Sohn gebären ."
Judg.13.6,8,Weib,gender-agreement,Nominalgruppe regelbasiert angepasst; längere Pronomenbezüge/Satzkongruenz prüfen.,"Und das Weib  kam und sprach  zu ihrem Manne  und sagte: Ein Mann Gottes  ist zu mir gekommen , und sein Ansehen  war wie das Ansehen  eines Engels Gottes , sehr  furchtbar; und ich habe ihn nicht gefragt, woher er  sei, und seinen Namen hat er  mir nicht kundgetan.","Und die Frau  kam und sprach  zu ihrem Manne  und sagte: Ein Mann Gottes  ist zu mir gekommen , und sein Ansehen  war wie das Ansehen  eines Engels Gottes , sehr  furchtbar; und ich habe ihn nicht gefragt, woher er  sei, und seinen Namen hat er  mir nicht kundgetan."
Judg.13.9,81,Weibe,gender-agreement,Nominalgruppe regelbasiert angepasst; längere Pronomenbezüge/Satzkongruenz prüfen.,"Und Gott  erhörte die Stimme Manoahs ; und der Engel Gottes kam  nochmals zu dem Weibe , als sie auf dem Felde saß , und Manoah , ihr Mann , nicht bei ihr war.","Und Gott  erhörte die Stimme Manoahs ; und der Engel Gottes kam  nochmals zu der Frau , als sie auf dem Felde saß , und Manoah , ihr Mann , nicht bei ihr war."
Judg.13.10,14,Weib,gender-agreement,Nominalgruppe regelbasiert angepasst; längere Pronomenbezüge/Satzkongruenz prüfen.,"Da eilte  das Weib  und lief  und berichtete es ihrem Manne , und sie sprach  zu ihm: Siehe , der Mann  ist mir  erschienen, der an jenem Tage  zu mir gekommen  ist.","Da eilte  die Frau  und lief  und berichtete es ihrem Manne , und sie sprach  zu ihm: Siehe , der Mann  ist mir  erschienen, der an jenem Tage  zu mir gekommen  ist."
Judg.13.11,46,Weibe,gender-agreement,Nominalgruppe regelbasiert angepasst; längere Pronomenbezüge/Satzkongruenz prüfen.,"Und Manoah  machte sich auf  und ging  seinem Weibe nach ; und er  kam zu dem Manne  und sprach  zu ihm: Bist du der Mann , der zu dem Weibe  geredet hat ? Und er sprach : Ich bin' s.","Und Manoah  machte sich auf  und ging  seiner Frau nach ; und er  kam zu dem Manne  und sprach  zu ihm: Bist du der Mann , der zu der Frau  geredet hat ? Und er sprach : Ich bin' s."
Judg.13.11,135,Weibe,gender-agreement,Nominalgruppe regelbasiert angepasst; längere Pronomenbezüge/Satzkongruenz prüfen.,"Und Manoah  machte sich auf  und ging  seinem Weibe nach ; und er  kam zu dem Manne  und sprach  zu ihm: Bist du der Mann , der zu dem Weibe  geredet hat ? Und er sprach : Ich bin' s.","Und Manoah  machte sich auf  und ging  seiner Frau nach ; und er  kam zu dem Manne  und sprach  zu ihm: Bist du der Mann , der zu der Frau  geredet hat ? Und er sprach : Ich bin' s."
Judg.13.13,65,Weibe,gender-agreement,Nominalgruppe regelbasiert angepasst; längere Pronomenbezüge/Satzkongruenz prüfen.,"Und der Engel Jehovas sprach  zu Manoah : Vor allem, was ich dem Weibe gesagt  habe, soll sie sich hüten :","Und der Engel des HERRN sprach  zu Manoah : Vor allem, was ich der Frau gesagt  habe, soll sie sich hüten :"
Judg.13.16,179,Jehova,divine-name-syntax,Subjekt/Objekt/Anrede ohne eindeutiges Regelsignal; Artikel und Kasus prüfen.,"
        Und  der Engel  Jehovas sprach zu Manoah : Wenn  du mich  auch aufhieltest, ich würde nicht  von deinem Brote essen ; willst du aber ein Brandopfer  opfern, so opfere es Jehova. Denn Manoah wußte nicht , daß es der Engel  Jehovas war .","
        Und  der Engel  des HERRN sprach zu Manoah : Wenn  du mich  auch aufhieltest, ich würde nicht  von deinem Brote essen ; willst du aber ein Brandopfer  opfern, so opfere es HERR. Denn Manoah wusste nicht , dass es der Engel  des HERRN war ."
Judg.13.19,70,Jehova,divine-name-syntax,Subjekt/Objekt/Anrede ohne eindeutiges Regelsignal; Artikel und Kasus prüfen.,"Da nahm Manoah  das Ziegenböcklein und das Speisopfer  und opferte es Jehova auf  dem Felsen . Er aber handelte wunderbar , und Manoah  und sein Weib sahen zu ;","Da nahm Manoah  das Ziegenböcklein und das Speisopfer  und opferte es HERR auf  dem Felsen . Er aber handelte wunderbar , und Manoah  und seine Frau sahen zu ;"
Judg.13.19,145,Weib,gender-agreement,Nominalgruppe regelbasiert angepasst; längere Pronomenbezüge/Satzkongruenz prüfen.,"Da nahm Manoah  das Ziegenböcklein und das Speisopfer  und opferte es Jehova auf  dem Felsen . Er aber handelte wunderbar , und Manoah  und sein Weib sahen zu ;","Da nahm Manoah  das Ziegenböcklein und das Speisopfer  und opferte es HERR auf  dem Felsen . Er aber handelte wunderbar , und Manoah  und seine Frau sahen zu ;"
Judg.13.20,152,Weib,gender-agreement,Nominalgruppe regelbasiert angepasst; längere Pronomenbezüge/Satzkongruenz prüfen.,"und es geschah, als die Flamme von dem Altar  gen Himmel  emporstieg, da fuhr der Engel Jehovas  in der Flamme des Altars hinauf . Und Manoah  und sein Weib sahen  zu und fielen auf  ihr Angesicht  zur Erde .","und es geschah, als die Flamme von dem Altar  gen Himmel  emporstieg, da fuhr der Engel des HERRN  in der Flamme des Altars hinauf . Und Manoah  und seine Frau sahen  zu und fielen auf  ihr Angesicht  zur Erde ."
Judg.13.21,50,Weibe,gender-agreement,Nominalgruppe regelbasiert angepasst; längere Pronomenbezüge/Satzkongruenz prüfen.,"Und der Engel Jehovas erschien Manoah  und seinem Weibe  fortan nicht  mehr. Da erkannte Manoah , daß es der Engel Jehovas  war.","Und der Engel des HERRN erschien Manoah  und seiner Frau  fortan nicht  mehr. Da erkannte Manoah , dass es der Engel des HERRN  war."
Judg.13.22,29,Weibe,gender-agreement,Nominalgruppe regelbasiert angepasst; längere Pronomenbezüge/Satzkongruenz prüfen.,"Und Manoah sprach  zu seinem Weibe : Wir werden  gewißlich sterben , denn wir haben Gott  gesehen!","Und Manoah sprach  zu seiner Frau : Wir werden  gewisslich sterben , denn wir haben Gott  gesehen!"
Judg.13.23,10,Weib,gender-agreement,Nominalgruppe regelbasiert angepasst; längere Pronomenbezüge/Satzkongruenz prüfen.,"Aber sein Weib sprach zu  ihm: Wenn  es Jehova  gefallen hätte, uns  zu töten , so hätte er nicht  ein Brandopfer  und Speisopfer  aus unserer Hand  angenommen, und er hätte uns dies alles nicht gezeigt, noch uns zu dieser Zeit  dergleichen vernehmen lassen .","Aber seine Frau sprach zu  ihm: Wenn  es HERR  gefallen hätte, uns  zu töten , so hätte er nicht  ein Brandopfer  und Speisopfer  aus unserer Hand  angenommen, und er hätte uns dies alles nicht gezeigt, noch uns zu dieser Zeit  dergleichen vernehmen lassen ."
Judg.13.23,40,Jehova,divine-name-syntax,Subjekt/Objekt/Anrede ohne eindeutiges Regelsignal; Artikel und Kasus prüfen.,"Aber sein Weib sprach zu  ihm: Wenn  es Jehova  gefallen hätte, uns  zu töten , so hätte er nicht  ein Brandopfer  und Speisopfer  aus unserer Hand  angenommen, und er hätte uns dies alles nicht gezeigt, noch uns zu dieser Zeit  dergleichen vernehmen lassen .","Aber seine Frau sprach zu  ihm: Wenn  es HERR  gefallen hätte, uns  zu töten , so hätte er nicht  ein Brandopfer  und Speisopfer  aus unserer Hand  angenommen, und er hätte uns dies alles nicht gezeigt, noch uns zu dieser Zeit  dergleichen vernehmen lassen ."
Judg.13.24,8,Weib,gender-agreement,Nominalgruppe regelbasiert angepasst; längere Pronomenbezüge/Satzkongruenz prüfen.,"Und das Weib gebar  einen Sohn ; und sie gab  ihm den Namen Simson . Und der Knabe wuchs , und Jehova segnete  ihn.","Und die Frau gebar  einen Sohn ; und sie gab  ihm den Namen Simson . Und der Knabe wuchs , und der HERR segnete  ihn."
Judg.14.1,61,Weib,gender-agreement,Nominalgruppe regelbasiert angepasst; längere Pronomenbezüge/Satzkongruenz prüfen.,Und Simson  ging nach Timna hinab ; und er sah  in Timna ein Weib  von den Töchtern  der Philister .,Und Simson  ging nach Timna hinab ; und er sah  in Timna eine Frau  von den Töchtern  der Philister .
Judg.14.2,107,Weib,gender-agreement,Nominalgruppe regelbasiert angepasst; längere Pronomenbezüge/Satzkongruenz prüfen.,Und er ging  hinauf und berichtete es seinem Vater  und seiner Mutter  und sprach : Ich habe  in Timna ein Weib gesehen  von den Töchtern  der Philister ; und nun nehmet sie mir  zum Weibe .,Und er ging  hinauf und berichtete es seinem Vater  und seiner Mutter  und sprach : Ich habe  in Timna eine Frau gesehen  von den Töchtern  der Philister ; und nun nehmet sie mir  zur Frau .
Judg.14.2,183,Weibe,gender-agreement,Nominalgruppe regelbasiert angepasst; längere Pronomenbezüge/Satzkongruenz prüfen.,Und er ging  hinauf und berichtete es seinem Vater  und seiner Mutter  und sprach : Ich habe  in Timna ein Weib gesehen  von den Töchtern  der Philister ; und nun nehmet sie mir  zum Weibe .,Und er ging  hinauf und berichtete es seinem Vater  und seiner Mutter  und sprach : Ich habe  in Timna eine Frau gesehen  von den Töchtern  der Philister ; und nun nehmet sie mir  zur Frau .
Judg.14.3,137,Weib,gender-agreement,Nominalgruppe regelbasiert angepasst; längere Pronomenbezüge/Satzkongruenz prüfen.,"
        Und  sein Vater  und seine Mutter sprachen  zu ihm: Ist  unter den Töchtern  deiner Brüder  und unter meinem  ganzen Volke kein Weib , daß du hingehest, ein Weib  zu nehmen von den Philistern , den Unbeschnittenen ? Und Simson sprach  zu seinem Vater : Diese nimm mir, denn sie ist recht  in meinen Augen .","
        Und  sein Vater  und seine Mutter sprachen  zu ihm: Ist  unter den Töchtern  deiner Brüder  und unter meinem  ganzen Volke keine Frau , dass du hingehest, eine Frau  zu nehmen von den Philistern , den Unbeschnittenen ? Und Simson sprach  zu seinem Vater : Diese nimm mir, denn sie ist recht  in meinen Augen ."
Judg.14.3,166,Weib,gender-agreement,Nominalgruppe regelbasiert angepasst; längere Pronomenbezüge/Satzkongruenz prüfen.,"
        Und  sein Vater  und seine Mutter sprachen  zu ihm: Ist  unter den Töchtern  deiner Brüder  und unter meinem  ganzen Volke kein Weib , daß du hingehest, ein Weib  zu nehmen von den Philistern , den Unbeschnittenen ? Und Simson sprach  zu seinem Vater : Diese nimm mir, denn sie ist recht  in meinen Augen .","
        Und  sein Vater  und seine Mutter sprachen  zu ihm: Ist  unter den Töchtern  deiner Brüder  und unter meinem  ganzen Volke keine Frau , dass du hingehest, eine Frau  zu nehmen von den Philistern , den Unbeschnittenen ? Und Simson sprach  zu seinem Vater : Diese nimm mir, denn sie ist recht  in meinen Augen ."
Judg.14.7,38,Weibe,gender-agreement,Nominalgruppe regelbasiert angepasst; längere Pronomenbezüge/Satzkongruenz prüfen.,"Und er ging hinab  und redete  zu dem Weibe , und sie  war recht  in den Augen Simsons .","Und er ging hinab  und redete  zu der Frau , und sie  war recht  in den Augen Simsons ."
Judg.14.10,28,Weibe,gender-agreement,Nominalgruppe regelbasiert angepasst; längere Pronomenbezüge/Satzkongruenz prüfen.,"Und sein Vater  ging zu dem Weibe hinab , und Simson machte  daselbst ein Mahl ; denn also pflegten die Jünglinge  zu tun .","Und sein Vater  ging zu der Frau hinab , und Simson machte  daselbst ein Mahl ; denn also pflegten die Jünglinge  zu tun ."
Judg.14.15,58,Weibe,gender-agreement,Nominalgruppe regelbasiert angepasst; längere Pronomenbezüge/Satzkongruenz prüfen.,"Und es geschah am siebten Tage , da  sprachen sie  zu dem Weibe Simsons : Berede deinen Mann , daß er  uns das Rätsel  kundtue, damit  wir nicht  dich und deines Vaters Haus  mit Feuer verbrennen ! Um uns zu berauben, habt ihr uns geladen, nicht wahr?","Und es geschah am siebten Tage , da  sprachen sie  zu der Frau Simsons : Berede deinen Mann , dass er  uns das Rätsel  kundtue, damit  wir nicht  dich und deines Vaters Haus  mit Feuer verbrennen ! Um uns zu berauben, habt ihr uns geladen, nicht wahr?"
Judg.14.16,12,Weib,gender-agreement,Nominalgruppe regelbasiert angepasst; längere Pronomenbezüge/Satzkongruenz prüfen.,"Und Simsons Weib weinte an  ihm und sprach : Du hassest michnur und liebst mich nicht. Das Rätsel hast  du den Kindern  meines Volkes aufgegeben , und mir  hast du es nicht kundgetan. Und er sprach  zu ihr: Siehe, meinem Vater  und meiner Mutter  habe ich es nicht kundgetan, und dir sollte ich es kundtun?","Und Simsons Frau weinte an  ihm und sprach : Du hassest michnur und liebst mich nicht. Das Rätsel hast  du den Kindern  meines Volkes aufgegeben , und mir  hast du es nicht kundgetan. Und er sprach  zu ihr: Siehe, meinem Vater  und meiner Mutter  habe ich es nicht kundgetan, und dir sollte ich es kundtun?"
Judg.14.20,8,Weib,gender-agreement,Nominalgruppe regelbasiert angepasst; längere Pronomenbezüge/Satzkongruenz prüfen.,"Und das Weib Simsons  wurde einem seiner Gesellen  gegeben, den er sich zugesellt hatte.","Und die Frau Simsons  wurde einem seiner Gesellen  gegeben, den er sich zugesellt hatte."
Judg.15.1,92,Weib,gender-agreement,Nominalgruppe regelbasiert angepasst; längere Pronomenbezüge/Satzkongruenz prüfen.,"Und es geschah nach einiger Zeit , in den Tagen  der Weizenernte , da besuchte Simson  sein Weib  mit einem Ziegenböcklein. Und er sprach : Ich will zu meinem Weibe  ins Gemach gehen ; aber ihr Vater  gestattete ihm nicht hineinzugehen.","Und es geschah nach einiger Zeit , in den Tagen  der Weizenernte , da besuchte Simson  seine Frau  mit einem Ziegenböcklein. Und er sprach : Ich will zu meiner Frau  ins Gemach gehen ; aber ihr Vater  gestattete ihm nicht hineinzugehen."
Judg.15.1,159,Weibe,gender-agreement,Nominalgruppe regelbasiert angepasst; längere Pronomenbezüge/Satzkongruenz prüfen.,"Und es geschah nach einiger Zeit , in den Tagen  der Weizenernte , da besuchte Simson  sein Weib  mit einem Ziegenböcklein. Und er sprach : Ich will zu meinem Weibe  ins Gemach gehen ; aber ihr Vater  gestattete ihm nicht hineinzugehen.","Und es geschah nach einiger Zeit , in den Tagen  der Weizenernte , da besuchte Simson  seine Frau  mit einem Ziegenböcklein. Und er sprach : Ich will zu meiner Frau  ins Gemach gehen ; aber ihr Vater  gestattete ihm nicht hineinzugehen."
Judg.15.6,126,Weib,gender-agreement,Nominalgruppe regelbasiert angepasst; längere Pronomenbezüge/Satzkongruenz prüfen.,"Und die Philister  sprachen: Wer hat  das getan ? und man sagte : Simson , der Schwiegersohn des Timniters, weil er  ihm sein Weib  genommen und sie seinem Gesellen gegeben  hat. Da zogen die Philister hinauf  und verbrannten  sie und ihren Vater  mit Feuer .","Und die Philister  sprachen: Wer hat  das getan ? und man sagte : Simson , der Schwiegersohn des Timniters, weil er  ihm seine Frau  genommen und sie seinem Gesellen gegeben  hat. Da zogen die Philister hinauf  und verbrannten  sie und ihren Vater  mit Feuer ."
Judg.16.4,52,Weib,gender-agreement,Nominalgruppe regelbasiert angepasst; längere Pronomenbezüge/Satzkongruenz prüfen.,"
        Und  es geschah hernach, da liebte  er ein Weib  im Tale Sorek , ihr Name  war Delila .","
        Und  es geschah hernach, da liebte  er eine Frau  im Tale Sorek , ihr Name  war Delila ."
Judg.16.22,58,sobald,spelling-context,Kontextabhängige Schreibung/modernes Homograph; unverändert prüfen.,"Aber das Haar  seines Hauptes  begann wieder zu wachsen , sobald es geschoren war .","Aber das Haar  seines Hauptes  begann wieder zu wachsen , sobald es geschoren war ."
Judg.16.28,47,Jehova,divine-name-syntax,Subjekt/Objekt/Anrede ohne eindeutiges Regelsignal; Artikel und Kasus prüfen.,"Und Simson rief  zu Jehova und sprach : Herr , Jehova! Gedenke  doch meiner, und stärke  mich doch nur diesmal , o Gott , daß ich an den Philistern eine  einmalige Rache  nehme für meine beiden Augen !","Und Simson rief  zu dem HERRN und sprach : Herr , HERR! Gedenke  doch meiner, und stärke  mich doch nur diesmal , o Gott , dass ich an den Philistern eine  einmalige Rache  nehme für meine beiden Augen !"
Judg.17.3,146,Jehova,divine-name-syntax,Subjekt/Objekt/Anrede ohne eindeutiges Regelsignal; Artikel und Kasus prüfen.,"
        Und  er gab  die tausend einhundert Sekel Silber  seiner Mutter  zurück. Und seine Mutter sprach : Das Silber  hatte ich von meiner Hand Jehova geheiligt  für meinen Sohn , um  ein geschnitztes Bild  und ein gegossenes Bild  zu machen ; und nun gebe ich es dir zurück.","
        Und  er gab  die tausend einhundert Sekel Silber  seiner Mutter  zurück. Und seine Mutter sprach : Das Silber  hatte ich von meiner Hand HERR geheiligt  für meinen Sohn , um  ein geschnitztes Bild  und ein gegossenes Bild  zu machen ; und nun gebe ich es dir zurück."
Judg.19.1,174,Kebsweib,spelling-context,Kontextabhängige Schreibung/modernes Homograph; unverändert prüfen.,"Und es geschah in jenen Tagen , als kein König  in Israel  war, daß sich  ein levitischer Mann  an der äußersten Seite  des Gebirges Ephraim  aufhielt; und er nahm  sich ein Kebsweib  aus Bethlehem-Juda .","Und es geschah in jenen Tagen , als kein König  in Israel  war, dass sich  ein levitischer Mann  an der äußersten Seite  des Gebirges Ephraim  aufhielt; und er nahm  sich ein Kebsweib  aus Bethlehem-Juda ."
Judg.19.2,9,Kebsweib,spelling-context,Kontextabhängige Schreibung/modernes Homograph; unverändert prüfen.,"Und sein Kebsweib  hurte neben ihm; und sie ging  von ihm weg in das Haus  ihres Vaters , nach Bethlehem-Juda , und war daselbst eine Zeitlang, vier Monate .","Und sein Kebsweib  hurte neben ihm; und sie ging  von ihm weg in das Haus  ihres Vaters , nach Bethlehem-Juda , und war daselbst eine Zeitlang, vier Monate ."
Judg.19.3,229,Weibes,gender-agreement,Nominalgruppe regelbasiert angepasst; längere Pronomenbezüge/Satzkongruenz prüfen.,"Und ihr Mann  machte sich auf  und ging  ihr nach , um zu ihrem Herzen  zu reden , sie zurückzubringen; und sein Knabe  war mit ihm und ein Paar Esel . Und sie führte ihn in das Haus  ihres Vaters ; und als der Vater  des jungen Weibes ihn sah , kam er  ihm freudig entgegen .","Und ihr Mann  machte sich auf  und ging  ihr nach , um zu ihrem Herzen  zu reden , sie zurückzubringen; und sein Knabe  war mit ihm und ein Paar Esel . Und sie führte ihn in das Haus  ihres Vaters ; und als der Vater  der jungen Frau ihn sah , kam er  ihm freudig entgegen ."
Judg.19.4,48,Weibes,gender-agreement,Nominalgruppe regelbasiert angepasst; längere Pronomenbezüge/Satzkongruenz prüfen.,"Und sein Schwiegervater , der Vater  des jungen Weibes, hielt ihn zurück, und er blieb drei Tage  bei ihm; und sie aßen  und tranken  und übernachteten daselbst.","Und sein Schwiegervater , der Vater  der jungen Frau, hielt ihn zurück, und er blieb drei Tage  bei ihm; und sie aßen  und tranken  und übernachteten daselbst."
Judg.19.5,156,Weibes,gender-agreement,Nominalgruppe regelbasiert angepasst; längere Pronomenbezüge/Satzkongruenz prüfen.,"
        Und  es geschah am vierten Tage , da machten sie sich  des Morgens  früh auf, und er erhob sich , um fortzugehen. Da sprach  der Vater  des jungen Weibes zu seinem Schwiegersohn: Stärke  dein Herz  mit einem Bissen Brot , und danach möget ihr ziehen .","
        Und  es geschah am vierten Tage , da machten sie sich  des Morgens  früh auf, und er erhob sich , um fortzugehen. Da sprach  der Vater  der jungen Frau zu seinem Schwiegersohn: Stärke  dein Herz  mit einem Bissen Brot , und danach möget ihr ziehen ."
Judg.19.6,90,Weibes,gender-agreement,Nominalgruppe regelbasiert angepasst; längere Pronomenbezüge/Satzkongruenz prüfen.,Und sie setzten sich  und aßen  und tranken beide miteinander . Und der Vater  des jungen Weibes sprach  zu dem Manne : Laß es dir  doch gefallen und bleibe über Nacht  und laß dein Herz  fröhlich sein!,Und sie setzten sich  und aßen  und tranken beide miteinander . Und der Vater  der jungen Frau sprach  zu dem Manne : Lass es dir  doch gefallen und bleibe über Nacht  und lass dein Herz  fröhlich sein!
Judg.19.8,109,Weibes,gender-agreement,Nominalgruppe regelbasiert angepasst; längere Pronomenbezüge/Satzkongruenz prüfen.,"Und am fünften Tage  machte er sich  des Morgens früh auf , um fortzugehen; da sprach  der Vater  des jungen Weibes: Stärke  doch dein Herz  und verziehet, bis der Tag sich  neigt! Und so aßen  sie beide  miteinander.","Und am fünften Tage  machte er sich  des Morgens früh auf , um fortzugehen; da sprach  der Vater  der jungen Frau: Stärke  doch dein Herz  und verziehet, bis der Tag sich  neigt! Und so aßen  sie beide  miteinander."
Judg.19.9,54,Kebsweib,spelling-context,Kontextabhängige Schreibung/modernes Homograph; unverändert prüfen.,"Und der Mann erhob sich , um fortzugehen, er und sein Kebsweib  und sein Knabe . Aber sein Schwiegervater, der Vater  des jungen Weibes, sprach  zu ihm: Siehe doch, der Tag  nimmt ab , es will  Abend werden ; übernachtet doch! Siehe, der Tag  sinkt, übernachte hier und laß dein Herz  fröhlich sein; und ihr machet euch morgen  früh auf  euren Weg , und du ziehst nach deinem Zelte.","Und der Mann erhob sich , um fortzugehen, er und sein Kebsweib  und sein Knabe . Aber sein Schwiegervater, der Vater  der jungen Frau, sprach  zu ihm: Siehe doch, der Tag  nimmt ab , es will  Abend werden ; übernachtet doch! Siehe, der Tag  sinkt, übernachte hier und lass dein Herz  fröhlich sein; und ihr machet euch morgen  früh auf  euren Weg , und du ziehst nach deinem Zelte."
Judg.19.9,129,Weibes,gender-agreement,Nominalgruppe regelbasiert angepasst; längere Pronomenbezüge/Satzkongruenz prüfen.,"Und der Mann erhob sich , um fortzugehen, er und sein Kebsweib  und sein Knabe . Aber sein Schwiegervater, der Vater  des jungen Weibes, sprach  zu ihm: Siehe doch, der Tag  nimmt ab , es will  Abend werden ; übernachtet doch! Siehe, der Tag  sinkt, übernachte hier und laß dein Herz  fröhlich sein; und ihr machet euch morgen  früh auf  euren Weg , und du ziehst nach deinem Zelte.","Und der Mann erhob sich , um fortzugehen, er und sein Kebsweib  und sein Knabe . Aber sein Schwiegervater, der Vater  der jungen Frau, sprach  zu ihm: Siehe doch, der Tag  nimmt ab , es will  Abend werden ; übernachtet doch! Siehe, der Tag  sinkt, übernachte hier und lass dein Herz  fröhlich sein; und ihr machet euch morgen  früh auf  euren Weg , und du ziehst nach deinem Zelte."
Judg.19.10,172,Kebsweib,spelling-context,Kontextabhängige Schreibung/modernes Homograph; unverändert prüfen.,"Aber der Mann wollte  nicht übernachten, und er erhob  sich und zog  fort; und er kam bis vor Jebus , das ist Jerusalem , und mit ihm das Paar  gesattelter Esel , und sein Kebsweib  mit ihm.","Aber der Mann wollte  nicht übernachten, und er erhob  sich und zog  fort; und er kam bis vor Jebus , das ist Jerusalem , und mit ihm das Paar  gesattelter Esel , und sein Kebsweib  mit ihm."
Judg.19.24,48,Kebsweib,spelling-context,Kontextabhängige Schreibung/modernes Homograph; unverändert prüfen.,"Siehe, meine Tochter , die Jungfrau , und  sein Kebsweib , lasset mich doch sie herausführen; und  schwächet sie und tut  mit ihnen , was gut  ist in euren Augen ; aber an diesem Manne  begehet nicht diese Schandtat!","Siehe, meine Tochter , die Jungfrau , und  sein Kebsweib , lasset mich doch sie herausführen; und  schwächet sie und tut  mit ihnen , was gut  ist in euren Augen ; aber an diesem Manne  begehet nicht diese Schandtat!"
Judg.19.25,84,Kebsweib,spelling-context,Kontextabhängige Schreibung/modernes Homograph; unverändert prüfen.,"
        Aber  die Männer  wollten nicht auf  ihn hören . Da ergriff der Mann  sein Kebsweib  und führte sie  zu ihnen hinaus  auf die Straße; und sie erkannten  sie und mißhandelten sie die ganze Nacht  bis an den Morgen ; und sie ließen sie gehen , als die Morgenröte  aufging.","
        Aber  die Männer  wollten nicht auf  ihn hören . Da ergriff der Mann  sein Kebsweib  und führte sie  zu ihnen hinaus  auf die Straße; und sie erkannten  sie und misshandelten sie die ganze Nacht  bis an den Morgen ; und sie ließen sie gehen , als die Morgenröte  aufging."
Judg.19.26,8,Weib,gender-agreement,Nominalgruppe regelbasiert angepasst; längere Pronomenbezüge/Satzkongruenz prüfen.,"Und das Weib kam  beim Anbruch des Morgens  und fiel nieder  am Eingang  des Hauses  des Mannes , woselbst ihr Herr  war, und lag dort, bis es hell wurde.","Und die Frau kam  beim Anbruch des Morgens  und fiel nieder  am Eingang  des Hauses  des Mannes , woselbst ihr Herr  war, und lag dort, bis es hell wurde."
Judg.19.27,145,Weib,gender-agreement,Nominalgruppe regelbasiert angepasst; längere Pronomenbezüge/Satzkongruenz prüfen.,"
        Und  als ihr Herr  am Morgen  aufstand und die Tür  des Hauses öffnete  und hinaustrat, um seines Weges  zu ziehen : Siehe, da lag  das Weib , sein Kebsweib , an dem Eingang  des Hauses , und ihre Hände auf  der Schwelle .","
        Und  als ihr Herr  am Morgen  aufstand und die Tür  des Hauses öffnete  und hinaustrat, um seines Weges  zu ziehen : Siehe, da lag  die Frau , sein Kebsweib , an dem Eingang  des Hauses , und ihre Hände auf  der Schwelle ."
Judg.19.27,157,Kebsweib,spelling-context,Kontextabhängige Schreibung/modernes Homograph; unverändert prüfen.,"
        Und  als ihr Herr  am Morgen  aufstand und die Tür  des Hauses öffnete  und hinaustrat, um seines Weges  zu ziehen : Siehe, da lag  das Weib , sein Kebsweib , an dem Eingang  des Hauses , und ihre Hände auf  der Schwelle .","
        Und  als ihr Herr  am Morgen  aufstand und die Tür  des Hauses öffnete  und hinaustrat, um seines Weges  zu ziehen : Siehe, da lag  die Frau , sein Kebsweib , an dem Eingang  des Hauses , und ihre Hände auf  der Schwelle ."
Judg.19.29,79,Kebsweib,spelling-context,Kontextabhängige Schreibung/modernes Homograph; unverändert prüfen.,"Und als er  in sein Haus  gekommen war, nahm  er sein Messer  und ergriff sein Kebsweib  und zerstückte sie , nach ihren Gebeinen , in zwölf Stücke ; und er sandte sie  in alle Grenzen Israels .","Und als er  in sein Haus  gekommen war, nahm  er sein Messer  und ergriff sein Kebsweib  und zerstückte sie , nach ihren Gebeinen , in zwölf Stücke ; und er sandte sie  in alle Grenzen Israels ."
Judg.20.4,61,Weibes,gender-agreement,Nominalgruppe regelbasiert angepasst; längere Pronomenbezüge/Satzkongruenz prüfen.,"Da antwortete  der levitische Mann , der Mann des ermordeten Weibes , und sprach : Ich war  nach Gibea gekommen , das Benjamin  gehört, ich und mein Kebsweib , um dort zu übernachten.","Da antwortete  der levitische Mann , der Mann der ermordeten Frau , und sprach : Ich war  nach Gibea gekommen , das Benjamin  gehört, ich und mein Kebsweib , um dort zu übernachten."
Judg.20.4,149,Kebsweib,spelling-context,Kontextabhängige Schreibung/modernes Homograph; unverändert prüfen.,"Da antwortete  der levitische Mann , der Mann des ermordeten Weibes , und sprach : Ich war  nach Gibea gekommen , das Benjamin  gehört, ich und mein Kebsweib , um dort zu übernachten.","Da antwortete  der levitische Mann , der Mann der ermordeten Frau , und sprach : Ich war  nach Gibea gekommen , das Benjamin  gehört, ich und mein Kebsweib , um dort zu übernachten."
Judg.20.5,147,Kebsweib,spelling-context,Kontextabhängige Schreibung/modernes Homograph; unverändert prüfen.,"Da machten sich  die Bürger  von Gibea  wider mich auf  und umringten meinetwegen des Nachts  das Haus . Mich gedachten  sie umzubringen, und mein Kebsweib  haben sie geschwächt , daß sie starb .","Da machten sich  die Bürger  von Gibea  wider mich auf  und umringten meinetwegen des Nachts  das Haus . Mich gedachten  sie umzubringen, und mein Kebsweib  haben sie geschwächt , dass sie starb ."
Judg.20.6,21,Kebsweib,spelling-context,Kontextabhängige Schreibung/modernes Homograph; unverändert prüfen.,Da ergriff  ich mein Kebsweib und zerstückte sie  und sandte sie in das ganze Gefilde des Erbteils Israels ; denn sie haben ein Verbrechen und eine Schandtat begangen in Israel .,Da ergriff  ich mein Kebsweib und zerstückte sie  und sandte sie in das ganze Gefilde des Erbteils Israels ; denn sie haben ein Verbrechen und eine Schandtat begangen in Israel .
Judg.21.1,130,Weibe,gender-agreement,Nominalgruppe regelbasiert angepasst; längere Pronomenbezüge/Satzkongruenz prüfen.,Die Männer  von Israel  hatten aber zu Mizpa geschworen  und gesagt : Niemand  von uns soll seine Tochter  den Benjaminitern  zum Weibe geben !,Die Männer  von Israel  hatten aber zu Mizpa geschworen  und gesagt : Niemand  von uns soll seine Tochter  den Benjaminitern  zur Frau geben !
Judg.21.3,7,Jehova,divine-name-syntax,Subjekt/Objekt/Anrede ohne eindeutiges Regelsignal; Artikel und Kasus prüfen.,"Warum, Jehova , Gott Israels , ist dieses in Israel  geschehen, daß heute ein Stamm  aus Israel  vermißt wird ?","Warum, HERR , Gott Israels , ist dieses in Israel  geschehen, dass heute ein Stamm  aus Israel  vermisst wird ?"
Judg.21.18,168,Weib,gender-agreement,Nominalgruppe regelbasiert angepasst; längere Pronomenbezüge/Satzkongruenz prüfen.,"Wir aber, wir können ihnen  keine Weiber  von unseren Töchtern geben ; denn die Kinder Israel  haben geschworen und gesagt : Verflucht  sei, wer den Benjaminitern  ein Weib gibt !","Wir aber, wir können ihnen  keine Frauen  von unseren Töchtern geben ; denn die Kinder Israel  haben geschworen und gesagt : Verflucht  sei, wer den Benjaminitern  eine Frau gibt !"
Judg.21.21,195,Weib,gender-agreement,Nominalgruppe regelbasiert angepasst; längere Pronomenbezüge/Satzkongruenz prüfen.,"
        und  sehet zu, und siehe , wenn die Töchter von Silo  herausziehen zum Reigentanze, so kommet hervor aus  den Weinbergen  und erhaschet euch unter den Töchtern  von Silo ein  jeder sein Weib , und ziehet hin  in das Land Benjamin .","
        und  sehet zu, und siehe , wenn die Töchter von Silo  herausziehen zum Reigentanze, so kommet hervor aus  den Weinbergen  und erhaschet euch unter den Töchtern  von Silo ein  jeder seine Frau , und ziehet hin  in das Land Benjamin ."
Judg.21.22,176,Weib,gender-agreement,Nominalgruppe regelbasiert angepasst; längere Pronomenbezüge/Satzkongruenz prüfen.,"Und es soll geschehen, wenn ihre Väter  oder ihre Brüder  kommen, um mit uns zu rechten, so wollen wir zu ihnen sagen : Gewähret sie  uns! Denn wir haben nicht ein  jeder sein Weib  im Kriege empfangen ; denn nicht ihr  habt sie ihnen gegeben , daß ihr jetzt schuldig  wäret.","Und es soll geschehen, wenn ihre Väter  oder ihre Brüder  kommen, um mit uns zu rechten, so wollen wir zu ihnen sagen : Gewähret sie  uns! Denn wir haben nicht ein  jeder seine Frau  im Kriege empfangen ; denn nicht ihr  habt sie ihnen gegeben , dass ihr jetzt schuldig  wäret."
Ruth.1.1,197,Weib,gender-agreement,Nominalgruppe regelbasiert angepasst; längere Pronomenbezüge/Satzkongruenz prüfen.,"Und es geschah in den Tagen , als die Richter richteten , da entstand eine Hungersnot im Lande . Und ein Mann  von Bethlehem-Juda zog  hin, um sich  in den Gefilden Moabs  aufzuhalten, er und sein Weib  und seine beiden Söhne .","Und es geschah in den Tagen , als die Richter richteten , da entstand eine Hungersnot im Lande . Und ein Mann  von Bethlehem-Juda zog  hin, um sich  in den Gefilden Moabs  aufzuhalten, er und seine Frau  und seine beiden Söhne ."
Ruth.1.2,63,Weibes,gender-agreement,Nominalgruppe regelbasiert angepasst; längere Pronomenbezüge/Satzkongruenz prüfen.,"Und der Name  des Mannes  war Elimelech , und der Name  seines Weibes  Noomi, und die Namen  seiner beiden Söhne  Machlon und Kiljon, Ephratiter von Bethlehem-Juda . Und sie kamen  in die Gefilde Moabs  und blieben daselbst.","Und der Name  des Mannes  war Elimelech , und der Name  seiner Frau  Noomi, und die Namen  seiner beiden Söhne  Machlon und Kiljon, Ephratiter von Bethlehem-Juda . Und sie kamen  in die Gefilde Moabs  und blieben daselbst."
Ruth.1.5,58,Weib,gender-agreement,Nominalgruppe regelbasiert angepasst; längere Pronomenbezüge/Satzkongruenz prüfen.,"Da starben  auch die beiden , Machlon und Kiljon; und das Weib  blieb allein übrig  von ihren beiden  Söhnen und von ihrem Manne .","Da starben  auch die beiden , Machlon und Kiljon; und die Frau  blieb allein übrig  von ihren beiden  Söhnen und von ihrem Manne ."
Ruth.1.8,109,Jehova,divine-name-syntax,Subjekt/Objekt/Anrede ohne eindeutiges Regelsignal; Artikel und Kasus prüfen.,"Da sprach  Noomi zu  ihren beiden Schwiegertöchtern : Gehet, kehret um, eine  jede zum Hause  ihrer Mutter . Jehova  erweise Güte  an euch , so wie ihr sie  an den Verstorbenen und  an mir  erwiesen habt .","Da sprach  Noomi zu  ihren beiden Schwiegertöchtern : Gehet, kehret um, eine  jede zum Hause  ihrer Mutter . HERR  erweise Güte  an euch , so wie ihr sie  an den Verstorbenen und  an mir  erwiesen habt ."
Ruth.1.9,9,Jehova,divine-name-syntax,Subjekt/Objekt/Anrede ohne eindeutiges Regelsignal; Artikel und Kasus prüfen.,"
        Jehova 
        gebe 
        euch , daß ihr Ruhe findet , eine  jede in dem Hause  ihres Mannes ! Und sie küßte  sie. Und sie erhoben ihre Stimme  und weinten ;","
        HERR 
        gebe 
        euch , dass ihr Ruhe findet , eine  jede in dem Hause  ihres Mannes ! Und sie küsste  sie. Und sie erhoben ihre Stimme  und weinten ;"
Ruth.1.17,87,Jehova,divine-name-syntax,Subjekt/Objekt/Anrede ohne eindeutiges Regelsignal; Artikel und Kasus prüfen.,"wo du stirbst, will ich sterben , und daselbst will ich begraben werden . So soll  mir Jehova tun  und so hinzufügen, nur der Tod  soll scheiden  zwischen mir und dir!","wo du stirbst, will ich sterben , und daselbst will ich begraben werden . So soll  mir HERR tun  und so hinzufügen, nur der Tod  soll scheiden  zwischen mir und dir!"
Ruth.1.21,53,Jehova,divine-name-syntax,Subjekt/Objekt/Anrede ohne eindeutiges Regelsignal; Artikel und Kasus prüfen.,"
        Voll  bin ich gegangen , und leer hat  mich Jehova  zurückkehren lassen. Warum nennet ihr  mich Noomi, da Jehova  gegen mich gezeugt, und der Allmächtige mir  Übles getan  hat?","
        Voll  bin ich gegangen , und leer hat  mich HERR  zurückkehren lassen. Warum nennet ihr  mich Noomi, da HERR  gegen mich gezeugt, und der Allmächtige mir  Übles getan  hat?"
Ruth.1.21,115,Jehova,divine-name-syntax,Subjekt/Objekt/Anrede ohne eindeutiges Regelsignal; Artikel und Kasus prüfen.,"
        Voll  bin ich gegangen , und leer hat  mich Jehova  zurückkehren lassen. Warum nennet ihr  mich Noomi, da Jehova  gegen mich gezeugt, und der Allmächtige mir  Übles getan  hat?","
        Voll  bin ich gegangen , und leer hat  mich HERR  zurückkehren lassen. Warum nennet ihr  mich Noomi, da HERR  gegen mich gezeugt, und der Allmächtige mir  Übles getan  hat?"
Ruth.2.12,9,Jehova,divine-name-syntax,Subjekt/Objekt/Anrede ohne eindeutiges Regelsignal; Artikel und Kasus prüfen.,"
        Jehova 
        vergelte  dir dein Tun , und voll  sei dein Lohn  von Jehova , dem Gott Israels , unter dessen Flügeln Zuflucht  zu suchen du gekommen  bist!","
        HERR 
        vergelte  dir dein Tun , und voll  sei dein Lohn  von dem HERRN , dem Gott Israels , unter dessen Flügeln Zuflucht  zu suchen du gekommen  bist!"
Ruth.3.8,92,Weib,gender-agreement,Nominalgruppe regelbasiert angepasst; längere Pronomenbezüge/Satzkongruenz prüfen.,"Und es geschah um Mitternacht, da schrak der Mann  auf und beugte sich  hin: und siehe, ein Weib  lag zu seinen Füßen .","Und es geschah um Mitternacht, da schrak der Mann  auf und beugte sich  hin: und siehe, eine Frau  lag zu seinen Füßen ."
Ruth.3.11,159,Weib,gender-agreement,Nominalgruppe regelbasiert angepasst; längere Pronomenbezüge/Satzkongruenz prüfen.,"
        Und  nun, meine Tochter , fürchte  dich nicht! Alles, was du  sagst, werde ich dir tun ; denn das ganze Tor  meines Volkes weiß , daß du ein wackeres Weib  bist.","
        Und  nun, meine Tochter , fürchte  dich nicht! Alles, was du  sagst, werde ich dir tun ; denn das ganze Tor  meines Volkes weiß , dass du eine wackere Frau  bist."
Ruth.3.14,155,Weib,gender-agreement,Nominalgruppe regelbasiert angepasst; längere Pronomenbezüge/Satzkongruenz prüfen.,"Und sie lag  zu seinen Füßen  bis zum Morgen ; und sie stand auf , ehe einer  den anderen erkennen  konnte; denn er sprach : Es werde nicht  kund, daß ein Weib  auf die Tenne  gekommen ist!","Und sie lag  zu seinen Füßen  bis zum Morgen ; und sie stand auf , ehe einer  den anderen erkennen  konnte; denn er sprach : Es werde nicht  kund, dass eine Frau  auf die Tenne  gekommen ist!"
Ruth.4.5,123,Weibe,gender-agreement,Nominalgruppe regelbasiert angepasst; längere Pronomenbezüge/Satzkongruenz prüfen.,"Da sprach Boas : An dem Tage , da du das Feld  aus der Hand  Noomis kaufst, hast  du es auch von Ruth , der Moabitin , dem Weibe  des Verstorbenen , gekauft , um den Namen  des Verstorbenen auf  seinem Erbteil  zu erwecken.","Da sprach Boas : An dem Tage , da du das Feld  aus der Hand  Noomis kaufst, hast  du es auch von Ruth , der Moabitin , der Frau  des Verstorbenen , gekauft , um den Namen  des Verstorbenen auf  seinem Erbteil  zu erwecken."
Ruth.4.10,35,Weib,gender-agreement,Nominalgruppe regelbasiert angepasst; längere Pronomenbezüge/Satzkongruenz prüfen.,"und auch Ruth , die Moabitin , das Weib  Machlons, habe  ich mir  zum Weibe gekauft , um den Namen  des Verstorbenen auf  seinem Erbteil  zu erwecken, daß nicht der Name  des Verstorbenen ausgerottet werde unter seinen Brüdern  und aus  dem Tore  seines Ortes. Ihr seid heute Zeugen !","und auch Ruth , die Moabitin , die Frau  Machlons, habe  ich mir  zur Frau gekauft , um den Namen  des Verstorbenen auf  seinem Erbteil  zu erwecken, dass nicht der Name  des Verstorbenen ausgerottet werde unter seinen Brüdern  und aus  dem Tore  seines Ortes. Ihr seid heute Zeugen !"
Ruth.4.10,70,Weibe,gender-agreement,Nominalgruppe regelbasiert angepasst; längere Pronomenbezüge/Satzkongruenz prüfen.,"und auch Ruth , die Moabitin , das Weib  Machlons, habe  ich mir  zum Weibe gekauft , um den Namen  des Verstorbenen auf  seinem Erbteil  zu erwecken, daß nicht der Name  des Verstorbenen ausgerottet werde unter seinen Brüdern  und aus  dem Tore  seines Ortes. Ihr seid heute Zeugen !","und auch Ruth , die Moabitin , die Frau  Machlons, habe  ich mir  zur Frau gekauft , um den Namen  des Verstorbenen auf  seinem Erbteil  zu erwecken, dass nicht der Name  des Verstorbenen ausgerottet werde unter seinen Brüdern  und aus  dem Tore  seines Ortes. Ihr seid heute Zeugen !"
Ruth.4.11,91,Jehova,divine-name-syntax,Subjekt/Objekt/Anrede ohne eindeutiges Regelsignal; Artikel und Kasus prüfen.,"
        Und  alles Volk , das im Tore  war, und die Ältesten sprachen : Wir sind Zeugen ! Jehova mache  das Weib , das in dein Haus kommt , wie Rahel  und wie Lea , welche beide  das Haus Israel  erbaut haben; und werde  mächtig in Ephrata  und stifte einen Namen  in Bethlehem !","
        Und  alles Volk , das im Tore  war, und die Ältesten sprachen : Wir sind Zeugen ! HERR mache  die Frau , die in dein Haus kommt , wie Rahel  und wie Lea , welche beide  das Haus Israel  erbaut haben; und werde  mächtig in Ephrata  und stifte einen Namen  in Bethlehem !"
Ruth.4.11,109,Weib,gender-agreement,Nominalgruppe regelbasiert angepasst; längere Pronomenbezüge/Satzkongruenz prüfen.,"
        Und  alles Volk , das im Tore  war, und die Ältesten sprachen : Wir sind Zeugen ! Jehova mache  das Weib , das in dein Haus kommt , wie Rahel  und wie Lea , welche beide  das Haus Israel  erbaut haben; und werde  mächtig in Ephrata  und stifte einen Namen  in Bethlehem !","
        Und  alles Volk , das im Tore  war, und die Ältesten sprachen : Wir sind Zeugen ! HERR mache  die Frau , die in dein Haus kommt , wie Rahel  und wie Lea , welche beide  das Haus Israel  erbaut haben; und werde  mächtig in Ephrata  und stifte einen Namen  in Bethlehem !"
Ruth.4.12,54,Weibe,gender-agreement,Nominalgruppe regelbasiert angepasst; längere Pronomenbezüge/Satzkongruenz prüfen.,"Und von dem Samen , den Jehova  dir von diesem jungen Weibe geben  wird, werde dein Haus  wie das Haus  des Perez , welchen Tamar dem Juda geboren  hat!","Und von dem Samen , den HERRN  dir von dieser jungen Frau geben  wird, werde dein Haus  wie das Haus  des Perez , welchen Tamar dem Juda geboren  hat!"
Ruth.4.13,41,Weib,gender-agreement,Nominalgruppe regelbasiert angepasst; längere Pronomenbezüge/Satzkongruenz prüfen.,"Und Boas nahm Ruth , und sie  wurde sein Weib , und er  ging zu ihr ein; und Jehova  verlieh ihr Schwangerschaft und sie gebar  einen Sohn .","Und Boas nahm Ruth , und sie  wurde seine Frau , und er  ging zu ihr ein; und HERR  verlieh ihr Schwangerschaft und sie gebar  einen Sohn ."
Ruth.4.13,77,Jehova,divine-name-syntax,Subjekt/Objekt/Anrede ohne eindeutiges Regelsignal; Artikel und Kasus prüfen.,"Und Boas nahm Ruth , und sie  wurde sein Weib , und er  ging zu ihr ein; und Jehova  verlieh ihr Schwangerschaft und sie gebar  einen Sohn .","Und Boas nahm Ruth , und sie  wurde seine Frau , und er  ging zu ihr ein; und HERR  verlieh ihr Schwangerschaft und sie gebar  einen Sohn ."
Ruth.4.16,50,Schoß,spelling-context,Kontextabhängige Schreibung/modernes Homograph; unverändert prüfen.,Und Noomi nahm  das Kind  und legte  es auf ihren Schoß  und wurde seine Wärterin .,Und Noomi nahm  das Kind  und legte  es auf ihren Schoß  und wurde seine Wärterin .
1Sam.1.4,67,Weibe,gender-agreement,Nominalgruppe regelbasiert angepasst; längere Pronomenbezüge/Satzkongruenz prüfen.,"Und es geschah an dem Tage , da Elkana opferte , da gab  er seinem Weibe Peninna  und allen ihren Söhnen  und ihren Töchtern Stücke ;","Und es geschah an dem Tage , da Elkana opferte , da gab  er seiner Frau Peninna  und allen ihren Söhnen  und ihren Töchtern Stücke ;"
1Sam.1.11,39,Jehova,divine-name-syntax,Subjekt/Objekt/Anrede ohne eindeutiges Regelsignal; Artikel und Kasus prüfen.,"Und sie tat  ein Gelübde  und sprach : Jehova  der Heerscharen! Wenn du das Elend  deiner Magd  ansehen und meiner gedenken  und deine Magd nicht  vergessen wirst  und wirst deiner Magd  männlichen Samen geben , so will ich ihn Jehova geben  alle Tage  seines Lebens ; und kein Schermesser soll auf  sein Haupt  kommen.","Und sie tat  ein Gelübde  und sprach : HERR  der Heerscharen! Wenn du das Elend  deiner Magd  ansehen und meiner gedenken  und deine Magd nicht  vergessen wirst  und wirst deiner Magd  männlichen Samen geben , so will ich ihn HERR geben  alle Tage  seines Lebens ; und kein Schermesser soll auf  sein Haupt  kommen."
1Sam.1.11,228,Jehova,divine-name-syntax,Subjekt/Objekt/Anrede ohne eindeutiges Regelsignal; Artikel und Kasus prüfen.,"Und sie tat  ein Gelübde  und sprach : Jehova  der Heerscharen! Wenn du das Elend  deiner Magd  ansehen und meiner gedenken  und deine Magd nicht  vergessen wirst  und wirst deiner Magd  männlichen Samen geben , so will ich ihn Jehova geben  alle Tage  seines Lebens ; und kein Schermesser soll auf  sein Haupt  kommen.","Und sie tat  ein Gelübde  und sprach : HERR  der Heerscharen! Wenn du das Elend  deiner Magd  ansehen und meiner gedenken  und deine Magd nicht  vergessen wirst  und wirst deiner Magd  männlichen Samen geben , so will ich ihn HERR geben  alle Tage  seines Lebens ; und kein Schermesser soll auf  sein Haupt  kommen."
1Sam.1.15,58,Weib,gender-agreement,Nominalgruppe regelbasiert angepasst; längere Pronomenbezüge/Satzkongruenz prüfen.,"Aber Hanna antwortete  und sprach : Nein, mein Herr ! Ein Weib  beschwerten Geistes bin ich ; weder Wein  noch starkes Getränk  habe ich getrunken , sondern ich schüttete meine Seele vor Jehova aus .","Aber Hanna antwortete  und sprach : Nein, mein Herr ! Eine Frau  beschwerten Geistes bin ich ; weder Wein  noch starkes Getränk  habe ich getrunken , sondern ich schüttete meine Seele vor dem HERRN aus ."
1Sam.1.18,73,Weib,gender-agreement,Nominalgruppe regelbasiert angepasst; längere Pronomenbezüge/Satzkongruenz prüfen.,"Und sie sprach : Möge deine Magd Gnade finden  in deinen Augen ! Und das Weib ging  ihres Weges  und aß , und ihr Angesicht  war nicht mehr dasselbe.","Und sie sprach : Möge deine Magd Gnade finden  in deinen Augen ! Und die Frau ging  ihres Weges  und aß , und ihr Angesicht  war nicht mehr dasselbe."
1Sam.1.19,166,Weib,gender-agreement,Nominalgruppe regelbasiert angepasst; längere Pronomenbezüge/Satzkongruenz prüfen.,"Und sie machten sich  des Morgens  früh auf  und beteten an vor Jehova ; und sie kehrten  zurück und kamen  in ihr Haus  nach Rama . Und Elkana erkannte Hanna , sein Weib , und Jehova gedachte  ihrer.","Und sie machten sich  des Morgens  früh auf  und beteten an vor dem HERRN ; und sie kehrten  zurück und kamen  in ihr Haus  nach Rama . Und Elkana erkannte Hanna , seine Frau , und der HERR gedachte  ihrer."
1Sam.1.23,171,Weib,gender-agreement,Nominalgruppe regelbasiert angepasst; längere Pronomenbezüge/Satzkongruenz prüfen.,"Und Elkana , ihr Mann , sprach  zu ihr : Tue, was gut  ist in deinen Augen ; bleibe, bis du ihn entwöhnt  hast; nur möge Jehova  sein Wort  aufrecht halten ! So blieb das Weib  und säugte  ihren Sohn , bis sie ihn entwöhnt hatte .","Und Elkana , ihr Mann , sprach  zu ihr : Tue, was gut  ist in deinen Augen ; bleibe, bis du ihn entwöhnt  hast; nur möge der HERR  sein Wort  aufrecht halten ! So blieb die Frau  und säugte  ihren Sohn , bis sie ihn entwöhnt hatte ."
1Sam.1.24,4,sobald,spelling-context,Kontextabhängige Schreibung/modernes Homograph; unverändert prüfen.,"Und sobald sie ihn entwöhnt  hatte, brachte  sie ihn mit sich hinauf  nebst drei Farren  und einem Epha Mehl  und einem Schlauch Wein , und brachte ihn in das Haus Jehovas  nach Silo ; und der Knabe  war noch jung .","Und sobald sie ihn entwöhnt  hatte, brachte  sie ihn mit sich hinauf  nebst drei Farren  und einem Epha Mehl  und einem Schlauch Wein , und brachte ihn in das Haus des HERRN  nach Silo ; und der Knabe  war noch jung ."
1Sam.1.26,88,Weib,gender-agreement,Nominalgruppe regelbasiert angepasst; längere Pronomenbezüge/Satzkongruenz prüfen.,"Und sie sprach : Bitte, mein Herr ! So wahr deine Seele lebt , mein Herr , ich  bin das Weib , das hier bei dir stand , um zu Jehova  zu flehen.","Und sie sprach : Bitte, mein Herr ! So wahr deine Seele lebt , mein Herr , ich  bin die Frau , die hier bei dir stand , um zu dem HERRN  zu flehen."
1Sam.1.28,22,Jehova,divine-name-syntax,Subjekt/Objekt/Anrede ohne eindeutiges Regelsignal; Artikel und Kasus prüfen.,"So habe auch ich  ihn Jehova  geliehen; alle die Tage , die er lebt, ist er Jehova  geliehen. Und er betete daselbst Jehova an .","So habe auch ich  ihn HERR  geliehen; alle die Tage , die er lebt, ist er HERR  geliehen. Und er betete daselbst HERR an ."
1Sam.1.28,76,Jehova,divine-name-syntax,Subjekt/Objekt/Anrede ohne eindeutiges Regelsignal; Artikel und Kasus prüfen.,"So habe auch ich  ihn Jehova  geliehen; alle die Tage , die er lebt, ist er Jehova  geliehen. Und er betete daselbst Jehova an .","So habe auch ich  ihn HERR  geliehen; alle die Tage , die er lebt, ist er HERR  geliehen. Und er betete daselbst HERR an ."
1Sam.1.28,117,Jehova,divine-name-syntax,Subjekt/Objekt/Anrede ohne eindeutiges Regelsignal; Artikel und Kasus prüfen.,"So habe auch ich  ihn Jehova  geliehen; alle die Tage , die er lebt, ist er Jehova  geliehen. Und er betete daselbst Jehova an .","So habe auch ich  ihn HERR  geliehen; alle die Tage , die er lebt, ist er HERR  geliehen. Und er betete daselbst HERR an ."
1Sam.2.10,9,Jehova,divine-name-syntax,Subjekt/Objekt/Anrede ohne eindeutiges Regelsignal; Artikel und Kasus prüfen.,"
        Jehova 
        - es  werden zerschmettert werden, die mit ihm hadern ; über ihnen im Himmel  wird er donnern . Jehova  wird richten  die Enden der Erde , und Macht  verleihen seinem König  und erhöhen  das Horn  seines Gesalbten . -","
        HERR 
        - es  werden zerschmettert werden, die mit ihm hadern ; über ihnen im Himmel  wird er donnern . Der HERR  wird richten  die Enden der Erde , und Macht  verleihen seinem König  und erhöhen  das Horn  seines Gesalbten . -"
1Sam.2.12,54,Jehova,divine-name-syntax,Subjekt/Objekt/Anrede ohne eindeutiges Regelsignal; Artikel und Kasus prüfen.,"Und die Söhne Elis  waren Söhne  Belials, sie kannten Jehova  nicht.","Und die Söhne Elis  waren Söhne  Belials, sie kannten HERR  nicht."
1Sam.2.20,33,Weib,gender-agreement,Nominalgruppe regelbasiert angepasst; längere Pronomenbezüge/Satzkongruenz prüfen.,"Und Eli segnete Elkana  und sein Weib  und sprach : Jehova  gebe dir Samen  von diesem Weibe  an Stelle des Geliehenen, das man Jehova  geliehen hat . Und sie gingen  nach Hause.","Und Eli segnete Elkana  und seine Frau  und sprach : HERR  gebe dir Samen  von dieser Frau  an Stelle des Geliehenen, das man HERR  geliehen hat . Und sie gingen  nach Hause."
1Sam.2.20,52,Jehova,divine-name-syntax,Subjekt/Objekt/Anrede ohne eindeutiges Regelsignal; Artikel und Kasus prüfen.,"Und Eli segnete Elkana  und sein Weib  und sprach : Jehova  gebe dir Samen  von diesem Weibe  an Stelle des Geliehenen, das man Jehova  geliehen hat . Und sie gingen  nach Hause.","Und Eli segnete Elkana  und seine Frau  und sprach : HERR  gebe dir Samen  von dieser Frau  an Stelle des Geliehenen, das man HERR  geliehen hat . Und sie gingen  nach Hause."
1Sam.2.20,87,Weibe,gender-agreement,Nominalgruppe regelbasiert angepasst; längere Pronomenbezüge/Satzkongruenz prüfen.,"Und Eli segnete Elkana  und sein Weib  und sprach : Jehova  gebe dir Samen  von diesem Weibe  an Stelle des Geliehenen, das man Jehova  geliehen hat . Und sie gingen  nach Hause.","Und Eli segnete Elkana  und seine Frau  und sprach : HERR  gebe dir Samen  von dieser Frau  an Stelle des Geliehenen, das man HERR  geliehen hat . Und sie gingen  nach Hause."
1Sam.2.20,128,Jehova,divine-name-syntax,Subjekt/Objekt/Anrede ohne eindeutiges Regelsignal; Artikel und Kasus prüfen.,"Und Eli segnete Elkana  und sein Weib  und sprach : Jehova  gebe dir Samen  von diesem Weibe  an Stelle des Geliehenen, das man Jehova  geliehen hat . Und sie gingen  nach Hause.","Und Eli segnete Elkana  und seine Frau  und sprach : HERR  gebe dir Samen  von dieser Frau  an Stelle des Geliehenen, das man HERR  geliehen hat . Und sie gingen  nach Hause."
1Sam.2.21,22,Jehova,divine-name-syntax,Subjekt/Objekt/Anrede ohne eindeutiges Regelsignal; Artikel und Kasus prüfen.,"
        Und 
        Jehova  suchte Hanna heim , und sie wurde schwanger ; und sie gebar drei Söhne  und zwei Töchter . Und der Knabe Samuel  wurde groß bei Jehova .","
        Und 
        HERR  suchte Hanna heim , und sie wurde schwanger ; und sie gebar drei Söhne  und zwei Töchter . Und der Knabe Samuel  wurde groß bei dem HERRN ."
1Sam.3.4,8,Jehova,divine-name-syntax,Subjekt/Objekt/Anrede ohne eindeutiges Regelsignal; Artikel und Kasus prüfen.,da rief Jehova  den Samuel . Und er sprach : Hier bin ich!,da rief HERR  den Samuel . Und er sprach : Hier bin ich!
1Sam.3.7,30,Jehova,divine-name-syntax,Subjekt/Objekt/Anrede ohne eindeutiges Regelsignal; Artikel und Kasus prüfen.,"
        Samuel  aber kannte  Jehova noch nicht , und  das Wort  Jehovas war  ihm noch nicht  geoffenbart.","
        Samuel  aber kannte  HERR noch nicht , und  das Wort  des HERRN war  ihm noch nicht  geoffenbart."
1Sam.3.9,108,Jehova,divine-name-syntax,Subjekt/Objekt/Anrede ohne eindeutiges Regelsignal; Artikel und Kasus prüfen.,"Und Eli sprach  zu Samuel : Gehe hin , lege dich ; und es geschehe, wenn man dich ruft , so sprich : Rede , Jehova , denn dein Knecht hört . Und Samuel  ging hin und legte sich  an seinen Ort .","Und Eli sprach  zu Samuel : Gehe hin , lege dich ; und es geschehe, wenn man dich ruft , so sprich : Rede , HERR , denn dein Knecht hört . Und Samuel  ging hin und legte sich  an seinen Ort ."
1Sam.3.21,60,Jehova,divine-name-syntax,Subjekt/Objekt/Anrede ohne eindeutiges Regelsignal; Artikel und Kasus prüfen.,"
        Und  Jehova fuhr fort in Silo zu erscheinen ; denn Jehova offenbarte sich dem Samuel  in Silo  durch das Wort  Jehovas. Und  das Wort Samuels erging an ganz Israel.","
        Und  der HERR fuhr fort in Silo zu erscheinen ; denn HERR offenbarte sich dem Samuel  in Silo  durch das Wort  des HERRN. Und  das Wort Samuels erging an ganz Israel."
1Sam.4.19,33,Weib,gender-agreement,Nominalgruppe regelbasiert angepasst; längere Pronomenbezüge/Satzkongruenz prüfen.,"Und seine Schwiegertochter , das Weib  des Pinehas , war schwanger  zum Gebären ; und als sie die Nachricht hörte , daß  die Lade Gottes genommen , und daß ihr Schwiegervater  und ihr Mann tot  wären, da sank sie nieder und gebar , denn es überfielen sie ihre Wehen.","Und seine Schwiegertochter , die Frau  des Pinehas , war schwanger  zum Gebären ; und als sie die Nachricht hörte , dass  die Lade Gottes genommen , und dass ihr Schwiegervater  und ihr Mann tot  wären, da sank sie nieder und gebar , denn es überfielen sie ihre Wehen."
1Sam.6.17,57,Jehova,divine-name-syntax,Subjekt/Objekt/Anrede ohne eindeutiges Regelsignal; Artikel und Kasus prüfen.,"Und dies sind die goldenen Beulen , welche die Philister Jehova  als Schuldopfer  erstatteten: Für Asdod eine , für Gasa eine , für Askalon eine , für Gath eine , für Ekron eine ;","Und dies sind die goldenen Beulen , welche die Philister HERR  als Schuldopfer  erstatteten: Für Asdod eine , für Gasa eine , für Askalon eine , für Gath eine , für Ekron eine ;"
1Sam.7.2,169,Jehova,divine-name-syntax,Subjekt/Objekt/Anrede ohne eindeutiges Regelsignal; Artikel und Kasus prüfen.,"Und es geschah von dem Tage  an, da die Lade  zu Kirjath  -Jearim blieb , daß der Tage  viele wurden, und es wurden zwanzig Jahre . Und das ganze Haus Israel  wehklagte Jehova nach .","Und es geschah von dem Tage  an, da die Lade  zu Kirjath  -Jearim blieb , dass der Tage  viele wurden, und es wurden zwanzig Jahre . Und das ganze Haus Israel  wehklagte HERR nach ."
1Sam.7.3,207,Jehova,divine-name-syntax,Subjekt/Objekt/Anrede ohne eindeutiges Regelsignal; Artikel und Kasus prüfen.,"Da sprach Samuel zu  dem ganzen Hause Israel  und sagte: Wenn ihr mit eurem ganzen Herzen  zu Jehova  umkehret, so tut  die fremden Götter  und die Astaroth aus eurer Mitte hinweg, und richtet euer Herz auf Jehova  und dienet  ihm allein; und er  wird euch  aus der Hand  der Philister erretten .","Da sprach Samuel zu  dem ganzen Hause Israel  und sagte: Wenn ihr mit eurem ganzen Herzen  zu dem HERRN  umkehret, so tut  die fremden Götter  und die Astaroth aus eurer Mitte hinweg, und richtet euer Herz auf HERR  und dienet  ihm allein; und er  wird euch  aus der Hand  der Philister erretten ."
1Sam.7.5,71,Jehova,divine-name-syntax,Subjekt/Objekt/Anrede ohne eindeutiges Regelsignal; Artikel und Kasus prüfen.,"Und Samuel sprach : Versammelt  ganz Israel  nach Mizpa , und ich will Jehova  für euch bitten .","Und Samuel sprach : Versammelt  ganz Israel  nach Mizpa , und ich will HERR  für euch bitten ."
1Sam.7.9,165,Jehova,divine-name-syntax,Subjekt/Objekt/Anrede ohne eindeutiges Regelsignal; Artikel und Kasus prüfen.,"
        Und 
        Samuel 
        nahm 
        ein  Milchlamm und opferte  es ganz  als Brandopfer  dem Jehova ; und Samuel  schrie zu Jehova  für Israel , und Jehova erhörte  ihn.","
        Und 
        Samuel 
        nahm 
        ein  Milchlamm und opferte  es ganz  als Brandopfer  dem HERRN ; und Samuel  schrie zu dem HERRN  für Israel , und HERR erhörte  ihn."
1Sam.7.10,124,Jehova,divine-name-syntax,Subjekt/Objekt/Anrede ohne eindeutiges Regelsignal; Artikel und Kasus prüfen.,"Es geschah nämlich, während Samuel  das Brandopfer opferte , da rückten die Philister  heran zum Streit  wider Israel . Und Jehova donnerte  mit starkem Donner  an selbigem Tage  über den Philistern  und verwirrte sie , und sie wurden vor Israel geschlagen .","Es geschah nämlich, während Samuel  das Brandopfer opferte , da rückten die Philister  heran zum Streit  wider Israel . Und HERR donnerte  mit starkem Donner  an selbigem Tage  über den Philistern  und verwirrte sie , und sie wurden vor Israel geschlagen ."
1Sam.7.12,147,Jehova,divine-name-syntax,Subjekt/Objekt/Anrede ohne eindeutiges Regelsignal; Artikel und Kasus prüfen.,"Und Samuel nahm einen Stein  und stellte  ihn auf zwischen Mizpa  und Schen, und er gab  ihm den Namen  Eben-Eser und sprach : Bis hierher hat uns Jehova  geholfen.","Und Samuel nahm einen Stein  und stellte  ihn auf zwischen Mizpa  und Schen, und er gab  ihm den Namen  Eben-Eser und sprach : Bis hierher hat uns HERR  geholfen."
1Sam.9.17,0,Sobald,spelling-context,Kontextabhängige Schreibung/modernes Homograph; unverändert prüfen.,"Sobald nun Samuel Saul sah , antwortete  ihm Jehova : Siehe da den Mann , von dem ich zu dir geredet habe ; dieser soll über mein Volk  herrschen.","Sobald nun Samuel Saul sah , antwortete  ihm HERR : Siehe da den Mann , von dem ich zu dir geredet habe ; dieser soll über mein Volk  herrschen."
1Sam.9.17,45,Jehova,divine-name-syntax,Subjekt/Objekt/Anrede ohne eindeutiges Regelsignal; Artikel und Kasus prüfen.,"Sobald nun Samuel Saul sah , antwortete  ihm Jehova : Siehe da den Mann , von dem ich zu dir geredet habe ; dieser soll über mein Volk  herrschen.","Sobald nun Samuel Saul sah , antwortete  ihm HERR : Siehe da den Mann , von dem ich zu dir geredet habe ; dieser soll über mein Volk  herrschen."
1Sam.12.10,73,Jehova,divine-name-syntax,Subjekt/Objekt/Anrede ohne eindeutiges Regelsignal; Artikel und Kasus prüfen.,"Da schrieen  sie zu Jehova  und sprachen : Wir haben gesündigt , daß wir Jehova verlassen  und den Baalim  und den Astaroth gedient  haben; und nun errette  uns aus der Hand  unserer Feinde , so wollen wir dir dienen !","Da schrieen  sie zu dem HERRN  und sprachen : Wir haben gesündigt , dass wir HERR verlassen  und den Baalim  und den Astaroth gedient  haben; und nun errette  uns aus der Hand  unserer Feinde , so wollen wir dir dienen !"
1Sam.12.12,158,Jehova,divine-name-syntax,Subjekt/Objekt/Anrede ohne eindeutiges Regelsignal; Artikel und Kasus prüfen.,"Als ihr  aber sahet, daß Nahas , der König  der Kinder Ammon , wider euch kam , sprachet ihr zu mir: Nein, sondern ein König soll  über uns regieren! da doch Jehova , euer Gott , euer König  war.","Als ihr  aber sahet, dass Nahas , der König  der Kinder Ammon , wider euch kam , sprachet ihr zu mir: Nein, sondern ein König soll  über uns regieren! da doch HERR , euer Gott , euer König  war."
1Sam.12.14,13,Jehova,divine-name-syntax,Subjekt/Objekt/Anrede ohne eindeutiges Regelsignal; Artikel und Kasus prüfen.,"Wenn ihr nur Jehova fürchtet und  ihm dienet und  auf seine Stimme höret und  gegen den Befehl  Jehovas nicht widerspenstig seid , und  sowohl ihr als auch der König , der über euch  regiert, Jehova, eurem Gott , nachfolget!","Wenn ihr nur HERR fürchtet und  ihm dienet und  auf seine Stimme höret und  gegen den Befehl  des HERRN nicht widerspenstig seid , und  sowohl ihr als auch der König , der über euch  regiert, HERR, eurem Gott , nachfolget!"
1Sam.12.14,192,Jehova,divine-name-syntax,Subjekt/Objekt/Anrede ohne eindeutiges Regelsignal; Artikel und Kasus prüfen.,"Wenn ihr nur Jehova fürchtet und  ihm dienet und  auf seine Stimme höret und  gegen den Befehl  Jehovas nicht widerspenstig seid , und  sowohl ihr als auch der König , der über euch  regiert, Jehova, eurem Gott , nachfolget!","Wenn ihr nur HERR fürchtet und  ihm dienet und  auf seine Stimme höret und  gegen den Befehl  des HERRN nicht widerspenstig seid , und  sowohl ihr als auch der König , der über euch  regiert, HERR, eurem Gott , nachfolget!"
1Sam.12.16,68,Jehova,divine-name-syntax,Subjekt/Objekt/Anrede ohne eindeutiges Regelsignal; Artikel und Kasus prüfen.,"
        Auch  jetzt tretet  her und sehet  diese große Sache , die Jehova  vor euren Augen tun  wird.","
        Auch  jetzt tretet  her und sehet  diese große Sache , die HERR  vor euren Augen tun  wird."
1Sam.13.12,74,Jehova,divine-name-syntax,Subjekt/Objekt/Anrede ohne eindeutiges Regelsignal; Artikel und Kasus prüfen.,"Jetzt werden die Philister  zu mir nach Gilgal herabkommen , und ich habe Jehova  nicht angefleht! Und ich überwand mich  und opferte  das Brandopfer .","Jetzt werden die Philister  zu mir nach Gilgal herabkommen , und ich habe HERR  nicht angefleht! Und ich überwand mich  und opferte  das Brandopfer ."
1Sam.13.13,205,Jehova,divine-name-syntax,Subjekt/Objekt/Anrede ohne eindeutiges Regelsignal; Artikel und Kasus prüfen.,"
        Und 
        Samuel 
        sprach 
        zu 
        Saul : Du hast töricht  gehandelt, du hast nicht  beobachtet das Gebot  Jehovas, deines Gottes , das er dir geboten hat ; denn jetzt hätte Jehova dein Königtum über Israel  bestätigt auf ewig ;","
        Und 
        Samuel 
        sprach 
        zu 
        Saul : Du hast töricht  gehandelt, du hast nicht  beobachtet das Gebot  des HERRN, deines Gottes , das er dir geboten hat ; denn jetzt hätte HERR dein Königtum über Israel  bestätigt auf ewig ;"
1Sam.14.23,11,Jehova,divine-name-syntax,Subjekt/Objekt/Anrede ohne eindeutiges Regelsignal; Artikel und Kasus prüfen.,So rettete Jehova Israel  an selbigem Tage . Und der Streit  ging über  Beth-Awen hinaus.,So rettete HERR Israel  an selbigem Tage . Und der Streit  ging über  Beth-Awen hinaus.
1Sam.14.35,61,Jehova,divine-name-syntax,Subjekt/Objekt/Anrede ohne eindeutiges Regelsignal; Artikel und Kasus prüfen.,"Und Saul baute Jehova  einen Altar ; mit diesem fing er an , Jehova  einen Altar  zu bauen .","Und Saul baute dem HERRN  einen Altar ; mit diesem fing er an , HERR  einen Altar  zu bauen ."
1Sam.14.50,18,Weibes,gender-agreement,Nominalgruppe regelbasiert angepasst; längere Pronomenbezüge/Satzkongruenz prüfen.,"Und der Name  des Weibes Sauls  war Achinoam, die Tochter  Achimaaz'. Und der Name  seines Heerobersten war Abner , der Sohn Ners , des Oheims Sauls ;","Und der Name  der Frau Sauls  war Achinoam, die Tochter  Achimaaz'. Und der Name  seines Heerobersten war Abner , der Sohn Ners , des Oheims Sauls ;"
1Sam.15.3,125,Weibe,gender-agreement,Nominalgruppe regelbasiert angepasst; längere Pronomenbezüge/Satzkongruenz prüfen.,"Nun ziehe hin  und schlage Amalek , und verbannet alles, was er  hat, und schone  seiner nicht ; und töte vom Manne  bis zum Weibe , vom Kinde bis zum Säugling , vom Rinde bis zum Kleinvieh, vom Kamel  bis zum Esel .","Nun ziehe hin  und schlage Amalek , und verbannet alles, was er  hat, und schone  seiner nicht ; und töte vom Manne  bis zur Frau , vom Kinde bis zum Säugling , vom Rinde bis zum Kleinvieh, vom Kamel  bis zum Esel ."
1Sam.15.17,112,Jehova,divine-name-syntax,Subjekt/Objekt/Anrede ohne eindeutiges Regelsignal; Artikel und Kasus prüfen.,"Und Samuel sprach : Wurdest du nicht, als du klein  in deinen Augen  warst, das Haupt  der Stämme Israels ? Und Jehova salbte  dich zum König  über Israel .","Und Samuel sprach : Wurdest du nicht, als du klein  in deinen Augen  warst, das Haupt  der Stämme Israels ? Und HERR salbte  dich zum König  über Israel ."
1Sam.15.35,99,Jehova,divine-name-syntax,Subjekt/Objekt/Anrede ohne eindeutiges Regelsignal; Artikel und Kasus prüfen.,"Und Samuel sah Saul nicht  mehr bis zum Tage  seines Todes ; denn Samuel trauerte  um Saul , da es Jehova  reute, daß  er Saul  zum König  über Israel  gemacht hatte.","Und Samuel sah Saul nicht  mehr bis zum Tage  seines Todes ; denn Samuel trauerte  um Saul , da es HERR  reute, dass  er Saul  zum König  über Israel  gemacht hatte."
1Sam.17.37,19,Jehova,divine-name-syntax,Subjekt/Objekt/Anrede ohne eindeutiges Regelsignal; Artikel und Kasus prüfen.,"Und David sprach : Jehova , der mich aus den Klauen des Löwen  und aus den Klauen des Bären errettet  hat, er  wird mich aus der Hand  dieses Philisters erretten . Und Saul sprach  zu David : Gehe  hin, und Jehova  sei mit  dir!","Und David sprach : HERR , der mich aus den Klauen des Löwen  und aus den Klauen des Bären errettet  hat, er  wird mich aus der Hand  dieses Philisters erretten . Und Saul sprach  zu David : Gehe  hin, und der HERR  sei mit  dir!"
1Sam.18.17,113,Weibe,gender-agreement,Nominalgruppe regelbasiert angepasst; längere Pronomenbezüge/Satzkongruenz prüfen.,"
        Und 
        Saul 
        sprach  zu David : Siehe, meine älteste Tochter Merab , die will ich dir zum Weibe geben ; nur sei mir ein tapferer Mann  und streite  die Streite Jehovas ! Saul  aber dachte: Meine Hand  soll nicht wider ihn  sein, sondern die Hand  der Philister  soll wider ihn sein.","
        Und 
        Saul 
        sprach  zu David : Siehe, meine älteste Tochter Merab , die will ich dir zur Frau geben ; nur sei mir ein tapferer Mann  und streite  die Streite des HERRN ! Saul  aber dachte: Meine Hand  soll nicht wider ihn  sein, sondern die Hand  der Philister  soll wider ihn sein."
1Sam.18.19,140,Weibe,gender-agreement,Nominalgruppe regelbasiert angepasst; längere Pronomenbezüge/Satzkongruenz prüfen.,"Und es geschah zu der Zeit , als Merab , die Tochter Sauls , dem David gegeben  werden sollte, da wurde sie Adriel , dem Meholathiter , zum Weibe gegeben .","Und es geschah zu der Zeit , als Merab , die Tochter Sauls , dem David gegeben  werden sollte, da wurde sie Adriel , dem Meholathiter , zur Frau gegeben ."
1Sam.18.27,283,Weibe,gender-agreement,Nominalgruppe regelbasiert angepasst; längere Pronomenbezüge/Satzkongruenz prüfen.,"da machte David  sich auf  und zog  hin, er  und seine Männer , und erschlug unter den Philistern zweihundert  Mann; und David  brachte ihre Vorhäute , und man lieferte sie dem König  vollzählig, damit er  des Königs  Schwiegersohn würde. Und Saul gab  ihm seine Tochter Michal  zum Weibe .","da machte David  sich auf  und zog  hin, er  und seine Männer , und erschlug unter den Philistern zweihundert  Mann; und David  brachte ihre Vorhäute , und man lieferte sie dem König  vollzählig, damit er  des Königs  Schwiegersohn würde. Und Saul gab  ihm seine Tochter Michal  zur Frau ."
1Sam.19.11,111,Weib,gender-agreement,Nominalgruppe regelbasiert angepasst; längere Pronomenbezüge/Satzkongruenz prüfen.,"Da sandte Saul Boten  in das Haus Davids , um ihn zu bewachen und ihn am Morgen  zu töten . Aber Michal , sein Weib , tat es David  kund und sprach : Wenn du nicht diese Nacht  deine Seele  rettest, so wirst du morgen getötet werden .","Da sandte Saul Boten  in das Haus Davids , um ihn zu bewachen und ihn am Morgen  zu töten . Aber Michal , seine Frau , tat es David  kund und sprach : Wenn du nicht diese Nacht  deine Seele  rettest, so wirst du morgen getötet werden ."
1Sam.20.12,32,Jehova,divine-name-syntax,Subjekt/Objekt/Anrede ohne eindeutiges Regelsignal; Artikel und Kasus prüfen.,"Und Jonathan sprach  zu David : Jehova , Gott Israels ! Wenn ich  meinen Vater  um diese Zeit morgen  oder übermorgen ausforsche, und siehe, es steht  gut für David , und ich nicht alsdann zu dir sende  und es deinem Ohr  eröffne,","Und Jonathan sprach  zu David : HERR , Gott Israels ! Wenn ich  meinen Vater  um diese Zeit morgen  oder übermorgen ausforsche, und siehe, es steht  gut für David , und ich nicht alsdann zu dir sende  und es deinem Ohr  eröffne,"
1Sam.20.13,34,Jehova,divine-name-syntax,Subjekt/Objekt/Anrede ohne eindeutiges Regelsignal; Artikel und Kasus prüfen.,"
        so 
        tue 
        Jehova  dem Jonathan , und so füge er hinzu! Wenn meinem Vater Böses  wider dich gefällt, so werde  ich es deinem Ohr  eröffnen und dich ziehen lassen , daß du in Frieden  weggehest; und Jehova  sei mit dir , so wie er mit meinem Vater  gewesen ist.","
        so 
        tue 
        HERR  dem Jonathan , und so füge er hinzu! Wenn meinem Vater Böses  wider dich gefällt, so werde  ich es deinem Ohr  eröffnen und dich ziehen lassen , dass du in Frieden  weggehest; und der HERR  sei mit dir , so wie er mit meinem Vater  gewesen ist."
1Sam.20.16,81,Jehova,divine-name-syntax,Subjekt/Objekt/Anrede ohne eindeutiges Regelsignal; Artikel und Kasus prüfen.,Und Jonathan machte  einen Bund mit dem Hause Davids  und sprach: So fordere  es Jehova  von der Hand  der Feinde Davids !,Und Jonathan machte  einen Bund mit dem Hause Davids  und sprach: So fordere  es HERR  von der Hand  der Feinde Davids !
1Sam.20.36,110,schoß,spelling-context,Kontextabhängige Schreibung/modernes Homograph; unverändert prüfen.,"Und er sprach  zu seinem Knaben : Laufe, suche  doch die Pfeile , die ich abschieße! Der Knabe lief , und er  schoß den Pfeil über  ihn hinaus.","Und er sprach  zu seinem Knaben : Laufe, suche  doch die Pfeile , die ich abschieße! Der Knabe lief , und er  schoß den Pfeil über  ihn hinaus."
1Sam.22.19,99,Weibe,gender-agreement,Nominalgruppe regelbasiert angepasst; längere Pronomenbezüge/Satzkongruenz prüfen.,"Und Nob , die Stadt  der Priester , schlug  er mit der Schärfe  des Schwertes , vom Manne  bis zum Weibe , vom Kinde bis zum Säugling , und Rind und Esel  und Kleinvieh, mit der Schärfe  des Schwertes .","Und Nob , die Stadt  der Priester , schlug  er mit der Schärfe  des Schwertes , vom Manne  bis zur Frau , vom Kinde bis zum Säugling , und Rind und Esel  und Kleinvieh, mit der Schärfe  des Schwertes ."
1Sam.23.4,28,Jehova,divine-name-syntax,Subjekt/Objekt/Anrede ohne eindeutiges Regelsignal; Artikel und Kasus prüfen.,"Da befragte David  wiederum Jehova , und Jehova antwortete  ihm und sprach : Mache  dich auf , ziehe nach Kehila hinab ; denn ich  werde die Philister  in deine Hand geben .","Da befragte David  wiederum HERR , und der HERR antwortete  ihm und sprach : Mache  dich auf , ziehe nach Kehila hinab ; denn ich  werde die Philister  in deine Hand geben ."
1Sam.23.10,19,Jehova,divine-name-syntax,Subjekt/Objekt/Anrede ohne eindeutiges Regelsignal; Artikel und Kasus prüfen.,"Und David sprach : Jehova , Gott Israels ! Dein Knecht hat  für gewiß gehört , daß Saul  danach trachtet, nach Kehila zu kommen , um die Stadt  zu verderben  um meinetwillen.","Und David sprach : HERR , Gott Israels ! Dein Knecht hat  für gewiss gehört , dass Saul  danach trachtet, nach Kehila zu kommen , um die Stadt  zu verderben  um meinetwillen."
1Sam.23.11,131,Jehova,divine-name-syntax,Subjekt/Objekt/Anrede ohne eindeutiges Regelsignal; Artikel und Kasus prüfen.,"
        Werden 
        die  Bürger von Kehila mich seiner Hand  ausliefern? Wird Saul  herabziehen, wie dein Knecht gehört hat ? Jehova , Gott Israels , tue es doch deinem Knechte  kund! Und Jehova sprach : Er  wird herabziehen.","
        Werden 
        die  Bürger von Kehila mich seiner Hand  ausliefern? Wird Saul  herabziehen, wie dein Knecht gehört hat ? HERR , Gott Israels , tue es doch deinem Knechte  kund! Und der HERR sprach : Er  wird herabziehen."
1Sam.24.7,0,Jehova,divine-name-syntax,Subjekt/Objekt/Anrede ohne eindeutiges Regelsignal; Artikel und Kasus prüfen.,"Jehova lasse  es fern von mir  sein, daß ich so etwas  an meinem Herrn , dem Gesalbten  Jehovas, tun  sollte, meine Hand  gegen ihn  auszustrecken! Denn er ist  der Gesalbte Jehovas.","HERR lasse  es fern von mir  sein, dass ich so etwas  an meinem Herrn , dem Gesalbten  des HERRN, tun  sollte, meine Hand  gegen ihn  auszustrecken! Denn er ist  der Gesalbte des HERRN."
1Sam.24.13,59,Jehova,divine-name-syntax,Subjekt/Objekt/Anrede ohne eindeutiges Regelsignal; Artikel und Kasus prüfen.,"
        Jehova 
        richte  zwischen mir und dir, und Jehova  räche mich an dir; aber meine Hand soll  nicht wider dich sein.","
        Der HERR 
        richte  zwischen mir und dir, und HERR  räche mich an dir; aber meine Hand soll  nicht wider dich sein."
1Sam.24.16,12,Jehova,divine-name-syntax,Subjekt/Objekt/Anrede ohne eindeutiges Regelsignal; Artikel und Kasus prüfen.,"So sei denn Jehova Richter , und richte  zwischen mir und dir; und er sehe  darein und führe  meine Streitsache und verschaffe mir Recht  aus deiner Hand !","So sei denn HERR Richter , und richte  zwischen mir und dir; und er sehe  darein und führe  meine Streitsache und verschaffe mir Recht  aus deiner Hand !"
1Sam.24.19,66,Jehova,divine-name-syntax,Subjekt/Objekt/Anrede ohne eindeutiges Regelsignal; Artikel und Kasus prüfen.,"und du hast heute  bewiesen, daß du Gutes  an mir getan  hast, da Jehova mich  in deine Hand  geliefert, und du mich nicht getötet hast.","und du hast heute  bewiesen, dass du Gutes  an mir getan  hast, da HERR mich  in deine Hand  geliefert, und du mich nicht getötet hast."
1Sam.25.3,69,Weibes,gender-agreement,Nominalgruppe regelbasiert angepasst; längere Pronomenbezüge/Satzkongruenz prüfen.,"
        Und  der Name  des Mannes  war Nabal , und der Name  seines Weibes Abigail . Und das Weib  war von guter Einsicht und schön  von Gestalt; der Mann  aber war hart  und boshaft  in seinen Handlungen, und er war ein Kalebiter.","
        Und  der Name  des Mannes  war Nabal , und der Name  seiner Frau Abigail . Und die Frau  war von guter Einsicht und schön  von Gestalt; der Mann  aber war hart  und boshaft  in seinen Handlungen, und er war ein Kalebiter."
1Sam.25.3,94,Weib,gender-agreement,Nominalgruppe regelbasiert angepasst; längere Pronomenbezüge/Satzkongruenz prüfen.,"
        Und  der Name  des Mannes  war Nabal , und der Name  seines Weibes Abigail . Und das Weib  war von guter Einsicht und schön  von Gestalt; der Mann  aber war hart  und boshaft  in seinen Handlungen, und er war ein Kalebiter.","
        Und  der Name  des Mannes  war Nabal , und der Name  seiner Frau Abigail . Und die Frau  war von guter Einsicht und schön  von Gestalt; der Mann  aber war hart  und boshaft  in seinen Handlungen, und er war ein Kalebiter."
1Sam.25.14,78,Weibe,gender-agreement,Nominalgruppe regelbasiert angepasst; längere Pronomenbezüge/Satzkongruenz prüfen.,"
        Und 
        ein  Knabe von den Knaben  berichtete der Abigail , dem Weibe Nabals , und sprach : Siehe, David  hat Boten  aus der Wüste gesandt , um unseren Herrn  zu segnen ; aber er hat sie  angefahren.","
        Und 
        ein  Knabe von den Knaben  berichtete der Abigail , der Frau Nabals , und sprach : Siehe, David  hat Boten  aus der Wüste gesandt , um unseren Herrn  zu segnen ; aber er hat sie  angefahren."
1Sam.25.37,95,Weib,gender-agreement,Nominalgruppe regelbasiert angepasst; längere Pronomenbezüge/Satzkongruenz prüfen.,"Und es geschah am Morgen , als der Weinrausch von Nabal  gegangen war , da berichtete ihm sein Weib  diese Dinge ; und sein Herz  erstarb in  seinem Innern, und er  wurde wie ein Stein .","Und es geschah am Morgen , als der Weinrausch von Nabal  gegangen war , da berichtete ihm seine Frau  diese Dinge ; und sein Herz  erstarb in  seinem Innern, und er  wurde wie ein Stein ."
1Sam.25.38,54,Jehova,divine-name-syntax,Subjekt/Objekt/Anrede ohne eindeutiges Regelsignal; Artikel und Kasus prüfen.,"Und es geschah ungefähr zehn Tage  nachher, da schlug Jehova Nabal , und er starb .","Und es geschah ungefähr zehn Tage  nachher, da schlug HERR Nabal , und er starb ."
1Sam.25.39,340,Weibe,gender-agreement,Nominalgruppe regelbasiert angepasst; längere Pronomenbezüge/Satzkongruenz prüfen.,"
        Und  als David hörte , daß Nabal  gestorben war , sprach  er: Gepriesen sei Jehova , der den Rechtsstreit meiner Schmach  von seiten Nabals  geführt und seinen Knecht  vom Bösen abgehalten hat ! Und die Bosheit Nabals  hat Jehova  auf seinen Kopf  zurückkehren lassen . Und David  sandte hin und warb um Abigail , um sie sich  zum Weibe  zu nehmen .","
        Und  als David hörte , dass Nabal  gestorben war , sprach  er: Gepriesen sei der HERR , der den Rechtsstreit meiner Schmach  von seiten Nabals  geführt und seinen Knecht  vom Bösen abgehalten hat ! Und die Bosheit Nabals  hat der HERR  auf seinen Kopf  zurückkehren lassen . Und David  sandte hin und warb um Abigail , um sie sich  zur Frau  zu nehmen ."
1Sam.25.40,145,Weibe,gender-agreement,Nominalgruppe regelbasiert angepasst; längere Pronomenbezüge/Satzkongruenz prüfen.,"Und die Knechte Davids kamen  zu Abigail  nach Karmel ; und sie redeten zu ihr  und sprachen : David  hat uns zu dir gesandt , um dich zu seinem Weibe  zu nehmen .","Und die Knechte Davids kamen  zu Abigail  nach Karmel ; und sie redeten zu ihr  und sprachen : David  hat uns zu dir gesandt , um dich zu seiner Frau  zu nehmen ."
1Sam.25.42,171,Weib,gender-agreement,Nominalgruppe regelbasiert angepasst; längere Pronomenbezüge/Satzkongruenz prüfen.,"Und Abigail  machte sich  eilends auf  und bestieg einen Esel , sie und ihre fünf  Mägde, die ihrem Fuße folgten ; und sie zog  den Boten Davids nach , und sie wurde sein Weib .","Und Abigail  machte sich  eilends auf  und bestieg einen Esel , sie und ihre fünf  Mägde, die ihrem Fuße folgten ; und sie zog  den Boten Davids nach , und sie wurde seine Frau ."
1Sam.25.44,53,Weib,gender-agreement,Nominalgruppe regelbasiert angepasst; längere Pronomenbezüge/Satzkongruenz prüfen.,"
        Saul  aber hatte seine Tochter Michal , das Weib Davids , Palti , dem Sohne  des Lais , aus Gallim , gegeben .","
        Saul  aber hatte seine Tochter Michal , die Frau Davids , Palti , dem Sohne  des Lais , aus Gallim , gegeben ."
1Sam.26.10,52,Jehova,divine-name-syntax,Subjekt/Objekt/Anrede ohne eindeutiges Regelsignal; Artikel und Kasus prüfen.,"Und David sprach : So wahr Jehova lebt , wenn nicht Jehova  ihn schlagen wird , sei es daß sein Tag kommt , daß er stirbt , oder daß er in den Streit  hinabzieht und weggerafft wird!","Und David sprach : So wahr der HERR lebt , wenn nicht HERR  ihn schlagen wird , sei es dass sein Tag kommt , dass er stirbt , oder dass er in den Streit  hinabzieht und weggerafft wird!"
1Sam.26.11,0,Jehova,divine-name-syntax,Subjekt/Objekt/Anrede ohne eindeutiges Regelsignal; Artikel und Kasus prüfen.,"Jehova lasse es fern von mir  sein, daß ich meine Hand  gegen den Gesalbten Jehovas ausstrecke ! Und  nun nimm  doch den Speer, der zu seinen Häupten ist , und  den Wasserkrug, und  laß uns gehen .","HERR lasse es fern von mir  sein, dass ich meine Hand  gegen den Gesalbten des HERRN ausstrecke ! Und  nun nimm  doch den Speer, der zu seinen Häupten ist , und  den Wasserkrug, und  lass uns gehen ."
1Sam.27.3,169,Weib,gender-agreement,Nominalgruppe regelbasiert angepasst; längere Pronomenbezüge/Satzkongruenz prüfen.,"Und David blieb  bei Achis , zu Gath , er und seine Männer , ein  jeder mit seinem Hause : David  und seine beiden Weiber , Achinoam, die Jisreelitin, und Abigail , das Weib Nabals , die Karmelitin .","Und David blieb  bei Achis , zu Gath , er und seine Männer , ein  jeder mit seinem Hause : David  und seine beiden Frauen , Achinoam, die Jisreelitin, und Abigail , die Frau Nabals , die Karmelitin ."
1Sam.27.9,54,Weib,gender-agreement,Nominalgruppe regelbasiert angepasst; längere Pronomenbezüge/Satzkongruenz prüfen.,"Und David schlug  das Land  und ließ weder Mann  noch Weib  am Leben ; und er nahm Kleinvieh  und Rinder  und Esel  und Kamele  und Kleider , und kehrte  zurück und kam zu Achis .","Und David schlug  das Land  und ließ weder Mann  noch Frau  am Leben ; und er nahm Kleinvieh  und Rinder  und Esel  und Kamele  und Kleider , und kehrte  zurück und kam zu Achis ."
1Sam.27.11,33,Weib,gender-agreement,Nominalgruppe regelbasiert angepasst; längere Pronomenbezüge/Satzkongruenz prüfen.,"Und David  ließ weder Mann  noch Weib  am Leben , um sie  nach Gath  zu bringen, indem er sagte : Daß sie nicht über uns berichten und sprechen : So hat David getan . Und so war seine Weise  alle die Tage , die er  im Gefilde der Philister wohnte .","Und David  ließ weder Mann  noch Frau  am Leben , um sie  nach Gath  zu bringen, indem er sagte : Dass sie nicht über uns berichten und sprechen : So hat David getan . Und so war seine Weise  alle die Tage , die er  im Gefilde der Philister wohnte ."
1Sam.28.7,53,Weib,gender-agreement,Nominalgruppe regelbasiert angepasst; längere Pronomenbezüge/Satzkongruenz prüfen.,"Da sprach Saul  zu seinen Knechten : Suchet  mir ein Weib , das einen Totenbeschwörer-Geist hat , damit ich zu ihr gehe  und sie befrage. Und seine Knechte sprachen  zu ihm: Siehe, zu Endor  ist ein Weib , das einen Totenbeschwörer-Geist hat .","Da sprach Saul  zu seinen Knechten : Suchet  mir eine Frau , die einen Totenbeschwörer-Geist hat , damit ich zu ihr gehe  und sie befrage. Und seine Knechte sprachen  zu ihm: Siehe, zu Endor  ist eine Frau , die einen Totenbeschwörer-Geist hat ."
1Sam.28.7,199,Weib,gender-agreement,Nominalgruppe regelbasiert angepasst; längere Pronomenbezüge/Satzkongruenz prüfen.,"Da sprach Saul  zu seinen Knechten : Suchet  mir ein Weib , das einen Totenbeschwörer-Geist hat , damit ich zu ihr gehe  und sie befrage. Und seine Knechte sprachen  zu ihm: Siehe, zu Endor  ist ein Weib , das einen Totenbeschwörer-Geist hat .","Da sprach Saul  zu seinen Knechten : Suchet  mir eine Frau , die einen Totenbeschwörer-Geist hat , damit ich zu ihr gehe  und sie befrage. Und seine Knechte sprachen  zu ihm: Siehe, zu Endor  ist eine Frau , die einen Totenbeschwörer-Geist hat ."
1Sam.28.8,121,Weibe,gender-agreement,Nominalgruppe regelbasiert angepasst; längere Pronomenbezüge/Satzkongruenz prüfen.,"Und Saul  verstellte sich  und zog andere Kleider  an, und ging hin , er  und zwei Männer  mit ihm, und sie kamen zu dem Weibe  bei der Nacht ; und er sprach : Wahrsage mir doch durch den Totenbeschwörer-Geist und bringe mir herauf , wen ich dir sagen werde.","Und Saul  verstellte sich  und zog andere Kleider  an, und ging hin , er  und zwei Männer  mit ihm, und sie kamen zu der Frau  bei der Nacht ; und er sprach : Wahrsage mir doch durch den Totenbeschwörer-Geist und bringe mir herauf , wen ich dir sagen werde."
1Sam.28.9,9,Weib,gender-agreement,Nominalgruppe regelbasiert angepasst; längere Pronomenbezüge/Satzkongruenz prüfen.,"Aber das Weib sprach  zu ihm: Siehe, du weißt  ja, was Saul getan  hat, daß er die Totenbeschwörer und die Wahrsager aus  dem Lande  ausgerottet hat; und warum legst du meiner Seele  eine Schlinge, um mich zu töten ?","Aber die Frau sprach  zu ihm: Siehe, du weißt  ja, was Saul getan  hat, dass er die Totenbeschwörer und die Wahrsager aus  dem Lande  ausgerottet hat; und warum legst du meiner Seele  eine Schlinge, um mich zu töten ?"
1Sam.28.11,33,Weib,gender-agreement,Nominalgruppe regelbasiert angepasst; längere Pronomenbezüge/Satzkongruenz prüfen.,"
        Da 
        sprach  das Weib : Wen soll ich dir heraufbringen? Und er sprach : Bringe mir Samuel herauf .","
        Da 
        sprach  die Frau : Wen soll ich dir heraufbringen? Und er sprach : Bringe mir Samuel herauf ."
1Sam.28.12,22,Weib,gender-agreement,Nominalgruppe regelbasiert angepasst; längere Pronomenbezüge/Satzkongruenz prüfen.,"
        Und  als das Weib Samuel sah , da schrie sie mit lauter Stimme ; und das Weib sprach  zu Saul  und sagte : Warum hast du mich betrogen ? Du bist ja Saul !","
        Und  als die Frau Samuel sah , da schrie sie mit lauter Stimme ; und die Frau sprach  zu Saul  und sagte : Warum hast du mich betrogen ? Du bist ja Saul !"
1Sam.28.12,82,Weib,gender-agreement,Nominalgruppe regelbasiert angepasst; längere Pronomenbezüge/Satzkongruenz prüfen.,"
        Und  als das Weib Samuel sah , da schrie sie mit lauter Stimme ; und das Weib sprach  zu Saul  und sagte : Warum hast du mich betrogen ? Du bist ja Saul !","
        Und  als die Frau Samuel sah , da schrie sie mit lauter Stimme ; und die Frau sprach  zu Saul  und sagte : Warum hast du mich betrogen ? Du bist ja Saul !"
1Sam.28.13,81,Weib,gender-agreement,Nominalgruppe regelbasiert angepasst; längere Pronomenbezüge/Satzkongruenz prüfen.,Und der König sprach  zu ihr: Fürchte  dich nicht ! Doch was siehst  du? Und das Weib sprach  zu Saul : Ich sehe  einen Gott  aus der Erde  heraufsteigen.,Und der König sprach  zu ihr: Fürchte  dich nicht ! Doch was siehst  du? Und die Frau sprach  zu Saul : Ich sehe  einen Gott  aus der Erde  heraufsteigen.
1Sam.28.16,51,Jehova,divine-name-syntax,Subjekt/Objekt/Anrede ohne eindeutiges Regelsignal; Artikel und Kasus prüfen.,"Und Samuel sprach : Warum doch fragst du  mich, da Jehova  von dir gewichen  und dein Feind  geworden ist?","Und Samuel sprach : Warum doch fragst du  mich, da HERR  von dir gewichen  und dein Feind  geworden ist?"
1Sam.28.21,8,Weib,gender-agreement,Nominalgruppe regelbasiert angepasst; längere Pronomenbezüge/Satzkongruenz prüfen.,"Und das Weib  trat zu Saul  und sah , daß er sehr  bestürzt war ; und sie sprach  zu ihm: Siehe, deine Magd hat  auf deine Stimme  gehört, und ich habe  mein Leben  aufs Spiel gesetzt  und deinen Worten gehorcht, die du zu mir geredet hast ;","Und die Frau  trat zu Saul  und sah , dass er sehr  bestürzt war ; und sie sprach  zu ihm: Siehe, deine Magd hat  auf deine Stimme  gehört, und ich habe  mein Leben  aufs Spiel gesetzt  und deinen Worten gehorcht, die du zu mir geredet hast ;"
1Sam.28.23,98,Weib,gender-agreement,Nominalgruppe regelbasiert angepasst; längere Pronomenbezüge/Satzkongruenz prüfen.,Aber er weigerte sich  und sprach : Ich will nicht essen . Da drangen seine Knechte  und auch das Weib  in ihn ; und er hörte auf  ihre Stimme  und stand von der Erde  auf und setzte sich  auf das Bett .,Aber er weigerte sich  und sprach : Ich will nicht essen . Da drangen seine Knechte  und auch die Frau  in ihn ; und er hörte auf  ihre Stimme  und stand von der Erde  auf und setzte sich  auf das Bett .
1Sam.28.24,18,Weib,gender-agreement,Nominalgruppe regelbasiert angepasst; längere Pronomenbezüge/Satzkongruenz prüfen.,"
        Und  das Weib  hatte ein gemästetes Kalb  im Hause ; und sie eilte  und schlachtete es; und sie nahm Mehl  und knetete  es und backte daraus ungesäuerte  Kuchen.","
        Und  die Frau  hatte ein gemästetes Kalb  im Hause ; und sie eilte  und schlachtete es; und sie nahm Mehl  und knetete  es und backte daraus ungesäuerte  Kuchen."
1Sam.29.10,145,Sobald,spelling-context,Kontextabhängige Schreibung/modernes Homograph; unverändert prüfen.,"So mache dich nun des Morgens  früh auf , du und die Knechte  deines Herrn , die mit dir gekommen sind ; und machet euch des Morgens  früh auf ! Sobald es euch hell wird, ziehet  fort.","So mache dich nun des Morgens  früh auf , du und die Knechte  deines Herrn , die mit dir gekommen sind ; und machet euch des Morgens  früh auf ! Sobald es euch hell wird, ziehet  fort."
1Sam.30.5,108,Weib,gender-agreement,Nominalgruppe regelbasiert angepasst; längere Pronomenbezüge/Satzkongruenz prüfen.,"Und auch die beiden Weiber Davids  waren gefangen  weggeführt, Achinoam, die Jisreelitin, und Abigail , das Weib Nabals , des Karmeliters.","Und auch die beiden Frauen Davids  waren gefangen  weggeführt, Achinoam, die Jisreelitin, und Abigail , die Frau Nabals , des Karmeliters."
1Sam.30.22,262,Weib,gender-agreement,Nominalgruppe regelbasiert angepasst; längere Pronomenbezüge/Satzkongruenz prüfen.,"
        Und  jeder böse  und nichtswürdige Mann  von den Männern , die mit David  gezogen waren , hob an und sprach : Darum daß sie nicht  mit uns gezogen sind , wollen wir  ihnen von der Beute , die wir entrissen haben, nichts geben , als nur einem jeden sein Weib  und seine Kinder , daß sie sie wegführen und hingehen .","
        Und  jeder böse  und nichtswürdige Mann  von den Männern , die mit David  gezogen waren , hob an und sprach : Darum dass sie nicht  mit uns gezogen sind , wollen wir  ihnen von der Beute , die wir entrissen haben, nichts geben , als nur einem jeden seine Frau  und seine Kinder , dass sie sie wegführen und hingehen ."
2Sam.2.1,42,Jehova,divine-name-syntax,Subjekt/Objekt/Anrede ohne eindeutiges Regelsignal; Artikel und Kasus prüfen.,"Und es geschah hernach, da befragte David Jehova  und sprach : Soll ich  in eine  der Städte Judas hinaufziehen ? Und Jehova sprach  zu ihm: Ziehe hinauf . Und David sprach : Wohin soll ich hinaufziehen? Und er sprach : Nach Hebron .","Und es geschah hernach, da befragte David HERR  und sprach : Soll ich  in eine  der Städte Judas hinaufziehen ? Und der HERR sprach  zu ihm: Ziehe hinauf . Und David sprach : Wohin soll ich hinaufziehen? Und er sprach : Nach Hebron ."
2Sam.2.2,102,Weib,gender-agreement,Nominalgruppe regelbasiert angepasst; längere Pronomenbezüge/Satzkongruenz prüfen.,"Und David zog  dort hinauf, und auch seine zwei Weiber , Achinoam, die Jisreelitin, und Abigail , das Weib Nabals , des Karmeliters.","Und David zog  dort hinauf, und auch seine zwei Frauen , Achinoam, die Jisreelitin, und Abigail , die Frau Nabals , des Karmeliters."
2Sam.2.6,29,Jehova,divine-name-syntax,Subjekt/Objekt/Anrede ohne eindeutiges Regelsignal; Artikel und Kasus prüfen.,"
        Und  so erweise nun Jehova  Güte und Treue  an euch; und auch ich will  euch dieses Gute  vergelten, weil ihr diese Sache getan  habt.","
        Und  so erweise nun HERR  Güte und Treue  an euch; und auch ich will  euch dieses Gute  vergelten, weil ihr diese Sache getan  habt."
2Sam.3.3,43,Weibe,gender-agreement,Nominalgruppe regelbasiert angepasst; längere Pronomenbezüge/Satzkongruenz prüfen.,"und sein zweiter Kileab, von Abigail , dem Weibe Nabals , des Karmeliters; und der dritte Absalom , der Sohn  Maakas, der Tochter  Talmais, des Königs  von Gesur;","und sein zweiter Kileab, von Abigail , der Frau Nabals , des Karmeliters; und der dritte Absalom , der Sohn  Maakas, der Tochter  Talmais, des Königs  von Gesur;"
2Sam.3.5,42,Weibe,gender-agreement,Nominalgruppe regelbasiert angepasst; längere Pronomenbezüge/Satzkongruenz prüfen.,"und der sechste  Jithream, von Egla , dem Weibe Davids . Diese wurden  dem David  in Hebron  geboren.","und der sechste  Jithream, von Egla , der Frau Davids . Diese wurden  dem David  in Hebron  geboren."
2Sam.3.7,20,Kebsweib,spelling-context,Kontextabhängige Schreibung/modernes Homograph; unverändert prüfen.,"Und Saul  hatte ein Kebsweib , ihr Name  war Rizpa , die Tochter Ajas . Und Isboseth sprach  zu Abner : Warum bist du zu dem Kebsweibe meines Vaters  eingegangen?","Und Saul  hatte ein Kebsweib , ihr Name  war Rizpa , die Tochter Ajas . Und Isboseth sprach  zu Abner : Warum bist du zu dem Kebsweibe meines Vaters  eingegangen?"
2Sam.3.8,321,Weibe,gender-agreement,Nominalgruppe regelbasiert angepasst; längere Pronomenbezüge/Satzkongruenz prüfen.,"Da ergrimmte Abner sehr über die  Worte Isboseths und sprach : Bin ich  ein Hundskopf , der es mit Juda  hält? Heute  erweise ich Güte an dem Hause  deines Vaters Saul , an seinen Brüdern  und an seinen Freunden , und ich habe  dich nicht in die Hand Davids  überliefert; und du wirfst mir heute das  Vergehen mit diesem Weibe  vor?","Da ergrimmte Abner sehr über die  Worte Isboseths und sprach : Bin ich  ein Hundskopf , der es mit Juda  hält? Heute  erweise ich Güte an dem Hause  deines Vaters Saul , an seinen Brüdern  und an seinen Freunden , und ich habe  dich nicht in die Hand Davids  überliefert; und du wirfst mir heute das  Vergehen mit dieser Frau  vor?"
2Sam.3.14,101,Weib,gender-agreement,Nominalgruppe regelbasiert angepasst; längere Pronomenbezüge/Satzkongruenz prüfen.,"Und David  sandte Boten  zu Isboseth, dem Sohne Sauls , und ließ  ihm sagen : Gib  mir Michal , mein Weib , die ich mir verlobt habe  um hundert Vorhäute  der Philister .","Und David  sandte Boten  zu Isboseth, dem Sohne Sauls , und ließ  ihm sagen : Gib  mir Michal , meine Frau , die ich mir verlobt habe  um hundert Vorhäute  der Philister ."
2Sam.3.39,124,Jehova,divine-name-syntax,Subjekt/Objekt/Anrede ohne eindeutiges Regelsignal; Artikel und Kasus prüfen.,"Ich aber bin heute  schwach, obschon zum König gesalbt ; und diese Männer , die Söhne  der Zeruja , sind zu hart  für mich. Jehova vergelte  dem, der das Böse tut, nach seiner Bosheit !","Ich aber bin heute  schwach, obschon zum König gesalbt ; und diese Männer , die Söhne  der Zeruja , sind zu hart  für mich. HERR vergelte  dem, der das Böse tut, nach seiner Bosheit !"
2Sam.5.10,58,Jehova,divine-name-syntax,Subjekt/Objekt/Anrede ohne eindeutiges Regelsignal; Artikel und Kasus prüfen.,"
        Und 
        David  wurde immerfort größer , und Jehova , der Gott  der Heerscharen , war mit ihm.","
        Und 
        David  wurde immerfort größer , und HERR , der Gott  der Heerscharen , war mit ihm."
2Sam.5.24,14,sobald,spelling-context,Kontextabhängige Schreibung/modernes Homograph; unverändert prüfen.,"
        Und  sobald du  das Geräusch eines Daherschreitens in den Wipfeln  der Bakabäume hörst, alsdann beeile dich; denn alsdann ist Jehova vor dir  ausgezogen, um das Heer  der Philister  zu schlagen .","
        Und  sobald du  das Geräusch eines Daherschreitens in den Wipfeln  der Bakabäume hörst, alsdann beeile dich; denn alsdann ist der HERR vor dir  ausgezogen, um das Heer  der Philister  zu schlagen ."
2Sam.6.19,85,Weibe,gender-agreement,Nominalgruppe regelbasiert angepasst; längere Pronomenbezüge/Satzkongruenz prüfen.,"Und er verteilte an das ganze Volk , an die ganze Menge Israels , vom Manne  bis zum Weibe , an einen  jeden einen Brotkuchen  und einen Trunk Wein und einen Rosinenkuchen. Und das ganze Volk  ging hin , ein  jeder nach seinem Hause .","Und er verteilte an das ganze Volk , an die ganze Menge Israels , vom Manne  bis zur Frau , an einen  jeden einen Brotkuchen  und einen Trunk Wein und einen Rosinenkuchen. Und das ganze Volk  ging hin , ein  jeder nach seinem Hause ."
2Sam.7.1,70,Jehova,divine-name-syntax,Subjekt/Objekt/Anrede ohne eindeutiges Regelsignal; Artikel und Kasus prüfen.,"
        Und  es geschah, als der König  in seinem Hause wohnte , und Jehova  ihm ringsumher Ruhe  geschafft hatte vor allen seinen Feinden ,","
        Und  es geschah, als der König  in seinem Hause wohnte , und HERR  ihm ringsumher Ruhe  geschafft hatte vor allen seinen Feinden ,"
2Sam.7.18,100,Jehova,divine-name-syntax,Subjekt/Objekt/Anrede ohne eindeutiges Regelsignal; Artikel und Kasus prüfen.,"Da ging der König David  hinein und setzte sich  vor Jehova nieder und sprach : Wer bin ich, Herr , Jehova, und was ist mein Haus , daß du mich  bis hierher gebracht hast ?","Da ging der König David  hinein und setzte sich  vor dem HERRN nieder und sprach : Wer bin ich, Herr , HERR, und was ist mein Haus , dass du mich  bis hierher gebracht hast ?"
2Sam.7.19,64,Jehova,divine-name-syntax,Subjekt/Objekt/Anrede ohne eindeutiges Regelsignal; Artikel und Kasus prüfen.,"Und dies ist noch ein Geringes gewesen in deinen Augen , Herr , Jehova! Und du hast  auch von dem Hause  deines Knechtes  geredet in die Ferne  hin; und ist dies die Weise des Menschen , Herr , Jehova?","Und dies ist noch ein Geringes gewesen in deinen Augen , Herr , HERR! Und du hast  auch von dem Hause  deines Knechtes  geredet in die Ferne  hin; und ist dies die Weise des Menschen , Herr , HERR?"
2Sam.7.22,20,Jehova,divine-name-syntax,Subjekt/Objekt/Anrede ohne eindeutiges Regelsignal; Artikel und Kasus prüfen.,"Darum bist du groß, Jehova Gott ! Denn niemand ist  dir gleich, und kein Gott außer  dir, nach allem, was wir mit unseren Ohren gehört  haben.","Darum bist du groß, HERR Gott ! Denn niemand ist  dir gleich, und kein Gott außer  dir, nach allem, was wir mit unseren Ohren gehört  haben."
2Sam.7.25,9,Jehova,divine-name-syntax,Subjekt/Objekt/Anrede ohne eindeutiges Regelsignal; Artikel und Kasus prüfen.,"Und nun, Jehova Gott , das Wort , das du über deinen Knecht  und über sein Haus  geredet hast , halte  aufrecht ewiglich , und tue , wie du geredet hast !","Und nun, HERR Gott , das Wort , das du über deinen Knecht  und über sein Haus  geredet hast , halte  aufrecht ewiglich , und tue , wie du geredet hast !"
2Sam.7.26,62,Jehova,divine-name-syntax,Subjekt/Objekt/Anrede ohne eindeutiges Regelsignal; Artikel und Kasus prüfen.,"
        Und  dein Name  sei groß auf ewig , daß man spreche: Jehova  der Heerscharen ist Gott  über Israel . Und  das Haus  deines Knechtes David  sei fest vor  dir.","
        Und  dein Name  sei groß auf ewig , dass man spreche: HERR  der Heerscharen ist Gott  über Israel . Und  das Haus  deines Knechtes David  sei fest vor  dir."
2Sam.7.29,112,Jehova,divine-name-syntax,Subjekt/Objekt/Anrede ohne eindeutiges Regelsignal; Artikel und Kasus prüfen.,"So laß es dir nun gefallen und segne das Haus  deines Knechtes , daß es ewiglich vor  dir sei ; denn du, Herr , Jehova, hast  geredet, und so werde mit deinem Segen  das Haus  deines Knechtes gesegnet ewiglich !","So lass es dir nun gefallen und segne das Haus  deines Knechtes , dass es ewiglich vor  dir sei ; denn du, Herr , HERR, hast  geredet, und so werde mit deinem Segen  das Haus  deines Knechtes gesegnet ewiglich !"
2Sam.11.2,155,Weib,gender-agreement,Nominalgruppe regelbasiert angepasst; längere Pronomenbezüge/Satzkongruenz prüfen.,"Und es geschah zur Abendzeit, als David  von seinem Lager  aufstand und auf  dem Dache  des Hauses  des Königs  wandelte, daß er  von dem Dache  herab ein Weib  sich baden sah ; und das Weib  war sehr schön  von Ansehen .","Und es geschah zur Abendzeit, als David  von seinem Lager  aufstand und auf  dem Dache  des Hauses  des Königs  wandelte, dass er  von dem Dache  herab eine Frau  sich baden sah ; und die Frau  war sehr schön  von Ansehen ."
2Sam.11.2,186,Weib,gender-agreement,Nominalgruppe regelbasiert angepasst; längere Pronomenbezüge/Satzkongruenz prüfen.,"Und es geschah zur Abendzeit, als David  von seinem Lager  aufstand und auf  dem Dache  des Hauses  des Königs  wandelte, daß er  von dem Dache  herab ein Weib  sich baden sah ; und das Weib  war sehr schön  von Ansehen .","Und es geschah zur Abendzeit, als David  von seinem Lager  aufstand und auf  dem Dache  des Hauses  des Königs  wandelte, dass er  von dem Dache  herab eine Frau  sich baden sah ; und die Frau  war sehr schön  von Ansehen ."
2Sam.11.3,52,Weibe,gender-agreement,Nominalgruppe regelbasiert angepasst; längere Pronomenbezüge/Satzkongruenz prüfen.,"Und David sandte  hin und erkundigte sich nach  dem Weibe ; und man sprach : Ist das nicht Bathseba, die Tochter Eliams , das Weib  Urijas, des Hethiters ?","Und David sandte  hin und erkundigte sich nach  der Frau ; und man sprach : Ist das nicht Bathseba, die Tochter Eliams , die Frau  Urijas, des Hethiters ?"
2Sam.11.3,126,Weib,gender-agreement,Nominalgruppe regelbasiert angepasst; längere Pronomenbezüge/Satzkongruenz prüfen.,"Und David sandte  hin und erkundigte sich nach  dem Weibe ; und man sprach : Ist das nicht Bathseba, die Tochter Eliams , das Weib  Urijas, des Hethiters ?","Und David sandte  hin und erkundigte sich nach  der Frau ; und man sprach : Ist das nicht Bathseba, die Tochter Eliams , die Frau  Urijas, des Hethiters ?"
2Sam.11.5,8,Weib,gender-agreement,Nominalgruppe regelbasiert angepasst; längere Pronomenbezüge/Satzkongruenz prüfen.,Und das Weib  wurde schwanger ; und sie  sandte hin und berichtete es David  und sprach : Ich  bin schwanger .,Und die Frau  wurde schwanger ; und sie  sandte hin und berichtete es David  und sprach : Ich  bin schwanger .
2Sam.11.11,240,Weibe,gender-agreement,Nominalgruppe regelbasiert angepasst; längere Pronomenbezüge/Satzkongruenz prüfen.,"Und Urija sprach  zu David : Die Lade  und Israel  und Juda  weilen in Hütten , und mein Herr Joab  und die Knechte  meines Herrn lagern auf  freiem Felde , und ich  sollte in mein Haus gehen , um  zu essen  und zu trinken  und bei  meinem Weibe  zu liegen? So wahr du lebst  und deine Seele lebt , wenn ich dieses tue !","Und Urija sprach  zu David : Die Lade  und Israel  und Juda  weilen in Hütten , und mein Herr Joab  und die Knechte  meines Herrn lagern auf  freiem Felde , und ich  sollte in mein Haus gehen , um  zu essen  und zu trinken  und bei  meiner Frau  zu liegen? So wahr du lebst  und deine Seele lebt , wenn ich dieses tue !"
2Sam.11.21,72,Weib,gender-agreement,Nominalgruppe regelbasiert angepasst; längere Pronomenbezüge/Satzkongruenz prüfen.,"Wer hat Abimelech , den Sohn Jerubbeseths , erschlagen? Warf  nicht ein Weib  den oberen Stein einer Handmühle von der Mauer  auf ihn  herab, daß er starb  zu Tebez? Warum habt ihr euch der Mauer  genähert? so sollst du sagen : Auch dein Knecht  Urija, der Hethiter , ist tot .","Wer hat Abimelech , den Sohn Jerubbeseths , erschlagen? Warf  nicht eine Frau  den oberen Stein einer Handmühle von der Mauer  auf ihn  herab, dass er starb  zu Tebez? Warum habt ihr euch der Mauer  genähert? so sollst du sagen : Auch dein Knecht  Urija, der Hethiter , ist tot ."
2Sam.11.26,12,Weib,gender-agreement,Nominalgruppe regelbasiert angepasst; längere Pronomenbezüge/Satzkongruenz prüfen.,"Und als das Weib  Urijas hörte , daß Urija, ihr Mann , tot  war, klagte sie  um ihren Gatten.","Und als die Frau  Urijas hörte , dass Urija, ihr Mann , tot  war, klagte sie  um ihren Gatten."
2Sam.11.27,99,Weib,gender-agreement,Nominalgruppe regelbasiert angepasst; längere Pronomenbezüge/Satzkongruenz prüfen.,"Als aber die Trauer vorüber war, sandte David  hin und nahm sie in  sein Haus ; und sie wurde sein Weib  und gebar  ihm einen Sohn . Aber die Sache , die David  getan hatte , war übel  in den Augen Jehovas .","Als aber die Trauer vorüber war, sandte David  hin und nahm sie in  sein Haus ; und sie wurde seine Frau  und gebar  ihm einen Sohn . Aber die Sache , die David  getan hatte , war übel  in den Augen des HERRN ."
2Sam.12.8,89,Schoß,spelling-context,Kontextabhängige Schreibung/modernes Homograph; unverändert prüfen.,"und ich habe dir das Haus  deines Herrn gegeben  und die Weiber  deines Herrn  in deinen Schoß , und habe dir das Haus Israel  und Juda gegeben ; und wenn es  zu wenig  war, so hätte ich dir noch  dies und das hinzugefügt.","und ich habe dir das Haus  deines Herrn gegeben  und die Frauen  deines Herrn  in deinen Schoß , und habe dir das Haus Israel  und Juda gegeben ; und wenn es  zu wenig  war, so hätte ich dir noch  dies und das hinzugefügt."
2Sam.12.9,162,Weib,gender-agreement,Nominalgruppe regelbasiert angepasst; längere Pronomenbezüge/Satzkongruenz prüfen.,"Warum hast du das Wort Jehovas verachtet , indem du tatest, was übel ist  in seinen Augen ? Urija, den Hethiter , hast du mit dem Schwerte  erschlagen, und  sein Weib  hast du dir zum Weibe  genommen; ihn  selbst hast du ja umgebracht durch das Schwert  der Kinder Ammon .","Warum hast du das Wort des HERRN verachtet , indem du tatest, was übel ist  in seinen Augen ? Urija, den Hethiter , hast du mit dem Schwerte  erschlagen, und  seine Frau  hast du dir zur Frau  genommen; ihn  selbst hast du ja umgebracht durch das Schwert  der Kinder Ammon ."
2Sam.12.9,184,Weibe,gender-agreement,Nominalgruppe regelbasiert angepasst; längere Pronomenbezüge/Satzkongruenz prüfen.,"Warum hast du das Wort Jehovas verachtet , indem du tatest, was übel ist  in seinen Augen ? Urija, den Hethiter , hast du mit dem Schwerte  erschlagen, und  sein Weib  hast du dir zum Weibe  genommen; ihn  selbst hast du ja umgebracht durch das Schwert  der Kinder Ammon .","Warum hast du das Wort des HERRN verachtet , indem du tatest, was übel ist  in seinen Augen ? Urija, den Hethiter , hast du mit dem Schwerte  erschlagen, und  seine Frau  hast du dir zur Frau  genommen; ihn  selbst hast du ja umgebracht durch das Schwert  der Kinder Ammon ."
2Sam.12.10,112,Weib,gender-agreement,Nominalgruppe regelbasiert angepasst; längere Pronomenbezüge/Satzkongruenz prüfen.,"Nun denn, so soll von deinem Hause  das Schwert  nicht weichen ewiglich , darum daß  du mich verachtet  und das Weib  Urijas, des Hethiters , genommen  hast, daß sie  dir zum Weibe  sei.","Nun denn, so soll von deinem Hause  das Schwert  nicht weichen ewiglich , darum dass  du mich verachtet  und die Frau  Urijas, des Hethiters , genommen  hast, dass sie  dir zur Frau  sei."
2Sam.12.10,175,Weibe,gender-agreement,Nominalgruppe regelbasiert angepasst; längere Pronomenbezüge/Satzkongruenz prüfen.,"Nun denn, so soll von deinem Hause  das Schwert  nicht weichen ewiglich , darum daß  du mich verachtet  und das Weib  Urijas, des Hethiters , genommen  hast, daß sie  dir zum Weibe  sei.","Nun denn, so soll von deinem Hause  das Schwert  nicht weichen ewiglich , darum dass  du mich verachtet  und die Frau  Urijas, des Hethiters , genommen  hast, dass sie  dir zur Frau  sei."
2Sam.12.13,105,Jehova,divine-name-syntax,Subjekt/Objekt/Anrede ohne eindeutiges Regelsignal; Artikel und Kasus prüfen.,"Da sprach David  zu Nathan : Ich habe gegen Jehova gesündigt . Und Nathan sprach  zu David : So hat auch Jehova  deine Sünde  hinweggetan, du wirst nicht sterben .","Da sprach David  zu Nathan : Ich habe gegen den HERRN gesündigt . Und Nathan sprach  zu David : So hat auch HERR  deine Sünde  hinweggetan, du wirst nicht sterben ."
2Sam.12.15,79,Weib,gender-agreement,Nominalgruppe regelbasiert angepasst; längere Pronomenbezüge/Satzkongruenz prüfen.,"Und Nathan ging  nach seinem Hause . Und Jehova schlug  das Kind , welches das Weib  Urijas dem David  geboren hatte , und es wurde todkrank.","Und Nathan ging  nach seinem Hause . Und der HERR schlug  das Kind , welches die Frau  Urijas dem David  geboren hatte , und es wurde todkrank."
2Sam.12.24,62,Weib,gender-agreement,Nominalgruppe regelbasiert angepasst; längere Pronomenbezüge/Satzkongruenz prüfen.,"
        Und 
        David 
        tröstete  Bathseba, sein Weib , und ging zu ihr ein und lag bei  ihr. Und sie gebar  einen Sohn , und er gab  ihm den Namen Salomo .","
        Und 
        David 
        tröstete  Bathseba, seine Frau , und ging zu ihr ein und lag bei  ihr. Und sie gebar  einen Sohn , und er gab  ihm den Namen Salomo ."
2Sam.12.25,4,Jehova,divine-name-syntax,Subjekt/Objekt/Anrede ohne eindeutiges Regelsignal; Artikel und Kasus prüfen.,"Und Jehova liebte ihn . Und er sandte durch Nathan , den Propheten , und gab  ihm den Namen  Jedidjah, um Jehovas willen.","Und HERR liebte ihn . Und er sandte durch Nathan , den Propheten , und gab  ihm den Namen  Jedidjah, um des HERRN willen."
2Sam.14.2,59,Weib,gender-agreement,Nominalgruppe regelbasiert angepasst; längere Pronomenbezüge/Satzkongruenz prüfen.,"Da sandte Joab  nach Tekoa und ließ  von dannen ein kluges Weib holen ; und er sprach  zu ihr: Stelle dich doch trauernd und ziehe Trauerkleider an  und salbe  dich nicht  mit Öl , und sei wie ein Weib , das schon viele Tage  über einen Toten  trauert;","Da sandte Joab  nach Tekoa und ließ  von dannen eine kluge Frau holen ; und er sprach  zu ihr: Stelle dich doch trauernd und ziehe Trauerkleider an  und salbe  dich nicht  mit Öl , und sei wie eine Frau , die schon viele Tage  über einen Toten  trauert;"
2Sam.14.2,197,Weib,gender-agreement,Nominalgruppe regelbasiert angepasst; längere Pronomenbezüge/Satzkongruenz prüfen.,"Da sandte Joab  nach Tekoa und ließ  von dannen ein kluges Weib holen ; und er sprach  zu ihr: Stelle dich doch trauernd und ziehe Trauerkleider an  und salbe  dich nicht  mit Öl , und sei wie ein Weib , das schon viele Tage  über einen Toten  trauert;","Da sandte Joab  nach Tekoa und ließ  von dannen eine kluge Frau holen ; und er sprach  zu ihr: Stelle dich doch trauernd und ziehe Trauerkleider an  und salbe  dich nicht  mit Öl , und sei wie eine Frau , die schon viele Tage  über einen Toten  trauert;"
2Sam.14.4,20,Weib,gender-agreement,Nominalgruppe regelbasiert angepasst; längere Pronomenbezüge/Satzkongruenz prüfen.,"Und das tekoitische Weib sprach  zu dem König ; und sie fiel auf ihr Antlitz  zur Erde  und beugte sich nieder  und sprach : Hilf , o König !","Und die tekoitische Frau sprach  zu dem König ; und sie fiel auf ihr Antlitz  zur Erde  und beugte sich nieder  und sprach : Hilf , o König !"
2Sam.14.8,29,Weibe,gender-agreement,Nominalgruppe regelbasiert angepasst; längere Pronomenbezüge/Satzkongruenz prüfen.,"Da sprach  der König  zu dem Weibe : Gehe  nach deinem Hause , und ich werde  deinethalben gebieten.","Da sprach  der König  zu der Frau : Gehe  nach deinem Hause , und ich werde  deinethalben gebieten."
2Sam.14.9,20,Weib,gender-agreement,Nominalgruppe regelbasiert angepasst; längere Pronomenbezüge/Satzkongruenz prüfen.,"Und das tekoitische Weib sprach  zu dem König : Auf mir, mein Herr König , und auf dem Hause  meines Vaters  sei die Ungerechtigkeit ; der König  aber und sein Thron  seien schuldlos!","Und die tekoitische Frau sprach  zu dem König : Auf mir, mein Herr König , und auf dem Hause  meines Vaters  sei die Ungerechtigkeit ; der König  aber und sein Thron  seien schuldlos!"
2Sam.14.12,18,Weib,gender-agreement,Nominalgruppe regelbasiert angepasst; längere Pronomenbezüge/Satzkongruenz prüfen.,"
        Und  das Weib sprach : Laß doch deine Magd  ein Wort  zu meinem Herrn , dem König , reden !","
        Und  die Frau sprach : Lass doch deine Magd  ein Wort  zu meinem Herrn , dem König , reden !"
2Sam.14.13,36,Weib,gender-agreement,Nominalgruppe regelbasiert angepasst; längere Pronomenbezüge/Satzkongruenz prüfen.,"Und er sprach : Rede! Da sprach das Weib : Und warum hast du dergleichen wider Gottes Volk  im Sinne? Denn da der König  dieses Wort  geredet hat , ist  er wie schuldig, indem der König  seinen Verstoßenen  nicht zurückholen läßt.","Und er sprach : Rede! Da sprach die Frau : Und warum hast du dergleichen wider Gottes Volk  im Sinne? Denn da der König  dieses Wort  geredet hat , ist  er wie schuldig, indem der König  seinen Verstoßenen  nicht zurückholen lässt."
2Sam.14.18,45,Weibe,gender-agreement,Nominalgruppe regelbasiert angepasst; längere Pronomenbezüge/Satzkongruenz prüfen.,"Da antwortete  der König  und sprach  zu dem Weibe : Verhehle mir doch ja nichts , wonach ich dich fragen  will! Und das Weib sprach : Es wolle doch mein Herr , der König , reden !","Da antwortete  der König  und sprach  zu der Frau : Verhehle mir doch ja nichts , wonach ich dich fragen  will! Und die Frau sprach : Es wolle doch mein Herr , der König , reden !"
2Sam.14.18,121,Weib,gender-agreement,Nominalgruppe regelbasiert angepasst; längere Pronomenbezüge/Satzkongruenz prüfen.,"Da antwortete  der König  und sprach  zu dem Weibe : Verhehle mir doch ja nichts , wonach ich dich fragen  will! Und das Weib sprach : Es wolle doch mein Herr , der König , reden !","Da antwortete  der König  und sprach  zu der Frau : Verhehle mir doch ja nichts , wonach ich dich fragen  will! Und die Frau sprach : Es wolle doch mein Herr , der König , reden !"
2Sam.14.19,87,Weib,gender-agreement,Nominalgruppe regelbasiert angepasst; längere Pronomenbezüge/Satzkongruenz prüfen.,"
        Und  der König sprach : Ist  die Hand Joabs  mit dir in diesem allem? Und das Weib antwortete  und sprach : So wahr deine Seele lebt , mein Herr König , wenn zur Rechten  oder zur Linken  zu weichen ist von allem, was mein Herr , der König , redet! Denn dein Knecht Joab , er hat  es mir geboten, und er hat  deiner Magd  alle diese Worte in den Mund  gelegt.","
        Und  der König sprach : Ist  die Hand Joabs  mit dir in diesem allem? Und die Frau antwortete  und sprach : So wahr deine Seele lebt , mein Herr König , wenn zur Rechten  oder zur Linken  zu weichen ist von allem, was mein Herr , der König , redet! Denn dein Knecht Joab , er hat  es mir geboten, und er hat  deiner Magd  alle diese Worte in den Mund  gelegt."
2Sam.14.27,95,Weib,gender-agreement,Nominalgruppe regelbasiert angepasst; längere Pronomenbezüge/Satzkongruenz prüfen.,"Und dem Absalom wurden drei Söhne  geboren und eine Tochter , ihr Name  war Tamar; sie war ein Weib , schön  von Ansehen .","Und dem Absalom wurden drei Söhne  geboren und eine Tochter , ihr Name  war Tamar; sie war eine Frau , schön  von Ansehen ."
2Sam.15.10,75,Sobald,spelling-context,Kontextabhängige Schreibung/modernes Homograph; unverändert prüfen.,"Und Absalom  sandte Kundschafter  in alle Stämme Israels  und ließ sagen : Sobald ihr  den Schall  der Posaune höret , so sprechet: Absalom  ist König  geworden zu Hebron !","Und Absalom  sandte Kundschafter  in alle Stämme Israels  und ließ sagen : Sobald ihr  den Schall  der Posaune höret , so sprechet: Absalom  ist König  geworden zu Hebron !"
2Sam.16.12,49,Jehova,divine-name-syntax,Subjekt/Objekt/Anrede ohne eindeutiges Regelsignal; Artikel und Kasus prüfen.,"Vielleicht wird Jehova  mein Elend ansehen , und Jehova mir Gutes  erstatten dafür, daß mir geflucht wird an diesem Tage .","Vielleicht wird der HERR  mein Elend ansehen , und HERR mir Gutes  erstatten dafür, dass mir geflucht wird an diesem Tage ."
2Sam.16.18,49,Jehova,divine-name-syntax,Subjekt/Objekt/Anrede ohne eindeutiges Regelsignal; Artikel und Kasus prüfen.,"Und Husai sprach  zu Absalom : Nein, sondern wen Jehova erwählt  hat und dieses Volk  und alle Männer  von Israel , dessen will ich sein, und bei ihm will ich bleiben ;","Und Husai sprach  zu Absalom : Nein, sondern wen HERR erwählt  hat und dieses Volk  und alle Männer  von Israel , dessen will ich sein, und bei ihm will ich bleiben ;"
2Sam.17.19,8,Weib,gender-agreement,Nominalgruppe regelbasiert angepasst; längere Pronomenbezüge/Satzkongruenz prüfen.,"Und das Weib nahm  eine Decke  und breitete sie  über den Brunnen , und streute Grütze  darüber aus, so daß nichts  bemerkt wurde.","Und die Frau nahm  eine Decke  und breitete sie  über den Brunnen , und streute Grütze  darüber aus, so dass nichts  bemerkt wurde."
2Sam.17.20,39,Weibe,gender-agreement,Nominalgruppe regelbasiert angepasst; längere Pronomenbezüge/Satzkongruenz prüfen.,"Und die Knechte Absaloms kamen  zu dem Weibe  ins Haus  und sprachen : Wo sind Achimaaz und Jonathan ? Und das Weib sprach  zu ihnen : Sie sind über  das Wasserbächlein gegangen. Und sie suchten , aber sie fanden  sie nicht, und kehrten nach Jerusalem  zurück.","Und die Knechte Absaloms kamen  zu der Frau  ins Haus  und sprachen : Wo sind Achimaaz und Jonathan ? Und die Frau sprach  zu ihnen : Sie sind über  das Wasserbächlein gegangen. Und sie suchten , aber sie fanden  sie nicht, und kehrten nach Jerusalem  zurück."
2Sam.17.20,111,Weib,gender-agreement,Nominalgruppe regelbasiert angepasst; längere Pronomenbezüge/Satzkongruenz prüfen.,"Und die Knechte Absaloms kamen  zu dem Weibe  ins Haus  und sprachen : Wo sind Achimaaz und Jonathan ? Und das Weib sprach  zu ihnen : Sie sind über  das Wasserbächlein gegangen. Und sie suchten , aber sie fanden  sie nicht, und kehrten nach Jerusalem  zurück.","Und die Knechte Absaloms kamen  zu der Frau  ins Haus  und sprachen : Wo sind Achimaaz und Jonathan ? Und die Frau sprach  zu ihnen : Sie sind über  das Wasserbächlein gegangen. Und sie suchten , aber sie fanden  sie nicht, und kehrten nach Jerusalem  zurück."
2Sam.20.16,20,Weib,gender-agreement,Nominalgruppe regelbasiert angepasst; längere Pronomenbezüge/Satzkongruenz prüfen.,"Da rief  ein kluges Weib  aus der Stadt : Höret höret ! Sprechet  doch zu Joab : Nahe hierher, daß ich zu dir rede !","Da rief  eine kluge Frau  aus der Stadt : Höret höret ! Sprechet  doch zu Joab : Nahe hierher, dass ich zu dir rede !"
2Sam.20.17,34,Weib,gender-agreement,Nominalgruppe regelbasiert angepasst; längere Pronomenbezüge/Satzkongruenz prüfen.,Und er  näherte sich ihr. Und das Weib sprach : Bist du Joab ? Und er sprach : Ich bin' s. Und sie sprach  zu ihm: Höre  die Worte deiner Magd ! Und er sprach : Ich höre .,Und er  näherte sich ihr. Und die Frau sprach : Bist du Joab ? Und er sprach : Ich bin' s. Und sie sprach  zu ihm: Höre  die Worte deiner Magd ! Und er sprach : Ich höre .
2Sam.20.21,209,Weib,gender-agreement,Nominalgruppe regelbasiert angepasst; längere Pronomenbezüge/Satzkongruenz prüfen.,"sondern ein Mann  vom Gebirge Ephraim , sein Name  ist Scheba, der Sohn  Bikris, hat  seine Hand  wider den König , wider David , erhoben; ihn allein gebet heraus, so will ich von der Stadt  abziehen. Und das Weib sprach  zu Joab : Siehe, sein Kopf  soll dir über die Mauer  zugeworfen werden .","sondern ein Mann  vom Gebirge Ephraim , sein Name  ist Scheba, der Sohn  Bikris, hat  seine Hand  wider den König , wider David , erhoben; ihn allein gebet heraus, so will ich von der Stadt  abziehen. Und die Frau sprach  zu Joab : Siehe, sein Kopf  soll dir über die Mauer  zugeworfen werden ."
2Sam.20.22,8,Weib,gender-agreement,Nominalgruppe regelbasiert angepasst; längere Pronomenbezüge/Satzkongruenz prüfen.,"Und das Weib  kam zu dem ganzen Volke  mit ihrer Klugheit; und sie hieben  Scheba, dem Sohne  Bikris, den Kopf  ab und warfen  ihn Joab  zu. Und er stieß  in die Posaune , und sie zerstreuten sich  von der Stadt  hinweg, ein  jeder nach seinen Zelten; und Joab kehrte  zu dem König  nach Jerusalem  zurück.","Und die Frau  kam zu dem ganzen Volke  mit ihrer Klugheit; und sie hieben  Scheba, dem Sohne  Bikris, den Kopf  ab und warfen  ihn Joab  zu. Und er stieß  in die Posaune , und sie zerstreuten sich  von der Stadt  hinweg, ein  jeder nach seinen Zelten; und Joab kehrte  zu dem König  nach Jerusalem  zurück."
2Sam.21.11,66,Kebsweib,spelling-context,Kontextabhängige Schreibung/modernes Homograph; unverändert prüfen.,"Und es wurde David  berichtet, was Rizpa , die Tochter Ajas , das Kebsweib Sauls , getan hatte .","Und es wurde David  berichtet, was Rizpa , die Tochter Ajas , das Kebsweib Sauls , getan hatte ."
2Sam.22.1,72,Jehova,divine-name-syntax,Subjekt/Objekt/Anrede ohne eindeutiges Regelsignal; Artikel und Kasus prüfen.,"Und David redete  zu Jehova  die Worte  dieses Liedes  an dem Tage , da Jehova  ihn aus der Hand  aller seiner Feinde  und aus der Hand Sauls errettet  hatte; und er sprach:","Und David redete  zu dem HERRN  die Worte  dieses Liedes  an dem Tage , da HERR  ihn aus der Hand  aller seiner Feinde  und aus der Hand Sauls errettet  hatte; und er sprach:"
2Sam.22.14,12,Jehova,divine-name-syntax,Subjekt/Objekt/Anrede ohne eindeutiges Regelsignal; Artikel und Kasus prüfen.,"Es donnerte Jehova  vom Himmel  her, und der Höchste ließ  seine Stimme  erschallen.","Es donnerte HERR  vom Himmel  her, und der Höchste ließ  seine Stimme  erschallen."
2Sam.22.15,7,schoß,spelling-context,Kontextabhängige Schreibung/modernes Homograph; unverändert prüfen.,"Und er schoß Pfeile  und zerstreute sie , seinen Blitz , und verwirrte sie.","Und er schoß Pfeile  und zerstreute sie , seinen Blitz , und verwirrte sie."
2Sam.22.19,50,Jehova,divine-name-syntax,Subjekt/Objekt/Anrede ohne eindeutiges Regelsignal; Artikel und Kasus prüfen.,"Sie ereilten mich am Tage  meines Unglücks , aber Jehova  ward mir zur Stütze.","Sie ereilten mich am Tage  meines Unglücks , aber HERR  ward mir zur Stütze."
2Sam.22.21,9,Jehova,divine-name-syntax,Subjekt/Objekt/Anrede ohne eindeutiges Regelsignal; Artikel und Kasus prüfen.,"
        Jehova  vergalt mir  nach meiner Gerechtigkeit , nach der Reinheit meiner Hände  erstattete er mir.","
        HERR  vergalt mir  nach meiner Gerechtigkeit , nach der Reinheit meiner Hände  erstattete er mir."
2Sam.22.25,4,Jehova,divine-name-syntax,Subjekt/Objekt/Anrede ohne eindeutiges Regelsignal; Artikel und Kasus prüfen.,"Und Jehova  erstattete mir  nach meiner Gerechtigkeit , nach meiner Reinheit vor seinen Augen .","Und HERR  erstattete mir  nach meiner Gerechtigkeit , nach meiner Reinheit vor seinen Augen ."
2Sam.22.29,29,Jehova,divine-name-syntax,Subjekt/Objekt/Anrede ohne eindeutiges Regelsignal; Artikel und Kasus prüfen.,"Denn du bist meine Leuchte , Jehova ; und Jehova  erhellt meine Finsternis .","Denn du bist meine Leuchte , HERR ; und HERR  erhellt meine Finsternis ."
2Sam.22.29,42,Jehova,divine-name-syntax,Subjekt/Objekt/Anrede ohne eindeutiges Regelsignal; Artikel und Kasus prüfen.,"Denn du bist meine Leuchte , Jehova ; und Jehova  erhellt meine Finsternis .","Denn du bist meine Leuchte , HERR ; und HERR  erhellt meine Finsternis ."
2Sam.23.10,128,Jehova,divine-name-syntax,Subjekt/Objekt/Anrede ohne eindeutiges Regelsignal; Artikel und Kasus prüfen.,"Selbiger machte sich auf  und schlug  unter den Philistern , bis  seine Hand  ermüdete und seine Hand  am Schwerte  klebte; und Jehova  schaffte an jenem Tage  eine große  Rettung. Das Volk  aber kehrte  um, ihm nach , nur um zu plündern.","Selbiger machte sich auf  und schlug  unter den Philistern , bis  seine Hand  ermüdete und seine Hand  am Schwerte  klebte; und HERR  schaffte an jenem Tage  eine große  Rettung. Das Volk  aber kehrte  um, ihm nach , nur um zu plündern."
2Sam.23.12,90,Jehova,divine-name-syntax,Subjekt/Objekt/Anrede ohne eindeutiges Regelsignal; Artikel und Kasus prüfen.,Da stellte er sich  mitten auf  das Stück und  rettete es und schlug  die Philister ; und Jehova  schaffte eine große  Rettung.,Da stellte er sich  mitten auf  das Stück und  rettete es und schlug  die Philister ; und HERR  schaffte eine große  Rettung.
2Sam.23.17,38,Jehova,divine-name-syntax,Subjekt/Objekt/Anrede ohne eindeutiges Regelsignal; Artikel und Kasus prüfen.,"und er sprach : Fern sei es von mir , Jehova , daß ich solches tue ! Sollte ich das Blut  der Männer trinken , die mit Gefahr ihres Lebens  hingegangen sind ? Und er wollte  es nicht trinken. Das taten  die drei Helden .","und er sprach : Fern sei es von mir , HERR , dass ich solches tue ! Sollte ich das Blut  der Männer trinken , die mit Gefahr ihres Lebens  hingegangen sind ? Und er wollte  es nicht trinken. Das taten  die drei Helden ."
2Sam.24.16,102,Jehova,divine-name-syntax,Subjekt/Objekt/Anrede ohne eindeutiges Regelsignal; Artikel und Kasus prüfen.,"
        Und  als der Engel  seine Hand  gegen Jerusalem  ausstreckte, um es  zu verderben , da reute Jehova des Übels , und er sprach  zu dem Engel , der unter dem Volke verderbte : Genug ! Ziehe jetzt deine Hand ab . Der Engel  Jehovas war aber bei der Tenne  Arawnas, des Jebusiters .","
        Und  als der Engel  seine Hand  gegen Jerusalem  ausstreckte, um es  zu verderben , da reute HERR des Übels , und er sprach  zu dem Engel , der unter dem Volke verderbte : Genug ! Ziehe jetzt deine Hand ab . Der Engel  des HERRN war aber bei der Tenne  Arawnas, des Jebusiters ."
2Sam.24.18,102,Jehova,divine-name-syntax,Subjekt/Objekt/Anrede ohne eindeutiges Regelsignal; Artikel und Kasus prüfen.,"
        Und 
        Gad  kam zu David  an selbigem Tage  und sprach  zu ihm: Gehe  hinauf, errichte Jehova  einen Altar auf  der Tenne  Arawnas, des Jebusiters .","
        Und 
        Gad  kam zu David  an selbigem Tage  und sprach  zu ihm: Gehe  hinauf, errichte HERR  einen Altar auf  der Tenne  Arawnas, des Jebusiters ."
2Sam.24.24,107,Jehova,divine-name-syntax,Subjekt/Objekt/Anrede ohne eindeutiges Regelsignal; Artikel und Kasus prüfen.,"Aber der König sprach  zu Arawna: Nein, sondern kaufen  will ich es von dir um einen Preis , und  ich will Jehova , meinem Gott , nicht umsonst Brandopfer  opfern. Und David kaufte  die Tenne  und die Rinder  um fünfzig  Sekel Silber .","Aber der König sprach  zu Arawna: Nein, sondern kaufen  will ich es von dir um einen Preis , und  ich will HERR , meinem Gott , nicht umsonst Brandopfer  opfern. Und David kaufte  die Tenne  und die Rinder  um fünfzig  Sekel Silber ."
1Kgs.1.36,106,Jehova,divine-name-syntax,Subjekt/Objekt/Anrede ohne eindeutiges Regelsignal; Artikel und Kasus prüfen.,"
        Und 
        Benaja , der Sohn Jojadas , antwortete  dem König  und sprach : Amen ! Also spreche Jehova , der Gott  meines Herrn , des Königs !","
        Und 
        Benaja , der Sohn Jojadas , antwortete  dem König  und sprach : Amen ! Also spreche HERR , der Gott  meines Herrn , des Königs !"
1Kgs.1.37,7,Jehova,divine-name-syntax,Subjekt/Objekt/Anrede ohne eindeutiges Regelsignal; Artikel und Kasus prüfen.,"So wie Jehova  mit meinem Herrn , dem König , gewesen ist , also möge er mit Salomo  sein, und er möge seinen Thron  noch größer machen  als den Thron  meines Herrn , des Königs David !","So wie HERR  mit meinem Herrn , dem König , gewesen ist , also möge er mit Salomo  sein, und er möge seinen Thron  noch größer machen  als den Thron  meines Herrn , des Königs David !"
1Kgs.2.17,127,Weibe,gender-agreement,Nominalgruppe regelbasiert angepasst; längere Pronomenbezüge/Satzkongruenz prüfen.,"Und er sprach : Sprich doch zu dem König Salomo , denn er wird dich  nicht abweisen, daß er mir  Abischag, die Sunamitin , zum Weibe gebe .","Und er sprach : Sprich doch zu dem König Salomo , denn er wird dich  nicht abweisen, dass er mir  Abischag, die Sunamitin , zur Frau gebe ."
1Kgs.2.21,77,Weibe,gender-agreement,Nominalgruppe regelbasiert angepasst; längere Pronomenbezüge/Satzkongruenz prüfen.,"Und sie sprach : Möchte Abischag, die Sunamitin , deinem Bruder  Adonija zum Weibe gegeben  werden!","Und sie sprach : Möchte Abischag, die Sunamitin , deinem Bruder  Adonija zur Frau gegeben  werden!"
1Kgs.2.26,208,Jehova,divine-name-syntax,Subjekt/Objekt/Anrede ohne eindeutiges Regelsignal; Artikel und Kasus prüfen.,"Und zu Abjathar , dem Priester , sprach  der König : Gehe  nach Anathoth , auf  deine Felder, denn du bist ein Mann  des Todes ; aber an diesem Tage  will ich dich  nicht töten , weil du die Lade  des Herrn  Jehova vor meinem Vater David  getragen, und weil du gelitten hast  in allem, worin mein Vater  gelitten hat .","Und zu Abjathar , dem Priester , sprach  der König : Gehe  nach Anathoth , auf  deine Felder, denn du bist ein Mann  des Todes ; aber an diesem Tage  will ich dich  nicht töten , weil du die Lade  des Herrn  HERR vor meinem Vater David  getragen, und weil du gelitten hast  in allem, worin mein Vater  gelitten hat ."
1Kgs.2.44,154,Jehova,divine-name-syntax,Subjekt/Objekt/Anrede ohne eindeutiges Regelsignal; Artikel und Kasus prüfen.,"Und der König sprach  zu Simei : Du selbst weißt  all das Böse , dessen dein Herz sich  bewußt ist , das du meinem Vater David getan  hast; und so bringt Jehova  deine Bosheit  auf deinen Kopf  zurück.","Und der König sprach  zu Simei : Du selbst weißt  all das Böse , dessen dein Herz sich  bewusst ist , das du meinem Vater David getan  hast; und so bringt HERR  deine Bosheit  auf deinen Kopf  zurück."
1Kgs.3.7,9,Jehova,divine-name-syntax,Subjekt/Objekt/Anrede ohne eindeutiges Regelsignal; Artikel und Kasus prüfen.,"Und nun, Jehova , mein Gott , du hast  deinen Knecht  zum König  gemacht an meines Vaters David  Statt, und ich bin ein kleiner Knabe , ich weiß  nicht aus  -und einzugehen;","Und nun, HERR , mein Gott , du hast  deinen Knecht  zum König  gemacht an meines Vaters David  Statt, und ich bin ein kleiner Knabe , ich weiß  nicht aus  -und einzugehen;"
1Kgs.3.17,13,Weib,gender-agreement,Nominalgruppe regelbasiert angepasst; längere Pronomenbezüge/Satzkongruenz prüfen.,"Und das eine Weib sprach : Bitte, mein Herr ! Ich und dieses Weib wohnten  in einem Hause ; und ich gebar  bei ihr im Hause .","Und das eine Frau sprach : Bitte, mein Herr ! Ich und diese Frau wohnten  in einem Hause ; und ich gebar  bei ihr im Hause ."
1Kgs.3.17,61,Weib,gender-agreement,Nominalgruppe regelbasiert angepasst; längere Pronomenbezüge/Satzkongruenz prüfen.,"Und das eine Weib sprach : Bitte, mein Herr ! Ich und dieses Weib wohnten  in einem Hause ; und ich gebar  bei ihr im Hause .","Und das eine Frau sprach : Bitte, mein Herr ! Ich und diese Frau wohnten  in einem Hause ; und ich gebar  bei ihr im Hause ."
1Kgs.3.18,83,Weib,gender-agreement,Nominalgruppe regelbasiert angepasst; längere Pronomenbezüge/Satzkongruenz prüfen.,"Und es geschah am dritten Tage , nachdem ich geboren hatte , da gebar  auch dieses Weib ; und wir waren zusammen, kein Fremder  war bei uns im Hause , nur  wir beide  waren im Hause .","Und es geschah am dritten Tage , nachdem ich geboren hatte , da gebar  auch diese Frau ; und wir waren zusammen, kein Fremder  war bei uns im Hause , nur  wir beide  waren im Hause ."
1Kgs.3.19,21,Weibes,gender-agreement,Nominalgruppe regelbasiert angepasst; längere Pronomenbezüge/Satzkongruenz prüfen.,"Und der Sohn  dieses Weibes starb  des Nachts , weil sie auf ihm gelegen  hatte.","Und der Sohn  dieser Frau starb  des Nachts , weil sie auf ihm gelegen  hatte."
1Kgs.3.22,15,Weib,gender-agreement,Nominalgruppe regelbasiert angepasst; längere Pronomenbezüge/Satzkongruenz prüfen.,"Und das andere Weib sprach : Nein! Sondern mein Sohn  ist der lebendige , und dein Sohn  ist der tote. Und jene sprach : Nein! Sondern dein Sohn  ist der tote, und mein Sohn  ist der lebendige . Und so redeten  sie vor  dem König .","Und die andere Frau sprach : Nein! Sondern mein Sohn  ist der lebendige , und dein Sohn  ist der tote. Und jene sprach : Nein! Sondern dein Sohn  ist der tote, und mein Sohn  ist der lebendige . Und so redeten  sie vor  dem König ."
1Kgs.3.26,15,Weib,gender-agreement,Nominalgruppe regelbasiert angepasst; längere Pronomenbezüge/Satzkongruenz prüfen.,"Da sprach  das Weib , deren Sohn  der lebendige war , zum König , denn ihr Innerstes wurde erregt über ihren Sohn , und sagte : Bitte mein Herr ! Gebet ihr das lebendige Kind  und tötet  es ja nicht! Jene aber sagte : Weder mein noch dein soll  es sein, zerteilet es!","Da sprach  die Frau , deren Sohn  der lebendige war , zum König , denn ihr Innerstes wurde erregt über ihren Sohn , und sagte : Bitte mein Herr ! Gebet ihr das lebendige Kind  und tötet  es ja nicht! Jene aber sagte : Weder mein noch dein soll  es sein, zerteilet es!"
1Kgs.4.11,92,Weib,gender-agreement,Nominalgruppe regelbasiert angepasst; längere Pronomenbezüge/Satzkongruenz prüfen.,"Ben-Abinadab hatte das ganze Hügelgebiet von Dor ; Taphath , die Tochter Salomos , war sein Weib .","Ben-Abinadab hatte das ganze Hügelgebiet von Dor ; Taphath , die Tochter Salomos , war seine Frau ."
1Kgs.4.15,73,Weibe,gender-agreement,Nominalgruppe regelbasiert angepasst; längere Pronomenbezüge/Satzkongruenz prüfen.,"Achimaaz in Naphtali; auch er  hatte Basmath , die Tochter Salomos , zum Weibe  genommen;","Achimaaz in Naphtali; auch er  hatte Basmath , die Tochter Salomos , zur Frau  genommen;"
1Kgs.5.17,163,Jehova,divine-name-syntax,Subjekt/Objekt/Anrede ohne eindeutiges Regelsignal; Artikel und Kasus prüfen.,"Du weißt  ja, daß mein Vater David nicht  vermochte, dem Namen  Jehovas, seines Gottes , ein Haus  zu bauen , wegen der Kriege , mit welchen sie ihn  umgaben, bis Jehova sie  unter seine Fußsohlen legte .","Du weißt  ja, dass mein Vater David nicht  vermochte, dem Namen  des HERRN, seines Gottes , ein Haus  zu bauen , wegen der Kriege , mit welchen sie ihn  umgaben, bis HERR sie  unter seine Fußsohlen legte ."
1Kgs.5.21,114,Jehova,divine-name-syntax,Subjekt/Objekt/Anrede ohne eindeutiges Regelsignal; Artikel und Kasus prüfen.,"Und es geschah, als Hiram  die Worte Salomos hörte , da freute er sich sehr ; und er sprach : Gepriesen sei heute Jehova , der David  einen weisen Sohn gegeben  hat über dieses große Volk !","Und es geschah, als Hiram  die Worte Salomos hörte , da freute er sich sehr ; und er sprach : Gepriesen sei heute HERR , der David  einen weisen Sohn gegeben  hat über dieses große Volk !"
1Kgs.6.1,217,Jehova,divine-name-syntax,Subjekt/Objekt/Anrede ohne eindeutiges Regelsignal; Artikel und Kasus prüfen.,"Und es geschah im vierhundertachtzigsten Jahre  nach dem Auszuge der Kinder Israel aus  dem Lande Ägypten , im vierten  Jahre der Regierung Salomos  über Israel , im Monat  Siw, das ist der zweite Monat , da baute er Jehova  das Haus .","Und es geschah im vierhundertachtzigsten Jahre  nach dem Auszuge der Kinder Israel aus  dem Lande Ägypten , im vierten  Jahre der Regierung Salomos  über Israel , im Monat  Siw, das ist der zweite Monat , da baute er HERR  das Haus ."
1Kgs.7.8,164,Weibe,gender-agreement,Nominalgruppe regelbasiert angepasst; längere Pronomenbezüge/Satzkongruenz prüfen.,"Und sein Haus , in welchem er wohnte , im anderen Hofe  innerhalb der Halle , war gleich diesem Werke . Und Salomo  baute auch der Tochter  des Pharao , die er zum Weibe genommen hatte , ein Haus  gleich dieser Halle .","Und sein Haus , in welchem er wohnte , im anderen Hofe  innerhalb der Halle , war gleich diesem Werke . Und Salomo  baute auch der Tochter  des Pharao , die er zur Frau genommen hatte , ein Haus  gleich dieser Halle ."
1Kgs.8.9,105,Jehova,divine-name-syntax,Subjekt/Objekt/Anrede ohne eindeutiges Regelsignal; Artikel und Kasus prüfen.,"Nichts war in der Lade , als nur  die beiden steinernen Tafeln , welche Mose  am Horeb  hineinlegte, als Jehova  einen Bund machte  mit den Kindern Israel , als sie aus  dem Lande Ägypten  zogen.","Nichts war in der Lade , als nur  die beiden steinernen Tafeln , welche Mose  am Horeb  hineinlegte, als HERR  einen Bund machte  mit den Kindern Israel , als sie aus  dem Lande Ägypten  zogen."
1Kgs.8.23,9,Jehova,divine-name-syntax,Subjekt/Objekt/Anrede ohne eindeutiges Regelsignal; Artikel und Kasus prüfen.,"
        Jehova , Gott Israels ! Kein Gott  ist dir gleich im Himmel  oben und auf  der Erde  unten, der du  den Bund  und die Güte  deinen Knechten  bewahrst, die vor  dir wandeln  mit ihrem ganzen Herzen ;","
        HERR , Gott Israels ! Kein Gott  ist dir gleich im Himmel  oben und auf  der Erde  unten, der du  den Bund  und die Güte  deinen Knechten  bewahrst, die vor  dir wandeln  mit ihrem ganzen Herzen ;"
1Kgs.8.25,9,Jehova,divine-name-syntax,Subjekt/Objekt/Anrede ohne eindeutiges Regelsignal; Artikel und Kasus prüfen.,"Und nun, Jehova , Gott Israels , halte  deinem Knechte David , meinem Vater , was du zu ihm geredet hast , indem du sprachst: Es soll  dir nicht an einem Manne  fehlen vor meinem Angesicht , der da sitze auf  dem Throne Israels , wenn nur  deine Söhne auf  ihren Weg  achthaben, daß sie  vor mir wandeln , so wie du vor mir gewandelt hast .","Und nun, HERR , Gott Israels , halte  deinem Knechte David , meinem Vater , was du zu ihm geredet hast , indem du sprachst: Es soll  dir nicht an einem Manne  fehlen vor meinem Angesicht , der da sitze auf  dem Throne Israels , wenn nur  deine Söhne auf  ihren Weg  achthaben, dass sie  vor mir wandeln , so wie du vor mir gewandelt hast ."
1Kgs.8.28,71,Jehova,divine-name-syntax,Subjekt/Objekt/Anrede ohne eindeutiges Regelsignal; Artikel und Kasus prüfen.,"Doch wende  dich zu dem Gebet  deines Knechtes  und zu seinem Flehen , Jehova , mein Gott , daß du  hörest auf  das Rufen und auf das Gebet , welches dein Knecht heute  vor dir betet :","Doch wende  dich zu dem Gebet  deines Knechtes  und zu seinem Flehen , HERR , mein Gott , dass du  hörest auf  das Rufen und auf das Gebet , welches dein Knecht heute  vor dir betet :"
1Kgs.8.54,88,Jehova,divine-name-syntax,Subjekt/Objekt/Anrede ohne eindeutiges Regelsignal; Artikel und Kasus prüfen.,"
        Und  es geschah, als Salomo  geendigt hatte, dieses ganze Gebet und Flehen  an Jehova zu richten, stand  er auf  vor dem Altar  Jehovas von  dem Beugen  seiner Knie, indem seine Hände  gen Himmel ausgebreitet  waren;","
        Und  es geschah, als Salomo  geendigt hatte, dieses ganze Gebet und Flehen  an HERR zu richten, stand  er auf  vor dem Altar  des HERRN von  dem Beugen  seiner Knie, indem seine Hände  gen Himmel ausgebreitet  waren;"
1Kgs.8.57,9,Jehova,divine-name-syntax,Subjekt/Objekt/Anrede ohne eindeutiges Regelsignal; Artikel und Kasus prüfen.,"
        Jehova , unser Gott , sei mit uns, so wie er mit unseren Vätern  gewesen ist; er verlasse  uns nicht und verstoße uns nicht:","
        HERR , unser Gott , sei mit uns, so wie er mit unseren Vätern  gewesen ist; er verlasse  uns nicht und verstoße uns nicht:"
1Kgs.8.63,69,Jehova,divine-name-syntax,Subjekt/Objekt/Anrede ohne eindeutiges Regelsignal; Artikel und Kasus prüfen.,"
        Und 
        Salomo  schlachtete als Friedensopfer , das er Jehova opferte , zweiundzwanzigtausend Rinder und hundertundzwanzigtausend  Schafe. Und  der König  und alle Kinder Israel weihten  das Haus  Jehovas ein.","
        Und 
        Salomo  schlachtete als Friedensopfer , das er HERR opferte , zweiundzwanzigtausend Rinder und hundertundzwanzigtausend  Schafe. Und  der König  und alle Kinder Israel weihten  das Haus  des HERRN ein."
1Kgs.8.66,150,Jehova,divine-name-syntax,Subjekt/Objekt/Anrede ohne eindeutiges Regelsignal; Artikel und Kasus prüfen.,"Am achten Tage  entließ er das Volk ; und sie segneten  den König und gingen  nach ihren Zelten, fröhlich  und guten  Mutes wegen all des Guten , das Jehova  seinem Knechte David  und seinem Volke Israel  erwiesen hatte .","Am achten Tage  entließ er das Volk ; und sie segneten  den König und gingen  nach ihren Zelten, fröhlich  und guten  Mutes wegen all des Guten , das HERR  seinem Knechte David  und seinem Volke Israel  erwiesen hatte ."
1Kgs.9.16,213,Weibe,gender-agreement,Nominalgruppe regelbasiert angepasst; längere Pronomenbezüge/Satzkongruenz prüfen.,"(Der Pharao , der König  von Ägypten , war heraufgezogen und hatte Geser  eingenommen und es  mit Feuer  verbrannt und die Kanaaniter , die in der Stadt wohnten , erschlagen; und er hatte  es seiner Tochter , dem Weibe Salomos , als Mitgift gegeben .) ","(Der Pharao , der König  von Ägypten , war heraufgezogen und hatte Geser  eingenommen und es  mit Feuer  verbrannt und die Kanaaniter , die in der Stadt wohnten , erschlagen; und er hatte  es seiner Tochter , der Frau Salomos , als Mitgift gegeben .) "
1Kgs.9.24,0,Sobald,spelling-context,Kontextabhängige Schreibung/modernes Homograph; unverändert prüfen.,"Sobald die Tochter  des Pharao  aus der Stadt Davids  in ihr Haus hinaufgezogen  war, das er ihr erbaut hatte , da baute  er das Millo .","Sobald die Tochter  des Pharao  aus der Stadt Davids  in ihr Haus hinaufgezogen  war, das er ihr erbaut hatte , da baute  er das Millo ."
1Kgs.9.25,110,Jehova,divine-name-syntax,Subjekt/Objekt/Anrede ohne eindeutiges Regelsignal; Artikel und Kasus prüfen.,"
        Und 
        Salomo  opferte dreimal  im Jahre Brandopfer  und Friedensopfer auf  dem Altar , den er Jehova  erbaut hatte ; und er räucherte auf  dem, der vor Jehova  stand. Und er vollendete das Haus .","
        Und 
        Salomo  opferte dreimal  im Jahre Brandopfer  und Friedensopfer auf  dem Altar , den er HERR  erbaut hatte ; und er räucherte auf  dem, der vor dem HERRN  stand. Und er vollendete das Haus ."
1Kgs.11.9,12,Jehova,divine-name-syntax,Subjekt/Objekt/Anrede ohne eindeutiges Regelsignal; Artikel und Kasus prüfen.,"Da erzürnte Jehova  wider Salomo , weil er sein Herz  von Jehova , dem Gott Israels , abgewandt hatte , der ihm zweimal  erschienen war ","Da erzürnte HERR  wider Salomo , weil er sein Herz  von dem HERRN , dem Gott Israels , abgewandt hatte , der ihm zweimal  erschienen war "
1Kgs.11.19,93,Weibes,gender-agreement,Nominalgruppe regelbasiert angepasst; längere Pronomenbezüge/Satzkongruenz prüfen.,"Und Hadad fand große Gnade  in den Augen  des Pharao , und er gab  ihm die Schwester  seines Weibes , sie Schwester  der Königin Thachpenes , zum Weibe .","Und Hadad fand große Gnade  in den Augen  des Pharao , und er gab  ihm die Schwester  seiner Frau , sie Schwester  der Königin Thachpenes , zur Frau ."
1Kgs.11.19,146,Weibe,gender-agreement,Nominalgruppe regelbasiert angepasst; längere Pronomenbezüge/Satzkongruenz prüfen.,"Und Hadad fand große Gnade  in den Augen  des Pharao , und er gab  ihm die Schwester  seines Weibes , sie Schwester  der Königin Thachpenes , zum Weibe .","Und Hadad fand große Gnade  in den Augen  des Pharao , und er gab  ihm die Schwester  seiner Frau , sie Schwester  der Königin Thachpenes , zur Frau ."
1Kgs.13.6,185,Jehova,divine-name-syntax,Subjekt/Objekt/Anrede ohne eindeutiges Regelsignal; Artikel und Kasus prüfen.,"Da antwortete  der König und sprach  zu dem Manne Gottes : Flehe doch Jehova , deinen Gott , an und bete für mich , daß meine Hand mir  wiedergegeben werde . Und der Mann Gottes flehte Jehova  an, und die Hand  des Königs  wurde ihm wiedergegeben und war wie zuvor .","Da antwortete  der König und sprach  zu dem Manne Gottes : Flehe doch HERR , deinen Gott , an und bete für mich , dass meine Hand mir  wiedergegeben werde . Und der Mann Gottes flehte HERR  an, und die Hand  des Königs  wurde ihm wiedergegeben und war wie zuvor ."
1Kgs.14.2,31,Weibe,gender-agreement,Nominalgruppe regelbasiert angepasst; längere Pronomenbezüge/Satzkongruenz prüfen.,"Und Jerobeam sprach  zu seinem Weibe : Mache dich  doch auf  und verstelle dich, damit man nicht wisse , daß du das Weib Jerobeams  bist, und gehe hin  nach Silo : Siehe, daselbst ist Achija, der Prophet ; er ist es, der über mich geredet hat , daß ich König  über dieses Volk  sein würde.","Und Jerobeam sprach  zu seiner Frau : Mache dich  doch auf  und verstelle dich, damit man nicht wisse , dass du die Frau Jerobeams  bist, und gehe hin  nach Silo : Siehe, daselbst ist Achija, der Prophet ; er ist es, der über mich geredet hat , dass ich König  über dieses Volk  sein würde."
1Kgs.14.2,116,Weib,gender-agreement,Nominalgruppe regelbasiert angepasst; längere Pronomenbezüge/Satzkongruenz prüfen.,"Und Jerobeam sprach  zu seinem Weibe : Mache dich  doch auf  und verstelle dich, damit man nicht wisse , daß du das Weib Jerobeams  bist, und gehe hin  nach Silo : Siehe, daselbst ist Achija, der Prophet ; er ist es, der über mich geredet hat , daß ich König  über dieses Volk  sein würde.","Und Jerobeam sprach  zu seiner Frau : Mache dich  doch auf  und verstelle dich, damit man nicht wisse , dass du die Frau Jerobeams  bist, und gehe hin  nach Silo : Siehe, daselbst ist Achija, der Prophet ; er ist es, der über mich geredet hat , dass ich König  über dieses Volk  sein würde."
1Kgs.14.4,8,Weib,gender-agreement,Nominalgruppe regelbasiert angepasst; längere Pronomenbezüge/Satzkongruenz prüfen.,"Und das Weib Jerobeams  tat also: Sie machte  sich auf  und ging  nach Silo  und kam in das Haus  Achijas. Achija aber konnte nicht sehen , denn seine Augen waren  starr wegen seines Alters.","Und die Frau Jerobeams  tat also: Sie machte  sich auf  und ging  nach Silo  und kam in das Haus  Achijas. Achija aber konnte nicht sehen , denn seine Augen waren  starr wegen seines Alters."
1Kgs.14.5,48,Weib,gender-agreement,Nominalgruppe regelbasiert angepasst; längere Pronomenbezüge/Satzkongruenz prüfen.,"Und Jehova  hatte zu Achija gesagt : Siehe, das Weib Jerobeams kommt , um  etwas von dir zu erfragen betreffs ihres Sohnes , denn er  ist krank ; so  und so sollst du zu ihr reden ; es wird aber geschehen, wenn sie hereinkommt, so wird sie sich fremd  stellen.","Und der HERR  hatte zu Achija gesagt : Siehe, die Frau Jerobeams kommt , um  etwas von dir zu erfragen betreffs ihres Sohnes , denn er  ist krank ; so  und so sollst du zu ihr reden ; es wird aber geschehen, wenn sie hereinkommt, so wird sie sich fremd  stellen."
1Kgs.14.6,121,Weib,gender-agreement,Nominalgruppe regelbasiert angepasst; längere Pronomenbezüge/Satzkongruenz prüfen.,"Und es geschah, als Achija das Geräusch ihrer Füße hörte , als sie  zum Eingang  hereinkam, da sprach er : Komm  herein, Weib Jerobeams ! Warum stellst du dich denn fremd ? Ich aber bin mit hartem Worte zu dir gesandt .","Und es geschah, als Achija das Geräusch ihrer Füße hörte , als sie  zum Eingang  hereinkam, da sprach er : Komm  herein, Frau Jerobeams ! Warum stellst du dich denn fremd ? Ich aber bin mit hartem Worte zu dir gesandt ."
1Kgs.14.15,306,Jehova,divine-name-syntax,Subjekt/Objekt/Anrede ohne eindeutiges Regelsignal; Artikel und Kasus prüfen.,"
        Und 
        Jehova 
        wird 
        Israel 
        schlagen , wie das Rohr  im Wasser  schwankt; und er wird Israel  herausreißen aus diesem guten Lande , das er ihren Vätern gegeben  hat, und wird sie zerstreuen jenseit  des Stromes, darum daß sie ihre Ascherim gemacht haben , indem sie Jehova  reizten.","
        Und 
        der HERR 
        wird 
        Israel 
        schlagen , wie das Rohr  im Wasser  schwankt; und er wird Israel  herausreißen aus diesem guten Lande , das er ihren Vätern gegeben  hat, und wird sie zerstreuen jenseit  des Stromes, darum dass sie ihre Ascherim gemacht haben , indem sie HERR  reizten."
1Kgs.14.17,8,Weib,gender-agreement,Nominalgruppe regelbasiert angepasst; längere Pronomenbezüge/Satzkongruenz prüfen.,"Und das Weib Jerobeams  machte sich auf  und ging  und kam  nach Tirza; sie war eben an die Schwelle  des Hauses gekommen , da starb  der Knabe .","Und die Frau Jerobeams  machte sich auf  und ging  und kam  nach Tirza; sie war eben an die Schwelle  des Hauses gekommen , da starb  der Knabe ."
1Kgs.14.21,178,Jehova,divine-name-syntax,Subjekt/Objekt/Anrede ohne eindeutiges Regelsignal; Artikel und Kasus prüfen.,"Und Rehabeam , der Sohn Salomos , regierte in Juda . Einundvierzig Jahre  war Rehabeam alt , als er König  wurde, und er  regierte siebzehn Jahre  zu Jerusalem , der Stadt , die Jehova  aus allen Stämmen Israels erwählt  hatte, um seinen Namen  dorthin zu setzen . Und der Name  seiner Mutter  war Naama, die Ammonitin .","Und Rehabeam , der Sohn Salomos , regierte in Juda . Einundvierzig Jahre  war Rehabeam alt , als er König  wurde, und er  regierte siebzehn Jahre  zu Jerusalem , der Stadt , die HERR  aus allen Stämmen Israels erwählt  hatte, um seinen Namen  dorthin zu setzen . Und der Name  seiner Mutter  war Naama, die Ammonitin ."
1Kgs.14.24,84,Jehova,divine-name-syntax,Subjekt/Objekt/Anrede ohne eindeutiges Regelsignal; Artikel und Kasus prüfen.,"Und es waren auch Buhler im Lande ; sie taten nach allen Greueln  der Nationen, die Jehova vor  den Kindern Israel  ausgetrieben hatte .","Und es waren auch Buhler im Lande ; sie taten nach allen Gräueln  der Nationen, die HERR vor  den Kindern Israel  ausgetrieben hatte ."
1Kgs.15.4,17,Jehova,divine-name-syntax,Subjekt/Objekt/Anrede ohne eindeutiges Regelsignal; Artikel und Kasus prüfen.,"Dennoch gab  ihm Jehova , sein Gott , um Davids  willen eine Leuchte  in Jerusalem , indem er seinen Sohn nach  ihm erweckte  und Jerusalem  bestehen ließ ;","Dennoch gab  ihm HERR , sein Gott , um Davids  willen eine Leuchte  in Jerusalem , indem er seinen Sohn nach  ihm erweckte  und Jerusalem  bestehen ließ ;"
1Kgs.15.29,16,sobald,spelling-context,Kontextabhängige Schreibung/modernes Homograph; unverändert prüfen.,"Und es geschah, sobald er König  geworden war, erschlug er das ganze Haus Jerobeams ; er ließ von Jerobeam nichts übrig , was Odem hatte , bis er ihn vertilgt  hatte, nach dem Worte Jehovas , das er durch  seinen Knecht  Achija, den Siloniter, geredet hatte:","Und es geschah, sobald er König  geworden war, erschlug er das ganze Haus Jerobeams ; er ließ von Jerobeam nichts übrig , was Odem hatte , bis er ihn vertilgt  hatte, nach dem Worte des HERRN , das er durch  seinen Knecht  Achija, den Siloniter, geredet hatte:"
1Kgs.16.11,35,sobald,spelling-context,Kontextabhängige Schreibung/modernes Homograph; unverändert prüfen.,"Und es geschah, als er König war , sobald er auf seinem Throne saß , erschlug er das ganze Haus Baesas ; er ließ nichts von ihm übrig , was männlich war, weder seine Blutsverwandten noch seine Freunde .","Und es geschah, als er König war , sobald er auf seinem Throne saß , erschlug er das ganze Haus Baesas ; er ließ nichts von ihm übrig , was männlich war, weder seine Blutsverwandten noch seine Freunde ."
1Kgs.16.31,174,Weibe,gender-agreement,Nominalgruppe regelbasiert angepasst; längere Pronomenbezüge/Satzkongruenz prüfen.,"
        Und  es geschah-war es zu wenig, daß er in den Sünden Jerobeams , des Sohnes Nebats , wandelte? daß er Isebel , die Tochter Ethbaals , des Königs  der Zidonier, zum Weibe nahm ; und er ging hin  und diente  dem Baal  und beugte sich  vor ihm nieder.","
        Und  es geschah-war es zu wenig, dass er in den Sünden Jerobeams , des Sohnes Nebats , wandelte? dass er Isebel , die Tochter Ethbaals , des Königs  der Zidonier, zur Frau nahm ; und er ging hin  und diente  dem Baal  und beugte sich  vor ihm nieder."
1Kgs.17.14,143,Jehova,divine-name-syntax,Subjekt/Objekt/Anrede ohne eindeutiges Regelsignal; Artikel und Kasus prüfen.,"Denn so spricht Jehova , der Gott Israels : Das Mehl  im Topfe soll nicht ausgehen, und das Öl  im Kruge  nicht abnehmen bis auf  den Tag , da Jehova Regen geben  wird auf  den Erdboden .","Denn so spricht der HERR , der Gott Israels : Das Mehl  im Topfe soll nicht ausgehen, und das Öl  im Kruge  nicht abnehmen bis auf  den Tag , da HERR Regen geben  wird auf  den Erdboden ."
1Kgs.17.17,59,Weibes,gender-agreement,Nominalgruppe regelbasiert angepasst; längere Pronomenbezüge/Satzkongruenz prüfen.,"Und es geschah nach  diesen Dingen, da wurde der Sohn  des Weibes , der Hauswirtin , krank ; und seine Krankheit  wurde sehr  schwer, so daß kein Odem  mehr in ihm blieb .","Und es geschah nach  diesen Dingen, da wurde der Sohn  der Frau , der Hauswirtin , krank ; und seine Krankheit  wurde sehr  schwer, so dass kein Odem  mehr in ihm blieb ."
1Kgs.17.20,37,Jehova,divine-name-syntax,Subjekt/Objekt/Anrede ohne eindeutiges Regelsignal; Artikel und Kasus prüfen.,"Und er rief  zu Jehova  und sprach : Jehova , mein Gott , hast du gar an der Witwe , bei der ich mich aufhalte, übel  getan, ihren Sohn  zu töten ?","Und er rief  zu dem HERRN  und sprach : HERR , mein Gott , hast du gar an der Witwe , bei der ich mich aufhalte, übel  getan, ihren Sohn  zu töten ?"
1Kgs.17.24,8,Weib,gender-agreement,Nominalgruppe regelbasiert angepasst; längere Pronomenbezüge/Satzkongruenz prüfen.,"Und das Weib sprach  zu Elia : Nunmehr erkenne ich, daß du ein Mann Gottes  bist, und daß das Wort Jehovas  in deinem Munde Wahrheit ist .","Und die Frau sprach  zu Elia : Nunmehr erkenne ich, dass du ein Mann Gottes  bist, und dass das Wort des HERRN  in deinem Munde Wahrheit ist ."
1Kgs.18.3,72,Jehova,divine-name-syntax,Subjekt/Objekt/Anrede ohne eindeutiges Regelsignal; Artikel und Kasus prüfen.,"Und Ahab rief Obadja , der über das Haus  war. ( Obadja  aber fürchtete Jehova sehr ;","Und Ahab rief Obadja , der über das Haus  war. ( Obadja  aber fürchtete HERR sehr ;"
1Kgs.18.12,245,Jehova,divine-name-syntax,Subjekt/Objekt/Anrede ohne eindeutiges Regelsignal; Artikel und Kasus prüfen.,"
        Und  es wird geschehen, wenn ich von dir weggehe, so wird der Geist  Jehovas dich tragen , ich weiß  nicht wohin; und  komme ich, es Ahab  zu berichten, und er findet  dich nicht, so wird er  mich töten . Und dein Knecht fürchtet  doch Jehova von meiner Jugend an .","
        Und  es wird geschehen, wenn ich von dir weggehe, so wird der Geist  des HERRN dich tragen , ich weiß  nicht wohin; und  komme ich, es Ahab  zu berichten, und er findet  dich nicht, so wird er  mich töten . Und dein Knecht fürchtet  doch HERR von meiner Jugend an ."
1Kgs.18.15,54,Jehova,divine-name-syntax,Subjekt/Objekt/Anrede ohne eindeutiges Regelsignal; Artikel und Kasus prüfen.,"
        Aber 
        Elia 
        sprach : So wahr Jehova  der Heerscharen lebt , vor dessen Angesicht  ich stehe, heute  werde ich mich ihm zeigen !","
        Aber 
        Elia 
        sprach : So wahr HERR  der Heerscharen lebt , vor dessen Angesicht  ich stehe, heute  werde ich mich ihm zeigen !"
1Kgs.18.36,106,Jehova,divine-name-syntax,Subjekt/Objekt/Anrede ohne eindeutiges Regelsignal; Artikel und Kasus prüfen.,"Und es geschah zur Zeit , da  man das Speisopfer  opfert, da trat Elia , der Prophet , herzu und sprach : Jehova , Gott Abrahams , Isaaks  und Israels ! Heute werde kund , daß du Gott  in Israel  bist, und ich dein Knecht , und daß ich nach deinem Worte alles dieses getan  habe.","Und es geschah zur Zeit , da  man das Speisopfer  opfert, da trat Elia , der Prophet , herzu und sprach : HERR , Gott Abrahams , Isaaks  und Israels ! Heute werde kund , dass du Gott  in Israel  bist, und ich dein Knecht , und dass ich nach deinem Worte alles dieses getan  habe."
1Kgs.18.39,81,Jehova,divine-name-syntax,Subjekt/Objekt/Anrede ohne eindeutiges Regelsignal; Artikel und Kasus prüfen.,"Und als das ganze Volk  es sah , da fielen  sie auf  ihr Angesicht und sprachen: Jehova , er  ist Gott ! Jehova , er ist Gott ! -","Und als das ganze Volk  es sah , da fielen  sie auf  ihr Angesicht und sprachen: HERR , er  ist Gott ! HERR , er ist Gott ! -"
1Kgs.18.39,105,Jehova,divine-name-syntax,Subjekt/Objekt/Anrede ohne eindeutiges Regelsignal; Artikel und Kasus prüfen.,"Und als das ganze Volk  es sah , da fielen  sie auf  ihr Angesicht und sprachen: Jehova , er  ist Gott ! Jehova , er ist Gott ! -","Und als das ganze Volk  es sah , da fielen  sie auf  ihr Angesicht und sprachen: HERR , er  ist Gott ! HERR , er ist Gott ! -"
1Kgs.19.4,198,Jehova,divine-name-syntax,Subjekt/Objekt/Anrede ohne eindeutiges Regelsignal; Artikel und Kasus prüfen.,"
        Er  selbst aber ging  in die Wüste , eine  Tagereise weit, und kam und setzte sich  unter einen  Ginsterstrauch. Und er bat , daß seine Seele stürbe , und sprach : Es ist genug ; nimm nun, Jehova , meine Seele , denn ich bin nicht besser  als meine Väter .","
        Er  selbst aber ging  in die Wüste , eine  Tagereise weit, und kam und setzte sich  unter einen  Ginsterstrauch. Und er bat , dass seine Seele stürbe , und sprach : Es ist genug ; nimm nun, HERR , meine Seele , denn ich bin nicht besser  als meine Väter ."
1Kgs.20.13,219,Jehova,divine-name-syntax,Subjekt/Objekt/Anrede ohne eindeutiges Regelsignal; Artikel und Kasus prüfen.,"Und siehe , ein Prophet trat  zu Ahab , dem König  von Israel , und sprach : So spricht Jehova : Hast  du diesen ganzen großen Haufen  gesehen? Siehe, ich gebe  ihn heute  in deine Hand , und du sollst wissen , daß ich Jehova  bin.","Und siehe , ein Prophet trat  zu Ahab , dem König  von Israel , und sprach : So spricht der HERR : Hast  du diesen ganzen großen Haufen  gesehen? Siehe, ich gebe  ihn heute  in deine Hand , und du sollst wissen , dass ich HERR  bin."
1Kgs.20.28,312,Jehova,divine-name-syntax,Subjekt/Objekt/Anrede ohne eindeutiges Regelsignal; Artikel und Kasus prüfen.,"
        Da 
        trat  der Mann Gottes  herzu und sprach  zu dem König  von Israel  und sagte : So spricht Jehova : Weil die Syrer gesagt  haben: Jehova  ist ein Gott  der Berge  und nicht ein Gott  der Täler , so will ich diesen ganzen großen  Haufen in deine Hand geben ; und ihr werdet erkennen , daß ich Jehova  bin.","
        Da 
        trat  der Mann Gottes  herzu und sprach  zu dem König  von Israel  und sagte : So spricht der HERR : Weil die Syrer gesagt  haben: der HERR  ist ein Gott  der Berge  und nicht ein Gott  der Täler , so will ich diesen ganzen großen  Haufen in deine Hand geben ; und ihr werdet erkennen , dass ich HERR  bin."
1Kgs.20.36,86,sobald,spelling-context,Kontextabhängige Schreibung/modernes Homograph; unverändert prüfen.,"Da sprach er  zu ihm: Darum daß du nicht auf die Stimme Jehovas  gehört hast , siehe, sobald du von mir  weggehst, wird dich ein Löwe  töten. Und  als er  von ihm wegging, da fand ihn  ein Löwe  und tötete ihn.","Da sprach er  zu ihm: Darum dass du nicht auf die Stimme des HERRN  gehört hast , siehe, sobald du von mir  weggehst, wird dich ein Löwe  töten. Und  als er  von ihm wegging, da fand ihn  ein Löwe  und tötete ihn."
1Kgs.21.3,40,Jehova,divine-name-syntax,Subjekt/Objekt/Anrede ohne eindeutiges Regelsignal; Artikel und Kasus prüfen.,"Aber Naboth sprach  zu Ahab : Das lasse Jehova  fern von mir  sein, daß ich dir das Erbe  meiner Väter geben  sollte!","Aber Naboth sprach  zu Ahab : Das lasse HERR  fern von mir  sein, dass ich dir das Erbe  meiner Väter geben  sollte!"
1Kgs.21.5,18,Weib,gender-agreement,Nominalgruppe regelbasiert angepasst; längere Pronomenbezüge/Satzkongruenz prüfen.,"Und Isebel , sein Weib , kam  zu ihm hinein und sprach  zu ihm: Warum ist doch dein Geist  mißmutig, und warum issest du nichts?","Und Isebel , seine Frau , kam  zu ihm hinein und sprach  zu ihm: Warum ist doch dein Geist  missmutig, und warum issest du nichts?"
1Kgs.21.7,24,Weib,gender-agreement,Nominalgruppe regelbasiert angepasst; längere Pronomenbezüge/Satzkongruenz prüfen.,"Da sprach Isebel , sein Weib , zu  ihm: Du, übest du jetzt Königsmacht über Israel  aus? Stehe auf , iß , und laß dein Herz  fröhlich sein. Ich werde dir  den Weinberg Naboths , des Jisreeliters, geben .","Da sprach Isebel , seine Frau , zu  ihm: Du, übest du jetzt Königsmacht über Israel  aus? Stehe auf , iss , und lass dein Herz  fröhlich sein. Ich werde dir  den Weinberg Naboths , des Jisreeliters, geben ."
1Kgs.21.25,136,Weib,gender-agreement,Nominalgruppe regelbasiert angepasst; längere Pronomenbezüge/Satzkongruenz prüfen.,"(Es ist  gar keiner gewesen wie Ahab , der sich verkauft  hätte, um zu tun , was böse  ist in den Augen Jehovas , welchen Isebel , sein Weib , anreizte.","(Es ist  gar keiner gewesen wie Ahab , der sich verkauft  hätte, um zu tun , was böse  ist in den Augen des HERRN , welchen Isebel , seine Frau , anreizte."
1Kgs.22.8,98,Jehova,divine-name-syntax,Subjekt/Objekt/Anrede ohne eindeutiges Regelsignal; Artikel und Kasus prüfen.,"
        Und  der König  von Israel sprach  zu Josaphat : Es ist  noch ein Mann  da, um durch ihn Jehova  zu befragen; aber ich hasse ihn, denn er  weissagt nichts Gutes  über mich, sondern nur Böses : Micha , der Sohn  Jimlas. Und Josaphat sprach : Der König  spreche nicht also!","
        Und  der König  von Israel sprach  zu Josaphat : Es ist  noch ein Mann  da, um durch ihn HERR  zu befragen; aber ich hasse ihn, denn er  weissagt nichts Gutes  über mich, sondern nur Böses : Micha , der Sohn  Jimlas. Und Josaphat sprach : Der König  spreche nicht also!"
1Kgs.22.19,66,Jehova,divine-name-syntax,Subjekt/Objekt/Anrede ohne eindeutiges Regelsignal; Artikel und Kasus prüfen.,"
        Und  er sprach : Darum höre  das Wort  Jehovas! Ich sah  Jehova auf seinem Throne sitzen , und  alles Heer  des Himmels  bei ihm stehen , zu seiner Rechten  und zu seiner Linken .","
        Und  er sprach : Darum höre  das Wort  des HERRN! Ich sah  HERR auf seinem Throne sitzen , und  alles Heer  des Himmels  bei ihm stehen , zu seiner Rechten  und zu seiner Linken ."
1Kgs.22.35,176,floß,spelling-context,Kontextabhängige Schreibung/modernes Homograph; unverändert prüfen.,"Und der Streit  nahm überhand  an selbigem Tage , und der König  wurde aufrecht erhalten in dem Wagen , den Syrern gegenüber ; und er starb  am Abend ; und das Blut  der Wunde floß  in den Boden des Wagens.","Und der Streit  nahm überhand  an selbigem Tage , und der König  wurde aufrecht erhalten in dem Wagen , den Syrern gegenüber ; und er starb  am Abend ; und das Blut  der Wunde floß  in den Boden des Wagens."
2Kgs.2.1,20,Jehova,divine-name-syntax,Subjekt/Objekt/Anrede ohne eindeutiges Regelsignal; Artikel und Kasus prüfen.,"Und es geschah, als Jehova  den Elia  im Sturmwinde gen Himmel  auffahren ließ, da gingen Elia  und Elisa  von Gilgal  hinweg.","Und es geschah, als HERR  den Elia  im Sturmwinde gen Himmel  auffahren ließ, da gingen Elia  und Elisa  von Gilgal  hinweg."
2Kgs.3.11,89,Jehova,divine-name-syntax,Subjekt/Objekt/Anrede ohne eindeutiges Regelsignal; Artikel und Kasus prüfen.,"
        Und 
        Josaphat 
        sprach : Ist hier kein Prophet  Jehovas, daß wir Jehova durch ihn  befragen könnten? Und einer  von den Knechten  des Königs  von Israel antwortete  und sprach : Hier ist Elisa , der Sohn Saphats , der Wasser goß  auf die Hände  des Elia .","
        Und 
        Josaphat 
        sprach : Ist hier kein Prophet  des HERRN, dass wir HERR durch ihn  befragen könnten? Und einer  von den Knechten  des Königs  von Israel antwortete  und sprach : Hier ist Elisa , der Sohn Saphats , der Wasser goss  auf die Hände  des Elia ."
2Kgs.3.14,26,Jehova,divine-name-syntax,Subjekt/Objekt/Anrede ohne eindeutiges Regelsignal; Artikel und Kasus prüfen.,"Da sprach Elisa : So wahr Jehova  der Heerscharen lebt , vor dessen Angesicht ich stehe , wenn  ich nicht auf  die Person Josaphats , des Königs  von Juda , Rücksicht nähme, so würde ich dich nicht anblicken, noch dich ansehen !","Da sprach Elisa : So wahr HERR  der Heerscharen lebt , vor dessen Angesicht ich stehe , wenn  ich nicht auf  die Person Josaphats , des Königs  von Juda , Rücksicht nähme, so würde ich dich nicht anblicken, noch dich ansehen !"
2Kgs.4.1,8,Weib,gender-agreement,Nominalgruppe regelbasiert angepasst; längere Pronomenbezüge/Satzkongruenz prüfen.,"Und ein Weib  von den Weibern  der Söhne  der Propheten  schrie zu Elisa  und sprach : Dein Knecht , mein Mann , ist gestorben , und du weißt  ja, daß dein Knecht Jehova fürchtete ; und der Schuldherr  ist gekommen , um sich meine beiden Knaben  zu Knechten  zu nehmen.","Und eine Frau  von den Frauen  der Söhne  der Propheten  schrie zu Elisa  und sprach : Dein Knecht , mein Mann , ist gestorben , und du weißt  ja, dass dein Knecht HERR fürchtete ; und der Schuldherr  ist gekommen , um sich meine beiden Knaben  zu Knechten  zu nehmen."
2Kgs.4.1,163,Jehova,divine-name-syntax,Subjekt/Objekt/Anrede ohne eindeutiges Regelsignal; Artikel und Kasus prüfen.,"Und ein Weib  von den Weibern  der Söhne  der Propheten  schrie zu Elisa  und sprach : Dein Knecht , mein Mann , ist gestorben , und du weißt  ja, daß dein Knecht Jehova fürchtete ; und der Schuldherr  ist gekommen , um sich meine beiden Knaben  zu Knechten  zu nehmen.","Und eine Frau  von den Frauen  der Söhne  der Propheten  schrie zu Elisa  und sprach : Dein Knecht , mein Mann , ist gestorben , und du weißt  ja, dass dein Knecht HERR fürchtete ; und der Schuldherr  ist gekommen , um sich meine beiden Knaben  zu Knechten  zu nehmen."
2Kgs.4.8,101,Weib,gender-agreement,Nominalgruppe regelbasiert angepasst; längere Pronomenbezüge/Satzkongruenz prüfen.,"Und es geschah eines Tages , da ging Elisa  nach Sunem  hinüber; und daselbst  war ein  wohlhabendes Weib , und sie  nötigte ihn, bei ihr  zu essen . Und es geschah, sooft er durchzog, kehrte er dort ein, um zu essen .","Und es geschah eines Tages , da ging Elisa  nach Sunem  hinüber; und daselbst  war eine  wohlhabende Frau , und sie  nötigte ihn, bei ihr  zu essen . Und es geschah, sooft er durchzog, kehrte er dort ein, um zu essen ."
2Kgs.4.17,8,Weib,gender-agreement,Nominalgruppe regelbasiert angepasst; längere Pronomenbezüge/Satzkongruenz prüfen.,"Und das Weib  wurde schwanger  und gebar  einen Sohn  zu dieser bestimmten Zeit  übers Jahr , wie Elisa  zu ihr geredet hatte .","Und die Frau  wurde schwanger  und gebar  einen Sohn  zu dieser bestimmten Zeit  übers Jahr , wie Elisa  zu ihr geredet hatte ."
2Kgs.5.2,144,Weibe,gender-agreement,Nominalgruppe regelbasiert angepasst; längere Pronomenbezüge/Satzkongruenz prüfen.,"Und die Syrer  waren in Streifscharen ausgezogen und hatten aus  dem Lande Israel  ein junges Mädchen gefangen weggeführt, und sie war vor  dem Weibe  Naamans.","Und die Syrer  waren in Streifscharen ausgezogen und hatten aus  dem Lande Israel  ein junges Mädchen gefangen weggeführt, und sie war vor  der Frau  Naamans."
2Kgs.5.17,211,Jehova,divine-name-syntax,Subjekt/Objekt/Anrede ohne eindeutiges Regelsignal; Artikel und Kasus prüfen.,"Da sprach Naaman : Wenn nicht, so werde doch deinem Knechte  die Last  eines Maultiergespannes Erde gegeben ; denn dein Knecht  wird nicht mehr anderen Göttern Brandopfer  und Schlachtopfer opfern , sondern nur Jehova .","Da sprach Naaman : Wenn nicht, so werde doch deinem Knechte  die Last  eines Maultiergespannes Erde gegeben ; denn dein Knecht  wird nicht mehr anderen Göttern Brandopfer  und Schlachtopfer opfern , sondern nur HERR ."
2Kgs.5.18,23,Jehova,divine-name-syntax,Subjekt/Objekt/Anrede ohne eindeutiges Regelsignal; Artikel und Kasus prüfen.,"In diesem Stücke wolle Jehova  deinem Knechte vergeben : Wenn mein Herr  in das Haus Rimmons  geht, um sich  daselbst niederzubeugen-denn er lehnt sich  auf meine Hand , und ich beuge mich nieder im Hause Rimmons  -ja, wenn ich mich niederbeuge im Hause Rimmons , so möge doch Jehova deinem Knechte  in diesem Stücke vergeben !","In diesem Stücke wolle HERR  deinem Knechte vergeben : Wenn mein Herr  in das Haus Rimmons  geht, um sich  daselbst niederzubeugen-denn er lehnt sich  auf meine Hand , und ich beuge mich nieder im Hause Rimmons  -ja, wenn ich mich niederbeuge im Hause Rimmons , so möge doch HERR deinem Knechte  in diesem Stücke vergeben !"
2Kgs.5.18,277,Jehova,divine-name-syntax,Subjekt/Objekt/Anrede ohne eindeutiges Regelsignal; Artikel und Kasus prüfen.,"In diesem Stücke wolle Jehova  deinem Knechte vergeben : Wenn mein Herr  in das Haus Rimmons  geht, um sich  daselbst niederzubeugen-denn er lehnt sich  auf meine Hand , und ich beuge mich nieder im Hause Rimmons  -ja, wenn ich mich niederbeuge im Hause Rimmons , so möge doch Jehova deinem Knechte  in diesem Stücke vergeben !","In diesem Stücke wolle HERR  deinem Knechte vergeben : Wenn mein Herr  in das Haus Rimmons  geht, um sich  daselbst niederzubeugen-denn er lehnt sich  auf meine Hand , und ich beuge mich nieder im Hause Rimmons  -ja, wenn ich mich niederbeuge im Hause Rimmons , so möge doch HERR deinem Knechte  in diesem Stücke vergeben !"
2Kgs.6.17,31,Jehova,divine-name-syntax,Subjekt/Objekt/Anrede ohne eindeutiges Regelsignal; Artikel und Kasus prüfen.,"Und Elisa betete  und sprach : Jehova , öffne  doch seine Augen , daß er sehe ! Da öffnete Jehova  die Augen  des Knaben ; und er sah : und siehe, der Berg  war voll feuriger Rosse  und Wagen , rings um Elisa her .","Und Elisa betete  und sprach : HERR , öffne  doch seine Augen , dass er sehe ! Da öffnete HERR  die Augen  des Knaben ; und er sah : und siehe, der Berg  war voll feuriger Rosse  und Wagen , rings um Elisa her ."
2Kgs.6.17,91,Jehova,divine-name-syntax,Subjekt/Objekt/Anrede ohne eindeutiges Regelsignal; Artikel und Kasus prüfen.,"Und Elisa betete  und sprach : Jehova , öffne  doch seine Augen , daß er sehe ! Da öffnete Jehova  die Augen  des Knaben ; und er sah : und siehe, der Berg  war voll feuriger Rosse  und Wagen , rings um Elisa her .","Und Elisa betete  und sprach : HERR , öffne  doch seine Augen , dass er sehe ! Da öffnete HERR  die Augen  des Knaben ; und er sah : und siehe, der Berg  war voll feuriger Rosse  und Wagen , rings um Elisa her ."
2Kgs.6.20,72,Jehova,divine-name-syntax,Subjekt/Objekt/Anrede ohne eindeutiges Regelsignal; Artikel und Kasus prüfen.,"Und es geschah, als sie nach Samaria gekommen  waren, da sprach Elisa : Jehova , öffne  diesen die Augen , daß sie sehen ! Da öffnete Jehova  ihnen die Augen ; und sie sahen : und siehe, sie waren mitten in Samaria .","Und es geschah, als sie nach Samaria gekommen  waren, da sprach Elisa : HERR , öffne  diesen die Augen , dass sie sehen ! Da öffnete HERR  ihnen die Augen ; und sie sahen : und siehe, sie waren mitten in Samaria ."
2Kgs.6.20,134,Jehova,divine-name-syntax,Subjekt/Objekt/Anrede ohne eindeutiges Regelsignal; Artikel und Kasus prüfen.,"Und es geschah, als sie nach Samaria gekommen  waren, da sprach Elisa : Jehova , öffne  diesen die Augen , daß sie sehen ! Da öffnete Jehova  ihnen die Augen ; und sie sahen : und siehe, sie waren mitten in Samaria .","Und es geschah, als sie nach Samaria gekommen  waren, da sprach Elisa : HERR , öffne  diesen die Augen , dass sie sehen ! Da öffnete HERR  ihnen die Augen ; und sie sahen : und siehe, sie waren mitten in Samaria ."
2Kgs.6.26,85,Weib,gender-agreement,Nominalgruppe regelbasiert angepasst; längere Pronomenbezüge/Satzkongruenz prüfen.,"Und es geschah, als der König  von Israel  auf der Mauer einherging , da schrie  ein Weib  zu ihm und sprach : Hilf , mein Herr König !","Und es geschah, als der König  von Israel  auf der Mauer einherging , da schrie  eine Frau  zu ihm und sprach : Hilf , mein Herr König !"
2Kgs.6.27,27,Jehova,divine-name-syntax,Subjekt/Objekt/Anrede ohne eindeutiges Regelsignal; Artikel und Kasus prüfen.,"Aber er sprach : Hilft dir Jehova  nicht, woher  sollte ich dir helfen ? Von der Tenne  oder von der Kelter ?","Aber er sprach : Hilft dir HERR  nicht, woher  sollte ich dir helfen ? Von der Tenne  oder von der Kelter ?"
2Kgs.6.28,67,Weib,gender-agreement,Nominalgruppe regelbasiert angepasst; längere Pronomenbezüge/Satzkongruenz prüfen.,"Und der König sprach  zu ihr: Was ist dir? Und sie sprach : Dieses Weib  da hat zu mir gesagt : Gib  deinen Sohn  her, daß wir ihn heute essen ; und meinen Sohn  wollen wir morgen essen .","Und der König sprach  zu ihr: Was ist dir? Und sie sprach : Diese Frau  da hat zu mir gesagt : Gib  deinen Sohn  her, dass wir ihn heute essen ; und meinen Sohn  wollen wir morgen essen ."
2Kgs.6.30,45,Weibes,gender-agreement,Nominalgruppe regelbasiert angepasst; längere Pronomenbezüge/Satzkongruenz prüfen.,"Und es geschah, als der König  die Worte des Weibes hörte , da zerriß er  seine Kleider , während er auf der Mauer einherging ; und das Volk sah , und siehe, er trug Sacktuch darunter auf seinem Leibe .","Und es geschah, als der König  die Worte der Frau hörte , da zerriss er  seine Kleider , während er auf der Mauer einherging ; und das Volk sah , und siehe, er trug Sacktuch darunter auf seinem Leibe ."
2Kgs.6.32,304,sobald,spelling-context,Kontextabhängige Schreibung/modernes Homograph; unverändert prüfen.,"
        Und 
        Elisa 
        saß  in seinem Hause , und die Ältesten  saßen bei ihm . Und der König sandte  einen Mann  vor sich  her. Ehe der Bote zu  ihm kam , sprach er  aber zu den Ältesten : Habt ihr gesehen , daß dieser Mördersohn hergesandt hat , um mir  den Kopf  wegzunehmen? Sehet  zu, sobald der Bote  kommt, verschließet die Tür  und dränget ihn  mit der Tür  hinweg! Ist nicht  der Schall  der Tritte seines Herrn hinter  ihm?","
        Und 
        Elisa 
        saß  in seinem Hause , und die Ältesten  saßen bei ihm . Und der König sandte  einen Mann  vor sich  her. Ehe der Bote zu  ihm kam , sprach er  aber zu den Ältesten : Habt ihr gesehen , dass dieser Mördersohn hergesandt hat , um mir  den Kopf  wegzunehmen? Sehet  zu, sobald der Bote  kommt, verschließet die Tür  und dränget ihn  mit der Tür  hinweg! Ist nicht  der Schall  der Tritte seines Herrn hinter  ihm?"
2Kgs.6.33,144,Jehova,divine-name-syntax,Subjekt/Objekt/Anrede ohne eindeutiges Regelsignal; Artikel und Kasus prüfen.,"Noch redete  er mit ihnen, siehe, da kam der Bote  zu ihm herab ; und er sprach : Siehe, dieses Unglück  ist von Jehova ; was soll ich noch auf Jehova harren ?","Noch redete  er mit ihnen, siehe, da kam der Bote  zu ihm herab ; und er sprach : Siehe, dieses Unglück  ist von dem HERRN ; was soll ich noch auf HERR harren ?"
2Kgs.8.1,24,Weibe,gender-agreement,Nominalgruppe regelbasiert angepasst; längere Pronomenbezüge/Satzkongruenz prüfen.,"Und Elisa hatte  zu dem Weibe , deren Sohn er lebendig  gemacht hatte, geredet und gesagt : Mache dich auf  und gehe  hin, du und dein Haus , und weile, wo  du weilen kannst; denn Jehova  hat eine Hungersnot herbeigerufen, und sie  kommt auch ins Land sieben Jahre  lang.","Und Elisa hatte  zu der Frau , deren Sohn er lebendig  gemacht hatte, geredet und gesagt : Mache dich auf  und gehe  hin, du und dein Haus , und weile, wo  du weilen kannst; denn der HERR  hat eine Hungersnot herbeigerufen, und sie  kommt auch ins Land sieben Jahre  lang."
2Kgs.8.2,8,Weib,gender-agreement,Nominalgruppe regelbasiert angepasst; längere Pronomenbezüge/Satzkongruenz prüfen.,"Und das Weib machte sich auf  und tat nach dem Worte des Mannes Gottes : sie ging hin , sie und ihr Haus , und weilte in dem Lande  der Philister sieben Jahre .","Und die Frau machte sich auf  und tat nach dem Worte des Mannes Gottes : sie ging hin , sie und ihr Haus , und weilte in dem Lande  der Philister sieben Jahre ."
2Kgs.8.3,69,Weib,gender-agreement,Nominalgruppe regelbasiert angepasst; längere Pronomenbezüge/Satzkongruenz prüfen.,"
        Und  es geschah am Ende  von sieben  Jahren, da kehrte  das Weib aus  dem Lande  der Philister  zurück; und sie  ging aus, um den König  anzurufen wegen ihres Hauses  und wegen ihrer Felder.","
        Und  es geschah am Ende  von sieben  Jahren, da kehrte  die Frau aus  dem Lande  der Philister  zurück; und sie  ging aus, um den König  anzurufen wegen ihres Hauses  und wegen ihrer Felder."
2Kgs.8.5,110,Weib,gender-agreement,Nominalgruppe regelbasiert angepasst; längere Pronomenbezüge/Satzkongruenz prüfen.,"Und es  geschah, während er  dem König erzählte , daß er den Toten lebendig  gemacht habe, siehe, da rief das Weib , deren Sohn  er lebendig  gemacht hatte, den König  an wegen ihres Hauses  und wegen ihrer Felder. Da sprach Gehasi : Mein Herr König ! Dies ist das Weib , und dies ist ihr Sohn , den Elisa lebendig  gemacht hat.","Und es  geschah, während er  dem König erzählte , dass er den Toten lebendig  gemacht habe, siehe, da rief die Frau , deren Sohn  er lebendig  gemacht hatte, den König  an wegen ihres Hauses  und wegen ihrer Felder. Da sprach Gehasi : Mein Herr König ! Dies ist die Frau , und dies ist ihr Sohn , den Elisa lebendig  gemacht hat."
2Kgs.8.5,265,Weib,gender-agreement,Nominalgruppe regelbasiert angepasst; längere Pronomenbezüge/Satzkongruenz prüfen.,"Und es  geschah, während er  dem König erzählte , daß er den Toten lebendig  gemacht habe, siehe, da rief das Weib , deren Sohn  er lebendig  gemacht hatte, den König  an wegen ihres Hauses  und wegen ihrer Felder. Da sprach Gehasi : Mein Herr König ! Dies ist das Weib , und dies ist ihr Sohn , den Elisa lebendig  gemacht hat.","Und es  geschah, während er  dem König erzählte , dass er den Toten lebendig  gemacht habe, siehe, da rief die Frau , deren Sohn  er lebendig  gemacht hatte, den König  an wegen ihres Hauses  und wegen ihrer Felder. Da sprach Gehasi : Mein Herr König ! Dies ist die Frau , und dies ist ihr Sohn , den Elisa lebendig  gemacht hat."
2Kgs.8.6,26,Weib,gender-agreement,Nominalgruppe regelbasiert angepasst; längere Pronomenbezüge/Satzkongruenz prüfen.,"Und der König fragte  das Weib , und sie erzählte  ihm; und der König gab  ihr einen Kämmerer  mit und sprach : Erstatte alles zurück, was ihr gehört, sowie den ganzen Ertrag  der Felder von dem Tage  an, da sie das Land verlassen  hat, bis jetzt.","Und der König fragte  die Frau , und sie erzählte  ihm; und der König gab  ihr einen Kämmerer  mit und sprach : Erstatte alles zurück, was ihr gehört, sowie den ganzen Ertrag  der Felder von dem Tage  an, da sie das Land verlassen  hat, bis jetzt."
2Kgs.8.18,120,Weibe,gender-agreement,Nominalgruppe regelbasiert angepasst; längere Pronomenbezüge/Satzkongruenz prüfen.,"Und er wandelte  auf dem Wege  der Könige  von Israel , wie das Haus Ahabs tat , denn er hatte  eine Tochter Ahabs  zum Weibe ; und er tat, was böse  war in den Augen Jehovas .","Und er wandelte  auf dem Wege  der Könige  von Israel , wie das Haus Ahabs tat , denn er hatte  eine Tochter Ahabs  zur Frau ; und er tat, was böse  war in den Augen des HERRN ."
2Kgs.9.25,217,Jehova,divine-name-syntax,Subjekt/Objekt/Anrede ohne eindeutiges Regelsignal; Artikel und Kasus prüfen.,"
        Und  er sprach  zu Bidkar, seinem Anführer: Nimm ihn  und wirf  ihn auf das Grundstück Naboths , des Jisreeliters. Denn gedenke , wie wir, ich und du, neben einander hinter  seinem Vater Ahab  herritten, und Jehova  diesen Ausspruch über ihn tat:","
        Und  er sprach  zu Bidkar, seinem Anführer: Nimm ihn  und wirf  ihn auf das Grundstück Naboths , des Jisreeliters. Denn gedenke , wie wir, ich und du, neben einander hinter  seinem Vater Ahab  herritten, und HERR  diesen Ausspruch über ihn tat:"
2Kgs.10.10,75,Jehova,divine-name-syntax,Subjekt/Objekt/Anrede ohne eindeutiges Regelsignal; Artikel und Kasus prüfen.,"Wisset denn , daß nichts  zur Erde fallen  wird von dem Worte Jehovas, das Jehova wider das Haus Ahabs  geredet hat ; und  Jehova hat getan , was er durch  seinen Knecht Elia  geredet hat .","Wisset denn , dass nichts  zur Erde fallen  wird von dem Worte des HERRN, das HERR wider das Haus Ahabs  geredet hat ; und  der HERR hat getan , was er durch  seinen Knecht Elia  geredet hat ."
2Kgs.10.32,23,Jehova,divine-name-syntax,Subjekt/Objekt/Anrede ohne eindeutiges Regelsignal; Artikel und Kasus prüfen.,"In jenen Tagen  begann Jehova  abzuhauen unter Israel ; und Hasael schlug  sie im ganzen Gebiet Israels ,","In jenen Tagen  begann HERR  abzuhauen unter Israel ; und Hasael schlug  sie im ganzen Gebiet Israels ,"
2Kgs.11.17,67,Jehova,divine-name-syntax,Subjekt/Objekt/Anrede ohne eindeutiges Regelsignal; Artikel und Kasus prüfen.,"
        Und 
        Jojada 
        machte  einen Bund  zwischen Jehova und  dem König  und dem Volke , daß sie das Volk  Jehovas sein sollten, und zwischen dem König  und dem Volke .","
        Und 
        Jojada 
        machte  einen Bund  zwischen HERR und  dem König  und dem Volke , dass sie das Volk  des HERRN sein sollten, und zwischen dem König  und dem Volke ."
2Kgs.13.4,18,Jehova,divine-name-syntax,Subjekt/Objekt/Anrede ohne eindeutiges Regelsignal; Artikel und Kasus prüfen.,"Und Joahas flehte Jehova  an; und Jehova hörte auf  ihn, denn er sah  den Druck Israels , denn der König  von Syrien  drückte sie .","Und Joahas flehte HERR  an; und der HERR hörte auf  ihn, denn er sah  den Druck Israels , denn der König  von Syrien  drückte sie ."
2Kgs.13.17,104,schoß,spelling-context,Kontextabhängige Schreibung/modernes Homograph; unverändert prüfen.,Und er sprach : Öffne das Fenster gegen  Morgen. Und er öffnete  es. Und Elisa sprach : Schieße! Und er schoß. Und er sprach : Ein Pfeil  der Rettung von Jehova  und ein Pfeil  der Rettung wider die Syrer ! Und so wirst du die Syrer  zu Aphek schlagen  bis zur Vernichtung.,Und er sprach : Öffne das Fenster gegen  Morgen. Und er öffnete  es. Und Elisa sprach : Schieße! Und er schoß. Und er sprach : Ein Pfeil  der Rettung von dem HERRN  und ein Pfeil  der Rettung wider die Syrer ! Und so wirst du die Syrer  zu Aphek schlagen  bis zur Vernichtung.
2Kgs.13.23,5,Jehova,divine-name-syntax,Subjekt/Objekt/Anrede ohne eindeutiges Regelsignal; Artikel und Kasus prüfen.,"Aber Jehova  erwies ihnen Gnade  und erbarmte sich  ihrer und wandte sich  ihnen zu, wegen seines Bundes  mit Abraham , Isaak  und Jakob ; und er wollte  sie nicht verderben  und warf  sie nicht von seinem Angesicht  weg bis  dahin.","Aber HERR  erwies ihnen Gnade  und erbarmte sich  ihrer und wandte sich  ihnen zu, wegen seines Bundes  mit Abraham , Isaak  und Jakob ; und er wollte  sie nicht verderben  und warf  sie nicht von seinem Angesicht  weg bis  dahin."
2Kgs.14.9,228,Weibe,gender-agreement,Nominalgruppe regelbasiert angepasst; längere Pronomenbezüge/Satzkongruenz prüfen.,"Da sandte Joas , der König  von Israel , zu Amazja , dem König  von Juda , und ließ  ihm sagen : Der Dornstrauch  auf dem Libanon  sandte zu der Zeder  auf dem Libanon  und ließ ihr sagen : Gib  meinem Sohne  deine Tochter  zum Weibe ! Da lief das Getier  des Feldes , das auf dem Libanon  ist, vorüber und zertrat  den Dornstrauch .","Da sandte Joas , der König  von Israel , zu Amazja , dem König  von Juda , und ließ  ihm sagen : Der Dornstrauch  auf dem Libanon  sandte zu der Zeder  auf dem Libanon  und ließ ihr sagen : Gib  meinem Sohne  deine Tochter  zur Frau ! Da lief das Getier  des Feldes , das auf dem Libanon  ist, vorüber und zertrat  den Dornstrauch ."
2Kgs.15.37,23,Jehova,divine-name-syntax,Subjekt/Objekt/Anrede ohne eindeutiges Regelsignal; Artikel und Kasus prüfen.,"In jenen Tagen  begann Jehova , Rezin , den König  von Syrien , und Pekach, den Sohn Remaljas , wider Juda  zu senden .","In jenen Tagen  begann HERR , Rezin , den König  von Syrien , und Pekach, den Sohn Remaljas , wider Juda  zu senden ."
2Kgs.16.3,150,Jehova,divine-name-syntax,Subjekt/Objekt/Anrede ohne eindeutiges Regelsignal; Artikel und Kasus prüfen.,"sondern er  wandelte auf  dem Wege  der Könige  von Israel , und er ließ  sogar seinen Sohn  durchs Feuer gehen , nach den Greueln  der Nationen, die Jehova  vor den Kindern Israel  ausgetrieben hatte;","sondern er  wandelte auf  dem Wege  der Könige  von Israel , und er ließ  sogar seinen Sohn  durchs Feuer gehen , nach den Gräueln  der Nationen, die HERR  vor den Kindern Israel  ausgetrieben hatte;"
2Kgs.17.8,89,Jehova,divine-name-syntax,Subjekt/Objekt/Anrede ohne eindeutiges Regelsignal; Artikel und Kasus prüfen.,"und weil sie andere Götter fürchteten und in den Satzungen  der Nationen wandelten , die Jehova  vor den Kindern Israel  ausgetrieben, und der Könige von Israel , welche dieselben gemacht  hatten.","und weil sie andere Götter fürchteten und in den Satzungen  der Nationen wandelten , die HERR  vor den Kindern Israel  ausgetrieben, und der Könige von Israel , welche dieselben gemacht  hatten."
2Kgs.17.11,71,Jehova,divine-name-syntax,Subjekt/Objekt/Anrede ohne eindeutiges Regelsignal; Artikel und Kasus prüfen.,"und sie räucherten  daselbst auf  allen Höhen , wie  die Nationen, die Jehova vor  ihnen weggeführt hatte ; und sie taten böse  Dinge, um Jehova  zu reizen ;","und sie räucherten  daselbst auf  allen Höhen , wie  die Nationen, die HERR vor  ihnen weggeführt hatte ; und sie taten böse  Dinge, um den HERRN  zu reizen ;"
2Kgs.17.13,4,Jehova,divine-name-syntax,Subjekt/Objekt/Anrede ohne eindeutiges Regelsignal; Artikel und Kasus prüfen.,"Und Jehova  zeugte gegen Israel  und gegen Juda durch  alle Propheten , alle Seher , indem er sprach : Kehret um  von euren bösen Wegen  und beobachtet meine Gebote , meine Satzungen , nach dem ganzen Gesetz , das ich  euren Vätern  geboten, und das ich euch gesandt habe durch  meine Knechte , die Propheten .","Und HERR  zeugte gegen Israel  und gegen Juda durch  alle Propheten , alle Seher , indem er sprach : Kehret um  von euren bösen Wegen  und beobachtet meine Gebote , meine Satzungen , nach dem ganzen Gesetz , das ich  euren Vätern  geboten, und das ich euch gesandt habe durch  meine Knechte , die Propheten ."
2Kgs.17.18,12,Jehova,divine-name-syntax,Subjekt/Objekt/Anrede ohne eindeutiges Regelsignal; Artikel und Kasus prüfen.,"Da erzürnte Jehova sehr  über Israel  und tat  es vor seinem Angesicht  hinweg; es blieb nichts übrig , nur der Stamm Juda  allein.","Da erzürnte HERR sehr  über Israel  und tat  es vor seinem Angesicht  hinweg; es blieb nichts übrig , nur der Stamm Juda  allein."
2Kgs.17.20,11,Jehova,divine-name-syntax,Subjekt/Objekt/Anrede ohne eindeutiges Regelsignal; Artikel und Kasus prüfen.,"Da verwarf Jehova  den ganzen Samen Israels  und demütigte sie , und er gab  sie in die Hand  von Plünderern, bis er sie von seinem Angesicht  weggeworfen hatte .","Da verwarf HERR  den ganzen Samen Israels  und demütigte sie , und er gab  sie in die Hand  von Plünderern, bis er sie von seinem Angesicht  weggeworfen hatte ."
2Kgs.17.23,4,Jehova,divine-name-syntax,Subjekt/Objekt/Anrede ohne eindeutiges Regelsignal; Artikel und Kasus prüfen.,"bis Jehova Israel  vor seinem Angesicht hinwegtat, so wie er durch  alle seine Knechte , die Propheten , geredet hatte ; und Israel  wurde aus seinem Lande  nach Assyrien weggeführt  bis auf  diesen Tag .","bis HERR Israel  vor seinem Angesicht hinwegtat, so wie er durch  alle seine Knechte , die Propheten , geredet hatte ; und Israel  wurde aus seinem Lande  nach Assyrien weggeführt  bis auf  diesen Tag ."
2Kgs.17.25,81,Jehova,divine-name-syntax,Subjekt/Objekt/Anrede ohne eindeutiges Regelsignal; Artikel und Kasus prüfen.,"
        Und  es geschah, im Anfang  ihrer Niederlassung daselbst fürchteten sie Jehova  nicht; da sandte Jehova Löwen  unter sie , welche unter ihnen würgten.","
        Und  es geschah, im Anfang  ihrer Niederlassung daselbst fürchteten sie HERR  nicht; da sandte der HERR Löwen  unter sie , welche unter ihnen würgten."
2Kgs.17.28,123,Jehova,divine-name-syntax,Subjekt/Objekt/Anrede ohne eindeutiges Regelsignal; Artikel und Kasus prüfen.,"Und es kam einer  der Priester , die man aus Samaria weggeführt hatte , und wohnte  zu Bethel; und er  lehrte sie, wie sie Jehova fürchten  sollten.","Und es kam einer  der Priester , die man aus Samaria weggeführt hatte , und wohnte  zu Bethel; und er  lehrte sie, wie sie HERR fürchten  sollten."
2Kgs.17.32,29,Jehova,divine-name-syntax,Subjekt/Objekt/Anrede ohne eindeutiges Regelsignal; Artikel und Kasus prüfen.,"
        Und  sie fürchteten Jehova , und sie machten  sich aus ihrer Gesamtheit Priester  der Höhen , welche für  sie in den Höhenhäusern opferten.","
        Und  sie fürchteten HERR , und sie machten  sich aus ihrer Gesamtheit Priester  der Höhen , welche für  sie in den Höhenhäusern opferten."
2Kgs.17.33,15,Jehova,divine-name-syntax,Subjekt/Objekt/Anrede ohne eindeutiges Regelsignal; Artikel und Kasus prüfen.,"Sie fürchteten Jehova , und sie dienten  ihren Göttern  nach der Weise  der Nationen, aus welchen man sie weggeführt  hatte.","Sie fürchteten HERR , und sie dienten  ihren Göttern  nach der Weise  der Nationen, aus welchen man sie weggeführt  hatte."
2Kgs.17.36,8,Jehova,divine-name-syntax,Subjekt/Objekt/Anrede ohne eindeutiges Regelsignal; Artikel und Kasus prüfen.,"sondern Jehova , der euch  mit großer Kraft  und mit ausgestrecktem Arm aus  dem Lande Ägypten  heraufgeführt hat , den sollt ihr fürchten, und den sollt ihr anbeten  und ihm opfern .","sondern HERR , der euch  mit großer Kraft  und mit ausgestrecktem Arm aus  dem Lande Ägypten  heraufgeführt hat , den sollt ihr fürchten, und den sollt ihr anbeten  und ihm opfern ."
2Kgs.17.39,8,Jehova,divine-name-syntax,Subjekt/Objekt/Anrede ohne eindeutiges Regelsignal; Artikel und Kasus prüfen.,"sondern Jehova , euren Gott , sollt ihr fürchten, und er wird euch erretten  aus der Hand  aller eurer Feinde .","sondern HERR , euren Gott , sollt ihr fürchten, und er wird euch erretten  aus der Hand  aller eurer Feinde ."
2Kgs.17.41,29,Jehova,divine-name-syntax,Subjekt/Objekt/Anrede ohne eindeutiges Regelsignal; Artikel und Kasus prüfen.,"So fürchteten diese Nationen Jehova , und dienten  zugleich ihren Götzenbildern. Auch ihre Kinder  und ihre Kindeskinder tun  bis auf diesen Tag , so wie  ihre Väter getan  haben.","So fürchteten diese Nationen HERR , und dienten  zugleich ihren Götzenbildern. Auch ihre Kinder  und ihre Kindeskinder tun  bis auf diesen Tag , so wie  ihre Väter getan  haben."
2Kgs.18.6,48,Jehova,divine-name-syntax,Subjekt/Objekt/Anrede ohne eindeutiges Regelsignal; Artikel und Kasus prüfen.,"
        Und 
        er 
        hing 
        Jehova  an, er wich nicht von ihm ab; und er beobachtete seine Gebote , die Jehova  dem Mose  geboten hatte .","
        Und 
        er 
        hing 
        HERR  an, er wich nicht von ihm ab; und er beobachtete seine Gebote , die HERR  dem Mose  geboten hatte ."
2Kgs.18.6,124,Jehova,divine-name-syntax,Subjekt/Objekt/Anrede ohne eindeutiges Regelsignal; Artikel und Kasus prüfen.,"
        Und 
        er 
        hing 
        Jehova  an, er wich nicht von ihm ab; und er beobachtete seine Gebote , die Jehova  dem Mose  geboten hatte .","
        Und 
        er 
        hing 
        HERR  an, er wich nicht von ihm ab; und er beobachtete seine Gebote , die HERR  dem Mose  geboten hatte ."
2Kgs.18.22,35,Jehova,divine-name-syntax,Subjekt/Objekt/Anrede ohne eindeutiges Regelsignal; Artikel und Kasus prüfen.,"Und wenn ihr zu mir  sprechet: Auf Jehova , unseren Gott , vertrauen wir! ist er  es nicht, dessen Höhen  und dessen Altäre Hiskia  hinweggetan, da er  zu Juda  und zu Jerusalem gesagt  hat: Vor diesem Altar  sollt ihr anbeten  in Jerusalem ? -","Und wenn ihr zu mir  sprechet: Auf HERR , unseren Gott , vertrauen wir! ist er  es nicht, dessen Höhen  und dessen Altäre Hiskia  hinweggetan, da er  zu Juda  und zu Jerusalem gesagt  hat: Vor diesem Altar  sollt ihr anbeten  in Jerusalem ? -"
2Kgs.18.30,31,Jehova,divine-name-syntax,Subjekt/Objekt/Anrede ohne eindeutiges Regelsignal; Artikel und Kasus prüfen.,"Und das Hiskia  euch nicht auf Jehova  vertröste, indem er  spricht: Jehova  wird uns gewißlich erretten, und diese Stadt  wird nicht  in die Hand  des Königs  von Assyrien gegeben  werden.","Und das Hiskia  euch nicht auf HERR  vertröste, indem er  spricht: der HERR  wird uns gewisslich erretten, und diese Stadt  wird nicht  in die Hand  des Königs  von Assyrien gegeben  werden."
2Kgs.19.15,44,Jehova,divine-name-syntax,Subjekt/Objekt/Anrede ohne eindeutiges Regelsignal; Artikel und Kasus prüfen.,"Und Hiskia betete  vor Jehova  und sprach : Jehova , Gott Israels , der du  zwischen den Cherubim  thronst, du allein bist es, der der Gott  ist von  allen Königreichen  der Erde ; du hast den Himmel  und die Erde gemacht .","Und Hiskia betete  vor dem HERRN  und sprach : HERR , Gott Israels , der du  zwischen den Cherubim  thronst, du allein bist es, der der Gott  ist von  allen Königreichen  der Erde ; du hast den Himmel  und die Erde gemacht ."
2Kgs.19.17,10,Jehova,divine-name-syntax,Subjekt/Objekt/Anrede ohne eindeutiges Regelsignal; Artikel und Kasus prüfen.,"Wahrlich, Jehova , die Könige  von Assyrien haben  die Nationen und ihr Land  verwüstet,","Wahrlich, HERR , die Könige  von Assyrien haben  die Nationen und ihr Land  verwüstet,"
2Kgs.20.3,15,Jehova,divine-name-syntax,Subjekt/Objekt/Anrede ohne eindeutiges Regelsignal; Artikel und Kasus prüfen.,"
        Ach , Jehova ! Gedenke  doch, daß ich in Wahrheit  und mit ungeteiltem Herzen  vor deinem Angesicht gewandelt , und getan  habe, was gut  ist in deinen Augen ! Und Hiskia weinte sehr .","
        Ach , HERR ! Gedenke  doch, dass ich in Wahrheit  und mit ungeteiltem Herzen  vor deinem Angesicht gewandelt , und getan  habe, was gut  ist in deinen Augen ! Und Hiskia weinte sehr ."
2Kgs.21.2,104,Jehova,divine-name-syntax,Subjekt/Objekt/Anrede ohne eindeutiges Regelsignal; Artikel und Kasus prüfen.,"
        Und 
        er  tat, was böse  war in den Augen  Jehovas, nach den Greueln  der Nationen, die Jehova vor  den Kindern Israel  ausgetrieben hatte .","
        Und 
        er  tat, was böse  war in den Augen  des HERRN, nach den Gräueln  der Nationen, die HERR vor  den Kindern Israel  ausgetrieben hatte ."
2Kgs.22.14,108,Weibe,gender-agreement,Nominalgruppe regelbasiert angepasst; längere Pronomenbezüge/Satzkongruenz prüfen.,"Da gingen  der Priester  Hilkija und Achikam und Akbor und Schaphan und Asaja  zu der Prophetin Hulda , dem Weibe  Schallums, des Sohnes Tikwas , des Sohnes  Harchas', des Hüters der Kleider ; sie wohnte  aber zu Jerusalem  im zweiten  Stadtteile; und sie redeten  zu ihr.","Da gingen  der Priester  Hilkija und Achikam und Akbor und Schaphan und Asaja  zu der Prophetin Hulda , der Frau  Schallums, des Sohnes Tikwas , des Sohnes  Harchas', des Hüters der Kleider ; sie wohnte  aber zu Jerusalem  im zweiten  Stadtteile; und sie redeten  zu ihr."
2Kgs.23.3,84,Jehova,divine-name-syntax,Subjekt/Objekt/Anrede ohne eindeutiges Regelsignal; Artikel und Kasus prüfen.,"
        Und  der König stand auf  dem Standorte und machte  den Bund  vor Jehova , Jehova  nachzuwandeln und seine Gebote  und seine Zeugnisse  und seine Satzungen  zu beobachten mit ganzem Herzen  und mit ganzer Seele , um die  Worte dieses Bundes  zu erfüllen, welche in diesem Buche  geschrieben sind . Und das ganze Volk trat  in den Bund .","
        Und  der König stand auf  dem Standorte und machte  den Bund  vor dem HERRN , HERR  nachzuwandeln und seine Gebote  und seine Zeugnisse  und seine Satzungen  zu beobachten mit ganzem Herzen  und mit ganzer Seele , um die  Worte dieses Bundes  zu erfüllen, welche in diesem Buche  geschrieben sind . Und das ganze Volk trat  in den Bund ."
2Kgs.23.21,69,Jehova,divine-name-syntax,Subjekt/Objekt/Anrede ohne eindeutiges Regelsignal; Artikel und Kasus prüfen.,"
        Und  der König gebot  dem ganzen Volke  und sprach : Feiert Jehova , eurem Gott , Passah , wie in diesem Buche  des Bundes  geschrieben steht .","
        Und  der König gebot  dem ganzen Volke  und sprach : Feiert HERR , eurem Gott , Passah , wie in diesem Buche  des Bundes  geschrieben steht ."
2Kgs.23.26,12,Jehova,divine-name-syntax,Subjekt/Objekt/Anrede ohne eindeutiges Regelsignal; Artikel und Kasus prüfen.,"Doch kehrte Jehova nicht  um von der großen  Glut seines Zornes , womit sein Zorn  wider Juda  entbrannt war, wegen all der Reizungen , mit welchen Manasse  ihn gereizt hatte .","Doch kehrte HERR nicht  um von der großen  Glut seines Zornes , womit sein Zorn  wider Juda  entbrannt war, wegen all der Reizungen , mit welchen Manasse  ihn gereizt hatte ."
1Chr.1.50,126,Weibes,gender-agreement,Nominalgruppe regelbasiert angepasst; längere Pronomenbezüge/Satzkongruenz prüfen.,"Und Baal-Hanan starb ; und es ward König  an seiner Statt Hadad ; und der Name  seiner Stadt  war Paghi, und der Name  seines Weibes Mehetabeel , die Tochter Matreds , der Tochter Mesahabs .","Und Baal-Hanan starb ; und es ward König  an seiner Statt Hadad ; und der Name  seiner Stadt  war Paghi, und der Name  seiner Frau Mehetabeel , die Tochter Matreds , der Tochter Mesahabs ."
1Chr.2.18,63,Weibe,gender-agreement,Nominalgruppe regelbasiert angepasst; längere Pronomenbezüge/Satzkongruenz prüfen.,"Und Kaleb , der Sohn Hezrons , zeugte Söhne mit Asuba , seinem Weibe , und mit Jerioth; und dies sind ihre Söhne: Jescher und Schobab und Ardon .","Und Kaleb , der Sohn Hezrons , zeugte Söhne mit Asuba , seiner Frau , und mit Jerioth; und dies sind ihre Söhne: Jescher und Schobab und Ardon ."
1Chr.2.24,73,Weib,gender-agreement,Nominalgruppe regelbasiert angepasst; längere Pronomenbezüge/Satzkongruenz prüfen.,"Und nach  dem Tode Hezrons  in Kaleb-Ephratha , da gebar  Abija, Hezrons Weib , ihm Aschur, den Vater  Tekoas.","Und nach  dem Tode Hezrons  in Kaleb-Ephratha , da gebar  Abija, Hezrons Frau , ihm Aschur, den Vater  Tekoas."
1Chr.2.26,33,Weib,gender-agreement,Nominalgruppe regelbasiert angepasst; längere Pronomenbezüge/Satzkongruenz prüfen.,"Und Jerachmeel hatte ein anderes Weib , ihr Name  war Atara ; sie war die Mutter Onams . -","Und Jerachmeel hatte eine andere Frau , ihr Name  war Atara ; sie war die Mutter Onams . -"
1Chr.2.29,18,Weibes,gender-agreement,Nominalgruppe regelbasiert angepasst; längere Pronomenbezüge/Satzkongruenz prüfen.,Und der Name  des Weibes  Abischurs war Abichail; und sie gebar  ihm Achban  und Molid .,Und der Name  der Frau  Abischurs war Abichail; und sie gebar  ihm Achban  und Molid .
1Chr.2.35,61,Weibe,gender-agreement,Nominalgruppe regelbasiert angepasst; längere Pronomenbezüge/Satzkongruenz prüfen.,"und Scheschan gab  seinem Knechte  Jarcha seine Tochter  zum Weibe , und sie gebar  ihm Attai.","und Scheschan gab  seinem Knechte  Jarcha seine Tochter  zur Frau , und sie gebar  ihm Attai."
1Chr.2.46,15,Kebsweib,spelling-context,Kontextabhängige Schreibung/modernes Homograph; unverändert prüfen.,"Und Epha , das Kebsweib Kalebs , gebar Haran  und Moza  und Gases . Und Haran zeugte Gases . -","Und Epha , das Kebsweib Kalebs , gebar Haran  und Moza  und Gases . Und Haran zeugte Gases . -"
1Chr.2.48,11,Kebsweib,spelling-context,Kontextabhängige Schreibung/modernes Homograph; unverändert prüfen.,"Maaka, das Kebsweib Kalebs , gebar  Scheber und Tirchana;","Maaka, das Kebsweib Kalebs , gebar  Scheber und Tirchana;"
1Chr.3.3,73,Weibe,gender-agreement,Nominalgruppe regelbasiert angepasst; längere Pronomenbezüge/Satzkongruenz prüfen.,"der fünfte , Schephatja, von Abital ; der sechste , Jithream, von seinem Weibe Egla .","der fünfte , Schephatja, von Abital ; der sechste , Jithream, von seiner Frau Egla ."
1Chr.4.18,9,Weib,gender-agreement,Nominalgruppe regelbasiert angepasst; längere Pronomenbezüge/Satzkongruenz prüfen.,"Und sein Weib , die Jüdin, gebar Jered , den Vater Gedors , und Heber , den Vater  Sokos, und Jekuthiel , den Vater  Sanoachs. Und dies sind die Söhne  der Bithja, der Tochter  des Pharao , welche Mered genommen  hatte. -","Und seine Frau , die Jüdin, gebar Jered , den Vater Gedors , und Heber , den Vater  Sokos, und Jekuthiel , den Vater  Sanoachs. Und dies sind die Söhne  der Bithja, der Tochter  des Pharao , welche Mered genommen  hatte. -"
1Chr.4.19,19,Weibes,gender-agreement,Nominalgruppe regelbasiert angepasst; längere Pronomenbezüge/Satzkongruenz prüfen.,"Und die Söhne  des Weibes Hodijas , der Schwester  Nachams: der Vater  Kehilas, der Garmiter , und Estemoa, der Maakathiter. -","Und die Söhne  der Frau Hodijas , der Schwester  Nachams: der Vater  Kehilas, der Garmiter , und Estemoa, der Maakathiter. -"
1Chr.5.41,28,Jehova,divine-name-syntax,Subjekt/Objekt/Anrede ohne eindeutiges Regelsignal; Artikel und Kasus prüfen.,"und Jehozadak zog  mit, als Jehova Juda  und Jerusalem durch Nebukadnezar wegführte .","und Jehozadak zog  mit, als HERR Juda  und Jerusalem durch Nebukadnezar wegführte ."
1Chr.7.14,64,Kebsweib,spelling-context,Kontextabhängige Schreibung/modernes Homograph; unverändert prüfen.,"Die Söhne Manasses : Asriel , welchen... gebar ; sein syrisches Kebsweib gebar  Makir, den Vater Gileads .","Die Söhne Manasses : Asriel , welchen... gebar ; sein syrisches Kebsweib gebar  Makir, den Vater Gileads ."
1Chr.7.15,20,Weib,gender-agreement,Nominalgruppe regelbasiert angepasst; längere Pronomenbezüge/Satzkongruenz prüfen.,"Und Makir nahm  ein Weib , die Schwester  von Huppim  und Schuppim; und der Name  ihrer Schwester war Maaka. Und der Name  des zweiten  Sohnes war Zelophchad; und Zelophchad hatte nur Töchter .","Und Makir nahm  eine Frau , die Schwester  von Huppim  und Schuppim; und der Name  ihrer Schwester war Maaka. Und der Name  des zweiten  Sohnes war Zelophchad; und Zelophchad hatte nur Töchter ."
1Chr.7.16,15,Weib,gender-agreement,Nominalgruppe regelbasiert angepasst; längere Pronomenbezüge/Satzkongruenz prüfen.,"Und Maaka, das Weib  Makirs, gebar  einen Sohn , und sie gab  ihm den Namen  Peresch. Und der Name  seines Bruders  war Scheresch; und seine Söhne : Ulam  und Rekem .","Und Maaka, die Frau  Makirs, gebar  einen Sohn , und sie gab  ihm den Namen  Peresch. Und der Name  seines Bruders  war Scheresch; und seine Söhne : Ulam  und Rekem ."
1Chr.7.23,27,Weibe,gender-agreement,Nominalgruppe regelbasiert angepasst; längere Pronomenbezüge/Satzkongruenz prüfen.,"Und er  ging ein zu seinem Weibe , und sie wurde schwanger  und gebar  einen Sohn ; und er gab  ihm den Namen Beria , weil sein Haus  im Unglück  war.","Und er  ging ein zu seiner Frau , und sie wurde schwanger  und gebar  einen Sohn ; und er gab  ihm den Namen Beria , weil sein Haus  im Unglück  war."
1Chr.8.9,35,Weibe,gender-agreement,Nominalgruppe regelbasiert angepasst; längere Pronomenbezüge/Satzkongruenz prüfen.,"und er zeugte  von Hodesch, seinem Weibe : Jobab  und Zibja  und Mescha und Malkam,","und er zeugte  von Hodesch, seiner Frau : Jobab  und Zibja  und Mescha und Malkam,"
1Chr.8.29,63,Weibes,gender-agreement,Nominalgruppe regelbasiert angepasst; längere Pronomenbezüge/Satzkongruenz prüfen.,"Und in Gibeon wohnte  der Vater  Gibeons, und der Name  seines Weibes  war Maaka.","Und in Gibeon wohnte  der Vater  Gibeons, und der Name  seiner Frau  war Maaka."
1Chr.9.35,72,Weibes,gender-agreement,Nominalgruppe regelbasiert angepasst; längere Pronomenbezüge/Satzkongruenz prüfen.,"Und in Gibeon wohnte  der Vater  Gibeons, Jeghiel; und der Name  seines Weibes  war Maaka.","Und in Gibeon wohnte  der Vater  Gibeons, Jeghiel; und der Name  seiner Frau  war Maaka."
1Chr.10.14,5,Jehova,divine-name-syntax,Subjekt/Objekt/Anrede ohne eindeutiges Regelsignal; Artikel und Kasus prüfen.,"aber Jehova  befragte er nicht. Darum tötete  er ihn  und wandte das Königtum David , dem Sohne Isais , zu.","aber HERR  befragte er nicht. Darum tötete  er ihn  und wandte das Königtum David , dem Sohne Isais , zu."
1Chr.11.9,58,Jehova,divine-name-syntax,Subjekt/Objekt/Anrede ohne eindeutiges Regelsignal; Artikel und Kasus prüfen.,"
        Und 
        David  wurde immerfort größer , und Jehova  der Heerscharen  war mit ihm.","
        Und 
        David  wurde immerfort größer , und HERR  der Heerscharen  war mit ihm."
1Chr.11.14,95,Jehova,divine-name-syntax,Subjekt/Objekt/Anrede ohne eindeutiges Regelsignal; Artikel und Kasus prüfen.,Da stellten sie  sich mitten auf  das Stück  und retteten es und schlugen  die Philister ; und Jehova  schaffte eine große  Rettung.,Da stellten sie  sich mitten auf  das Stück  und retteten es und schlugen  die Philister ; und HERR  schaffte eine große  Rettung.
1Chr.14.15,14,sobald,spelling-context,Kontextabhängige Schreibung/modernes Homograph; unverändert prüfen.,"
        Und  sobald du  das Geräusch eines Daherschreitens in den Wipfeln  der Bakabäume hörst, alsdann sollst du zum Angriff schreiten; denn Gott  ist vor dir ausgezogen , um das Heerlager  der Philister  zu schlagen .","
        Und  sobald du  das Geräusch eines Daherschreitens in den Wipfeln  der Bakabäume hörst, alsdann sollst du zum Angriff schreiten; denn Gott  ist vor dir ausgezogen , um das Heerlager  der Philister  zu schlagen ."
1Chr.14.17,52,Jehova,divine-name-syntax,Subjekt/Objekt/Anrede ohne eindeutiges Regelsignal; Artikel und Kasus prüfen.,"Und der Name Davids  ging aus  in alle Länder , und Jehova legte  die Furcht  vor ihm auf alle Nationen.","Und der Name Davids  ging aus  in alle Länder , und HERR legte  die Furcht  vor ihm auf alle Nationen."
1Chr.15.2,95,Jehova,divine-name-syntax,Subjekt/Objekt/Anrede ohne eindeutiges Regelsignal; Artikel und Kasus prüfen.,"Damals sprach David : Die Lade Gottes  soll niemand tragen  als nur die Leviten ; denn sie hat Jehova erwählt , um die Lade Gottes  zu tragen  und seinen Dienst  zu verrichten ewiglich .","Damals sprach David : Die Lade Gottes  soll niemand tragen  als nur die Leviten ; denn sie hat HERR erwählt , um die Lade Gottes  zu tragen  und seinen Dienst  zu verrichten ewiglich ."
1Chr.16.3,53,Weibe,gender-agreement,Nominalgruppe regelbasiert angepasst; längere Pronomenbezüge/Satzkongruenz prüfen.,"und er verteilte an ganz Israel , vom Manne  bis zum Weibe , an jeden einen  Laib Brot  und einen  Trunk Wein und einen Rosinenkuchen.","und er verteilte an ganz Israel , vom Manne  bis zur Frau , an jeden einen  Laib Brot  und einen  Trunk Wein und einen Rosinenkuchen."
1Chr.16.7,84,Jehova,divine-name-syntax,Subjekt/Objekt/Anrede ohne eindeutiges Regelsignal; Artikel und Kasus prüfen.,"Damals, an jenem Tage , trug David  zum ersten Male Asaph  und seinen Brüdern auf , Jehova zu preisen :","Damals, an jenem Tage , trug David  zum ersten Male Asaph  und seinen Brüdern auf , HERR zu preisen :"
1Chr.16.10,83,Jehova,divine-name-syntax,Subjekt/Objekt/Anrede ohne eindeutiges Regelsignal; Artikel und Kasus prüfen.,"
        Rühmet  euch seines heiligen Namens ! Es freue sich  das Herz  derer, die Jehova suchen !","
        Rühmet  euch seines heiligen Namens ! Es freue sich  das Herz  derer, die HERR suchen !"
1Chr.16.29,111,Jehova,divine-name-syntax,Subjekt/Objekt/Anrede ohne eindeutiges Regelsignal; Artikel und Kasus prüfen.,Gebet Jehova  die Herrlichkeit  seines Namens ; bringet  eine Opfergabe und  kommet vor sein Angesicht ; betet Jehova an in  heiliger Pracht!,Gebet dem HERRN  die Herrlichkeit  seines Namens ; bringet  eine Opfergabe und  kommet vor sein Angesicht ; betet HERR an in  heiliger Pracht!
1Chr.17.17,218,Jehova,divine-name-syntax,Subjekt/Objekt/Anrede ohne eindeutiges Regelsignal; Artikel und Kasus prüfen.,"Und dies ist noch ein Geringes gewesen in deinen Augen , o Gott ! Und du hast  auch von dem Hause  deines Knechtes  geredet in die Ferne  hin; und du hast mich angesehen  nach der Weise eines hochgestellten Menschen , Jehova Gott !","Und dies ist noch ein Geringes gewesen in deinen Augen , o Gott ! Und du hast  auch von dem Hause  deines Knechtes  geredet in die Ferne  hin; und du hast mich angesehen  nach der Weise eines hochgestellten Menschen , HERR Gott !"
1Chr.17.19,9,Jehova,divine-name-syntax,Subjekt/Objekt/Anrede ohne eindeutiges Regelsignal; Artikel und Kasus prüfen.,"
        Jehova , um deines Knechtes  willen und nach deinem Herzen  hast du  all dieses Große getan , um alle diese großen Dinge  kundzutun.","
        HERR , um deines Knechtes  willen und nach deinem Herzen  hast du  all dieses Große getan , um alle diese großen Dinge  kundzutun."
1Chr.17.20,9,Jehova,divine-name-syntax,Subjekt/Objekt/Anrede ohne eindeutiges Regelsignal; Artikel und Kasus prüfen.,"
        Jehova , niemand ist dir gleich, und kein Gott außer  dir, nach allem, was wir mit unseren Ohren gehört  haben.","
        HERR , niemand ist dir gleich, und kein Gott außer  dir, nach allem, was wir mit unseren Ohren gehört  haben."
1Chr.17.23,9,Jehova,divine-name-syntax,Subjekt/Objekt/Anrede ohne eindeutiges Regelsignal; Artikel und Kasus prüfen.,"Und nun, Jehova , das Wort , das du über deinen Knecht  und über sein Haus  geredet hast , möge sich bewähren ewiglich ; und tue , wie du geredet hast !","Und nun, HERR , das Wort , das du über deinen Knecht  und über sein Haus  geredet hast , möge sich bewähren ewiglich ; und tue , wie du geredet hast !"
1Chr.17.24,80,Jehova,divine-name-syntax,Subjekt/Objekt/Anrede ohne eindeutiges Regelsignal; Artikel und Kasus prüfen.,"Ja, es möge sich bewähren! und  dein Name  sei groß auf ewig , daß man spreche: Jehova  der Heerscharen , der Gott Israels , ist Gott  für Israel ! Und  das Haus  deines Knechtes David  sei fest vor  dir.","Ja, es möge sich bewähren! und  dein Name  sei groß auf ewig , dass man spreche: HERR  der Heerscharen , der Gott Israels , ist Gott  für Israel ! Und  das Haus  deines Knechtes David  sei fest vor  dir."
1Chr.21.15,110,Jehova,divine-name-syntax,Subjekt/Objekt/Anrede ohne eindeutiges Regelsignal; Artikel und Kasus prüfen.,"
        Und  Jehova sandte  den Engel  nach Jerusalem , um es  zu verderben . Und als er verderbte , sah  es Jehova, und es reute ihn  des Übels ; und er sprach  zu dem Engel , welcher verderbte : Genug ! Ziehe jetzt deine Hand ab . Der Engel  Jehovas stand  aber bei der Tenne Ornans , des Jebusiters .","
        Und  der HERR sandte  den Engel  nach Jerusalem , um es  zu verderben . Und als er verderbte , sah  es HERR, und es reute ihn  des Übels ; und er sprach  zu dem Engel , welcher verderbte : Genug ! Ziehe jetzt deine Hand ab . Der Engel  des HERRN stand  aber bei der Tenne Ornans , des Jebusiters ."
1Chr.21.17,187,Jehova,divine-name-syntax,Subjekt/Objekt/Anrede ohne eindeutiges Regelsignal; Artikel und Kasus prüfen.,"Und David sprach zu Gott : Bin ich es nicht, der gesagt  hat, das Volk  zu zählen ? Und ich bin es, der gesündigt  und sehr übel  gehandelt hat; aber diese Schafe , was haben sie getan ? Jehova , mein Gott , es sei doch deine Hand  wider mich und wider das Haus  meines Vaters , aber nicht wider dein Volk  zur Plage !","Und David sprach zu Gott : Bin ich es nicht, der gesagt  hat, das Volk  zu zählen ? Und ich bin es, der gesündigt  und sehr übel  gehandelt hat; aber diese Schafe , was haben sie getan ? HERR , mein Gott , es sei doch deine Hand  wider mich und wider das Haus  meines Vaters , aber nicht wider dein Volk  zur Plage !"
1Chr.21.22,69,Jehova,divine-name-syntax,Subjekt/Objekt/Anrede ohne eindeutiges Regelsignal; Artikel und Kasus prüfen.,"Und David sprach  zu Ornan : Gib  mir den Platz  der Tenne , daß ich Jehova  einen Altar  darauf baue-um volles Geld gib  ihn mir-daß die Plage  von dem Volke  abgewehrt werde .","Und David sprach  zu Ornan : Gib  mir den Platz  der Tenne , dass ich HERR  einen Altar  darauf baue-um volles Geld gib  ihn mir-dass die Plage  von dem Volke  abgewehrt werde ."
1Chr.22.12,14,Jehova,divine-name-syntax,Subjekt/Objekt/Anrede ohne eindeutiges Regelsignal; Artikel und Kasus prüfen.,"Nur gebe  dir Jehova Einsicht und Verstand , und  er bestelle dich  über Israel , und  zwar um das Gesetz  Jehovas, deines Gottes , zu beobachten!","Nur gebe  dir HERR Einsicht und Verstand , und  er bestelle dich  über Israel , und  zwar um das Gesetz  des HERRN, deines Gottes , zu beobachten!"
1Chr.22.18,10,Jehova,divine-name-syntax,Subjekt/Objekt/Anrede ohne eindeutiges Regelsignal; Artikel und Kasus prüfen.,"Ist nicht Jehova , euer Gott , mit euch, und  hat er euch nicht Ruhe  geschafft ringsumher? Denn er hat die  Bewohner des Landes  in meine Hand gegeben , und das Land  ist unterjocht vor Jehova  und vor  seinem Volke .","Ist nicht HERR , euer Gott , mit euch, und  hat er euch nicht Ruhe  geschafft ringsumher? Denn er hat die  Bewohner des Landes  in meine Hand gegeben , und das Land  ist unterjocht vor dem HERRN  und vor  seinem Volke ."
1Chr.22.19,57,Jehova,divine-name-syntax,Subjekt/Objekt/Anrede ohne eindeutiges Regelsignal; Artikel und Kasus prüfen.,"
        Richtet  nun euer Herz und  eure Seele  darauf, Jehova, euren Gott , zu suchen ; und  machet euch auf und bauet  das Heiligtum  Jehovas Gottes , daß ihr  die Lade  des Bundes  Jehovas und  die Geräte  des Heiligtums Gottes  in das Haus  bringet, welches dem Namen  Jehovas gebaut  werden soll.","
        Richtet  nun euer Herz und  eure Seele  darauf, HERR, euren Gott , zu suchen ; und  machet euch auf und bauet  das Heiligtum  des HERRN Gottes , dass ihr  die Lade  des Bundes  des HERRN und  die Geräte  des Heiligtums Gottes  in das Haus  bringet, welches dem Namen  des HERRN gebaut  werden soll."
1Chr.23.25,20,Jehova,divine-name-syntax,Subjekt/Objekt/Anrede ohne eindeutiges Regelsignal; Artikel und Kasus prüfen.,"Denn David sprach : Jehova , der Gott Israels , hat seinem Volke Ruhe  geschafft, und er wohnt  in Jerusalem  auf ewig ;","Denn David sprach : HERR , der Gott Israels , hat seinem Volke Ruhe  geschafft, und er wohnt  in Jerusalem  auf ewig ;"
1Chr.28.4,4,Jehova,divine-name-syntax,Subjekt/Objekt/Anrede ohne eindeutiges Regelsignal; Artikel und Kasus prüfen.,"Und Jehova , der Gott Israels , hat mich aus dem ganzen Hause  meines Vaters erwählt , um König  zu sein  über Israel ewiglich ; denn Juda  hat er zum Fürsten erwählt , und im Hause Juda  das Haus  meines Vaters , und unter den Söhnen  meines Vaters  hat er an mir Wohlgefallen gehabt, mich zum König  zu machen über ganz Israel ;","Und HERR , der Gott Israels , hat mich aus dem ganzen Hause  meines Vaters erwählt , um König  zu sein  über Israel ewiglich ; denn Juda  hat er zum Fürsten erwählt , und im Hause Juda  das Haus  meines Vaters , und unter den Söhnen  meines Vaters  hat er an mir Wohlgefallen gehabt, mich zum König  zu machen über ganz Israel ;"
1Chr.28.9,130,Jehova,divine-name-syntax,Subjekt/Objekt/Anrede ohne eindeutiges Regelsignal; Artikel und Kasus prüfen.,"Und du , mein Sohn Salomo , erkenne den Gott  deines Vaters  und diene  ihm mit ungeteiltem Herzen  und mit williger Seele ! Denn Jehova  erforscht alle Herzen , und alles Gebilde der Gedanken  kennt er. Wenn du ihn suchst, wird er sich  von dir finden lassen ; wenn du ihn aber verlässest, wird er dich verwerfen  auf ewig .","Und du , mein Sohn Salomo , erkenne den Gott  deines Vaters  und diene  ihm mit ungeteiltem Herzen  und mit williger Seele ! Denn HERR  erforscht alle Herzen , und alles Gebilde der Gedanken  kennt er. Wenn du ihn suchst, wird er sich  von dir finden lassen ; wenn du ihn aber verlässest, wird er dich verwerfen  auf ewig ."
1Chr.28.20,159,Jehova,divine-name-syntax,Subjekt/Objekt/Anrede ohne eindeutiges Regelsignal; Artikel und Kasus prüfen.,"
        Und 
        David 
        sprach 
        zu  seinem Sohne Salomo : Sei stark und  mutig und handle; fürchte  dich nicht  und erschrick nicht! denn Jehova Gott , mein Gott , wird  mit dir sein : er wird dich nicht versäumen und dich nicht verlassen , bis alles Werk  zum Dienste des Hauses  Jehovas vollendet ist .","
        Und 
        David 
        sprach 
        zu  seinem Sohne Salomo : Sei stark und  mutig und handle; fürchte  dich nicht  und erschrick nicht! denn HERR Gott , mein Gott , wird  mit dir sein : er wird dich nicht versäumen und dich nicht verlassen , bis alles Werk  zum Dienste des Hauses  des HERRN vollendet ist ."
1Chr.29.10,35,Jehova,divine-name-syntax,Subjekt/Objekt/Anrede ohne eindeutiges Regelsignal; Artikel und Kasus prüfen.,"
        Und 
        David  pries Jehova  vor den Augen  der ganzen Versammlung , und David sprach : Gepriesen seiest du , Jehova , Gott  unseres Vaters Israel , von Ewigkeit  zu Ewigkeit !","
        Und 
        David  pries HERR  vor den Augen  der ganzen Versammlung , und David sprach : Gepriesen seiest du , HERR , Gott  unseres Vaters Israel , von Ewigkeit  zu Ewigkeit !"
1Chr.29.16,9,Jehova,divine-name-syntax,Subjekt/Objekt/Anrede ohne eindeutiges Regelsignal; Artikel und Kasus prüfen.,"
        Jehova , unser Gott , alle diese Menge , die wir bereitet haben, um dir ein Haus zu bauen  für deinen heiligen Namen , von deiner Hand  ist sie, und das alles ist dein.","
        HERR , unser Gott , alle diese Menge , die wir bereitet haben, um dir ein Haus zu bauen  für deinen heiligen Namen , von deiner Hand  ist sie, und das alles ist dein."
1Chr.29.18,9,Jehova,divine-name-syntax,Subjekt/Objekt/Anrede ohne eindeutiges Regelsignal; Artikel und Kasus prüfen.,"
        Jehova , Gott  unserer Väter Abraham , Isaak  und Israel , bewahre dieses ewiglich  als Gebilde der Gedanken  des Herzens  deines Volkes , und richte ihr Herz zu  dir!","
        HERR , Gott  unserer Väter Abraham , Isaak  und Israel , bewahre dieses ewiglich  als Gebilde der Gedanken  des Herzens  deines Volkes , und richte ihr Herz zu  dir!"
1Chr.29.20,59,Jehova,divine-name-syntax,Subjekt/Objekt/Anrede ohne eindeutiges Regelsignal; Artikel und Kasus prüfen.,"Und David sprach  zu der ganzen Versammlung : Preiset doch Jehova , euren Gott ! Und die ganze Versammlung  pries Jehova , den Gott  ihrer Väter ; und sie  neigten sich  und beugten sich nieder  vor Jehova  und vor dem König .","Und David sprach  zu der ganzen Versammlung : Preiset doch HERR , euren Gott ! Und die ganze Versammlung  pries den HERRN , den Gott  ihrer Väter ; und sie  neigten sich  und beugten sich nieder  vor dem HERRN  und vor dem König ."
1Chr.29.22,165,Jehova,divine-name-syntax,Subjekt/Objekt/Anrede ohne eindeutiges Regelsignal; Artikel und Kasus prüfen.,"Und sie aßen  und tranken vor Jehova  an selbigem Tage  mit großer Freude ; und sie machten Salomo , den Sohn Davids , zum zweiten  Male zum König  und salbten  ihn Jehova  zum Fürsten , und salbten Zadok  zum Priester .","Und sie aßen  und tranken vor dem HERRN  an selbigem Tage  mit großer Freude ; und sie machten Salomo , den Sohn Davids , zum zweiten  Male zum König  und salbten  ihn HERR  zum Fürsten , und salbten Zadok  zum Priester ."
2Chr.1.1,68,Jehova,divine-name-syntax,Subjekt/Objekt/Anrede ohne eindeutiges Regelsignal; Artikel und Kasus prüfen.,"Und Salomo , der Sohn Davids , erstarkte in seinem Königreich ; und Jehova , sein Gott , war mit ihm  und machte ihn überaus groß .","Und Salomo , der Sohn Davids , erstarkte in seinem Königreich ; und HERR , sein Gott , war mit ihm  und machte ihn überaus groß ."
2Chr.1.9,15,Jehova,divine-name-syntax,Subjekt/Objekt/Anrede ohne eindeutiges Regelsignal; Artikel und Kasus prüfen.,"nun möge sich, Jehova Gott , dein Wort  bewähren, das  du zu meinem Vater David  geredet hast! Denn du hast mich zum König  gemacht über ein Volk , das zahlreich ist  wie der Staub der Erde .","nun möge sich, HERR Gott , dein Wort  bewähren, das  du zu meinem Vater David  geredet hast! Denn du hast mich zum König  gemacht über ein Volk , das zahlreich ist  wie der Staub der Erde ."
2Chr.2.13,16,Weibes,gender-agreement,Nominalgruppe regelbasiert angepasst; längere Pronomenbezüge/Satzkongruenz prüfen.,"den Sohn  eines Weibes  von den Töchtern Dans , und  dessen Vater ein Tyrer war , der zu arbeiten weiß  in Gold und Silber , in Erz, in Eisen , in Steinen  und in Holz , in rotem Purpur , in blauem  Purpur und in Byssus und in Karmesin, und allerlei Schnitzarbeit zu machen , und allerlei Kunstwerk zu ersinnen, das ihm  aufgegeben wird , nebst deinen Kunstverständigen und den Kunstverständigen meines Herrn David , deines Vaters .","den Sohn  einer Frau  von den Töchtern Dans , und  dessen Vater ein Tyrer war , der zu arbeiten weiß  in Gold und Silber , in Erz, in Eisen , in Steinen  und in Holz , in rotem Purpur , in blauem  Purpur und in Byssus und in Karmesin, und allerlei Schnitzarbeit zu machen , und allerlei Kunstwerk zu ersinnen, das ihm  aufgegeben wird , nebst deinen Kunstverständigen und den Kunstverständigen meines Herrn David , deines Vaters ."
2Chr.5.10,93,Jehova,divine-name-syntax,Subjekt/Objekt/Anrede ohne eindeutiges Regelsignal; Artikel und Kasus prüfen.,"Nichts war in der Lade , als nur die beiden Tafeln , welche Mose  am Horeb  hineinlegte, als Jehova  einen Bund machte  mit den Kindern Israel , als sie aus Ägypten  zogen.","Nichts war in der Lade , als nur die beiden Tafeln , welche Mose  am Horeb  hineinlegte, als HERR  einen Bund machte  mit den Kindern Israel , als sie aus Ägypten  zogen."
2Chr.5.13,103,Jehova,divine-name-syntax,Subjekt/Objekt/Anrede ohne eindeutiges Regelsignal; Artikel und Kasus prüfen.,"es geschah, als die Trompeter und  die Sänger  wie ein  Mann waren, um eine Stimme  ertönen zu lassen, Jehova zu loben und  zu preisen , und  als sie die Stimme erhoben  mit Trompeten und mit Zimbeln  und mit Musikinstrumenten und mit dem Lobe  Jehovas, weil er gütig  ist, weil seine Güte ewiglich  währt: da wurde das Haus , das Haus  Jehovas, mit einer Wolke erfüllt .","es geschah, als die Trompeter und  die Sänger  wie ein  Mann waren, um eine Stimme  ertönen zu lassen, HERR zu loben und  zu preisen , und  als sie die Stimme erhoben  mit Trompeten und mit Zimbeln  und mit Musikinstrumenten und mit dem Lobe  des HERRN, weil er gütig  ist, weil seine Güte ewiglich  währt: da wurde das Haus , das Haus  des HERRN, mit einer Wolke erfüllt ."
2Chr.6.14,13,Jehova,divine-name-syntax,Subjekt/Objekt/Anrede ohne eindeutiges Regelsignal; Artikel und Kasus prüfen.,"und sprach : Jehova , Gott Israels ! Kein Gott  ist dir gleich im Himmel  und auf  der Erde , der du den Bund  und die Güte  deinen Knechten  bewahrst, die vor dir wandeln  mit ihrem ganzen Herzen ;","und sprach : HERR , Gott Israels ! Kein Gott  ist dir gleich im Himmel  und auf  der Erde , der du den Bund  und die Güte  deinen Knechten  bewahrst, die vor dir wandeln  mit ihrem ganzen Herzen ;"
2Chr.6.16,9,Jehova,divine-name-syntax,Subjekt/Objekt/Anrede ohne eindeutiges Regelsignal; Artikel und Kasus prüfen.,"Und nun, Jehova , Gott Israels , halte  deinem Knechte David , meinem Vater , was du zu ihm geredet hast , indem du sprachst: Es soll  dir nicht fehlen an einem Manne  vor meinem Angesicht, der da sitze auf  dem Throne Israels , wenn nur  deine Söhne auf  ihren Weg  achthaben, daß sie  in meinem Gesetze wandeln , so wie du vor mir gewandelt hast .","Und nun, HERR , Gott Israels , halte  deinem Knechte David , meinem Vater , was du zu ihm geredet hast , indem du sprachst: Es soll  dir nicht fehlen an einem Manne  vor meinem Angesicht, der da sitze auf  dem Throne Israels , wenn nur  deine Söhne auf  ihren Weg  achthaben, dass sie  in meinem Gesetze wandeln , so wie du vor mir gewandelt hast ."
2Chr.6.17,9,Jehova,divine-name-syntax,Subjekt/Objekt/Anrede ohne eindeutiges Regelsignal; Artikel und Kasus prüfen.,"Und nun, Jehova , Gott Israels , möge sich dein Wort  bewähren, das du zu deinem Knechte David  geredet hast ! -","Und nun, HERR , Gott Israels , möge sich dein Wort  bewähren, das du zu deinem Knechte David  geredet hast ! -"
2Chr.6.19,71,Jehova,divine-name-syntax,Subjekt/Objekt/Anrede ohne eindeutiges Regelsignal; Artikel und Kasus prüfen.,"Doch wende  dich zu dem Gebet  deines Knechtes  und zu seinem Flehen , Jehova , mein Gott , daß du  hörest auf  das Rufen und auf das Gebet , welches dein Knecht  vor dir betet :","Doch wende  dich zu dem Gebet  deines Knechtes  und zu seinem Flehen , HERR , mein Gott , dass du  hörest auf  das Rufen und auf das Gebet , welches dein Knecht  vor dir betet :"
2Chr.6.41,21,Jehova,divine-name-syntax,Subjekt/Objekt/Anrede ohne eindeutiges Regelsignal; Artikel und Kasus prüfen.,"Und nun, stehe auf , Jehova Gott , zu deiner Ruhe , du und die Lade  deiner Stärke ! Laß deine Priester , Jehova Gott , bekleidet sein mit Rettung, und deine Frommen sich freuen  des Guten !","Und nun, stehe auf , HERR Gott , zu deiner Ruhe , du und die Lade  deiner Stärke ! Lass deine Priester , HERR Gott , bekleidet sein mit Rettung, und deine Frommen sich freuen  des Guten !"
2Chr.6.41,106,Jehova,divine-name-syntax,Subjekt/Objekt/Anrede ohne eindeutiges Regelsignal; Artikel und Kasus prüfen.,"Und nun, stehe auf , Jehova Gott , zu deiner Ruhe , du und die Lade  deiner Stärke ! Laß deine Priester , Jehova Gott , bekleidet sein mit Rettung, und deine Frommen sich freuen  des Guten !","Und nun, stehe auf , HERR Gott , zu deiner Ruhe , du und die Lade  deiner Stärke ! Lass deine Priester , HERR Gott , bekleidet sein mit Rettung, und deine Frommen sich freuen  des Guten !"
2Chr.6.42,9,Jehova,divine-name-syntax,Subjekt/Objekt/Anrede ohne eindeutiges Regelsignal; Artikel und Kasus prüfen.,"
        Jehova 
        Gott ! Weise nicht ab das Angesicht  deines Gesalbten ; gedenke  der Gütigkeiten gegen David , deinen Knecht !","
        HERR 
        Gott ! Weise nicht ab das Angesicht  deines Gesalbten ; gedenke  der Gütigkeiten gegen David , deinen Knecht !"
2Chr.7.3,215,Jehova,divine-name-syntax,Subjekt/Objekt/Anrede ohne eindeutiges Regelsignal; Artikel und Kasus prüfen.,"
        Und  als alle Kinder Israel  das Feuer  herabfahren sahen und die Herrlichkeit  Jehovas über dem Hause , da beugten sie sich , mit dem Antlitz  zur Erde , auf das Pflaster  und beteten an , und sie priesen Jehova, weil er gütig  ist, weil seine Güte ewiglich  währt.","
        Und  als alle Kinder Israel  das Feuer  herabfahren sahen und die Herrlichkeit  des HERRN über dem Hause , da beugten sie sich , mit dem Antlitz  zur Erde , auf das Pflaster  und beteten an , und sie priesen HERR, weil er gütig  ist, weil seine Güte ewiglich  währt."
2Chr.7.10,150,Jehova,divine-name-syntax,Subjekt/Objekt/Anrede ohne eindeutiges Regelsignal; Artikel und Kasus prüfen.,"
        Und  am dreiundzwanzigsten  Tage des siebten Monats  entließ er das Volk  nach ihren Zelten, fröhlich und gutes  Mutes wegen des Guten , das Jehova  dem David und  dem Salomo  und seinem Volke Israel  erwiesen hatte .","
        Und  am dreiundzwanzigsten  Tage des siebten Monats  entließ er das Volk  nach ihren Zelten, fröhlich und gutes  Mutes wegen des Guten , das HERR  dem David und  dem Salomo  und seinem Volke Israel  erwiesen hatte ."
2Chr.8.11,135,Weib,gender-agreement,Nominalgruppe regelbasiert angepasst; längere Pronomenbezüge/Satzkongruenz prüfen.,"Und Salomo  führte die Tochter  des Pharao  aus der Stadt Davids herauf  in das Haus , das er ihr gebaut  hatte; denn er sprach : Mein Weib  soll nicht in dem Hause Davids , des Königs  von Israel , wohnen; denn die Orte sind heilig , in welche die Lade Jehovas  gekommen ist.","Und Salomo  führte die Tochter  des Pharao  aus der Stadt Davids herauf  in das Haus , das er ihr gebaut  hatte; denn er sprach : Meine Frau  soll nicht in dem Hause Davids , des Königs  von Israel , wohnen; denn die Orte sind heilig , in welche die Lade des HERRN  gekommen ist."
2Chr.11.18,28,Weibe,gender-agreement,Nominalgruppe regelbasiert angepasst; längere Pronomenbezüge/Satzkongruenz prüfen.,"Und Rehabeam nahm  sich zum Weibe  Machalath, die Tochter Jerimoths , des Sohnes Davids , und Abichails, der Tochter Eliabs , des Sohnes Isais .","Und Rehabeam nahm  sich zur Frau  Machalath, die Tochter Jerimoths , des Sohnes Davids , und Abichails, der Tochter Eliabs , des Sohnes Isais ."
2Chr.12.13,193,Jehova,divine-name-syntax,Subjekt/Objekt/Anrede ohne eindeutiges Regelsignal; Artikel und Kasus prüfen.,"Und der König Rehabeam  erstarkte zu Jerusalem  und regierte ; denn Rehabeam  war einundvierzig Jahre alt , als er König  wurde, und er  regierte siebzehn Jahre  zu Jerusalem , der Stadt , die Jehova  aus allen Stämmen Israels erwählt  hatte, um seinen Namen  dahin zu setzen . Und der Name  seiner Mutter  war Naama, die Ammonitin .","Und der König Rehabeam  erstarkte zu Jerusalem  und regierte ; denn Rehabeam  war einundvierzig Jahre alt , als er König  wurde, und er  regierte siebzehn Jahre  zu Jerusalem , der Stadt , die HERR  aus allen Stämmen Israels erwählt  hatte, um seinen Namen  dahin zu setzen . Und der Name  seiner Mutter  war Naama, die Ammonitin ."
2Chr.12.14,70,Jehova,divine-name-syntax,Subjekt/Objekt/Anrede ohne eindeutiges Regelsignal; Artikel und Kasus prüfen.,"Und er tat , was böse  war; denn er richtete sein Herz  nicht darauf, Jehova zu suchen .","Und er tat , was böse  war; denn er richtete sein Herz  nicht darauf, HERR zu suchen ."
2Chr.13.18,125,Jehova,divine-name-syntax,Subjekt/Objekt/Anrede ohne eindeutiges Regelsignal; Artikel und Kasus prüfen.,"
        Und  die Kinder Israel  wurden gedemütigt zu selbiger Zeit ; aber die Kinder Juda  wurden stark, weil sie sich  auf Jehova , den Gott  ihrer Väter , gestützt hatten.","
        Und  die Kinder Israel  wurden gedemütigt zu selbiger Zeit ; aber die Kinder Juda  wurden stark, weil sie sich  auf HERR , den Gott  ihrer Väter , gestützt hatten."
2Chr.14.10,53,Jehova,divine-name-syntax,Subjekt/Objekt/Anrede ohne eindeutiges Regelsignal; Artikel und Kasus prüfen.,"Und Asa rief  zu Jehova , seinem Gott , und sprach : Jehova ! Um zu helfen , ist bei dir kein Unterschied zwischen  dem Mächtigen und dem Kraftlosen. Hilf  uns, Jehova , unser Gott ! Denn wir  stützen uns auf dich , und in deinem Namen sind  wir wider diese Menge  gezogen. Du bist Jehova , unser Gott ; laß den Menschen nichts wider dich vermögen !","Und Asa rief  zu dem HERRN , seinem Gott , und sprach : HERR ! Um zu helfen , ist bei dir kein Unterschied zwischen  dem Mächtigen und dem Kraftlosen. Hilf  uns, HERR , unser Gott ! Denn wir  stützen uns auf dich , und in deinem Namen sind  wir wider diese Menge  gezogen. Du bist HERR , unser Gott ; lass den Menschen nichts wider dich vermögen !"
2Chr.14.10,161,Jehova,divine-name-syntax,Subjekt/Objekt/Anrede ohne eindeutiges Regelsignal; Artikel und Kasus prüfen.,"Und Asa rief  zu Jehova , seinem Gott , und sprach : Jehova ! Um zu helfen , ist bei dir kein Unterschied zwischen  dem Mächtigen und dem Kraftlosen. Hilf  uns, Jehova , unser Gott ! Denn wir  stützen uns auf dich , und in deinem Namen sind  wir wider diese Menge  gezogen. Du bist Jehova , unser Gott ; laß den Menschen nichts wider dich vermögen !","Und Asa rief  zu dem HERRN , seinem Gott , und sprach : HERR ! Um zu helfen , ist bei dir kein Unterschied zwischen  dem Mächtigen und dem Kraftlosen. Hilf  uns, HERR , unser Gott ! Denn wir  stützen uns auf dich , und in deinem Namen sind  wir wider diese Menge  gezogen. Du bist HERR , unser Gott ; lass den Menschen nichts wider dich vermögen !"
2Chr.15.13,139,Weibe,gender-agreement,Nominalgruppe regelbasiert angepasst; längere Pronomenbezüge/Satzkongruenz prüfen.,"jeder aber, der Jehova , den Gott Israels , nicht suchen  würde, sollte getötet  werden, vom Kleinsten bis zum Größten, vom Manne  bis zum Weibe .","jeder aber, der HERR , den Gott Israels , nicht suchen  würde, sollte getötet  werden, vom Kleinsten bis zum Größten, vom Manne  bis zur Frau ."
2Chr.15.14,17,Jehova,divine-name-syntax,Subjekt/Objekt/Anrede ohne eindeutiges Regelsignal; Artikel und Kasus prüfen.,Und sie schwuren Jehova  mit lauter Stimme  und mit Jauchzen  und unter Trompeten-und Posaunenschall.,Und sie schwuren HERR  mit lauter Stimme  und mit Jauchzen  und unter Trompeten-und Posaunenschall.
2Chr.15.15,171,Jehova,divine-name-syntax,Subjekt/Objekt/Anrede ohne eindeutiges Regelsignal; Artikel und Kasus prüfen.,Und ganz Juda  freute sich  des Eides ; denn sie schwuren  mit ihrem ganzen Herzen  und suchten Jehova  mit ihrem ganzen Willen ; und er ließ sich von  ihnen finden . Und Jehova schaffte ihnen Ruhe  ringsumher.,Und ganz Juda  freute sich  des Eides ; denn sie schwuren  mit ihrem ganzen Herzen  und suchten den HERRN  mit ihrem ganzen Willen ; und er ließ sich von  ihnen finden . Und HERR schaffte ihnen Ruhe  ringsumher.
2Chr.16.7,196,Jehova,divine-name-syntax,Subjekt/Objekt/Anrede ohne eindeutiges Regelsignal; Artikel und Kasus prüfen.,"
        Und 
        zu  selbiger Zeit kam Hanani , der Seher, zu Asa , dem König  von Juda , und sprach  zu ihm: Weil du dich  auf den König  von Syrien  gestützt hast, und hast dich  nicht auf Jehova , deinen Gott , gestützt, darum ist das Heer des Königs  von Syrien  deiner Hand entronnen .","
        Und 
        zu  selbiger Zeit kam Hanani , der Seher, zu Asa , dem König  von Juda , und sprach  zu ihm: Weil du dich  auf den König  von Syrien  gestützt hast, und hast dich  nicht auf HERR , deinen Gott , gestützt, darum ist das Heer des Königs  von Syrien  deiner Hand entronnen ."
2Chr.16.8,138,Jehova,divine-name-syntax,Subjekt/Objekt/Anrede ohne eindeutiges Regelsignal; Artikel und Kasus prüfen.,"Waren nicht  die Kuschiter und  die Libyer  eine zahlreiche Heeresmacht, mit Wagen  und Reitern  in großer Menge ? Aber weil du dich  auf Jehova  stütztest, gab  er sie in deine Hand .","Waren nicht  die Kuschiter und  die Libyer  eine zahlreiche Heeresmacht, mit Wagen  und Reitern  in großer Menge ? Aber weil du dich  auf HERR  stütztest, gab  er sie in deine Hand ."
2Chr.16.12,160,Jehova,divine-name-syntax,Subjekt/Objekt/Anrede ohne eindeutiges Regelsignal; Artikel und Kasus prüfen.,"Und im neununddreißigsten Jahre  seiner Regierung erkrankte Asa  an seinen Füßen , so daß er überaus krank  war; aber auch in seiner Krankheit suchte  er nicht Jehova , sondern die Ärzte .","Und im neununddreißigsten Jahre  seiner Regierung erkrankte Asa  an seinen Füßen , so dass er überaus krank  war; aber auch in seiner Krankheit suchte  er nicht HERR , sondern die Ärzte ."
2Chr.17.5,4,Jehova,divine-name-syntax,Subjekt/Objekt/Anrede ohne eindeutiges Regelsignal; Artikel und Kasus prüfen.,"Und Jehova  befestigte das Königtum in seiner Hand ; und ganz Juda gab Josaphat Geschenke , und er hatte Reichtum  und Ehre  in Fülle .","Und HERR  befestigte das Königtum in seiner Hand ; und ganz Juda gab Josaphat Geschenke , und er hatte Reichtum  und Ehre  in Fülle ."
2Chr.17.16,60,Jehova,divine-name-syntax,Subjekt/Objekt/Anrede ohne eindeutiges Regelsignal; Artikel und Kasus prüfen.,"
        und  neben ihm Amasja , der Sohn  Sikris, der sich Jehova freiwillig  gestellt hatte, und  mit ihm zweihunderttausend tapfere Helden .","
        und  neben ihm Amasja , der Sohn  Sikris, der sich HERR freiwillig  gestellt hatte, und  mit ihm zweihunderttausend tapfere Helden ."
2Chr.18.7,98,Jehova,divine-name-syntax,Subjekt/Objekt/Anrede ohne eindeutiges Regelsignal; Artikel und Kasus prüfen.,"
        Und  der König  von Israel sprach  zu Josaphat : Es ist  noch ein Mann  da, um durch ihn Jehova  zu befragen; aber ich hasse ihn, denn er  weissagt nichts Gutes  über mich, sondern immer nur Böses ; es ist Micha , der Sohn  Jimlas. Und Josaphat sprach : Der König  spreche nicht also!","
        Und  der König  von Israel sprach  zu Josaphat : Es ist  noch ein Mann  da, um durch ihn HERR  zu befragen; aber ich hasse ihn, denn er  weissagt nichts Gutes  über mich, sondern immer nur Böses ; es ist Micha , der Sohn  Jimlas. Und Josaphat sprach : Der König  spreche nicht also!"
2Chr.18.18,67,Jehova,divine-name-syntax,Subjekt/Objekt/Anrede ohne eindeutiges Regelsignal; Artikel und Kasus prüfen.,"
        Und  er sprach : Darum höret  das Wort  Jehovas: Ich sah  Jehova auf seinem Throne sitzen , und  alles Heer  des Himmels  zu seiner Rechten  und zu seiner Linken stehen .","
        Und  er sprach : Darum höret  das Wort  des HERRN: Ich sah  HERR auf seinem Throne sitzen , und  alles Heer  des Himmels  zu seiner Rechten  und zu seiner Linken stehen ."
2Chr.19.2,147,Jehova,divine-name-syntax,Subjekt/Objekt/Anrede ohne eindeutiges Regelsignal; Artikel und Kasus prüfen.,"Da ging ihm Jehu , der Sohn Hananis , der Seher , entgegen; und  er sprach  zu dem König Josaphat : Hilfst du dem Gesetzlosen, und liebst  du, die Jehova hassen ? Und  um deswillen ist Zorn  über dir von  seiten Jehovas.","Da ging ihm Jehu , der Sohn Hananis , der Seher , entgegen; und  er sprach  zu dem König Josaphat : Hilfst du dem Gesetzlosen, und liebst  du, die HERR hassen ? Und  um deswillen ist Zorn  über dir von  seiten des HERRN."
2Chr.19.10,240,Jehova,divine-name-syntax,Subjekt/Objekt/Anrede ohne eindeutiges Regelsignal; Artikel und Kasus prüfen.,"Und was irgend für ein Rechtsstreit vor euch kommt  von seiten eurer Brüder , die in ihren Städten  wohnen, zwischen Blut  und Blut , zwischen Gesetz  und Gebot , Satzungen  und Rechten , so sollt ihr  sie verwarnen, daß sie sich  nicht an Jehova verschulden , und daß nicht ein Zorn  über euch und über eure Brüder  komme. Also  sollt ihr tun , damit ihr euch nicht verschuldet .","Und was irgend für ein Rechtsstreit vor euch kommt  von seiten eurer Brüder , die in ihren Städten  wohnen, zwischen Blut  und Blut , zwischen Gesetz  und Gebot , Satzungen  und Rechten , so sollt ihr  sie verwarnen, dass sie sich  nicht an HERR verschulden , und dass nicht ein Zorn  über euch und über eure Brüder  komme. Also  sollt ihr tun , damit ihr euch nicht verschuldet ."
2Chr.20.3,71,Jehova,divine-name-syntax,Subjekt/Objekt/Anrede ohne eindeutiges Regelsignal; Artikel und Kasus prüfen.,"Da fürchtete  sich Josaphat , und er richtete  sein Angesicht  darauf, Jehova  zu suchen ; und er rief  ein Fasten  aus über  ganz Juda .","Da fürchtete  sich Josaphat , und er richtete  sein Angesicht  darauf, HERR  zu suchen ; und er rief  ein Fasten  aus über  ganz Juda ."
2Chr.20.6,16,Jehova,divine-name-syntax,Subjekt/Objekt/Anrede ohne eindeutiges Regelsignal; Artikel und Kasus prüfen.,"und er sprach : Jehova , Gott  unserer Väter , bist du es nicht, der da Gott  im Himmel  ist, und bist du nicht der Herrscher über alle Königreiche  der Nationen? Und in deiner Hand  ist Kraft  und Macht ; und niemand vermag gegen dich zu bestehen .","und er sprach : HERR , Gott  unserer Väter , bist du es nicht, der da Gott  im Himmel  ist, und bist du nicht der Herrscher über alle Königreiche  der Nationen? Und in deiner Hand  ist Kraft  und Macht ; und niemand vermag gegen dich zu bestehen ."
2Chr.20.22,76,Jehova,divine-name-syntax,Subjekt/Objekt/Anrede ohne eindeutiges Regelsignal; Artikel und Kasus prüfen.,"
        Und  zur Zeit , als sie begannen  mit Jubel und Lobgesang, stellte Jehova  einen Hinterhalt  wider die Kinder Ammon , Moab  und die vom Gebirge Seir , welche wider Juda gekommen  waren; und sie wurden geschlagen .","
        Und  zur Zeit , als sie begannen  mit Jubel und Lobgesang, stellte HERR  einen Hinterhalt  wider die Kinder Ammon , Moab  und die vom Gebirge Seir , welche wider Juda gekommen  waren; und sie wurden geschlagen ."
2Chr.20.26,86,Jehova,divine-name-syntax,Subjekt/Objekt/Anrede ohne eindeutiges Regelsignal; Artikel und Kasus prüfen.,"Und am vierten Tage  versammelten sie sich  im Tale Beraka, denn daselbst priesen sie Jehova ; daher gab  man jenem Orte  den Namen Tal  Beraka, bis auf diesen Tag .","Und am vierten Tage  versammelten sie sich  im Tale Beraka, denn daselbst priesen sie HERR ; daher gab  man jenem Orte  den Namen Tal  Beraka, bis auf diesen Tag ."
2Chr.21.6,129,Weibe,gender-agreement,Nominalgruppe regelbasiert angepasst; längere Pronomenbezüge/Satzkongruenz prüfen.,"Und er wandelte  auf dem Wege  der Könige  von Israel , wie das Haus Ahabs  getan hatte , denn er hatte  eine Tochter Ahabs  zum Weibe ; und er tat, was böse  war in den Augen Jehovas .","Und er wandelte  auf dem Wege  der Könige  von Israel , wie das Haus Ahabs  getan hatte , denn er hatte  eine Tochter Ahabs  zur Frau ; und er tat, was böse  war in den Augen des HERRN ."
2Chr.21.18,53,Jehova,divine-name-syntax,Subjekt/Objekt/Anrede ohne eindeutiges Regelsignal; Artikel und Kasus prüfen.,"
        Und 
        nach  allem diesem plagte  ihn Jehova  mit einer unheilbaren Krankheit  in seinen Eingeweiden.","
        Und 
        nach  allem diesem plagte  ihn HERR  mit einer unheilbaren Krankheit  in seinen Eingeweiden."
2Chr.22.11,262,Weib,gender-agreement,Nominalgruppe regelbasiert angepasst; längere Pronomenbezüge/Satzkongruenz prüfen.,"Aber Josabath, die Tochter  des Königs , nahm Joas , den Sohn Ahasjas , und stahl  ihn weg aus der Mitte der Königssöhne, die getötet wurden, und sie  tat ihn und seine Amme in  das Schlafgemach. Und so verbarg  ihn Josabath, die Tochter  des Königs Joram , das Weib Jojadas , des Priesters  (denn sie war  die Schwester Ahasjas ) vor Athalja , so daß sie ihn nicht tötete .","Aber Josabath, die Tochter  des Königs , nahm Joas , den Sohn Ahasjas , und stahl  ihn weg aus der Mitte der Königssöhne, die getötet wurden, und sie  tat ihn und seine Amme in  das Schlafgemach. Und so verbarg  ihn Josabath, die Tochter  des Königs Joram , die Frau Jojadas , des Priesters  (denn sie war  die Schwester Ahasjas ) vor Athalja , so dass sie ihn nicht tötete ."
2Chr.24.9,63,Jehova,divine-name-syntax,Subjekt/Objekt/Anrede ohne eindeutiges Regelsignal; Artikel und Kasus prüfen.,"
        Und  man rief in Juda  und in Jerusalem  aus, daß man Jehova  die Steuer Moses , des Knechtes Gottes , bringen  sollte, welche er Israel  in der Wüste  auferlegt hatte.","
        Und  man rief in Juda  und in Jerusalem  aus, dass man HERR  die Steuer Moses , des Knechtes Gottes , bringen  sollte, welche er Israel  in der Wüste  auferlegt hatte."
2Chr.24.20,245,Jehova,divine-name-syntax,Subjekt/Objekt/Anrede ohne eindeutiges Regelsignal; Artikel und Kasus prüfen.,"
        Und  der Geist Gottes  kam über  Sekarja, den Sohn Jojadas , des Priesters ; und er stand  auf über dem Volke  und sprach  zu ihnen: So spricht Gott : Warum übertretet ihr die Gebote  Jehovas? Es wird euch  ja nicht gelingen . Weil ihr Jehova verlassen  habt, so hat er euch verlassen .","
        Und  der Geist Gottes  kam über  Sekarja, den Sohn Jojadas , des Priesters ; und er stand  auf über dem Volke  und sprach  zu ihnen: So spricht Gott : Warum übertretet ihr die Gebote  des HERRN? Es wird euch  ja nicht gelingen . Weil ihr HERR verlassen  habt, so hat er euch verlassen ."
2Chr.24.22,152,Jehova,divine-name-syntax,Subjekt/Objekt/Anrede ohne eindeutiges Regelsignal; Artikel und Kasus prüfen.,"Und der König Joas gedachte  nicht der Güte , die sein Vater Jojada  an ihm erwiesen hatte , und ermordete dessen Sohn . Und als er starb , sprach  er: Jehova  möge es sehen  und fordern !","Und der König Joas gedachte  nicht der Güte , die sein Vater Jojada  an ihm erwiesen hatte , und ermordete dessen Sohn . Und als er starb , sprach  er: HERR  möge es sehen  und fordern !"
2Chr.24.24,74,Jehova,divine-name-syntax,Subjekt/Objekt/Anrede ohne eindeutiges Regelsignal; Artikel und Kasus prüfen.,"Wiewohl das Heer  der Syrer  mit wenigen Männern gekommen  war, gab  doch Jehova  ein sehr  zahlreiches Heer in ihre Hand , weil sie Jehova , den Gott  ihrer Väter , verlassen hatten . Und  sie übten Gericht  an Joas .","Wiewohl das Heer  der Syrer  mit wenigen Männern gekommen  war, gab  doch HERR  ein sehr  zahlreiches Heer in ihre Hand , weil sie den HERRN , den Gott  ihrer Väter , verlassen hatten . Und  sie übten Gericht  an Joas ."
2Chr.25.18,228,Weibe,gender-agreement,Nominalgruppe regelbasiert angepasst; längere Pronomenbezüge/Satzkongruenz prüfen.,"Da sandte Joas , der König  von Israel , zu Amazja , dem König  von Juda , und ließ  ihm sagen : Der Dornstrauch  auf dem Libanon  sandte zu der Zeder  auf dem Libanon  und ließ ihr sagen : Gib  meinem Sohne  deine Tochter  zum Weibe ! Da lief das Getier  des Feldes , das auf dem Libanon  ist, vorüber und zertrat  den Dornstrauch .","Da sandte Joas , der König  von Israel , zu Amazja , dem König  von Juda , und ließ  ihm sagen : Der Dornstrauch  auf dem Libanon  sandte zu der Zeder  auf dem Libanon  und ließ ihr sagen : Gib  meinem Sohne  deine Tochter  zur Frau ! Da lief das Getier  des Feldes , das auf dem Libanon  ist, vorüber und zertrat  den Dornstrauch ."
2Chr.26.5,111,Jehova,divine-name-syntax,Subjekt/Objekt/Anrede ohne eindeutiges Regelsignal; Artikel und Kasus prüfen.,"Und er suchte Gott  in den Tagen  Sekarjas, der kundig war  in den Gesichten Gottes ; und in den Tagen , da er Jehova suchte , gab Gott  ihm Gelingen .","Und er suchte Gott  in den Tagen  Sekarjas, der kundig war  in den Gesichten Gottes ; und in den Tagen , da er HERR suchte , gab Gott  ihm Gelingen ."
2Chr.26.18,92,Jehova,divine-name-syntax,Subjekt/Objekt/Anrede ohne eindeutiges Regelsignal; Artikel und Kasus prüfen.,"und sie widerstanden dem König  Ussija und sprachen  zu ihm: Nicht dir, Ussija, geziemt es, Jehova  zu räuchern , sondern den Priestern , den Söhnen Aarons , die geheiligt  sind zum Räuchern . Geh aus  dem Heiligtum  hinaus; denn du hast treulos gehandelt, und es wird dir nicht zur Ehre  gereichen von Jehova Gott .","und sie widerstanden dem König  Ussija und sprachen  zu ihm: Nicht dir, Ussija, geziemt es, HERR  zu räuchern , sondern den Priestern , den Söhnen Aarons , die geheiligt  sind zum Räuchern . Geh aus  dem Heiligtum  hinaus; denn du hast treulos gehandelt, und es wird dir nicht zur Ehre  gereichen von dem HERRN Gott ."
2Chr.28.3,125,Jehova,divine-name-syntax,Subjekt/Objekt/Anrede ohne eindeutiges Regelsignal; Artikel und Kasus prüfen.,"und er räucherte  im Tale des Sohnes Hinnoms , und er verbrannte seine Söhne  im Feuer , nach den Greueln  der Nationen, die Jehova vor  den Kindern Israel  ausgetrieben hatte ;","und er räucherte  im Tale des Sohnes Hinnoms , und er verbrannte seine Söhne  im Feuer , nach den Gräueln  der Nationen, die HERR vor  den Kindern Israel  ausgetrieben hatte ;"
2Chr.28.5,11,Jehova,divine-name-syntax,Subjekt/Objekt/Anrede ohne eindeutiges Regelsignal; Artikel und Kasus prüfen.,"Da gab ihn Jehova , sein Gott , in die Hand  des Königs  von Syrien ; und sie schlugen  ihn und führten eine große  Menge Gefangene von ihm weg  und brachten sie nach Damaskus . Und auch in die Hand  des Königs  von Israel  wurde er gegeben , welcher ihm eine große  Niederlage beibrachte.","Da gab ihn HERR , sein Gott , in die Hand  des Königs  von Syrien ; und sie schlugen  ihn und führten eine große  Menge Gefangene von ihm weg  und brachten sie nach Damaskus . Und auch in die Hand  des Königs  von Israel  wurde er gegeben , welcher ihm eine große  Niederlage beibrachte."
2Chr.28.19,5,Jehova,divine-name-syntax,Subjekt/Objekt/Anrede ohne eindeutiges Regelsignal; Artikel und Kasus prüfen.,"Denn Jehova demütigte Juda , um Ahas ', des Königs  von Israel , willen, weil er in Juda  zügellos gehandelt und  sich ganz treulos gegen Jehova  erzeigt hatte .","Denn HERR demütigte Juda , um Ahas ', des Königs  von Israel , willen, weil er in Juda  zügellos gehandelt und  sich ganz treulos gegen den HERRN  erzeigt hatte ."
2Chr.29.30,84,Jehova,divine-name-syntax,Subjekt/Objekt/Anrede ohne eindeutiges Regelsignal; Artikel und Kasus prüfen.,"
        Und  der König Jehiskia  und die Obersten  sagten zu den Leviten , daß sie Jehova  lobsingen sollten mit den Worten Davids  und Asaphs , des Sehers . Und sie lobsangen mit Freude  und neigten sich  und beteten an .","
        Und  der König Jehiskia  und die Obersten  sagten zu den Leviten , dass sie HERR  lobsingen sollten mit den Worten Davids  und Asaphs , des Sehers . Und sie lobsangen mit Freude  und neigten sich  und beteten an ."
2Chr.29.31,71,Jehova,divine-name-syntax,Subjekt/Objekt/Anrede ohne eindeutiges Regelsignal; Artikel und Kasus prüfen.,"
        Und 
        Jehiskia  hob an und sprach : Nun habt ihr euch  Jehova geweiht; tretet herzu und  bringet Schlachtopfer  und Dankopfer  zum Hause  Jehovas. Und die Versammlung brachte  Schlachtopfer und Dankopfer , und jeder, der  willigen Herzens  war, brachte Brandopfer .","
        Und 
        Jehiskia  hob an und sprach : Nun habt ihr euch  HERR geweiht; tretet herzu und  bringet Schlachtopfer  und Dankopfer  zum Hause  des HERRN. Und die Versammlung brachte  Schlachtopfer und Dankopfer , und jeder, der  willigen Herzens  war, brachte Brandopfer ."
2Chr.30.17,182,Jehova,divine-name-syntax,Subjekt/Objekt/Anrede ohne eindeutiges Regelsignal; Artikel und Kasus prüfen.,"Denn es waren viele  in der Versammlung , die sich nicht geheiligt  hatten; und so besorgten die Leviten  das Schlachten der Passahopfer für einen jeden, der nicht rein  war, um sie Jehova  zu heiligen .","Denn es waren viele  in der Versammlung , die sich nicht geheiligt  hatten; und so besorgten die Leviten  das Schlachten der Passahopfer für einen jeden, der nicht rein  war, um sie HERR  zu heiligen ."
2Chr.30.18,223,Jehova,divine-name-syntax,Subjekt/Objekt/Anrede ohne eindeutiges Regelsignal; Artikel und Kasus prüfen.,"Denn ein großer Teil des Volkes , viele  von Ephraim  und Manasse , Issaschar und Sebulon , hatten sich nicht  gereinigt, sondern aßen  das Passah  nicht, wie es vorgeschrieben ist . Doch Jehiskia bat  für sie und sprach : Jehova , der  Gütige, möge einem jeden vergeben ,","Denn ein großer Teil des Volkes , viele  von Ephraim  und Manasse , Issaschar und Sebulon , hatten sich nicht  gereinigt, sondern aßen  das Passah  nicht, wie es vorgeschrieben ist . Doch Jehiskia bat  für sie und sprach : HERR , der  Gütige, möge einem jeden vergeben ,"
2Chr.30.20,4,Jehova,divine-name-syntax,Subjekt/Objekt/Anrede ohne eindeutiges Regelsignal; Artikel und Kasus prüfen.,Und Jehova erhörte Jehiskia  und heilte  das Volk .,Und HERR erhörte Jehiskia  und heilte  das Volk .
2Chr.30.22,111,Jehova,divine-name-syntax,Subjekt/Objekt/Anrede ohne eindeutiges Regelsignal; Artikel und Kasus prüfen.,"
        Und 
        Jehiskia 
        redete  zum Herzen  aller Leviten , welche gute  Einsicht in Bezug auf Jehova  bewiesen. Und  sie aßen  das Festopfer die sieben Tage  hindurch, indem sie Friedensopfer  opferten und Jehova , den Gott  ihrer Väter , priesen.","
        Und 
        Jehiskia 
        redete  zum Herzen  aller Leviten , welche gute  Einsicht in Bezug auf HERR  bewiesen. Und  sie aßen  das Festopfer die sieben Tage  hindurch, indem sie Friedensopfer  opferten und den HERRN , den Gott  ihrer Väter , priesen."
2Chr.31.8,85,Jehova,divine-name-syntax,Subjekt/Objekt/Anrede ohne eindeutiges Regelsignal; Artikel und Kasus prüfen.,"Und Jehiskia  und die Obersten kamen  und besichtigten die Haufen , und sie  priesen Jehova  und sein Volk Israel .","Und Jehiskia  und die Obersten kamen  und besichtigten die Haufen , und sie  priesen HERR  und sein Volk Israel ."
2Chr.32.11,106,Jehova,divine-name-syntax,Subjekt/Objekt/Anrede ohne eindeutiges Regelsignal; Artikel und Kasus prüfen.,"Verführt euch Jehiskia nicht , um euch dem Tode durch Hunger  und Durst  preiszugeben, indem er spricht : Jehova , unser Gott , wird uns aus  der Hand  des Königs  von Assyrien erretten ?","Verführt euch Jehiskia nicht , um euch dem Tode durch Hunger  und Durst  preiszugeben, indem er spricht : HERR , unser Gott , wird uns aus  der Hand  des Königs  von Assyrien erretten ?"
2Chr.32.22,11,Jehova,divine-name-syntax,Subjekt/Objekt/Anrede ohne eindeutiges Regelsignal; Artikel und Kasus prüfen.,"So rettete Jehova Jehiskia  und die Bewohner von Jerusalem  aus der Hand Sanheribs , des Königs  von Assyrien , und aus der Hand  aller; und er  schützte sie  ringsum.","So rettete HERR Jehiskia  und die Bewohner von Jerusalem  aus der Hand Sanheribs , des Königs  von Assyrien , und aus der Hand  aller; und er  schützte sie  ringsum."
2Chr.33.2,104,Jehova,divine-name-syntax,Subjekt/Objekt/Anrede ohne eindeutiges Regelsignal; Artikel und Kasus prüfen.,"
        Und 
        er  tat, was böse  war in den Augen  Jehovas, nach den Greueln  der Nationen, die Jehova vor  den Kindern Israel  ausgetrieben hatte .","
        Und 
        er  tat, was böse  war in den Augen  des HERRN, nach den Gräueln  der Nationen, die HERR vor  den Kindern Israel  ausgetrieben hatte ."
2Chr.33.12,36,Jehova,divine-name-syntax,Subjekt/Objekt/Anrede ohne eindeutiges Regelsignal; Artikel und Kasus prüfen.,"Und als er bedrängt war, flehte  er Jehova , seinen Gott , an und demütigte  sich sehr vor  dem Gott  seiner Väter  und betete zu ihm;","Und als er bedrängt war, flehte  er HERR , seinen Gott , an und demütigte  sich sehr vor  dem Gott  seiner Väter  und betete zu ihm;"
2Chr.34.22,99,Weibe,gender-agreement,Nominalgruppe regelbasiert angepasst; längere Pronomenbezüge/Satzkongruenz prüfen.,"Da gingen  Hilkija und diejenigen, welche der König  entboten hatte , zu der Prophetin Hulda , dem Weibe  Schallums, des Sohnes  Tokhaths, des Sohnes Hasras , des Hüters der Kleider ; sie wohnte  aber zu Jerusalem  im zweiten  Stadtteile; und sie redeten auf diese Weise zu ihr.","Da gingen  Hilkija und diejenigen, welche der König  entboten hatte , zu der Prophetin Hulda , der Frau  Schallums, des Sohnes  Tokhaths, des Sohnes Hasras , des Hüters der Kleider ; sie wohnte  aber zu Jerusalem  im zweiten  Stadtteile; und sie redeten auf diese Weise zu ihr."
2Chr.34.31,86,Jehova,divine-name-syntax,Subjekt/Objekt/Anrede ohne eindeutiges Regelsignal; Artikel und Kasus prüfen.,"
        Und  der König stand auf  seinem Standorte und machte  den Bund vor Jehova , Jehova  nachzuwandeln und seine Gebote  und seine Zeugnisse  und seine Satzungen  zu beobachten mit seinem ganzen Herzen  und mit seiner ganzen Seele , um die  Worte des Bundes  zu tun , welche in diesem Buche  geschrieben sind .","
        Und  der König stand auf  seinem Standorte und machte  den Bund vor dem HERRN , HERR  nachzuwandeln und seine Gebote  und seine Zeugnisse  und seine Satzungen  zu beobachten mit seinem ganzen Herzen  und mit seiner ganzen Seele , um die  Worte des Bundes  zu tun , welche in diesem Buche  geschrieben sind ."
2Chr.35.3,96,Jehova,divine-name-syntax,Subjekt/Objekt/Anrede ohne eindeutiges Regelsignal; Artikel und Kasus prüfen.,"
        Und 
        er 
        sprach  zu den Leviten , welche ganz Israel  unterwiesen, die Jehova  geheiligt waren : Setzet die heilige Lade  in das Haus , welches Salomo , der Sohn Davids , der König  von Israel , gebaut hat ; ihr habt sie nicht mehr auf  der Schulter zu tragen . Dienet  nunmehr Jehova , eurem Gott , und seinem Volke Israel ;","
        Und 
        er 
        sprach  zu den Leviten , welche ganz Israel  unterwiesen, die HERR  geheiligt waren : Setzet die heilige Lade  in das Haus , welches Salomo , der Sohn Davids , der König  von Israel , gebaut hat ; ihr habt sie nicht mehr auf  der Schulter zu tragen . Dienet  nunmehr HERR , eurem Gott , und seinem Volke Israel ;"
2Chr.35.3,303,Jehova,divine-name-syntax,Subjekt/Objekt/Anrede ohne eindeutiges Regelsignal; Artikel und Kasus prüfen.,"
        Und 
        er 
        sprach  zu den Leviten , welche ganz Israel  unterwiesen, die Jehova  geheiligt waren : Setzet die heilige Lade  in das Haus , welches Salomo , der Sohn Davids , der König  von Israel , gebaut hat ; ihr habt sie nicht mehr auf  der Schulter zu tragen . Dienet  nunmehr Jehova , eurem Gott , und seinem Volke Israel ;","
        Und 
        er 
        sprach  zu den Leviten , welche ganz Israel  unterwiesen, die HERR  geheiligt waren : Setzet die heilige Lade  in das Haus , welches Salomo , der Sohn Davids , der König  von Israel , gebaut hat ; ihr habt sie nicht mehr auf  der Schulter zu tragen . Dienet  nunmehr HERR , eurem Gott , und seinem Volke Israel ;"
2Chr.35.12,117,Jehova,divine-name-syntax,Subjekt/Objekt/Anrede ohne eindeutiges Regelsignal; Artikel und Kasus prüfen.,"Und sie  taten die Brandopfer  beiseite, um sie den Klassen der Vaterhäuser  der Kinder des Volkes zu geben , um sie Jehova  darzubringen, wie im Buche Moses  geschrieben steht ; und ebenso taten sie mit den Rindern .","Und sie  taten die Brandopfer  beiseite, um sie den Klassen der Vaterhäuser  der Kinder des Volkes zu geben , um sie HERR  darzubringen, wie im Buche Moses  geschrieben steht ; und ebenso taten sie mit den Rindern ."
2Chr.36.15,22,Jehova,divine-name-syntax,Subjekt/Objekt/Anrede ohne eindeutiges Regelsignal; Artikel und Kasus prüfen.,"
        Und 
        Jehova , der Gott  ihrer Väter , sandte  zu ihnen durch seine Boten , früh sich  aufmachend und sendend; denn er  erbarmte sich  seines Volkes  und seiner Wohnung .","
        Und 
        HERR , der Gott  ihrer Väter , sandte  zu ihnen durch seine Boten , früh sich  aufmachend und sendend; denn er  erbarmte sich  seines Volkes  und seiner Wohnung ."
2Chr.36.22,140,Jehova,divine-name-syntax,Subjekt/Objekt/Anrede ohne eindeutiges Regelsignal; Artikel und Kasus prüfen.,"
        Und  im ersten Jahre Kores ', des Königs  von Persien  -damit das Wort  Jehovas durch den Mund  Jeremias erfüllt würde - erweckte  Jehova den Geist Kores ', des Königs  von Persien ; und er ließ  einen Ruf ergehen durch sein ganzes Königreich , und zwar auch schriftlich, indem er sprach :","
        Und  im ersten Jahre Kores ', des Königs  von Persien  -damit das Wort  des HERRN durch den Mund  Jeremias erfüllt würde - erweckte  HERR den Geist Kores ', des Königs  von Persien ; und er ließ  einen Ruf ergehen durch sein ganzes Königreich , und zwar auch schriftlich, indem er sprach :"
Ezra.1.1,139,Jehova,divine-name-syntax,Subjekt/Objekt/Anrede ohne eindeutiges Regelsignal; Artikel und Kasus prüfen.,"
        Und  im ersten Jahre Kores ', des Königs  von Persien  -damit das Wort  Jehovas aus dem Munde  Jeremias erfüllt würde - erweckte  Jehova den Geist Kores ', des Königs  von Persien ; und er ließ  einen Ruf ergehen durch sein ganzes Königreich , und zwar auch schriftlich, indem er sprach :","
        Und  im ersten Jahre Kores ', des Königs  von Persien  -damit das Wort  des HERRN aus dem Munde  Jeremias erfüllt würde - erweckte  HERR den Geist Kores ', des Königs  von Persien ; und er ließ  einen Ruf ergehen durch sein ganzes Königreich , und zwar auch schriftlich, indem er sprach :"
Ezra.2.61,106,Weib,gender-agreement,Nominalgruppe regelbasiert angepasst; längere Pronomenbezüge/Satzkongruenz prüfen.,"Und von den Söhnen  der Priester : die Söhne  Habajas, die Söhne Hakkoz ', die Söhne Barsillais , der ein Weib  von den Töchtern Barsillais , des Gileaditers , genommen  hatte und nach ihrem Namen genannt  wurde.","Und von den Söhnen  der Priester : die Söhne  Habajas, die Söhne Hakkoz ', die Söhne Barsillais , der eine Frau  von den Töchtern Barsillais , des Gileaditers , genommen  hatte und nach ihrem Namen genannt  wurde."
Ezra.3.6,52,Jehova,divine-name-syntax,Subjekt/Objekt/Anrede ohne eindeutiges Regelsignal; Artikel und Kasus prüfen.,"Am ersten Tage  des siebten Monats  fingen sie an , Jehova Brandopfer  zu opfern; aber der Grund  des Tempels  Jehovas war noch nicht  gelegt. -","Am ersten Tage  des siebten Monats  fingen sie an , HERR Brandopfer  zu opfern; aber der Grund  des Tempels  des HERRN war noch nicht  gelegt. -"
Ezra.4.23,9,sobald,spelling-context,Kontextabhängige Schreibung/modernes Homograph; unverändert prüfen.,"Hierauf, sobald die Abschrift des Briefes des Königs  Artasasta vor  Rechum und  Schimschai, dem Schreiber , und ihren Genossen gelesen  war, gingen sie  eilends nach Jerusalem zu den Juden , und wehrten ihnen  mit Gewalt  und Macht.","Hierauf, sobald die Abschrift des Briefes des Königs  Artasasta vor  Rechum und  Schimschai, dem Schreiber , und ihren Genossen gelesen  war, gingen sie  eilends nach Jerusalem zu den Juden , und wehrten ihnen  mit Gewalt  und Macht."
Ezra.9.15,9,Jehova,divine-name-syntax,Subjekt/Objekt/Anrede ohne eindeutiges Regelsignal; Artikel und Kasus prüfen.,"
        Jehova , Gott Israels , du bist gerecht ; denn wir sind als Entronnene übriggeblieben , wie es an diesem Tage ist . Siehe, wir sind vor  dir in unserer Schuld ; denn dieserhalb kann man nicht vor  dir bestehen .","
        HERR , Gott Israels , du bist gerecht ; denn wir sind als Entronnene übriggeblieben , wie es an diesem Tage ist . Siehe, wir sind vor  dir in unserer Schuld ; denn dieserhalb kann man nicht vor  dir bestehen ."
Neh.1.5,15,Jehova,divine-name-syntax,Subjekt/Objekt/Anrede ohne eindeutiges Regelsignal; Artikel und Kasus prüfen.,"
        Ach , Jehova , Gott  des Himmels , du , der große  und furchtbare Gott , der den Bund  und die Güte  denen bewahrt, die ihn lieben  und seine Gebote halten :","
        Ach , HERR , Gott  des Himmels , du , der große  und furchtbare Gott , der den Bund  und die Güte  denen bewahrt, die ihn lieben  und seine Gebote halten :"
Neh.5.8,76,soweit,spelling-context,Kontextabhängige Schreibung/modernes Homograph; unverändert prüfen.,"Wir haben  unsere Brüder , die Juden , welche den Nationen verkauft  waren, soweit es uns möglich war, losgekauft; und ihr  wollt gar eure Brüder verkaufen ? Und sie  sollen sich uns verkaufen ? Da schwiegen sie und fanden keine Antwort .","Wir haben  unsere Brüder , die Juden , welche den Nationen verkauft  waren, soweit es uns möglich war, losgekauft; und ihr  wollt gar eure Brüder verkaufen ? Und sie  sollen sich uns verkaufen ? Da schwiegen sie und fanden keine Antwort ."
Neh.7.63,95,Weib,gender-agreement,Nominalgruppe regelbasiert angepasst; längere Pronomenbezüge/Satzkongruenz prüfen.,"Und von den Priestern : die Söhne  Habajas, die Söhne Hakkoz ', die Söhne Barsillais , der ein Weib  von den Töchtern Barsillais , des Gileaditers , genommen  hatte und nach ihrem Namen genannt  wurde.","Und von den Priestern : die Söhne  Habajas, die Söhne Hakkoz ', die Söhne Barsillais , der eine Frau  von den Töchtern Barsillais , des Gileaditers , genommen  hatte und nach ihrem Namen genannt  wurde."
Neh.8.6,16,Jehova,divine-name-syntax,Subjekt/Objekt/Anrede ohne eindeutiges Regelsignal; Artikel und Kasus prüfen.,"Und Esra  pries Jehova , den großen Gott , und das ganze Volk antwortete : Amen , Amen ! indem sie  ihre Hände  emporhoben und sich  verneigten und vor Jehova  niederwarfen, mit  dem Antlitz  zur Erde .","Und Esra  pries HERR , den großen Gott , und das ganze Volk antwortete : Amen , Amen ! indem sie  ihre Hände  emporhoben und sich  verneigten und vor dem HERRN  niederwarfen, mit  dem Antlitz  zur Erde ."
Neh.8.10,217,Jehova,divine-name-syntax,Subjekt/Objekt/Anrede ohne eindeutiges Regelsignal; Artikel und Kasus prüfen.,"Und er sprach zu  ihnen: Gehet hin , esset  Fettes und trinket  Süßes, und sendet Teile  denen, für welche nichts zubereitet ist; denn der Tag  ist unserem Herrn heilig ; und betrübet euch  nicht, denn die Freude  an Jehova  ist eure Stärke .","Und er sprach zu  ihnen: Gehet hin , esset  Fettes und trinket  Süßes, und sendet Teile  denen, für welche nichts zubereitet ist; denn der Tag  ist unserem Herrn heilig ; und betrübet euch  nicht, denn die Freude  an HERR  ist eure Stärke ."
Neh.9.7,12,Jehova,divine-name-syntax,Subjekt/Objekt/Anrede ohne eindeutiges Regelsignal; Artikel und Kasus prüfen.,"Du bist es, Jehova , Gott , der du Abram erwählt und  ihn aus Ur  in Chaldäa  herausgeführt, und ihm den Namen Abraham  gegeben hast.","Du bist es, HERR , Gott , der du Abram erwählt und  ihn aus Ur  in Chaldäa  herausgeführt, und ihm den Namen Abraham  gegeben hast."
Neh.9.28,5,sobald,spelling-context,Kontextabhängige Schreibung/modernes Homograph; unverändert prüfen.,"Aber sobald sie Ruhe hatten , taten sie wiederum Böses vor  dir. Da überließest du  sie der Hand  ihrer Feinde , daß diese über sie herrschten ; und  sie schrieen wiederum  zu dir, und du hörtest vom Himmel  her und errettetest  sie nach deinen Erbarmungen viele  Male.","Aber sobald sie Ruhe hatten , taten sie wiederum Böses vor  dir. Da überließest du  sie der Hand  ihrer Feinde , dass diese über sie herrschten ; und  sie schrieen wiederum  zu dir, und du hörtest vom Himmel  her und errettetest  sie nach deinen Erbarmungen viele  Male."
Esth.4.11,108,Weib,gender-agreement,Nominalgruppe regelbasiert angepasst; längere Pronomenbezüge/Satzkongruenz prüfen.,"Alle Knechte  des Königs  und das Volk  der Landschaften des Königs wissen , daß für einen jeden, Mann  und Weib , der zu dem König  in den inneren Hof  hineingeht, ohne  daß er gerufen  wird, ein Gesetz  gilt, nämlich daß er getötet  werde; denjenigen ausgenommen, welchem der König  das goldene Zepter  entgegenreicht, daß er am Leben bleibe ; ich aber bin seit nunmehr dreißig Tagen  nicht gerufen  worden, um zu dem König  hineinzugehen.","Alle Knechte  des Königs  und das Volk  der Landschaften des Königs wissen , dass für einen jeden, Mann  und Frau , der zu dem König  in den inneren Hof  hineingeht, ohne  dass er gerufen  wird, ein Gesetz  gilt, nämlich dass er getötet  werde; denjenigen ausgenommen, welchem der König  das goldene Zepter  entgegenreicht, dass er am Leben bleibe ; ich aber bin seit nunmehr dreißig Tagen  nicht gerufen  worden, um zu dem König  hineinzugehen."
Esth.5.10,89,Weib,gender-agreement,Nominalgruppe regelbasiert angepasst; längere Pronomenbezüge/Satzkongruenz prüfen.,"Und als er  in sein Haus gekommen  war, sandte er  hin und ließ  seine Freunde  und sein Weib  Seresch kommen.","Und als er  in sein Haus gekommen  war, sandte er  hin und ließ  seine Freunde  und seine Frau  Seresch kommen."
Esth.5.14,36,Weib,gender-agreement,Nominalgruppe regelbasiert angepasst; längere Pronomenbezüge/Satzkongruenz prüfen.,"
        Da 
        sprachen  sein Weib  Seresch und  alle seine Freunde zu  ihm: Man richte einen Baum  her, fünfzig Ellen hoch ; und  am Morgen  sage dem König , daß man Mordokai daran hänge . Dann gehe  mit dem König fröhlich  zum Mahle! Und  das Wort  dünkte Haman gut , und er  ließ den Baum  herrichten.","
        Da 
        sprachen  seine Frau  Seresch und  alle seine Freunde zu  ihm: Man richte einen Baum  her, fünfzig Ellen hoch ; und  am Morgen  sage dem König , dass man Mordokai daran hänge . Dann gehe  mit dem König fröhlich  zum Mahle! Und  das Wort  dünkte Haman gut , und er  ließ den Baum  herrichten."
Esth.6.13,27,Weibe,gender-agreement,Nominalgruppe regelbasiert angepasst; längere Pronomenbezüge/Satzkongruenz prüfen.,"Und Haman erzählte  seinem Weibe  Seresch und allen seinen Freunden alles, was ihm begegnet war . Da sprachen  seine Weisen  und sein Weib  Seresch zu ihm: Wenn Mordokai, vor  dem du zu fallen angefangen hast , vom Samen  der Juden ist , so wirst du nichts gegen ihn vermögen , sondern du wirst gänzlich vor  ihm fallen .","Und Haman erzählte  seiner Frau  Seresch und allen seinen Freunden alles, was ihm begegnet war . Da sprachen  seine Weisen  und seine Frau  Seresch zu ihm: Wenn Mordokai, vor  dem du zu fallen angefangen hast , vom Samen  der Juden ist , so wirst du nichts gegen ihn vermögen , sondern du wirst gänzlich vor  ihm fallen ."
Esth.6.13,134,Weib,gender-agreement,Nominalgruppe regelbasiert angepasst; längere Pronomenbezüge/Satzkongruenz prüfen.,"Und Haman erzählte  seinem Weibe  Seresch und allen seinen Freunden alles, was ihm begegnet war . Da sprachen  seine Weisen  und sein Weib  Seresch zu ihm: Wenn Mordokai, vor  dem du zu fallen angefangen hast , vom Samen  der Juden ist , so wirst du nichts gegen ihn vermögen , sondern du wirst gänzlich vor  ihm fallen .","Und Haman erzählte  seiner Frau  Seresch und allen seinen Freunden alles, was ihm begegnet war . Da sprachen  seine Weisen  und seine Frau  Seresch zu ihm: Wenn Mordokai, vor  dem du zu fallen angefangen hast , vom Samen  der Juden ist , so wirst du nichts gegen ihn vermögen , sondern du wirst gänzlich vor  ihm fallen ."
Job.2.9,16,Weib,gender-agreement,Nominalgruppe regelbasiert angepasst; längere Pronomenbezüge/Satzkongruenz prüfen.,Da sprach  sein Weib  zu ihm: Hältst du noch fest an deiner Vollkommenheit? Sage dich  los von Gott  und stirb !,Da sprach  seine Frau  zu ihm: Hältst du noch fest an deiner Vollkommenheit? Sage dich  los von Gott  und stirb !
Job.14.1,17,Weibe,gender-agreement,Nominalgruppe regelbasiert angepasst; längere Pronomenbezüge/Satzkongruenz prüfen.,"Der Mensch , vom Weibe geboren , ist  kurz an Tagen  und mit Unruhe  gesättigt.","Der Mensch , von der Frau geboren , ist  kurz an Tagen  und mit Unruhe  gesättigt."
Job.15.14,60,Weibe,gender-agreement,Nominalgruppe regelbasiert angepasst; längere Pronomenbezüge/Satzkongruenz prüfen.,"Was ist  der Mensch , daß er rein  sein sollte, und der vom Weibe  Geborene, daß er gerecht  wäre?","Was ist  der Mensch , dass er rein  sein sollte, und der von der Frau  Geborene, dass er gerecht  wäre?"
Job.19.17,21,Weibe,gender-agreement,Nominalgruppe regelbasiert angepasst; längere Pronomenbezüge/Satzkongruenz prüfen.,"Mein Atem ist meinem Weibe zuwider , und mein übler Geruch den Kindern  meiner Mutter.","Mein Atem ist meiner Frau zuwider , und mein übler Geruch den Kindern  meiner Mutter."
Job.25.4,85,Weibe,gender-agreement,Nominalgruppe regelbasiert angepasst; längere Pronomenbezüge/Satzkongruenz prüfen.,"Und wie könnte ein Mensch gerecht  sein vor Gott , und wie könnte rein  sein ein vom Weibe  Geborener?","Und wie könnte ein Mensch gerecht  sein vor Gott , und wie könnte rein  sein ein von der Frau  Geborener?"
Job.31.9,25,Weibe,gender-agreement,Nominalgruppe regelbasiert angepasst; längere Pronomenbezüge/Satzkongruenz prüfen.,Wenn mein Herz  zu einem Weibe  verlockt worden ist und ich an der Tür  meines Nächsten  gelauert habe :,Wenn mein Herz  zu einer Frau  verlockt worden ist und ich an der Tür  meines Nächsten  gelauert habe :
Job.31.10,13,Weib,gender-agreement,Nominalgruppe regelbasiert angepasst; längere Pronomenbezüge/Satzkongruenz prüfen.,"so möge mein Weib  für einen  anderen mahlen , und andere  mögen sich über sie beugen !","so möge meine Frau  für einen  anderen mahlen , und andere  mögen sich über sie beugen !"
Job.42.10,4,Jehova,divine-name-syntax,Subjekt/Objekt/Anrede ohne eindeutiges Regelsignal; Artikel und Kasus prüfen.,"Und Jehova  wendete die Gefangenschaft Hiobs , als er für seine Freunde betete ; und Jehova  mehrte alles, was Hiob  gehabt hatte, um  das Doppelte.","Und HERR  wendete die Gefangenschaft Hiobs , als er für seine Freunde betete ; und HERR  mehrte alles, was Hiob  gehabt hatte, um  das Doppelte."
Job.42.10,85,Jehova,divine-name-syntax,Subjekt/Objekt/Anrede ohne eindeutiges Regelsignal; Artikel und Kasus prüfen.,"Und Jehova  wendete die Gefangenschaft Hiobs , als er für seine Freunde betete ; und Jehova  mehrte alles, was Hiob  gehabt hatte, um  das Doppelte.","Und HERR  wendete die Gefangenschaft Hiobs , als er für seine Freunde betete ; und HERR  mehrte alles, was Hiob  gehabt hatte, um  das Doppelte."
Ps.3.2,9,Jehova,divine-name-syntax,Subjekt/Objekt/Anrede ohne eindeutiges Regelsignal; Artikel und Kasus prüfen.,"
        Jehova ! wie viele sind  meiner Bedränger! Viele erheben sich wider  mich;","
        HERR ! wie viele sind  meiner Bedränger! Viele erheben sich wider  mich;"
Ps.3.4,9,Jehova,divine-name-syntax,Subjekt/Objekt/Anrede ohne eindeutiges Regelsignal; Artikel und Kasus prüfen.,"Du aber, Jehova , bist ein Schild  um mich her, meine Herrlichkeit , und der mein Haupt  emporhebt.","Du aber, HERR , bist ein Schild  um mich her, meine Herrlichkeit , und der mein Haupt  emporhebt."
Ps.3.6,57,Jehova,divine-name-syntax,Subjekt/Objekt/Anrede ohne eindeutiges Regelsignal; Artikel und Kasus prüfen.,"Ich legte  mich nieder und schlief ; ich erwachte , denn Jehova  stützt mich.","Ich legte  mich nieder und schlief ; ich erwachte , denn HERR  stützt mich."
Ps.3.8,12,Jehova,divine-name-syntax,Subjekt/Objekt/Anrede ohne eindeutiges Regelsignal; Artikel und Kasus prüfen.,"Stehe auf , Jehova ! Rette mich, mein Gott ! Denn du hast  alle meine Feinde  auf den Backen geschlagen ; die Zähne  der Gesetzlosen hast  du zerschmettert.","Stehe auf , HERR ! Rette mich, mein Gott ! Denn du hast  alle meine Feinde  auf den Backen geschlagen ; die Zähne  der Gesetzlosen hast  du zerschmettert."
Ps.4.7,78,Jehova,divine-name-syntax,Subjekt/Objekt/Anrede ohne eindeutiges Regelsignal; Artikel und Kasus prüfen.,"
        Viele 
        sagen : Wer wird uns Gutes  schauen lassen ? Erhebe , Jehova  über uns das Licht  deines Angesichts!","
        Viele 
        sagen : Wer wird uns Gutes  schauen lassen ? Erhebe , HERR  über uns das Licht  deines Angesichts!"
Ps.5.2,15,Jehova,divine-name-syntax,Subjekt/Objekt/Anrede ohne eindeutiges Regelsignal; Artikel und Kasus prüfen.,"Nimm zu Ohren, Jehova , meine Worte , merke auf  mein Nachsinnen!","Nimm zu Ohren, HERR , meine Worte , merke auf  mein Nachsinnen!"
Ps.5.7,86,Jehova,divine-name-syntax,Subjekt/Objekt/Anrede ohne eindeutiges Regelsignal; Artikel und Kasus prüfen.,Du wirst vertilgen  die Lügenredner; den Mann  des Blutes  und des Truges verabscheut Jehova .,Du wirst vertilgen  die Lügenredner; den Mann  des Blutes  und des Truges verabscheut HERR .
Ps.5.9,13,Jehova,divine-name-syntax,Subjekt/Objekt/Anrede ohne eindeutiges Regelsignal; Artikel und Kasus prüfen.,"Leite mich , Jehova , in deiner Gerechtigkeit  um meiner Feinde willen ; ebne vor mir  deinen Weg .","Leite mich , HERR , in deiner Gerechtigkeit  um meiner Feinde willen ; ebne vor mir  deinen Weg ."
Ps.5.13,37,Jehova,divine-name-syntax,Subjekt/Objekt/Anrede ohne eindeutiges Regelsignal; Artikel und Kasus prüfen.,"Denn du wirst den Gerechten segnen ; Jehova , mit Gunst wirst du ihn umgeben wie mit einem Schilde .","Denn du wirst den Gerechten segnen ; HERR , mit Gunst wirst du ihn umgeben wie mit einem Schilde ."
Ps.6.2,9,Jehova,divine-name-syntax,Subjekt/Objekt/Anrede ohne eindeutiges Regelsignal; Artikel und Kasus prüfen.,"
        Jehova , strafe  mich nicht in deinem Zorn , und züchtige  mich nicht in deinem Grimm !","
        HERR , strafe  mich nicht in deinem Zorn , und züchtige  mich nicht in deinem Grimm !"
Ps.6.3,17,Jehova,divine-name-syntax,Subjekt/Objekt/Anrede ohne eindeutiges Regelsignal; Artikel und Kasus prüfen.,"Sei mir gnädig , Jehova ! Denn ich  bin dahingewelkt; heile  mich, Jehova ! Denn meine Gebeine  sind bestürzt.","Sei mir gnädig , HERR ! Denn ich  bin dahingewelkt; heile  mich, HERR ! Denn meine Gebeine  sind bestürzt."
Ps.6.3,67,Jehova,divine-name-syntax,Subjekt/Objekt/Anrede ohne eindeutiges Regelsignal; Artikel und Kasus prüfen.,"Sei mir gnädig , Jehova ! Denn ich  bin dahingewelkt; heile  mich, Jehova ! Denn meine Gebeine  sind bestürzt.","Sei mir gnädig , HERR ! Denn ich  bin dahingewelkt; heile  mich, HERR ! Denn meine Gebeine  sind bestürzt."
Ps.6.10,67,Jehova,divine-name-syntax,Subjekt/Objekt/Anrede ohne eindeutiges Regelsignal; Artikel und Kasus prüfen.,"
        Jehova 
        hat  mein Flehen  gehört; mein Gebet nahm Jehova  an.","
        Der HERR 
        hat  mein Flehen  gehört; mein Gebet nahm HERR  an."
Ps.7.1,31,Jehova,divine-name-syntax,Subjekt/Objekt/Anrede ohne eindeutiges Regelsignal; Artikel und Kasus prüfen.,"Schiggajon, von David , das er Jehova sang  wegen der Worte Kusch', des Benjaminiters .","Schiggajon, von David , das er HERR sang  wegen der Worte Kusch', des Benjaminiters ."
Ps.7.2,9,Jehova,divine-name-syntax,Subjekt/Objekt/Anrede ohne eindeutiges Regelsignal; Artikel und Kasus prüfen.,"
        Jehova , mein Gott , auf dich  traue ich; rette mich von allen meinen Verfolgern  und befreie mich!","
        HERR , mein Gott , auf dich  traue ich; rette mich von allen meinen Verfolgern  und befreie mich!"
Ps.7.4,9,Jehova,divine-name-syntax,Subjekt/Objekt/Anrede ohne eindeutiges Regelsignal; Artikel und Kasus prüfen.,"
        Jehova , mein Gott ! Wenn ich solches getan  habe, wenn Unrecht  in meinen Händen ist ,","
        HERR , mein Gott ! Wenn ich solches getan  habe, wenn Unrecht  in meinen Händen ist ,"
Ps.7.7,12,Jehova,divine-name-syntax,Subjekt/Objekt/Anrede ohne eindeutiges Regelsignal; Artikel und Kasus prüfen.,"Stehe auf , Jehova , in deinem Zorn ! Erhebe dich wider das Wüten meiner Bedränger, und  wache auf  zu mir: Gericht hast  du befohlen.","Stehe auf , HERR , in deinem Zorn ! Erhebe dich wider das Wüten meiner Bedränger, und  wache auf  zu mir: Gericht hast  du befohlen."
Ps.7.9,57,Jehova,divine-name-syntax,Subjekt/Objekt/Anrede ohne eindeutiges Regelsignal; Artikel und Kasus prüfen.,"
        Jehova  wird die Völker richten . Richte  mich, Jehova , nach meiner Gerechtigkeit  und nach meiner Lauterkeit, die bei mir ist.","
        Der HERR  wird die Völker richten . Richte  mich, HERR , nach meiner Gerechtigkeit  und nach meiner Lauterkeit, die bei mir ist."
Ps.8.2,0,Jehova,divine-name-syntax,Subjekt/Objekt/Anrede ohne eindeutiges Regelsignal; Artikel und Kasus prüfen.,"Jehova, unser Herr , wie herrlich  ist dein Name  auf der ganzen Erde , der du deine Majestät  gestellt hast  über die Himmel !","HERR, unser Herr , wie herrlich  ist dein Name  auf der ganzen Erde , der du deine Majestät  gestellt hast  über die Himmel !"
Ps.8.10,0,Jehova,divine-name-syntax,Subjekt/Objekt/Anrede ohne eindeutiges Regelsignal; Artikel und Kasus prüfen.,"Jehova, unser Herr , wie herrlich  ist dein Name  auf der ganzen Erde !","HERR, unser Herr , wie herrlich  ist dein Name  auf der ganzen Erde !"
Ps.9.8,9,Jehova,divine-name-syntax,Subjekt/Objekt/Anrede ohne eindeutiges Regelsignal; Artikel und Kasus prüfen.,"
        Jehova  aber thront ewiglich ; er hat  seinen Thron  aufgestellt zum Gericht .","
        HERR  aber thront ewiglich ; er hat  seinen Thron  aufgestellt zum Gericht ."
Ps.9.12,15,Jehova,divine-name-syntax,Subjekt/Objekt/Anrede ohne eindeutiges Regelsignal; Artikel und Kasus prüfen.,"Singet Psalmen Jehova , der Zion bewohnt , verkündet unter den Völkern  seine Taten !","Singet Psalmen HERR , der Zion bewohnt , verkündet unter den Völkern  seine Taten !"
Ps.9.14,17,Jehova,divine-name-syntax,Subjekt/Objekt/Anrede ohne eindeutiges Regelsignal; Artikel und Kasus prüfen.,"Sei mir gnädig , Jehova ! Sieh  an mein Elend  von seiten meiner Hasser , indem du mich emporhebst aus den Toren  des Todes ;","Sei mir gnädig , HERR ! Sieh  an mein Elend  von seiten meiner Hasser , indem du mich emporhebst aus den Toren  des Todes ;"
Ps.9.20,12,Jehova,divine-name-syntax,Subjekt/Objekt/Anrede ohne eindeutiges Regelsignal; Artikel und Kasus prüfen.,"Stehe auf , Jehova ! Nicht habe  der Mensch  die Oberhand; vor deinem Angesicht mögen gerichtet werden  die Nationen!","Stehe auf , HERR ! Nicht habe  der Mensch  die Oberhand; vor deinem Angesicht mögen gerichtet werden  die Nationen!"
Ps.9.21,23,Jehova,divine-name-syntax,Subjekt/Objekt/Anrede ohne eindeutiges Regelsignal; Artikel und Kasus prüfen.,"Lege Furcht  auf sie , Jehova ; mögen die Nationen wissen , daß sie Menschen  sind! ( Sela .) ","Lege Furcht  auf sie , HERR ; mögen die Nationen wissen , dass sie Menschen  sind! ( Sela .) "
Ps.10.1,7,Jehova,divine-name-syntax,Subjekt/Objekt/Anrede ohne eindeutiges Regelsignal; Artikel und Kasus prüfen.,"Warum, Jehova , stehst  du fern , verbirgst dich in  Zeiten der Drangsal?","Warum, HERR , stehst  du fern , verbirgst dich in  Zeiten der Drangsal?"
Ps.10.12,12,Jehova,divine-name-syntax,Subjekt/Objekt/Anrede ohne eindeutiges Regelsignal; Artikel und Kasus prüfen.,"Stehe auf , Jehova ! Gott , erhebe  deine Hand ! Vergiß nicht  der Elenden !","Stehe auf , HERR ! Gott , erhebe  deine Hand ! Vergiss nicht  der Elenden !"
Ps.10.17,46,Jehova,divine-name-syntax,Subjekt/Objekt/Anrede ohne eindeutiges Regelsignal; Artikel und Kasus prüfen.,"Den Wunsch  der Sanftmütigen hast  du gehört, Jehova ; du befestigtest ihr Herz , ließest dein Ohr aufmerken ,","Den Wunsch  der Sanftmütigen hast  du gehört, HERR ; du befestigtest ihr Herz , ließest dein Ohr aufmerken ,"
Ps.11.1,31,Jehova,divine-name-syntax,Subjekt/Objekt/Anrede ohne eindeutiges Regelsignal; Artikel und Kasus prüfen.,Dem Vorsänger. Von David . Auf Jehova traue  ich; wie saget ihr  zu meiner Seele : Fliehet  wie ein Vogel  nach eurem Berge ?,Dem Vorsänger. Von David . Auf HERR traue  ich; wie saget ihr  zu meiner Seele : Fliehet  wie ein Vogel  nach eurem Berge ?
Ps.11.4,49,Jehova,divine-name-syntax,Subjekt/Objekt/Anrede ohne eindeutiges Regelsignal; Artikel und Kasus prüfen.,"
        Jehova  ist in seinem heiligen Palast . Jehova  -in den Himmeln ist sein Thron ; seine Augen schauen , seine Augenlider prüfen  die Menschenkinder .","
        Der HERR  ist in seinem heiligen Palast . HERR  -in den Himmeln ist sein Thron ; seine Augen schauen , seine Augenlider prüfen  die Menschenkinder ."
Ps.11.5,9,Jehova,divine-name-syntax,Subjekt/Objekt/Anrede ohne eindeutiges Regelsignal; Artikel und Kasus prüfen.,"
        Jehova 
        prüft  den Gerechten ; und den Gesetzlosen und den, der Gewalttat liebt , haßt  seine Seele .","
        HERR 
        prüft  den Gerechten ; und den Gesetzlosen und den, der Gewalttat liebt , hasst  seine Seele ."
Ps.13.2,10,Jehova,divine-name-syntax,Subjekt/Objekt/Anrede ohne eindeutiges Regelsignal; Artikel und Kasus prüfen.,"Bis wann, Jehova , willst du meiner vergessen immerdar ? Bis wann willst du dein Angesicht  vor mir verbergen ?","Bis wann, HERR , willst du meiner vergessen immerdar ? Bis wann willst du dein Angesicht  vor mir verbergen ?"
Ps.13.4,37,Jehova,divine-name-syntax,Subjekt/Objekt/Anrede ohne eindeutiges Regelsignal; Artikel und Kasus prüfen.,"
        Schaue  her, antworte  mir, Jehova , mein Gott ! Erleuchte  meine Augen , daß ich nicht entschlafe  zum Tode ,","
        Schaue  her, antworte  mir, HERR , mein Gott ! Erleuchte  meine Augen , dass ich nicht entschlafe  zum Tode ,"
Ps.14.4,100,Jehova,divine-name-syntax,Subjekt/Objekt/Anrede ohne eindeutiges Regelsignal; Artikel und Kasus prüfen.,"
        Haben  keine Erkenntnis alle, die Frevel tun , die mein Volk fressen , als äßen sie Brot ? Jehova rufen  sie nicht  an.","
        Haben  keine Erkenntnis alle, die Frevel tun , die mein Volk fressen , als äßen sie Brot ? HERR rufen  sie nicht  an."
Ps.15.1,24,Jehova,divine-name-syntax,Subjekt/Objekt/Anrede ohne eindeutiges Regelsignal; Artikel und Kasus prüfen.,"Ein Psalm ; von David . Jehova , wer wird in deinem Zelte weilen? Wer wird wohnen  auf deinem heiligen Berge ?","Ein Psalm ; von David . HERR , wer wird in deinem Zelte weilen? Wer wird wohnen  auf deinem heiligen Berge ?"
Ps.16.7,9,Jehova,divine-name-syntax,Subjekt/Objekt/Anrede ohne eindeutiges Regelsignal; Artikel und Kasus prüfen.,"
        Jehova  werde ich preisen, der mich beraten hat , selbst des Nachts  unterweisen mich meine Nieren .","
        HERR  werde ich preisen, der mich beraten hat , selbst des Nachts  unterweisen mich meine Nieren ."
Ps.16.8,9,Jehova,divine-name-syntax,Subjekt/Objekt/Anrede ohne eindeutiges Regelsignal; Artikel und Kasus prüfen.,"Ich habe Jehova stets  vor mich gestellt; weil er zu meiner Rechten  ist, werde  ich nicht wanken.","Ich habe HERR stets  vor mich gestellt; weil er zu meiner Rechten  ist, werde  ich nicht wanken."
Ps.17.13,12,Jehova,divine-name-syntax,Subjekt/Objekt/Anrede ohne eindeutiges Regelsignal; Artikel und Kasus prüfen.,"Stehe auf , Jehova ! Komm ihm zuvor, wirf ihn  nieder! Errette  meine Seele von  dem Gesetzlosen durch dein Schwert ;","Stehe auf , HERR ! Komm ihm zuvor, wirf ihn  nieder! Errette  meine Seele von  dem Gesetzlosen durch dein Schwert ;"
Ps.17.14,35,Jehova,divine-name-syntax,Subjekt/Objekt/Anrede ohne eindeutiges Regelsignal; Artikel und Kasus prüfen.,"von den Leuten  durch deine Hand , Jehova , von den Leuten  dieses Zeitlaufs! Ihr Teil  ist in diesem Leben , und  ihren Bauch  füllst du mit deinem Schatze; sie haben Söhne  die Fülle , und ihren Überfluß lassen  sie ihren Kindern .","von den Leuten  durch deine Hand , HERR , von den Leuten  dieses Zeitlaufs! Ihr Teil  ist in diesem Leben , und  ihren Bauch  füllst du mit deinem Schatze; sie haben Söhne  die Fülle , und ihren Überfluss lassen  sie ihren Kindern ."
Ps.18.1,119,Jehova,divine-name-syntax,Subjekt/Objekt/Anrede ohne eindeutiges Regelsignal; Artikel und Kasus prüfen.,"Dem Vorsänger. Von dem Knechte  Jehovas, von David , der die Worte  dieses Liedes  zu Jehova redete  an dem Tage , als Jehova ihn errettet  hatte aus der Hand  aller seiner Feinde und  aus der Hand Sauls .","Dem Vorsänger. Von dem Knechte  des HERRN, von David , der die Worte  dieses Liedes  zu dem HERRN redete  an dem Tage , als HERR ihn errettet  hatte aus der Hand  aller seiner Feinde und  aus der Hand Sauls ."
Ps.18.2,60,Jehova,divine-name-syntax,Subjekt/Objekt/Anrede ohne eindeutiges Regelsignal; Artikel und Kasus prüfen.,"
        Und 
        er 
        sprach : Ich liebe dich , Jehova, meine Stärke !","
        Und 
        er 
        sprach : Ich liebe dich , HERR, meine Stärke !"
Ps.18.14,16,Jehova,divine-name-syntax,Subjekt/Objekt/Anrede ohne eindeutiges Regelsignal; Artikel und Kasus prüfen.,"Und es donnerte Jehova  in den Himmeln, und der Höchste ließ  seine Stimme erschallen-Hagel  und feurige Kohlen .","Und es donnerte HERR  in den Himmeln, und der Höchste ließ  seine Stimme erschallen-Hagel  und feurige Kohlen ."
Ps.18.15,7,schoß,spelling-context,Kontextabhängige Schreibung/modernes Homograph; unverändert prüfen.,"Und er schoß seine Pfeile  und zerstreute sie , und er schleuderte Blitze  und verwirrte sie.","Und er schoß seine Pfeile  und zerstreute sie , und er schleuderte Blitze  und verwirrte sie."
Ps.18.16,124,Jehova,divine-name-syntax,Subjekt/Objekt/Anrede ohne eindeutiges Regelsignal; Artikel und Kasus prüfen.,"Und es wurden gesehen  die Betten der Wasser , und die Grundfesten  des Erdkreises wurden aufgedeckt  vor deinem Schelten , Jehova , vor dem Schnauben  des Hauches deiner Nase .","Und es wurden gesehen  die Betten der Wasser , und die Grundfesten  des Erdkreises wurden aufgedeckt  vor deinem Schelten , HERR , vor dem Schnauben  des Hauches deiner Nase ."
Ps.18.19,50,Jehova,divine-name-syntax,Subjekt/Objekt/Anrede ohne eindeutiges Regelsignal; Artikel und Kasus prüfen.,"Sie ereilten mich am Tage  meines Unglücks , aber Jehova  ward mir zur Stütze.","Sie ereilten mich am Tage  meines Unglücks , aber HERR  ward mir zur Stütze."
Ps.18.21,9,Jehova,divine-name-syntax,Subjekt/Objekt/Anrede ohne eindeutiges Regelsignal; Artikel und Kasus prüfen.,"
        Jehova  vergalt mir  nach meiner Gerechtigkeit , nach der Reinheit meiner Hände  erstattete er mir.","
        HERR  vergalt mir  nach meiner Gerechtigkeit , nach der Reinheit meiner Hände  erstattete er mir."
Ps.18.25,4,Jehova,divine-name-syntax,Subjekt/Objekt/Anrede ohne eindeutiges Regelsignal; Artikel und Kasus prüfen.,"Und Jehova  erstattete mir  nach meiner Gerechtigkeit , nach der Reinheit meiner Hände  vor seinen Augen .","Und HERR  erstattete mir  nach meiner Gerechtigkeit , nach der Reinheit meiner Hände  vor seinen Augen ."
Ps.18.29,44,Jehova,divine-name-syntax,Subjekt/Objekt/Anrede ohne eindeutiges Regelsignal; Artikel und Kasus prüfen.,"Denn du, du machst meine Leuchte scheinen ; Jehova , mein Gott , erhellt meine Finsternis .","Denn du, du machst meine Leuchte scheinen ; HERR , mein Gott , erhellt meine Finsternis ."
Ps.19.15,89,Jehova,divine-name-syntax,Subjekt/Objekt/Anrede ohne eindeutiges Regelsignal; Artikel und Kasus prüfen.,"Laß die Reden  meines Mundes  und das Sinnen meines Herzens  wohlgefällig vor  dir sein, Jehova , mein Fels  und mein Erlöser !","Lass die Reden  meines Mundes  und das Sinnen meines Herzens  wohlgefällig vor  dir sein, HERR , mein Fels  und mein Erlöser !"
Ps.20.2,9,Jehova,divine-name-syntax,Subjekt/Objekt/Anrede ohne eindeutiges Regelsignal; Artikel und Kasus prüfen.,"
        Jehova 
        erhöre 
        dich  am Tage  der Drangsal, der Name  des Gottes Jakobs  setze dich in Sicherheit;","
        HERR 
        erhöre 
        dich  am Tage  der Drangsal, der Name  des Gottes Jakobs  setze dich in Sicherheit;"
Ps.20.6,88,Jehova,divine-name-syntax,Subjekt/Objekt/Anrede ohne eindeutiges Regelsignal; Artikel und Kasus prüfen.,"Jubeln wollen wir über deine Rettung, und im Namen  unseres Gottes  das Panier erheben. Jehova  erfülle alle deine Bitten !","Jubeln wollen wir über deine Rettung, und im Namen  unseres Gottes  das Panier erheben. HERR  erfülle alle deine Bitten !"
Ps.21.2,18,Jehova,divine-name-syntax,Subjekt/Objekt/Anrede ohne eindeutiges Regelsignal; Artikel und Kasus prüfen.,"In deiner Kraft , Jehova , freut sich der König , und wie sehr  frohlockt er über deine Rettung!","In deiner Kraft , HERR , freut sich der König , und wie sehr  frohlockt er über deine Rettung!"
Ps.21.8,9,Jehova,divine-name-syntax,Subjekt/Objekt/Anrede ohne eindeutiges Regelsignal; Artikel und Kasus prüfen.,"Denn auf Jehova  vertraut der König , und durch des Höchsten Güte wird  er nicht wanken.","Denn auf HERR  vertraut der König , und durch des Höchsten Güte wird  er nicht wanken."
Ps.21.14,14,Jehova,divine-name-syntax,Subjekt/Objekt/Anrede ohne eindeutiges Regelsignal; Artikel und Kasus prüfen.,"Erhebe dich , Jehova , in deiner Kraft ! Wir wollen singen  und Psalmen singen deiner Macht .","Erhebe dich , HERR , in deiner Kraft ! Wir wollen singen  und Psalmen singen deiner Macht ."
Ps.22.24,13,Jehova,divine-name-syntax,Subjekt/Objekt/Anrede ohne eindeutiges Regelsignal; Artikel und Kasus prüfen.,"Ihr, die ihr Jehova fürchtet , lobet  ihn; aller Same Jakobs , verherrlichet ihn, und scheuet euch vor ihm , aller Same Israels !","Ihr, die ihr HERR fürchtet , lobet  ihn; aller Same Jakobs , verherrlichet ihn, und scheuet euch vor ihm , aller Same Israels !"
Ps.24.8,41,Jehova,divine-name-syntax,Subjekt/Objekt/Anrede ohne eindeutiges Regelsignal; Artikel und Kasus prüfen.,"Wer ist dieser König  der Herrlichkeit ? Jehova , stark  und mächtig ! Jehova , mächtig  im Kampf!","Wer ist dieser König  der Herrlichkeit ? HERR , stark  und mächtig ! HERR , mächtig  im Kampf!"
Ps.24.8,71,Jehova,divine-name-syntax,Subjekt/Objekt/Anrede ohne eindeutiges Regelsignal; Artikel und Kasus prüfen.,"Wer ist dieser König  der Herrlichkeit ? Jehova , stark  und mächtig ! Jehova , mächtig  im Kampf!","Wer ist dieser König  der Herrlichkeit ? HERR , stark  und mächtig ! HERR , mächtig  im Kampf!"
Ps.24.10,45,Jehova,divine-name-syntax,Subjekt/Objekt/Anrede ohne eindeutiges Regelsignal; Artikel und Kasus prüfen.,"Wer ist er, dieser König  der Herrlichkeit ? Jehova  der Heerscharen , er ist der König  der Herrlichkeit ! ( Sela .) ","Wer ist er, dieser König  der Herrlichkeit ? HERR  der Heerscharen , er ist der König  der Herrlichkeit ! ( Sela .) "
Ps.25.1,20,Jehova,divine-name-syntax,Subjekt/Objekt/Anrede ohne eindeutiges Regelsignal; Artikel und Kasus prüfen.,"Von David . Zu dir, Jehova , erhebe  ich meine Seele .","Von David . Zu dir, HERR , erhebe  ich meine Seele ."
Ps.25.4,13,Jehova,divine-name-syntax,Subjekt/Objekt/Anrede ohne eindeutiges Regelsignal; Artikel und Kasus prüfen.,"Deine Wege , Jehova , tue mir kund , deine Pfade lehre  mich!","Deine Wege , HERR , tue mir kund , deine Pfade lehre  mich!"
Ps.25.6,38,Jehova,divine-name-syntax,Subjekt/Objekt/Anrede ohne eindeutiges Regelsignal; Artikel und Kasus prüfen.,"
        Gedenke  deiner Erbarmungen, Jehova , und  deiner Gütigkeiten; denn von Ewigkeit  her sind sie.","
        Gedenke  deiner Erbarmungen, HERR , und  deiner Gütigkeiten; denn von Ewigkeit  her sind sie."
Ps.25.11,26,Jehova,divine-name-syntax,Subjekt/Objekt/Anrede ohne eindeutiges Regelsignal; Artikel und Kasus prüfen.,"Um deines Namens  willen, Jehova , wirst du ja vergeben  meine Ungerechtigkeit ; denn sie ist groß .","Um deines Namens  willen, HERR , wirst du ja vergeben  meine Ungerechtigkeit ; denn sie ist groß ."
Ps.25.15,29,Jehova,divine-name-syntax,Subjekt/Objekt/Anrede ohne eindeutiges Regelsignal; Artikel und Kasus prüfen.,Meine Augen  sind stets  auf Jehova  gerichtet; denn er wird meine Füße  herausführen aus  dem Netze .,Meine Augen  sind stets  auf HERR  gerichtet; denn er wird meine Füße  herausführen aus  dem Netze .
Ps.26.1,26,Jehova,divine-name-syntax,Subjekt/Objekt/Anrede ohne eindeutiges Regelsignal; Artikel und Kasus prüfen.,"Von David . Richte  mich, Jehova ! Denn in meiner Lauterkeit habe ich gewandelt ; und auf Jehova  habe ich vertraut, ich werde nicht wanken .","Von David . Richte  mich, HERR ! Denn in meiner Lauterkeit habe ich gewandelt ; und auf HERR  habe ich vertraut, ich werde nicht wanken ."
Ps.26.1,90,Jehova,divine-name-syntax,Subjekt/Objekt/Anrede ohne eindeutiges Regelsignal; Artikel und Kasus prüfen.,"Von David . Richte  mich, Jehova ! Denn in meiner Lauterkeit habe ich gewandelt ; und auf Jehova  habe ich vertraut, ich werde nicht wanken .","Von David . Richte  mich, HERR ! Denn in meiner Lauterkeit habe ich gewandelt ; und auf HERR  habe ich vertraut, ich werde nicht wanken ."
Ps.26.2,22,Jehova,divine-name-syntax,Subjekt/Objekt/Anrede ohne eindeutiges Regelsignal; Artikel und Kasus prüfen.,"
        Prüfe  mich, Jehova , und erprobe mich; läutere  meine Nieren  und mein Herz !","
        Prüfe  mich, HERR , und erprobe mich; läutere  meine Nieren  und mein Herz !"
Ps.26.8,9,Jehova,divine-name-syntax,Subjekt/Objekt/Anrede ohne eindeutiges Regelsignal; Artikel und Kasus prüfen.,"
        Jehova , ich habe  geliebt die Wohnung  deines Hauses  und den Wohnort deiner Herrlichkeit .","
        HERR , ich habe  geliebt die Wohnung  deines Hauses  und den Wohnort deiner Herrlichkeit ."
Ps.26.12,35,Jehova,divine-name-syntax,Subjekt/Objekt/Anrede ohne eindeutiges Regelsignal; Artikel und Kasus prüfen.,Mein Fuß  steht auf  ebenem Boden: Jehova  werde ich preisen in den Versammlungen .,Mein Fuß  steht auf  ebenem Boden: HERR  werde ich preisen in den Versammlungen .
Ps.27.8,86,Jehova,divine-name-syntax,Subjekt/Objekt/Anrede ohne eindeutiges Regelsignal; Artikel und Kasus prüfen.,"Von dir hat mein Herz gesagt : Du  sprichst: Suchet mein Angesicht ! Dein Angesicht , Jehova , suche  ich.","Von dir hat mein Herz gesagt : Du  sprichst: Suchet mein Angesicht ! Dein Angesicht , HERR , suche  ich."
Ps.27.10,73,Jehova,divine-name-syntax,Subjekt/Objekt/Anrede ohne eindeutiges Regelsignal; Artikel und Kasus prüfen.,"Denn hätten mein Vater  und meine Mutter  mich verlassen , so nähme doch Jehova  mich auf .","Denn hätten mein Vater  und meine Mutter  mich verlassen , so nähme doch HERR  mich auf ."
Ps.27.14,20,Jehova,divine-name-syntax,Subjekt/Objekt/Anrede ohne eindeutiges Regelsignal; Artikel und Kasus prüfen.,"
        Harre  auf Jehova ! Sei stark , und  dein Herz  fasse Mut, und harre  auf Jehova !","
        Harre  auf HERR ! Sei stark , und  dein Herz  fasse Mut, und harre  auf HERR !"
Ps.27.14,83,Jehova,divine-name-syntax,Subjekt/Objekt/Anrede ohne eindeutiges Regelsignal; Artikel und Kasus prüfen.,"
        Harre  auf Jehova ! Sei stark , und  dein Herz  fasse Mut, und harre  auf Jehova !","
        Harre  auf HERR ! Sei stark , und  dein Herz  fasse Mut, und harre  auf HERR !"
Ps.28.1,20,Jehova,divine-name-syntax,Subjekt/Objekt/Anrede ohne eindeutiges Regelsignal; Artikel und Kasus prüfen.,"Von David . Zu dir, Jehova  rufe ich; mein Fels , wende dich nicht  schweigend von mir ab, damit nicht , wenn du  gegen mich verstummst, ich denen gleich sei, die  in die Grube  hinabfahren!","Von David . Zu dir, HERR  rufe ich; mein Fels , wende dich nicht  schweigend von mir ab, damit nicht , wenn du  gegen mich verstummst, ich denen gleich sei, die  in die Grube  hinabfahren!"
Ps.29.2,54,Jehova,divine-name-syntax,Subjekt/Objekt/Anrede ohne eindeutiges Regelsignal; Artikel und Kasus prüfen.,Gebet Jehova  die Herrlichkeit  seines Namens ; betet Jehova an  in heiliger Pracht!,Gebet dem HERRN  die Herrlichkeit  seines Namens ; betet HERR an  in heiliger Pracht!
Ps.29.3,79,Jehova,divine-name-syntax,Subjekt/Objekt/Anrede ohne eindeutiges Regelsignal; Artikel und Kasus prüfen.,"Die Stimme  Jehovas ist auf den Wassern ; der Gott  der Herrlichkeit donnert , Jehova auf großen Wassern .","Die Stimme  des HERRN ist auf den Wassern ; der Gott  der Herrlichkeit donnert , HERR auf großen Wassern ."
Ps.29.5,43,Jehova,divine-name-syntax,Subjekt/Objekt/Anrede ohne eindeutiges Regelsignal; Artikel und Kasus prüfen.,"Die Stimme  Jehovas zerbricht Zedern , ja, Jehova zerbricht  die Zedern  des Libanon ;","Die Stimme  des HERRN zerbricht Zedern , ja, HERR zerbricht  die Zedern  des Libanon ;"
Ps.29.8,44,Jehova,divine-name-syntax,Subjekt/Objekt/Anrede ohne eindeutiges Regelsignal; Artikel und Kasus prüfen.,"Die Stimme  Jehovas erschüttert die Wüste , Jehova erschüttert die Wüste Kades .","Die Stimme  des HERRN erschüttert die Wüste , HERR erschüttert die Wüste Kades ."
Ps.30.2,24,Jehova,divine-name-syntax,Subjekt/Objekt/Anrede ohne eindeutiges Regelsignal; Artikel und Kasus prüfen.,"Ich will dich erheben , Jehova , denn du hast mich emporgezogen und hast nicht über mich sich freuen  lassen meine Feinde .","Ich will dich erheben , HERR , denn du hast mich emporgezogen und hast nicht über mich sich freuen  lassen meine Feinde ."
Ps.30.3,9,Jehova,divine-name-syntax,Subjekt/Objekt/Anrede ohne eindeutiges Regelsignal; Artikel und Kasus prüfen.,"
        Jehova , mein Gott ! Zu dir  habe ich geschrieen, und du hast mich geheilt.","
        HERR , mein Gott ! Zu dir  habe ich geschrieen, und du hast mich geheilt."
Ps.30.5,15,Jehova,divine-name-syntax,Subjekt/Objekt/Anrede ohne eindeutiges Regelsignal; Artikel und Kasus prüfen.,"Singet Psalmen Jehova , ihr seine Frommen, und preiset sein heiliges Gedächtnis !","Singet Psalmen HERR , ihr seine Frommen, und preiset sein heiliges Gedächtnis !"
Ps.30.8,9,Jehova,divine-name-syntax,Subjekt/Objekt/Anrede ohne eindeutiges Regelsignal; Artikel und Kasus prüfen.,"
        Jehova ! In deiner Gunst hattest du  festgestellt meinen Berg ; du  verbargst dein Angesicht , ich ward bestürzt.","
        HERR ! In deiner Gunst hattest du  festgestellt meinen Berg ; du  verbargst dein Angesicht , ich ward bestürzt."
Ps.30.13,53,Jehova,divine-name-syntax,Subjekt/Objekt/Anrede ohne eindeutiges Regelsignal; Artikel und Kasus prüfen.,"auf daß meine Seele dich besinge und nicht schweige. Jehova , mein Gott , in Ewigkeit  werde ich  dich preisen!","auf dass meine Seele dich besinge und nicht schweige. HERR , mein Gott , in Ewigkeit  werde ich  dich preisen!"
Ps.31.7,81,Jehova,divine-name-syntax,Subjekt/Objekt/Anrede ohne eindeutiges Regelsignal; Artikel und Kasus prüfen.,"Gehaßt habe ich die , welche auf nichtige Götzen  achten, und ich , ich habe auf Jehova  vertraut.","Gehasst habe ich die , welche auf nichtige Götzen  achten, und ich , ich habe auf HERR  vertraut."
Ps.31.10,17,Jehova,divine-name-syntax,Subjekt/Objekt/Anrede ohne eindeutiges Regelsignal; Artikel und Kasus prüfen.,"Sei mir gnädig , Jehova ! Denn ich bin in Bedrängnis; vor  Gram verfällt mein Auge, meine Seele  und mein Bauch .","Sei mir gnädig , HERR ! Denn ich bin in Bedrängnis; vor  Gram verfällt mein Auge, meine Seele  und mein Bauch ."
Ps.31.15,39,Jehova,divine-name-syntax,Subjekt/Objekt/Anrede ohne eindeutiges Regelsignal; Artikel und Kasus prüfen.,"Ich aber, ich habe auf dich  vertraut, Jehova ; ich sagte : Du bist mein Gott !","Ich aber, ich habe auf dich  vertraut, HERR ; ich sagte : Du bist mein Gott !"
Ps.31.24,77,Jehova,divine-name-syntax,Subjekt/Objekt/Anrede ohne eindeutiges Regelsignal; Artikel und Kasus prüfen.,"
        Liebet 
        Jehova , ihr seine Frommen alle! Die Treuen behütet Jehova , und vergilt  reichlich dem, der Hochmut übt .","
        Liebet 
        den HERRN , ihr seine Frommen alle! Die Treuen behütet HERR , und vergilt  reichlich dem, der Hochmut übt ."
Ps.31.25,58,Jehova,divine-name-syntax,Subjekt/Objekt/Anrede ohne eindeutiges Regelsignal; Artikel und Kasus prüfen.,"Seid stark , und  euer Herz  fasse Mut, alle, die ihr auf Jehova harret !","Seid stark , und  euer Herz  fasse Mut, alle, die ihr auf HERR harret !"
Ps.32.5,110,Jehova,divine-name-syntax,Subjekt/Objekt/Anrede ohne eindeutiges Regelsignal; Artikel und Kasus prüfen.,"
        Ich  tat dir kund  meine Sünde  und habe meine Ungerechtigkeit nicht zugedeckt. Ich sagte : Ich will Jehova  meine Übertretungen bekennen ; und du, du hast vergeben  die Ungerechtigkeit meiner Sünde . ( Sela .) ","
        Ich  tat dir kund  meine Sünde  und habe meine Ungerechtigkeit nicht zugedeckt. Ich sagte : Ich will HERR  meine Übertretungen bekennen ; und du, du hast vergeben  die Ungerechtigkeit meiner Sünde . ( Sela .) "
Ps.32.10,68,Jehova,divine-name-syntax,Subjekt/Objekt/Anrede ohne eindeutiges Regelsignal; Artikel und Kasus prüfen.,"
        Viele 
        Schmerzen  hat der Gesetzlose; wer aber auf Jehova  vertraut, den wird Güte umgeben .","
        Viele 
        Schmerzen  hat der Gesetzlose; wer aber auf HERR  vertraut, den wird Güte umgeben ."
Ps.33.20,25,Jehova,divine-name-syntax,Subjekt/Objekt/Anrede ohne eindeutiges Regelsignal; Artikel und Kasus prüfen.,Unsere Seele  wartet auf Jehova ; unsere Hilfe  und unser Schild  ist er.,Unsere Seele  wartet auf HERR ; unsere Hilfe  und unser Schild  ist er.
Ps.34.4,8,Jehova,divine-name-syntax,Subjekt/Objekt/Anrede ohne eindeutiges Regelsignal; Artikel und Kasus prüfen.,"Erhebet Jehova  mit mir, und lasset uns miteinander erhöhen  seinen Namen !","Erhebet HERR  mit mir, und lasset uns miteinander erhöhen  seinen Namen !"
Ps.34.11,43,Jehova,divine-name-syntax,Subjekt/Objekt/Anrede ohne eindeutiges Regelsignal; Artikel und Kasus prüfen.,"Junge Löwen darben  und hungern , aber die Jehova suchen , ermangeln keines Guten .","Junge Löwen darben  und hungern , aber die HERR suchen , ermangeln keines Guten ."
Ps.34.20,98,Jehova,divine-name-syntax,Subjekt/Objekt/Anrede ohne eindeutiges Regelsignal; Artikel und Kasus prüfen.,"
        Viele  sind der Widerwärtigkeiten des Gerechten , aber aus allen denselben errettet  ihn Jehova ;","
        Viele  sind der Widerwärtigkeiten des Gerechten , aber aus allen denselben errettet  ihn HERR ;"
Ps.34.23,9,Jehova,divine-name-syntax,Subjekt/Objekt/Anrede ohne eindeutiges Regelsignal; Artikel und Kasus prüfen.,"
        Jehova  erlöst die Seele  seiner Knechte ; und alle, die auf ihn trauen , werden nicht  büßen.","
        HERR  erlöst die Seele  seiner Knechte ; und alle, die auf ihn trauen , werden nicht  büßen."
Ps.35.1,22,Jehova,divine-name-syntax,Subjekt/Objekt/Anrede ohne eindeutiges Regelsignal; Artikel und Kasus prüfen.,"Von David . Streite , Jehova , mit denen, die wider mich streiten , kämpfe mit denen, die mich bekämpfen!","Von David . Streite , HERR , mit denen, die wider mich streiten , kämpfe mit denen, die mich bekämpfen!"
Ps.35.10,34,Jehova,divine-name-syntax,Subjekt/Objekt/Anrede ohne eindeutiges Regelsignal; Artikel und Kasus prüfen.,"Alle meine Gebeine  werden sagen: Jehova , wer ist  wie du! Der du den Elenden errettest  von dem, der stärker ist als er , und den Elenden  und Armen  von dem, der ihn beraubt.","Alle meine Gebeine  werden sagen: HERR , wer ist  wie du! Der du den Elenden errettest  von dem, der stärker ist als er , und den Elenden  und Armen  von dem, der ihn beraubt."
Ps.35.22,31,Jehova,divine-name-syntax,Subjekt/Objekt/Anrede ohne eindeutiges Regelsignal; Artikel und Kasus prüfen.,"
        Du  hast es gesehen , Jehova; schweige nicht ! Herr , sei nicht fern  von mir!","
        Du  hast es gesehen , HERR; schweige nicht ! Herr , sei nicht fern  von mir!"
Ps.36.6,9,Jehova,divine-name-syntax,Subjekt/Objekt/Anrede ohne eindeutiges Regelsignal; Artikel und Kasus prüfen.,"
        Jehova ! An die Himmel  reicht deine Güte , bis zu den Wolken  deine Treue .","
        HERR ! An die Himmel  reicht deine Güte , bis zu den Wolken  deine Treue ."
Ps.37.4,20,Jehova,divine-name-syntax,Subjekt/Objekt/Anrede ohne eindeutiges Regelsignal; Artikel und Kasus prüfen.,und ergötze dich an Jehova : so wird er dir geben  die Bitten  deines Herzens .,und ergötze dich an HERR : so wird er dir geben  die Bitten  deines Herzens .
Ps.37.5,26,Jehova,divine-name-syntax,Subjekt/Objekt/Anrede ohne eindeutiges Regelsignal; Artikel und Kasus prüfen.,"
        Befiehl 
        Jehova  deinen Weg und  vertraue auf  ihn! Und er wird handeln;","
        Befiehl 
        HERR  deinen Weg und  vertraue auf  ihn! Und er wird handeln;"
Ps.37.9,60,Jehova,divine-name-syntax,Subjekt/Objekt/Anrede ohne eindeutiges Regelsignal; Artikel und Kasus prüfen.,"Denn die Übeltäter werden  ausgerottet werden; aber die auf Jehova hoffen , diese werden das Land besitzen .","Denn die Übeltäter werden  ausgerottet werden; aber die auf HERR hoffen , diese werden das Land besitzen ."
Ps.37.17,63,Jehova,divine-name-syntax,Subjekt/Objekt/Anrede ohne eindeutiges Regelsignal; Artikel und Kasus prüfen.,"Denn die Arme  der Gesetzlosen werden zerbrochen  werden, aber Jehova  stützt die Gerechten .","Denn die Arme  der Gesetzlosen werden zerbrochen  werden, aber HERR  stützt die Gerechten ."
Ps.37.24,56,Jehova,divine-name-syntax,Subjekt/Objekt/Anrede ohne eindeutiges Regelsignal; Artikel und Kasus prüfen.,"wenn er fällt , wird er nicht hingestreckt werden, denn Jehova  stützt seine Hand .","wenn er fällt , wird er nicht hingestreckt werden, denn HERR  stützt seine Hand ."
Ps.37.28,5,Jehova,divine-name-syntax,Subjekt/Objekt/Anrede ohne eindeutiges Regelsignal; Artikel und Kasus prüfen.,"Denn Jehova liebt  das Recht  und wird seine Frommen nicht verlassen ; ewig werden sie  bewahrt, aber der Same  der Gesetzlosen wird ausgerottet.","Denn HERR liebt  das Recht  und wird seine Frommen nicht verlassen ; ewig werden sie  bewahrt, aber der Same  der Gesetzlosen wird ausgerottet."
Ps.37.34,37,Jehova,divine-name-syntax,Subjekt/Objekt/Anrede ohne eindeutiges Regelsignal; Artikel und Kasus prüfen.,"
        Harre 
        auf 
        Jehova  und bewahre seinen Weg , und er wird dich  erhöhen, das Land zu besitzen . Wenn die Gesetzlosen ausgerottet werden , wirst du zusehen.","
        Harre 
        auf 
        HERR  und bewahre seinen Weg , und er wird dich  erhöhen, das Land zu besitzen . Wenn die Gesetzlosen ausgerottet werden , wirst du zusehen."
Ps.38.2,9,Jehova,divine-name-syntax,Subjekt/Objekt/Anrede ohne eindeutiges Regelsignal; Artikel und Kasus prüfen.,"
        Jehova , strafe  mich nicht in deinem Zorn , noch züchtige  mich in deinem Grimm !","
        HERR , strafe  mich nicht in deinem Zorn , noch züchtige  mich in deinem Grimm !"
Ps.38.16,15,Jehova,divine-name-syntax,Subjekt/Objekt/Anrede ohne eindeutiges Regelsignal; Artikel und Kasus prüfen.,"Denn auf dich, Jehova, harre  ich; du, du wirst antworten , Herr , mein Gott .","Denn auf dich, HERR, harre  ich; du, du wirst antworten , Herr , mein Gott ."
Ps.38.22,29,Jehova,divine-name-syntax,Subjekt/Objekt/Anrede ohne eindeutiges Regelsignal; Artikel und Kasus prüfen.,"
        Verlaß  mich nicht, Jehova ; mein Gott , sei nicht fern  von mir!","
        Verlass  mich nicht, HERR ; mein Gott , sei nicht fern  von mir!"
Ps.39.5,15,Jehova,divine-name-syntax,Subjekt/Objekt/Anrede ohne eindeutiges Regelsignal; Artikel und Kasus prüfen.,"Tue mir kund , Jehova , mein Ende , und das Maß  meiner Tage , welches es ist, daß ich wisse , wie vergänglich ich bin!","Tue mir kund , HERR , mein Ende , und das Maß  meiner Tage , welches es ist, dass ich wisse , wie vergänglich ich bin!"
Ps.39.13,28,Jehova,divine-name-syntax,Subjekt/Objekt/Anrede ohne eindeutiges Regelsignal; Artikel und Kasus prüfen.,"
        Höre  mein Gebet , Jehova , und nimm zu Ohren mein Schreien ; schweige nicht  zu meinen Tränen ! Denn ein Fremdling  bin ich bei dir, ein Beisasse wie alle meine Väter .","
        Höre  mein Gebet , HERR , und nimm zu Ohren mein Schreien ; schweige nicht  zu meinen Tränen ! Denn ein Fremdling  bin ich bei dir, ein Beisasse wie alle meine Väter ."
Ps.40.2,24,Jehova,divine-name-syntax,Subjekt/Objekt/Anrede ohne eindeutiges Regelsignal; Artikel und Kasus prüfen.,"Beharrlich habe ich auf Jehova  geharrt, und er hat  sich zu mir geneigt und mein Schreien  gehört.","Beharrlich habe ich auf HERR  geharrt, und er hat  sich zu mir geneigt und mein Schreien  gehört."
Ps.40.4,143,Jehova,divine-name-syntax,Subjekt/Objekt/Anrede ohne eindeutiges Regelsignal; Artikel und Kasus prüfen.,"
        und  in meinen Mund  hat er  gelegt ein neues Lied , einen Lobgesang unserem Gott . Viele werden  es sehen und sich  fürchten und auf Jehova  vertrauen.","
        und  in meinen Mund  hat er  gelegt ein neues Lied , einen Lobgesang unserem Gott . Viele werden  es sehen und sich  fürchten und auf HERR  vertrauen."
Ps.40.6,76,Jehova,divine-name-syntax,Subjekt/Objekt/Anrede ohne eindeutiges Regelsignal; Artikel und Kasus prüfen.,"Vielfach hast du  deine Wundertaten und deine Gedanken  gegen uns erwiesen, Jehova , mein Gott ; nicht kann man sie  der Reihe nach dir vorstellen. Wollte ich davon berichten und reden , es sind  ihrer zu viele , um sie aufzuzählen.","Vielfach hast du  deine Wundertaten und deine Gedanken  gegen uns erwiesen, HERR , mein Gott ; nicht kann man sie  der Reihe nach dir vorstellen. Wollte ich davon berichten und reden , es sind  ihrer zu viele , um sie aufzuzählen."
Ps.40.14,19,Jehova,divine-name-syntax,Subjekt/Objekt/Anrede ohne eindeutiges Regelsignal; Artikel und Kasus prüfen.,"Laß dir gefallen , Jehova , mich zu erretten ! Jehova , eile  zu meiner Hilfe !","Lass dir gefallen , HERR , mich zu erretten ! HERR , eile  zu meiner Hilfe !"
Ps.40.14,47,Jehova,divine-name-syntax,Subjekt/Objekt/Anrede ohne eindeutiges Regelsignal; Artikel und Kasus prüfen.,"Laß dir gefallen , Jehova , mich zu erretten ! Jehova , eile  zu meiner Hilfe !","Lass dir gefallen , HERR , mich zu erretten ! HERR , eile  zu meiner Hilfe !"
Ps.46.8,9,Jehova,divine-name-syntax,Subjekt/Objekt/Anrede ohne eindeutiges Regelsignal; Artikel und Kasus prüfen.,"
        Jehova  der Heerscharen  ist mit uns, eine hohe Feste  ist uns der Gott Jakobs . ( Sela .) ","
        HERR  der Heerscharen  ist mit uns, eine hohe Feste  ist uns der Gott Jakobs . ( Sela .) "
Ps.46.12,9,Jehova,divine-name-syntax,Subjekt/Objekt/Anrede ohne eindeutiges Regelsignal; Artikel und Kasus prüfen.,"
        Jehova  der Heerscharen  ist mit uns, eine hohe Feste  ist uns der Gott Jakobs . ( Sela .) ","
        HERR  der Heerscharen  ist mit uns, eine hohe Feste  ist uns der Gott Jakobs . ( Sela .) "
Ps.47.3,5,Jehova,divine-name-syntax,Subjekt/Objekt/Anrede ohne eindeutiges Regelsignal; Artikel und Kasus prüfen.,"Denn Jehova , der Höchste , ist furchtbar, ein großer König  über die ganze Erde .","Denn HERR , der Höchste , ist furchtbar, ein großer König  über die ganze Erde ."
Ps.47.6,51,Jehova,divine-name-syntax,Subjekt/Objekt/Anrede ohne eindeutiges Regelsignal; Artikel und Kasus prüfen.,"
        Gott  ist emporgestiegen unter Jauchzen , Jehova  unter Posaunenschall.","
        Gott  ist emporgestiegen unter Jauchzen , HERR  unter Posaunenschall."
Ps.54.8,83,Jehova,divine-name-syntax,Subjekt/Objekt/Anrede ohne eindeutiges Regelsignal; Artikel und Kasus prüfen.,"
        Opfern  will ich  dir mit Freiwilligkeit; deinen Namen  will ich preisen, Jehova , denn er ist gut .","
        Opfern  will ich  dir mit Freiwilligkeit; deinen Namen  will ich preisen, HERR , denn er ist gut ."
Ps.55.23,19,Jehova,divine-name-syntax,Subjekt/Objekt/Anrede ohne eindeutiges Regelsignal; Artikel und Kasus prüfen.,"
        Wirf  auf Jehova , was dir auferlegt ist, und er wird  dich erhalten; er wird nimmermehr  zulassen, daß der Gerechte  wanke!","
        Wirf  auf HERR , was dir auferlegt ist, und er wird  dich erhalten; er wird nimmermehr  zulassen, dass der Gerechte  wanke!"
Ps.58.9,92,Weibes,gender-agreement,Nominalgruppe regelbasiert angepasst; längere Pronomenbezüge/Satzkongruenz prüfen.,"Laß sie sein gleich der Schnecke , die zerschmelzend dahingeht, gleich der Fehlgeburt eines Weibes , welche die Sonne  nie erblickt hat !","Lass sie sein gleich der Schnecke , die zerschmelzend dahingeht, gleich der Fehlgeburt einer Frau , welche die Sonne  nie erblickt hat !"
Ps.59.9,9,Jehova,divine-name-syntax,Subjekt/Objekt/Anrede ohne eindeutiges Regelsignal; Artikel und Kasus prüfen.,"Du aber, Jehova , wirst ihrer lachen , wirst spotten  aller Nationen.","Du aber, HERR , wirst ihrer lachen , wirst spotten  aller Nationen."
Ps.69.7,69,Jehova,divine-name-syntax,Subjekt/Objekt/Anrede ohne eindeutiges Regelsignal; Artikel und Kasus prüfen.,"Laß nicht durch mich  beschämt werden , die auf dich harren , Herr , Jehova der Heerscharen ! Laß nicht durch mich zu Schanden werden, die dich suchen , Gott Israels !","Lass nicht durch mich  beschämt werden , die auf dich harren , Herr , HERR der Heerscharen ! Lass nicht durch mich zu Schanden werden, die dich suchen , Gott Israels !"
Ps.69.14,44,Jehova,divine-name-syntax,Subjekt/Objekt/Anrede ohne eindeutiges Regelsignal; Artikel und Kasus prüfen.,"
        Ich  aber, mein Gebet  ist zu dir, Jehova , zur Zeit  der Annehmung. O Gott , nach der Größe deiner Güte, erhöre  mich nach der Wahrheit  deines Heils !","
        Ich  aber, mein Gebet  ist zu dir, HERR , zur Zeit  der Annehmung. O Gott , nach der Größe deiner Güte, erhöre  mich nach der Wahrheit  deines Heils !"
Ps.69.17,23,Jehova,divine-name-syntax,Subjekt/Objekt/Anrede ohne eindeutiges Regelsignal; Artikel und Kasus prüfen.,"
        Erhöre  mich, Jehova ! Denn gut  ist deine Güte ; wende  dich zu mir nach der Größe deiner Erbarmungen!","
        Erhöre  mich, HERR ! Denn gut  ist deine Güte ; wende  dich zu mir nach der Größe deiner Erbarmungen!"
Ps.70.2,42,Jehova,divine-name-syntax,Subjekt/Objekt/Anrede ohne eindeutiges Regelsignal; Artikel und Kasus prüfen.,"
        Eile , Gott , mich zu erretten , Jehova , zu meiner Hilfe !","
        Eile , Gott , mich zu erretten , HERR , zu meiner Hilfe !"
Ps.70.6,94,Jehova,divine-name-syntax,Subjekt/Objekt/Anrede ohne eindeutiges Regelsignal; Artikel und Kasus prüfen.,"Ich aber bin elend  und arm ; o Gott , eile  zu mir! Meine Hilfe  und mein Erretter  bist du; Jehova , zögere nicht !","Ich aber bin elend  und arm ; o Gott , eile  zu mir! Meine Hilfe  und mein Erretter  bist du; HERR , zögere nicht !"
Ps.71.5,37,Jehova,divine-name-syntax,Subjekt/Objekt/Anrede ohne eindeutiges Regelsignal; Artikel und Kasus prüfen.,"Denn du bist meine Hoffnung , Herr , Jehova; meine Zuversicht  von meiner Jugend  an.","Denn du bist meine Hoffnung , Herr , HERR; meine Zuversicht  von meiner Jugend  an."
Ps.71.16,48,Jehova,divine-name-syntax,Subjekt/Objekt/Anrede ohne eindeutiges Regelsignal; Artikel und Kasus prüfen.,"Ich werde kommen  mit den Machttaten des Herrn  Jehova, werde gedenken  deiner Gerechtigkeit , deiner allein.","Ich werde kommen  mit den Machttaten des Herrn  HERR, werde gedenken  deiner Gerechtigkeit , deiner allein."
Ps.73.28,93,Jehova,divine-name-syntax,Subjekt/Objekt/Anrede ohne eindeutiges Regelsignal; Artikel und Kasus prüfen.,"
        Ich  aber, Gott zu  nahen ist mir gut ; ich habe  meine Zuversicht  auf den Herrn , Jehova, gesetzt , um zu erzählen  alle deine Taten.","
        Ich  aber, Gott zu  nahen ist mir gut ; ich habe  meine Zuversicht  auf den Herrn , HERR, gesetzt , um zu erzählen  alle deine Taten."
Ps.76.8,56,sobald,spelling-context,Kontextabhängige Schreibung/modernes Homograph; unverändert prüfen.,"Du, du bist furchtbar, und wer kann vor  dir bestehen , sobald du erzürnst!","Du, du bist furchtbar, und wer kann vor  dir bestehen , sobald du erzürnst!"
Ps.76.12,35,Jehova,divine-name-syntax,Subjekt/Objekt/Anrede ohne eindeutiges Regelsignal; Artikel und Kasus prüfen.,"
        Tut  und bezahlet Gelübde Jehova , eurem Gott ; mögen alle, die rings um ihn her  sind, Geschenke  bringen dem Furchtbaren!","
        Tut  und bezahlet Gelübde HERR , eurem Gott ; mögen alle, die rings um ihn her  sind, Geschenke  bringen dem Furchtbaren!"
Ps.79.5,10,Jehova,divine-name-syntax,Subjekt/Objekt/Anrede ohne eindeutiges Regelsignal; Artikel und Kasus prüfen.,"Bis wann, Jehova ? Willst du immerfort zürnen , soll wie Feuer brennen  dein Eifer ?","Bis wann, HERR ? Willst du immerfort zürnen , soll wie Feuer brennen  dein Eifer ?"
Ps.80.5,9,Jehova,divine-name-syntax,Subjekt/Objekt/Anrede ohne eindeutiges Regelsignal; Artikel und Kasus prüfen.,"
        Jehova , Gott  der Heerscharen ! Bis wann raucht dein Zorn wider das Gebet  deines Volkes ?","
        HERR , Gott  der Heerscharen ! Bis wann raucht dein Zorn wider das Gebet  deines Volkes ?"
Ps.80.20,9,Jehova,divine-name-syntax,Subjekt/Objekt/Anrede ohne eindeutiges Regelsignal; Artikel und Kasus prüfen.,"
        Jehova , Gott  der Heerscharen ! Führe uns zurück; laß dein Angesicht leuchten , so werden wir  gerettet werden.","
        HERR , Gott  der Heerscharen ! Führe uns zurück; lass dein Angesicht leuchten , so werden wir  gerettet werden."
Ps.83.17,70,Jehova,divine-name-syntax,Subjekt/Objekt/Anrede ohne eindeutiges Regelsignal; Artikel und Kasus prüfen.,"
        Fülle  ihr Angesicht  mit Schande , damit sie deinen Namen , Jehova , suchen !","
        Fülle  ihr Angesicht  mit Schande , damit sie deinen Namen , HERR , suchen !"
Ps.84.2,37,Jehova,divine-name-syntax,Subjekt/Objekt/Anrede ohne eindeutiges Regelsignal; Artikel und Kasus prüfen.,"Wie lieblich  sind deine Wohnungen , Jehova  der Heerscharen !","Wie lieblich  sind deine Wohnungen , HERR  der Heerscharen !"
Ps.84.4,132,Jehova,divine-name-syntax,Subjekt/Objekt/Anrede ohne eindeutiges Regelsignal; Artikel und Kasus prüfen.,"Selbst der Sperling hat ein Haus gefunden , und die Schwalbe  ein Nest  für sich , wo sie  ihre Jungen  hingelegt... deine Altäre , Jehova  der Heerscharen, mein König  und mein Gott !","Selbst der Sperling hat ein Haus gefunden , und die Schwalbe  ein Nest  für sich , wo sie  ihre Jungen  hingelegt... deine Altäre , HERR  der Heerscharen, mein König  und mein Gott !"
Ps.84.13,9,Jehova,divine-name-syntax,Subjekt/Objekt/Anrede ohne eindeutiges Regelsignal; Artikel und Kasus prüfen.,"
        Jehova  der Heerscharen ! Glückselig der Mensch , der auf dich  vertraut!","
        HERR  der Heerscharen ! Glückselig der Mensch , der auf dich  vertraut!"
Ps.85.9,37,Jehova,divine-name-syntax,Subjekt/Objekt/Anrede ohne eindeutiges Regelsignal; Artikel und Kasus prüfen.,"
        Hören  will ich, was Gott , Jehova , reden  wird; denn Frieden  wird er reden  zu seinem Volke  und zu seinen Frommen, nur daß sie  nicht zur Torheit  zurückkehren!","
        Hören  will ich, was Gott , HERR , reden  wird; denn Frieden  wird er reden  zu seinem Volke  und zu seinen Frommen, nur dass sie  nicht zur Torheit  zurückkehren!"
Ps.86.6,15,Jehova,divine-name-syntax,Subjekt/Objekt/Anrede ohne eindeutiges Regelsignal; Artikel und Kasus prüfen.,"Nimm zu Ohren, Jehova , mein Gebet , und horche auf  die Stimme  meines Flehens !","Nimm zu Ohren, HERR , mein Gebet , und horche auf  die Stimme  meines Flehens !"
Ps.87.2,9,Jehova,divine-name-syntax,Subjekt/Objekt/Anrede ohne eindeutiges Regelsignal; Artikel und Kasus prüfen.,"
        Jehova 
        liebt  die Tore Zions  mehr als alle Wohnungen Jakobs .","
        HERR 
        liebt  die Tore Zions  mehr als alle Wohnungen Jakobs ."
Ps.88.2,9,Jehova,divine-name-syntax,Subjekt/Objekt/Anrede ohne eindeutiges Regelsignal; Artikel und Kasus prüfen.,"
        Jehova , Gott  meiner Rettung! Des Tages  habe ich geschrieen und des Nachts  vor dir.","
        HERR , Gott  meiner Rettung! Des Tages  habe ich geschrieen und des Nachts  vor dir."
Ps.88.10,44,Jehova,divine-name-syntax,Subjekt/Objekt/Anrede ohne eindeutiges Regelsignal; Artikel und Kasus prüfen.,"Mein Auge verschmachtet vor Elend ; zu dir, Jehova , habe ich jeden Tag gerufen , zu dir habe ich meine Hände  ausgebreitet.","Mein Auge verschmachtet vor Elend ; zu dir, HERR , habe ich jeden Tag gerufen , zu dir habe ich meine Hände  ausgebreitet."
Ps.88.14,10,Jehova,divine-name-syntax,Subjekt/Objekt/Anrede ohne eindeutiges Regelsignal; Artikel und Kasus prüfen.,"Ich aber, Jehova , schreie  zu dir, und am Morgen  kommt mein Gebet  dir zuvor.","Ich aber, HERR , schreie  zu dir, und am Morgen  kommt mein Gebet  dir zuvor."
Ps.88.15,7,Jehova,divine-name-syntax,Subjekt/Objekt/Anrede ohne eindeutiges Regelsignal; Artikel und Kasus prüfen.,"Warum, Jehova , verwirfst du  meine Seele , verbirgst  dein Angesicht  vor mir?","Warum, HERR , verwirfst du  meine Seele , verbirgst  dein Angesicht  vor mir?"
Ps.89.6,46,Jehova,divine-name-syntax,Subjekt/Objekt/Anrede ohne eindeutiges Regelsignal; Artikel und Kasus prüfen.,"Und die Himmel  werden deine Wunder preisen , Jehova , und deine Treue  in der Versammlung  der Heiligen .","Und die Himmel  werden deine Wunder preisen , HERR , und deine Treue  in der Versammlung  der Heiligen ."
Ps.89.9,9,Jehova,divine-name-syntax,Subjekt/Objekt/Anrede ohne eindeutiges Regelsignal; Artikel und Kasus prüfen.,"
        Jehova , Gott  der Heerscharen , wer ist mächtig wie du, o Jah? Und  deine Treue  ist rings um dich her .","
        HERR , Gott  der Heerscharen , wer ist mächtig wie du, o Jah? Und  deine Treue  ist rings um dich her ."
Ps.89.16,50,Jehova,divine-name-syntax,Subjekt/Objekt/Anrede ohne eindeutiges Regelsignal; Artikel und Kasus prüfen.,"Glückselig das Volk , das den Jubelschall kennt ! Jehova , im Lichte  deines Angesichts wandeln sie .","Glückselig das Volk , das den Jubelschall kennt ! HERR , im Lichte  deines Angesichts wandeln sie ."
Ps.89.47,10,Jehova,divine-name-syntax,Subjekt/Objekt/Anrede ohne eindeutiges Regelsignal; Artikel und Kasus prüfen.,"Bis wann, Jehova , willst du dich immerfort verbergen , soll wie Feuer brennen  dein Grimm ?","Bis wann, HERR , willst du dich immerfort verbergen , soll wie Feuer brennen  dein Grimm ?"
Ps.89.52,36,Jehova,divine-name-syntax,Subjekt/Objekt/Anrede ohne eindeutiges Regelsignal; Artikel und Kasus prüfen.,"womit deine Feinde  gehöhnt haben , Jehova , womit sie gehöhnt haben  die Fußstapfen deines Gesalbten !","womit deine Feinde  gehöhnt haben , HERR , womit sie gehöhnt haben  die Fußstapfen deines Gesalbten !"
Ps.90.13,15,Jehova,divine-name-syntax,Subjekt/Objekt/Anrede ohne eindeutiges Regelsignal; Artikel und Kasus prüfen.,"Kehre wieder , Jehova ! Bis wann? Und laß dich' s gereuen  über deine Knechte !","Kehre wieder , HERR ! Bis wann? Und lass dich' s gereuen  über deine Knechte !"
Ps.92.2,13,Jehova,divine-name-syntax,Subjekt/Objekt/Anrede ohne eindeutiges Regelsignal; Artikel und Kasus prüfen.,"Es ist gut , Jehova  zu preisen , und  Psalmen zu singen  deinem Namen , o Höchster !","Es ist gut , HERR  zu preisen , und  Psalmen zu singen  deinem Namen , o Höchster !"
Ps.92.5,28,Jehova,divine-name-syntax,Subjekt/Objekt/Anrede ohne eindeutiges Regelsignal; Artikel und Kasus prüfen.,"Denn du hast mich  erfreut, Jehova , durch dein Tun ; über die Werke  deiner Hände  will ich  jubeln.","Denn du hast mich  erfreut, HERR , durch dein Tun ; über die Werke  deiner Hände  will ich  jubeln."
Ps.92.6,29,Jehova,divine-name-syntax,Subjekt/Objekt/Anrede ohne eindeutiges Regelsignal; Artikel und Kasus prüfen.,"Wie groß  sind deine Werke , Jehova ! Sehr tief  sind deine Gedanken .","Wie groß  sind deine Werke , HERR ! Sehr tief  sind deine Gedanken ."
Ps.92.10,27,Jehova,divine-name-syntax,Subjekt/Objekt/Anrede ohne eindeutiges Regelsignal; Artikel und Kasus prüfen.,"Denn siehe, deine Feinde , Jehova , denn siehe, deine Feinde  werden umkommen ; es werden zerstreut  werden alle, die Frevel tun .","Denn siehe, deine Feinde , HERR , denn siehe, deine Feinde  werden umkommen ; es werden zerstreut  werden alle, die Frevel tun ."
Ps.93.3,16,Jehova,divine-name-syntax,Subjekt/Objekt/Anrede ohne eindeutiges Regelsignal; Artikel und Kasus prüfen.,"Ströme erhoben, Jehova , Ströme erhoben ihre Stimme , Ströme erhoben ihre Brandung.","Ströme erhoben, HERR , Ströme erhoben ihre Stimme , Ströme erhoben ihre Brandung."
Ps.93.4,9,Jehova,divine-name-syntax,Subjekt/Objekt/Anrede ohne eindeutiges Regelsignal; Artikel und Kasus prüfen.,"
        Jehova  in der Höhe  ist gewaltiger als die Stimmen großer Wasser , als die gewaltigen Wogen  des Meeres .","
        HERR  in der Höhe  ist gewaltiger als die Stimmen großer Wasser , als die gewaltigen Wogen  des Meeres ."
Ps.93.5,76,Jehova,divine-name-syntax,Subjekt/Objekt/Anrede ohne eindeutiges Regelsignal; Artikel und Kasus prüfen.,"Deine Zeugnisse  sind sehr  zuverlässig. Deinem Hause  geziemt Heiligkeit , Jehova , auf immerdar.","Deine Zeugnisse  sind sehr  zuverlässig. Deinem Hause  geziemt Heiligkeit , HERR , auf immerdar."
Ps.94.1,27,Jehova,divine-name-syntax,Subjekt/Objekt/Anrede ohne eindeutiges Regelsignal; Artikel und Kasus prüfen.,"
        Gott  der Rache , Jehova , Gott  der Rache , strahle hervor!","
        Gott  der Rache , HERR , Gott  der Rache , strahle hervor!"
Ps.94.3,33,Jehova,divine-name-syntax,Subjekt/Objekt/Anrede ohne eindeutiges Regelsignal; Artikel und Kasus prüfen.,"Bis wann werden die Gesetzlosen, Jehova , bis wann werden die Gesetzlosen frohlocken ,","Bis wann werden die Gesetzlosen, HERR , bis wann werden die Gesetzlosen frohlocken ,"
Ps.94.5,12,Jehova,divine-name-syntax,Subjekt/Objekt/Anrede ohne eindeutiges Regelsignal; Artikel und Kasus prüfen.,"Dein Volk , Jehova , zertreten und dein Erbteil  bedrücken sie.","Dein Volk , HERR , zertreten und dein Erbteil  bedrücken sie."
Ps.94.12,41,Jehova,divine-name-syntax,Subjekt/Objekt/Anrede ohne eindeutiges Regelsignal; Artikel und Kasus prüfen.,"Glückselig der Mann , den du züchtigst , Jehova, und  den du belehrst aus deinem Gesetz ,","Glückselig der Mann , den du züchtigst , HERR, und  den du belehrst aus deinem Gesetz ,"
Ps.94.17,11,Jehova,divine-name-syntax,Subjekt/Objekt/Anrede ohne eindeutiges Regelsignal; Artikel und Kasus prüfen.,"Wäre nicht Jehova  mir eine Hilfe  gewesen, wenig  fehlte, so hätte im Schweigen gewohnt meine Seele .","Wäre nicht HERR  mir eine Hilfe  gewesen, wenig  fehlte, so hätte im Schweigen gewohnt meine Seele ."
Ps.94.23,123,Jehova,divine-name-syntax,Subjekt/Objekt/Anrede ohne eindeutiges Regelsignal; Artikel und Kasus prüfen.,"Und er läßt ihre Ungerechtigkeit auf sie  zurückkehren, und durch ihre Bosheit  wird er sie  vertilgen; vertilgen wird sie Jehova , unser Gott .","Und er lässt ihre Ungerechtigkeit auf sie  zurückkehren, und durch ihre Bosheit  wird er sie  vertilgen; vertilgen wird sie HERR , unser Gott ."
Ps.95.1,29,Jehova,divine-name-syntax,Subjekt/Objekt/Anrede ohne eindeutiges Regelsignal; Artikel und Kasus prüfen.,"
        Kommet , lasset uns Jehova  zujubeln, lasset uns zujauchzen dem Felsen  unseres Heils !","
        Kommet , lasset uns HERR  zujubeln, lasset uns zujauchzen dem Felsen  unseres Heils !"
Ps.96.9,6,Jehova,divine-name-syntax,Subjekt/Objekt/Anrede ohne eindeutiges Regelsignal; Artikel und Kasus prüfen.,"Betet Jehova an  in heiliger Pracht! Erzittert vor  ihm, ganze Erde !","Betet HERR an  in heiliger Pracht! Erzittert vor  ihm, ganze Erde !"
Ps.97.10,18,Jehova,divine-name-syntax,Subjekt/Objekt/Anrede ohne eindeutiges Regelsignal; Artikel und Kasus prüfen.,"
        Die  ihr Jehova liebet , hasset das Böse ! Er bewahrt die Seelen  seiner Frommen; aus der Hand  der Gesetzlosen errettet  er sie .","
        Die  ihr HERR liebet , hasset das Böse ! Er bewahrt die Seelen  seiner Frommen; aus der Hand  der Gesetzlosen errettet  er sie ."
Ps.98.5,15,Jehova,divine-name-syntax,Subjekt/Objekt/Anrede ohne eindeutiges Regelsignal; Artikel und Kasus prüfen.,Singet Psalmen Jehova  mit der Laute mit der Laute und der Stimme  des Gesanges!,Singet Psalmen HERR  mit der Laute mit der Laute und der Stimme  des Gesanges!
Ps.98.6,66,Jehova,divine-name-syntax,Subjekt/Objekt/Anrede ohne eindeutiges Regelsignal; Artikel und Kasus prüfen.,Mit Trompeten und dem Schall  der Posaune jauchzet vor  dem König Jehova !,Mit Trompeten und dem Schall  der Posaune jauchzet vor  dem König HERR !
Ps.99.8,9,Jehova,divine-name-syntax,Subjekt/Objekt/Anrede ohne eindeutiges Regelsignal; Artikel und Kasus prüfen.,"
        Jehova , unser Gott , du hast ihnen geantwortet! Ein vergebender Gott  warst du ihnen, und  ein Rächer  ihrer Taten .","
        HERR , unser Gott , du hast ihnen geantwortet! Ein vergebender Gott  warst du ihnen, und  ein Rächer  ihrer Taten ."
Ps.102.13,19,Jehova,divine-name-syntax,Subjekt/Objekt/Anrede ohne eindeutiges Regelsignal; Artikel und Kasus prüfen.,"
        Du  aber, Jehova , bleibst auf ewig , und dein Gedächtnis  ist von Geschlecht  zu Geschlecht .","
        Du  aber, HERR , bleibst auf ewig , und dein Gedächtnis  ist von Geschlecht  zu Geschlecht ."
Ps.103.6,9,Jehova,divine-name-syntax,Subjekt/Objekt/Anrede ohne eindeutiges Regelsignal; Artikel und Kasus prüfen.,"
        Jehova  übt Gerechtigkeit und  schafft Recht  allen, die bedrückt  werden.","
        HERR  übt Gerechtigkeit und  schafft Recht  allen, die bedrückt  werden."
Ps.103.13,62,Jehova,divine-name-syntax,Subjekt/Objekt/Anrede ohne eindeutiges Regelsignal; Artikel und Kasus prüfen.,"Wie ein Vater sich  über die Kinder  erbarmt, so erbarmt sich Jehova  über die, welche ihn fürchten .","Wie ein Vater sich  über die Kinder  erbarmt, so erbarmt sich HERR  über die, welche ihn fürchten ."
Ps.104.1,30,Jehova,divine-name-syntax,Subjekt/Objekt/Anrede ohne eindeutiges Regelsignal; Artikel und Kasus prüfen.,"Preise Jehova , meine Seele ! Jehova , mein Gott , du  bist sehr groß , mit Majestät  und Pracht bist du bekleidet;","Preise den HERRN , meine Seele ! HERR , mein Gott , du  bist sehr groß , mit Majestät  und Pracht bist du bekleidet;"
Ps.104.33,26,Jehova,divine-name-syntax,Subjekt/Objekt/Anrede ohne eindeutiges Regelsignal; Artikel und Kasus prüfen.,"
        Singen  will ich Jehova  mein Leben  lang, will meinem Gott  Psalmen singen, solange ich bin .","
        Singen  will ich HERR  mein Leben  lang, will meinem Gott  Psalmen singen, solange ich bin ."
Ps.105.3,83,Jehova,divine-name-syntax,Subjekt/Objekt/Anrede ohne eindeutiges Regelsignal; Artikel und Kasus prüfen.,"
        Rühmet  euch seines heiligen Namens ! Es freue sich  das Herz  derer, die Jehova suchen !","
        Rühmet  euch seines heiligen Namens ! Es freue sich  das Herz  derer, die HERR suchen !"
Ps.106.4,26,Jehova,divine-name-syntax,Subjekt/Objekt/Anrede ohne eindeutiges Regelsignal; Artikel und Kasus prüfen.,"
        Gedenke  meiner, Jehova , mit der  Gunst gegen dein Volk ; suche mich heim  mit deiner Rettung!","
        Gedenke  meiner, HERR , mit der  Gunst gegen dein Volk ; suche mich heim  mit deiner Rettung!"
Ps.106.47,11,Jehova,divine-name-syntax,Subjekt/Objekt/Anrede ohne eindeutiges Regelsignal; Artikel und Kasus prüfen.,"Rette uns, Jehova , unser Gott , und sammle  uns aus den Nationen, daß wir  deinen heiligen Namen preisen , daß wir uns rühmen  deines Lobes!","Rette uns, HERR , unser Gott , und sammle  uns aus den Nationen, dass wir  deinen heiligen Namen preisen , dass wir uns rühmen  deines Lobes!"
Ps.107.8,10,Jehova,divine-name-syntax,Subjekt/Objekt/Anrede ohne eindeutiges Regelsignal; Artikel und Kasus prüfen.,Mögen sie Jehova preisen  wegen seiner Güte  und wegen seiner Wundertaten an den Menschenkindern !,Mögen sie HERR preisen  wegen seiner Güte  und wegen seiner Wundertaten an den Menschenkindern !
Ps.107.15,10,Jehova,divine-name-syntax,Subjekt/Objekt/Anrede ohne eindeutiges Regelsignal; Artikel und Kasus prüfen.,Mögen sie Jehova preisen  wegen seiner Güte  und wegen seiner Wundertaten an den Menschenkindern !,Mögen sie HERR preisen  wegen seiner Güte  und wegen seiner Wundertaten an den Menschenkindern !
Ps.107.21,10,Jehova,divine-name-syntax,Subjekt/Objekt/Anrede ohne eindeutiges Regelsignal; Artikel und Kasus prüfen.,Mögen sie Jehova preisen  wegen seiner Güte  und wegen seiner Wundertaten an den Menschenkindern ;,Mögen sie HERR preisen  wegen seiner Güte  und wegen seiner Wundertaten an den Menschenkindern ;
Ps.107.31,10,Jehova,divine-name-syntax,Subjekt/Objekt/Anrede ohne eindeutiges Regelsignal; Artikel und Kasus prüfen.,"Mögen sie Jehova preisen  wegen seiner Güte , und wegen seiner Wundertaten an den Menschenkindern .","Mögen sie HERR preisen  wegen seiner Güte , und wegen seiner Wundertaten an den Menschenkindern ."
Ps.108.4,52,Jehova,divine-name-syntax,Subjekt/Objekt/Anrede ohne eindeutiges Regelsignal; Artikel und Kasus prüfen.,"
        Ich  will dich preisen unter den Völkern , Jehova , und dich besingen unter den Völkerschaften;","
        Ich  will dich preisen unter den Völkern , HERR , und dich besingen unter den Völkerschaften;"
Ps.109.9,37,Weib,gender-agreement,Nominalgruppe regelbasiert angepasst; längere Pronomenbezüge/Satzkongruenz prüfen.,"Seine Söhne  seien Waisen , und sein Weib  eine Witwe !","Seine Söhne  seien Waisen , und seine Frau  eine Witwe !"
Ps.109.21,9,Jehova,divine-name-syntax,Subjekt/Objekt/Anrede ohne eindeutiges Regelsignal; Artikel und Kasus prüfen.,"Du aber, Jehova, Herr , wirke für mich um deines Namens  willen; weil deine Güte gut  ist, errette  mich!","Du aber, HERR, Herr , wirke für mich um deines Namens  willen; weil deine Güte gut  ist, errette  mich!"
Ps.111.1,34,Jehova,divine-name-syntax,Subjekt/Objekt/Anrede ohne eindeutiges Regelsignal; Artikel und Kasus prüfen.,Lobet Jehova ! Priesen  will ich  Jehova von ganzem Herzen  im Kreise der Aufrichtigen und  in der Gemeinde .,Lobet den HERRN ! Priesen  will ich  HERR von ganzem Herzen  im Kreise der Aufrichtigen und  in der Gemeinde .
Ps.112.7,93,Jehova,divine-name-syntax,Subjekt/Objekt/Anrede ohne eindeutiges Regelsignal; Artikel und Kasus prüfen.,"
        Nicht  wird er sich  fürchten vor böser  Kunde; fest ist sein Herz , vertrauend auf Jehova .","
        Nicht  wird er sich  fürchten vor böser  Kunde; fest ist sein Herz , vertrauend auf HERR ."
Ps.115.1,11,Jehova,divine-name-syntax,Subjekt/Objekt/Anrede ohne eindeutiges Regelsignal; Artikel und Kasus prüfen.,"Nicht uns, Jehova , nicht uns, sondern deinem Namen gib Ehre , um deiner Güte , um deiner Wahrheit  willen!","Nicht uns, HERR , nicht uns, sondern deinem Namen gib Ehre , um deiner Güte , um deiner Wahrheit  willen!"
Ps.115.11,13,Jehova,divine-name-syntax,Subjekt/Objekt/Anrede ohne eindeutiges Regelsignal; Artikel und Kasus prüfen.,"Ihr, die ihr Jehova fürchtet , vertrauet auf Jehova ! Ihre Hilfe  und ihr Schild  ist er.","Ihr, die ihr HERR fürchtet , vertrauet auf den HERRN ! Ihre Hilfe  und ihr Schild  ist er."
Ps.115.13,21,Jehova,divine-name-syntax,Subjekt/Objekt/Anrede ohne eindeutiges Regelsignal; Artikel und Kasus prüfen.,"Er wird segnen , die Jehova fürchten , die Kleinen  mit den Großen .","Er wird segnen , die HERR fürchten , die Kleinen  mit den Großen ."
Ps.116.4,54,Jehova,divine-name-syntax,Subjekt/Objekt/Anrede ohne eindeutiges Regelsignal; Artikel und Kasus prüfen.,"
        Und  ich rief  an den Namen  Jehovas: Bitte, Jehova, errette  meine Seele !","
        Und  ich rief  an den Namen  des HERRN: Bitte, HERR, errette  meine Seele !"
Ps.116.12,13,Jehova,divine-name-syntax,Subjekt/Objekt/Anrede ohne eindeutiges Regelsignal; Artikel und Kasus prüfen.,Wie soll ich Jehova  alle seine Wohltaten an mir vergelten ?,Wie soll ich HERR  alle seine Wohltaten an mir vergelten ?
Ps.116.14,9,Jehova,divine-name-syntax,Subjekt/Objekt/Anrede ohne eindeutiges Regelsignal; Artikel und Kasus prüfen.,"Ich will Jehova  meine Gelübde bezahlen , ja, in der Gegenwart seines ganzen Volkes .","Ich will HERR  meine Gelübde bezahlen , ja, in der Gegenwart seines ganzen Volkes ."
Ps.116.16,7,Jehova,divine-name-syntax,Subjekt/Objekt/Anrede ohne eindeutiges Regelsignal; Artikel und Kasus prüfen.,"Bitte, Jehova ! Denn ich bin dein Knecht ; ich bin dein Knecht , der Sohn  deiner Magd ; gelöst  hast du meine Bande .","Bitte, HERR ! Denn ich bin dein Knecht ; ich bin dein Knecht , der Sohn  deiner Magd ; gelöst  hast du meine Bande ."
Ps.116.18,9,Jehova,divine-name-syntax,Subjekt/Objekt/Anrede ohne eindeutiges Regelsignal; Artikel und Kasus prüfen.,"Ich will Jehova  meine Gelübde bezahlen , ja, in der Gegenwart seines ganzen Volkes .","Ich will HERR  meine Gelübde bezahlen , ja, in der Gegenwart seines ganzen Volkes ."
Ps.118.4,20,Jehova,divine-name-syntax,Subjekt/Objekt/Anrede ohne eindeutiges Regelsignal; Artikel und Kasus prüfen.,"Es sagen  doch, die Jehova fürchten : denn seine Güte  währt ewiglich .","Es sagen  doch, die HERR fürchten : denn seine Güte  währt ewiglich ."
Ps.118.8,20,Jehova,divine-name-syntax,Subjekt/Objekt/Anrede ohne eindeutiges Regelsignal; Artikel und Kasus prüfen.,"Es ist besser , auf Jehova  zu trauen , als sich zu verlassen auf den Menschen .","Es ist besser , auf HERR  zu trauen , als sich zu verlassen auf den Menschen ."
Ps.118.9,20,Jehova,divine-name-syntax,Subjekt/Objekt/Anrede ohne eindeutiges Regelsignal; Artikel und Kasus prüfen.,"Es ist besser , auf Jehova  zu trauen , als sich zu verlassen auf Fürsten .","Es ist besser , auf HERR  zu trauen , als sich zu verlassen auf Fürsten ."
Ps.118.25,35,Jehova,divine-name-syntax,Subjekt/Objekt/Anrede ohne eindeutiges Regelsignal; Artikel und Kasus prüfen.,"Bitte, Jehova , rette doch! Bitte, Jehova , gib doch Wohlfahrt!","Bitte, HERR , rette doch! Bitte, HERR , gib doch Wohlfahrt!"
Ps.119.33,13,Jehova,divine-name-syntax,Subjekt/Objekt/Anrede ohne eindeutiges Regelsignal; Artikel und Kasus prüfen.,"Lehre mich , Jehova , den Weg  deiner Satzungen , und ich will ihn bewahren  bis ans Ende .","Lehre mich , HERR , den Weg  deiner Satzungen , und ich will ihn bewahren  bis ans Ende ."
Ps.119.55,45,Jehova,divine-name-syntax,Subjekt/Objekt/Anrede ohne eindeutiges Regelsignal; Artikel und Kasus prüfen.,"Des Nachts  habe ich deines Namens gedacht , Jehova , und ich habe dein Gesetz gehalten .","Des Nachts  habe ich deines Namens gedacht , HERR , und ich habe dein Gesetz gehalten ."
Ps.119.57,12,Jehova,divine-name-syntax,Subjekt/Objekt/Anrede ohne eindeutiges Regelsignal; Artikel und Kasus prüfen.,"Mein Teil , Jehova , habe ich gesagt , ist, deine Worte  zu bewahren .","Mein Teil , HERR , habe ich gesagt , ist, deine Worte  zu bewahren ."
Ps.119.65,41,Jehova,divine-name-syntax,Subjekt/Objekt/Anrede ohne eindeutiges Regelsignal; Artikel und Kasus prüfen.,"Du hast Gutes getan  an deinem Knechte , Jehova , nach deinem Worte .","Du hast Gutes getan  an deinem Knechte , HERR , nach deinem Worte ."
Ps.119.75,11,Jehova,divine-name-syntax,Subjekt/Objekt/Anrede ohne eindeutiges Regelsignal; Artikel und Kasus prüfen.,"Ich weiß , Jehova , daß deine Gerichte Gerechtigkeit  sind und daß du mich gedemütigt hast  in Treue .","Ich weiß , HERR , dass deine Gerichte Gerechtigkeit  sind und dass du mich gedemütigt hast  in Treue ."
Ps.119.108,28,Jehova,divine-name-syntax,Subjekt/Objekt/Anrede ohne eindeutiges Regelsignal; Artikel und Kasus prüfen.,"Laß dir doch wohlgefallen , Jehova , die freiwilligen Opfer  meines Mundes , lehre  mich deine Rechte !","Lass dir doch wohlgefallen , HERR , die freiwilligen Opfer  meines Mundes , lehre  mich deine Rechte !"
Ps.119.145,52,Jehova,divine-name-syntax,Subjekt/Objekt/Anrede ohne eindeutiges Regelsignal; Artikel und Kasus prüfen.,"Von ganzem Herzen  habe ich gerufen ; erhöre  mich, Jehova ! Ich will deine Satzungen  beobachten.","Von ganzem Herzen  habe ich gerufen ; erhöre  mich, HERR ! Ich will deine Satzungen  beobachten."
Ps.119.151,15,Jehova,divine-name-syntax,Subjekt/Objekt/Anrede ohne eindeutiges Regelsignal; Artikel und Kasus prüfen.,"Du bist nahe , Jehova ; und alle deine Gebote  sind Wahrheit .","Du bist nahe , HERR ; und alle deine Gebote  sind Wahrheit ."
Ps.119.156,32,Jehova,divine-name-syntax,Subjekt/Objekt/Anrede ohne eindeutiges Regelsignal; Artikel und Kasus prüfen.,"Deiner Erbarmungen sind viele , Jehova ; belebe mich  nach deinen Rechten !","Deiner Erbarmungen sind viele , HERR ; belebe mich  nach deinen Rechten !"
Ps.119.166,37,Jehova,divine-name-syntax,Subjekt/Objekt/Anrede ohne eindeutiges Regelsignal; Artikel und Kasus prüfen.,"Ich habe auf deine Rettung gewartet, Jehova ; und deine Gebote  habe ich getan .","Ich habe auf deine Rettung gewartet, HERR ; und deine Gebote  habe ich getan ."
Ps.119.169,42,Jehova,divine-name-syntax,Subjekt/Objekt/Anrede ohne eindeutiges Regelsignal; Artikel und Kasus prüfen.,"Laß mein Schreien  nahe vor dich kommen , Jehova ; gib mir  Einsicht nach deinem Worte !","Lass mein Schreien  nahe vor dich kommen , HERR ; gib mir  Einsicht nach deinem Worte !"
Ps.119.174,36,Jehova,divine-name-syntax,Subjekt/Objekt/Anrede ohne eindeutiges Regelsignal; Artikel und Kasus prüfen.,"Ich sehne mich nach deiner Rettung, Jehova ; und dein Gesetz  ist meine Wonne.","Ich sehne mich nach deiner Rettung, HERR ; und dein Gesetz  ist meine Wonne."
Ps.120.2,9,Jehova,divine-name-syntax,Subjekt/Objekt/Anrede ohne eindeutiges Regelsignal; Artikel und Kasus prüfen.,"
        Jehova , errette  meine Seele  von der Lippe der Lüge , von der Zunge  des Truges!","
        HERR , errette  meine Seele  von der Lippe der Lüge , von der Zunge  des Truges!"
Ps.123.2,158,Jehova,divine-name-syntax,Subjekt/Objekt/Anrede ohne eindeutiges Regelsignal; Artikel und Kasus prüfen.,"Siehe, wie die Augen  der Knechte  auf die Hand  ihres Herrn , wie die Augen  der Magd  auf die Hand  ihrer Gebieterin, also sind unsere Augen  gerichtet auf Jehova , unseren Gott , bis er uns gnädig  ist.","Siehe, wie die Augen  der Knechte  auf die Hand  ihres Herrn , wie die Augen  der Magd  auf die Hand  ihrer Gebieterin, also sind unsere Augen  gerichtet auf HERR , unseren Gott , bis er uns gnädig  ist."
Ps.124.1,40,Jehova,divine-name-syntax,Subjekt/Objekt/Anrede ohne eindeutiges Regelsignal; Artikel und Kasus prüfen.,"Ein Stufenlied. Von David . Wenn  nicht Jehova  für uns gewesen wäre, sage  doch Israel ,","Ein Stufenlied. Von David . Wenn  nicht HERR  für uns gewesen wäre, sage  doch Israel ,"
Ps.124.2,38,Jehova,divine-name-syntax,Subjekt/Objekt/Anrede ohne eindeutiges Regelsignal; Artikel und Kasus prüfen.,"
        wenn 
        nicht 
        Jehova  für uns gewesen wäre, als die Menschen  wider uns aufstanden,","
        wenn 
        nicht 
        HERR  für uns gewesen wäre, als die Menschen  wider uns aufstanden,"
Ps.125.1,24,Jehova,divine-name-syntax,Subjekt/Objekt/Anrede ohne eindeutiges Regelsignal; Artikel und Kasus prüfen.,"Ein Stufenlied. Die auf Jehova  vertrauen, sind gleich dem Berge Zion , der nicht wankt, der ewiglich bleibt .","Ein Stufenlied. Die auf HERR  vertrauen, sind gleich dem Berge Zion , der nicht wankt, der ewiglich bleibt ."
Ps.125.4,11,Jehova,divine-name-syntax,Subjekt/Objekt/Anrede ohne eindeutiges Regelsignal; Artikel und Kasus prüfen.,"Tue Gutes, Jehova , den Guten  und denen, die aufrichtig sind  in ihren Herzen !","Tue Gutes, HERR , den Guten  und denen, die aufrichtig sind  in ihren Herzen !"
Ps.126.1,20,Jehova,divine-name-syntax,Subjekt/Objekt/Anrede ohne eindeutiges Regelsignal; Artikel und Kasus prüfen.,"Ein Stufenlied. Als Jehova  die Gefangenen Zions  zurückführte, waren wir wie Träumende.","Ein Stufenlied. Als HERR  die Gefangenen Zions  zurückführte, waren wir wie Träumende."
Ps.126.4,33,Jehova,divine-name-syntax,Subjekt/Objekt/Anrede ohne eindeutiges Regelsignal; Artikel und Kasus prüfen.,"Führe unsere Gefangenen  zurück, Jehova , gleich Bächen im Mittagslande !","Führe unsere Gefangenen  zurück, HERR , gleich Bächen im Mittagslande !"
Ps.128.3,5,Weib,gender-agreement,Nominalgruppe regelbasiert angepasst; längere Pronomenbezüge/Satzkongruenz prüfen.,"Dein Weib  wird gleich einem fruchtbaren Weinstock  sein im Innern deines Hauses , deine Söhne  gleich Ölbaumsprossen rings um  deinen Tisch .","Deine Frau  wird gleich einem fruchtbaren Weinstock  sein im Innern deines Hauses , deine Söhne  gleich Ölbaumsprossen rings um  deinen Tisch ."
Ps.128.5,27,Jehova,divine-name-syntax,Subjekt/Objekt/Anrede ohne eindeutiges Regelsignal; Artikel und Kasus prüfen.,"
        Segnen  wird dich Jehova  von Zion  aus, und du wirst  das Wohl Jerusalems  schauen alle Tage  deines Lebens ,","
        Segnen  wird dich HERR  von Zion  aus, und du wirst  das Wohl Jerusalems  schauen alle Tage  deines Lebens ,"
Ps.129.7,77,Schoß,spelling-context,Kontextabhängige Schreibung/modernes Homograph; unverändert prüfen.,"womit der Schnitter  seine Hand  nicht füllt , noch der Garbenbinder  seinen Schoß;","womit der Schnitter  seine Hand  nicht füllt , noch der Garbenbinder  seinen Schoß;"
Ps.130.5,24,Jehova,divine-name-syntax,Subjekt/Objekt/Anrede ohne eindeutiges Regelsignal; Artikel und Kasus prüfen.,"
        Ich  warte auf Jehova , meine Seele  wartet; und auf sein Wort harre ich .","
        Ich  warte auf HERR , meine Seele  wartet; und auf sein Wort harre ich ."
Ps.130.7,30,Jehova,divine-name-syntax,Subjekt/Objekt/Anrede ohne eindeutiges Regelsignal; Artikel und Kasus prüfen.,"
        Harre , Israel , auf Jehova ! Denn bei Jehova  ist die Güte , und viel Erlösung  bei ihm.","
        Harre , Israel , auf HERR ! Denn bei dem HERRN  ist die Güte , und viel Erlösung  bei ihm."
Ps.131.1,28,Jehova,divine-name-syntax,Subjekt/Objekt/Anrede ohne eindeutiges Regelsignal; Artikel und Kasus prüfen.,"Ein Stufenlied. Von David . Jehova ! Nicht hoch  ist mein Herz , noch tragen sich hoch  meine Augen ; und ich wandle nicht in Dingen, die zu groß  und zu wunderbar  für mich sind .","Ein Stufenlied. Von David . HERR ! Nicht hoch  ist mein Herz , noch tragen sich hoch  meine Augen ; und ich wandle nicht in Dingen, die zu groß  und zu wunderbar  für mich sind ."
Ps.131.3,30,Jehova,divine-name-syntax,Subjekt/Objekt/Anrede ohne eindeutiges Regelsignal; Artikel und Kasus prüfen.,"
        Harre , Israel , auf Jehova , von nun an bis  in Ewigkeit !","
        Harre , Israel , auf HERR , von nun an bis  in Ewigkeit !"
Ps.132.2,8,Jehova,divine-name-syntax,Subjekt/Objekt/Anrede ohne eindeutiges Regelsignal; Artikel und Kasus prüfen.,"Welcher Jehova schwur , ein Gelübde tat  dem Mächtigen Jakobs :","Welcher HERR schwur , ein Gelübde tat  dem Mächtigen Jakobs :"
Ps.132.8,12,Jehova,divine-name-syntax,Subjekt/Objekt/Anrede ohne eindeutiges Regelsignal; Artikel und Kasus prüfen.,"Stehe auf , Jehova , zu deiner Ruhe , du und die Lade  deiner Stärke !","Stehe auf , HERR , zu deiner Ruhe , du und die Lade  deiner Stärke !"
Ps.135.20,55,Jehova,divine-name-syntax,Subjekt/Objekt/Anrede ohne eindeutiges Regelsignal; Artikel und Kasus prüfen.,"
        Haus 
        Levi , preiset Jehova ! Die ihr Jehova fürchtet , preiset Jehova !","
        Haus 
        Levi , preiset den HERRN ! Die ihr HERR fürchtet , preiset den HERRN !"
Ps.138.4,45,Jehova,divine-name-syntax,Subjekt/Objekt/Anrede ohne eindeutiges Regelsignal; Artikel und Kasus prüfen.,"Alle Könige  der Erde  werden dich preisen , Jehova , wenn sie gehört  haben die Worte  deines Mundes ;","Alle Könige  der Erde  werden dich preisen , HERR , wenn sie gehört  haben die Worte  deines Mundes ;"
Ps.139.21,17,Jehova,divine-name-syntax,Subjekt/Objekt/Anrede ohne eindeutiges Regelsignal; Artikel und Kasus prüfen.,"Hasse ich nicht, Jehova , die  dich hassen , und verabscheue ich nicht, die wider dich aufstehen?","Hasse ich nicht, HERR , die  dich hassen , und verabscheue ich nicht, die wider dich aufstehen?"
Ps.140.2,14,Jehova,divine-name-syntax,Subjekt/Objekt/Anrede ohne eindeutiges Regelsignal; Artikel und Kasus prüfen.,"Befreie mich, Jehova , von dem bösen Menschen ; vor dem Manne  der Gewalttaten behüte  mich!","Befreie mich, HERR , von dem bösen Menschen ; vor dem Manne  der Gewalttaten behüte  mich!"
Ps.140.5,15,Jehova,divine-name-syntax,Subjekt/Objekt/Anrede ohne eindeutiges Regelsignal; Artikel und Kasus prüfen.,"Bewahre mich , Jehova , vor den Händen  des Gesetzlosen, vor dem Manne  der Gewalttaten behüte  mich, welche darauf sinnen, meine Tritte umzustoßen !","Bewahre mich , HERR , vor den Händen  des Gesetzlosen, vor dem Manne  der Gewalttaten behüte  mich, welche darauf sinnen, meine Tritte umzustoßen !"
Ps.140.7,60,Jehova,divine-name-syntax,Subjekt/Objekt/Anrede ohne eindeutiges Regelsignal; Artikel und Kasus prüfen.,"Ich sprach  zu Jehova : Du bist mein Gott ! Nimm zu Ohren , Jehova , die Stimme  meines Flehens !","Ich sprach  zu dem HERRN : Du bist mein Gott ! Nimm zu Ohren , HERR , die Stimme  meines Flehens !"
Ps.140.8,0,Jehova,divine-name-syntax,Subjekt/Objekt/Anrede ohne eindeutiges Regelsignal; Artikel und Kasus prüfen.,"Jehova, der Herr , ist die Stärke  meiner Rettung; du hast mein Haupt  beschirmt am Tage  der Waffen .","HERR, der Herr , ist die Stärke  meiner Rettung; du hast mein Haupt  beschirmt am Tage  der Waffen ."
Ps.141.1,24,Jehova,divine-name-syntax,Subjekt/Objekt/Anrede ohne eindeutiges Regelsignal; Artikel und Kasus prüfen.,"Ein Psalm . Von David . Jehova ! Zu dir habe ich gerufen , eile  zu mir; nimm zu Ohren  meine Stimme , wenn ich zu dir rufe !","Ein Psalm . Von David . HERR ! Zu dir habe ich gerufen , eile  zu mir; nimm zu Ohren  meine Stimme , wenn ich zu dir rufe !"
Ps.141.3,7,Jehova,divine-name-syntax,Subjekt/Objekt/Anrede ohne eindeutiges Regelsignal; Artikel und Kasus prüfen.,"Setze, Jehova , eine Wache meinem Munde ; behüte  die Tür  meiner Lippen !","Setze, HERR , eine Wache meinem Munde ; behüte  die Tür  meiner Lippen !"
Ps.141.8,16,Jehova,divine-name-syntax,Subjekt/Objekt/Anrede ohne eindeutiges Regelsignal; Artikel und Kasus prüfen.,"Doch auf dich , Jehova, Herr , sind meine Augen  gerichtet, auf dich traue ich; gib meine Seele nicht  preis!","Doch auf dich , HERR, Herr , sind meine Augen  gerichtet, auf dich traue ich; gib meine Seele nicht  preis!"
Ps.142.6,29,Jehova,divine-name-syntax,Subjekt/Objekt/Anrede ohne eindeutiges Regelsignal; Artikel und Kasus prüfen.,"Zu dir habe ich  geschrieen, Jehova ! Ich habe gesagt : Du bist meine Zuflucht , mein Teil  im Lande  der Lebendigen .","Zu dir habe ich  geschrieen, HERR ! Ich habe gesagt : Du bist meine Zuflucht , mein Teil  im Lande  der Lebendigen ."
Ps.143.1,24,Jehova,divine-name-syntax,Subjekt/Objekt/Anrede ohne eindeutiges Regelsignal; Artikel und Kasus prüfen.,"Ein Psalm . Von David . Jehova ! Höre  mein Gebet , nimm zu Ohren  mein Flehen ; erhöre  mich in deiner Treue , in deiner Gerechtigkeit !","Ein Psalm . Von David . HERR ! Höre  mein Gebet , nimm zu Ohren  mein Flehen ; erhöre  mich in deiner Treue , in deiner Gerechtigkeit !"
Ps.143.7,22,Jehova,divine-name-syntax,Subjekt/Objekt/Anrede ohne eindeutiges Regelsignal; Artikel und Kasus prüfen.,"Eilends erhöre  mich, Jehova ! Es verschmachtet mein Geist . Verbirg  dein Angesicht nicht  vor mir! Sonst werde ich denen gleich sein, die  zur Grube  hinabfahren.","Eilends erhöre  mich, HERR ! Es verschmachtet mein Geist . Verbirg  dein Angesicht nicht  vor mir! Sonst werde ich denen gleich sein, die  zur Grube  hinabfahren."
Ps.143.9,24,Jehova,divine-name-syntax,Subjekt/Objekt/Anrede ohne eindeutiges Regelsignal; Artikel und Kasus prüfen.,"
        Errette  mich, Jehova , von meinen Feinden ! Zu  dir nehme ich meine Zuflucht.","
        Errette  mich, HERR , von meinen Feinden ! Zu  dir nehme ich meine Zuflucht."
Ps.144.3,9,Jehova,divine-name-syntax,Subjekt/Objekt/Anrede ohne eindeutiges Regelsignal; Artikel und Kasus prüfen.,"
        Jehova , was ist  der Mensch , daß du Kenntnis von ihm nimmst, der Sohn  des Menschen , daß du ihn beachtest?","
        HERR , was ist  der Mensch , dass du Kenntnis von ihm nimmst, der Sohn  des Menschen , dass du ihn beachtest?"
Ps.145.10,23,Jehova,divine-name-syntax,Subjekt/Objekt/Anrede ohne eindeutiges Regelsignal; Artikel und Kasus prüfen.,"Es werden dich loben , Jehova , alle deine Werke , und deine Frommen dich preisen .","Es werden dich loben , HERR , alle deine Werke , und deine Frommen dich preisen ."
Ps.145.14,9,Jehova,divine-name-syntax,Subjekt/Objekt/Anrede ohne eindeutiges Regelsignal; Artikel und Kasus prüfen.,"
        Jehova  stützt alle Fallenden und richtet auf  alle Niedergebeugten.","
        HERR  stützt alle Fallenden und richtet auf  alle Niedergebeugten."
Ps.146.2,25,Jehova,divine-name-syntax,Subjekt/Objekt/Anrede ohne eindeutiges Regelsignal; Artikel und Kasus prüfen.,"
        Loben  will ich Jehova  mein Leben  lang, will Psalmen singen meinem Gott , solange ich bin.","
        Loben  will ich HERR  mein Leben  lang, will Psalmen singen meinem Gott , solange ich bin."
Ps.146.5,69,Jehova,divine-name-syntax,Subjekt/Objekt/Anrede ohne eindeutiges Regelsignal; Artikel und Kasus prüfen.,"Glückselig der, dessen Hilfe  der Gott Jakobs , dessen Hoffnung  auf Jehova , seinen Gott , ist!","Glückselig der, dessen Hilfe  der Gott Jakobs , dessen Hoffnung  auf HERR , seinen Gott , ist!"
Ps.146.7,66,Jehova,divine-name-syntax,Subjekt/Objekt/Anrede ohne eindeutiges Regelsignal; Artikel und Kasus prüfen.,"der Recht schafft  den Bedrückten, der Brot gibt  den Hungrigen . Jehova löst  die Gebundenen.","der Recht schafft  den Bedrückten, der Brot gibt  den Hungrigen . HERR löst  die Gebundenen."
Ps.146.8,9,Jehova,divine-name-syntax,Subjekt/Objekt/Anrede ohne eindeutiges Regelsignal; Artikel und Kasus prüfen.,"
        Jehova  öffnet die Augen der Blinden , Jehova  richtet auf  die Niedergebeugten, Jehova liebt  die Gerechten ;","
        HERR  öffnet die Augen der Blinden , der HERR  richtet auf  die Niedergebeugten, HERR liebt  die Gerechten ;"
Ps.146.8,90,Jehova,divine-name-syntax,Subjekt/Objekt/Anrede ohne eindeutiges Regelsignal; Artikel und Kasus prüfen.,"
        Jehova  öffnet die Augen der Blinden , Jehova  richtet auf  die Niedergebeugten, Jehova liebt  die Gerechten ;","
        HERR  öffnet die Augen der Blinden , der HERR  richtet auf  die Niedergebeugten, HERR liebt  die Gerechten ;"
Ps.147.2,9,Jehova,divine-name-syntax,Subjekt/Objekt/Anrede ohne eindeutiges Regelsignal; Artikel und Kasus prüfen.,"
        Jehova 
        baut 
        Jerusalem , die Vertriebenen Israels  sammelt er.","
        HERR 
        baut 
        Jerusalem , die Vertriebenen Israels  sammelt er."
Ps.147.6,9,Jehova,divine-name-syntax,Subjekt/Objekt/Anrede ohne eindeutiges Regelsignal; Artikel und Kasus prüfen.,"
        Jehova  hält aufrecht die Elenden ; er erniedrigt  bis zur Erde  die Gesetzlosen.","
        HERR  hält aufrecht die Elenden ; er erniedrigt  bis zur Erde  die Gesetzlosen."
Ps.147.7,8,Jehova,divine-name-syntax,Subjekt/Objekt/Anrede ohne eindeutiges Regelsignal; Artikel und Kasus prüfen.,"Stimmet Jehova  einen Lobgesang an, singet Psalmen unserem Gott  mit der Laute!","Stimmet HERR  einen Lobgesang an, singet Psalmen unserem Gott  mit der Laute!"
Ps.147.12,19,Jehova,divine-name-syntax,Subjekt/Objekt/Anrede ohne eindeutiges Regelsignal; Artikel und Kasus prüfen.,"Rühme, Jerusalem , Jehova ! Lobe , Zion , deinen Gott !","Rühme, Jerusalem , HERR ! Lobe , Zion , deinen Gott !"
Prov.2.16,37,Weibe,gender-agreement,Nominalgruppe regelbasiert angepasst; längere Pronomenbezüge/Satzkongruenz prüfen.,"um dich zu erretten  von dem fremden Weibe , von der Fremden , die ihre Worte  glättet;","um dich zu erretten  von der fremden Frau , von der Fremden , die ihre Worte  glättet;"
Prov.3.12,9,Jehova,divine-name-syntax,Subjekt/Objekt/Anrede ohne eindeutiges Regelsignal; Artikel und Kasus prüfen.,"Denn wen Jehova liebt , den züchtigt er, und zwar wie ein Vater  den Sohn , an dem er Wohlgefallen hat . -","Denn wen HERR liebt , den züchtigt er, und zwar wie ein Vater  den Sohn , an dem er Wohlgefallen hat . -"
Prov.5.18,53,Weibe,gender-agreement,Nominalgruppe regelbasiert angepasst; längere Pronomenbezüge/Satzkongruenz prüfen.,"Deine Quelle sei  gesegnet, und erfreue dich  an dem Weibe  deiner Jugend ;","Deine Quelle sei  gesegnet, und erfreue dich  an der Frau  deiner Jugend ;"
Prov.6.16,29,Jehova,divine-name-syntax,Subjekt/Objekt/Anrede ohne eindeutiges Regelsignal; Artikel und Kasus prüfen.,"
        Sechs  sind es, die Jehova haßt , und sieben  sind seiner Seele  ein Greuel :","
        Sechs  sind es, die HERR hasst , und sieben  sind seiner Seele  ein Gräuel :"
Prov.6.24,35,Weibe,gender-agreement,Nominalgruppe regelbasiert angepasst; längere Pronomenbezüge/Satzkongruenz prüfen.,"um dich zu bewahren  vor dem bösen Weibe , vor der Glätte der Zunge  einer Fremden .","um dich zu bewahren  vor der bösen Frau , vor der Glätte der Zunge  einer Fremden ."
Prov.6.26,36,Weibes,gender-agreement,Nominalgruppe regelbasiert angepasst; längere Pronomenbezüge/Satzkongruenz prüfen.,"
        Denn  um eines hurerischen Weibes willen kommt man bis auf einen Laib Brot , und  eines Mannes Weib  stellt einer  kostbaren Seele  nach. -","
        Denn  um einer hurerischen Frau willen kommt man bis auf einen Laib Brot , und  eines Mannes Frau  stellt einer  kostbaren Seele  nach. -"
Prov.6.26,104,Weib,gender-agreement,Nominalgruppe regelbasiert angepasst; längere Pronomenbezüge/Satzkongruenz prüfen.,"
        Denn  um eines hurerischen Weibes willen kommt man bis auf einen Laib Brot , und  eines Mannes Weib  stellt einer  kostbaren Seele  nach. -","
        Denn  um einer hurerischen Frau willen kommt man bis auf einen Laib Brot , und  eines Mannes Frau  stellt einer  kostbaren Seele  nach. -"
Prov.6.29,23,Weibe,gender-agreement,Nominalgruppe regelbasiert angepasst; längere Pronomenbezüge/Satzkongruenz prüfen.,"So der, welcher zu dem Weibe  seines Nächsten  eingeht: keiner, der sie berührt , wird  für schuldlos gehalten werden. -","So der, welcher zu der Frau  seines Nächsten  eingeht: keiner, der sie berührt , wird  für schuldlos gehalten werden. -"
Prov.6.32,14,Weibe,gender-agreement,Nominalgruppe regelbasiert angepasst; längere Pronomenbezüge/Satzkongruenz prüfen.,"Wer mit einem Weibe Ehebruch  begeht, ist unsinnig; wer seine Seele verderben  will, der tut  solches.","Wer mit einer Frau Ehebruch  begeht, ist unsinnig; wer seine Seele verderben  will, der tut  solches."
Prov.7.5,40,Weibe,gender-agreement,Nominalgruppe regelbasiert angepasst; längere Pronomenbezüge/Satzkongruenz prüfen.,"damit sie dich  bewahre vor dem fremden Weibe , vor der Fremden , die ihre Worte  glättet. -","damit sie dich  bewahre vor der fremden Frau , vor der Fremden , die ihre Worte  glättet. -"
Prov.7.10,15,Weib,gender-agreement,Nominalgruppe regelbasiert angepasst; längere Pronomenbezüge/Satzkongruenz prüfen.,"Und siehe, ein Weib  kam ihm entgegen  im Anzug einer Hure  und mit verstecktem Herzen . -","Und siehe, eine Frau  kam ihm entgegen  im Anzug einer Hure  und mit verstecktem Herzen . -"
Prov.8.22,9,Jehova,divine-name-syntax,Subjekt/Objekt/Anrede ohne eindeutiges Regelsignal; Artikel und Kasus prüfen.,"
        Jehova  besaß mich im Anfang  seines Weges , vor  seinen Werken von jeher.","
        HERR  besaß mich im Anfang  seines Weges , vor  seinen Werken von jeher."
Prov.11.16,14,Weib,gender-agreement,Nominalgruppe regelbasiert angepasst; längere Pronomenbezüge/Satzkongruenz prüfen.,"Ein anmutiges Weib erlangt Ehre , und Gewalttätige erlangen Reichtum .","Eine anmutige Frau erlangt Ehre , und Gewalttätige erlangen Reichtum ."
Prov.11.22,86,Weib,gender-agreement,Nominalgruppe regelbasiert angepasst; längere Pronomenbezüge/Satzkongruenz prüfen.,"
        Ein 
        goldener  Ring in der Nase  eines Schweines, so ist ein schönes Weib  ohne Anstand.","
        Ein 
        goldener  Ring in der Nase  eines Schweines, so ist eine schöne Frau  ohne Anstand."
Prov.12.4,13,Weib,gender-agreement,Nominalgruppe regelbasiert angepasst; längere Pronomenbezüge/Satzkongruenz prüfen.,"Ein wackeres Weib  ist ihres Mannes Krone , aber wie Fäulnis in seinen Gebeinen  ist ein schändliches.","Eine wackere Frau  ist ihres Mannes Krone , aber wie Fäulnis in seinen Gebeinen  ist ein schändliches."
Prov.15.25,33,Jehova,divine-name-syntax,Subjekt/Objekt/Anrede ohne eindeutiges Regelsignal; Artikel und Kasus prüfen.,"Das Haus  der Hoffärtigen  reißt Jehova  nieder, aber der Witwe Grenze  stellt er fest.","Das Haus  der Hoffärtigen  reißt HERR  nieder, aber der Witwe Grenze  stellt er fest."
Prov.16.2,59,Jehova,divine-name-syntax,Subjekt/Objekt/Anrede ohne eindeutiges Regelsignal; Artikel und Kasus prüfen.,"Alle Wege  eines Mannes  sind rein  in seinen Augen , aber Jehova wägt  die Geister .","Alle Wege  eines Mannes  sind rein  in seinen Augen , aber HERR wägt  die Geister ."
Prov.16.3,26,Jehova,divine-name-syntax,Subjekt/Objekt/Anrede ohne eindeutiges Regelsignal; Artikel und Kasus prüfen.,"
        Befiehl 
        Jehova  deine Werke , und deine Gedanken  werden zustande kommen.","
        Befiehl 
        HERR  deine Werke , und deine Gedanken  werden zustande kommen."
Prov.16.7,23,Jehova,divine-name-syntax,Subjekt/Objekt/Anrede ohne eindeutiges Regelsignal; Artikel und Kasus prüfen.,"Wenn eines Mannes Wege Jehova  wohlgefallen, so läßt er  selbst seine Feinde  mit ihm in Frieden sein .","Wenn eines Mannes Wege HERR  wohlgefallen, so lässt er  selbst seine Feinde  mit ihm in Frieden sein ."
Prov.16.9,50,Jehova,divine-name-syntax,Subjekt/Objekt/Anrede ohne eindeutiges Regelsignal; Artikel und Kasus prüfen.,"Das Herz  des Menschen erdenkt  seinen Weg , aber Jehova  lenkt seine Schritte .","Das Herz  des Menschen erdenkt  seinen Weg , aber HERR  lenkt seine Schritte ."
Prov.16.20,61,Jehova,divine-name-syntax,Subjekt/Objekt/Anrede ohne eindeutiges Regelsignal; Artikel und Kasus prüfen.,"Wer auf  das Wort  achtet, wird Gutes  erlangen; und wer auf Jehova  vertraut, ist glückselig.","Wer auf  das Wort  achtet, wird Gutes  erlangen; und wer auf HERR  vertraut, ist glückselig."
Prov.17.15,89,Jehova,divine-name-syntax,Subjekt/Objekt/Anrede ohne eindeutiges Regelsignal; Artikel und Kasus prüfen.,"Wer den Gesetzlosen rechtfertigt, und  wer den Gerechten  verdammt, sie alle beide  sind Jehova  ein Greuel .","Wer den Gesetzlosen rechtfertigt, und  wer den Gerechten  verdammt, sie alle beide  sind HERR  ein Gräuel ."
Prov.18.22,8,Weib,gender-agreement,Nominalgruppe regelbasiert angepasst; längere Pronomenbezüge/Satzkongruenz prüfen.,"Wer ein Weib gefunden , hat Gutes gefunden  und hat Wohlgefallen  erlangt von Jehova .","Wer eine Frau gefunden , hat Gutes gefunden  und hat Wohlgefallen  erlangt von dem HERRN ."
Prov.19.13,78,Weibes,gender-agreement,Nominalgruppe regelbasiert angepasst; längere Pronomenbezüge/Satzkongruenz prüfen.,Ein törichter Sohn  ist Verderben für seinen Vater ; und die Zänkereien eines Weibes  sind eine beständige Traufe.,Ein törichter Sohn  ist Verderben für seinen Vater ; und die Zänkereien einer Frau  sind eine beständige Traufe.
Prov.19.17,35,Jehova,divine-name-syntax,Subjekt/Objekt/Anrede ohne eindeutiges Regelsignal; Artikel und Kasus prüfen.,"Wer des Armen  sich erbarmt, leiht Jehova ; und er wird ihm  seine Wohltat vergelten .","Wer des Armen  sich erbarmt, leiht HERR ; und er wird ihm  seine Wohltat vergelten ."
Prov.20.10,61,Jehova,divine-name-syntax,Subjekt/Objekt/Anrede ohne eindeutiges Regelsignal; Artikel und Kasus prüfen.,"Zweierlei Gewichtsteine, zweierlei Epha, sie alle beide sind Jehova  ein Greuel .","Zweierlei Gewichtsteine, zweierlei Epha, sie alle beide sind HERR  ein Gräuel ."
Prov.20.22,53,Jehova,divine-name-syntax,Subjekt/Objekt/Anrede ohne eindeutiges Regelsignal; Artikel und Kasus prüfen.,"Sprich nicht : Ich  will Böses vergelten . Harre auf Jehova , so wird er  dich retten.","Sprich nicht : Ich  will Böses vergelten . Harre auf HERR , so wird er  dich retten."
Prov.21.2,60,Jehova,divine-name-syntax,Subjekt/Objekt/Anrede ohne eindeutiges Regelsignal; Artikel und Kasus prüfen.,"Jeder Weg  eines Mannes  ist gerade  in seinen Augen , aber Jehova wägt  die Herzen .","Jeder Weg  eines Mannes  ist gerade  in seinen Augen , aber HERR wägt  die Herzen ."
Prov.21.9,75,Weib,gender-agreement,Nominalgruppe regelbasiert angepasst; längere Pronomenbezüge/Satzkongruenz prüfen.,"
        Besser  ist es, auf einer Dachecke zu wohnen , als ein zänkisches Weib  und ein gemeinsames Haus .","
        Besser  ist es, auf einer Dachecke zu wohnen , als eine zänkische Frau  und ein gemeinsames Haus ."
Prov.21.19,79,Weib,gender-agreement,Nominalgruppe regelbasiert angepasst; längere Pronomenbezüge/Satzkongruenz prüfen.,"
        Besser  ist es, in einem wüsten  Lande zu wohnen , als ein zänkisches Weib  und Ärger.","
        Besser  ist es, in einem wüsten  Lande zu wohnen , als eine zänkische Frau  und Ärger."
Prov.22.14,52,Jehova,divine-name-syntax,Subjekt/Objekt/Anrede ohne eindeutiges Regelsignal; Artikel und Kasus prüfen.,"Der Mund fremder  Weiber ist eine tiefe Grube ; wem Jehova zürnt , der fällt  hinein.","Der Mund fremder  Frauen ist eine tiefe Grube ; wem HERR zürnt , der fällt  hinein."
Prov.25.24,64,Weib,gender-agreement,Nominalgruppe regelbasiert angepasst; längere Pronomenbezüge/Satzkongruenz prüfen.,"
        Besser  auf einer Dachecke wohnen , als ein zänkisches Weib  und ein gemeinsames Haus .","
        Besser  auf einer Dachecke wohnen , als eine zänkische Frau  und ein gemeinsames Haus ."
Prov.27.15,73,Weib,gender-agreement,Nominalgruppe regelbasiert angepasst; längere Pronomenbezüge/Satzkongruenz prüfen.,Eine beständige Traufe am Tage  des strömenden Regens und ein zänkisches Weib gleichen  sich.,Eine beständige Traufe am Tage  des strömenden Regens und eine zänkische Frau gleichen  sich.
Prov.28.5,79,Jehova,divine-name-syntax,Subjekt/Objekt/Anrede ohne eindeutiges Regelsignal; Artikel und Kasus prüfen.,"
        Böse 
        Menschen 
        verstehen  das Recht  nicht; die aber Jehova suchen , verstehen  alles.","
        Böse 
        Menschen 
        verstehen  das Recht  nicht; die aber HERR suchen , verstehen  alles."
Prov.28.25,42,Jehova,divine-name-syntax,Subjekt/Objekt/Anrede ohne eindeutiges Regelsignal; Artikel und Kasus prüfen.,"Der Habgierige erregt Zank ; wer aber auf Jehova  vertraut, wird reichlich gesättigt.","Der Habgierige erregt Zank ; wer aber auf HERR  vertraut, wird reichlich gesättigt."
Prov.29.13,44,Jehova,divine-name-syntax,Subjekt/Objekt/Anrede ohne eindeutiges Regelsignal; Artikel und Kasus prüfen.,Der Arme und  der Bedrücker begegnen  sich: Jehova erleuchtet  ihrer beider Augen .,Der Arme und  der Bedrücker begegnen  sich: HERR erleuchtet  ihrer beider Augen .
Prov.29.25,52,Jehova,divine-name-syntax,Subjekt/Objekt/Anrede ohne eindeutiges Regelsignal; Artikel und Kasus prüfen.,"Menschenfurcht legt einen Fallstrick ; wer aber auf Jehova  vertraut, wird in Sicherheit gesetzt .","Menschenfurcht legt einen Fallstrick ; wer aber auf HERR  vertraut, wird in Sicherheit gesetzt ."
Prov.30.20,41,Weibes,gender-agreement,Nominalgruppe regelbasiert angepasst; längere Pronomenbezüge/Satzkongruenz prüfen.,"Also ist der Weg  eines ehebrecherischen Weibes : sie  ißt, und wischt ihren Mund  und spricht : Ich habe  kein Unrecht  begangen.","Also ist der Weg  einer ehebrecherischen Frau : sie  isst, und wischt ihren Mund  und spricht : Ich habe  kein Unrecht  begangen."
Prov.30.23,25,Weibe,gender-agreement,Nominalgruppe regelbasiert angepasst; längere Pronomenbezüge/Satzkongruenz prüfen.,"unter einem unleidlichen Weibe, wenn sie  zur Frau  genommen wird, und einer Magd , wenn sie ihre Herrin beerbt.","unter einer unleidlichen Frau, wenn sie  zur Frau  genommen wird, und einer Magd , wenn sie ihre Herrin beerbt."
Prov.31.10,13,Weib,gender-agreement,Nominalgruppe regelbasiert angepasst; längere Pronomenbezüge/Satzkongruenz prüfen.,"Ein wackeres Weib , wer wird es finden ? Denn  ihr Wert steht weit über Korallen .","Eine wackere Frau , wer wird es finden ? Denn  ihr Wert steht weit über Korallen ."
Prov.31.30,55,Weib,gender-agreement,Nominalgruppe regelbasiert angepasst; längere Pronomenbezüge/Satzkongruenz prüfen.,"Die Anmut ist  Trug, und die Schönheit Eitelkeit ; ein Weib , das Jehova fürchtet , sie wird gepriesen werden.","Die Anmut ist  Trug, und die Schönheit Eitelkeit ; eine Frau , die HERR fürchtet , sie wird gepriesen werden."
Prov.31.30,66,Jehova,divine-name-syntax,Subjekt/Objekt/Anrede ohne eindeutiges Regelsignal; Artikel und Kasus prüfen.,"Die Anmut ist  Trug, und die Schönheit Eitelkeit ; ein Weib , das Jehova fürchtet , sie wird gepriesen werden.","Die Anmut ist  Trug, und die Schönheit Eitelkeit ; eine Frau , die HERR fürchtet , sie wird gepriesen werden."
Eccl.7.26,51,Weib,gender-agreement,Nominalgruppe regelbasiert angepasst; längere Pronomenbezüge/Satzkongruenz prüfen.,"Und ich fand , was bitterer  ist als der Tod : das Weib , welches Netzen gleicht, und dessen Herz  Fanggarne, dessen Hände  Fesseln sind. Wer Gott  wohlgefällig ist, wird  ihr entrinnen ; aber der Sünder  wird durch sie  gefangen werden.","Und ich fand , was bitterer  ist als der Tod : die Frau , welche Netzen gleicht, und dessen Herz  Fanggarne, dessen Hände  Fesseln sind. Wer Gott  wohlgefällig ist, wird  ihr entrinnen ; aber der Sünder  wird durch sie  gefangen werden."
Eccl.7.28,134,Weib,gender-agreement,Nominalgruppe regelbasiert angepasst; längere Pronomenbezüge/Satzkongruenz prüfen.,"Was meine Seele  fort und fort gesucht und ich nicht gefunden  habe, ist dies: einen Mann  aus Tausenden habe ich gefunden , aber ein Weib  unter diesen allen habe ich nicht gefunden .","Was meine Seele  fort und fort gesucht und ich nicht gefunden  habe, ist dies: einen Mann  aus Tausenden habe ich gefunden , aber eine Frau  unter diesen allen habe ich nicht gefunden ."
Eccl.9.9,27,Weibe,gender-agreement,Nominalgruppe regelbasiert angepasst; längere Pronomenbezüge/Satzkongruenz prüfen.,"Genieße das Leben  mit dem Weibe , das du liebst, alle Tage  deines eitlen Lebens , welches er dir unter der Sonne gegeben hat , alle  deine eitlen Tage  hindurch; denn das ist dein Teil  am Leben  und an  deiner Mühe , womit du dich abmühst unter der Sonne .","Genieße das Leben  mit der Frau , die du liebst, alle Tage  deines eitlen Lebens , welches er dir unter der Sonne gegeben hat , alle  deine eitlen Tage  hindurch; denn das ist dein Teil  am Leben  und an  deiner Mühe , womit du dich abmühst unter der Sonne ."
Isa.1.4,151,Jehova,divine-name-syntax,Subjekt/Objekt/Anrede ohne eindeutiges Regelsignal; Artikel und Kasus prüfen.,"
        Wehe  der sündigen  Nation, dem Volke , belastet mit Ungerechtigkeit , dem Samen  der Übeltäter, den verderbt  handelnden Kindern ! Sie haben Jehova verlassen , haben den Heiligen Israels  verschmäht, sind rückwärts gewichen. -","
        Wehe  der sündigen  Nation, dem Volke , belastet mit Ungerechtigkeit , dem Samen  der Übeltäter, den verderbt  handelnden Kindern ! Sie haben HERR verlassen , haben den Heiligen Israels  verschmäht, sind rückwärts gewichen. -"
Isa.1.24,26,Jehova,divine-name-syntax,Subjekt/Objekt/Anrede ohne eindeutiges Regelsignal; Artikel und Kasus prüfen.,"Darum spricht  der Herr , Jehova  der Heerscharen , der Mächtige Israels : Ha! Ich werde mich letzen an meinen Widersachern  und Rache nehmen an meinen Feinden .","Darum spricht  der Herr , HERR  der Heerscharen , der Mächtige Israels : Ha! Ich werde mich letzen an meinen Widersachern  und Rache nehmen an meinen Feinden ."
Isa.1.28,71,Jehova,divine-name-syntax,Subjekt/Objekt/Anrede ohne eindeutiges Regelsignal; Artikel und Kasus prüfen.,"Aber Zerschmetterung der Übertreter  und der Sünder  allzumal; und die Jehova verlassen , werden  untergehen.","Aber Zerschmetterung der Übertreter  und der Sünder  allzumal; und die HERR verlassen , werden  untergehen."
Isa.2.12,5,Jehova,divine-name-syntax,Subjekt/Objekt/Anrede ohne eindeutiges Regelsignal; Artikel und Kasus prüfen.,"Denn Jehova  der Heerscharen hat  einen Tag  über alles Hoffärtige  und Hohe , und über alles Erhabene, und es wird erniedrigt  werden;","Denn HERR  der Heerscharen hat  einen Tag  über alles Hoffärtige  und Hohe , und über alles Erhabene, und es wird erniedrigt  werden;"
Isa.3.1,23,Jehova,divine-name-syntax,Subjekt/Objekt/Anrede ohne eindeutiges Regelsignal; Artikel und Kasus prüfen.,"Denn siehe, der Herr , Jehova  der Heerscharen , nimmt von Jerusalem und  von Juda  Stütze und Unterstützung hinweg, jede Stütze des Brotes  und jede Stütze des Wassers ;","Denn siehe, der Herr , HERR  der Heerscharen , nimmt von Jerusalem und  von Juda  Stütze und Unterstützung hinweg, jede Stütze des Brotes  und jede Stütze des Wassers ;"
Isa.3.15,106,Jehova,divine-name-syntax,Subjekt/Objekt/Anrede ohne eindeutiges Regelsignal; Artikel und Kasus prüfen.,"was habt ihr, daß ihr mein Volk zertretet und  das Angesicht  der Elenden  zermalmet? spricht  der Herr , Jehova der Heerscharen .","was habt ihr, dass ihr mein Volk zertretet und  das Angesicht  der Elenden  zermalmet? spricht  der Herr , HERR der Heerscharen ."
Isa.3.17,70,Jehova,divine-name-syntax,Subjekt/Objekt/Anrede ohne eindeutiges Regelsignal; Artikel und Kasus prüfen.,"so wird  der Herr  den Scheitel  der Töchter Zions  kahl machen , und Jehova  ihre Scham entblößen.","so wird  der Herr  den Scheitel  der Töchter Zions  kahl machen , und HERR  ihre Scham entblößen."
Isa.5.16,4,Jehova,divine-name-syntax,Subjekt/Objekt/Anrede ohne eindeutiges Regelsignal; Artikel und Kasus prüfen.,"Und Jehova  der Heerscharen  wird im Gericht  erhaben sein, und Gott , der Heilige , sich heilig  erweisen in Gerechtigkeit . -","Und HERR  der Heerscharen  wird im Gericht  erhaben sein, und Gott , der Heilige , sich heilig  erweisen in Gerechtigkeit . -"
Isa.6.5,201,Jehova,divine-name-syntax,Subjekt/Objekt/Anrede ohne eindeutiges Regelsignal; Artikel und Kasus prüfen.,"
        Und  ich sprach : Wehe mir ! Denn ich bin verloren; denn ich bin ein Mann  von unreinen Lippen , und inmitten eines Volkes  von unreinen Lippen wohne  ich; denn meine Augen  haben den König , Jehova  der Heerscharen , gesehen .","
        Und  ich sprach : Wehe mir ! Denn ich bin verloren; denn ich bin ein Mann  von unreinen Lippen , und inmitten eines Volkes  von unreinen Lippen wohne  ich; denn meine Augen  haben den König , HERR  der Heerscharen , gesehen ."
Isa.6.12,4,Jehova,divine-name-syntax,Subjekt/Objekt/Anrede ohne eindeutiges Regelsignal; Artikel und Kasus prüfen.,"und Jehova  die Menschen  weit entfernt hat, und der verlassenen Orte viele  sind inmitten des Landes .","und HERR  die Menschen  weit entfernt hat, und der verlassenen Orte viele  sind inmitten des Landes ."
Isa.8.13,9,Jehova,divine-name-syntax,Subjekt/Objekt/Anrede ohne eindeutiges Regelsignal; Artikel und Kasus prüfen.,"
        Jehova  der Heerscharen , den sollt ihr heiligen ; und er sei eure Furcht , und er sei euer Schrecken .","
        HERR  der Heerscharen , den sollt ihr heiligen ; und er sei eure Furcht , und er sei euer Schrecken ."
Isa.8.17,18,Jehova,divine-name-syntax,Subjekt/Objekt/Anrede ohne eindeutiges Regelsignal; Artikel und Kasus prüfen.,"Und ich  will auf Jehova  harren, der sein Angesicht verbirgt  vor dem Hause Jakob , und will auf ihn hoffen.","Und ich  will auf HERR  harren, der sein Angesicht verbirgt  vor dem Hause Jakob , und will auf ihn hoffen."
Isa.9.12,59,Jehova,divine-name-syntax,Subjekt/Objekt/Anrede ohne eindeutiges Regelsignal; Artikel und Kasus prüfen.,"Und das Volk  kehrt nicht um  zu dem, der es schlägt , und Jehova  der Heerscharen suchen sie  nicht.","Und das Volk  kehrt nicht um  zu dem, der es schlägt , und HERR  der Heerscharen suchen sie  nicht."
Isa.10.16,23,Jehova,divine-name-syntax,Subjekt/Objekt/Anrede ohne eindeutiges Regelsignal; Artikel und Kasus prüfen.,"Darum wird  der Herr , Jehova  der Heerscharen , Magerkeit senden  unter seine Fetten ; und unter seiner Herrlichkeit  wird ein Brand auflodern wie ein Feuerbrand.","Darum wird  der Herr , HERR  der Heerscharen , Magerkeit senden  unter seine Fetten ; und unter seiner Herrlichkeit  wird ein Brand auflodern wie ein Feuerbrand."
Isa.10.20,189,Jehova,divine-name-syntax,Subjekt/Objekt/Anrede ohne eindeutiges Regelsignal; Artikel und Kasus prüfen.,"Und es wird geschehen an jenem Tage , da wird der Überrest Israels  und das Entronnene des Hauses Jakob sich nicht  mehr stützen auf den, der es schlägt ; sondern es wird sich  stützen auf Jehova , den Heiligen Israels , in Wahrheit .","Und es wird geschehen an jenem Tage , da wird der Überrest Israels  und das Entronnene des Hauses Jakob sich nicht  mehr stützen auf den, der es schlägt ; sondern es wird sich  stützen auf HERR , den Heiligen Israels , in Wahrheit ."
Isa.10.23,16,Jehova,divine-name-syntax,Subjekt/Objekt/Anrede ohne eindeutiges Regelsignal; Artikel und Kasus prüfen.,"Denn der Herr , Jehova der Heerscharen , vollführt Vernichtung und  Festbeschlossenes inmitten der ganzen Erde .","Denn der Herr , HERR der Heerscharen , vollführt Vernichtung und  Festbeschlossenes inmitten der ganzen Erde ."
Isa.10.24,25,Jehova,divine-name-syntax,Subjekt/Objekt/Anrede ohne eindeutiges Regelsignal; Artikel und Kasus prüfen.,"Darum spricht der Herr , Jehova der Heerscharen , also: Fürchte dich  nicht, mein Volk , das in Zion  wohnt, vor Assur , wenn er  dich mit dem Stocke schlagen  und seinen Stab  wider dich erheben  wird nach der Weise Ägyptens !","Darum spricht der Herr , HERR der Heerscharen , also: Fürchte dich  nicht, mein Volk , das in Zion  wohnt, vor Assur , wenn er  dich mit dem Stocke schlagen  und seinen Stab  wider dich erheben  wird nach der Weise Ägyptens !"
Isa.10.26,4,Jehova,divine-name-syntax,Subjekt/Objekt/Anrede ohne eindeutiges Regelsignal; Artikel und Kasus prüfen.,"Und Jehova  der Heerscharen wird  über ihn die Geißel  schwingen wie  in der Niederlage Midians  am Felsen Oreb ; und sein Stab  wird über das Meer  sein, und er wird ihn erheben , wie er ihn über Ägypten  erhob.","Und HERR  der Heerscharen wird  über ihn die Geißel  schwingen wie  in der Niederlage Midians  am Felsen Oreb ; und sein Stab  wird über das Meer  sein, und er wird ihn erheben , wie er ihn über Ägypten  erhob."
Isa.10.33,18,Jehova,divine-name-syntax,Subjekt/Objekt/Anrede ohne eindeutiges Regelsignal; Artikel und Kasus prüfen.,"Siehe, der Herr , Jehova  der Heerscharen , haut mit Schreckensgewalt die Äste  herunter; und  die von hohem Wuchse werden gefällt , und die Emporragenden werden erniedrigt .","Siehe, der Herr , HERR  der Heerscharen , haut mit Schreckensgewalt die Äste  herunter; und  die von hohem Wuchse werden gefällt , und die Emporragenden werden erniedrigt ."
Isa.12.1,55,Jehova,divine-name-syntax,Subjekt/Objekt/Anrede ohne eindeutiges Regelsignal; Artikel und Kasus prüfen.,"Und an jenem Tage  wirst du sagen : Ich  preise dich , Jehova ; denn du warst gegen mich erzürnt : dein Zorn  hat sich gewendet, und du hast mich getröstet .","Und an jenem Tage  wirst du sagen : Ich  preise dich , HERR ; denn du warst gegen mich erzürnt : dein Zorn  hat sich gewendet, und du hast mich getröstet ."
Isa.12.5,9,Jehova,divine-name-syntax,Subjekt/Objekt/Anrede ohne eindeutiges Regelsignal; Artikel und Kasus prüfen.,"Besinget Jehova , denn Herrliches hat  er getan ; solches werde kund  auf der ganzen Erde !","Besinget HERR , denn Herrliches hat  er getan ; solches werde kund  auf der ganzen Erde !"
Isa.13.4,127,Jehova,divine-name-syntax,Subjekt/Objekt/Anrede ohne eindeutiges Regelsignal; Artikel und Kasus prüfen.,"Horch! Ein Getümmel auf  den Bergen , wie  von einem großen Volke ; horch! Ein Getöse von Königreichen  versammelter Nationen: Jehova  der Heerscharen  mustert ein Kriegsheer,","Horch! Ein Getümmel auf  den Bergen , wie  von einem großen Volke ; horch! Ein Getöse von Königreichen  versammelter Nationen: HERR  der Heerscharen  mustert ein Kriegsheer,"
Isa.13.5,53,Jehova,divine-name-syntax,Subjekt/Objekt/Anrede ohne eindeutiges Regelsignal; Artikel und Kasus prüfen.,"aus fernem Lande  Gekommene, vom Ende  des Himmels - Jehova  und die Werkzeuge seines Grimmes, um das ganze Land  zu verderben .","aus fernem Lande  Gekommene, vom Ende  des Himmels - HERR  und die Werkzeuge seines Grimmes, um das ganze Land  zu verderben ."
Isa.14.24,9,Jehova,divine-name-syntax,Subjekt/Objekt/Anrede ohne eindeutiges Regelsignal; Artikel und Kasus prüfen.,"
        Jehova  der Heerscharen hat  geschworen und gesprochen: Wahrlich! Wie  ich es vorbedacht, also geschieht es; und wie ich es beschlossen habe , also wird  es zustande kommen:","
        HERR  der Heerscharen hat  geschworen und gesprochen: Wahrlich! Wie  ich es vorbedacht, also geschieht es; und wie ich es beschlossen habe , also wird  es zustande kommen:"
Isa.14.27,5,Jehova,divine-name-syntax,Subjekt/Objekt/Anrede ohne eindeutiges Regelsignal; Artikel und Kasus prüfen.,"Denn Jehova  der Heerscharen hat  es beschlossen, und wer wird es vereiteln? Und seine ausgestreckte Hand  -wer könnte sie  abwenden?","Denn HERR  der Heerscharen hat  es beschlossen, und wer wird es vereiteln? Und seine ausgestreckte Hand  -wer könnte sie  abwenden?"
Isa.16.14,17,Jehova,divine-name-syntax,Subjekt/Objekt/Anrede ohne eindeutiges Regelsignal; Artikel und Kasus prüfen.,"Jetzt aber redet Jehova und spricht : In drei  Jahren, wie die Jahre  eines Tagelöhners , da wird die Herrlichkeit Moabs verächtlich  gemacht werden samt all der großen Menge ; und der Überrest wird sehr gering, nicht groß  sein.","Jetzt aber redet HERR und spricht : In drei  Jahren, wie die Jahre  eines Tagelöhners , da wird die Herrlichkeit Moabs verächtlich  gemacht werden samt all der großen Menge ; und der Überrest wird sehr gering, nicht groß  sein."
Isa.18.5,22,sobald,spelling-context,Kontextabhängige Schreibung/modernes Homograph; unverändert prüfen.,"Denn vor  der Ernte , sobald die Blüte  vorbei ist  und die Blume zur reifenden Traube  wird, da wird er  die Reben abschneiden  mit Winzermessern und die Ranken  hinwegtun, abhauen .","Denn vor  der Ernte , sobald die Blüte  vorbei ist  und die Blume zur reifenden Traube  wird, da wird er  die Reben abschneiden  mit Winzermessern und die Ranken  hinwegtun, abhauen ."
Isa.19.4,153,Jehova,divine-name-syntax,Subjekt/Objekt/Anrede ohne eindeutiges Regelsignal; Artikel und Kasus prüfen.,"
        Und  ich will die Ägypter  überliefern in die Hand  eines harten Herrn ; und ein grausamer König  wird über sie herrschen , spricht  der Herr , Jehova  der Heerscharen. -","
        Und  ich will die Ägypter  überliefern in die Hand  eines harten Herrn ; und ein grausamer König  wird über sie herrschen , spricht  der Herr , HERR  der Heerscharen. -"
Isa.19.21,176,Jehova,divine-name-syntax,Subjekt/Objekt/Anrede ohne eindeutiges Regelsignal; Artikel und Kasus prüfen.,"Und Jehova  wird sich  den Ägyptern  kundgeben, und die Ägypter  werden Jehova erkennen  an jenem Tage ; und sie werden dienen  mit Schlachtopfern und Speisopfern , und werden Jehova Gelübde  tun und bezahlen .","Und der HERR  wird sich  den Ägyptern  kundgeben, und die Ägypter  werden den HERRN erkennen  an jenem Tage ; und sie werden dienen  mit Schlachtopfern und Speisopfern , und werden HERR Gelübde  tun und bezahlen ."
Isa.19.25,5,Jehova,divine-name-syntax,Subjekt/Objekt/Anrede ohne eindeutiges Regelsignal; Artikel und Kasus prüfen.,"denn Jehova  der Heerscharen  segnet es und spricht : Gesegnet sei  mein Volk Ägypten , und Assyrien , meiner Hände Werk , und Israel , mein Erbteil !","denn HERR  der Heerscharen  segnet es und spricht : Gesegnet sei  mein Volk Ägypten , und Assyrien , meiner Hände Werk , und Israel , mein Erbteil !"
Isa.21.17,97,Jehova,divine-name-syntax,Subjekt/Objekt/Anrede ohne eindeutiges Regelsignal; Artikel und Kasus prüfen.,"Und die übriggebliebene Zahl  der Bogen , der Helden  der Söhne Kedars , wird gering  sein; denn Jehova , der Gott Israels , hat  geredet.","Und die übriggebliebene Zahl  der Bogen , der Helden  der Söhne Kedars , wird gering  sein; denn HERR , der Gott Israels , hat  geredet."
Isa.22.5,88,Jehova,divine-name-syntax,Subjekt/Objekt/Anrede ohne eindeutiges Regelsignal; Artikel und Kasus prüfen.,"Denn es ist ein Tag  der Bestürzung und der Zertretung  und der Verwirrung  vom Herrn , Jehova der Heerscharen , im Tal  der Gesichte , ein Tag, der Mauern  zertrümmert; und Wehgeschrei hallt nach dem Gebirge  hin.","Denn es ist ein Tag  der Bestürzung und der Zertretung  und der Verwirrung  vom Herrn , HERR der Heerscharen , im Tal  der Gesichte , ein Tag, der Mauern  zertrümmert; und Wehgeschrei hallt nach dem Gebirge  hin."
Isa.22.12,24,Jehova,divine-name-syntax,Subjekt/Objekt/Anrede ohne eindeutiges Regelsignal; Artikel und Kasus prüfen.,"Und es ruft  der Herr , Jehova der Heerscharen , an jenem Tage  zum Weinen  und zur Wehklage, und zum Haarscheren und zur Sackumgürtung.","Und es ruft  der Herr , HERR der Heerscharen , an jenem Tage  zum Weinen  und zur Wehklage, und zum Haarscheren und zur Sackumgürtung."
Isa.22.14,4,Jehova,divine-name-syntax,Subjekt/Objekt/Anrede ohne eindeutiges Regelsignal; Artikel und Kasus prüfen.,"Und Jehova der Heerscharen hat  sich meinen Ohren  geoffenbart: Wenn euch diese Missetat  vergeben wird , bis ihr sterbet ! spricht  der Herr , Jehova der Heerscharen .","Und HERR der Heerscharen hat  sich meinen Ohren  geoffenbart: Wenn euch diese Missetat  vergeben wird , bis ihr sterbet ! spricht  der Herr , HERR der Heerscharen ."
Isa.22.14,144,Jehova,divine-name-syntax,Subjekt/Objekt/Anrede ohne eindeutiges Regelsignal; Artikel und Kasus prüfen.,"Und Jehova der Heerscharen hat  sich meinen Ohren  geoffenbart: Wenn euch diese Missetat  vergeben wird , bis ihr sterbet ! spricht  der Herr , Jehova der Heerscharen .","Und HERR der Heerscharen hat  sich meinen Ohren  geoffenbart: Wenn euch diese Missetat  vergeben wird , bis ihr sterbet ! spricht  der Herr , HERR der Heerscharen ."
Isa.22.15,22,Jehova,divine-name-syntax,Subjekt/Objekt/Anrede ohne eindeutiges Regelsignal; Artikel und Kasus prüfen.,"So sprach  der Herr , Jehova der Heerscharen : Auf! Geh zu diesem Verwalter da, zu Schebna, der über das Haus  ist, und  sprich:","So sprach  der Herr , HERR der Heerscharen : Auf! Geh zu diesem Verwalter da, zu Schebna, der über das Haus  ist, und  sprich:"
Isa.22.25,221,Jehova,divine-name-syntax,Subjekt/Objekt/Anrede ohne eindeutiges Regelsignal; Artikel und Kasus prüfen.,"An jenem Tage , spricht Jehova  der Heerscharen , wird der Pflock weichen , der eingeschlagen war  an einem festen Orte , und  er wird abgehauen werden  und fallen ; und die Last , die er trug, wird zu Grunde gehen; denn Jehova  der Heerscharen hat  geredet.","An jenem Tage , spricht der HERR  der Heerscharen , wird der Pflock weichen , der eingeschlagen war  an einem festen Orte , und  er wird abgehauen werden  und fallen ; und die Last , die er trug, wird zu Grunde gehen; denn HERR  der Heerscharen hat  geredet."
Isa.23.5,0,Sobald,spelling-context,Kontextabhängige Schreibung/modernes Homograph; unverändert prüfen.,"Sobald die Kunde nach Ägypten  kommt, werden sie  zittern bei der Kunde von Tyrus .","Sobald die Kunde nach Ägypten  kommt, werden sie  zittern bei der Kunde von Tyrus ."
Isa.23.9,9,Jehova,divine-name-syntax,Subjekt/Objekt/Anrede ohne eindeutiges Regelsignal; Artikel und Kasus prüfen.,"
        Jehova  der Heerscharen hat  es beschlossen, um zu entweihen  den Stolz  jeder Pracht , um verächtlich  zu machen  alle Vornehmen der Erde .","
        HERR  der Heerscharen hat  es beschlossen, um zu entweihen  den Stolz  jeder Pracht , um verächtlich  zu machen  alle Vornehmen der Erde ."
Isa.23.18,40,Jehova,divine-name-syntax,Subjekt/Objekt/Anrede ohne eindeutiges Regelsignal; Artikel und Kasus prüfen.,"Und ihr  Erwerb und ihr Hurenlohn  wird Jehova heilig  sein; er wird nicht aufgehäuft und nicht aufbewahrt werden ; sondern ihr Erwerb wird für die sein, die vor Jehova  wohnen, damit sie essen  bis zur Sättigung und prächtig gekleidet seien.","Und ihr  Erwerb und ihr Hurenlohn  wird HERR heilig  sein; er wird nicht aufgehäuft und nicht aufbewahrt werden ; sondern ihr Erwerb wird für die sein, die vor dem HERRN  wohnen, damit sie essen  bis zur Sättigung und prächtig gekleidet seien."
Isa.24.1,7,Jehova,divine-name-syntax,Subjekt/Objekt/Anrede ohne eindeutiges Regelsignal; Artikel und Kasus prüfen.,"Siehe, Jehova  leert das Land  aus und  verödet es; und er kehrt seine Oberfläche um  und zerstreut  seine Bewohner.","Siehe, HERR  leert das Land  aus und  verödet es; und er kehrt seine Oberfläche um  und zerstreut  seine Bewohner."
Isa.24.23,75,Jehova,divine-name-syntax,Subjekt/Objekt/Anrede ohne eindeutiges Regelsignal; Artikel und Kasus prüfen.,"Und der Mond  wird mit Scham bedeckt und die Sonne  beschämt werden ; denn Jehova  der Heerscharen  herrscht als König  auf dem Berge Zion  und in Jerusalem , und vor seinen Ältesten  ist Herrlichkeit .","Und der Mond  wird mit Scham bedeckt und die Sonne  beschämt werden ; denn HERR  der Heerscharen  herrscht als König  auf dem Berge Zion  und in Jerusalem , und vor seinen Ältesten  ist Herrlichkeit ."
Isa.25.6,22,Jehova,divine-name-syntax,Subjekt/Objekt/Anrede ohne eindeutiges Regelsignal; Artikel und Kasus prüfen.,"
        Und 
        Jehova  der Heerscharen  wird auf diesem Berge  allen Völkern  ein Mahl  von Fettspeisen bereiten, ein Mahl  von Hefenweinen, von markigen Fettspeisen, geläuterten Hefenweinen.","
        Und 
        HERR  der Heerscharen  wird auf diesem Berge  allen Völkern  ein Mahl  von Fettspeisen bereiten, ein Mahl  von Hefenweinen, von markigen Fettspeisen, geläuterten Hefenweinen."
Isa.26.8,21,Jehova,divine-name-syntax,Subjekt/Objekt/Anrede ohne eindeutiges Regelsignal; Artikel und Kasus prüfen.,"Ja, wir haben  dich, Jehova , erwartet auf dem Pfade  deiner Gerichte ; nach deinem Namen  und nach deinem Gedächtnis  ging das Verlangen der Seele .","Ja, wir haben  dich, HERR , erwartet auf dem Pfade  deiner Gerichte ; nach deinem Namen  und nach deinem Gedächtnis  ging das Verlangen der Seele ."
Isa.26.13,9,Jehova,divine-name-syntax,Subjekt/Objekt/Anrede ohne eindeutiges Regelsignal; Artikel und Kasus prüfen.,"
        Jehova , unser Gott , über uns haben Herren  geherrscht außer  dir; durch dich allein gedenken  wir deines Namens .","
        HERR , unser Gott , über uns haben Herren  geherrscht außer  dir; durch dich allein gedenken  wir deines Namens ."
Isa.26.16,9,Jehova,divine-name-syntax,Subjekt/Objekt/Anrede ohne eindeutiges Regelsignal; Artikel und Kasus prüfen.,"
        Jehova , in der Bedrängnis haben sie  dich gesucht; als deine Züchtigung  sie traf, flehten sie mit flüsterndem Gebet.","
        HERR , in der Bedrängnis haben sie  dich gesucht; als deine Züchtigung  sie traf, flehten sie mit flüsterndem Gebet."
Isa.26.17,122,Jehova,divine-name-syntax,Subjekt/Objekt/Anrede ohne eindeutiges Regelsignal; Artikel und Kasus prüfen.,"
        Wie  eine Schwangere , die, dem Gebären  nahe, sich  windet und  schreit in ihren Wehen : also sind wir gewesen, Jehova , fern von deinem Angesicht .","
        Wie  eine Schwangere , die, dem Gebären  nahe, sich  windet und  schreit in ihren Wehen : also sind wir gewesen, HERR , fern von deinem Angesicht ."
Isa.26.21,12,Jehova,divine-name-syntax,Subjekt/Objekt/Anrede ohne eindeutiges Regelsignal; Artikel und Kasus prüfen.,"Denn siehe, Jehova  tritt hervor aus  seiner Stätte , um die Ungerechtigkeit  der Bewohner der Erde  an ihnen heimzusuchen ; und  die Erde  enthüllt ihr Blut  und bedeckt  nicht länger ihre Ermordeten.","Denn siehe, HERR  tritt hervor aus  seiner Stätte , um die Ungerechtigkeit  der Bewohner der Erde  an ihnen heimzusuchen ; und  die Erde  enthüllt ihr Blut  und bedeckt  nicht länger ihre Ermordeten."
Isa.27.13,193,Jehova,divine-name-syntax,Subjekt/Objekt/Anrede ohne eindeutiges Regelsignal; Artikel und Kasus prüfen.,"
        Und  es wird geschehen an  jenem Tage , da wird in eine große Posaune  gestoßen werden, und die Verlorenen  im Lande Assyrien  und die Vertriebenen im Land Ägypten  werden kommen  und Jehova  anbeten auf dem heiligen Berge  zu Jerusalem .","
        Und  es wird geschehen an  jenem Tage , da wird in eine große Posaune  gestoßen werden, und die Verlorenen  im Lande Assyrien  und die Vertriebenen im Land Ägypten  werden kommen  und HERR  anbeten auf dem heiligen Berge  zu Jerusalem ."
Isa.28.16,30,Jehova,divine-name-syntax,Subjekt/Objekt/Anrede ohne eindeutiges Regelsignal; Artikel und Kasus prüfen.,"Darum, so spricht  der Herr , Jehova: Siehe, ich gründe einen Stein  in Zion , einen bewährten Stein , einen kostbaren Eckstein , aufs festeste gegründet ; wer glaubt , wird nicht  ängstlich eilen.","Darum, so spricht  der Herr , HERR: Siehe, ich gründe einen Stein  in Zion , einen bewährten Stein , einen kostbaren Eckstein , aufs festeste gegründet ; wer glaubt , wird nicht  ängstlich eilen."
Isa.30.15,28,Jehova,divine-name-syntax,Subjekt/Objekt/Anrede ohne eindeutiges Regelsignal; Artikel und Kasus prüfen.,"Denn so spricht  der Herr , Jehova, der Heilige Israels : Durch Umkehr und durch Ruhe  würdet ihr gerettet werden; in Stillsein und in Vertrauen würde eure Stärke sein . Aber ihr habt nicht  gewollt;","Denn so spricht  der Herr , HERR, der Heilige Israels : Durch Umkehr und durch Ruhe  würdet ihr gerettet werden; in Stillsein und in Vertrauen würde eure Stärke sein . Aber ihr habt nicht  gewollt;"
Isa.30.19,152,Sobald,spelling-context,Kontextabhängige Schreibung/modernes Homograph; unverändert prüfen.,"Denn ein Volk wird  in Zion wohnen , in Jerusalem . Du  wirst nie mehr weinen ; er wird  dir gewißlich Gnade erweisen auf die Stimme  deines Schreiens. Sobald er hört , wird er dir antworten .","Denn ein Volk wird  in Zion wohnen , in Jerusalem . Du  wirst nie mehr weinen ; er wird  dir gewisslich Gnade erweisen auf die Stimme  deines Schreiens. Sobald er hört , wird er dir antworten ."
Isa.30.26,166,Jehova,divine-name-syntax,Subjekt/Objekt/Anrede ohne eindeutiges Regelsignal; Artikel und Kasus prüfen.,"Und das Licht  des Mondes wird  sein wie das Licht  der Sonne , und das Licht  der Sonne  wird siebenfältig  sein, wie das Licht  von sieben Tagen , an dem Tage , da Jehova  den Schaden  seines Volkes verbinden  und seiner Schläge Wunden  heilen wird.","Und das Licht  des Mondes wird  sein wie das Licht  der Sonne , und das Licht  der Sonne  wird siebenfältig  sein, wie das Licht  von sieben Tagen , an dem Tage , da HERR  den Schaden  seines Volkes verbinden  und seiner Schläge Wunden  heilen wird."
Isa.30.32,74,Jehova,divine-name-syntax,Subjekt/Objekt/Anrede ohne eindeutiges Regelsignal; Artikel und Kasus prüfen.,"
        Und  es wird  geschehen, jeder Streich der verhängten Rute , die Jehova  auf ihn  herabfahren läßt, ergeht unter Tamburin-und Lautenspiel; und mit geschwungenem Arme wird er gegen ihn kämpfen.","
        Und  es wird  geschehen, jeder Streich der verhängten Rute , die HERR  auf ihn  herabfahren lässt, ergeht unter Tamburin-und Lautenspiel; und mit geschwungenem Arme wird er gegen ihn kämpfen."
Isa.31.3,101,Jehova,divine-name-syntax,Subjekt/Objekt/Anrede ohne eindeutiges Regelsignal; Artikel und Kasus prüfen.,"Und die Ägypter  sind Menschen  und nicht Gott , und ihre Rosse  sind Fleisch  und nicht Geist . Und Jehova  streckt seine Hand aus , und es strauchelt der Helfer , und es stürzt der, welchem geholfen wird ; und sie werden  zunichte alle miteinander .","Und die Ägypter  sind Menschen  und nicht Gott , und ihre Rosse  sind Fleisch  und nicht Geist . Und HERR  streckt seine Hand aus , und es strauchelt der Helfer , und es stürzt der, welchem geholfen wird ; und sie werden  zunichte alle miteinander ."
Isa.33.1,123,Sobald,spelling-context,Kontextabhängige Schreibung/modernes Homograph; unverändert prüfen.,"
        Wehe  dir, Verwüster, und du  selbst wurdest nicht verwüstet ; und dir, Räuber , und man hat  dich nicht beraubt! Sobald du  das Verwüsten vollendet hast , wirst du verwüstet werden ; sobald du mit dem Rauben fertig bist, wirst du beraubt werden. -","
        Wehe  dir, Verwüster, und du  selbst wurdest nicht verwüstet ; und dir, Räuber , und man hat  dich nicht beraubt! Sobald du  das Verwüsten vollendet hast , wirst du verwüstet werden ; sobald du mit dem Rauben fertig bist, wirst du beraubt werden. -"
Isa.33.1,193,sobald,spelling-context,Kontextabhängige Schreibung/modernes Homograph; unverändert prüfen.,"
        Wehe  dir, Verwüster, und du  selbst wurdest nicht verwüstet ; und dir, Räuber , und man hat  dich nicht beraubt! Sobald du  das Verwüsten vollendet hast , wirst du verwüstet werden ; sobald du mit dem Rauben fertig bist, wirst du beraubt werden. -","
        Wehe  dir, Verwüster, und du  selbst wurdest nicht verwüstet ; und dir, Räuber , und man hat  dich nicht beraubt! Sobald du  das Verwüsten vollendet hast , wirst du verwüstet werden ; sobald du mit dem Rauben fertig bist, wirst du beraubt werden. -"
Isa.33.21,36,Jehova,divine-name-syntax,Subjekt/Objekt/Anrede ohne eindeutiges Regelsignal; Artikel und Kasus prüfen.,"sondern daselbst ist ein Mächtiger, Jehova , bei uns ; ein Ort  von Flüssen, von breiten Strömen: kein  Ruderschiff kommt  hinein, und durch  denselben zieht kein mächtiges Schiff .","sondern daselbst ist ein Mächtiger, HERR , bei uns ; ein Ort  von Flüssen, von breiten Strömen: kein  Ruderschiff kommt  hinein, und durch  denselben zieht kein mächtiges Schiff ."
Isa.33.22,33,Jehova,divine-name-syntax,Subjekt/Objekt/Anrede ohne eindeutiges Regelsignal; Artikel und Kasus prüfen.,"Denn Jehova  ist unser Richter , Jehova  unser Feldherr, Jehova  unser König ; er  wird uns retten. -","Denn der HERR  ist unser Richter , HERR  unser Feldherr, HERR  unser König ; er  wird uns retten. -"
Isa.33.22,57,Jehova,divine-name-syntax,Subjekt/Objekt/Anrede ohne eindeutiges Regelsignal; Artikel und Kasus prüfen.,"Denn Jehova  ist unser Richter , Jehova  unser Feldherr, Jehova  unser König ; er  wird uns retten. -","Denn der HERR  ist unser Richter , HERR  unser Feldherr, HERR  unser König ; er  wird uns retten. -"
Isa.36.7,34,Jehova,divine-name-syntax,Subjekt/Objekt/Anrede ohne eindeutiges Regelsignal; Artikel und Kasus prüfen.,"Und wenn du  zu mir sprichst: Auf Jehova , unseren Gott , vertrauen wir; ist er  es nicht, dessen Höhen  und dessen Altäre Hiskia  hinweggetan, da er  zu Juda  und zu Jerusalem gesagt  hat: Vor diesem Altar  sollt ihr anbeten ?","Und wenn du  zu mir sprichst: Auf HERR , unseren Gott , vertrauen wir; ist er  es nicht, dessen Höhen  und dessen Altäre Hiskia  hinweggetan, da er  zu Juda  und zu Jerusalem gesagt  hat: Vor diesem Altar  sollt ihr anbeten ?"
Isa.36.15,31,Jehova,divine-name-syntax,Subjekt/Objekt/Anrede ohne eindeutiges Regelsignal; Artikel und Kasus prüfen.,"Und daß Hiskia  euch nicht auf Jehova  vertröste, indem er  spricht: Jehova  wird uns gewißlich erretten; diese Stadt  wird nicht  in die Hand  des Königs  von Assyrien gegeben  werden.","Und dass Hiskia  euch nicht auf HERR  vertröste, indem er  spricht: der HERR  wird uns gewisslich erretten; diese Stadt  wird nicht  in die Hand  des Königs  von Assyrien gegeben  werden."
Isa.37.16,9,Jehova,divine-name-syntax,Subjekt/Objekt/Anrede ohne eindeutiges Regelsignal; Artikel und Kasus prüfen.,"
        Jehova  der Heerscharen , Gott Israels , der du  zwischen den Cherubim  thronst, du allein bist es, der der Gott  ist von allen Königreichen  der Erde ; du hast den Himmel  und die Erde gemacht .","
        HERR  der Heerscharen , Gott Israels , der du  zwischen den Cherubim  thronst, du allein bist es, der der Gott  ist von allen Königreichen  der Erde ; du hast den Himmel  und die Erde gemacht ."
Isa.37.18,10,Jehova,divine-name-syntax,Subjekt/Objekt/Anrede ohne eindeutiges Regelsignal; Artikel und Kasus prüfen.,"Wahrlich, Jehova , die Könige  von Assyrien haben  alle Nationen und ihr Land  verwüstet;","Wahrlich, HERR , die Könige  von Assyrien haben  alle Nationen und ihr Land  verwüstet;"
Isa.37.20,116,Jehova,divine-name-syntax,Subjekt/Objekt/Anrede ohne eindeutiges Regelsignal; Artikel und Kasus prüfen.,"Und nun, Jehova , unser Gott , rette uns  von seiner Hand , damit alle Königreiche  der Erde wissen , daß du allein Jehova  bist!","Und nun, HERR , unser Gott , rette uns  von seiner Hand , damit alle Königreiche  der Erde wissen , dass du allein HERR  bist!"
Isa.38.3,15,Jehova,divine-name-syntax,Subjekt/Objekt/Anrede ohne eindeutiges Regelsignal; Artikel und Kasus prüfen.,"
        Ach , Jehova ! Gedenke  doch, daß ich vor deinem Angesicht gewandelt habe  in Wahrheit  und mit ungeteiltem Herzen , und daß ich getan , was gut  ist in deinen Augen ! Und Hiskia weinte sehr .","
        Ach , HERR ! Gedenke  doch, dass ich vor deinem Angesicht gewandelt habe  in Wahrheit  und mit ungeteiltem Herzen , und dass ich getan , was gut  ist in deinen Augen ! Und Hiskia weinte sehr ."
Isa.38.11,41,Jehova,divine-name-syntax,Subjekt/Objekt/Anrede ohne eindeutiges Regelsignal; Artikel und Kasus prüfen.,"
        Ich 
        sprach : Ich werde Jehova nicht sehen , Jehova im Lande  der Lebendigen ; ich werde Menschen  nicht mehr erblicken bei den Bewohnern des Totenreiches.","
        Ich 
        sprach : Ich werde HERR nicht sehen , HERR im Lande  der Lebendigen ; ich werde Menschen  nicht mehr erblicken bei den Bewohnern des Totenreiches."
Isa.38.11,62,Jehova,divine-name-syntax,Subjekt/Objekt/Anrede ohne eindeutiges Regelsignal; Artikel und Kasus prüfen.,"
        Ich 
        sprach : Ich werde Jehova nicht sehen , Jehova im Lande  der Lebendigen ; ich werde Menschen  nicht mehr erblicken bei den Bewohnern des Totenreiches.","
        Ich 
        sprach : Ich werde HERR nicht sehen , HERR im Lande  der Lebendigen ; ich werde Menschen  nicht mehr erblicken bei den Bewohnern des Totenreiches."
Isa.40.31,13,Jehova,divine-name-syntax,Subjekt/Objekt/Anrede ohne eindeutiges Regelsignal; Artikel und Kasus prüfen.,"aber die auf Jehova harren , gewinnen neue Kraft : sie heben die Schwingen empor wie die Adler ; sie laufen  und ermatten nicht, sie gehen  und ermüden nicht.","aber die auf HERR harren , gewinnen neue Kraft : sie heben die Schwingen empor wie die Adler ; sie laufen  und ermatten nicht, sie gehen  und ermüden nicht."
Isa.42.5,18,Jehova,divine-name-syntax,Subjekt/Objekt/Anrede ohne eindeutiges Regelsignal; Artikel und Kasus prüfen.,"So spricht Gott , Jehova , der  die Himmel schuf  und sie ausspannte, der die Erde  ausbreitete mit ihren Gewächsen, dem Volke auf  ihr den Odem gab , und den Lebenshauch denen, die darauf wandeln :","So spricht Gott , HERR , der  die Himmel schuf  und sie ausspannte, der die Erde  ausbreitete mit ihren Gewächsen, dem Volke auf  ihr den Odem gab , und den Lebenshauch denen, die darauf wandeln :"
Isa.42.21,9,Jehova,divine-name-syntax,Subjekt/Objekt/Anrede ohne eindeutiges Regelsignal; Artikel und Kasus prüfen.,"
        Jehova  gefiel es um seiner Gerechtigkeit  willen, das Gesetz  groß und herrlich  zu machen .","
        HERR  gefiel es um seiner Gerechtigkeit  willen, das Gesetz  groß und herrlich  zu machen ."
Isa.42.24,71,Jehova,divine-name-syntax,Subjekt/Objekt/Anrede ohne eindeutiges Regelsignal; Artikel und Kasus prüfen.,"Wer hat Jakob  der Plünderung hingegeben und Israel dn  Räubern? Nicht Jehova , gegen den wir gesündigt  haben? Und sie  wollten nicht auf seinen Wegen wandeln , und hörten  nicht auf sein Gesetz .","Wer hat Jakob  der Plünderung hingegeben und Israel dn  Räubern? Nicht HERR , gegen den wir gesündigt  haben? Und sie  wollten nicht auf seinen Wegen wandeln , und hörten  nicht auf sein Gesetz ."
Isa.44.6,58,Jehova,divine-name-syntax,Subjekt/Objekt/Anrede ohne eindeutiges Regelsignal; Artikel und Kasus prüfen.,"So spricht Jehova , der König Israels  und sein Erlöser , Jehova  der Heerscharen : Ich bin der Erste  und bin der Letzte, und außer  mir ist kein Gott .","So spricht der HERR , der König Israels  und sein Erlöser , HERR  der Heerscharen : Ich bin der Erste  und bin der Letzte, und außer  mir ist kein Gott ."
Isa.45.3,100,Jehova,divine-name-syntax,Subjekt/Objekt/Anrede ohne eindeutiges Regelsignal; Artikel und Kasus prüfen.,"und ich werde dir verborgene Schätze  und versteckte Reichtümer geben , auf daß du wissest, daß ich Jehova  bin, der dich bei deinem Namen gerufen hat , der Gott Israels .","und ich werde dir verborgene Schätze  und versteckte Reichtümer geben , auf dass du wissest, dass ich HERR  bin, der dich bei deinem Namen gerufen hat , der Gott Israels ."
Isa.45.10,70,Weibe,gender-agreement,Nominalgruppe regelbasiert angepasst; längere Pronomenbezüge/Satzkongruenz prüfen.,"
        Wehe  dem, der zum Vater  spricht: Warum zeugst du ? Und zum Weibe : Warum gebierst du ?","
        Wehe  dem, der zum Vater  spricht: Warum zeugst du ? Und zur Frau : Warum gebierst du ?"
Isa.47.4,16,Jehova,divine-name-syntax,Subjekt/Objekt/Anrede ohne eindeutiges Regelsignal; Artikel und Kasus prüfen.,"Unser Erlöser , Jehova  der Heerscharen  ist sein Name , der Heilige Israels ! -","Unser Erlöser , HERR  der Heerscharen  ist sein Name , der Heilige Israels ! -"
Isa.48.2,94,Jehova,divine-name-syntax,Subjekt/Objekt/Anrede ohne eindeutiges Regelsignal; Artikel und Kasus prüfen.,"denn nach der heiligen Stadt  nennen sie  sich, und sie  stützen sich auf  den Gott Israels , Jehova  der Heerscharen ist sein Name :","denn nach der heiligen Stadt  nennen sie  sich, und sie  stützen sich auf  den Gott Israels , HERR  der Heerscharen ist sein Name :"
Isa.48.16,156,Jehova,divine-name-syntax,Subjekt/Objekt/Anrede ohne eindeutiges Regelsignal; Artikel und Kasus prüfen.,"Nahet euch zu  mir, höret dieses! Ich habe  vom Anfang  an nicht im Verborgenen  geredet; von der Zeit  an, da es ward, bin ich da. Und nun hat  der Herr , Jehova, mich gesandt  und sein Geist . -","Nahet euch zu  mir, höret dieses! Ich habe  vom Anfang  an nicht im Verborgenen  geredet; von der Zeit  an, da es ward, bin ich da. Und nun hat  der Herr , HERR, mich gesandt  und sein Geist . -"
Isa.49.15,16,Weib,gender-agreement,Nominalgruppe regelbasiert angepasst; längere Pronomenbezüge/Satzkongruenz prüfen.,"Könnte auch ein Weib  ihres Säuglings vergessen , daß sie sich nicht  erbarmte über den Sohn  ihres Leibes ? Sollten selbst diese vergessen, ich werde deiner nicht  vergessen.","Könnte auch eine Frau  ihres Säuglings vergessen , dass sie sich nicht  erbarmte über den Sohn  ihres Leibes ? Sollten selbst diese vergessen, ich werde deiner nicht  vergessen."
Isa.49.22,23,Jehova,divine-name-syntax,Subjekt/Objekt/Anrede ohne eindeutiges Regelsignal; Artikel und Kasus prüfen.,"So spricht  der Herr , Jehova: Siehe, ich werde meine Hand  zu den Nationen hin erheben , und  zu den Völkern  hin mein Panier  aufrichten; und  sie werden deine Söhne  im Busen bringen , und deine Töchter  werden auf  der Schulter getragen werden.","So spricht  der Herr , HERR: Siehe, ich werde meine Hand  zu den Nationen hin erheben , und  zu den Völkern  hin mein Panier  aufrichten; und  sie werden deine Söhne  im Busen bringen , und deine Töchter  werden auf  der Schulter getragen werden."
Isa.49.23,207,Jehova,divine-name-syntax,Subjekt/Objekt/Anrede ohne eindeutiges Regelsignal; Artikel und Kasus prüfen.,"Und Könige  werden deine Wärter sein , und ihre Fürstinnen  deine Ammen; sie werden sich  vor dir niederwerfen mit dem Antlitz  zur Erde , und den Staub  deiner Füße lecken . Und du wirst erkennen , daß ich Jehova  bin: die auf mich  harren, werden nicht beschämt werden.","Und Könige  werden deine Wärter sein , und ihre Fürstinnen  deine Ammen; sie werden sich  vor dir niederwerfen mit dem Antlitz  zur Erde , und den Staub  deiner Füße lecken . Und du wirst erkennen , dass ich HERR  bin: die auf mich  harren, werden nicht beschämt werden."
Isa.51.1,73,Jehova,divine-name-syntax,Subjekt/Objekt/Anrede ohne eindeutiges Regelsignal; Artikel und Kasus prüfen.,"
        Höret  auf mich, die  ihr der Gerechtigkeit  nachjaget, die ihr Jehova suchet ! Blicket hin auf den Felsen , aus  dem ihr gehauen, und auf die Höhlung der Grube , aus welcher ihr gegraben seid .","
        Höret  auf mich, die  ihr der Gerechtigkeit  nachjaget, die ihr HERR suchet ! Blicket hin auf den Felsen , aus  dem ihr gehauen, und auf die Höhlung der Grube , aus welcher ihr gegraben seid ."
Isa.51.3,5,Jehova,divine-name-syntax,Subjekt/Objekt/Anrede ohne eindeutiges Regelsignal; Artikel und Kasus prüfen.,"Denn Jehova tröstet Zion , tröstet  alle ihre Trümmer; und  er macht ihre Wüste  gleich Eden , und  ihre Steppe gleich dem Garten  Jehovas. Wonne und Freude  werden darin gefunden  werden, Danklied und Stimme  des Gesanges.","Denn HERR tröstet Zion , tröstet  alle ihre Trümmer; und  er macht ihre Wüste  gleich Eden , und  ihre Steppe gleich dem Garten  des HERRN. Wonne und Freude  werden darin gefunden  werden, Danklied und Stimme  des Gesanges."
Isa.51.15,82,Jehova,divine-name-syntax,Subjekt/Objekt/Anrede ohne eindeutiges Regelsignal; Artikel und Kasus prüfen.,"Denn ich bin Jehova , dein Gott , der das Meer  erregt, und seine Wogen brausen ; Jehova  der Heerscharen  ist sein Name . -","Denn ich bin HERR , dein Gott , der das Meer  erregt, und seine Wogen brausen ; HERR  der Heerscharen  ist sein Name . -"
Isa.52.4,28,Jehova,divine-name-syntax,Subjekt/Objekt/Anrede ohne eindeutiges Regelsignal; Artikel und Kasus prüfen.,"Denn so spricht  der Herr , Jehova: Nach Ägypten  zog mein Volk  im Anfang hinab , um sich  daselbst aufzuhalten; und Assyrien  hat es  ohne Ursache bedrückt .","Denn so spricht  der Herr , HERR: Nach Ägypten  zog mein Volk  im Anfang hinab , um sich  daselbst aufzuhalten; und Assyrien  hat es  ohne Ursache bedrückt ."
Isa.52.8,120,Jehova,divine-name-syntax,Subjekt/Objekt/Anrede ohne eindeutiges Regelsignal; Artikel und Kasus prüfen.,"
        Stimme  deiner Wächter ! Sie erheben  die Stimme , sie  jauchzen insgesamt; denn Auge  in Auge sehen  sie, wie Jehova Zion  wiederbringt.","
        Stimme  deiner Wächter ! Sie erheben  die Stimme , sie  jauchzen insgesamt; denn Auge  in Auge sehen  sie, wie HERR Zion  wiederbringt."
Isa.52.12,78,Jehova,divine-name-syntax,Subjekt/Objekt/Anrede ohne eindeutiges Regelsignal; Artikel und Kasus prüfen.,"Denn nicht in Hast sollt ihr ausziehen , und  nicht in Flucht  weggehen; denn Jehova  zieht vor euch  her, und eure Nachhut ist  der Gott Israels .","Denn nicht in Hast sollt ihr ausziehen , und  nicht in Flucht  weggehen; denn HERR  zieht vor euch  her, und eure Nachhut ist  der Gott Israels ."
Isa.53.10,5,Jehova,divine-name-syntax,Subjekt/Objekt/Anrede ohne eindeutiges Regelsignal; Artikel und Kasus prüfen.,"Doch Jehova gefiel es, ihn  zu zerschlagen , er hat ihn  leiden lassen. Wenn seine Seele  das Schuldopfer  gestellt haben wird , so wird  er Samen sehen , er wird seine Tage verlängern ; und das Wohlgefallen Jehovas wird in seiner Hand  gedeihen.","Doch HERR gefiel es, ihn  zu zerschlagen , er hat ihn  leiden lassen. Wenn seine Seele  das Schuldopfer  gestellt haben wird , so wird  er Samen sehen , er wird seine Tage verlängern ; und das Wohlgefallen des HERRN wird in seiner Hand  gedeihen."
Isa.54.5,44,Jehova,divine-name-syntax,Subjekt/Objekt/Anrede ohne eindeutiges Regelsignal; Artikel und Kasus prüfen.,"Denn der dich gemacht hat , ist dein Mann - Jehova  der Heerscharen  ist sein Name  -und der Heilige Israels  ist dein Erlöser: Er wird der Gott  der ganzen Erde  genannt werden .","Denn der dich gemacht hat , ist dein Mann - HERR  der Heerscharen  ist sein Name  -und der Heilige Israels  ist dein Erlöser: Er wird der Gott  der ganzen Erde  genannt werden ."
Isa.54.6,50,Weib,gender-agreement,Nominalgruppe regelbasiert angepasst; längere Pronomenbezüge/Satzkongruenz prüfen.,"Denn wie ein verlassenes  und im Geiste betrübtes Weib  ruft dich Jehova , und wie ein Weib  der Jugend , wenn sie  verstoßen ist , spricht  dein Gott .","Denn wie ein verlassenes  und im Geiste betrübte Frau  ruft dich HERR , und wie eine Frau  der Jugend , wenn sie  verstoßen ist , spricht  dein Gott ."
Isa.54.6,66,Jehova,divine-name-syntax,Subjekt/Objekt/Anrede ohne eindeutiges Regelsignal; Artikel und Kasus prüfen.,"Denn wie ein verlassenes  und im Geiste betrübtes Weib  ruft dich Jehova , und wie ein Weib  der Jugend , wenn sie  verstoßen ist , spricht  dein Gott .","Denn wie ein verlassenes  und im Geiste betrübte Frau  ruft dich HERR , und wie eine Frau  der Jugend , wenn sie  verstoßen ist , spricht  dein Gott ."
Isa.54.6,87,Weib,gender-agreement,Nominalgruppe regelbasiert angepasst; längere Pronomenbezüge/Satzkongruenz prüfen.,"Denn wie ein verlassenes  und im Geiste betrübtes Weib  ruft dich Jehova , und wie ein Weib  der Jugend , wenn sie  verstoßen ist , spricht  dein Gott .","Denn wie ein verlassenes  und im Geiste betrübte Frau  ruft dich HERR , und wie eine Frau  der Jugend , wenn sie  verstoßen ist , spricht  dein Gott ."
Isa.56.3,46,Jehova,divine-name-syntax,Subjekt/Objekt/Anrede ohne eindeutiges Regelsignal; Artikel und Kasus prüfen.,"
        Und  der Sohn  der Fremde , der sich Jehova  angeschlossen hat , spreche nicht und sage : Jehova  wird mich sicherlich von seinem Volke  ausschließen; und der Verschnittene sage  nicht: Siehe, ich bin ein dürrer Baum .","
        Und  der Sohn  der Fremde , der sich HERR  angeschlossen hat , spreche nicht und sage : der HERR  wird mich sicherlich von seinem Volke  ausschließen; und der Verschnittene sage  nicht: Siehe, ich bin ein dürrer Baum ."
Isa.56.6,47,Jehova,divine-name-syntax,Subjekt/Objekt/Anrede ohne eindeutiges Regelsignal; Artikel und Kasus prüfen.,"
        Und  die Söhne  der Fremde , die sich Jehova angeschlossen haben, um ihm  zu dienen und  den Namen  Jehovas zu lieben , ihm zu Knechten  zu sein  -einen jeden, der den Sabbath hält, daß er ihn  nicht entweihe, und die da festhalten an  meinem Bunde :","
        Und  die Söhne  der Fremde , die sich HERR angeschlossen haben, um ihm  zu dienen und  den Namen  des HERRN zu lieben , ihm zu Knechten  zu sein  -einen jeden, der den Sabbat hält, dass er ihn  nicht entweihe, und die da festhalten an  meinem Bunde :"
Isa.56.8,23,Jehova,divine-name-syntax,Subjekt/Objekt/Anrede ohne eindeutiges Regelsignal; Artikel und Kasus prüfen.,"Es spricht  der Herr , Jehova, der die Vertriebenen Israels sammelt : Zu ihm, zu seinen Gesammelten, werde ich noch mehr hinzusammeln.","Es spricht  der Herr , HERR, der die Vertriebenen Israels sammelt : Zu ihm, zu seinen Gesammelten, werde ich noch mehr hinzusammeln."
Isa.58.14,23,Jehova,divine-name-syntax,Subjekt/Objekt/Anrede ohne eindeutiges Regelsignal; Artikel und Kasus prüfen.,"dann wirst du  dich an Jehova ergötzen, und  ich werde dich einherfahren lassen  auf den Höhen  der Erde , und  werde dich speisen mit dem Erbteil Jakobs , deines Vaters ; denn der Mund  Jehovas hat  geredet.","dann wirst du  dich an HERR ergötzen, und  ich werde dich einherfahren lassen  auf den Höhen  der Erde , und  werde dich speisen mit dem Erbteil Jakobs , deines Vaters ; denn der Mund  des HERRN hat  geredet."
Isa.60.2,97,Jehova,divine-name-syntax,Subjekt/Objekt/Anrede ohne eindeutiges Regelsignal; Artikel und Kasus prüfen.,"Denn siehe , Finsternis bedeckt  die Erde  und Dunkel  die Völkerschaften; aber über dir strahlt Jehova auf , und seine Herrlichkeit  erscheint über dir.","Denn siehe , Finsternis bedeckt  die Erde  und Dunkel  die Völkerschaften; aber über dir strahlt HERR auf , und seine Herrlichkeit  erscheint über dir."
Isa.61.11,119,Jehova,divine-name-syntax,Subjekt/Objekt/Anrede ohne eindeutiges Regelsignal; Artikel und Kasus prüfen.,"Denn wie  die Erde  ihr Gesproß hervorbringt, und  wie ein Garten  sein Gesätes aufsprossen läßt, also wird der Herr , Jehova, Gerechtigkeit  und Ruhm  aufsprossen lassen  vor allen Nationen.","Denn wie  die Erde  ihr Gespross hervorbringt, und  wie ein Garten  sein Gesätes aufsprossen lässt, also wird der Herr , HERR, Gerechtigkeit  und Ruhm  aufsprossen lassen  vor allen Nationen."
Isa.62.6,151,Jehova,divine-name-syntax,Subjekt/Objekt/Anrede ohne eindeutiges Regelsignal; Artikel und Kasus prüfen.,"Auf deine Mauern , Jerusalem , habe ich Wächter bestellt; den ganzen Tag  und die  ganze Nacht  werden sie  keinen Augenblick schweigen . Ihr, die ihr Jehova  erinnert, gönnet euch  keine Ruhe","Auf deine Mauern , Jerusalem , habe ich Wächter bestellt; den ganzen Tag  und die  ganze Nacht  werden sie  keinen Augenblick schweigen . Ihr, die ihr HERR  erinnert, gönnet euch  keine Ruhe"
Isa.65.11,28,Jehova,divine-name-syntax,Subjekt/Objekt/Anrede ohne eindeutiges Regelsignal; Artikel und Kasus prüfen.,"
        Ihr  aber, die ihr Jehova  verlasset, die ihr meines heiligen Berges vergesset , die ihr dem Gad  einen Tisch  zurichtet und der Meni  Mischtrank einschenket:","
        Ihr  aber, die ihr HERR  verlasset, die ihr meines heiligen Berges vergesset , die ihr dem Gad  einen Tisch  zurichtet und der Meni  Mischtrank einschenket:"
Isa.65.13,26,Jehova,divine-name-syntax,Subjekt/Objekt/Anrede ohne eindeutiges Regelsignal; Artikel und Kasus prüfen.,"Darum spricht  der Herr , Jehova, also: Siehe, meine Knechte werden essen , ihr aber werdet hungern ; siehe, meine Knechte  werden trinken , ihr aber werdet dürsten . Siehe, meine Knechte  werden sich freuen , ihr aber werdet beschämt sein;","Darum spricht  der Herr , HERR, also: Siehe, meine Knechte werden essen , ihr aber werdet hungern ; siehe, meine Knechte  werden trinken , ihr aber werdet dürsten . Siehe, meine Knechte  werden sich freuen , ihr aber werdet beschämt sein;"
Isa.66.5,158,Jehova,divine-name-syntax,Subjekt/Objekt/Anrede ohne eindeutiges Regelsignal; Artikel und Kasus prüfen.,"
        Höret  das Wort  Jehovas, die  ihr zittert vor seinem Worte! Es sagen  eure Brüder , die euch hassen , die euch verstoßen um  meines Namens  willen: Jehova erzeige sich herrlich , daß wir eure Freude  sehen mögen! Aber sie werden  beschämt werden .","
        Höret  das Wort  des HERRN, die  ihr zittert vor seinem Worte! Es sagen  eure Brüder , die euch hassen , die euch verstoßen um  meines Namens  willen: HERR erzeige sich herrlich , dass wir eure Freude  sehen mögen! Aber sie werden  beschämt werden ."
Jer.1.6,30,Jehova,divine-name-syntax,Subjekt/Objekt/Anrede ohne eindeutiges Regelsignal; Artikel und Kasus prüfen.,"Und ich sprach : Ach , Herr , Jehova! Siehe, ich weiß  nicht zu reden , denn ich bin jung .","Und ich sprach : Ach , Herr , HERR! Siehe, ich weiß  nicht zu reden , denn ich bin jung ."
Jer.1.9,4,Jehova,divine-name-syntax,Subjekt/Objekt/Anrede ohne eindeutiges Regelsignal; Artikel und Kasus prüfen.,"Und Jehova  streckte seine Hand aus  und rührte  meinen Mund  an, und Jehova sprach  zu mir: Siehe, ich lege  meine Worte  in deinen Mund .","Und HERR  streckte seine Hand aus  und rührte  meinen Mund  an, und der HERR sprach  zu mir: Siehe, ich lege  meine Worte  in deinen Mund ."
Jer.2.19,227,Jehova,divine-name-syntax,Subjekt/Objekt/Anrede ohne eindeutiges Regelsignal; Artikel und Kasus prüfen.,"Deine Bosheit  züchtigt dich und deine Abtrünnigkeiten strafen  dich; so erkenne und sieh , daß es schlimm und bitter ist , daß du Jehova, deinen Gott , verlässest, und daß meine Furcht nicht  bei dir  ist, spricht  der Herr , Jehova der Heerscharen .","Deine Bosheit  züchtigt dich und deine Abtrünnigkeiten strafen  dich; so erkenne und sieh , dass es schlimm und bitter ist , dass du HERR, deinen Gott , verlässest, und dass meine Furcht nicht  bei dir  ist, spricht  der Herr , HERR der Heerscharen ."
Jer.3.1,51,Weib,gender-agreement,Nominalgruppe regelbasiert angepasst; längere Pronomenbezüge/Satzkongruenz prüfen.,"
        Er 
        spricht : Wenn ein Mann  sein Weib  entläßt, und sie  von ihm weggeht und eines anderen Mannes  wird, darf er wieder  zu ihr zurückkehren? Würde nicht  selbiges Land  entweiht werden ? Du aber hast mit vielen Buhlen gehurt , und doch solltest du zu mir zurückkehren! spricht Jehova .","
        Er 
        spricht : Wenn ein Mann  seine Frau  entlässt, und sie  von ihm weggeht und eines anderen Mannes  wird, darf er wieder  zu ihr zurückkehren? Würde nicht  selbiges Land  entweiht werden ? Du aber hast mit vielen Buhlen gehurt , und doch solltest du zu mir zurückkehren! spricht der HERR ."
Jer.3.20,18,Weib,gender-agreement,Nominalgruppe regelbasiert angepasst; längere Pronomenbezüge/Satzkongruenz prüfen.,"Fürwahr, wie  ein Weib  ihren Freund  treulos verläßt, so habt ihr treulos gegen mich gehandelt, Haus Israel , spricht Jehova .","Fürwahr, wie  eine Frau  ihren Freund  treulos verlässt, so habt ihr treulos gegen mich gehandelt, Haus Israel , spricht der HERR ."
Jer.4.10,29,Jehova,divine-name-syntax,Subjekt/Objekt/Anrede ohne eindeutiges Regelsignal; Artikel und Kasus prüfen.,"Da sprach  ich: Ach , Herr , Jehova! Fürwahr , getäuscht hast  du dieses Volk  und Jerusalem , indem du sprachst: Ihr werdet Frieden  haben; und das Schwert  dringt bis an  die Seele !","Da sprach  ich: Ach , Herr , HERR! Fürwahr , getäuscht hast  du dieses Volk  und Jerusalem , indem du sprachst: Ihr werdet Frieden  haben; und das Schwert  dringt bis an  die Seele !"
Jer.5.3,9,Jehova,divine-name-syntax,Subjekt/Objekt/Anrede ohne eindeutiges Regelsignal; Artikel und Kasus prüfen.,"
        Jehova , sind deine Augen  nicht auf  die Treue  gerichtet? Du  hast sie geschlagen , aber es hat sie  nicht geschmerzt; du hast sie  vernichtet: Sie haben sich  geweigert, Zucht  anzunehmen; sie haben ihre Angesichter härter gemacht als einen Fels , sie haben sich  geweigert, umzukehren.","
        HERR , sind deine Augen  nicht auf  die Treue  gerichtet? Du  hast sie geschlagen , aber es hat sie  nicht geschmerzt; du hast sie  vernichtet: Sie haben sich  geweigert, Zucht  anzunehmen; sie haben ihre Angesichter härter gemacht als einen Fels , sie haben sich  geweigert, umzukehren."
Jer.5.8,90,Weibe,gender-agreement,Nominalgruppe regelbasiert angepasst; längere Pronomenbezüge/Satzkongruenz prüfen.,Wie wohlgenährte Pferde  schweifen sie umher; sie wiehern ein  jeder nach seines Nächsten Weibe .,Wie wohlgenährte Pferde  schweifen sie umher; sie wiehern ein  jeder nach seines Nächsten Frau .
Jer.5.12,10,Jehova,divine-name-syntax,Subjekt/Objekt/Anrede ohne eindeutiges Regelsignal; Artikel und Kasus prüfen.,"Sie haben Jehova verleugnet  und gesagt : Er  ist nicht; und kein Unglück  wird über uns kommen, und Schwert  und Hunger werden  wir nicht sehen;","Sie haben HERR verleugnet  und gesagt : Er  ist nicht; und kein Unglück  wird über uns kommen, und Schwert  und Hunger werden  wir nicht sehen;"
Jer.6.11,181,Weib,gender-agreement,Nominalgruppe regelbasiert angepasst; längere Pronomenbezüge/Satzkongruenz prüfen.,"Und ich bin voll  des Grimmes Jehovas , bin müde , ihn zurückzuhalten. Ergieße ihn über die Kinder  auf der Gasse  und über den Kreis der Jünglinge  allzumal; denn sowohl Mann  als Weib  werden getroffen  werden, der Alte  wie der Hochbetagte;","Und ich bin voll  des Grimmes des HERRN , bin müde , ihn zurückzuhalten. Ergieße ihn über die Kinder  auf der Gasse  und über den Kreis der Jünglinge  allzumal; denn sowohl Mann  als Frau  werden getroffen  werden, der Alte  wie der Hochbetagte;"
Jer.7.20,25,Jehova,divine-name-syntax,Subjekt/Objekt/Anrede ohne eindeutiges Regelsignal; Artikel und Kasus prüfen.,"Darum spricht der Herr , Jehova, also: Siehe, mein Zorn  und mein Grimm wird  sich über diesen Ort  ergießen, über die Menschen  und über das Vieh , und über die Bäume  des Feldes  und über die Frucht  des Landes ; und er  wird brennen  und nicht erlöschen .","Darum spricht der Herr , HERR, also: Siehe, mein Zorn  und mein Grimm wird  sich über diesen Ort  ergießen, über die Menschen  und über das Vieh , und über die Bäume  des Feldes  und über die Frucht  des Landes ; und er  wird brennen  und nicht erlöschen ."
Jer.8.14,112,Jehova,divine-name-syntax,Subjekt/Objekt/Anrede ohne eindeutiges Regelsignal; Artikel und Kasus prüfen.,"Wozu bleiben  wir sitzen? Versammelt  euch, und laßt uns in  die festen Städte  ziehen und dort umkommen ! Denn Jehova , unser Gott , hat uns zum Untergang bestimmt, und uns mit bitterem Wasser  getränkt, weil wir gegen Jehova gesündigt  haben.","Wozu bleiben  wir sitzen? Versammelt  euch, und lasst uns in  die festen Städte  ziehen und dort umkommen ! Denn HERR , unser Gott , hat uns zum Untergang bestimmt, und uns mit bitterem Wasser  getränkt, weil wir gegen den HERRN gesündigt  haben."
Jer.9.23,93,Jehova,divine-name-syntax,Subjekt/Objekt/Anrede ohne eindeutiges Regelsignal; Artikel und Kasus prüfen.,"sondern wer sich rühmt , rühme sich dessen: Einsicht zu haben und mich zu erkennen , daß ich Jehova  bin, der Güte, Recht  und Gerechtigkeit  übt auf der Erde ; denn daran habe  ich Gefallen, spricht Jehova .","sondern wer sich rühmt , rühme sich dessen: Einsicht zu haben und mich zu erkennen , dass ich HERR  bin, der Güte, Recht  und Gerechtigkeit  übt auf der Erde ; denn daran habe  ich Gefallen, spricht der HERR ."
Jer.10.6,28,Jehova,divine-name-syntax,Subjekt/Objekt/Anrede ohne eindeutiges Regelsignal; Artikel und Kasus prüfen.,"Gar niemand ist dir gleich, Jehova ; du bist groß , und groß  ist dein Name  in Macht .","Gar niemand ist dir gleich, HERR ; du bist groß , und groß  ist dein Name  in Macht ."
Jer.10.16,140,Jehova,divine-name-syntax,Subjekt/Objekt/Anrede ohne eindeutiges Regelsignal; Artikel und Kasus prüfen.,"
        Jakobs 
        Teil  ist nicht wie diese; denn er ist es, der das All gebildet hat , und Israel  ist der Stamm  seines Erbteils ; Jehova  der Heerscharen  ist sein Name .","
        Jakobs 
        Teil  ist nicht wie diese; denn er ist es, der das All gebildet hat , und Israel  ist der Stamm  seines Erbteils ; HERR  der Heerscharen  ist sein Name ."
Jer.10.21,46,Jehova,divine-name-syntax,Subjekt/Objekt/Anrede ohne eindeutiges Regelsignal; Artikel und Kasus prüfen.,"Denn die Hirten sind  dumm geworden und haben Jehova  nicht gesucht ; darum haben sie nicht verständig gehandelt, und ihre ganze Herde hat  sich zerstreut . -","Denn die Hirten sind  dumm geworden und haben HERR  nicht gesucht ; darum haben sie nicht verständig gehandelt, und ihre ganze Herde hat  sich zerstreut . -"
Jer.10.23,11,Jehova,divine-name-syntax,Subjekt/Objekt/Anrede ohne eindeutiges Regelsignal; Artikel und Kasus prüfen.,"Ich weiß , Jehova , daß nicht beim Menschen  sein Weg  steht, nicht bei dem Manne , der da wandelt , seinen Gang zu  richten.","Ich weiß , HERR , dass nicht beim Menschen  sein Weg  steht, nicht bei dem Manne , der da wandelt , seinen Gang zu  richten."
Jer.10.24,25,Jehova,divine-name-syntax,Subjekt/Objekt/Anrede ohne eindeutiges Regelsignal; Artikel und Kasus prüfen.,"
        Züchtige  mich, Jehova , doch nach Gebühr; nicht  in deinem Zorne, daß du mich nicht aufreibest .","
        Züchtige  mich, HERR , doch nach Gebühr; nicht  in deinem Zorne, dass du mich nicht aufreibest ."
Jer.11.17,4,Jehova,divine-name-syntax,Subjekt/Objekt/Anrede ohne eindeutiges Regelsignal; Artikel und Kasus prüfen.,"Und Jehova  der Heerscharen, der dich gepflanzt, hat Böses  über dich geredet wegen der Bosheit  des Hauses Israel  und des Hauses Juda , die sie  verübt haben , um  mich zu reizen , indem sie dem Baal räucherten .","Und HERR  der Heerscharen, der dich gepflanzt, hat Böses  über dich geredet wegen der Bosheit  des Hauses Israel  und des Hauses Juda , die sie  verübt haben , um  mich zu reizen , indem sie dem Baal räucherten ."
Jer.12.1,28,Jehova,divine-name-syntax,Subjekt/Objekt/Anrede ohne eindeutiges Regelsignal; Artikel und Kasus prüfen.,"
        Du  bist gerecht , Jehova , wenn ich  mit dir hadere; doch von deinen Urteilen möchte ich mit dir reden : Warum ist  der Weg  der Gesetzlosen glücklich, sind sicher alle, die Treulosigkeit üben?","
        Du  bist gerecht , HERR , wenn ich  mit dir hadere; doch von deinen Urteilen möchte ich mit dir reden : Warum ist  der Weg  der Gesetzlosen glücklich, sind sicher alle, die Treulosigkeit üben?"
Jer.14.7,42,Jehova,divine-name-syntax,Subjekt/Objekt/Anrede ohne eindeutiges Regelsignal; Artikel und Kasus prüfen.,"Wenn unsere Missetaten wider uns zeugen , Jehova , so handle um deines Namens willen ; denn viele sind  unserer Abtrünnigkeiten, gegen dich haben wir gesündigt .","Wenn unsere Missetaten wider uns zeugen , HERR , so handle um deines Namens willen ; denn viele sind  unserer Abtrünnigkeiten, gegen dich haben wir gesündigt ."
Jer.14.9,124,Jehova,divine-name-syntax,Subjekt/Objekt/Anrede ohne eindeutiges Regelsignal; Artikel und Kasus prüfen.,"Warum willst du sein wie ein bestürzter Mann , wie ein Held , der nicht  zu retten vermag ? Du bist doch in  unserer Mitte, Jehova , und wir sind nach deinem Namen genannt ; verlaß  uns nicht!","Warum willst du sein wie ein bestürzter Mann , wie ein Held , der nicht  zu retten vermag ? Du bist doch in  unserer Mitte, HERR , und wir sind nach deinem Namen genannt ; verlass  uns nicht!"
Jer.14.13,30,Jehova,divine-name-syntax,Subjekt/Objekt/Anrede ohne eindeutiges Regelsignal; Artikel und Kasus prüfen.,"Und ich sprach : Ach , Herr , Jehova! Siehe, die Propheten sprechen  zu ihnen: Ihr werdet kein Schwert sehen , und Hunger  wird euch nicht treffen, sondern ich werde euch einen sicheren Frieden geben  an diesem Orte .","Und ich sprach : Ach , Herr , HERR! Siehe, die Propheten sprechen  zu ihnen: Ihr werdet kein Schwert sehen , und Hunger  wird euch nicht treffen, sondern ich werde euch einen sicheren Frieden geben  an diesem Orte ."
Jer.14.20,9,Jehova,divine-name-syntax,Subjekt/Objekt/Anrede ohne eindeutiges Regelsignal; Artikel und Kasus prüfen.,"
        Jehova , wir kennen unsere Gesetzlosigkeit, die Ungerechtigkeit  unserer Väter ; denn wir haben  gegen dich gesündigt .","
        HERR , wir kennen unsere Gesetzlosigkeit, die Ungerechtigkeit  unserer Väter ; denn wir haben  gegen dich gesündigt ."
Jer.14.22,118,Jehova,divine-name-syntax,Subjekt/Objekt/Anrede ohne eindeutiges Regelsignal; Artikel und Kasus prüfen.,"Gibt es unter den Nichtigkeiten der Nationen Regenspender, oder kann der Himmel  Regengüsse geben ? Bist du es nicht, Jehova , unser Gott ? Und wir hoffen  auf dich; denn  du, du hast dieses alles gemacht .","Gibt es unter den Nichtigkeiten der Nationen Regenspender, oder kann der Himmel  Regengüsse geben ? Bist du es nicht, HERR , unser Gott ? Und wir hoffen  auf dich; denn  du, du hast dieses alles gemacht ."
Jer.15.16,170,Jehova,divine-name-syntax,Subjekt/Objekt/Anrede ohne eindeutiges Regelsignal; Artikel und Kasus prüfen.,"Deine Worte  waren vorhanden, und ich habe sie gegessen , und deine Worte  waren mir zur Wonne  und zur Freude  meines Herzens ; denn ich bin nach deinem Namen  genannt, Jehova , Gott  der Heerscharen .","Deine Worte  waren vorhanden, und ich habe sie gegessen , und deine Worte  waren mir zur Wonne  und zur Freude  meines Herzens ; denn ich bin nach deinem Namen  genannt, HERR , Gott  der Heerscharen ."
Jer.16.2,19,Weib,gender-agreement,Nominalgruppe regelbasiert angepasst; längere Pronomenbezüge/Satzkongruenz prüfen.,"Du sollst dir kein Weib nehmen , und weder Söhne  noch Töchter  haben an diesem Orte .","Du sollst dir keine Frau nehmen , und weder Söhne  noch Töchter  haben an diesem Orte ."
Jer.16.19,9,Jehova,divine-name-syntax,Subjekt/Objekt/Anrede ohne eindeutiges Regelsignal; Artikel und Kasus prüfen.,"
        Jehova , meine Stärke  und mein Hort, und meine Zuflucht  am Tage  der Bedrängnis! Zu dir werden Nationen kommen  von den Enden der Erde  und sprechen : Nur Lüge  haben unsere Väter  ererbt, nichtige Götter; und unter ihnen ist  keiner, der etwas nützt .","
        HERR , meine Stärke  und mein Hort, und meine Zuflucht  am Tage  der Bedrängnis! Zu dir werden Nationen kommen  von den Enden der Erde  und sprechen : Nur Lüge  haben unsere Väter  ererbt, nichtige Götter; und unter ihnen ist  keiner, der etwas nützt ."
Jer.17.7,42,Jehova,divine-name-syntax,Subjekt/Objekt/Anrede ohne eindeutiges Regelsignal; Artikel und Kasus prüfen.,"
        Gesegnet  ist der Mann , der auf Jehova  vertraut und dessen Vertrauen Jehova  ist!","
        Gesegnet  ist der Mann , der auf HERR  vertraut und dessen Vertrauen dem HERRN  ist!"
Jer.17.13,37,Jehova,divine-name-syntax,Subjekt/Objekt/Anrede ohne eindeutiges Regelsignal; Artikel und Kasus prüfen.,"
        Hoffnung 
        Israels , Jehova ! Alle, die dich verlassen , werden  beschämt werden . Und die von mir weichen, werden in die Erde geschrieben  werden; denn sie haben den Born lebendigen Wassers , Jehova , verlassen .","
        Hoffnung 
        Israels , HERR ! Alle, die dich verlassen , werden  beschämt werden . Und die von mir weichen, werden in die Erde geschrieben  werden; denn sie haben den Born lebendigen Wassers , HERR , verlassen ."
Jer.17.13,209,Jehova,divine-name-syntax,Subjekt/Objekt/Anrede ohne eindeutiges Regelsignal; Artikel und Kasus prüfen.,"
        Hoffnung 
        Israels , Jehova ! Alle, die dich verlassen , werden  beschämt werden . Und die von mir weichen, werden in die Erde geschrieben  werden; denn sie haben den Born lebendigen Wassers , Jehova , verlassen .","
        Hoffnung 
        Israels , HERR ! Alle, die dich verlassen , werden  beschämt werden . Und die von mir weichen, werden in die Erde geschrieben  werden; denn sie haben den Born lebendigen Wassers , HERR , verlassen ."
Jer.19.14,55,Jehova,divine-name-syntax,Subjekt/Objekt/Anrede ohne eindeutiges Regelsignal; Artikel und Kasus prüfen.,"
        Und 
        Jeremia  kam vom Topheth , wohin Jehova ihn gesandt  hatte zu weissagen , und er trat  in den Vorhof  des Hauses  Jehovas und sprach  zu dem ganzen Volke :","
        Und 
        Jeremia  kam vom Topheth , wohin HERR ihn gesandt  hatte zu weissagen , und er trat  in den Vorhof  des Hauses  des HERRN und sprach  zu dem ganzen Volke :"
Jer.20.3,142,Jehova,divine-name-syntax,Subjekt/Objekt/Anrede ohne eindeutiges Regelsignal; Artikel und Kasus prüfen.,"Und es geschah am folgenden Tage , als Paschchur Jeremia aus  dem Stock  herausbringen ließ, da sprach Jeremia  zu ihm: Nicht Paschchur heißt Jehova  deinen Namen , sondern Magor-Missabib.","Und es geschah am folgenden Tage , als Paschchur Jeremia aus  dem Stock  herausbringen ließ, da sprach Jeremia  zu ihm: Nicht Paschchur heißt HERR  deinen Namen , sondern Magor-Missabib."
Jer.20.16,47,Jehova,divine-name-syntax,Subjekt/Objekt/Anrede ohne eindeutiges Regelsignal; Artikel und Kasus prüfen.,"Und jener Mann  werde den Städten  gleich, die Jehova  umgekehrt hat , ohne sich ' s gereuen  zu lassen; und er höre ein Geschrei  am Morgen  und Feldgeschrei zur Mittagszeit:","Und jener Mann  werde den Städten  gleich, die HERR  umgekehrt hat , ohne sich ' s gereuen  zu lassen; und er höre ein Geschrei  am Morgen  und Feldgeschrei zur Mittagszeit:"
Jer.21.2,13,Jehova,divine-name-syntax,Subjekt/Objekt/Anrede ohne eindeutiges Regelsignal; Artikel und Kasus prüfen.,"Befrage doch Jehova  für uns, denn  Nebukadrezar, der König  von Babel , streitet  wider uns; vielleicht wird Jehova  mit uns handeln nach  allen seinen Wundern , daß er von uns abziehe .","Befrage doch HERR  für uns, denn  Nebukadrezar, der König  von Babel , streitet  wider uns; vielleicht wird der HERR  mit uns handeln nach  allen seinen Wundern , dass er von uns abziehe ."
Jer.23.6,139,Jehova,divine-name-syntax,Subjekt/Objekt/Anrede ohne eindeutiges Regelsignal; Artikel und Kasus prüfen.,"In seinen Tagen wird Juda  gerettet werden  und Israel  in Sicherheit wohnen ; und dies wird sein Name  sein, mit dem man ihn nennen wird: Jehova, unsere Gerechtigkeit .","In seinen Tagen wird Juda  gerettet werden  und Israel  in Sicherheit wohnen ; und dies wird sein Name  sein, mit dem man ihn nennen wird: HERR, unsere Gerechtigkeit ."
Jer.24.7,64,Jehova,divine-name-syntax,Subjekt/Objekt/Anrede ohne eindeutiges Regelsignal; Artikel und Kasus prüfen.,"Und ich will ihnen  ein Herz geben , mich zu erkennen , daß ich Jehova  bin; und sie werden mein Volk , und ich werde ihr Gott  sein; denn sie werden mit ihrem ganzen Herzen  zu mir umkehren. -","Und ich will ihnen  ein Herz geben , mich zu erkennen , dass ich HERR  bin; und sie werden mein Volk , und ich werde ihr Gott  sein; denn sie werden mit ihrem ganzen Herzen  zu mir umkehren. -"
Jer.25.5,149,Jehova,divine-name-syntax,Subjekt/Objekt/Anrede ohne eindeutiges Regelsignal; Artikel und Kasus prüfen.,"
        Und  er sprach : Kehret doch um , ein  jeder von seinem bösen Wege und  von der Bosheit eurer  Handlungen, so sollt ihr  in dem Lande , das Jehova  euch und euren Vätern gegeben  hat, wohnen von Ewigkeit  zu Ewigkeit .","
        Und  er sprach : Kehret doch um , ein  jeder von seinem bösen Wege und  von der Bosheit eurer  Handlungen, so sollt ihr  in dem Lande , das HERR  euch und euren Vätern gegeben  hat, wohnen von Ewigkeit  zu Ewigkeit ."
Jer.25.31,51,Jehova,divine-name-syntax,Subjekt/Objekt/Anrede ohne eindeutiges Regelsignal; Artikel und Kasus prüfen.,"Ein Getöse dringt bis an das Ende  der Erde , denn Jehova  rechtet mit den Nationen, er  hält Gericht mit allem Fleische ; die Gesetzlosen gibt  er dem Schwerte  hin, spricht Jehova . -","Ein Getöse dringt bis an das Ende  der Erde , denn HERR  rechtet mit den Nationen, er  hält Gericht mit allem Fleische ; die Gesetzlosen gibt  er dem Schwerte  hin, spricht der HERR . -"
Jer.25.36,75,Jehova,divine-name-syntax,Subjekt/Objekt/Anrede ohne eindeutiges Regelsignal; Artikel und Kasus prüfen.,"Horch! Geschrei  der Hirten , und Heulen  der Herrlichen  der Herde ; denn Jehova verwüstet  ihre Weide .","Horch! Geschrei  der Hirten , und Heulen  der Herrlichen  der Herde ; denn HERR verwüstet  ihre Weide ."
Jer.26.19,85,Jehova,divine-name-syntax,Subjekt/Objekt/Anrede ohne eindeutiges Regelsignal; Artikel und Kasus prüfen.,"Haben denn Hiskia , der König von Juda , und  ganz Juda  ihn getötet ? Hat er  nicht Jehova  gefürchtet und Jehova  angefleht, so daß Jehova sich des Übels gereuen  ließ, welches er über sie geredet hatte ? Und wir  wollen eine so große  Übeltat wider unsere Seelen  begehen!","Haben denn Hiskia , der König von Juda , und  ganz Juda  ihn getötet ? Hat er  nicht HERR  gefürchtet und HERR  angefleht, so dass der HERR sich des Übels gereuen  ließ, welches er über sie geredet hatte ? Und wir  wollen eine so große  Übeltat wider unsere Seelen  begehen!"
Jer.26.19,108,Jehova,divine-name-syntax,Subjekt/Objekt/Anrede ohne eindeutiges Regelsignal; Artikel und Kasus prüfen.,"Haben denn Hiskia , der König von Juda , und  ganz Juda  ihn getötet ? Hat er  nicht Jehova  gefürchtet und Jehova  angefleht, so daß Jehova sich des Übels gereuen  ließ, welches er über sie geredet hatte ? Und wir  wollen eine so große  Übeltat wider unsere Seelen  begehen!","Haben denn Hiskia , der König von Juda , und  ganz Juda  ihn getötet ? Hat er  nicht HERR  gefürchtet und HERR  angefleht, so dass der HERR sich des Übels gereuen  ließ, welches er über sie geredet hatte ? Und wir  wollen eine so große  Übeltat wider unsere Seelen  begehen!"
Jer.28.6,50,Jehova,divine-name-syntax,Subjekt/Objekt/Anrede ohne eindeutiges Regelsignal; Artikel und Kasus prüfen.,"
        und  der Prophet Jeremia sprach : Amen , Jehova tue  also! Jehova bestätige  deine Worte , die du  geweissagt hast, daß er  die Geräte  des Hauses  Jehovas und  alle Weggeführten von Babel  an diesen Ort  zurückbringe!","
        und  der Prophet Jeremia sprach : Amen , HERR tue  also! HERR bestätige  deine Worte , die du  geweissagt hast, dass er  die Geräte  des Hauses  des HERRN und  alle Weggeführten von Babel  an diesen Ort  zurückbringe!"
Jer.28.6,68,Jehova,divine-name-syntax,Subjekt/Objekt/Anrede ohne eindeutiges Regelsignal; Artikel und Kasus prüfen.,"
        und  der Prophet Jeremia sprach : Amen , Jehova tue  also! Jehova bestätige  deine Worte , die du  geweissagt hast, daß er  die Geräte  des Hauses  Jehovas und  alle Weggeführten von Babel  an diesen Ort  zurückbringe!","
        und  der Prophet Jeremia sprach : Amen , HERR tue  also! HERR bestätige  deine Worte , die du  geweissagt hast, dass er  die Geräte  des Hauses  des HERRN und  alle Weggeführten von Babel  an diesen Ort  zurückbringe!"
Jer.29.10,25,Sobald,spelling-context,Kontextabhängige Schreibung/modernes Homograph; unverändert prüfen.,"Denn so spricht Jehova : Sobald siebzig Jahre  für Babel voll sind , werde ich  mich eurer annehmen und mein gutes Wort  an euch  erfüllen, euch an diesen Ort  zurückzubringen.","Denn so spricht der HERR : Sobald siebzig Jahre  für Babel voll sind , werde ich  mich eurer annehmen und mein gutes Wort  an euch  erfüllen, euch an diesen Ort  zurückzubringen."
Jer.29.22,129,Jehova,divine-name-syntax,Subjekt/Objekt/Anrede ohne eindeutiges Regelsignal; Artikel und Kasus prüfen.,"Und von ihnen wird  ein Fluch  entnommen werden  seitens aller Weggeführten Judas , die  in Babel  sind, so daß man sagen  wird: Jehova  mache dich wie Zedekia  und wie Ahab , welche der König  von Babel  im Feuer  braten ließ !","Und von ihnen wird  ein Fluch  entnommen werden  seitens aller Weggeführten Judas , die  in Babel  sind, so dass man sagen  wird: HERR  mache dich wie Zedekia  und wie Ahab , welche der König  von Babel  im Feuer  braten ließ !"
Jer.31.7,147,Jehova,divine-name-syntax,Subjekt/Objekt/Anrede ohne eindeutiges Regelsignal; Artikel und Kasus prüfen.,"Denn so spricht Jehova : Jubelt über Jakob  mit Freuden und  jauchzet an der Spitze  der Nationen! Lobsinget laut  und sprechet: Rette dein Volk , Jehova , den Überrest Israels !","Denn so spricht der HERR : Jubelt über Jakob  mit Freuden und  jauchzet an der Spitze  der Nationen! Lobsinget laut  und sprechet: Rette dein Volk , HERR , den Überrest Israels !"
Jer.31.18,187,Jehova,divine-name-syntax,Subjekt/Objekt/Anrede ohne eindeutiges Regelsignal; Artikel und Kasus prüfen.,"Wohl habe ich Ephraim  klagen hören : Du hast  mich gezüchtigt , und ich bin gezüchtigt  worden wie ein nicht  ans Joch gewöhntes Kalb ; bekehre mich, daß ich mich bekehre, denn du  bist Jehova , mein Gott .","Wohl habe ich Ephraim  klagen hören : Du hast  mich gezüchtigt , und ich bin gezüchtigt  worden wie ein nicht  ans Joch gewöhntes Kalb ; bekehre mich, dass ich mich bekehre, denn du  bist HERR , mein Gott ."
Jer.31.22,128,Weib,gender-agreement,Nominalgruppe regelbasiert angepasst; längere Pronomenbezüge/Satzkongruenz prüfen.,"Wie lange willst du dich  hin und her wenden, du abtrünnige Tochter ? Denn Jehova  hat ein Neues geschaffen  auf der Erde : Das Weib  wird den Mann  umgeben.","Wie lange willst du dich  hin und her wenden, du abtrünnige Tochter ? Denn der HERR  hat ein Neues geschaffen  auf der Erde : Die Frau  wird den Mann  umgeben."
Jer.31.35,183,Jehova,divine-name-syntax,Subjekt/Objekt/Anrede ohne eindeutiges Regelsignal; Artikel und Kasus prüfen.,"So spricht Jehova , der die Sonne gesetzt  hat zum Lichte  bei Tage , die Ordnungen des Mondes und  der Sterne  zum Lichte bei Nacht , der das Meer  erregt, und seine Wogen brausen , Jehova  der Heerscharen ist  sein Name :","So spricht der HERR , der die Sonne gesetzt  hat zum Lichte  bei Tage , die Ordnungen des Mondes und  der Sterne  zum Lichte bei Nacht , der das Meer  erregt, und seine Wogen brausen , HERR  der Heerscharen ist  sein Name :"
Jer.32.17,22,Jehova,divine-name-syntax,Subjekt/Objekt/Anrede ohne eindeutiges Regelsignal; Artikel und Kasus prüfen.,"
        Ach , Herr , Jehova! Siehe, du hast die Himmel  und die Erde gemacht  durch deine große Kraft  und durch deinen  ausgestreckten Arm : Kein Ding ist dir  unmöglich;","
        Ach , Herr , HERR! Siehe, du hast die Himmel  und die Erde gemacht  durch deine große Kraft  und durch deinen  ausgestreckten Arm : Kein Ding ist dir  unmöglich;"
Jer.32.25,54,Jehova,divine-name-syntax,Subjekt/Objekt/Anrede ohne eindeutiges Regelsignal; Artikel und Kasus prüfen.,"
        Und  doch hast  du zu mir gesprochen, Herr , Jehova: Kaufe  dir das Feld  für Geld  und nimm Zeugen ; und die Stadt  ist ja in die Hand  der Chaldäer gegeben !","
        Und  doch hast  du zu mir gesprochen, Herr , HERR: Kaufe  dir das Feld  für Geld  und nimm Zeugen ; und die Stadt  ist ja in die Hand  der Chaldäer gegeben !"
Jer.33.2,33,Jehova,divine-name-syntax,Subjekt/Objekt/Anrede ohne eindeutiges Regelsignal; Artikel und Kasus prüfen.,"So spricht Jehova , der es tut , Jehova , der es bildet, um es zu  verwirklichen, Jehova  ist sein Name :","So spricht der HERR , der es tut , HERR , der es bildet, um es zu  verwirklichen, der HERR  ist sein Name :"
Jer.33.16,144,Jehova,divine-name-syntax,Subjekt/Objekt/Anrede ohne eindeutiges Regelsignal; Artikel und Kasus prüfen.,"In jenen Tagen wird Juda  gerettet werden  und Jerusalem  in Sicherheit wohnen ; und dies wird der Name sein, mit welchem man es benennen wird: Jehova, unsere Gerechtigkeit .","In jenen Tagen wird Juda  gerettet werden  und Jerusalem  in Sicherheit wohnen ; und dies wird der Name sein, mit welchem man es benennen wird: HERR, unsere Gerechtigkeit ."
Jer.42.20,72,Jehova,divine-name-syntax,Subjekt/Objekt/Anrede ohne eindeutiges Regelsignal; Artikel und Kasus prüfen.,"Denn ihr  habt um den Preis eurer Seelen  geirrt. Denn ihr habt mich an Jehova , euren Gott , gesandt  und gesprochen: Bete für uns zu Jehova , unserem Gott ; und nach allem, was Jehova , unser Gott , sagen  wird, also tue uns kund, und wir werden  es tun .","Denn ihr  habt um den Preis eurer Seelen  geirrt. Denn ihr habt mich an HERR , euren Gott , gesandt  und gesprochen: Bete für uns zu dem HERRN , unserem Gott ; und nach allem, was der HERR , unser Gott , sagen  wird, also tue uns kund, und wir werden  es tun ."
Jer.43.1,124,Jehova,divine-name-syntax,Subjekt/Objekt/Anrede ohne eindeutiges Regelsignal; Artikel und Kasus prüfen.,"
        Und  es geschah, als Jeremia  zu dem ganzen Volke  alle Worte  Jehovas, ihres Gottes , zu Ende geredet, womit ihn  Jehova, ihr Gott , zu ihnen gesandt hatte , alle jene Worte ,","
        Und  es geschah, als Jeremia  zu dem ganzen Volke  alle Worte  des HERRN, ihres Gottes , zu Ende geredet, womit ihn  HERR, ihr Gott , zu ihnen gesandt hatte , alle jene Worte ,"
Jer.43.2,148,Jehova,divine-name-syntax,Subjekt/Objekt/Anrede ohne eindeutiges Regelsignal; Artikel und Kasus prüfen.,"da sprachen Asarja , der Sohn  Hoschajas, und Jochanan, der Sohn  Kareachs, und alle frechen Männer  -sie sprachen  zu Jeremia : Du  redest Lügen ! Jehova , unser Gott , hat dich nicht gesandt  und gesagt : Ihr  sollt nicht nach Ägypten  ziehen, um euch  daselbst aufzuhalten;","da sprachen Asarja , der Sohn  Hoschajas, und Jochanan, der Sohn  Kareachs, und alle frechen Männer  -sie sprachen  zu Jeremia : Du  redest Lügen ! HERR , unser Gott , hat dich nicht gesandt  und gesagt : Ihr  sollt nicht nach Ägypten  ziehen, um euch  daselbst aufzuhalten;"
Jer.44.7,164,Weib,gender-agreement,Nominalgruppe regelbasiert angepasst; längere Pronomenbezüge/Satzkongruenz prüfen.,"
        Und  nun, so spricht Jehova , der Gott  der Heerscharen , der Gott Israels : Warum begehet ihr eine so große  Übeltat wider eure Seelen , um euch Mann und Weib , Kind  und Säugling aus Juda  auszurotten, so daß ihr euch keinen Überrest übriglasset;","
        Und  nun, so spricht der HERR , der Gott  der Heerscharen , der Gott Israels : Warum begehet ihr eine so große  Übeltat wider eure Seelen , um euch Mann und Frau , Kind  und Säugling aus Juda  auszurotten, so dass ihr euch keinen Überrest übriglasset;"
Jer.44.21,194,Jehova,divine-name-syntax,Subjekt/Objekt/Anrede ohne eindeutiges Regelsignal; Artikel und Kasus prüfen.,"Das Räuchern , mit welchem ihr in den Städten Judas und auf  den Straßen von Jerusalem  geräuchert habt, ihr und eure Väter , eure Könige  und eure Fürsten  und das Volk  des Landes  -hat nicht Jehova  daran gedacht , und ist es ihm nicht in den Sinn gekommen?","Das Räuchern , mit welchem ihr in den Städten Judas und auf  den Straßen von Jerusalem  geräuchert habt, ihr und eure Väter , eure Könige  und eure Fürsten  und das Volk  des Landes  -hat nicht HERR  daran gedacht , und ist es ihm nicht in den Sinn gekommen?"
Jer.44.22,22,Jehova,divine-name-syntax,Subjekt/Objekt/Anrede ohne eindeutiges Regelsignal; Artikel und Kasus prüfen.,"
        Und 
        Jehova 
        konnte  es nicht  mehr ertragen  wegen der Bosheit eurer  Handlungen, wegen der Greuel , die ihr  verübtet. Darum ist euer Land  zur Einöde, zum Entsetzen und  zum Fluche geworden, ohne Bewohner, wie es an diesem Tage  ist.","
        Und 
        HERR 
        konnte  es nicht  mehr ertragen  wegen der Bosheit eurer  Handlungen, wegen der Gräuel , die ihr  verübtet. Darum ist euer Land  zur Einöde, zum Entsetzen und  zum Fluche geworden, ohne Bewohner, wie es an diesem Tage  ist."
Jer.46.10,35,Jehova,divine-name-syntax,Subjekt/Objekt/Anrede ohne eindeutiges Regelsignal; Artikel und Kasus prüfen.,"Aber selbiger Tag  ist dem Herrn , Jehova der Heerscharen , ein Tag  der Rache , um sich  zu rächen  an seinen Widersachern; und fressen  wird das Schwert und  sich sättigen , und sich laben an ihrem Blute. Denn der Herr , Jehova der Heerscharen , hat ein Schlachtopfer  im Lande  des Nordens, am Strome Euphrat .","Aber selbiger Tag  ist dem Herrn , HERR der Heerscharen , ein Tag  der Rache , um sich  zu rächen  an seinen Widersachern; und fressen  wird das Schwert und  sich sättigen , und sich laben an ihrem Blute. Denn der Herr , HERR der Heerscharen , hat ein Schlachtopfer  im Lande  des Nordens, am Strome Euphrat ."
Jer.46.10,223,Jehova,divine-name-syntax,Subjekt/Objekt/Anrede ohne eindeutiges Regelsignal; Artikel und Kasus prüfen.,"Aber selbiger Tag  ist dem Herrn , Jehova der Heerscharen , ein Tag  der Rache , um sich  zu rächen  an seinen Widersachern; und fressen  wird das Schwert und  sich sättigen , und sich laben an ihrem Blute. Denn der Herr , Jehova der Heerscharen , hat ein Schlachtopfer  im Lande  des Nordens, am Strome Euphrat .","Aber selbiger Tag  ist dem Herrn , HERR der Heerscharen , ein Tag  der Rache , um sich  zu rächen  an seinen Widersachern; und fressen  wird das Schwert und  sich sättigen , und sich laben an ihrem Blute. Denn der Herr , HERR der Heerscharen , hat ein Schlachtopfer  im Lande  des Nordens, am Strome Euphrat ."
Jer.46.18,40,Jehova,divine-name-syntax,Subjekt/Objekt/Anrede ohne eindeutiges Regelsignal; Artikel und Kasus prüfen.,"So wahr ich lebe , spricht  der König , Jehova  der Heerscharen  ist sein Name : Wie der Tabor unter den Bergen  und wie der Karmel  am Meere  wird er  kommen!","So wahr ich lebe , spricht  der König , HERR  der Heerscharen  ist sein Name : Wie der Tabor unter den Bergen  und wie der Karmel  am Meere  wird er  kommen!"
Jer.47.4,141,Jehova,divine-name-syntax,Subjekt/Objekt/Anrede ohne eindeutiges Regelsignal; Artikel und Kasus prüfen.,"wegen des Tages , der da kommt , um alle Philister  zu zerstören und für Tyrus  und Zidon  jeden hilfebringenden Überrest zu vertilgen. Denn Jehova zerstört die Philister , den Überrest der Insel  Kaphtor.","wegen des Tages , der da kommt , um alle Philister  zu zerstören und für Tyrus  und Zidon  jeden hilfebringenden Überrest zu vertilgen. Denn HERR zerstört die Philister , den Überrest der Insel  Kaphtor."
Jer.48.15,158,Jehova,divine-name-syntax,Subjekt/Objekt/Anrede ohne eindeutiges Regelsignal; Artikel und Kasus prüfen.,"
        Moab  ist verwüstet , und seine Städte hat  man erstiegen, und die  Auswahl seiner Jünglinge  ist zur Schlachtung  hingestürzt, spricht  der König , Jehova  der Heerscharen  ist sein Name .","
        Moab  ist verwüstet , und seine Städte hat  man erstiegen, und die  Auswahl seiner Jünglinge  ist zur Schlachtung  hingestürzt, spricht  der König , HERR  der Heerscharen  ist sein Name ."
Jer.48.41,136,Weibes,gender-agreement,Nominalgruppe regelbasiert angepasst; längere Pronomenbezüge/Satzkongruenz prüfen.,"Kerijoth ist eingenommen, und die Festen sind  erobert. Und das Herz  der Helden Moabs wird  an selbigem Tage  sein wie das Herz  eines Weibes  in Kindesnöten .","Kerijoth ist eingenommen, und die Festen sind  erobert. Und das Herz  der Helden Moabs wird  an selbigem Tage  sein wie das Herz  einer Frau  in Kindesnöten ."
Jer.49.5,94,Jehova,divine-name-syntax,Subjekt/Objekt/Anrede ohne eindeutiges Regelsignal; Artikel und Kasus prüfen.,"Siehe, ich lasse Schrecken über dich  kommen von  allen deinen Umwohnern, spricht  der Herr , Jehova der Heerscharen ; und ihr  sollt weggetrieben werden, ein jeder vor  sich hin, und niemand wird die Flüchtigen sammeln . -","Siehe, ich lasse Schrecken über dich  kommen von  allen deinen Umwohnern, spricht  der Herr , HERR der Heerscharen ; und ihr  sollt weggetrieben werden, ein jeder vor  sich hin, und niemand wird die Flüchtigen sammeln . -"
Jer.49.22,175,Weibes,gender-agreement,Nominalgruppe regelbasiert angepasst; längere Pronomenbezüge/Satzkongruenz prüfen.,"Siehe, wie der Adler  zieht er herauf  und fliegt  und breitet  seine Flügel  aus über Bozra ; und das Herz  der Helden Edoms  wird an selbigem Tage  sein wie das Herz  eines Weibes  in Kindesnöten .","Siehe, wie der Adler  zieht er herauf  und fliegt  und breitet  seine Flügel  aus über Bozra ; und das Herz  der Helden Edoms  wird an selbigem Tage  sein wie das Herz  einer Frau  in Kindesnöten ."
Jer.50.5,101,Jehova,divine-name-syntax,Subjekt/Objekt/Anrede ohne eindeutiges Regelsignal; Artikel und Kasus prüfen.,"Sie werden nach Zion fragen , indem ihr Angesicht  dahin gerichtet ist: Kommet und schließet euch an Jehova  an mit einem ewigen Bunde , der nicht  vergessen werde! -","Sie werden nach Zion fragen , indem ihr Angesicht  dahin gerichtet ist: Kommet und schließet euch an HERR  an mit einem ewigen Bunde , der nicht  vergessen werde! -"
Jer.50.25,100,Jehova,divine-name-syntax,Subjekt/Objekt/Anrede ohne eindeutiges Regelsignal; Artikel und Kasus prüfen.,"Jehova hat  seine Rüstkammer aufgetan  und hervorgeholt die Waffen  seines Grimmes; denn der Herr , Jehova der Heerscharen , hat ein Werk  in dem Lande  der Chaldäer .","Der HERR hat  seine Rüstkammer aufgetan  und hervorgeholt die Waffen  seines Grimmes; denn der Herr , HERR der Heerscharen , hat ein Werk  in dem Lande  der Chaldäer ."
Jer.50.31,57,Jehova,divine-name-syntax,Subjekt/Objekt/Anrede ohne eindeutiges Regelsignal; Artikel und Kasus prüfen.,"Siehe, ich  will an dich, du Stolze, spricht  der Herr , Jehova der Heerscharen ; denn gekommen ist  dein Tag , die Zeit , da ich dich heimsuche.","Siehe, ich  will an dich, du Stolze, spricht  der Herr , HERR der Heerscharen ; denn gekommen ist  dein Tag , die Zeit , da ich dich heimsuche."
Jer.50.34,43,Jehova,divine-name-syntax,Subjekt/Objekt/Anrede ohne eindeutiges Regelsignal; Artikel und Kasus prüfen.,"
        Ihr 
        Erlöser  ist stark , Jehova  der Heerscharen  ist sein Name ; er wird ihre Rechtssache gewißlich führen , auf daß er dem Lande Ruhe  schaffe und die  Bewohner von Babel  erzittern mache .","
        Ihr 
        Erlöser  ist stark , HERR  der Heerscharen  ist sein Name ; er wird ihre Rechtssache gewisslich führen , auf dass er dem Lande Ruhe  schaffe und die  Bewohner von Babel  erzittern mache ."
Jer.51.12,139,Jehova,divine-name-syntax,Subjekt/Objekt/Anrede ohne eindeutiges Regelsignal; Artikel und Kasus prüfen.,"Erhebet das Panier  gegen die Mauern  von Babel  hin, verschärfet die Bewachung, stellet Wächter auf , bereitet  die Hinterhalte! Denn wie Jehova  es sich  vorgenommen, also führt er  aus, was er über die Bewohner von Babel geredet hat .","Erhebet das Panier  gegen die Mauern  von Babel  hin, verschärfet die Bewachung, stellet Wächter auf , bereitet  die Hinterhalte! Denn wie HERR  es sich  vorgenommen, also führt er  aus, was er über die Bewohner von Babel geredet hat ."
Jer.51.14,9,Jehova,divine-name-syntax,Subjekt/Objekt/Anrede ohne eindeutiges Regelsignal; Artikel und Kasus prüfen.,"
        Jehova 
        der 
        Heerscharen 
        hat  bei sich selbst  geschworen: Habe ich dich auch mit Menschen  gefüllt wie mit Heuschrecken, so wird man doch Triumphgeschrei über dich anstimmen!","
        HERR 
        der 
        Heerscharen 
        hat  bei sich selbst  geschworen: Habe ich dich auch mit Menschen  gefüllt wie mit Heuschrecken, so wird man doch Triumphgeschrei über dich anstimmen!"
Jer.51.19,127,Jehova,divine-name-syntax,Subjekt/Objekt/Anrede ohne eindeutiges Regelsignal; Artikel und Kasus prüfen.,"
        Jakobs 
        Teil  ist nicht wie diese; denn er ist es, der das All gebildet hat  und den Stamm  seines Erbteils ; Jehova  der Heerscharen  ist sein Name .","
        Jakobs 
        Teil  ist nicht wie diese; denn er ist es, der das All gebildet hat  und den Stamm  seines Erbteils ; HERR  der Heerscharen  ist sein Name ."
Jer.51.22,41,Weib,gender-agreement,Nominalgruppe regelbasiert angepasst; längere Pronomenbezüge/Satzkongruenz prüfen.,"und mit dir zerschmettere  ich Mann  und Weib , und mit dir zerschmettere  ich Greis und Knaben , und mit dir zerschmettere  ich Jüngling  und Jungfrau ;","und mit dir zerschmettere  ich Mann  und Frau , und mit dir zerschmettere  ich Greis und Knaben , und mit dir zerschmettere  ich Jüngling  und Jungfrau ;"
Jer.51.55,5,Jehova,divine-name-syntax,Subjekt/Objekt/Anrede ohne eindeutiges Regelsignal; Artikel und Kasus prüfen.,"Denn Jehova verwüstet Babel und  tilgt aus demselben das laute Getöse; und  es brausen  seine Wogen wie große Wasser , es erschallt  das Geräusch ihres Getöses.","Denn HERR verwüstet Babel und  tilgt aus demselben das laute Getöse; und  es brausen  seine Wogen wie große Wasser , es erschallt  das Geräusch ihres Getöses."
Jer.51.57,198,Jehova,divine-name-syntax,Subjekt/Objekt/Anrede ohne eindeutiges Regelsignal; Artikel und Kasus prüfen.,"Und ich berausche seine Fürsten  und seine Weisen , seine Landpfleger  und seine Statthalter und seine Helden , daß sie  entschlafen zu ewigem Schlafe  und nicht mehr erwachen, spricht  der König , Jehova  der Heerscharen ist sein Name .","Und ich berausche seine Fürsten  und seine Weisen , seine Landpfleger  und seine Statthalter und seine Helden , dass sie  entschlafen zu ewigem Schlafe  und nicht mehr erwachen, spricht  der König , HERR  der Heerscharen ist sein Name ."
Jer.52.34,92,soviel,spelling-context,Kontextabhängige Schreibung/modernes Homograph; unverändert prüfen.,"und sein Unterhalt: Ein beständiger Unterhalt wurde ihm  von dem König  von Babel gegeben , soviel er täglich  bedurfte, bis zum Tage  seines Todes , alle Tage  seines Lebens .","und sein Unterhalt: Ein beständiger Unterhalt wurde ihm  von dem König  von Babel gegeben , soviel er täglich  bedurfte, bis zum Tage  seines Todes , alle Tage  seines Lebens ."
Lam.1.12,148,Jehova,divine-name-syntax,Subjekt/Objekt/Anrede ohne eindeutiges Regelsignal; Artikel und Kasus prüfen.,"Merket ihr  es nicht , alle, die ihr des Weges  ziehet? Schauet und sehet , ob ein Schmerz  sei wie mein Schmerz , der mir angetan worden, mir, die Jehova  betrübt hat  am Tage  seiner Zornglut.","Merket ihr  es nicht , alle, die ihr des Weges  ziehet? Schauet und sehet , ob ein Schmerz  sei wie mein Schmerz , der mir angetan worden, mir, die HERR  betrübt hat  am Tage  seiner Zornglut."
Lam.3.18,70,Jehova,divine-name-syntax,Subjekt/Objekt/Anrede ohne eindeutiges Regelsignal; Artikel und Kasus prüfen.,Und ich sprach : Dahin  ist meine Lebenskraft und meine Hoffnung  auf Jehova .,Und ich sprach : Dahin  ist meine Lebenskraft und meine Hoffnung  auf HERR .
Lam.3.50,4,Jehova,divine-name-syntax,Subjekt/Objekt/Anrede ohne eindeutiges Regelsignal; Artikel und Kasus prüfen.,bis Jehova  vom Himmel  herniederschaue und dareinsehe.,bis HERR  vom Himmel  herniederschaue und dareinsehe.
Lam.3.55,9,Jehova,divine-name-syntax,Subjekt/Objekt/Anrede ohne eindeutiges Regelsignal; Artikel und Kasus prüfen.,"
        Jehova , ich habe deinen Namen  angerufen aus  der tiefsten Grube .","
        HERR , ich habe deinen Namen  angerufen aus  der tiefsten Grube ."
Lam.3.64,9,Jehova,divine-name-syntax,Subjekt/Objekt/Anrede ohne eindeutiges Regelsignal; Artikel und Kasus prüfen.,"
        Jehova , erstatte ihnen  Vergeltung nach dem Werke  ihrer Hände !","
        HERR , erstatte ihnen  Vergeltung nach dem Werke  ihrer Hände !"
Lam.5.21,9,Jehova,divine-name-syntax,Subjekt/Objekt/Anrede ohne eindeutiges Regelsignal; Artikel und Kasus prüfen.,"
        Jehova , bringe  uns zu dir zurück, daß wir umkehren ; erneuere  unsere Tage  wie vor  alters!","
        HERR , bringe  uns zu dir zurück, dass wir umkehren ; erneuere  unsere Tage  wie vor  alters!"
Ezek.2.4,150,Jehova,divine-name-syntax,Subjekt/Objekt/Anrede ohne eindeutiges Regelsignal; Artikel und Kasus prüfen.,"Und diese Kinder  sind schamlosen Angesichts und harten Herzens ; zu ihnen sende  ich dich, und du  sollst zu ihnen sprechen : ""So spricht der Herr , Jehova!""","Und diese Kinder  sind schamlosen Angesichts und harten Herzens ; zu ihnen sende  ich dich, und du  sollst zu ihnen sprechen : ""So spricht der Herr , HERR!"""
Ezek.3.11,148,Jehova,divine-name-syntax,Subjekt/Objekt/Anrede ohne eindeutiges Regelsignal; Artikel und Kasus prüfen.,"und mache dich auf , geh hin  zu den Weggeführten, zu den Kindern  deines Volkes , und rede  zu ihnen und sprich  zu ihnen: ""So spricht  der Herr , Jehova!"" Sie  mögen hören  oder es lassen.","und mache dich auf , geh hin  zu den Weggeführten, zu den Kindern  deines Volkes , und rede  zu ihnen und sprich  zu ihnen: ""So spricht  der Herr , HERR!"" Sie  mögen hören  oder es lassen."
Ezek.3.27,125,Jehova,divine-name-syntax,Subjekt/Objekt/Anrede ohne eindeutiges Regelsignal; Artikel und Kasus prüfen.,"Wenn ich aber mit  dir reden  werde, will ich deinen Mund auftun , und du  sollst zu ihnen sprechen : ""So spricht der Herr , Jehova!"" Wer hören  will, der höre , und wer es läßt , der lasse  es; denn ein widerspenstiges Haus  sind sie.","Wenn ich aber mit  dir reden  werde, will ich deinen Mund auftun , und du  sollst zu ihnen sprechen : ""So spricht der Herr , HERR!"" Wer hören  will, der höre , und wer es lässt , der lasse  es; denn ein widerspenstiges Haus  sind sie."
Ezek.4.14,29,Jehova,divine-name-syntax,Subjekt/Objekt/Anrede ohne eindeutiges Regelsignal; Artikel und Kasus prüfen.,"Da sprach  ich: Ach , Herr , Jehova! Siehe, meine Seele  ist nie verunreinigt  worden, und weder Aas  noch Zerrissenes  habe ich gegessen  von meiner Jugend  an bis jetzt, und kein Greuelfleisch ist in meinen Mund gekommen .","Da sprach  ich: Ach , Herr , HERR! Siehe, meine Seele  ist nie verunreinigt  worden, und weder Aas  noch Zerrissenes  habe ich gegessen  von meiner Jugend  an bis jetzt, und kein Greuelfleisch ist in meinen Mund gekommen ."
Ezek.5.5,23,Jehova,divine-name-syntax,Subjekt/Objekt/Anrede ohne eindeutiges Regelsignal; Artikel und Kasus prüfen.,"So spricht  der Herr , Jehova: Dieses Jerusalem , inmitten der Nationen habe ich es gesetzt , und Länder  rings um dasselbe her .","So spricht  der Herr , HERR: Dieses Jerusalem , inmitten der Nationen habe ich es gesetzt , und Länder  rings um dasselbe her ."
Ezek.5.7,26,Jehova,divine-name-syntax,Subjekt/Objekt/Anrede ohne eindeutiges Regelsignal; Artikel und Kasus prüfen.,"Darum spricht  der Herr , Jehova, also: Weil ihr getobt habt, mehr als die Nationen, die rings um euch her sind , in meinen Satzungen  nicht gewandelt und meine Rechte  nicht getan  habt, ja, selbst nach den Rechten  der Nationen, die rings um euch her  sind, nicht getan  habt -","Darum spricht  der Herr , HERR, also: Weil ihr getobt habt, mehr als die Nationen, die rings um euch her sind , in meinen Satzungen  nicht gewandelt und meine Rechte  nicht getan  habt, ja, selbst nach den Rechten  der Nationen, die rings um euch her  sind, nicht getan  habt -"
Ezek.5.8,26,Jehova,divine-name-syntax,Subjekt/Objekt/Anrede ohne eindeutiges Regelsignal; Artikel und Kasus prüfen.,"darum spricht  der Herr , Jehova, also: Siehe, auch ich will  wider dich sein, und will Gerichte in  deiner Mitte üben vor den Augen  der Nationen.","darum spricht  der Herr , HERR, also: Siehe, auch ich will  wider dich sein, und will Gerichte in  deiner Mitte üben vor den Augen  der Nationen."
Ezek.5.11,46,Jehova,divine-name-syntax,Subjekt/Objekt/Anrede ohne eindeutiges Regelsignal; Artikel und Kasus prüfen.,"Darum, so wahr ich lebe , spricht  der Herr , Jehova: Wahrlich, weil du mein Heiligtum verunreinigt  hast durch alle deine Scheusale und durch alle deine Greuel , so will auch ich mein Auge  abziehen ohne Mitleid, und auch ich will mich nicht erbarmen .","Darum, so wahr ich lebe , spricht  der Herr , HERR: Wahrlich, weil du mein Heiligtum verunreinigt  hast durch alle deine Scheusale und durch alle deine Gräuel , so will auch ich mein Auge  abziehen ohne Mitleid, und auch ich will mich nicht erbarmen ."
Ezek.6.3,95,Jehova,divine-name-syntax,Subjekt/Objekt/Anrede ohne eindeutiges Regelsignal; Artikel und Kasus prüfen.,"
        Berge 
        Israels , höret  das Wort  des Herrn , Jehovas! So spricht  der Herr , Jehova, zu den Bergen und  zu den Hügeln , zu den Tälern  und zu den Gründen: Siehe, ich, ich bringe  das Schwert  über euch und werde eure Höhen zerstören ;","
        Berge 
        Israels , höret  das Wort  des Herrn , des HERRN! So spricht  der Herr , HERR, zu den Bergen und  zu den Hügeln , zu den Tälern  und zu den Gründen: Siehe, ich, ich bringe  das Schwert  über euch und werde eure Höhen zerstören ;"
Ezek.6.7,81,Jehova,divine-name-syntax,Subjekt/Objekt/Anrede ohne eindeutiges Regelsignal; Artikel und Kasus prüfen.,"und Erschlagene  sollen in  eurer Mitte fallen . Und ihr werdet wissen , daß ich Jehova  bin. -","und Erschlagene  sollen in  eurer Mitte fallen . Und ihr werdet wissen , dass ich HERR  bin. -"
Ezek.6.10,32,Jehova,divine-name-syntax,Subjekt/Objekt/Anrede ohne eindeutiges Regelsignal; Artikel und Kasus prüfen.,"Und sie werden wissen , daß ich Jehova  bin. Nicht umsonst habe  ich geredet, daß ich ihnen dieses Übel tun  würde.","Und sie werden wissen , dass ich HERR  bin. Nicht umsonst habe  ich geredet, dass ich ihnen dieses Übel tun  würde."
Ezek.6.11,23,Jehova,divine-name-syntax,Subjekt/Objekt/Anrede ohne eindeutiges Regelsignal; Artikel und Kasus prüfen.,"So spricht  der Herr , Jehova: Schlage  in deine Hand  und stampfe  mit deinem Fuße und sprich : Wehe über alle bösen Greuel  des Hauses Israel ! Denn sie müssen fallen  durch das Schwert , durch den Hunger  und durch die Pest!","So spricht  der Herr , HERR: Schlage  in deine Hand  und stampfe  mit deinem Fuße und sprich : Wehe über alle bösen Gräuel  des Hauses Israel ! Denn sie müssen fallen  durch das Schwert , durch den Hunger  und durch die Pest!"
Ezek.6.13,42,Jehova,divine-name-syntax,Subjekt/Objekt/Anrede ohne eindeutiges Regelsignal; Artikel und Kasus prüfen.,"
        Und  ihr werdet wissen , daß ich Jehova  bin, wenn ihre Erschlagenen  mitten unter  ihren Götzen  sein werden, um ihre Altäre her , auf  jedem hohen Hügel , auf  allen Gipfeln der Berge  und unter jedem grünen  Baume und unter jeder dichtbelaubten Terebinthe, an den Orten , wo sie  allen ihren Götzen lieblichen Geruch  dargebracht haben.","
        Und  ihr werdet wissen , dass ich HERR  bin, wenn ihre Erschlagenen  mitten unter  ihren Götzen  sein werden, um ihre Altäre her , auf  jedem hohen Hügel , auf  allen Gipfeln der Berge  und unter jedem grünen  Baume und unter jeder dichtbelaubten Terebinthe, an den Orten , wo sie  allen ihren Götzen lieblichen Geruch  dargebracht haben."
Ezek.6.14,186,Jehova,divine-name-syntax,Subjekt/Objekt/Anrede ohne eindeutiges Regelsignal; Artikel und Kasus prüfen.,"Und ich werde  meine Hand  wider sie ausstrecken  und das Land  zur Wüste  und Verwüstung machen , mehr als die Wüste Diblath, in allen ihren Wohnsitzen. Und sie werden wissen , daß ich Jehova  bin.","Und ich werde  meine Hand  wider sie ausstrecken  und das Land  zur Wüste  und Verwüstung machen , mehr als die Wüste Diblath, in allen ihren Wohnsitzen. Und sie werden wissen , dass ich HERR  bin."
Ezek.7.2,63,Jehova,divine-name-syntax,Subjekt/Objekt/Anrede ohne eindeutiges Regelsignal; Artikel und Kasus prüfen.,"
        Und 
        du , Menschensohn, so spricht der Herr , Jehova, zum Lande Israel : Es hat  ein Ende ! Das Ende kommt  über die vier  Ecken des Landes !","
        Und 
        du , Menschensohn, so spricht der Herr , HERR, zum Lande Israel : Es hat  ein Ende ! Das Ende kommt  über die vier  Ecken des Landes !"
Ezek.7.4,208,Jehova,divine-name-syntax,Subjekt/Objekt/Anrede ohne eindeutiges Regelsignal; Artikel und Kasus prüfen.,"Und mein Auge  wird deiner nicht schonen , und ich werde mich nicht erbarmen ; sondern ich will deine Wege  über dich bringen, und deine Greuel  sollen in  deiner Mitte sein. Und ihr werdet wissen , daß  ich Jehova  bin.","Und mein Auge  wird deiner nicht schonen , und ich werde mich nicht erbarmen ; sondern ich will deine Wege  über dich bringen, und deine Gräuel  sollen in  deiner Mitte sein. Und ihr werdet wissen , dass  ich HERR  bin."
Ezek.7.5,22,Jehova,divine-name-syntax,Subjekt/Objekt/Anrede ohne eindeutiges Regelsignal; Artikel und Kasus prüfen.,"So spricht der Herr , Jehova: Unglück , einziges Unglück , siehe, es kommt !","So spricht der Herr , HERR: Unglück , einziges Unglück , siehe, es kommt !"
Ezek.7.27,253,Jehova,divine-name-syntax,Subjekt/Objekt/Anrede ohne eindeutiges Regelsignal; Artikel und Kasus prüfen.,"Der König  wird trauern , und der Fürst  wird sich in Entsetzen  kleiden, und die Hände  des Volkes  des Landes werden  zittern. Nach ihren Wegen will ich  mit ihnen handeln, und mit ihren Rechten  will ich sie richten , und sie werden wissen , daß ich Jehova  bin.","Der König  wird trauern , und der Fürst  wird sich in Entsetzen  kleiden, und die Hände  des Volkes  des Landes werden  zittern. Nach ihren Wegen will ich  mit ihnen handeln, und mit ihren Rechten  will ich sie richten , und sie werden wissen , dass ich HERR  bin."
Ezek.9.8,149,Jehova,divine-name-syntax,Subjekt/Objekt/Anrede ohne eindeutiges Regelsignal; Artikel und Kasus prüfen.,"
        Und  es geschah, als sie schlugen , und ich allein übrigblieb , da fiel ich nieder auf  mein Angesicht und schrie und sprach : Ach , Herr , Jehova! Willst du den ganzen Überrest Israels verderben , indem du deinen Grimm  über Jerusalem  ausgießest?","
        Und  es geschah, als sie schlugen , und ich allein übrigblieb , da fiel ich nieder auf  mein Angesicht und schrie und sprach : Ach , Herr , HERR! Willst du den ganzen Überrest Israels verderben , indem du deinen Grimm  über Jerusalem  ausgießest?"
Ezek.11.7,30,Jehova,divine-name-syntax,Subjekt/Objekt/Anrede ohne eindeutiges Regelsignal; Artikel und Kasus prüfen.,"Darum, so spricht  der Herr , Jehova: Eure Erschlagenen , die ihr in  ihrer Mitte  hingestreckt habt, die sind das Fleisch , und sie ist  der Topf ; euch aber wird man aus  ihrer Mitte hinausführen.","Darum, so spricht  der Herr , HERR: Eure Erschlagenen , die ihr in  ihrer Mitte  hingestreckt habt, die sind das Fleisch , und sie ist  der Topf ; euch aber wird man aus  ihrer Mitte hinausführen."
Ezek.11.10,118,Jehova,divine-name-syntax,Subjekt/Objekt/Anrede ohne eindeutiges Regelsignal; Artikel und Kasus prüfen.,"Durch das Schwert  sollt ihr fallen : An der Grenze Israels  werde ich euch richten . Und ihr werdet wissen , daß ich Jehova  bin.","Durch das Schwert  sollt ihr fallen : An der Grenze Israels  werde ich euch richten . Und ihr werdet wissen , dass ich HERR  bin."
Ezek.11.12,32,Jehova,divine-name-syntax,Subjekt/Objekt/Anrede ohne eindeutiges Regelsignal; Artikel und Kasus prüfen.,"Und ihr werdet wissen , daß ich Jehova  bin, ich, in dessen Satzungen  ihr nicht gewandelt und dessen Rechte  ihr nicht getan  habt; sondern ihr habt nach den Rechten  der Nationen getan , welche rings um euch her sind . -","Und ihr werdet wissen , dass ich HERR  bin, ich, in dessen Satzungen  ihr nicht gewandelt und dessen Rechte  ihr nicht getan  habt; sondern ihr habt nach den Rechten  der Nationen getan , welche rings um euch her sind . -"
Ezek.11.13,180,Jehova,divine-name-syntax,Subjekt/Objekt/Anrede ohne eindeutiges Regelsignal; Artikel und Kasus prüfen.,"
        Und  es geschah, als ich weissagte , da starb Pelatja , der Sohn Benajas . Und ich fiel nieder auf  mein Angesicht und schrie mit lauter Stimme  und sprach : Ach , Herr , Jehova! Willst du dem Überrest Israels  den Garaus machen ?","
        Und  es geschah, als ich weissagte , da starb Pelatja , der Sohn Benajas . Und ich fiel nieder auf  mein Angesicht und schrie mit lauter Stimme  und sprach : Ach , Herr , HERR! Willst du dem Überrest Israels  den Garaus machen ?"
Ezek.11.16,38,Jehova,divine-name-syntax,Subjekt/Objekt/Anrede ohne eindeutiges Regelsignal; Artikel und Kasus prüfen.,"Darum sprich : So spricht  der Herr , Jehova: Obgleich ich sie unter die Nationen entfernt, und obgleich ich sie in die Länder zerstreut  habe, so bin ich ihnen doch ein wenig  zum Heiligtum  geworden in den Ländern , wohin sie gekommen  sind.","Darum sprich : So spricht  der Herr , HERR: Obgleich ich sie unter die Nationen entfernt, und obgleich ich sie in die Länder zerstreut  habe, so bin ich ihnen doch ein wenig  zum Heiligtum  geworden in den Ländern , wohin sie gekommen  sind."
Ezek.11.17,38,Jehova,divine-name-syntax,Subjekt/Objekt/Anrede ohne eindeutiges Regelsignal; Artikel und Kasus prüfen.,"Darum sprich : So spricht  der Herr , Jehova: Ja, ich werde euch aus den Völkern sammeln  und euch zusammenbringen aus den Ländern, in welche ihr zerstreut  worden seid, und werde euch das Land Israel geben .","Darum sprich : So spricht  der Herr , HERR: Ja, ich werde euch aus den Völkern sammeln  und euch zusammenbringen aus den Ländern, in welche ihr zerstreut  worden seid, und werde euch das Land Israel geben ."
Ezek.12.10,50,Jehova,divine-name-syntax,Subjekt/Objekt/Anrede ohne eindeutiges Regelsignal; Artikel und Kasus prüfen.,"
        Sprich  zu ihnen: So spricht  der Herr , Jehova: Den Fürsten in Jerusalem  betrifft dieser Ausspruch und das ganze Haus Israel , in dessen Mitte sie sind.","
        Sprich  zu ihnen: So spricht  der Herr , HERR: Den Fürsten in Jerusalem  betrifft dieser Ausspruch und das ganze Haus Israel , in dessen Mitte sie sind."
Ezek.12.15,32,Jehova,divine-name-syntax,Subjekt/Objekt/Anrede ohne eindeutiges Regelsignal; Artikel und Kasus prüfen.,"Und sie werden wissen , daß ich Jehova  bin, wenn ich sie unter die Nationen versprenge und sie in die Länder  zerstreue.","Und sie werden wissen , dass ich HERR  bin, wenn ich sie unter die Nationen versprenge und sie in die Länder  zerstreue."
Ezek.12.16,211,Jehova,divine-name-syntax,Subjekt/Objekt/Anrede ohne eindeutiges Regelsignal; Artikel und Kasus prüfen.,"Und ich werde von ihnen einige Leute übriglassen  vom Schwert , vom Hunger  und von der Pest, auf daß sie alle ihre Greuel  erzählen unter den Nationen, wohin sie kommen werden . Und sie werden wissen , daß ich Jehova  bin.","Und ich werde von ihnen einige Leute übriglassen  vom Schwert , vom Hunger  und von der Pest, auf dass sie alle ihre Gräuel  erzählen unter den Nationen, wohin sie kommen werden . Und sie werden wissen , dass ich HERR  bin."
Ezek.12.19,62,Jehova,divine-name-syntax,Subjekt/Objekt/Anrede ohne eindeutiges Regelsignal; Artikel und Kasus prüfen.,"Und sprich  zu dem Volke  des Landes : So spricht  der Herr , Jehova, von den Bewohnern Jerusalems  im Lande Israel : In Angst werden  sie ihr Brot essen  und in Entsetzen ihr Wasser trinken , weil ihr Land  veröden wird von seiner Fülle wegen der Gewalttat aller seiner Bewohner.","Und sprich  zu dem Volke  des Landes : So spricht  der Herr , HERR, von den Bewohnern Jerusalems  im Lande Israel : In Angst werden  sie ihr Brot essen  und in Entsetzen ihr Wasser trinken , weil ihr Land  veröden wird von seiner Fülle wegen der Gewalttat aller seiner Bewohner."
Ezek.12.20,112,Jehova,divine-name-syntax,Subjekt/Objekt/Anrede ohne eindeutiges Regelsignal; Artikel und Kasus prüfen.,"Und die bewohnten Städte  werden wüst , und das Land  wird eine Einöde werden. Und ihr  werdet wissen , daß ich Jehova  bin.","Und die bewohnten Städte  werden wüst , und das Land  wird eine Einöde werden. Und ihr  werdet wissen , dass ich HERR  bin."
Ezek.12.23,47,Jehova,divine-name-syntax,Subjekt/Objekt/Anrede ohne eindeutiges Regelsignal; Artikel und Kasus prüfen.,"Darum sprich  zu ihnen: So spricht  der Herr , Jehova: Ich will  diesem Spruche ein Ende machen , und  man soll ihn nicht mehr als Spruch  gebrauchen in Israel ; sondern rede  zu ihnen: Nahe sind die Tage  und das Wort  eines jeden Gesichts.","Darum sprich  zu ihnen: So spricht  der Herr , HERR: Ich will  diesem Spruche ein Ende machen , und  man soll ihn nicht mehr als Spruch  gebrauchen in Israel ; sondern rede  zu ihnen: Nahe sind die Tage  und das Wort  eines jeden Gesichts."
Ezek.12.28,47,Jehova,divine-name-syntax,Subjekt/Objekt/Anrede ohne eindeutiges Regelsignal; Artikel und Kasus prüfen.,"Darum sprich zu  ihnen: So spricht  der Herr , Jehova: Keines meiner Worte soll mehr hinausgeschoben werden ; das Wort , das ich rede , wird auch geschehen, spricht  der Herr , Jehova.","Darum sprich zu  ihnen: So spricht  der Herr , HERR: Keines meiner Worte soll mehr hinausgeschoben werden ; das Wort , das ich rede , wird auch geschehen, spricht  der Herr , HERR."
Ezek.13.3,23,Jehova,divine-name-syntax,Subjekt/Objekt/Anrede ohne eindeutiges Regelsignal; Artikel und Kasus prüfen.,"So spricht  der Herr , Jehova: Wehe  den törichten Propheten , welche ihrem eigenen Geiste  nachgehen und  dem, was sie nicht gesehen haben !","So spricht  der Herr , HERR: Wehe  den törichten Propheten , welche ihrem eigenen Geiste  nachgehen und  dem, was sie nicht gesehen haben !"
Ezek.13.6,93,Jehova,divine-name-syntax,Subjekt/Objekt/Anrede ohne eindeutiges Regelsignal; Artikel und Kasus prüfen.,"
        Sie  schauten Eitles und  Lügenwahrsagung, die da sagen : ""Spruch Jehovas!"", obwohl Jehova sie nicht gesandt hat ; und  sie ließen hoffen, daß ihr Wort  erfüllt würde.","
        Sie  schauten Eitles und  Lügenwahrsagung, die da sagen : ""Spruch des HERRN!"", obwohl HERR sie nicht gesandt hat ; und  sie ließen hoffen, dass ihr Wort  erfüllt würde."
Ezek.13.8,26,Jehova,divine-name-syntax,Subjekt/Objekt/Anrede ohne eindeutiges Regelsignal; Artikel und Kasus prüfen.,"Darum spricht  der Herr , Jehova, also: Weil ihr Eitles redet  und Lüge  schauet, darum, siehe, will ich  an euch, spricht  der Herr , Jehova;","Darum spricht  der Herr , HERR, also: Weil ihr Eitles redet  und Lüge  schauet, darum, siehe, will ich  an euch, spricht  der Herr , HERR;"
Ezek.13.9,295,Jehova,divine-name-syntax,Subjekt/Objekt/Anrede ohne eindeutiges Regelsignal; Artikel und Kasus prüfen.,"und meine Hand  wird wider die Propheten  sein, die Eitles schauen und Lüge wahrsagen . Im Rate meines Volkes  sollen sie nicht  stehen, und in das Buch des Hauses Israel  nicht eingeschrieben werden , und in das Land Israel  sollen sie nicht kommen. Und ihr  werdet wissen , daß ich der Herr , Jehova, bin.","und meine Hand  wird wider die Propheten  sein, die Eitles schauen und Lüge wahrsagen . Im Rate meines Volkes  sollen sie nicht  stehen, und in das Buch des Hauses Israel  nicht eingeschrieben werden , und in das Land Israel  sollen sie nicht kommen. Und ihr  werdet wissen , dass ich der Herr , HERR, bin."
Ezek.13.13,30,Jehova,divine-name-syntax,Subjekt/Objekt/Anrede ohne eindeutiges Regelsignal; Artikel und Kasus prüfen.,"Darum, so spricht  der Herr , Jehova: Ich will einen Sturmwind  losbrechen lassen in meinem Grimm , und ein  überschwemmender Regen  wird kommen in meinem Zorn , und Hagelsteine im Grimm , zur Vernichtung.","Darum, so spricht  der Herr , HERR: Ich will einen Sturmwind  losbrechen lassen in meinem Grimm , und ein  überschwemmender Regen  wird kommen in meinem Zorn , und Hagelsteine im Grimm , zur Vernichtung."
Ezek.13.14,233,Jehova,divine-name-syntax,Subjekt/Objekt/Anrede ohne eindeutiges Regelsignal; Artikel und Kasus prüfen.,"Und ich will die Mauer  abbrechen, die ihr mit Tünche bestrichen habt , und sie  zur Erde  niederwerfen, daß ihr Grund  entblößt werde ; und sie soll fallen , und ihr werdet in  ihrer Mitte umkommen . Und ihr werdet wissen , daß ich Jehova  bin.","Und ich will die Mauer  abbrechen, die ihr mit Tünche bestrichen habt , und sie  zur Erde  niederwerfen, dass ihr Grund  entblößt werde ; und sie soll fallen , und ihr werdet in  ihrer Mitte umkommen . Und ihr werdet wissen , dass ich HERR  bin."
Ezek.13.18,59,Jehova,divine-name-syntax,Subjekt/Objekt/Anrede ohne eindeutiges Regelsignal; Artikel und Kasus prüfen.,"und weissage wider sie und sprich : So spricht  der Herr , Jehova: Wehe  denen, welche Binden zusammennähen über alle Gelenke der Hände  und Kopfhüllen machen  für Häupter  jedes Wuchses, um Seelen  zu fangen ! Die Seelen  meines Volkes  fanget ihr, und eure Seelen  erhaltet ihr am Leben ?","und weissage wider sie und sprich : So spricht  der Herr , HERR: Wehe  denen, welche Binden zusammennähen über alle Gelenke der Hände  und Kopfhüllen machen  für Häupter  jedes Wuchses, um Seelen  zu fangen ! Die Seelen  meines Volkes  fanget ihr, und eure Seelen  erhaltet ihr am Leben ?"
Ezek.13.20,26,Jehova,divine-name-syntax,Subjekt/Objekt/Anrede ohne eindeutiges Regelsignal; Artikel und Kasus prüfen.,"Darum spricht  der Herr , Jehova, also: Siehe, ich will an eure Binden, mit welchen ihr  fanget, will die Seelen  wegfliegen lassen und sie  von euren Armen wegreißen ; und ich will die Seelen  freilassen, die ihr fanget, die Seelen , daß sie wegfliegen.","Darum spricht  der Herr , HERR, also: Siehe, ich will an eure Binden, mit welchen ihr  fanget, will die Seelen  wegfliegen lassen und sie  von euren Armen wegreißen ; und ich will die Seelen  freilassen, die ihr fanget, die Seelen , dass sie wegfliegen."
Ezek.13.21,169,Jehova,divine-name-syntax,Subjekt/Objekt/Anrede ohne eindeutiges Regelsignal; Artikel und Kasus prüfen.,"Und ich werde eure Kopfhüllen zerreißen  und mein Volk  aus eurer Hand  erretten, damit sie nicht  mehr zur Beute werden in eurer Hand . Und ihr werdet wissen , daß ich Jehova  bin.","Und ich werde eure Kopfhüllen zerreißen  und mein Volk  aus eurer Hand  erretten, damit sie nicht  mehr zur Beute werden in eurer Hand . Und ihr werdet wissen , dass ich HERR  bin."
Ezek.13.23,166,Jehova,divine-name-syntax,Subjekt/Objekt/Anrede ohne eindeutiges Regelsignal; Artikel und Kasus prüfen.,"darum sollt ihr nicht  mehr Eitles schauen und nicht  ferner Wahrsagerei treiben; und ich  werde mein Volk  aus eurer Hand  erretten. Und ihr werdet wissen , daß ich Jehova  bin.","darum sollt ihr nicht  mehr Eitles schauen und nicht  ferner Wahrsagerei treiben; und ich  werde mein Volk  aus eurer Hand  erretten. Und ihr werdet wissen , dass ich HERR  bin."
Ezek.14.4,67,Jehova,divine-name-syntax,Subjekt/Objekt/Anrede ohne eindeutiges Regelsignal; Artikel und Kasus prüfen.,"Darum rede  mit ihnen und sprich  zu ihnen: So spricht  der Herr , Jehova : Jedermann  aus dem Hause Israel , der seine Götzen in  seinem Herzen  aufkommen läßt und den Anstoß  zu seiner Missetat vor  sein Angesicht  stellt, und zu dem Propheten kommt  -ich, Jehova, werde ihm demgemäß antworten , gemäß der Menge  seiner Götzen :","Darum rede  mit ihnen und sprich  zu ihnen: So spricht  der Herr , HERR : Jedermann  aus dem Hause Israel , der seine Götzen in  seinem Herzen  aufkommen lässt und den Anstoß  zu seiner Missetat vor  sein Angesicht  stellt, und zu dem Propheten kommt  -ich, der HERR, werde ihm demgemäß antworten , gemäß der Menge  seiner Götzen :"
Ezek.14.6,56,Jehova,divine-name-syntax,Subjekt/Objekt/Anrede ohne eindeutiges Regelsignal; Artikel und Kasus prüfen.,"Darum sprich  zum Hause Israel : So spricht  der Herr , Jehova: Kehret um , und wendet  euch ab von euren Götzen , und wendet  von allen euren Greueln  euer Angesicht  ab!","Darum sprich  zum Hause Israel : So spricht  der Herr , HERR: Kehret um , und wendet  euch ab von euren Götzen , und wendet  von allen euren Gräueln  euer Angesicht  ab!"
Ezek.14.8,216,Jehova,divine-name-syntax,Subjekt/Objekt/Anrede ohne eindeutiges Regelsignal; Artikel und Kasus prüfen.,"Und ich werde mein Angesicht  wider selbigen Mann  richten, und werde ihn zu einem Denkzeichen und zu Sprichwörtern machen ; und ich werde ihn ausrotten aus  der Mitte meines Volkes . Und ihr werdet wissen , daß ich Jehova  bin. -","Und ich werde mein Angesicht  wider selbigen Mann  richten, und werde ihn zu einem Denkzeichen und zu Sprichwörtern machen ; und ich werde ihn ausrotten aus  der Mitte meines Volkes . Und ihr werdet wissen , dass ich HERR  bin. -"
Ezek.14.14,160,Jehova,divine-name-syntax,Subjekt/Objekt/Anrede ohne eindeutiges Regelsignal; Artikel und Kasus prüfen.,"und diese drei Männer  wären in  demselben: Noah , Daniel  und Hiob  -sie würden durch ihre Gerechtigkeit  nur ihre eigene Seele erretten , spricht  der Herr , Jehova. -","und diese drei Männer  wären in  demselben: Noah , Daniel  und Hiob  -sie würden durch ihre Gerechtigkeit  nur ihre eigene Seele erretten , spricht  der Herr , HERR. -"
Ezek.14.16,78,Jehova,divine-name-syntax,Subjekt/Objekt/Anrede ohne eindeutiges Regelsignal; Artikel und Kasus prüfen.,"Wären diese drei Männer in  demselben, so wahr ich lebe , spricht  der Herr , Jehova, sie würden weder Söhne  noch Töchter erretten  können; sie allein würden errettet , das Land  aber würde eine Wüste  werden. -","Wären diese drei Männer in  demselben, so wahr ich lebe , spricht  der Herr , HERR, sie würden weder Söhne  noch Töchter erretten  können; sie allein würden errettet , das Land  aber würde eine Wüste  werden. -"
Ezek.14.18,83,Jehova,divine-name-syntax,Subjekt/Objekt/Anrede ohne eindeutiges Regelsignal; Artikel und Kasus prüfen.,"und diese drei Männer  wären in  demselben: So wahr ich lebe , spricht  der Herr , Jehova, sie würden weder Söhne  noch Töchter erretten  können; sondern sie allein würden errettet  werden. -","und diese drei Männer  wären in  demselben: So wahr ich lebe , spricht  der Herr , HERR, sie würden weder Söhne  noch Töchter erretten  können; sondern sie allein würden errettet  werden. -"
Ezek.14.20,89,Jehova,divine-name-syntax,Subjekt/Objekt/Anrede ohne eindeutiges Regelsignal; Artikel und Kasus prüfen.,"und Noah , Daniel  und Hiob  wären in  demselben: So wahr ich lebe , spricht  der Herr , Jehova, sie würden  weder Sohn  noch Tochter erretten  können; sie würden durch ihre Gerechtigkeit  nur ihre eigene Seele erretten .","und Noah , Daniel  und Hiob  wären in  demselben: So wahr ich lebe , spricht  der Herr , HERR, sie würden  weder Sohn  noch Tochter erretten  können; sie würden durch ihre Gerechtigkeit  nur ihre eigene Seele erretten ."
Ezek.14.21,28,Jehova,divine-name-syntax,Subjekt/Objekt/Anrede ohne eindeutiges Regelsignal; Artikel und Kasus prüfen.,"Denn so spricht  der Herr , Jehova: Wieviel mehr, wenn ich meine vier bösen Gerichte , Schwert und Hunger  und böse Tiere  und die Pest, gegen Jerusalem  entsenden werde, um Menschen  und Vieh  darin auszurotten !","Denn so spricht  der Herr , HERR: Wie viel mehr, wenn ich meine vier bösen Gerichte , Schwert und Hunger  und böse Tiere  und die Pest, gegen Jerusalem  entsenden werde, um Menschen  und Vieh  darin auszurotten !"
Ezek.15.6,30,Jehova,divine-name-syntax,Subjekt/Objekt/Anrede ohne eindeutiges Regelsignal; Artikel und Kasus prüfen.,"Darum, so spricht  der Herr , Jehova: Wie das Holz  des Weinstocks unter den Bäumen  des Waldes , welches ich dem Feuer  zur Speise gebe , also gebe  ich die  Bewohner von Jerusalem  dahin;","Darum, so spricht  der Herr , HERR: Wie das Holz  des Weinstocks unter den Bäumen  des Waldes , welches ich dem Feuer  zur Speise gebe , also gebe  ich die  Bewohner von Jerusalem  dahin;"
Ezek.15.7,148,Jehova,divine-name-syntax,Subjekt/Objekt/Anrede ohne eindeutiges Regelsignal; Artikel und Kasus prüfen.,"und ich werde mein Angesicht  wider sie  richten: Aus dem Feuer kommen  sie heraus, und Feuer wird  sie verzehren . Und ihr werdet wissen , daß ich Jehova  bin, wenn ich mein Angesicht  wider sie richte.","und ich werde mein Angesicht  wider sie  richten: Aus dem Feuer kommen  sie heraus, und Feuer wird  sie verzehren . Und ihr werdet wissen , dass ich HERR  bin, wenn ich mein Angesicht  wider sie richte."
Ezek.16.3,23,Jehova,divine-name-syntax,Subjekt/Objekt/Anrede ohne eindeutiges Regelsignal; Artikel und Kasus prüfen.,"So spricht  der Herr , Jehova, zu Jerusalem : Dein Ursprung und  deine Abstammung ist  aus dem Lande  der Kanaaniter ; dein Vater  war ein Amoriter , und deine Mutter  eine Hethiterin.","So spricht  der Herr , HERR, zu Jerusalem : Dein Ursprung und  deine Abstammung ist  aus dem Lande  der Kanaaniter ; dein Vater  war ein Amoriter , und deine Mutter  eine Hethiterin."
Ezek.16.8,242,Jehova,divine-name-syntax,Subjekt/Objekt/Anrede ohne eindeutiges Regelsignal; Artikel und Kasus prüfen.,"Und ich ging  an dir vorüber und sah  dich, und siehe, deine Zeit  war die Zeit  der Liebe ; und ich breitete  meinen Zipfel über  dich aus, und bedeckte  deine Blöße ; und ich schwur  dir und trat in einen Bund  mit dir, spricht  der Herr , Jehova, und du wurdest mein.","Und ich ging  an dir vorüber und sah  dich, und siehe, deine Zeit  war die Zeit  der Liebe ; und ich breitete  meinen Zipfel über  dich aus, und bedeckte  deine Blöße ; und ich schwur  dir und trat in einen Bund  mit dir, spricht  der Herr , HERR, und du wurdest mein."
Ezek.16.19,198,Jehova,divine-name-syntax,Subjekt/Objekt/Anrede ohne eindeutiges Regelsignal; Artikel und Kasus prüfen.,"und meine Speise , die ich dir gegeben : Feinmehl  und Öl  und Honig , womit ich dich gespeist hatte , die setztest du  ihnen vor  zum lieblichen Geruch . Und das ist geschehen, spricht  der Herr , Jehova. -","und meine Speise , die ich dir gegeben : Feinmehl  und Öl  und Honig , womit ich dich gespeist hatte , die setztest du  ihnen vor  zum lieblichen Geruch . Und das ist geschehen, spricht  der Herr , HERR. -"
Ezek.16.23,82,Jehova,divine-name-syntax,Subjekt/Objekt/Anrede ohne eindeutiges Regelsignal; Artikel und Kasus prüfen.,"Und es geschah, nach  aller deiner Bosheit (wehe , wehe  dir! spricht  der Herr , Jehova) ","Und es geschah, nach  aller deiner Bosheit (wehe , wehe  dir! spricht  der Herr , HERR) "
Ezek.16.30,62,Jehova,divine-name-syntax,Subjekt/Objekt/Anrede ohne eindeutiges Regelsignal; Artikel und Kasus prüfen.,"
        Wie  schmachtend ist dein Herz , spricht  der Herr , Jehova, indem du dieses alles tust, das Tun  eines ausgelassenen Hurenweibes,","
        Wie  schmachtend ist dein Herz , spricht  der Herr , HERR, indem du dieses alles tust, das Tun  eines ausgelassenen Hurenweibes,"
Ezek.16.32,20,Weib,gender-agreement,Nominalgruppe regelbasiert angepasst; längere Pronomenbezüge/Satzkongruenz prüfen.,das ehebrecherische Weib nimmt  statt ihres Mannes Fremde  an!,die ehebrecherische Frau nimmt  statt ihres Mannes Fremde  an!
Ezek.16.36,22,Jehova,divine-name-syntax,Subjekt/Objekt/Anrede ohne eindeutiges Regelsignal; Artikel und Kasus prüfen.,"So spricht der Herr , Jehova: Weil deine Unreinigkeit ausgegossen und  deine Blöße aufgedeckt  worden ist in deinen Hurereien mit deinen Buhlen , und wegen all deiner greuelhaften Götzen  und wegen des Blutes  deiner Kinder , die du ihnen gegeben hast :","So spricht der Herr , HERR: Weil deine Unreinigkeit ausgegossen und  deine Blöße aufgedeckt  worden ist in deinen Hurereien mit deinen Buhlen , und wegen all deiner greuelhaften Götzen  und wegen des Blutes  deiner Kinder , die du ihnen gegeben hast :"
Ezek.16.43,187,Jehova,divine-name-syntax,Subjekt/Objekt/Anrede ohne eindeutiges Regelsignal; Artikel und Kasus prüfen.,"Darum, daß du nicht gedacht hast  der Tage  deiner Jugend  und mich durch alles dieses gereizt  hast, siehe , so habe  auch ich deinen Weg  auf deinen Kopf  gebracht, spricht  der Herr , Jehova, damit  du nicht mehr diese Schandtat begehest zu allen deinen Greueln  hinzu.","Darum, dass du nicht gedacht hast  der Tage  deiner Jugend  und mich durch alles dieses gereizt  hast, siehe , so habe  auch ich deinen Weg  auf deinen Kopf  gebracht, spricht  der Herr , HERR, damit  du nicht mehr diese Schandtat begehest zu allen deinen Gräueln  hinzu."
Ezek.16.48,39,Jehova,divine-name-syntax,Subjekt/Objekt/Anrede ohne eindeutiges Regelsignal; Artikel und Kasus prüfen.,"So wahr ich lebe , spricht  der Herr , Jehova, Sodom , deine Schwester , sie und ihre Töchter  haben nicht getan , wie du getan  hast, du und deine Töchter !","So wahr ich lebe , spricht  der Herr , HERR, Sodom , deine Schwester , sie und ihre Töchter  haben nicht getan , wie du getan  hast, du und deine Töchter !"
Ezek.16.50,94,sobald,spelling-context,Kontextabhängige Schreibung/modernes Homograph; unverändert prüfen.,"und sie  waren hochmütig und verübten Greuel  vor meinem Angesicht . Und ich tat  sie hinweg, sobald ich es sah .","und sie  waren hochmütig und verübten Gräuel  vor meinem Angesicht . Und ich tat  sie hinweg, sobald ich es sah ."
Ezek.16.59,27,Jehova,divine-name-syntax,Subjekt/Objekt/Anrede ohne eindeutiges Regelsignal; Artikel und Kasus prüfen.,"Denn so spricht der Herr , Jehova: Ja, ich will dir tun , so wie du getan , die du den Eid verachtet  und den Bund gebrochen hast . -","Denn so spricht der Herr , HERR: Ja, ich will dir tun , so wie du getan , die du den Eid verachtet  und den Bund gebrochen hast . -"
Ezek.16.62,76,Jehova,divine-name-syntax,Subjekt/Objekt/Anrede ohne eindeutiges Regelsignal; Artikel und Kasus prüfen.,"Und ich werde meinen Bund  mit dir errichten, und du wirst wissen , daß ich Jehova  bin:","Und ich werde meinen Bund  mit dir errichten, und du wirst wissen , dass ich HERR  bin:"
Ezek.17.3,36,Jehova,divine-name-syntax,Subjekt/Objekt/Anrede ohne eindeutiges Regelsignal; Artikel und Kasus prüfen.,"und sprich : So spricht  der Herr , Jehova: Ein großer Adler  mit großen Flügeln , langen  Schwingen, voll  buntfarbigen Gefieders, kam  zum Libanon  und nahm  den Wipfel  einer Zeder .","und sprich : So spricht  der Herr , HERR: Ein großer Adler  mit großen Flügeln , langen  Schwingen, voll  buntfarbigen Gefieders, kam  zum Libanon  und nahm  den Wipfel  einer Zeder ."
Ezek.17.10,75,sobald,spelling-context,Kontextabhängige Schreibung/modernes Homograph; unverändert prüfen.,"Und siehe, wenngleich er gepflanzt  ist, wird er  gedeihen? Wird er nicht, sobald der Ostwind  ihn berührt, ganz verdorren ? Auf den Beeten, wo er wächst, wird er verdorren .","Und siehe, wenngleich er gepflanzt  ist, wird er  gedeihen? Wird er nicht, sobald der Ostwind  ihn berührt, ganz verdorren ? Auf den Beeten, wo er wächst, wird er verdorren ."
Ezek.17.16,39,Jehova,divine-name-syntax,Subjekt/Objekt/Anrede ohne eindeutiges Regelsignal; Artikel und Kasus prüfen.,"So wahr ich lebe , spricht  der Herr , Jehova, wenn er nicht an dem Orte  des Königs, der ihn zum König  gemacht hat , dessen Eid  er verachtet  und dessen Bund  er gebrochen hat, bei ihm in Babel sterben wird !","So wahr ich lebe , spricht  der Herr , HERR, wenn er nicht an dem Orte  des Königs, der ihn zum König  gemacht hat , dessen Eid  er verachtet  und dessen Bund  er gebrochen hat, bei ihm in Babel sterben wird !"
Ezek.17.19,25,Jehova,divine-name-syntax,Subjekt/Objekt/Anrede ohne eindeutiges Regelsignal; Artikel und Kasus prüfen.,"Darum spricht der Herr , Jehova, also: So wahr ich lebe , wenn ich nicht meinen Eid , den er verachtet , und meinen Bund , den er  gebrochen hat , ihm auf seinen Kopf  bringe!","Darum spricht der Herr , HERR, also: So wahr ich lebe , wenn ich nicht meinen Eid , den er verachtet , und meinen Bund , den er  gebrochen hat , ihm auf seinen Kopf  bringe!"
Ezek.17.22,23,Jehova,divine-name-syntax,Subjekt/Objekt/Anrede ohne eindeutiges Regelsignal; Artikel und Kasus prüfen.,"So spricht  der Herr , Jehova: Und ich werde von dem Wipfel  der hohen Zeder  einen Schößling nehmen  und ihn setzen ; von dem obersten ihrer Schößlinge  werde ich einen zarten abbrechen und ihn pflanzen auf  einen hohen und erhabenen Berg .","So spricht  der Herr , HERR: Und ich werde von dem Wipfel  der hohen Zeder  einen Schössling nehmen  und ihn setzen ; von dem obersten ihrer Schösslinge  werde ich einen zarten abbrechen und ihn pflanzen auf  einen hohen und erhabenen Berg ."
Ezek.18.3,49,Jehova,divine-name-syntax,Subjekt/Objekt/Anrede ohne eindeutiges Regelsignal; Artikel und Kasus prüfen.,"
        So  wahr ich lebe , spricht  der Herr , Jehova, wenn ihr ferner diesen Spruch  in Israel  gebrauchen sollt!","
        So  wahr ich lebe , spricht  der Herr , HERR, wenn ihr ferner diesen Spruch  in Israel  gebrauchen sollt!"
Ezek.18.6,103,Weib,gender-agreement,Nominalgruppe regelbasiert angepasst; längere Pronomenbezüge/Satzkongruenz prüfen.,"auf den Bergen nicht  isset und  seine Augen nicht  erhebt zu  den Götzen  des Hauses Israel , und das Weib  seines Nächsten  nicht verunreinigt  und dem Weibe  in ihrer Unreinigkeit nicht naht,","auf den Bergen nicht  isset und  seine Augen nicht  erhebt zu  den Götzen  des Hauses Israel , und die Frau  seines Nächsten  nicht verunreinigt  und der Frau  in ihrer Unreinigkeit nicht naht,"
Ezek.18.6,154,Weibe,gender-agreement,Nominalgruppe regelbasiert angepasst; längere Pronomenbezüge/Satzkongruenz prüfen.,"auf den Bergen nicht  isset und  seine Augen nicht  erhebt zu  den Götzen  des Hauses Israel , und das Weib  seines Nächsten  nicht verunreinigt  und dem Weibe  in ihrer Unreinigkeit nicht naht,","auf den Bergen nicht  isset und  seine Augen nicht  erhebt zu  den Götzen  des Hauses Israel , und die Frau  seines Nächsten  nicht verunreinigt  und der Frau  in ihrer Unreinigkeit nicht naht,"
Ezek.18.9,148,Jehova,divine-name-syntax,Subjekt/Objekt/Anrede ohne eindeutiges Regelsignal; Artikel und Kasus prüfen.,"in meinen Satzungen wandelt  und meine Rechte hält , um nach Wahrheit zu  handeln: Der ist gerecht ; er  soll gewißlich leben , spricht  der Herr , Jehova. -","in meinen Satzungen wandelt  und meine Rechte hält , um nach Wahrheit zu  handeln: Der ist gerecht ; er  soll gewisslich leben , spricht  der Herr , HERR. -"
Ezek.18.11,90,Weib,gender-agreement,Nominalgruppe regelbasiert angepasst; längere Pronomenbezüge/Satzkongruenz prüfen.,"er selbst aber hat alles dieses nicht getan  wenn er sogar auf den Bergen  isset, und das Weib  seines Nächsten verunreinigt ,","er selbst aber hat alles dieses nicht getan  wenn er sogar auf den Bergen  isset, und die Frau  seines Nächsten verunreinigt ,"
Ezek.18.15,124,Weib,gender-agreement,Nominalgruppe regelbasiert angepasst; längere Pronomenbezüge/Satzkongruenz prüfen.,"Er isset nicht  auf den Bergen und  erhebt nicht seine Augen  zu den Götzen  des Hauses Israel , er verunreinigt  nicht das Weib  seines Nächsten ,","Er isset nicht  auf den Bergen und  erhebt nicht seine Augen  zu den Götzen  des Hauses Israel , er verunreinigt  nicht die Frau  seines Nächsten ,"
Ezek.18.23,88,Jehova,divine-name-syntax,Subjekt/Objekt/Anrede ohne eindeutiges Regelsignal; Artikel und Kasus prüfen.,"
        Habe  ich irgendwie Gefallen an dem Tode  des Gesetzlosen, spricht  der Herr , Jehova? Nicht  vielmehr daran, daß er von seinen Wegen  umkehre und lebe ?","
        Habe  ich irgendwie Gefallen an dem Tode  des Gesetzlosen, spricht  der Herr , HERR? Nicht  vielmehr daran, dass er von seinen Wegen  umkehre und lebe ?"
Ezek.18.30,97,Jehova,divine-name-syntax,Subjekt/Objekt/Anrede ohne eindeutiges Regelsignal; Artikel und Kasus prüfen.,"Darum werde ich euch richten , Haus Israel , einen jeden nach seinen Wegen , spricht  der Herr , Jehova. Kehret um , und wendet  euch ab von allen euren Übertretungen , daß es euch nicht ein Anstoß  zur Missetat  werde;","Darum werde ich euch richten , Haus Israel , einen jeden nach seinen Wegen , spricht  der Herr , HERR. Kehret um , und wendet  euch ab von allen euren Übertretungen , dass es euch nicht ein Anstoß  zur Missetat  werde;"
Ezek.18.32,75,Jehova,divine-name-syntax,Subjekt/Objekt/Anrede ohne eindeutiges Regelsignal; Artikel und Kasus prüfen.,"Denn ich habe  kein Gefallen am Tode  des Sterbenden , spricht  der Herr , Jehova. So kehret um  und lebet!","Denn ich habe  kein Gefallen am Tode  des Sterbenden , spricht  der Herr , HERR. So kehret um  und lebet!"
Ezek.20.3,90,Jehova,divine-name-syntax,Subjekt/Objekt/Anrede ohne eindeutiges Regelsignal; Artikel und Kasus prüfen.,"Menschensohn, rede  zu den Ältesten Israels  und sprich  zu ihnen: So spricht  der Herr , Jehova: Um mich zu befragen, seid ihr gekommen ? So wahr ich lebe , wenn ich mich von euch befragen lasse! spricht  der Herr , Jehova.","Menschensohn, rede  zu den Ältesten Israels  und sprich  zu ihnen: So spricht  der Herr , HERR: Um mich zu befragen, seid ihr gekommen ? So wahr ich lebe , wenn ich mich von euch befragen lasse! spricht  der Herr , HERR."
Ezek.20.5,23,Jehova,divine-name-syntax,Subjekt/Objekt/Anrede ohne eindeutiges Regelsignal; Artikel und Kasus prüfen.,"So spricht  der Herr , Jehova : An dem Tage , da ich Israel erwählte , und  ich meine Hand  dem Samen  des Hauses Jakob erhob , und ihnen im Lande Ägypten  mich kundgab, und meine Hand  ihnen erhob  und sprach : Ich bin Jehova, euer Gott  -","So spricht  der Herr , HERR : An dem Tage , da ich Israel erwählte , und  ich meine Hand  dem Samen  des Hauses Jakob erhob , und ihnen im Lande Ägypten  mich kundgab, und meine Hand  ihnen erhob  und sprach : Ich bin der HERR, euer Gott  -"
Ezek.20.12,143,Jehova,divine-name-syntax,Subjekt/Objekt/Anrede ohne eindeutiges Regelsignal; Artikel und Kasus prüfen.,"
        Und  auch meine Sabbathe gab  ich ihnen, damit sie zum Denkzeichen wären zwischen mir und ihnen, auf daß sie wissen  möchten, daß ich Jehova  bin, der sie heiligt . -","
        Und  auch meine Sabbate gab  ich ihnen, damit sie zum Denkzeichen wären zwischen mir und ihnen, auf dass sie wissen  möchten, dass ich HERR  bin, der sie heiligt . -"
Ezek.20.20,124,Jehova,divine-name-syntax,Subjekt/Objekt/Anrede ohne eindeutiges Regelsignal; Artikel und Kasus prüfen.,"
        und  heiliget meine Sabbathe, damit sie zum Denkzeichen seien zwischen mir  und euch, auf daß ihr  wisset, daß ich Jehova  bin, euer Gott . -","
        und  heiliget meine Sabbate, damit sie zum Denkzeichen seien zwischen mir  und euch, auf dass ihr  wisset, dass ich HERR  bin, euer Gott . -"
Ezek.20.26,191,Jehova,divine-name-syntax,Subjekt/Objekt/Anrede ohne eindeutiges Regelsignal; Artikel und Kasus prüfen.,"
        Und  ich verunreinigte  sie durch ihre Gaben , indem sie alles, was die Mutter bricht , durch das Feuer gehen  ließen: auf daß ich sie verwüstete, damit sie wissen  möchten, daß ich Jehova  bin.","
        Und  ich verunreinigte  sie durch ihre Gaben , indem sie alles, was die Mutter bricht , durch das Feuer gehen  ließen: auf dass ich sie verwüstete, damit sie wissen  möchten, dass ich HERR  bin."
Ezek.20.27,89,Jehova,divine-name-syntax,Subjekt/Objekt/Anrede ohne eindeutiges Regelsignal; Artikel und Kasus prüfen.,"Darum, Menschensohn, rede  zum Hause Israel und sprich  zu ihnen: So spricht  der Herr , Jehova: Auch  noch dadurch haben  eure Väter  mich geschmäht , als sie  Treulosigkeit gegen mich begingen:","Darum, Menschensohn, rede  zum Hause Israel und sprich  zu ihnen: So spricht  der Herr , HERR: Auch  noch dadurch haben  eure Väter  mich geschmäht , als sie  Treulosigkeit gegen mich begingen:"
Ezek.20.30,56,Jehova,divine-name-syntax,Subjekt/Objekt/Anrede ohne eindeutiges Regelsignal; Artikel und Kasus prüfen.,"Darum sprich  zum Hause Israel : So spricht  der Herr , Jehova: Wie? Ihr verunreiniget euch  auf dem Wege  eurer Väter  und huret ihren Scheusalen nach;","Darum sprich  zum Hause Israel : So spricht  der Herr , HERR: Wie? Ihr verunreiniget euch  auf dem Wege  eurer Väter  und huret ihren Scheusalen nach;"
Ezek.20.31,260,Jehova,divine-name-syntax,Subjekt/Objekt/Anrede ohne eindeutiges Regelsignal; Artikel und Kasus prüfen.,"und ihr verunreiniget euch  bis auf diesen Tag  an allen euren Götzen  durch das Darbringen eurer Gaben , indem ihr eure Kinder  durch das Feuer gehen  lasset! Und ich sollte mich von euch befragen lassen , Haus Israel ? So wahr ich lebe , spricht  der Herr , Jehova, wenn ich mich von euch befragen lasse!","und ihr verunreiniget euch  bis auf diesen Tag  an allen euren Götzen  durch das Darbringen eurer Gaben , indem ihr eure Kinder  durch das Feuer gehen  lasset! Und ich sollte mich von euch befragen lassen , Haus Israel ? So wahr ich lebe , spricht  der Herr , HERR, wenn ich mich von euch befragen lasse!"
Ezek.20.33,39,Jehova,divine-name-syntax,Subjekt/Objekt/Anrede ohne eindeutiges Regelsignal; Artikel und Kasus prüfen.,"So wahr ich lebe , spricht  der Herr , Jehova, wenn ich nicht mit starker Hand  und mit ausgestrecktem Arm  und mit ausgegossenem Grimm  über euch regieren werde !","So wahr ich lebe , spricht  der Herr , HERR, wenn ich nicht mit starker Hand  und mit ausgestrecktem Arm  und mit ausgegossenem Grimm  über euch regieren werde !"
Ezek.20.38,232,Jehova,divine-name-syntax,Subjekt/Objekt/Anrede ohne eindeutiges Regelsignal; Artikel und Kasus prüfen.,"Und ich werde die Empörer und die von mir Abgefallenen von euch  ausscheiden; ich werde sie herausführen aus dem Lande  ihrer Fremdlingschaft, aber in das Land Israel  soll keiner von ihnen kommen . Und ihr  werdet wissen , daß ich Jehova  bin.","Und ich werde die Empörer und die von mir Abgefallenen von euch  ausscheiden; ich werde sie herausführen aus dem Lande  ihrer Fremdlingschaft, aber in das Land Israel  soll keiner von ihnen kommen . Und ihr  werdet wissen , dass ich HERR  bin."
Ezek.20.39,47,Jehova,divine-name-syntax,Subjekt/Objekt/Anrede ohne eindeutiges Regelsignal; Artikel und Kasus prüfen.,"Ihr denn, Haus Israel , so spricht  der Herr , Jehova: Gehet hin , dienet ein  jeder seinen Götzen . Aber nachher-wahrlich, ihr werdet auf mich hören , und  werdet meinen heiligen Namen  nicht mehr entweihen  mit euren Gaben  und mit euren Götzen .","Ihr denn, Haus Israel , so spricht  der Herr , HERR: Gehet hin , dienet ein  jeder seinen Götzen . Aber nachher-wahrlich, ihr werdet auf mich hören , und  werdet meinen heiligen Namen  nicht mehr entweihen  mit euren Gaben  und mit euren Götzen ."
Ezek.20.40,83,Jehova,divine-name-syntax,Subjekt/Objekt/Anrede ohne eindeutiges Regelsignal; Artikel und Kasus prüfen.,"Denn auf meinem heiligen Berge , auf dem hohen Berge Israels , spricht  der Herr , Jehova, daselbst wird  mir das ganze Haus Israel  insgesamt dienen  im Lande ; daselbst werde ich sie wohlgefällig annehmen, und daselbst werde ich eure Hebopfer fordern  und die Erstlinge  eurer Gaben, in allen euren geheiligten Dingen.","Denn auf meinem heiligen Berge , auf dem hohen Berge Israels , spricht  der Herr , HERR, daselbst wird  mir das ganze Haus Israel  insgesamt dienen  im Lande ; daselbst werde ich sie wohlgefällig annehmen, und daselbst werde ich eure Hebopfer fordern  und die Erstlinge  eurer Gaben, in allen euren geheiligten Dingen."
Ezek.20.42,32,Jehova,divine-name-syntax,Subjekt/Objekt/Anrede ohne eindeutiges Regelsignal; Artikel und Kasus prüfen.,"Und ihr werdet wissen , daß ich Jehova  bin, wenn ich euch in das Land Israel bringe , in das Land , welches euren Vätern  zu geben  ich meine Hand  erhoben habe .","Und ihr werdet wissen , dass ich HERR  bin, wenn ich euch in das Land Israel bringe , in das Land , welches euren Vätern  zu geben  ich meine Hand  erhoben habe ."
Ezek.20.44,68,Jehova,divine-name-syntax,Subjekt/Objekt/Anrede ohne eindeutiges Regelsignal; Artikel und Kasus prüfen.,"
        Und 
        ihr 
        werdet 
        wissen , daß ich Jehova bin, wenn ich mit euch handle um meines Namens  willen, und nicht  nach euren bösen Wegen  und nach euren verderbten Handlungen, Haus Israel , spricht  der Herr , Jehova.","
        Und 
        ihr 
        werdet 
        wissen , dass ich HERR bin, wenn ich mit euch handle um meines Namens  willen, und nicht  nach euren bösen Wegen  und nach euren verderbten Handlungen, Haus Israel , spricht  der Herr , HERR."
Ezek.21.3,104,Jehova,divine-name-syntax,Subjekt/Objekt/Anrede ohne eindeutiges Regelsignal; Artikel und Kasus prüfen.,"
        und 
        sprich  zu dem Walde  des Südens: Höre  das Wort  Jehovas! So spricht  der Herr , Jehova: Siehe, ich will in dir  ein Feuer anzünden , welches jeden grünen Baum  und jeden dürren Baum  in dir verzehren  wird; die lodernde Flamme  wird nicht erlöschen , und vom Süden bis zum Norden werden  alle Angesichter dadurch versengt werden.","
        und 
        sprich  zu dem Walde  des Südens: Höre  das Wort  des HERRN! So spricht  der Herr , HERR: Siehe, ich will in dir  ein Feuer anzünden , welches jeden grünen Baum  und jeden dürren Baum  in dir verzehren  wird; die lodernde Flamme  wird nicht erlöschen , und vom Süden bis zum Norden werden  alle Angesichter dadurch versengt werden."
Ezek.21.5,30,Jehova,divine-name-syntax,Subjekt/Objekt/Anrede ohne eindeutiges Regelsignal; Artikel und Kasus prüfen.,"Und ich sprach : Ach , Herr , Jehova! Sie sagen von mir: Redet er nicht  in Gleichnissen?","Und ich sprach : Ach , Herr , HERR! Sie sagen von mir: Redet er nicht  in Gleichnissen?"
Ezek.21.18,114,Jehova,divine-name-syntax,Subjekt/Objekt/Anrede ohne eindeutiges Regelsignal; Artikel und Kasus prüfen.,"Denn die Probe ist gemacht; und was? Wenn sogar das verachtende Zepter nicht  mehr sein wird? spricht  der Herr , Jehova. -","Denn die Probe ist gemacht; und was? Wenn sogar das verachtende Zepter nicht  mehr sein wird? spricht  der Herr , HERR. -"
Ezek.21.29,30,Jehova,divine-name-syntax,Subjekt/Objekt/Anrede ohne eindeutiges Regelsignal; Artikel und Kasus prüfen.,"Darum, so spricht  der Herr , Jehova: Weil ihr  eure Ungerechtigkeit  in Erinnerung bringet, indem eure Übertretungen  offenbar werden , so daß eure Sünden  in allen euren Handlungen zum Vorschein kommen-weil ihr in Erinnerung kommet, werdet ihr von der Hand  ergriffen werden .","Darum, so spricht  der Herr , HERR: Weil ihr  eure Ungerechtigkeit  in Erinnerung bringet, indem eure Übertretungen  offenbar werden , so dass eure Sünden  in allen euren Handlungen zum Vorschein kommen-weil ihr in Erinnerung kommet, werdet ihr von der Hand  ergriffen werden ."
Ezek.21.31,23,Jehova,divine-name-syntax,Subjekt/Objekt/Anrede ohne eindeutiges Regelsignal; Artikel und Kasus prüfen.,"So spricht  der Herr , Jehova: Hinweg mit dem Kopfbund und  fort mit der Krone ! Dies wird nicht  mehr sein. Das  Niedrige werde erhöht  und das Hohe erniedrigt !","So spricht  der Herr , HERR: Hinweg mit dem Kopfbund und  fort mit der Krone ! Dies wird nicht  mehr sein. Das  Niedrige werde erhöht  und das Hohe erniedrigt !"
Ezek.21.33,68,Jehova,divine-name-syntax,Subjekt/Objekt/Anrede ohne eindeutiges Regelsignal; Artikel und Kasus prüfen.,"Und du , Menschensohn, weissage  und sprich : So spricht der Herr , Jehova, über die Kinder Ammon  und über ihren Hohn ; und sprich : Ein Schwert , ein Schwert , zur Schlachtung gezückt , geschliffen, damit es fresse , damit es blitze ","Und du , Menschensohn, weissage  und sprich : So spricht der Herr , HERR, über die Kinder Ammon  und über ihren Hohn ; und sprich : Ein Schwert , ein Schwert , zur Schlachtung gezückt , geschliffen, damit es fresse , damit es blitze "
Ezek.22.3,23,Jehova,divine-name-syntax,Subjekt/Objekt/Anrede ohne eindeutiges Regelsignal; Artikel und Kasus prüfen.,"So spricht  der Herr , Jehova: Stadt , die Blut vergießt in  ihrer Mitte, damit ihre Zeit komme , und  welche sich Götzen  macht, um sich zu verunreinigen !","So spricht  der Herr , HERR: Stadt , die Blut vergießt in  ihrer Mitte, damit ihre Zeit komme , und  welche sich Götzen  macht, um sich zu verunreinigen !"
Ezek.22.11,50,Weibe,gender-agreement,Nominalgruppe regelbasiert angepasst; längere Pronomenbezüge/Satzkongruenz prüfen.,"
        Und  der eine hat Greuel  verübt mit dem Weibe  seines Nächsten , und  der andere  hat seine Schwiegertochter  durch Schandtat verunreinigt , und ein  anderer hat in dir seine Schwester, die Tochter  seines Vaters , geschwächt.","
        Und  der eine hat Gräuel  verübt mit der Frau  seines Nächsten , und  der andere  hat seine Schwiegertochter  durch Schandtat verunreinigt , und ein  anderer hat in dir seine Schwester, die Tochter  seines Vaters , geschwächt."
Ezek.22.16,107,Jehova,divine-name-syntax,Subjekt/Objekt/Anrede ohne eindeutiges Regelsignal; Artikel und Kasus prüfen.,"Und du wirst durch dich selbst entweiht  werden vor den Augen  der Nationen; und du wirst wissen , daß ich Jehova  bin.","Und du wirst durch dich selbst entweiht  werden vor den Augen  der Nationen; und du wirst wissen , dass ich HERR  bin."
Ezek.22.19,30,Jehova,divine-name-syntax,Subjekt/Objekt/Anrede ohne eindeutiges Regelsignal; Artikel und Kasus prüfen.,"Darum, so spricht  der Herr , Jehova: Weil ihr alle zu Schlacken  geworden seid, darum, siehe, werde ich euch in Jerusalem zusammentun .","Darum, so spricht  der Herr , HERR: Weil ihr alle zu Schlacken  geworden seid, darum, siehe, werde ich euch in Jerusalem zusammentun ."
Ezek.22.28,147,Jehova,divine-name-syntax,Subjekt/Objekt/Anrede ohne eindeutiges Regelsignal; Artikel und Kasus prüfen.,"Und seine Propheten  bestreichen ihnen alles mit Tünche, indem sie Eitles schauen und ihnen Lügen wahrsagen  und sprechen : So spricht  der Herr , Jehova ! Und doch hat  Jehova nicht  geredet.","Und seine Propheten  bestreichen ihnen alles mit Tünche, indem sie Eitles schauen und ihnen Lügen wahrsagen  und sprechen : So spricht  der Herr , HERR ! Und doch hat  der HERR nicht  geredet."
Ezek.23.22,39,Jehova,divine-name-syntax,Subjekt/Objekt/Anrede ohne eindeutiges Regelsignal; Artikel und Kasus prüfen.,"Darum Oholiba , so spricht  der Herr , Jehova: Siehe, ich erwecke  wider dich deine Buhlen, von  welchen deine Seele  sich losgerissen hat , und lasse sie von ringsumher über dich kommen :","Darum Oholiba , so spricht  der Herr , HERR: Siehe, ich erwecke  wider dich deine Buhlen, von  welchen deine Seele  sich losgerissen hat , und lasse sie von ringsumher über dich kommen :"
Ezek.23.28,27,Jehova,divine-name-syntax,Subjekt/Objekt/Anrede ohne eindeutiges Regelsignal; Artikel und Kasus prüfen.,"Denn so spricht der Herr , Jehova: Siehe, ich gebe  dich in die Hand  derer, die du  hassest, in die Hand  derer, von welchen deine Seele  sich losgerissen hat.","Denn so spricht der Herr , HERR: Siehe, ich gebe  dich in die Hand  derer, die du  hassest, in die Hand  derer, von welchen deine Seele  sich losgerissen hat."
Ezek.23.32,22,Jehova,divine-name-syntax,Subjekt/Objekt/Anrede ohne eindeutiges Regelsignal; Artikel und Kasus prüfen.,"So spricht der Herr , Jehova: Du wirst den Becher  deiner Schwester trinken , den tiefen und weiten : Zum Gelächter und zum Spott wird er  gereichen, weil er so viel faßt.","So spricht der Herr , HERR: Du wirst den Becher  deiner Schwester trinken , den tiefen und weiten : Zum Gelächter und zum Spott wird er  gereichen, weil er so viel fasst."
Ezek.23.34,151,Jehova,divine-name-syntax,Subjekt/Objekt/Anrede ohne eindeutiges Regelsignal; Artikel und Kasus prüfen.,"Und du wirst ihn trinken  und ausschlürfen, und wirst seine Scherben  benagen und deine Brüste zerreißen ; denn ich habe  geredet, spricht  der Herr , Jehova. -","Und du wirst ihn trinken  und ausschlürfen, und wirst seine Scherben  benagen und deine Brüste zerreißen ; denn ich habe  geredet, spricht  der Herr , HERR. -"
Ezek.23.35,29,Jehova,divine-name-syntax,Subjekt/Objekt/Anrede ohne eindeutiges Regelsignal; Artikel und Kasus prüfen.,"Darum, so spricht der Herr , Jehova: Weil du meiner vergessen  und mich hinter  deinen Rücken geworfen hast , so trage  du auch deine Schandtat und deine Hurereien.","Darum, so spricht der Herr , HERR: Weil du meiner vergessen  und mich hinter  deinen Rücken geworfen hast , so trage  du auch deine Schandtat und deine Hurereien."
Ezek.23.46,28,Jehova,divine-name-syntax,Subjekt/Objekt/Anrede ohne eindeutiges Regelsignal; Artikel und Kasus prüfen.,"Denn so spricht  der Herr , Jehova: Ich will eine Versammlung  wider sie heraufführen , und sie zur Mißhandlung und zur Beute  übergeben.","Denn so spricht  der Herr , HERR: Ich will eine Versammlung  wider sie heraufführen , und sie zur Misshandlung und zur Beute  übergeben."
Ezek.23.49,142,Jehova,divine-name-syntax,Subjekt/Objekt/Anrede ohne eindeutiges Regelsignal; Artikel und Kasus prüfen.,"Und sie  werden eure Schandtat auf euch bringen, und die Sünden  eurer Götzen  werdet ihr tragen . Und ihr werdet wissen , daß ich der Herr , Jehova, bin.","Und sie  werden eure Schandtat auf euch bringen, und die Sünden  eurer Götzen  werdet ihr tragen . Und ihr werdet wissen , dass ich der Herr , HERR, bin."
Ezek.24.3,109,Jehova,divine-name-syntax,Subjekt/Objekt/Anrede ohne eindeutiges Regelsignal; Artikel und Kasus prüfen.,"
        Und  rede ein Gleichnis  zu dem widerspenstigen Hause  und sprich  zu ihnen: So spricht  der Herr , Jehova: Setze  den Topf  auf, setze  auf, und gieße  auch Wasser  darein.","
        Und  rede ein Gleichnis  zu dem widerspenstigen Hause  und sprich  zu ihnen: So spricht  der Herr , HERR: Setze  den Topf  auf, setze  auf, und gieße  auch Wasser  darein."
Ezek.24.6,26,Jehova,divine-name-syntax,Subjekt/Objekt/Anrede ohne eindeutiges Regelsignal; Artikel und Kasus prüfen.,"Darum spricht  der Herr , Jehova, also: Wehe , Stadt  der Blutschuld ! Topf , an welchem sein Rost ist , und dessen Rost  nicht von  ihm abgeht! Stück  für Stück  hole sie heraus ; nicht ist über sie das Los  gefallen.","Darum spricht  der Herr , HERR, also: Wehe , Stadt  der Blutschuld ! Topf , an welchem sein Rost ist , und dessen Rost  nicht von  ihm abgeht! Stück  für Stück  hole sie heraus ; nicht ist über sie das Los  gefallen."
Ezek.24.9,30,Jehova,divine-name-syntax,Subjekt/Objekt/Anrede ohne eindeutiges Regelsignal; Artikel und Kasus prüfen.,"Darum, so spricht  der Herr , Jehova: Wehe , Stadt  der Blutschuld ! Auch ich werde den Holzstoß groß machen .","Darum, so spricht  der Herr , HERR: Wehe , Stadt  der Blutschuld ! Auch ich werde den Holzstoß groß machen ."
Ezek.24.18,67,Weib,gender-agreement,Nominalgruppe regelbasiert angepasst; längere Pronomenbezüge/Satzkongruenz prüfen.,"Und ich redete  zu dem Volke  am Morgen , und am Abend starb  mein Weib . Und ich tat  am Morgen , wie mir geboten war .","Und ich redete  zu dem Volke  am Morgen , und am Abend starb  meine Frau . Und ich tat  am Morgen , wie mir geboten war ."
Ezek.24.21,59,Jehova,divine-name-syntax,Subjekt/Objekt/Anrede ohne eindeutiges Regelsignal; Artikel und Kasus prüfen.,"
        Sprich  zum Hause Israel : So spricht  der Herr , Jehova: Siehe, ich werde mein Heiligtum entweihen , den Stolz  eurer Stärke , die Lust  eurer Augen  und das Verlangen eurer Seele ; und eure Söhne  und eure Töchter , die ihr  zurückgelassen habt, werden durchs Schwert fallen .","
        Sprich  zum Hause Israel : So spricht  der Herr , HERR: Siehe, ich werde mein Heiligtum entweihen , den Stolz  eurer Stärke , die Lust  eurer Augen  und das Verlangen eurer Seele ; und eure Söhne  und eure Töchter , die ihr  zurückgelassen habt, werden durchs Schwert fallen ."
Ezek.24.24,161,Jehova,divine-name-syntax,Subjekt/Objekt/Anrede ohne eindeutiges Regelsignal; Artikel und Kasus prüfen.,"Und so wird euch Hesekiel  zu einem Wahrzeichen sein: Nach allem, was er getan  hat, werdet ihr tun . Wenn es kommt, dann werdet ihr wissen , daß ich der Herr , Jehova, bin.","Und so wird euch Hesekiel  zu einem Wahrzeichen sein: Nach allem, was er getan  hat, werdet ihr tun . Wenn es kommt, dann werdet ihr wissen , dass ich der Herr , HERR, bin."
Ezek.24.27,202,Jehova,divine-name-syntax,Subjekt/Objekt/Anrede ohne eindeutiges Regelsignal; Artikel und Kasus prüfen.,"an jenem Tage  wird dein Mund  aufgetan werden  gegen den Entronnenen , und du wirst reden  und nicht mehr verstummen . Und so sollst du ihnen zu einem Wahrzeichen sein; und sie werden wissen , daß ich Jehova  bin.","an jenem Tage  wird dein Mund  aufgetan werden  gegen den Entronnenen , und du wirst reden  und nicht mehr verstummen . Und so sollst du ihnen zu einem Wahrzeichen sein; und sie werden wissen , dass ich HERR  bin."
Ezek.25.3,96,Jehova,divine-name-syntax,Subjekt/Objekt/Anrede ohne eindeutiges Regelsignal; Artikel und Kasus prüfen.,"und sprich  zu den Kindern Ammon : Höret  das Wort  des Herrn , Jehovas! So spricht  der Herr , Jehova: Weil du  Haha! sprichst über mein Heiligtum , daß es entweiht  ist, und über das Land Israel , daß es verwüstet  ist, und über das Haus Juda , daß sie in die Gefangenschaft zogen :","und sprich  zu den Kindern Ammon : Höret  das Wort  des Herrn , des HERRN! So spricht  der Herr , HERR: Weil du  Haha! sprichst über mein Heiligtum , dass es entweiht  ist, und über das Land Israel , dass es verwüstet  ist, und über das Haus Juda , dass sie in die Gefangenschaft zogen :"
Ezek.25.5,133,Jehova,divine-name-syntax,Subjekt/Objekt/Anrede ohne eindeutiges Regelsignal; Artikel und Kasus prüfen.,"Und ich werde Rabba  zur Trift der Kamele machen , und die Kinder Ammon  zum Lagerplatz der Herden . Und ihr werdet wissen , daß ich Jehova  bin. -","Und ich werde Rabba  zur Trift der Kamele machen , und die Kinder Ammon  zum Lagerplatz der Herden . Und ihr werdet wissen , dass ich HERR  bin. -"
Ezek.25.6,27,Jehova,divine-name-syntax,Subjekt/Objekt/Anrede ohne eindeutiges Regelsignal; Artikel und Kasus prüfen.,"Denn so spricht der Herr , Jehova: Weil du in die Hände geklatscht  und mit dem Fuße gestampft und mit aller Verachtung deiner Seele dich  über das Land Israel  gefreut hast :","Denn so spricht der Herr , HERR: Weil du in die Hände geklatscht  und mit dem Fuße gestampft und mit aller Verachtung deiner Seele dich  über das Land Israel  gefreut hast :"
Ezek.25.7,240,Jehova,divine-name-syntax,Subjekt/Objekt/Anrede ohne eindeutiges Regelsignal; Artikel und Kasus prüfen.,"darum, siehe, werde ich meine Hand  wider dich ausstrecken und dich den Nationen zur Beute geben , und ich werde dich ausrotten aus  den Völkern  und dich aus den Ländern vertilgen ; ich werde dich vernichten, und du wirst wissen , daß ich Jehova  bin.","darum, siehe, werde ich meine Hand  wider dich ausstrecken und dich den Nationen zur Beute geben , und ich werde dich ausrotten aus  den Völkern  und dich aus den Ländern vertilgen ; ich werde dich vernichten, und du wirst wissen , dass ich HERR  bin."
Ezek.25.8,23,Jehova,divine-name-syntax,Subjekt/Objekt/Anrede ohne eindeutiges Regelsignal; Artikel und Kasus prüfen.,"So spricht  der Herr , Jehova: Weil Moab  und Seir sprechen : Siehe, das Haus Juda  ist wie  alle Nationen;","So spricht  der Herr , HERR: Weil Moab  und Seir sprechen : Siehe, das Haus Juda  ist wie  alle Nationen;"
Ezek.25.11,80,Jehova,divine-name-syntax,Subjekt/Objekt/Anrede ohne eindeutiges Regelsignal; Artikel und Kasus prüfen.,"
        Und  ich werde an Moab Gerichte  üben; und sie werden wissen , daß ich Jehova  bin.","
        Und  ich werde an Moab Gerichte  üben; und sie werden wissen , dass ich HERR  bin."
Ezek.25.12,23,Jehova,divine-name-syntax,Subjekt/Objekt/Anrede ohne eindeutiges Regelsignal; Artikel und Kasus prüfen.,"So spricht  der Herr , Jehova: Weil Edom  mit Rachsucht gegen das Haus Juda  gehandelt, und  sie sich  sehr verschuldet  haben, indem sie sich an ihnen rächten:","So spricht  der Herr , HERR: Weil Edom  mit Rachsucht gegen das Haus Juda  gehandelt, und  sie sich  sehr verschuldet  haben, indem sie sich an ihnen rächten:"
Ezek.25.13,30,Jehova,divine-name-syntax,Subjekt/Objekt/Anrede ohne eindeutiges Regelsignal; Artikel und Kasus prüfen.,"darum, so spricht  der Herr , Jehova, werde ich meine Hand  wider Edom  ausstrecken und Menschen  und Vieh aus  ihm ausrotten; und ich werde es von Teman an zur Einöde machen , und bis nach Dedan  hin werden sie  durchs Schwert fallen .","darum, so spricht  der Herr , HERR, werde ich meine Hand  wider Edom  ausstrecken und Menschen  und Vieh aus  ihm ausrotten; und ich werde es von Teman an zur Einöde machen , und bis nach Dedan  hin werden sie  durchs Schwert fallen ."
Ezek.25.15,23,Jehova,divine-name-syntax,Subjekt/Objekt/Anrede ohne eindeutiges Regelsignal; Artikel und Kasus prüfen.,"So spricht  der Herr , Jehova: Weil die Philister  mit Rachsucht gehandelt und Rache  geübt haben mit Verachtung der Seele , zur Zerstörung in ewiger Feindschaft :","So spricht  der Herr , HERR: Weil die Philister  mit Rachsucht gehandelt und Rache  geübt haben mit Verachtung der Seele , zur Zerstörung in ewiger Feindschaft :"
Ezek.25.16,30,Jehova,divine-name-syntax,Subjekt/Objekt/Anrede ohne eindeutiges Regelsignal; Artikel und Kasus prüfen.,"darum, so spricht  der Herr , Jehova: Siehe, ich werde meine Hand  wider die Philister ausstrecken , und werde die Kerethiter ausrotten  und den Überrest an der Küste des Meeres vertilgen .","darum, so spricht  der Herr , HERR: Siehe, ich werde meine Hand  wider die Philister ausstrecken , und werde die Kerethiter ausrotten  und den Überrest an der Küste des Meeres vertilgen ."
Ezek.25.17,116,Jehova,divine-name-syntax,Subjekt/Objekt/Anrede ohne eindeutiges Regelsignal; Artikel und Kasus prüfen.,"
        Und  ich werde durch Züchtigungen des Grimmes große Rache  an ihnen üben. Und sie  werden wissen , daß ich Jehova  bin, wenn ich meine Rache  über sie bringe.","
        Und  ich werde durch Züchtigungen des Grimmes große Rache  an ihnen üben. Und sie  werden wissen , dass ich HERR  bin, wenn ich meine Rache  über sie bringe."
Ezek.26.3,30,Jehova,divine-name-syntax,Subjekt/Objekt/Anrede ohne eindeutiges Regelsignal; Artikel und Kasus prüfen.,"Darum, so spricht  der Herr , Jehova: Siehe, ich will an dich, Tyrus ! Und ich werde viele  Nationen wider dich heraufführen , wie  das Meer  seine Wellen  heraufführt.","Darum, so spricht  der Herr , HERR: Siehe, ich will an dich, Tyrus ! Und ich werde viele  Nationen wider dich heraufführen , wie  das Meer  seine Wellen  heraufführt."
Ezek.26.5,108,Jehova,divine-name-syntax,Subjekt/Objekt/Anrede ohne eindeutiges Regelsignal; Artikel und Kasus prüfen.,"ein Ort zum Ausbreiten der Netze wird es sein mitten im Meere . Denn ich habe  geredet, spricht  der Herr , Jehova. Und es wird den Nationen zur Beute  werden;","ein Ort zum Ausbreiten der Netze wird es sein mitten im Meere . Denn ich habe  geredet, spricht  der Herr , HERR. Und es wird den Nationen zur Beute  werden;"
Ezek.26.6,120,Jehova,divine-name-syntax,Subjekt/Objekt/Anrede ohne eindeutiges Regelsignal; Artikel und Kasus prüfen.,"und seine Töchter , die auf dem Gefilde sind, werden mit dem Schwerte  getötet werden. Und sie  werden wissen , daß ich Jehova  bin. -","und seine Töchter , die auf dem Gefilde sind, werden mit dem Schwerte  getötet werden. Und sie  werden wissen , dass ich HERR  bin. -"
Ezek.26.7,28,Jehova,divine-name-syntax,Subjekt/Objekt/Anrede ohne eindeutiges Regelsignal; Artikel und Kasus prüfen.,"Denn so spricht  der Herr , Jehova: Siehe, ich werde Nebukadrezar, den König , von Babel , den König  der Könige , von Norden her gegen Tyrus bringen , mit Rossen und Wagen  und Reitern  und mit einer großen  Volksschar.","Denn so spricht  der Herr , HERR: Siehe, ich werde Nebukadrezar, den König , von Babel , den König  der Könige , von Norden her gegen Tyrus bringen , mit Rossen und Wagen  und Reitern  und mit einer großen  Volksschar."
Ezek.26.14,194,Jehova,divine-name-syntax,Subjekt/Objekt/Anrede ohne eindeutiges Regelsignal; Artikel und Kasus prüfen.,"Und ich werde  dich zu einem kahlen Felsen machen ; ein Ort zum Ausbreiten der Netze wirst du sein, du wirst nicht  wieder aufgebaut werden. Denn ich, Jehova, habe  geredet, spricht  der Herr , Jehova. -","Und ich werde  dich zu einem kahlen Felsen machen ; ein Ort zum Ausbreiten der Netze wirst du sein, du wirst nicht  wieder aufgebaut werden. Denn ich, der HERR, habe  geredet, spricht  der Herr , HERR. -"
Ezek.26.15,41,Jehova,divine-name-syntax,Subjekt/Objekt/Anrede ohne eindeutiges Regelsignal; Artikel und Kasus prüfen.,"
        So 
        spricht  der Herr , Jehova, zu Tyrus : Werden  nicht vom Gedröhne deines Sturzes, wenn der Erschlagene  stöhnt, wenn in  deiner Mitte gemordet wird , die Inseln  erbeben?","
        So 
        spricht  der Herr , HERR, zu Tyrus : Werden  nicht vom Gedröhne deines Sturzes, wenn der Erschlagene  stöhnt, wenn in  deiner Mitte gemordet wird , die Inseln  erbeben?"
Ezek.26.19,28,Jehova,divine-name-syntax,Subjekt/Objekt/Anrede ohne eindeutiges Regelsignal; Artikel und Kasus prüfen.,"Denn so spricht  der Herr , Jehova: Wenn ich dich  zu einer verwüsteten Stadt mache , den Städten  gleich, die nicht  mehr bewohnt werden ; wenn ich die Flut  über dich heraufführe, und die großen Wasser  dich bedecken :","Denn so spricht  der Herr , HERR: Wenn ich dich  zu einer verwüsteten Stadt mache , den Städten  gleich, die nicht  mehr bewohnt werden ; wenn ich die Flut  über dich heraufführe, und die großen Wasser  dich bedecken :"
Ezek.27.3,128,Jehova,divine-name-syntax,Subjekt/Objekt/Anrede ohne eindeutiges Regelsignal; Artikel und Kasus prüfen.,"Die du  wohnst an den Zugängen des Meeres und  Handel treibst mit  den Völkern  nach vielen Inseln  hin, so spricht  der Herr , Jehova: Tyrus , du  sprichst: Ich bin vollkommen an Schönheit!","Die du  wohnst an den Zugängen des Meeres und  Handel treibst mit  den Völkern  nach vielen Inseln  hin, so spricht  der Herr , HERR: Tyrus , du  sprichst: Ich bin vollkommen an Schönheit!"
Ezek.28.2,72,Jehova,divine-name-syntax,Subjekt/Objekt/Anrede ohne eindeutiges Regelsignal; Artikel und Kasus prüfen.,"Menschensohn, sprich  zu dem Fürsten  von Tyrus : So spricht der Herr , Jehova: Weil dein Herz sich  erhebt, und du  sprichst: ""Ich  bin ein Gott , ich sitze auf einem Gottessitze im Herzen  der Meere !"" (da du doch  ein Mensch  bist und  nicht Gott ) und hegst einen Sinn wie eines Gottes  Sinn; -","Menschensohn, sprich  zu dem Fürsten  von Tyrus : So spricht der Herr , HERR: Weil dein Herz sich  erhebt, und du  sprichst: ""Ich  bin ein Gott , ich sitze auf einem Gottessitze im Herzen  der Meere !"" (da du doch  ein Mensch  bist und  nicht Gott ) und hegst einen Sinn wie eines Gottes  Sinn; -"
Ezek.28.6,29,Jehova,divine-name-syntax,Subjekt/Objekt/Anrede ohne eindeutiges Regelsignal; Artikel und Kasus prüfen.,"darum, so spricht der Herr , Jehova: Weil du  einen Sinn hegst, wie eines Gottes  Sinn,","darum, so spricht der Herr , HERR: Weil du  einen Sinn hegst, wie eines Gottes  Sinn,"
Ezek.28.12,104,Jehova,divine-name-syntax,Subjekt/Objekt/Anrede ohne eindeutiges Regelsignal; Artikel und Kasus prüfen.,"Menschensohn, erhebe ein Klagelied  über den König  von Tyrus und sprich  zu ihm: So spricht der Herr , Jehova: Der du  das Bild der Vollendung warst, voll  von Weisheit  und vollkommen an Schönheit,","Menschensohn, erhebe ein Klagelied  über den König  von Tyrus und sprich  zu ihm: So spricht der Herr , HERR: Der du  das Bild der Vollendung warst, voll  von Weisheit  und vollkommen an Schönheit,"
Ezek.28.22,23,Jehova,divine-name-syntax,Subjekt/Objekt/Anrede ohne eindeutiges Regelsignal; Artikel und Kasus prüfen.,"So spricht  der Herr , Jehova : Siehe, ich will  an dich, Zidon , und  will mich  verherrlichen in  deiner Mitte; und sie werden wissen , daß ich Jehova bin, wenn ich Gerichte  an ihm übe und mich an ihm heilige .","So spricht  der Herr , HERR : Siehe, ich will  an dich, Zidon , und  will mich  verherrlichen in  deiner Mitte; und sie werden wissen , dass ich HERR bin, wenn ich Gerichte  an ihm übe und mich an ihm heilige ."
Ezek.28.22,146,Jehova,divine-name-syntax,Subjekt/Objekt/Anrede ohne eindeutiges Regelsignal; Artikel und Kasus prüfen.,"So spricht  der Herr , Jehova : Siehe, ich will  an dich, Zidon , und  will mich  verherrlichen in  deiner Mitte; und sie werden wissen , daß ich Jehova bin, wenn ich Gerichte  an ihm übe und mich an ihm heilige .","So spricht  der Herr , HERR : Siehe, ich will  an dich, Zidon , und  will mich  verherrlichen in  deiner Mitte; und sie werden wissen , dass ich HERR bin, wenn ich Gerichte  an ihm übe und mich an ihm heilige ."
Ezek.28.23,220,Jehova,divine-name-syntax,Subjekt/Objekt/Anrede ohne eindeutiges Regelsignal; Artikel und Kasus prüfen.,"
        Und  ich werde die Pest darein senden  und Blut  auf seine Straßen; und Erschlagene  werden in  seiner Mitte fallen  durch das Schwert , welches ringsum wider dasselbe sein wird. Und sie werden wissen , daß ich Jehova  bin. -","
        Und  ich werde die Pest darein senden  und Blut  auf seine Straßen; und Erschlagene  werden in  seiner Mitte fallen  durch das Schwert , welches ringsum wider dasselbe sein wird. Und sie werden wissen , dass ich HERR  bin. -"
Ezek.28.24,191,Jehova,divine-name-syntax,Subjekt/Objekt/Anrede ohne eindeutiges Regelsignal; Artikel und Kasus prüfen.,"Und für das Haus Israel  soll es nicht mehr einen stechenden Dorn und einen schmerzenden Stachel geben von allen um sie her , die sie verachteten . Und sie werden wissen , daß ich der Herr , Jehova, bin.","Und für das Haus Israel  soll es nicht mehr einen stechenden Dorn und einen schmerzenden Stachel geben von allen um sie her , die sie verachteten . Und sie werden wissen , dass ich der Herr , HERR, bin."
Ezek.28.25,23,Jehova,divine-name-syntax,Subjekt/Objekt/Anrede ohne eindeutiges Regelsignal; Artikel und Kasus prüfen.,"So spricht  der Herr , Jehova: Wenn ich das Haus Israel  aus den Völkern sammeln  werde, unter welche sie zerstreut worden sind, und ich mich an ihnen heilige  vor den Augen  der Nationen, dann werden  sie in ihrem Lande wohnen , das ich meinem Knechte Jakob gegeben  habe.","So spricht  der Herr , HERR: Wenn ich das Haus Israel  aus den Völkern sammeln  werde, unter welche sie zerstreut worden sind, und ich mich an ihnen heilige  vor den Augen  der Nationen, dann werden  sie in ihrem Lande wohnen , das ich meinem Knechte Jakob gegeben  habe."
Ezek.28.26,249,Jehova,divine-name-syntax,Subjekt/Objekt/Anrede ohne eindeutiges Regelsignal; Artikel und Kasus prüfen.,"
        Und  sie werden in Sicherheit  darin wohnen  und Häuser bauen  und Weinberge pflanzen ; und sie werden in Sicherheit  wohnen, wenn ich Gerichte  geübt habe  an allen, die sie verachteten  aus ihrer Umgebung. Und sie werden wissen , daß ich Jehova , ihr Gott , bin.","
        Und  sie werden in Sicherheit  darin wohnen  und Häuser bauen  und Weinberge pflanzen ; und sie werden in Sicherheit  wohnen, wenn ich Gerichte  geübt habe  an allen, die sie verachteten  aus ihrer Umgebung. Und sie werden wissen , dass ich HERR , ihr Gott , bin."
Ezek.29.3,41,Jehova,divine-name-syntax,Subjekt/Objekt/Anrede ohne eindeutiges Regelsignal; Artikel und Kasus prüfen.,"Rede und sprich : So spricht  der Herr , Jehova: Siehe, ich will an dich, Pharao , König  von Ägypten , du großes  Seeungeheuer, das in  seinen Strömen liegt , das da spricht: Mein Strom  gehört mir, und ich habe  ihn mir gemacht .","Rede und sprich : So spricht  der Herr , HERR: Siehe, ich will an dich, Pharao , König  von Ägypten , du großes  Seeungeheuer, das in  seinen Strömen liegt , das da spricht: Mein Strom  gehört mir, und ich habe  ihn mir gemacht ."
Ezek.29.6,55,Jehova,divine-name-syntax,Subjekt/Objekt/Anrede ohne eindeutiges Regelsignal; Artikel und Kasus prüfen.,"Und alle Bewohner von Ägypten  werden wissen , daß ich Jehova  bin. Weil sie  dem Hause Israel  ein Rohrstab  gewesen sind -","Und alle Bewohner von Ägypten  werden wissen , dass ich HERR  bin. Weil sie  dem Hause Israel  ein Rohrstab  gewesen sind -"
Ezek.29.8,30,Jehova,divine-name-syntax,Subjekt/Objekt/Anrede ohne eindeutiges Regelsignal; Artikel und Kasus prüfen.,"darum, so spricht  der Herr , Jehova: Siehe, ich bringe  das Schwert  über dich und werde Menschen  und Vieh  aus dir ausrotten ;","darum, so spricht  der Herr , HERR: Siehe, ich bringe  das Schwert  über dich und werde Menschen  und Vieh  aus dir ausrotten ;"
Ezek.29.9,99,Jehova,divine-name-syntax,Subjekt/Objekt/Anrede ohne eindeutiges Regelsignal; Artikel und Kasus prüfen.,"
        und  das Land Ägypten  wird zur Wüste  und Einöde werden. Und sie werden wissen , daß ich Jehova  bin. Weil der Pharao spricht : Der Strom  ist mein, und ich habe  ihn gemacht,","
        und  das Land Ägypten  wird zur Wüste  und Einöde werden. Und sie werden wissen , dass ich HERR  bin. Weil der Pharao spricht : Der Strom  ist mein, und ich habe  ihn gemacht,"
Ezek.29.13,28,Jehova,divine-name-syntax,Subjekt/Objekt/Anrede ohne eindeutiges Regelsignal; Artikel und Kasus prüfen.,"Denn so spricht  der Herr , Jehova: Am Ende  von vierzig Jahren  werde ich die Ägypter aus  den Völkern sammeln , wohin sie versprengt waren;","Denn so spricht  der Herr , HERR: Am Ende  von vierzig Jahren  werde ich die Ägypter aus  den Völkern sammeln , wohin sie versprengt waren;"
Ezek.29.16,191,Jehova,divine-name-syntax,Subjekt/Objekt/Anrede ohne eindeutiges Regelsignal; Artikel und Kasus prüfen.,"Und nicht  soll es ferner dem Hause Israel  zu einer Zuversicht  sein, welche Missetat  in Erinnerung bringt, indem sie sich nach ihnen  hinwenden. Und sie werden wissen , daß ich der Herr , Jehova, bin.","Und nicht  soll es ferner dem Hause Israel  zu einer Zuversicht  sein, welche Missetat  in Erinnerung bringt, indem sie sich nach ihnen  hinwenden. Und sie werden wissen , dass ich der Herr , HERR, bin."
Ezek.29.19,29,Jehova,divine-name-syntax,Subjekt/Objekt/Anrede ohne eindeutiges Regelsignal; Artikel und Kasus prüfen.,"Darum, so spricht der Herr , Jehova: Siehe, ich gebe  Nebukadrezar, dem König  von Babel , das Land Ägypten ; und er  wird seinen Reichtum  wegtragen und  seinen Raub rauben  und seine Beute  erbeuten, und das wird der Lohn  sein für sein Heer.","Darum, so spricht der Herr , HERR: Siehe, ich gebe  Nebukadrezar, dem König  von Babel , das Land Ägypten ; und er  wird seinen Reichtum  wegtragen und  seinen Raub rauben  und seine Beute  erbeuten, und das wird der Lohn  sein für sein Heer."
Ezek.29.20,148,Jehova,divine-name-syntax,Subjekt/Objekt/Anrede ohne eindeutiges Regelsignal; Artikel und Kasus prüfen.,"Als seine Belohnung, um welche er gearbeitet  hat, habe  ich ihm das Land Ägypten gegeben , weil sie für mich gearbeitet haben, spricht  der Herr , Jehova. -","Als seine Belohnung, um welche er gearbeitet  hat, habe  ich ihm das Land Ägypten gegeben , weil sie für mich gearbeitet haben, spricht  der Herr , HERR. -"
Ezek.29.21,161,Jehova,divine-name-syntax,Subjekt/Objekt/Anrede ohne eindeutiges Regelsignal; Artikel und Kasus prüfen.,"An jenem Tage  werde ich dem Hause Israel  ein Horn  hervorsprossen lassen , und dir werde ich den Mund auftun in  ihrer Mitte; und sie  werden wissen , daß ich Jehova  bin.","An jenem Tage  werde ich dem Hause Israel  ein Horn  hervorsprossen lassen , und dir werde ich den Mund auftun in  ihrer Mitte; und sie  werden wissen , dass ich HERR  bin."
Ezek.30.2,60,Jehova,divine-name-syntax,Subjekt/Objekt/Anrede ohne eindeutiges Regelsignal; Artikel und Kasus prüfen.,"Menschensohn, weissage  und sprich : So spricht  der Herr , Jehova:","Menschensohn, weissage  und sprich : So spricht  der Herr , HERR:"
Ezek.30.8,32,Jehova,divine-name-syntax,Subjekt/Objekt/Anrede ohne eindeutiges Regelsignal; Artikel und Kasus prüfen.,"Und sie werden wissen , daß ich Jehova  bin, wenn ich Feuer  anlege in Ägypten  und alle seine Helfer  zerschmettert werden.","Und sie werden wissen , dass ich HERR  bin, wenn ich Feuer  anlege in Ägypten  und alle seine Helfer  zerschmettert werden."
Ezek.30.10,23,Jehova,divine-name-syntax,Subjekt/Objekt/Anrede ohne eindeutiges Regelsignal; Artikel und Kasus prüfen.,"So spricht  der Herr , Jehova: Ja, ich werde dem Getümmel Ägyptens  ein Ende machen  durch die Hand  Nebukadrezars, des Königs  von Babel .","So spricht  der Herr , HERR: Ja, ich werde dem Getümmel Ägyptens  ein Ende machen  durch die Hand  Nebukadrezars, des Königs  von Babel ."
Ezek.30.13,23,Jehova,divine-name-syntax,Subjekt/Objekt/Anrede ohne eindeutiges Regelsignal; Artikel und Kasus prüfen.,"So spricht  der Herr , Jehova: Ja, ich  werde die Götzen vertilgen  und die Götzen  aus Noph  wegschaffen, und kein Fürst  aus dem Lande Ägypten  soll mehr sein; und ich werde Furcht  bringen in das Land Ägypten .","So spricht  der Herr , HERR: Ja, ich  werde die Götzen vertilgen  und die Götzen  aus Noph  wegschaffen, und kein Fürst  aus dem Lande Ägypten  soll mehr sein; und ich werde Furcht  bringen in das Land Ägypten ."
Ezek.30.19,87,Jehova,divine-name-syntax,Subjekt/Objekt/Anrede ohne eindeutiges Regelsignal; Artikel und Kasus prüfen.,"
        Und  so werde ich Gerichte  üben an Ägypten ; und sie werden wissen , daß ich Jehova  bin.","
        Und  so werde ich Gerichte  üben an Ägypten ; und sie werden wissen , dass ich HERR  bin."
Ezek.30.22,26,Jehova,divine-name-syntax,Subjekt/Objekt/Anrede ohne eindeutiges Regelsignal; Artikel und Kasus prüfen.,"Darum spricht  der Herr , Jehova, also: Siehe, ich will an den Pharao , den König  von Ägypten , und werde seine beiden Arme zerbrechen , den starken  und den zerbrochenen , und werde das Schwert  seiner Hand  entfallen lassen.","Darum spricht  der Herr , HERR, also: Siehe, ich will an den Pharao , den König  von Ägypten , und werde seine beiden Arme zerbrechen , den starken  und den zerbrochenen , und werde das Schwert  seiner Hand  entfallen lassen."
Ezek.30.25,131,Jehova,divine-name-syntax,Subjekt/Objekt/Anrede ohne eindeutiges Regelsignal; Artikel und Kasus prüfen.,"Und ich werde die Arme  des Königs  von Babel  stärken, aber die Arme  des Pharao  werden sinken. Und sie  werden wissen , daß ich Jehova  bin, wenn ich mein Schwert  in die Hand  des Königs  von Babel gebe , und er  es recken wird gegen das Land Ägypten .","Und ich werde die Arme  des Königs  von Babel  stärken, aber die Arme  des Pharao  werden sinken. Und sie  werden wissen , dass ich HERR  bin, wenn ich mein Schwert  in die Hand  des Königs  von Babel gebe , und er  es recken wird gegen das Land Ägypten ."
Ezek.30.26,125,Jehova,divine-name-syntax,Subjekt/Objekt/Anrede ohne eindeutiges Regelsignal; Artikel und Kasus prüfen.,"Und ich werde die Ägypter  unter die Nationen versprengen und sie in die Länder zerstreuen ; und sie werden wissen , daß ich Jehova  bin.","Und ich werde die Ägypter  unter die Nationen versprengen und sie in die Länder zerstreuen ; und sie werden wissen , dass ich HERR  bin."
Ezek.31.10,29,Jehova,divine-name-syntax,Subjekt/Objekt/Anrede ohne eindeutiges Regelsignal; Artikel und Kasus prüfen.,"Darum, so sprach  der Herr , Jehova: Weil du hoch  geworden bist an Wuchs, und er  seinen Wipfel  bis zwischen die Wolken streckte, und sein Herz  sich erhob  wegen seiner Höhe :","Darum, so sprach  der Herr , HERR: Weil du hoch  geworden bist an Wuchs, und er  seinen Wipfel  bis zwischen die Wolken streckte, und sein Herz  sich erhob  wegen seiner Höhe :"
Ezek.31.15,22,Jehova,divine-name-syntax,Subjekt/Objekt/Anrede ohne eindeutiges Regelsignal; Artikel und Kasus prüfen.,"So spricht der Herr , Jehova: An dem Tage , da er  in den Scheol hinabfuhr, machte ich ein Trauern ; ich verhüllte um seinetwillen die Tiefe und  hielt ihre Ströme zurück, und die großen Wasser wurden  gehemmt; und den Libanon  hüllte ich in Schwarz  um seinetwillen, und um seinetwillen verschmachteten alle Bäume  des Feldes .","So spricht der Herr , HERR: An dem Tage , da er  in den Scheol hinabfuhr, machte ich ein Trauern ; ich verhüllte um seinetwillen die Tiefe und  hielt ihre Ströme zurück, und die großen Wasser wurden  gehemmt; und den Libanon  hüllte ich in Schwarz  um seinetwillen, und um seinetwillen verschmachteten alle Bäume  des Feldes ."
Ezek.32.3,23,Jehova,divine-name-syntax,Subjekt/Objekt/Anrede ohne eindeutiges Regelsignal; Artikel und Kasus prüfen.,"So spricht  der Herr , Jehova: Daher werde ich mein Netz  über dich ausbreiten  durch eine Schar vieler Völker , und sie werden dich in meinem Garne heraufziehen.","So spricht  der Herr , HERR: Daher werde ich mein Netz  über dich ausbreiten  durch eine Schar vieler Völker , und sie werden dich in meinem Garne heraufziehen."
Ezek.32.11,28,Jehova,divine-name-syntax,Subjekt/Objekt/Anrede ohne eindeutiges Regelsignal; Artikel und Kasus prüfen.,"Denn so spricht  der Herr , Jehova: Das Schwert  des Königs  von Babel  wird über dich kommen .","Denn so spricht  der Herr , HERR: Das Schwert  des Königs  von Babel  wird über dich kommen ."
Ezek.32.15,168,Jehova,divine-name-syntax,Subjekt/Objekt/Anrede ohne eindeutiges Regelsignal; Artikel und Kasus prüfen.,"Wenn ich  das Land Ägypten  zu einer Wüste  mache, und wenn das Land  seiner Fülle beraubt wird, indem ich alle seine Bewohner schlage , so werden sie wissen , daß ich Jehova  bin.","Wenn ich  das Land Ägypten  zu einer Wüste  mache, und wenn das Land  seiner Fülle beraubt wird, indem ich alle seine Bewohner schlage , so werden sie wissen , dass ich HERR  bin."
Ezek.33.11,67,Jehova,divine-name-syntax,Subjekt/Objekt/Anrede ohne eindeutiges Regelsignal; Artikel und Kasus prüfen.,"
        Sprich  zu ihnen : So wahr ich lebe , spricht  der Herr , Jehova, ich habe  kein Gefallen am Tode des Gesetzlosen, sondern daß der Gesetzlose von seinem Wege  umkehre und lebe ! Kehret um , kehret um  von euren bösen Wegen ! Denn warum wollt ihr sterben , Haus Israel ?","
        Sprich  zu ihnen : So wahr ich lebe , spricht  der Herr , HERR, ich habe  kein Gefallen am Tode des Gesetzlosen, sondern dass der Gesetzlose von seinem Wege  umkehre und lebe ! Kehret um , kehret um  von euren bösen Wegen ! Denn warum wollt ihr sterben , Haus Israel ?"
Ezek.33.25,47,Jehova,divine-name-syntax,Subjekt/Objekt/Anrede ohne eindeutiges Regelsignal; Artikel und Kasus prüfen.,"Darum sprich  zu ihnen: So spricht  der Herr , Jehova: Ihr esset  mit dem Blute, und  erhebet eure Augen  zu euren Götzen  und vergießet Blut , und ihr solltet das Land besitzen ?","Darum sprich  zu ihnen: So spricht  der Herr , HERR: Ihr esset  mit dem Blute, und  erhebet eure Augen  zu euren Götzen  und vergießet Blut , und ihr solltet das Land besitzen ?"
Ezek.33.26,90,Weib,gender-agreement,Nominalgruppe regelbasiert angepasst; längere Pronomenbezüge/Satzkongruenz prüfen.,"Ihr steifet euch auf  euer Schwert , verübet Greuel und  verunreiniget einer  des anderen Weib , und ihr solltet das Land besitzen ?","Ihr steifet euch auf  euer Schwert , verübet Gräuel und  verunreiniget einer  des anderen Frau , und ihr solltet das Land besitzen ?"
Ezek.33.27,56,Jehova,divine-name-syntax,Subjekt/Objekt/Anrede ohne eindeutiges Regelsignal; Artikel und Kasus prüfen.,"So sollst du  zu ihnen sprechen : So spricht der Herr , Jehova: So wahr ich lebe , die in den Trümmern sind, sollen durchs Schwert fallen ; und  wer auf  dem freien Felde  ist, den gebe  ich den wilden Tieren  hin, daß sie ihn fressen ; und die in den Festungen  und in den Höhlen  sind, sollen an der Pest sterben !","So sollst du  zu ihnen sprechen : So spricht der Herr , HERR: So wahr ich lebe , die in den Trümmern sind, sollen durchs Schwert fallen ; und  wer auf  dem freien Felde  ist, den gebe  ich den wilden Tieren  hin, dass sie ihn fressen ; und die in den Festungen  und in den Höhlen  sind, sollen an der Pest sterben !"
Ezek.33.29,33,Jehova,divine-name-syntax,Subjekt/Objekt/Anrede ohne eindeutiges Regelsignal; Artikel und Kasus prüfen.,"Und sie  werden wissen , daß ich Jehova  bin, wenn ich das Land  zur Wüste  und Verwüstung mache  wegen all ihrer Greuel , die sie verübt haben.","Und sie  werden wissen , dass ich HERR  bin, wenn ich das Land  zur Wüste  und Verwüstung mache  wegen all ihrer Gräuel , die sie verübt haben."
Ezek.34.2,119,Jehova,divine-name-syntax,Subjekt/Objekt/Anrede ohne eindeutiges Regelsignal; Artikel und Kasus prüfen.,"Menschensohn, weissage  wider die Hirten Israels , weissage  und sprich  zu ihnen, den Hirten : So spricht  der Herr , Jehova: Wehe  den Hirten Israels , die sich selbst weiden ! Sollen die Hirten  nicht die Herde weiden ?","Menschensohn, weissage  wider die Hirten Israels , weissage  und sprich  zu ihnen, den Hirten : So spricht  der Herr , HERR: Wehe  den Hirten Israels , die sich selbst weiden ! Sollen die Hirten  nicht die Herde weiden ?"
Ezek.34.8,39,Jehova,divine-name-syntax,Subjekt/Objekt/Anrede ohne eindeutiges Regelsignal; Artikel und Kasus prüfen.,"So wahr ich lebe , spricht  der Herr , Jehova: Weil meine Schafe  zur Beute  und meine Schafe  allen Tieren  des Feldes  zur Speise  geworden sind, weil kein Hirte  da ist, und meine Hirten  nicht nach meinen Schafen fragen , und die Hirten  sich selbst weiden , aber nicht meine Schafe weiden :","So wahr ich lebe , spricht  der Herr , HERR: Weil meine Schafe  zur Beute  und meine Schafe  allen Tieren  des Feldes  zur Speise  geworden sind, weil kein Hirte  da ist, und meine Hirten  nicht nach meinen Schafen fragen , und die Hirten  sich selbst weiden , aber nicht meine Schafe weiden :"
Ezek.34.10,23,Jehova,divine-name-syntax,Subjekt/Objekt/Anrede ohne eindeutiges Regelsignal; Artikel und Kasus prüfen.,"So spricht  der Herr , Jehova: Siehe, ich will an die Hirten , und ich werde meine Schafe  von ihrer Hand fordern  und machen, daß sie aufhören , die Schafe  zu weiden , damit die Hirten nicht  mehr sich selbst weiden ; und ich werde meine Schafe  von ihrem Munde  erretten, daß sie ihnen nicht mehr zur Speise  seien.","So spricht  der Herr , HERR: Siehe, ich will an die Hirten , und ich werde meine Schafe  von ihrer Hand fordern  und machen, dass sie aufhören , die Schafe  zu weiden , damit die Hirten nicht  mehr sich selbst weiden ; und ich werde meine Schafe  von ihrem Munde  erretten, dass sie ihnen nicht mehr zur Speise  seien."
Ezek.34.11,28,Jehova,divine-name-syntax,Subjekt/Objekt/Anrede ohne eindeutiges Regelsignal; Artikel und Kasus prüfen.,"Denn so spricht  der Herr , Jehova: Siehe, ich bin da, und ich will nach meinen Schafen fragen  und mich ihrer annehmen.","Denn so spricht  der Herr , HERR: Siehe, ich bin da, und ich will nach meinen Schafen fragen  und mich ihrer annehmen."
Ezek.34.17,47,Jehova,divine-name-syntax,Subjekt/Objekt/Anrede ohne eindeutiges Regelsignal; Artikel und Kasus prüfen.,"Und ihr , meine Herde , so spricht  der Herr , Jehova: Siehe, ich werde richten  zwischen Schaf  und Schaf , den Widdern  und den Böcken .","Und ihr , meine Herde , so spricht  der Herr , HERR: Siehe, ich werde richten  zwischen Schaf  und Schaf , den Widdern  und den Böcken ."
Ezek.34.20,30,Jehova,divine-name-syntax,Subjekt/Objekt/Anrede ohne eindeutiges Regelsignal; Artikel und Kasus prüfen.,"Darum, so spricht  der Herr , Jehova, zu ihnen: Siehe, ich bin da, und ich werde richten  zwischen fettem Schaf  und magerem Schaf .","Darum, so spricht  der Herr , HERR, zu ihnen: Siehe, ich bin da, und ich werde richten  zwischen fettem Schaf  und magerem Schaf ."
Ezek.34.27,170,Jehova,divine-name-syntax,Subjekt/Objekt/Anrede ohne eindeutiges Regelsignal; Artikel und Kasus prüfen.,"Und der Baum  des Feldes  wird seine Frucht geben , und das Land  wird seinen Ertrag geben ; und sie  werden in ihrem Lande sicher  sein. Und sie werden wissen , daß ich Jehova  bin, wenn ich die  Stäbe ihres Joches zerbreche und sie aus der Hand  derer errette , welche sie knechteten.","Und der Baum  des Feldes  wird seine Frucht geben , und das Land  wird seinen Ertrag geben ; und sie  werden in ihrem Lande sicher  sein. Und sie werden wissen , dass ich HERR  bin, wenn ich die  Stäbe ihres Joches zerbreche und sie aus der Hand  derer errette , welche sie knechteten."
Ezek.35.3,71,Jehova,divine-name-syntax,Subjekt/Objekt/Anrede ohne eindeutiges Regelsignal; Artikel und Kasus prüfen.,"und weissage wider dasselbe und sprich  zu ihm: So spricht  der Herr , Jehova: Siehe, ich will an dich, Gebirge Seir ; und ich werde  meine Hand  wider dich ausstrecken  und dich zur Wüste und Verwüstung machen ;","und weissage wider dasselbe und sprich  zu ihm: So spricht  der Herr , HERR: Siehe, ich will an dich, Gebirge Seir ; und ich werde  meine Hand  wider dich ausstrecken  und dich zur Wüste und Verwüstung machen ;"
Ezek.35.4,128,Jehova,divine-name-syntax,Subjekt/Objekt/Anrede ohne eindeutiges Regelsignal; Artikel und Kasus prüfen.,"
        und  ich werde  deine Städte  zur Einöde machen , und du selbst wirst eine Wüste werden. Und du wirst wissen , daß ich Jehova  bin. -","
        und  ich werde  deine Städte  zur Einöde machen , und du selbst wirst eine Wüste werden. Und du wirst wissen , dass ich HERR  bin. -"
Ezek.35.6,46,Jehova,divine-name-syntax,Subjekt/Objekt/Anrede ohne eindeutiges Regelsignal; Artikel und Kasus prüfen.,"darum, so wahr ich lebe , spricht  der Herr , Jehova, werde ich dich zu Blut machen , und Blut  wird dich verfolgen ; weil du Blut nicht  gehaßt, so soll Blut  dich verfolgen .","darum, so wahr ich lebe , spricht  der Herr , HERR, werde ich dich zu Blut machen , und Blut  wird dich verfolgen ; weil du Blut nicht  gehasst, so soll Blut  dich verfolgen ."
Ezek.35.9,132,Jehova,divine-name-syntax,Subjekt/Objekt/Anrede ohne eindeutiges Regelsignal; Artikel und Kasus prüfen.,"Zu ewigen  Wüsteneien werde  ich dich machen , und deine Städte  sollen nicht mehr bewohnt werden. Und ihr  werdet wissen , daß ich Jehova  bin. -","Zu ewigen  Wüsteneien werde  ich dich machen , und deine Städte  sollen nicht mehr bewohnt werden. Und ihr  werdet wissen , dass ich HERR  bin. -"
Ezek.35.10,126,Jehova,divine-name-syntax,Subjekt/Objekt/Anrede ohne eindeutiges Regelsignal; Artikel und Kasus prüfen.,"Weil du  sprachst: Die beiden  Nationen und die beiden Länder  sollen mein sein, und wir werden es in Besitz  nehmen, da doch Jehova  daselbst war:","Weil du  sprachst: Die beiden  Nationen und die beiden Länder  sollen mein sein, und wir werden es in Besitz  nehmen, da doch HERR  daselbst war:"
Ezek.35.11,46,Jehova,divine-name-syntax,Subjekt/Objekt/Anrede ohne eindeutiges Regelsignal; Artikel und Kasus prüfen.,"darum, so wahr ich lebe , spricht  der Herr , Jehova, werde ich handeln nach deinem Zorn und  nach deiner Eifersucht, wie du  infolge deines Hasses gegen sie gehandelt hast; und ich werde mich unter ihnen kundtun, sobald ich dich gerichtet habe .","darum, so wahr ich lebe , spricht  der Herr , HERR, werde ich handeln nach deinem Zorn und  nach deiner Eifersucht, wie du  infolge deines Hasses gegen sie gehandelt hast; und ich werde mich unter ihnen kundtun, sobald ich dich gerichtet habe ."
Ezek.35.11,214,sobald,spelling-context,Kontextabhängige Schreibung/modernes Homograph; unverändert prüfen.,"darum, so wahr ich lebe , spricht  der Herr , Jehova, werde ich handeln nach deinem Zorn und  nach deiner Eifersucht, wie du  infolge deines Hasses gegen sie gehandelt hast; und ich werde mich unter ihnen kundtun, sobald ich dich gerichtet habe .","darum, so wahr ich lebe , spricht  der Herr , HERR, werde ich handeln nach deinem Zorn und  nach deiner Eifersucht, wie du  infolge deines Hasses gegen sie gehandelt hast; und ich werde mich unter ihnen kundtun, sobald ich dich gerichtet habe ."
Ezek.35.14,23,Jehova,divine-name-syntax,Subjekt/Objekt/Anrede ohne eindeutiges Regelsignal; Artikel und Kasus prüfen.,"So spricht  der Herr , Jehova: Wenn die ganze Erde sich  freut, werde  ich dir Verwüstung bereiten.","So spricht  der Herr , HERR: Wenn die ganze Erde sich  freut, werde  ich dir Verwüstung bereiten."
Ezek.35.15,223,Jehova,divine-name-syntax,Subjekt/Objekt/Anrede ohne eindeutiges Regelsignal; Artikel und Kasus prüfen.,"Wie du deine Freude  hattest an dem Erbteil  des Hauses Israel , darum daß es verwüstet war, ebenso werde  ich dir tun : Eine Wüste sollst du werden , Gebirge Seir  und ganz Edom  insgesamt! Und sie werden wissen , daß ich Jehova  bin.","Wie du deine Freude  hattest an dem Erbteil  des Hauses Israel , darum dass es verwüstet war, ebenso werde  ich dir tun : Eine Wüste sollst du werden , Gebirge Seir  und ganz Edom  insgesamt! Und sie werden wissen , dass ich HERR  bin."
Ezek.36.2,23,Jehova,divine-name-syntax,Subjekt/Objekt/Anrede ohne eindeutiges Regelsignal; Artikel und Kasus prüfen.,"So spricht  der Herr , Jehova: Weil der Feind  über euch spricht : Haha! und: Die ewigen Höhen , sie sind uns zum Besitztum geworden !","So spricht  der Herr , HERR: Weil der Feind  über euch spricht : Haha! und: Die ewigen Höhen , sie sind uns zum Besitztum geworden !"
Ezek.36.3,51,Jehova,divine-name-syntax,Subjekt/Objekt/Anrede ohne eindeutiges Regelsignal; Artikel und Kasus prüfen.,"darum weissage und sprich : So spricht  der Herr , Jehova: Darum, ja darum, daß man euch  von allen Seiten her verwüstet  und angeschnaubt hat , so daß ihr dem Überrest der Nationen ein Besitztum geworden  und ins Gerede der Zunge  und ins Geschwätz der Leute gekommen  seid:","darum weissage und sprich : So spricht  der Herr , HERR: Darum, ja darum, dass man euch  von allen Seiten her verwüstet  und angeschnaubt hat , so dass ihr dem Überrest der Nationen ein Besitztum geworden  und ins Gerede der Zunge  und ins Geschwätz der Leute gekommen  seid:"
Ezek.36.4,87,Jehova,divine-name-syntax,Subjekt/Objekt/Anrede ohne eindeutiges Regelsignal; Artikel und Kasus prüfen.,"darum, ihr Berge Israels , höret das Wort  des Herrn , Jehovas! So spricht  der Herr , Jehova, zu den Bergen und  zu den Hügeln , zu den Gründen und  zu den Tälern , und zu den wüsten  Trümmern und zu den verlassenen Städten , welche dem Überrest der Nationen ringsum zur Beute  und zum Spott  geworden sind -","darum, ihr Berge Israels , höret das Wort  des Herrn , des HERRN! So spricht  der Herr , HERR, zu den Bergen und  zu den Hügeln , zu den Gründen und  zu den Tälern , und zu den wüsten  Trümmern und zu den verlassenen Städten , welche dem Überrest der Nationen ringsum zur Beute  und zum Spott  geworden sind -"
Ezek.36.5,30,Jehova,divine-name-syntax,Subjekt/Objekt/Anrede ohne eindeutiges Regelsignal; Artikel und Kasus prüfen.,"darum, so spricht  der Herr , Jehova: Wahrlich, im Feuer  meines Eifers habe  ich geredet wider den Überrest der Nationen und wider ganz Edom , die  sich mein Land  zum Besitztum gemacht  haben, mit ganzer Herzensfreude, mit Verachtung der Seele , um es zur Plünderung auszuleeren!","darum, so spricht  der Herr , HERR: Wahrlich, im Feuer  meines Eifers habe  ich geredet wider den Überrest der Nationen und wider ganz Edom , die  sich mein Land  zum Besitztum gemacht  haben, mit ganzer Herzensfreude, mit Verachtung der Seele , um es zur Plünderung auszuleeren!"
Ezek.36.6,151,Jehova,divine-name-syntax,Subjekt/Objekt/Anrede ohne eindeutiges Regelsignal; Artikel und Kasus prüfen.,"
        Darum  weissage von dem Lande Israel und sprich  zu den Bergen  und zu den Hügeln , zu den Gründen und zu den Tälern : So spricht  der Herr , Jehova: Siehe, in meinem Eifer  und in meinem Grimm habe  ich geredet, weil ihr die Schmach  der Nationen getragen habt.","
        Darum  weissage von dem Lande Israel und sprich  zu den Bergen  und zu den Hügeln , zu den Gründen und zu den Tälern : So spricht  der Herr , HERR: Siehe, in meinem Eifer  und in meinem Grimm habe  ich geredet, weil ihr die Schmach  der Nationen getragen habt."
Ezek.36.7,30,Jehova,divine-name-syntax,Subjekt/Objekt/Anrede ohne eindeutiges Regelsignal; Artikel und Kasus prüfen.,"Darum, so spricht  der Herr , Jehova: Ich, ich habe  meine Hand  erhoben: Wenn nicht die Nationen, welche rings um euch her  sind, ihre eigene Schmach tragen  sollen!","Darum, so spricht  der Herr , HERR: Ich, ich habe  meine Hand  erhoben: Wenn nicht die Nationen, welche rings um euch her  sind, ihre eigene Schmach tragen  sollen!"
Ezek.36.11,247,Jehova,divine-name-syntax,Subjekt/Objekt/Anrede ohne eindeutiges Regelsignal; Artikel und Kasus prüfen.,"Und ich werde Menschen  und Vieh  auf euch vermehren, und sie werden sich mehren  und fruchtbar  sein; und ich werde euch bewohnt machen, wie in euren Vorzeiten, und werde euch wohltun, mehr  als in euren Anfängen. Und ihr werdet wissen , daß ich Jehova  bin.","Und ich werde Menschen  und Vieh  auf euch vermehren, und sie werden sich mehren  und fruchtbar  sein; und ich werde euch bewohnt machen, wie in euren Vorzeiten, und werde euch wohltun, mehr  als in euren Anfängen. Und ihr werdet wissen , dass ich HERR  bin."
Ezek.36.13,22,Jehova,divine-name-syntax,Subjekt/Objekt/Anrede ohne eindeutiges Regelsignal; Artikel und Kasus prüfen.,"So spricht der Herr , Jehova: Weil sie zu euch  sprechen: Du  verzehrst Menschen  und hast  deine Nation der Kinder beraubt ,","So spricht der Herr , HERR: Weil sie zu euch  sprechen: Du  verzehrst Menschen  und hast  deine Nation der Kinder beraubt ,"
Ezek.36.17,186,Weibes,gender-agreement,Nominalgruppe regelbasiert angepasst; längere Pronomenbezüge/Satzkongruenz prüfen.,"Menschensohn, das Haus Israel wohnte  in seinem Lande , und sie verunreinigten  es durch ihren Weg  und durch ihre Handlungen; ihr Weg  war vor mir  wie die Unreinigkeit  eines unreinen Weibes .","Menschensohn, das Haus Israel wohnte  in seinem Lande , und sie verunreinigten  es durch ihren Weg  und durch ihre Handlungen; ihr Weg  war vor mir  wie die Unreinigkeit  einer unreinen Frau ."
Ezek.36.22,56,Jehova,divine-name-syntax,Subjekt/Objekt/Anrede ohne eindeutiges Regelsignal; Artikel und Kasus prüfen.,"Darum sprich  zum Hause Israel : So spricht  der Herr , Jehova: Nicht um euretwillen tue  ich es, Haus Israel , sondern um meines heiligen Namens  willen, den ihr entweiht  habt unter den Nationen, wohin ihr gekommen  seid.","Darum sprich  zum Hause Israel : So spricht  der Herr , HERR: Nicht um euretwillen tue  ich es, Haus Israel , sondern um meines heiligen Namens  willen, den ihr entweiht  habt unter den Nationen, wohin ihr gekommen  seid."
Ezek.36.23,167,Jehova,divine-name-syntax,Subjekt/Objekt/Anrede ohne eindeutiges Regelsignal; Artikel und Kasus prüfen.,"Und ich werde meinen großen Namen heiligen , der entweiht  ist unter  den Nationen, welchen ihr entweiht habt in ihrer Mitte. Und die Nationen werden wissen , daß ich Jehova bin, spricht  der Herr , Jehova, wenn ich mich vor ihren Augen an euch heilige . -","Und ich werde meinen großen Namen heiligen , der entweiht  ist unter  den Nationen, welchen ihr entweiht habt in ihrer Mitte. Und die Nationen werden wissen , dass ich HERR bin, spricht  der Herr , HERR, wenn ich mich vor ihren Augen an euch heilige . -"
Ezek.36.23,199,Jehova,divine-name-syntax,Subjekt/Objekt/Anrede ohne eindeutiges Regelsignal; Artikel und Kasus prüfen.,"Und ich werde meinen großen Namen heiligen , der entweiht  ist unter  den Nationen, welchen ihr entweiht habt in ihrer Mitte. Und die Nationen werden wissen , daß ich Jehova bin, spricht  der Herr , Jehova, wenn ich mich vor ihren Augen an euch heilige . -","Und ich werde meinen großen Namen heiligen , der entweiht  ist unter  den Nationen, welchen ihr entweiht habt in ihrer Mitte. Und die Nationen werden wissen , dass ich HERR bin, spricht  der Herr , HERR, wenn ich mich vor ihren Augen an euch heilige . -"
Ezek.36.32,54,Jehova,divine-name-syntax,Subjekt/Objekt/Anrede ohne eindeutiges Regelsignal; Artikel und Kasus prüfen.,"Nicht um euretwillen tue  ich es, spricht  der Herr , Jehova, das sei euch kund ; schämet euch und werdet beschämt vor euren Wegen , Haus Israel ! -","Nicht um euretwillen tue  ich es, spricht  der Herr , HERR, das sei euch kund ; schämet euch und werdet beschämt vor euren Wegen , Haus Israel ! -"
Ezek.36.33,23,Jehova,divine-name-syntax,Subjekt/Objekt/Anrede ohne eindeutiges Regelsignal; Artikel und Kasus prüfen.,"So spricht  der Herr , Jehova: An dem Tage , da ich euch  reinigen werde  von allen euren Missetaten , da will ich die Städte  bewohnt machen, und  die Trümmer sollen aufgebaut werden.","So spricht  der Herr , HERR: An dem Tage , da ich euch  reinigen werde  von allen euren Missetaten , da will ich die Städte  bewohnt machen, und  die Trümmer sollen aufgebaut werden."
Ezek.36.37,23,Jehova,divine-name-syntax,Subjekt/Objekt/Anrede ohne eindeutiges Regelsignal; Artikel und Kasus prüfen.,"So spricht  der Herr , Jehova: Auch noch um dieses werde ich mich vom Hause Israel  erbitten lassen , daß ich es ihnen tue : Ich werde sie an Menschen  vermehren wie eine Herde .","So spricht  der Herr , HERR: Auch noch um dieses werde ich mich vom Hause Israel  erbitten lassen , dass ich es ihnen tue : Ich werde sie an Menschen  vermehren wie eine Herde ."
Ezek.36.38,166,Jehova,divine-name-syntax,Subjekt/Objekt/Anrede ohne eindeutiges Regelsignal; Artikel und Kasus prüfen.,"Wie eine geheiligte Herde , wie die Herde Jerusalems  an seinen Festen , also werden die verödeten Städte voll  Menschenherden sein. Und sie  werden wissen , daß ich Jehova  bin.","Wie eine geheiligte Herde , wie die Herde Jerusalems  an seinen Festen , also werden die verödeten Städte voll  Menschenherden sein. Und sie  werden wissen , dass ich HERR  bin."
Ezek.37.1,38,Jehova,divine-name-syntax,Subjekt/Objekt/Anrede ohne eindeutiges Regelsignal; Artikel und Kasus prüfen.,"Die Hand  Jehovas kam über mich, und  Jehova führte mich im Geiste hinaus und  ließ mich nieder  mitten im Tale; und dieses war voll Gebeine .","Die Hand  des HERRN kam über mich, und  HERR führte mich im Geiste hinaus und  ließ mich nieder  mitten im Tale; und dieses war voll Gebeine ."
Ezek.37.5,23,Jehova,divine-name-syntax,Subjekt/Objekt/Anrede ohne eindeutiges Regelsignal; Artikel und Kasus prüfen.,"So spricht  der Herr , Jehova, zu diesen Gebeinen : Siehe, ich bringe  Odem in euch, daß ihr lebendig  werdet.","So spricht  der Herr , HERR, zu diesen Gebeinen : Siehe, ich bringe  Odem in euch, dass ihr lebendig  werdet."
Ezek.37.6,202,Jehova,divine-name-syntax,Subjekt/Objekt/Anrede ohne eindeutiges Regelsignal; Artikel und Kasus prüfen.,"Und ich  werde Sehnen  über euch legen  und Fleisch  über euch wachsen lassen  und euch mit Haut überziehen , und ich werde Odem in euch legen, daß ihr lebendig  werdet. Und ihr werdet wissen , daß ich Jehova  bin. -","Und ich  werde Sehnen  über euch legen  und Fleisch  über euch wachsen lassen  und euch mit Haut überziehen , und ich werde Odem in euch legen, dass ihr lebendig  werdet. Und ihr werdet wissen , dass ich HERR  bin. -"
Ezek.37.9,142,Jehova,divine-name-syntax,Subjekt/Objekt/Anrede ohne eindeutiges Regelsignal; Artikel und Kasus prüfen.,"
        Und 
        er 
        sprach  zu mir: Weissage dem Odem , weissage, Menschensohn, und sprich  zu dem Odem : So spricht der Herr , Jehova: Komm  von den vier  Winden her, du Odem , und hauche diese Getöteten an, daß sie lebendig  werden!","
        Und 
        er 
        sprach  zu mir: Weissage dem Odem , weissage, Menschensohn, und sprich  zu dem Odem : So spricht der Herr , HERR: Komm  von den vier  Winden her, du Odem , und hauche diese Getöteten an, dass sie lebendig  werden!"
Ezek.37.12,70,Jehova,divine-name-syntax,Subjekt/Objekt/Anrede ohne eindeutiges Regelsignal; Artikel und Kasus prüfen.,"
        Darum  weissage und sprich  zu ihnen: So spricht  der Herr , Jehova: Siehe, ich werde eure Gräber öffnen  und euch aus euren Gräbern heraufkommen lassen , mein Volk , und werde euch in  das Land Israel bringen .","
        Darum  weissage und sprich  zu ihnen: So spricht  der Herr , HERR: Siehe, ich werde eure Gräber öffnen  und euch aus euren Gräbern heraufkommen lassen , mein Volk , und werde euch in  das Land Israel bringen ."
Ezek.37.13,32,Jehova,divine-name-syntax,Subjekt/Objekt/Anrede ohne eindeutiges Regelsignal; Artikel und Kasus prüfen.,"Und ihr werdet wissen , daß ich Jehova  bin, wenn ich eure Gräber  öffne und euch aus euren Gräbern  heraufkommen lasse, mein Volk .","Und ihr werdet wissen , dass ich HERR  bin, wenn ich eure Gräber  öffne und euch aus euren Gräbern  heraufkommen lasse, mein Volk ."
Ezek.37.19,40,Jehova,divine-name-syntax,Subjekt/Objekt/Anrede ohne eindeutiges Regelsignal; Artikel und Kasus prüfen.,"so rede zu ihnen: So spricht der Herr , Jehova: Siehe, ich werde das Holz Josephs nehmen , welches in der Hand Ephraims ist , und  die Stämme Israels , seine Genossen ; und  ich werde sie dazu tun , zu dem Holze Judas , und werde sie zu einem  Holze machen , so daß sie eins seien in meiner Hand .","so rede zu ihnen: So spricht der Herr , HERR: Siehe, ich werde das Holz Josephs nehmen , welches in der Hand Ephraims ist , und  die Stämme Israels , seine Genossen ; und  ich werde sie dazu tun , zu dem Holze Judas , und werde sie zu einem  Holze machen , so dass sie eins seien in meiner Hand ."
Ezek.37.21,61,Jehova,divine-name-syntax,Subjekt/Objekt/Anrede ohne eindeutiges Regelsignal; Artikel und Kasus prüfen.,"
        Und 
        rede  zu ihnen: So spricht  der Herr , Jehova: Siehe, ich werde die Kinder Israel  aus den Nationen herausholen, wohin sie gezogen sind , und ich werde sie von  ringsumher sammeln  und sie in ihr Land bringen .","
        Und 
        rede  zu ihnen: So spricht  der Herr , HERR: Siehe, ich werde die Kinder Israel  aus den Nationen herausholen, wohin sie gezogen sind , und ich werde sie von  ringsumher sammeln  und sie in ihr Land bringen ."
Ezek.37.28,41,Jehova,divine-name-syntax,Subjekt/Objekt/Anrede ohne eindeutiges Regelsignal; Artikel und Kasus prüfen.,"Und die Nationen werden wissen , daß ich Jehova  bin, der Israel  heiligt, wenn mein Heiligtum in  ihrer Mitte sein wird ewiglich .","Und die Nationen werden wissen , dass ich HERR  bin, der Israel  heiligt, wenn mein Heiligtum in  ihrer Mitte sein wird ewiglich ."
Ezek.38.3,23,Jehova,divine-name-syntax,Subjekt/Objekt/Anrede ohne eindeutiges Regelsignal; Artikel und Kasus prüfen.,"So spricht  der Herr , Jehova: Siehe, ich will an dich, Gog , Fürst  von Rosch, Mesech und  Tubal.","So spricht  der Herr , HERR: Siehe, ich will an dich, Gog , Fürst  von Rosch, Mesech und  Tubal."
Ezek.38.10,22,Jehova,divine-name-syntax,Subjekt/Objekt/Anrede ohne eindeutiges Regelsignal; Artikel und Kasus prüfen.,"So spricht der Herr , Jehova: Und es wird geschehen an jenem Tage , da werden  Dinge in deinem Herzen  aufsteigen, und du wirst  einen bösen  Anschlag ersinnen und sprechen:","So spricht der Herr , HERR: Und es wird geschehen an jenem Tage , da werden  Dinge in deinem Herzen  aufsteigen, und du wirst  einen bösen  Anschlag ersinnen und sprechen:"
Ezek.38.14,84,Jehova,divine-name-syntax,Subjekt/Objekt/Anrede ohne eindeutiges Regelsignal; Artikel und Kasus prüfen.,"
        Darum , weissage, Menschensohn, und sprich  zu Gog : So spricht der Herr , Jehova: Wirst du  es an jenem Tage  nicht wissen , wenn mein Volk Israel  in Sicherheit wohnt ?","
        Darum , weissage, Menschensohn, und sprich  zu Gog : So spricht der Herr , HERR: Wirst du  es an jenem Tage  nicht wissen , wenn mein Volk Israel  in Sicherheit wohnt ?"
Ezek.38.17,22,Jehova,divine-name-syntax,Subjekt/Objekt/Anrede ohne eindeutiges Regelsignal; Artikel und Kasus prüfen.,"So spricht der Herr , Jehova: Bist du  der, von welchem ich in vergangenen Tagen  geredet habe durch  meine Knechte , die Propheten Israels , welche in jenen Tagen Jahre  lang weissagten , daß ich dich wider sie  heranbringen würde?","So spricht der Herr , HERR: Bist du  der, von welchem ich in vergangenen Tagen  geredet habe durch  meine Knechte , die Propheten Israels , welche in jenen Tagen Jahre  lang weissagten , dass ich dich wider sie  heranbringen würde?"
Ezek.38.18,112,Jehova,divine-name-syntax,Subjekt/Objekt/Anrede ohne eindeutiges Regelsignal; Artikel und Kasus prüfen.,"Und es wird geschehen an selbigem Tage , an dem Tage , wenn Gog  in das Land Israel kommt , spricht  der Herr , Jehova, da  wird mein Grimm  in meiner Nase  aufsteigen.","Und es wird geschehen an selbigem Tage , an dem Tage , wenn Gog  in das Land Israel kommt , spricht  der Herr , HERR, da  wird mein Grimm  in meiner Nase  aufsteigen."
Ezek.38.21,99,Jehova,divine-name-syntax,Subjekt/Objekt/Anrede ohne eindeutiges Regelsignal; Artikel und Kasus prüfen.,"Und ich werde nach allen meinen Bergen  hin das Schwert  über ihn herbeirufen, spricht  der Herr , Jehova; das Schwert  des einen wird  wider den anderen sein.","Und ich werde nach allen meinen Bergen  hin das Schwert  über ihn herbeirufen, spricht  der Herr , HERR; das Schwert  des einen wird  wider den anderen sein."
Ezek.38.23,134,Jehova,divine-name-syntax,Subjekt/Objekt/Anrede ohne eindeutiges Regelsignal; Artikel und Kasus prüfen.,"Und ich werde mich groß  und heilig  erweisen, und werde mich kundtun vor den Augen vieler  Nationen. Und sie werden wissen , daß ich Jehova  bin.","Und ich werde mich groß  und heilig  erweisen, und werde mich kundtun vor den Augen vieler  Nationen. Und sie werden wissen , dass ich HERR  bin."
Ezek.39.1,79,Jehova,divine-name-syntax,Subjekt/Objekt/Anrede ohne eindeutiges Regelsignal; Artikel und Kasus prüfen.,"Und du , Menschensohn, weissage  wider Gog  und sprich : So spricht der Herr , Jehova: Siehe, ich will an dich, Gog , Fürst  von Rosch, Mesech  und Tubal.","Und du , Menschensohn, weissage  wider Gog  und sprich : So spricht der Herr , HERR: Siehe, ich will an dich, Gog , Fürst  von Rosch, Mesech  und Tubal."
Ezek.39.6,126,Jehova,divine-name-syntax,Subjekt/Objekt/Anrede ohne eindeutiges Regelsignal; Artikel und Kasus prüfen.,"Und ich werde Feuer senden  unter Magog  und unter die, welche auf den Inseln sicher wohnen . Und sie werden wissen , daß ich Jehova  bin.","Und ich werde Feuer senden  unter Magog  und unter die, welche auf den Inseln sicher wohnen . Und sie werden wissen , dass ich HERR  bin."
Ezek.39.7,181,Jehova,divine-name-syntax,Subjekt/Objekt/Anrede ohne eindeutiges Regelsignal; Artikel und Kasus prüfen.,"Und ich werde meinen heiligen Namen  kundtun inmitten meines Volkes Israel , und werde meinen heiligen Namen  nicht mehr entweihen  lassen. Und die Nationen werden wissen , daß ich Jehova  bin, der Heilige in Israel .","Und ich werde meinen heiligen Namen  kundtun inmitten meines Volkes Israel , und werde meinen heiligen Namen  nicht mehr entweihen  lassen. Und die Nationen werden wissen , dass ich HERR  bin, der Heilige in Israel ."
Ezek.39.8,58,Jehova,divine-name-syntax,Subjekt/Objekt/Anrede ohne eindeutiges Regelsignal; Artikel und Kasus prüfen.,"Siehe, es kommt  und wird  geschehen, spricht  der Herr , Jehova. Das ist der Tag , von welchem ich geredet habe .","Siehe, es kommt  und wird  geschehen, spricht  der Herr , HERR. Das ist der Tag , von welchem ich geredet habe ."
Ezek.39.17,63,Jehova,divine-name-syntax,Subjekt/Objekt/Anrede ohne eindeutiges Regelsignal; Artikel und Kasus prüfen.,"
        Und 
        du , Menschensohn, so spricht der Herr , Jehova: Sprich  zu dem Gevögel allerlei Gefieders und zu allen Tieren des Feldes : Versammelt  euch und kommet, sammelt euch von  allen Seiten her  zu meinem Schlachtopfer , das ich  für euch schlachte, einem großen Schlachtopfer auf  den Bergen Israels , und fresset Fleisch  und trinket Blut !","
        Und 
        du , Menschensohn, so spricht der Herr , HERR: Sprich  zu dem Gevögel allerlei Gefieders und zu allen Tieren des Feldes : Versammelt  euch und kommet, sammelt euch von  allen Seiten her  zu meinem Schlachtopfer , das ich  für euch schlachte, einem großen Schlachtopfer auf  den Bergen Israels , und fresset Fleisch  und trinket Blut !"
Ezek.39.25,30,Jehova,divine-name-syntax,Subjekt/Objekt/Anrede ohne eindeutiges Regelsignal; Artikel und Kasus prüfen.,"Darum, so spricht  der Herr , Jehova: Nun werde ich die Gefangenschaft Jakobs wenden  und mich des ganzen Hauses Israel erbarmen , und werde eifern  für meinen heiligen Namen .","Darum, so spricht  der Herr , HERR: Nun werde ich die Gefangenschaft Jakobs wenden  und mich des ganzen Hauses Israel erbarmen , und werde eifern  für meinen heiligen Namen ."
Ezek.40.46,179,Jehova,divine-name-syntax,Subjekt/Objekt/Anrede ohne eindeutiges Regelsignal; Artikel und Kasus prüfen.,"
        Und  die Zelle, deren Vorderseite gegen  Norden liegt, ist für die Priester , welche der Hut  des Altars warten . Das sind die Söhne Zadoks , welche aus den Söhnen Levis Jehova  nahen, um ihm zu dienen .","
        Und  die Zelle, deren Vorderseite gegen  Norden liegt, ist für die Priester , welche der Hut  des Altars warten . Das sind die Söhne Zadoks , welche aus den Söhnen Levis HERR  nahen, um ihm zu dienen ."
Ezek.43.18,59,Jehova,divine-name-syntax,Subjekt/Objekt/Anrede ohne eindeutiges Regelsignal; Artikel und Kasus prüfen.,"Und er sprach  zu mir: Menschensohn, so spricht der Herr , Jehova: Dies sind  die Satzungen  des Altars , an dem Tage , da er gemacht  wird, um Brandopfer  darauf zu opfern und Blut  darauf zu sprengen .","Und er sprach  zu mir: Menschensohn, so spricht der Herr , HERR: Dies sind  die Satzungen  des Altars , an dem Tage , da er gemacht  wird, um Brandopfer  darauf zu opfern und Blut  darauf zu sprengen ."
Ezek.43.19,111,Jehova,divine-name-syntax,Subjekt/Objekt/Anrede ohne eindeutiges Regelsignal; Artikel und Kasus prüfen.,"Und du sollst den Priestern , den Leviten , welche vom Samen Zadoks  sind, die mir nahen , spricht  der Herr , Jehova, um mir zu dienen , einen jungen Farren geben  zum Sündopfer .","Und du sollst den Priestern , den Leviten , welche vom Samen Zadoks  sind, die mir nahen , spricht  der Herr , HERR, um mir zu dienen , einen jungen Farren geben  zum Sündopfer ."
Ezek.44.6,99,Jehova,divine-name-syntax,Subjekt/Objekt/Anrede ohne eindeutiges Regelsignal; Artikel und Kasus prüfen.,"
        Und 
        sprich  zu den Widerspenstigen, zu dem Hause Israel : So spricht  der Herr , Jehova: Laßt es genug  sein an allen euren Greueln , Haus Israel !","
        Und 
        sprich  zu den Widerspenstigen, zu dem Hause Israel : So spricht  der Herr , HERR: Lasst es genug  sein an allen euren Gräueln , Haus Israel !"
Ezek.44.9,23,Jehova,divine-name-syntax,Subjekt/Objekt/Anrede ohne eindeutiges Regelsignal; Artikel und Kasus prüfen.,"So spricht  der Herr , Jehova: Kein Sohn der Fremde , unbeschnitten am Herzen  und unbeschnitten am Fleische , von allen Söhnen der Fremde, welche inmitten der Kinder Israel  sind, soll in  mein Heiligtum kommen .","So spricht  der Herr , HERR: Kein Sohn der Fremde , unbeschnitten am Herzen  und unbeschnitten am Fleische , von allen Söhnen der Fremde, welche inmitten der Kinder Israel  sind, soll in  mein Heiligtum kommen ."
Ezek.44.12,180,Jehova,divine-name-syntax,Subjekt/Objekt/Anrede ohne eindeutiges Regelsignal; Artikel und Kasus prüfen.,"Weil sie ihnen vor  ihren Götzen gedient  haben und dem Hause Israel  ein Anstoß  zur Verschuldung gewesen sind, darum habe  ich meine Hand  wider sie erhoben, spricht  der Herr , Jehova, daß sie ihre Missetat tragen  sollen.","Weil sie ihnen vor  ihren Götzen gedient  haben und dem Hause Israel  ein Anstoß  zur Verschuldung gewesen sind, darum habe  ich meine Hand  wider sie erhoben, spricht  der Herr , HERR, dass sie ihre Missetat tragen  sollen."
Ezek.44.27,166,Jehova,divine-name-syntax,Subjekt/Objekt/Anrede ohne eindeutiges Regelsignal; Artikel und Kasus prüfen.,"und an dem Tage , da er  in das Heiligtum , in den inneren Vorhof , hineingeht, um im Heiligtum  zu dienen , soll er  sein Sündopfer  darbringen, spricht  der Herr , Jehova. -","und an dem Tage , da er  in das Heiligtum , in den inneren Vorhof , hineingeht, um im Heiligtum  zu dienen , soll er  sein Sündopfer  darbringen, spricht  der Herr , HERR. -"
Ezek.45.9,23,Jehova,divine-name-syntax,Subjekt/Objekt/Anrede ohne eindeutiges Regelsignal; Artikel und Kasus prüfen.,"So spricht  der Herr , Jehova: Laßt es euch genug  sein, ihr Fürsten Israels ! Tut Gewalttat und Bedrückung hinweg, und übet Recht  und Gerechtigkeit ; höret auf , mein Volk  aus seinem Besitze zu  vertreiben, spricht  der Herr , Jehova.","So spricht  der Herr , HERR: Lasst es euch genug  sein, ihr Fürsten Israels ! Tut Gewalttat und Bedrückung hinweg, und übet Recht  und Gerechtigkeit ; höret auf , mein Volk  aus seinem Besitze zu  vertreiben, spricht  der Herr , HERR."
Ezek.45.18,22,Jehova,divine-name-syntax,Subjekt/Objekt/Anrede ohne eindeutiges Regelsignal; Artikel und Kasus prüfen.,"So spricht der Herr , Jehova: Im ersten Monat , am Ersten  des Monats, sollst du  einen jungen Farren  ohne Fehl nehmen  und das Heiligtum entsündigen .","So spricht der Herr , HERR: Im ersten Monat , am Ersten  des Monats, sollst du  einen jungen Farren  ohne Fehl nehmen  und das Heiligtum entsündigen ."
Ezek.46.1,23,Jehova,divine-name-syntax,Subjekt/Objekt/Anrede ohne eindeutiges Regelsignal; Artikel und Kasus prüfen.,"So spricht  der Herr , Jehova: Das Tor  des inneren Vorhofs , welches gegen  Osten sieht, soll die sechs  Werktage geschlossen sein; aber am Sabbathtage soll es geöffnet werden , und am Tage  des Neumondes soll es  geöffnet werden .","So spricht  der Herr , HERR: Das Tor  des inneren Vorhofs , welches gegen  Osten sieht, soll die sechs  Werktage geschlossen sein; aber am Sabbattage soll es geöffnet werden , und am Tage  des Neumondes soll es  geöffnet werden ."
Ezek.46.16,23,Jehova,divine-name-syntax,Subjekt/Objekt/Anrede ohne eindeutiges Regelsignal; Artikel und Kasus prüfen.,"So spricht  der Herr , Jehova: Wenn der Fürst  einem seiner Söhne ein Geschenk gibt , so ist es dessen Erbteil ; es soll seinen Söhnen  gehören, es ist ihr Erbeigentum.","So spricht  der Herr , HERR: Wenn der Fürst  einem seiner Söhne ein Geschenk gibt , so ist es dessen Erbteil ; es soll seinen Söhnen  gehören, es ist ihr Erbeigentum."
Ezek.47.13,23,Jehova,divine-name-syntax,Subjekt/Objekt/Anrede ohne eindeutiges Regelsignal; Artikel und Kasus prüfen.,"So spricht  der Herr , Jehova: Dies ist  die Grenze , nach welcher ihr euch das Land  als Erbe verteilen sollt  nach den zwölf Stämmen Israels : für Joseph  zwei Lose.","So spricht  der Herr , HERR: Dies ist  die Grenze , nach welcher ihr euch das Land  als Erbe verteilen sollt  nach den zwölf Stämmen Israels : für Joseph  zwei Lose."
Ezek.48.35,82,Jehova,divine-name-syntax,Subjekt/Objekt/Anrede ohne eindeutiges Regelsignal; Artikel und Kasus prüfen.,Ringsum achtzehntausend  Ruten. Und der Name der Stadt  soll von  nun an heißen : Jehova daselbst.,Ringsum achtzehntausend  Ruten. Und der Name der Stadt  soll von  nun an heißen : HERR daselbst.
Dan.3.5,0,Sobald,spelling-context,Kontextabhängige Schreibung/modernes Homograph; unverändert prüfen.,"Sobald ihr den Klang des Hornes, der Pfeife, der Zither, der Sambuke, der Laute, der Sackpfeife, und allerlei  Art von Musik hören werdet , sollt ihr niederfallen  und das goldene Bild anbeten , welches der König Nebukadnezar  aufgerichtet hat .","Sobald ihr den Klang des Hornes, der Pfeife, der Zither, der Sambuke, der Laute, der Sackpfeife, und allerlei  Art von Musik hören werdet , sollt ihr niederfallen  und das goldene Bild anbeten , welches der König Nebukadnezar  aufgerichtet hat ."
Dan.3.7,7,sobald,spelling-context,Kontextabhängige Schreibung/modernes Homograph; unverändert prüfen.,"Darum, sobald alle Völker den  Klang des Hornes, der Pfeife, der Zither, der Sambuke, der Laute, und allerlei  Art von Musik hörten , fielen alle Völker , Völkerschaften und Sprachen nieder , indem sie das goldene Bild  anbeteten, welches der König Nebukadnezar  aufgerichtet hatte.","Darum, sobald alle Völker den  Klang des Hornes, der Pfeife, der Zither, der Sambuke, der Laute, und allerlei  Art von Musik hörten , fielen alle Völker , Völkerschaften und Sprachen nieder , indem sie das goldene Bild  anbeteten, welches der König Nebukadnezar  aufgerichtet hatte."
Dan.4.23,103,sobald,spelling-context,Kontextabhängige Schreibung/modernes Homograph; unverändert prüfen.,"Und daß man gesagt  hat, den Wurzelstock des Baumes  zu lassen  -dein Königtum wird dir wieder werden, sobald du erkannt haben  wirst, daß die Himmel  herrschen.","Und dass man gesagt  hat, den Wurzelstock des Baumes  zu lassen  -dein Königtum wird dir wieder werden, sobald du erkannt haben  wirst, dass die Himmel  herrschen."
Dan.6.20,43,sobald,spelling-context,Kontextabhängige Schreibung/modernes Homograph; unverändert prüfen.,"Dann stand  der König  bei der Morgenröte, sobald es hell wurde, auf und ging eilends  zu der Löwengrube.","Dann stand  der König  bei der Morgenröte, sobald es hell wurde, auf und ging eilends  zu der Löwengrube."
Dan.7.10,21,floß,spelling-context,Kontextabhängige Schreibung/modernes Homograph; unverändert prüfen.,"Ein Strom von Feuer  floß und ging  von ihm aus ; tausend mal  Tausende dienten  ihm, und zehntausend  mal Zehntausende standen vor  ihm. Das Gericht  setzte sich , und Bücher  wurden aufgetan .","Ein Strom von Feuer  floß und ging  von ihm aus ; tausend mal  Tausende dienten  ihm, und zehntausend  mal Zehntausende standen vor  ihm. Das Gericht  setzte sich , und Bücher  wurden aufgetan ."
Dan.9.8,0,Jehova,divine-name-syntax,Subjekt/Objekt/Anrede ohne eindeutiges Regelsignal; Artikel und Kasus prüfen.,"Jehova! Unser ist die Beschämung des Angesichts, unserer Könige , unserer Fürsten und  unserer Väter , weil wir gegen dich gesündigt  haben.","HERR! Unser ist die Beschämung des Angesichts, unserer Könige , unserer Fürsten und  unserer Väter , weil wir gegen dich gesündigt  haben."
Dan.9.14,81,Jehova,divine-name-syntax,Subjekt/Objekt/Anrede ohne eindeutiges Regelsignal; Artikel und Kasus prüfen.,"Und so hat Jehova  über das Unglück  gewacht und es über uns kommen lassen. Denn Jehova , unser Gott , ist gerecht  in allen seinen Taten, die er getan  hat; aber wir haben seiner Stimme  nicht gehorcht.","Und so hat der HERR  über das Unglück  gewacht und es über uns kommen lassen. Denn HERR , unser Gott , ist gerecht  in allen seinen Taten, die er getan  hat; aber wir haben seiner Stimme  nicht gehorcht."
Dan.11.4,4,sobald,spelling-context,Kontextabhängige Schreibung/modernes Homograph; unverändert prüfen.,"Und sobald er aufgestanden ist, wird sein Reich  zertrümmert und nach den vier  Winden des Himmels  hin zerteilt werden . Aber  nicht für seine Nachkommen wird es sein und nicht nach der Macht , mit welcher er geherrscht hat; denn  sein Reich  wird zerstört und anderen  zuteil werden, mit Ausschluß von jenen.","Und sobald er aufgestanden ist, wird sein Reich  zertrümmert und nach den vier  Winden des Himmels  hin zerteilt werden . Aber  nicht für seine Nachkommen wird es sein und nicht nach der Macht , mit welcher er geherrscht hat; denn  sein Reich  wird zerstört und anderen  zuteil werden, mit Ausschluss von jenen."
Hos.1.2,4,Jehova,divine-name-syntax,Subjekt/Objekt/Anrede ohne eindeutiges Regelsignal; Artikel und Kasus prüfen.,"Als Jehova anfing  mit Hosea  zu reden , da sprach Jehova  zu Hosea : Gehe  hin, nimm dir  ein Hurenweib  und Hurenkinder; denn das Land  treibt beständig Hurerei , von Jehova  hinweg.","Als HERR anfing  mit Hosea  zu reden , da sprach der HERR  zu Hosea : Gehe  hin, nimm dir  ein Hurenweib  und Hurenkinder; denn das Land  treibt beständig Hurerei , von dem HERRN  hinweg."
Hos.2.4,62,Weib,gender-agreement,Nominalgruppe regelbasiert angepasst; längere Pronomenbezüge/Satzkongruenz prüfen.,"Rechtet mit eurer Mutter , rechtet! denn sie  ist nicht  mein Weib , und ich bin nicht ihr Mann  -Damit sie  ihre Hurerei  von ihrem Angesicht  wegtue und ihren Ehebruch zwischen ihren Brüsten  hinweg:","Rechtet mit eurer Mutter , rechtet! denn sie  ist nicht  meine Frau , und ich bin nicht ihr Mann  -Damit sie  ihre Hurerei  von ihrem Angesicht  wegtue und ihren Ehebruch zwischen ihren Brüsten  hinweg:"
Hos.2.22,56,Jehova,divine-name-syntax,Subjekt/Objekt/Anrede ohne eindeutiges Regelsignal; Artikel und Kasus prüfen.,und ich will dich mir verloben  in Treue ; und du wirst Jehova erkennen .,und ich will dich mir verloben  in Treue ; und du wirst HERR erkennen .
Hos.3.1,57,Weib,gender-agreement,Nominalgruppe regelbasiert angepasst; längere Pronomenbezüge/Satzkongruenz prüfen.,"Und Jehova sprach  zu mir: Geh wiederum hin , liebe  ein Weib , das von ihrem Freunde geliebt  wird und Ehebruch  treibt: wie Jehova  die Kinder Israel liebt , welche sich  aber zu anderen Göttern  hinwenden und Traubenkuchen lieben .","Und der HERR sprach  zu mir: Geh wiederum hin , liebe  eine Frau , die von ihrem Freunde geliebt  wird und Ehebruch  treibt: wie HERR  die Kinder Israel liebt , welche sich  aber zu anderen Göttern  hinwenden und Traubenkuchen lieben ."
Hos.3.1,126,Jehova,divine-name-syntax,Subjekt/Objekt/Anrede ohne eindeutiges Regelsignal; Artikel und Kasus prüfen.,"Und Jehova sprach  zu mir: Geh wiederum hin , liebe  ein Weib , das von ihrem Freunde geliebt  wird und Ehebruch  treibt: wie Jehova  die Kinder Israel liebt , welche sich  aber zu anderen Göttern  hinwenden und Traubenkuchen lieben .","Und der HERR sprach  zu mir: Geh wiederum hin , liebe  eine Frau , die von ihrem Freunde geliebt  wird und Ehebruch  treibt: wie HERR  die Kinder Israel liebt , welche sich  aber zu anderen Göttern  hinwenden und Traubenkuchen lieben ."
Hos.4.10,142,Jehova,divine-name-syntax,Subjekt/Objekt/Anrede ohne eindeutiges Regelsignal; Artikel und Kasus prüfen.,"und sie werden essen  und nicht satt werden . Sie  treiben Hurerei , aber sie werden sich nicht ausbreiten; denn sie haben es aufgegeben, auf Jehova  zu achten.","und sie werden essen  und nicht satt werden . Sie  treiben Hurerei , aber sie werden sich nicht ausbreiten; denn sie haben es aufgegeben, auf HERR  zu achten."
Hos.5.4,120,Jehova,divine-name-syntax,Subjekt/Objekt/Anrede ohne eindeutiges Regelsignal; Artikel und Kasus prüfen.,"Ihre Handlungen gestatten ihnen nicht, zu ihrem Gott  umzukehren; denn der Geist  der Hurerei ist in  ihrem Innern, und Jehova kennen sie  nicht.","Ihre Handlungen gestatten ihnen nicht, zu ihrem Gott  umzukehren; denn der Geist  der Hurerei ist in  ihrem Innern, und HERR kennen sie  nicht."
Hos.6.3,12,Jehova,divine-name-syntax,Subjekt/Objekt/Anrede ohne eindeutiges Regelsignal; Artikel und Kasus prüfen.,"So laßt uns Jehova erkennen , ja, laßt uns trachten nach  seiner Erkenntnis! Sein Hervortreten ist  sicher wie die Morgendämmerung; und er  wird für uns kommen wie der Regen , wie der Spätregen  die Erde  benetzt.""","So lasst uns HERR erkennen , ja, lasst uns trachten nach  seiner Erkenntnis! Sein Hervortreten ist  sicher wie die Morgendämmerung; und er  wird für uns kommen wie der Regen , wie der Spätregen  die Erde  benetzt."""
Hos.7.1,0,Sobald,spelling-context,Kontextabhängige Schreibung/modernes Homograph; unverändert prüfen.,"Sobald ich Israel  heilen will, werden  die Ungerechtigkeit Ephraims  und die Bosheiten Samarias  offenbar; denn sie  üben Falschheit, und der Dieb  dringt ein , draußen  raubt die Streifschar.","Sobald ich Israel  heilen will, werden  die Ungerechtigkeit Ephraims  und die Bosheiten Samarias  offenbar; denn sie  üben Falschheit, und der Dieb  dringt ein , draußen  raubt die Streifschar."
Hos.7.12,0,Sobald,spelling-context,Kontextabhängige Schreibung/modernes Homograph; unverändert prüfen.,"Sobald sie hingehen , werde ich mein Netz  über sie ausbreiten , wie das Gevögel  des Himmels  werde ich sie herniederziehen. Ich werde sie züchtigen  gemäß dem, was ihrer Gemeinde  verkündigt worden ist.","Sobald sie hingehen , werde ich mein Netz  über sie ausbreiten , wie das Gevögel  des Himmels  werde ich sie herniederziehen. Ich werde sie züchtigen  gemäß dem, was ihrer Gemeinde  verkündigt worden ist."
Hos.9.4,11,Jehova,divine-name-syntax,Subjekt/Objekt/Anrede ohne eindeutiges Regelsignal; Artikel und Kasus prüfen.,"Sie werden Jehova keinen Wein  spenden, und  ihre Schlachtopfer werden ihm nicht  angenehm sein : wie Trauerspeise wird es  ihnen sein; alle, die  davon essen , werden sich verunreinigen ; denn für ihren Hunger wird ihre Speise  sein, in das Haus  Jehovas wird sie nicht kommen .","Sie werden HERR keinen Wein  spenden, und  ihre Schlachtopfer werden ihm nicht  angenehm sein : wie Trauerspeise wird es  ihnen sein; alle, die  davon essen , werden sich verunreinigen ; denn für ihren Hunger wird ihre Speise  sein, in das Haus  des HERRN wird sie nicht kommen ."
Hos.9.14,21,Jehova,divine-name-syntax,Subjekt/Objekt/Anrede ohne eindeutiges Regelsignal; Artikel und Kasus prüfen.,"
        Gib  ihnen, Jehova ; was wirst du ihnen geben ? Gib  ihnen einen unfruchtbaren Mutterleib  und trockene Brüste !","
        Gib  ihnen, HERR ; was wirst du ihnen geben ? Gib  ihnen einen unfruchtbaren Mutterleib  und trockene Brüste !"
Hos.10.3,66,Jehova,divine-name-syntax,Subjekt/Objekt/Anrede ohne eindeutiges Regelsignal; Artikel und Kasus prüfen.,"Ja, nun werden sie sagen: Wir haben keinen König ; denn wir haben Jehova  nicht gefürchtet, und der König , was wird er  für uns tun ?","Ja, nun werden sie sagen: Wir haben keinen König ; denn wir haben HERR  nicht gefürchtet, und der König , was wird er  für uns tun ?"
Hos.10.12,114,Jehova,divine-name-syntax,Subjekt/Objekt/Anrede ohne eindeutiges Regelsignal; Artikel und Kasus prüfen.,"
        Säet  euch zur Gerechtigkeit , erntet  der Güte  gemäß; pflüget  euch einen Neubruch: denn es ist Zeit , Jehova  zu suchen , bis er  komme und euch Gerechtigkeit regnen  lasse.","
        Säet  euch zur Gerechtigkeit , erntet  der Güte  gemäß; pflüget  euch einen Neubruch: denn es ist Zeit , HERR  zu suchen , bis er  komme und euch Gerechtigkeit regnen  lasse."
Hos.11.10,11,Jehova,divine-name-syntax,Subjekt/Objekt/Anrede ohne eindeutiges Regelsignal; Artikel und Kasus prüfen.,"Sie werden Jehova  nachwandeln: wie ein Löwe wird er brüllen ; denn er wird brüllen , und  zitternd werden die Kinder  herbeieilen vom Meere ;","Sie werden HERR  nachwandeln: wie ein Löwe wird er brüllen ; denn er wird brüllen , und  zitternd werden die Kinder  herbeieilen vom Meere ;"
Hos.12.6,4,Jehova,divine-name-syntax,Subjekt/Objekt/Anrede ohne eindeutiges Regelsignal; Artikel und Kasus prüfen.,"Und Jehova , der Gott  der Heerscharen - Jehova  ist sein Gedenkname.","Und HERR , der Gott  der Heerscharen - der HERR  ist sein Gedenkname."
Hos.12.13,73,Weib,gender-agreement,Nominalgruppe regelbasiert angepasst; längere Pronomenbezüge/Satzkongruenz prüfen.,"Und Jakob  entfloh nach dem Gefilde von Aram , und Israel diente  um ein Weib  und hütete um ein Weib .","Und Jakob  entfloh nach dem Gefilde von Aram , und Israel diente  um eine Frau  und hütete um eine Frau ."
Hos.12.13,97,Weib,gender-agreement,Nominalgruppe regelbasiert angepasst; längere Pronomenbezüge/Satzkongruenz prüfen.,"Und Jakob  entfloh nach dem Gefilde von Aram , und Israel diente  um ein Weib  und hütete um ein Weib .","Und Jakob  entfloh nach dem Gefilde von Aram , und Israel diente  um eine Frau  und hütete um eine Frau ."
Hos.12.14,4,Jehova,divine-name-syntax,Subjekt/Objekt/Anrede ohne eindeutiges Regelsignal; Artikel und Kasus prüfen.,"Und Jehova  führte Israel  durch einen Propheten  aus Ägypten herauf , und durch einen Propheten  wurde es gehütet.","Und HERR  führte Israel  durch einen Propheten  aus Ägypten herauf , und durch einen Propheten  wurde es gehütet."
Joel.1.19,8,Jehova,divine-name-syntax,Subjekt/Objekt/Anrede ohne eindeutiges Regelsignal; Artikel und Kasus prüfen.,"Zu dir, Jehova , rufe ich; denn ein Feuer hat  die Auen  der Steppe verzehrt , und eine Flamme  alle Bäume  des Feldes  versengt.","Zu dir, HERR , rufe ich; denn ein Feuer hat  die Auen  der Steppe verzehrt , und eine Flamme  alle Bäume  des Feldes  versengt."
Joel.2.18,12,Jehova,divine-name-syntax,Subjekt/Objekt/Anrede ohne eindeutiges Regelsignal; Artikel und Kasus prüfen.,"Dann eifert Jehova  für sein Land , und er  hat Mitleid mit seinem Volke .","Dann eifert HERR  für sein Land , und er  hat Mitleid mit seinem Volke ."
Joel.4.11,80,Jehova,divine-name-syntax,Subjekt/Objekt/Anrede ohne eindeutiges Regelsignal; Artikel und Kasus prüfen.,"Eilet und kommet her , alle ihr  Nationen ringsum, und versammelt euch ! Dahin, Jehova , sende deine Helden  hinab!","Eilet und kommet her , alle ihr  Nationen ringsum, und versammelt euch ! Dahin, HERR , sende deine Helden  hinab!"
Joel.4.16,4,Jehova,divine-name-syntax,Subjekt/Objekt/Anrede ohne eindeutiges Regelsignal; Artikel und Kasus prüfen.,"Und Jehova brüllt  aus Zion  und läßt aus Jerusalem  seine Stimme  erschallen, und Himmel  und Erde erbeben . Und Jehova  ist eine Zuflucht  für sein Volk  und eine Feste  für die Kinder Israel .","Und HERR brüllt  aus Zion  und lässt aus Jerusalem  seine Stimme  erschallen, und Himmel  und Erde erbeben . Und der HERR  ist eine Zuflucht  für sein Volk  und eine Feste  für die Kinder Israel ."
Amos.3.1,34,Jehova,divine-name-syntax,Subjekt/Objekt/Anrede ohne eindeutiges Regelsignal; Artikel und Kasus prüfen.,"
        Höret  dieses Wort , das Jehova  über euch redet, ihr Kinder Israel , über das ganze Geschlecht , welches ich aus dem Lande Ägypten  heraufgeführt habe !","
        Höret  dieses Wort , das HERR  über euch redet, ihr Kinder Israel , über das ganze Geschlecht , welches ich aus dem Lande Ägypten  heraufgeführt habe !"
Amos.3.6,136,Jehova,divine-name-syntax,Subjekt/Objekt/Anrede ohne eindeutiges Regelsignal; Artikel und Kasus prüfen.,"Oder wird  die Posaune  in der Stadt  geblasen, und  das Volk  sollte nicht erschrecken? Oder geschieht ein Unglück  in der Stadt , und Jehova  hätte es nicht bewirkt?","Oder wird  die Posaune  in der Stadt  geblasen, und  das Volk  sollte nicht erschrecken? Oder geschieht ein Unglück  in der Stadt , und HERR  hätte es nicht bewirkt?"
Amos.3.11,29,Jehova,divine-name-syntax,Subjekt/Objekt/Anrede ohne eindeutiges Regelsignal; Artikel und Kasus prüfen.,"Darum, so spricht der Herr , Jehova: Der Feind, und  zwar rings um das Land her ! Und er  wird deine Macht  von dir herabstürzen, und dein Paläste  werden geplündert werden.","Darum, so spricht der Herr , HERR: Der Feind, und  zwar rings um das Land her ! Und er  wird deine Macht  von dir herabstürzen, und dein Paläste  werden geplündert werden."
Amos.3.13,79,Jehova,divine-name-syntax,Subjekt/Objekt/Anrede ohne eindeutiges Regelsignal; Artikel und Kasus prüfen.,"
        Höret 
        und  bezeuget es dem Hause Jakob , spricht  der Herr , Jehova, der Gott  der Heerscharen :","
        Höret 
        und  bezeuget es dem Hause Jakob , spricht  der Herr , HERR, der Gott  der Heerscharen :"
Amos.4.2,27,Jehova,divine-name-syntax,Subjekt/Objekt/Anrede ohne eindeutiges Regelsignal; Artikel und Kasus prüfen.,"Geschworen hat  der Herr , Jehova, bei seiner Heiligkeit: Siehe, Tage  werden über euch kommen , da man euch an Haken wegschleppen wird , und euren Rest an Fischerangeln.","Geschworen hat  der Herr , HERR, bei seiner Heiligkeit: Siehe, Tage  werden über euch kommen , da man euch an Haken wegschleppen wird , und euren Rest an Fischerangeln."
Amos.4.13,201,Jehova,divine-name-syntax,Subjekt/Objekt/Anrede ohne eindeutiges Regelsignal; Artikel und Kasus prüfen.,"Denn siehe, der die Berge  bildet und  den Wind schafft , und dem Menschen  kundtut, was sein Gedanke ist ; der die Morgenröte  und die Finsternis macht , und einherschreitet auf den Höhen  der Erde : Jehova , Gott  der Heerscharen , ist sein Name .","Denn siehe, der die Berge  bildet und  den Wind schafft , und dem Menschen  kundtut, was sein Gedanke ist ; der die Morgenröte  und die Finsternis macht , und einherschreitet auf den Höhen  der Erde : HERR , Gott  der Heerscharen , ist sein Name ."
Amos.5.3,28,Jehova,divine-name-syntax,Subjekt/Objekt/Anrede ohne eindeutiges Regelsignal; Artikel und Kasus prüfen.,"Denn so spricht  der Herr , Jehova: Die Stadt , die zu tausend auszieht , wird hundert  übrigbehalten, und die zu hundert auszieht , wird zehn  übrigbehalten für das Haus Israel .","Denn so spricht  der Herr , HERR: Die Stadt , die zu tausend auszieht , wird hundert  übrigbehalten, und die zu hundert auszieht , wird zehn  übrigbehalten für das Haus Israel ."
Amos.5.14,77,Jehova,divine-name-syntax,Subjekt/Objekt/Anrede ohne eindeutiges Regelsignal; Artikel und Kasus prüfen.,"Trachtet nach  dem Guten  und nicht nach dem Bösen , auf daß ihr  lebet; und Jehova , der Gott  der Heerscharen , wird also mit euch sein, wie ihr saget.","Trachtet nach  dem Guten  und nicht nach dem Bösen , auf dass ihr  lebet; und HERR , der Gott  der Heerscharen , wird also mit euch sein, wie ihr saget."
Amos.7.1,26,Jehova,divine-name-syntax,Subjekt/Objekt/Anrede ohne eindeutiges Regelsignal; Artikel und Kasus prüfen.,"Also ließ mich der Herr , Jehova, sehen : Siehe, er bildete Heuschrecken  im Anfang  des Spätgraswuchses; und siehe, es war das Spätgras nach  dem Königsmähen.","Also ließ mich der Herr , HERR, sehen : Siehe, er bildete Heuschrecken  im Anfang  des Spätgraswuchses; und siehe, es war das Spätgras nach  dem Königsmähen."
Amos.7.4,26,Jehova,divine-name-syntax,Subjekt/Objekt/Anrede ohne eindeutiges Regelsignal; Artikel und Kasus prüfen.,"Also ließ mich der Herr , Jehova, sehen : Siehe, der Herr , Jehova rief , um mit Feuer  zu richten; und es fraß  die große Flut  und fraß  das Erbteil.","Also ließ mich der Herr , HERR, sehen : Siehe, der Herr , der HERR rief , um mit Feuer  zu richten; und es fraß  die große Flut  und fraß  das Erbteil."
Amos.7.17,33,Weib,gender-agreement,Nominalgruppe regelbasiert angepasst; längere Pronomenbezüge/Satzkongruenz prüfen.,"Darum spricht Jehova  also: Dein Weib wird  zur Hure werden  in der Stadt , und  diene Söhne  und deine Töchter  werden durchs Schwert fallen , und dein Land  wird verteilt werden mit der Meßschnur, und du  selbst wirst in einem unreinen Lande sterben ; und Israel  wird gewißlich aus seinem Lande weggeführt  werden.","Darum spricht der HERR  also: Deine Frau wird  zur Hure werden  in der Stadt , und  diene Söhne  und deine Töchter  werden durchs Schwert fallen , und dein Land  wird verteilt werden mit der Messschnur, und du  selbst wirst in einem unreinen Lande sterben ; und Israel  wird gewisslich aus seinem Lande weggeführt  werden."
Amos.8.1,26,Jehova,divine-name-syntax,Subjekt/Objekt/Anrede ohne eindeutiges Regelsignal; Artikel und Kasus prüfen.,"Also ließ mich der Herr , Jehova, sehen : Siehe, ein Korb  mit reifem Obst .","Also ließ mich der Herr , HERR, sehen : Siehe, ein Korb  mit reifem Obst ."
Amos.8.3,99,Jehova,divine-name-syntax,Subjekt/Objekt/Anrede ohne eindeutiges Regelsignal; Artikel und Kasus prüfen.,"Und die Gesänge des Palastes werden  sich in Geheul verwandeln an jenem Tage , spricht  der Herr , Jehova. Leichen  in Menge , aller Orten  hat er sie hingeworfen... Still !","Und die Gesänge des Palastes werden  sich in Geheul verwandeln an jenem Tage , spricht  der Herr , HERR. Leichen  in Menge , aller Orten  hat er sie hingeworfen... Still !"
Amos.8.9,59,Jehova,divine-name-syntax,Subjekt/Objekt/Anrede ohne eindeutiges Regelsignal; Artikel und Kasus prüfen.,"Und es wird  geschehen an jenem Tage , spricht  der Herr , Jehova, da werde ich die Sonne  untergehen lassen am Mittag  und Finsternis  über die Erde bringen  am lichten Tage .","Und es wird  geschehen an jenem Tage , spricht  der Herr , HERR, da werde ich die Sonne  untergehen lassen am Mittag  und Finsternis  über die Erde bringen  am lichten Tage ."
Amos.8.11,41,Jehova,divine-name-syntax,Subjekt/Objekt/Anrede ohne eindeutiges Regelsignal; Artikel und Kasus prüfen.,"Siehe, Tage kommen , spricht  der Herr , Jehova, da werde ich einen Hunger  in das Land senden , nicht einen Hunger  nach Brot und  nicht einen Durst  nach Wasser , sondern die Worte Jehovas zu hören .","Siehe, Tage kommen , spricht  der Herr , HERR, da werde ich einen Hunger  in das Land senden , nicht einen Hunger  nach Brot und  nicht einen Durst  nach Wasser , sondern die Worte des HERRN zu hören ."
Amos.9.5,15,Jehova,divine-name-syntax,Subjekt/Objekt/Anrede ohne eindeutiges Regelsignal; Artikel und Kasus prüfen.,"Und der Herr , Jehova der Heerscharen , der das Land anrührt , und es zerfließt, und es trauern alle , die darin wohnen , und es steigt empor insgesamt, wie der Nil , und sinkt zurück, wie der Strom Ägyptens ;","Und der Herr , HERR der Heerscharen , der das Land anrührt , und es zerfließt, und es trauern alle , die darin wohnen , und es steigt empor insgesamt, wie der Nil , und sinkt zurück, wie der Strom Ägyptens ;"
Obad.1.1,59,Jehova,divine-name-syntax,Subjekt/Objekt/Anrede ohne eindeutiges Regelsignal; Artikel und Kasus prüfen.,"
        Gesicht 
        Obadjas . So spricht  der Herr , Jehova , von Edom : Eine Kunde haben  wir von Jehova gehört, und ein Bote  ist unter die Nationen gesandt  worden: ""Machet euch auf , und laßt uns  wider dasselbe aufstehen  zum Kriege ! ""","
        Gesicht 
        Obadjas . So spricht  der Herr , HERR , von Edom : Eine Kunde haben  wir von dem HERRN gehört, und ein Bote  ist unter die Nationen gesandt  worden: ""Machet euch auf , und lasst uns  wider dasselbe aufstehen  zum Kriege ! """
Jonah.1.4,8,Jehova,divine-name-syntax,Subjekt/Objekt/Anrede ohne eindeutiges Regelsignal; Artikel und Kasus prüfen.,"Da warf Jehova  einen heftigen Wind  auf das Meer , und es entstand ein großer  Sturm auf dem Meere , so daß das Schiff  zu zerbrechen  drohte.","Da warf HERR  einen heftigen Wind  auf das Meer , und es entstand ein großer  Sturm auf dem Meere , so dass das Schiff  zu zerbrechen  drohte."
Jonah.1.14,47,Jehova,divine-name-syntax,Subjekt/Objekt/Anrede ohne eindeutiges Regelsignal; Artikel und Kasus prüfen.,"Da riefen  sie zu Jehova  und sprachen : Ach , Jehova ! Laß uns doch nicht umkommen  um der Seele  dieses Mannes  willen, und lege nicht unschuldiges Blut  auf uns; denn du, Jehova , hast getan , wie es dir gefallen hat.","Da riefen  sie zu dem HERRN  und sprachen : Ach , HERR ! Lass uns doch nicht umkommen  um der Seele  dieses Mannes  willen, und lege nicht unschuldiges Blut  auf uns; denn du, HERR , hast getan , wie es dir gefallen hat."
Jonah.2.1,4,Jehova,divine-name-syntax,Subjekt/Objekt/Anrede ohne eindeutiges Regelsignal; Artikel und Kasus prüfen.,"Und Jehova  bestellte einen großen Fisch , um Jona  zu verschlingen ; und Jona  war im Bauche des Fisches drei Tage  und drei Nächte .","Und HERR  bestellte einen großen Fisch , um Jona  zu verschlingen ; und Jona  war im Bauche des Fisches drei Tage  und drei Nächte ."
Jonah.2.7,139,Jehova,divine-name-syntax,Subjekt/Objekt/Anrede ohne eindeutiges Regelsignal; Artikel und Kasus prüfen.,"Ich fuhr hinab  zu den Gründen  der Berge ; der Erde Riegel  waren hinter mir auf ewig . Da führtest du mein Leben  aus der Grube  herauf, Jehova , mein Gott .","Ich fuhr hinab  zu den Gründen  der Berge ; der Erde Riegel  waren hinter mir auf ewig . Da führtest du mein Leben  aus der Grube  herauf, HERR , mein Gott ."
Jonah.4.3,9,Jehova,divine-name-syntax,Subjekt/Objekt/Anrede ohne eindeutiges Regelsignal; Artikel und Kasus prüfen.,"Und nun, Jehova , nimm doch meine Seele  von mir; denn es ist besser , daß ich sterbe, als daß ich lebe .","Und nun, HERR , nimm doch meine Seele  von mir; denn es ist besser , dass ich sterbe, als dass ich lebe ."
Jonah.4.6,4,Jehova,divine-name-syntax,Subjekt/Objekt/Anrede ohne eindeutiges Regelsignal; Artikel und Kasus prüfen.,"Und Jehova Gott  bestellte einen Wunderbaum und ließ ihn über Jona  emporwachsen, damit Schatten  über seinem Haupte wäre, um ihn von seinem Mißmut zu befreien; und Jona  freute sich  über den  Wunderbaum mit großer Freude . -","Und HERR Gott  bestellte einen Wunderbaum und ließ ihn über Jona  emporwachsen, damit Schatten  über seinem Haupte wäre, um ihn von seinem Missmut zu befreien; und Jona  freute sich  über den  Wunderbaum mit großer Freude . -"
Mic.2.13,169,Jehova,divine-name-syntax,Subjekt/Objekt/Anrede ohne eindeutiges Regelsignal; Artikel und Kasus prüfen.,"Der Durchbrecher  zieht herauf vor  ihnen her; sie  brechen durch, und ziehen durch das Tor  und gehen  durch dasselbe hinaus ; und ihr König  zieht vor  ihnen her, und Jehova  an ihrer Spitze .","Der Durchbrecher  zieht herauf vor  ihnen her; sie  brechen durch, und ziehen durch das Tor  und gehen  durch dasselbe hinaus ; und ihr König  zieht vor  ihnen her, und HERR  an ihrer Spitze ."
Mic.3.11,140,Jehova,divine-name-syntax,Subjekt/Objekt/Anrede ohne eindeutiges Regelsignal; Artikel und Kasus prüfen.,"Seine Häupter richten  um Geschenke , und seine Priester lehren  um Lohn, und seine Propheten wahrsagen  um Geld ; und sie stützen sich auf Jehova  und sagen : Ist nicht Jehova  in unserer Mitte? Kein Unglück  wird über uns kommen !","Seine Häupter richten  um Geschenke , und seine Priester lehren  um Lohn, und seine Propheten wahrsagen  um Geld ; und sie stützen sich auf HERR  und sagen : Ist nicht HERR  in unserer Mitte? Kein Unglück  wird über uns kommen !"
Mic.3.11,170,Jehova,divine-name-syntax,Subjekt/Objekt/Anrede ohne eindeutiges Regelsignal; Artikel und Kasus prüfen.,"Seine Häupter richten  um Geschenke , und seine Priester lehren  um Lohn, und seine Propheten wahrsagen  um Geld ; und sie stützen sich auf Jehova  und sagen : Ist nicht Jehova  in unserer Mitte? Kein Unglück  wird über uns kommen !","Seine Häupter richten  um Geschenke , und seine Priester lehren  um Lohn, und seine Propheten wahrsagen  um Geld ; und sie stützen sich auf HERR  und sagen : Ist nicht HERR  in unserer Mitte? Kein Unglück  wird über uns kommen !"
Mic.6.8,82,Jehova,divine-name-syntax,Subjekt/Objekt/Anrede ohne eindeutiges Regelsignal; Artikel und Kasus prüfen.,"
        Er 
        hat  dir kundgetan, o Mensch , was gut  ist; und was fordert Jehova  von dir, als Recht zu üben  und Güte  zu lieben, und demütig  zu wandeln  mit deinem Gott ?","
        Er 
        hat  dir kundgetan, o Mensch , was gut  ist; und was fordert HERR  von dir, als Recht zu üben  und Güte  zu lieben, und demütig  zu wandeln  mit deinem Gott ?"
Nah.1.2,92,Jehova,divine-name-syntax,Subjekt/Objekt/Anrede ohne eindeutiges Regelsignal; Artikel und Kasus prüfen.,"Ein eifernder und rächender Gott  ist Jehova , ein Rächer  ist Jehova  und voll von Grimm ; Jehova  übt Rache an seinen Widersachern  und trägt seinen Feinden  nach.","Ein eifernder und rächender Gott  ist der HERR , ein Rächer  ist der HERR  und voll von Grimm ; HERR  übt Rache an seinen Widersachern  und trägt seinen Feinden  nach."
Nah.1.3,113,Jehova,divine-name-syntax,Subjekt/Objekt/Anrede ohne eindeutiges Regelsignal; Artikel und Kasus prüfen.,"
        Jehova  ist langsam zum Zorn  und groß  an Kraft , und er hält keineswegs für schuldlos den Schuldigen. Jehova  -im Sturmwind  und im Gewitter ist sein Weg , und Gewölk  ist der Staub  seiner Füße .","
        Der HERR  ist langsam zum Zorn  und groß  an Kraft , und er hält keineswegs für schuldlos den Schuldigen. HERR  -im Sturmwind  und im Gewitter ist sein Weg , und Gewölk  ist der Staub  seiner Füße ."
Nah.2.3,5,Jehova,divine-name-syntax,Subjekt/Objekt/Anrede ohne eindeutiges Regelsignal; Artikel und Kasus prüfen.,Denn Jehova  stellt die Herrlichkeit Jakobs  wie die Herrlichkeit Israels wieder  her; denn die Plünderer haben sie geplündert und  haben ihre Reben  zerstört.,Denn HERR  stellt die Herrlichkeit Jakobs  wie die Herrlichkeit Israels wieder  her; denn die Plünderer haben sie geplündert und  haben ihre Reben  zerstört.
Hab.1.2,11,Jehova,divine-name-syntax,Subjekt/Objekt/Anrede ohne eindeutiges Regelsignal; Artikel und Kasus prüfen.,"Wie lange, Jehova , habe ich gerufen, und du  hörst nicht ! Ich schreie  zu dir: Gewalttat! und du rettest nicht.","Wie lange, HERR , habe ich gerufen, und du  hörst nicht ! Ich schreie  zu dir: Gewalttat! und du rettest nicht."
Hab.1.12,31,Jehova,divine-name-syntax,Subjekt/Objekt/Anrede ohne eindeutiges Regelsignal; Artikel und Kasus prüfen.,"Bist du nicht von alters  her, Jehova , mein Gott , mein Heiliger ? Wir werden nicht sterben . Jehova , zum Gericht hast  du es gesetzt , und, o Fels , zur Züchtigung es bestellt.","Bist du nicht von alters  her, HERR , mein Gott , mein Heiliger ? Wir werden nicht sterben . HERR , zum Gericht hast  du es gesetzt , und, o Fels , zur Züchtigung es bestellt."
Hab.1.12,95,Jehova,divine-name-syntax,Subjekt/Objekt/Anrede ohne eindeutiges Regelsignal; Artikel und Kasus prüfen.,"Bist du nicht von alters  her, Jehova , mein Gott , mein Heiliger ? Wir werden nicht sterben . Jehova , zum Gericht hast  du es gesetzt , und, o Fels , zur Züchtigung es bestellt.","Bist du nicht von alters  her, HERR , mein Gott , mein Heiliger ? Wir werden nicht sterben . HERR , zum Gericht hast  du es gesetzt , und, o Fels , zur Züchtigung es bestellt."
Hab.2.2,19,Jehova,divine-name-syntax,Subjekt/Objekt/Anrede ohne eindeutiges Regelsignal; Artikel und Kasus prüfen.,"Da antwortete  mir Jehova  und sprach : Schreibe  das Gesicht  auf, und grabe es  in Tafeln  ein, damit  man es geläufig lesen könne;","Da antwortete  mir HERR  und sprach : Schreibe  das Gesicht  auf, und grabe es  in Tafeln  ein, damit  man es geläufig lesen könne;"
Hab.3.2,9,Jehova,divine-name-syntax,Subjekt/Objekt/Anrede ohne eindeutiges Regelsignal; Artikel und Kasus prüfen.,"
        Jehova , ich habe deine Kunde vernommen, ich fürchte mich ; Jehova , belebe dein Werk  inmitten der Jahre , inmitten der Jahre  mache es kund ; im  Zorn gedenke  des Erbarmens! -","
        HERR , ich habe deine Kunde vernommen, ich fürchte mich ; HERR , belebe dein Werk  inmitten der Jahre , inmitten der Jahre  mache es kund ; im  Zorn gedenke  des Erbarmens! -"
Hab.3.19,0,Jehova,divine-name-syntax,Subjekt/Objekt/Anrede ohne eindeutiges Regelsignal; Artikel und Kasus prüfen.,"Jehova, der Herr , ist  meine Kraft, und macht  meine Füße  denen der Hindinnen gleich und läßt mich  einherschreiten auf meinen Höhen . Dem Vorsänger, mit meinem Saitenspiel !","HERR, der Herr , ist  meine Kraft, und macht  meine Füße  denen der Hindinnen gleich und lässt mich  einherschreiten auf meinen Höhen . Dem Vorsänger, mit meinem Saitenspiel !"
Zeph.1.6,43,Jehova,divine-name-syntax,Subjekt/Objekt/Anrede ohne eindeutiges Regelsignal; Artikel und Kasus prüfen.,"und die von Jehova  zurückweichen, und die Jehova nicht suchen  noch nach  ihm fragen .","und die von dem HERRN  zurückweichen, und die HERR nicht suchen  noch nach  ihm fragen ."
Zeph.1.7,40,Jehova,divine-name-syntax,Subjekt/Objekt/Anrede ohne eindeutiges Regelsignal; Artikel und Kasus prüfen.,"
        Still 
        vor  dem Herrn  Jehova! Denn nahe  ist der Tag  Jehovas; denn Jehova hat  ein Schlachtopfer bereitet , er  hat seine Geladenen geheiligt .","
        Still 
        vor  dem Herrn  HERR! Denn nahe  ist der Tag  des HERRN; denn der HERR hat  ein Schlachtopfer bereitet , er  hat seine Geladenen geheiligt ."
Zeph.2.7,151,Jehova,divine-name-syntax,Subjekt/Objekt/Anrede ohne eindeutiges Regelsignal; Artikel und Kasus prüfen.,"und es wird  ein Landstrich sein für den Überrest des Hauses Juda : sie werden darauf weiden  und am Abend sich  lagern in den Häusern Askalons ; denn Jehova , ihr Gott , wird sich  ihrer annehmen und ihre Gefangenschaft wenden.","und es wird  ein Landstrich sein für den Überrest des Hauses Juda : sie werden darauf weiden  und am Abend sich  lagern in den Häusern Askalons ; denn HERR , ihr Gott , wird sich  ihrer annehmen und ihre Gefangenschaft wenden."
Zeph.3.2,64,Jehova,divine-name-syntax,Subjekt/Objekt/Anrede ohne eindeutiges Regelsignal; Artikel und Kasus prüfen.,"Sie hat auf  keine Stimme  gehört, keine Zucht  angenommen; auf Jehova hat  sie nicht vertraut, ihrem Gott sich  nicht genaht.","Sie hat auf  keine Stimme  gehört, keine Zucht  angenommen; auf HERR hat  sie nicht vertraut, ihrem Gott sich  nicht genaht."
Zech.1.6,174,Jehova,divine-name-syntax,Subjekt/Objekt/Anrede ohne eindeutiges Regelsignal; Artikel und Kasus prüfen.,"Doch meine Worte und meine Beschlüsse, welche ich meinen Knechten , den Propheten , gebot , haben sie  eure Väter  nicht getroffen? Und sie kehrten um  und sprachen : So wie Jehova  der Heerscharen vorhatte , uns nach unseren Wegen  und nach unseren Handlungen zu tun , also hat er  mit uns getan .","Doch meine Worte und meine Beschlüsse, welche ich meinen Knechten , den Propheten , gebot , haben sie  eure Väter  nicht getroffen? Und sie kehrten um  und sprachen : So wie HERR  der Heerscharen vorhatte , uns nach unseren Wegen  und nach unseren Handlungen zu tun , also hat er  mit uns getan ."
Zech.1.12,42,Jehova,divine-name-syntax,Subjekt/Objekt/Anrede ohne eindeutiges Regelsignal; Artikel und Kasus prüfen.,"Da hob der Engel  Jehovas an und sprach : Jehova der Heerscharen , wie lange willst du dich nicht Jerusalems und  der Städte Judas erbarmen , auf welche du gezürnt hast diese siebzig Jahre ?","Da hob der Engel  des HERRN an und sprach : HERR der Heerscharen , wie lange willst du dich nicht Jerusalems und  der Städte Judas erbarmen , auf welche du gezürnt hast diese siebzig Jahre ?"
Zech.2.15,50,Jehova,divine-name-syntax,Subjekt/Objekt/Anrede ohne eindeutiges Regelsignal; Artikel und Kasus prüfen.,"Und an jenem Tage  werden viele  Nationen sich an Jehova  anschließen, und sie  werden mein Volk  sein; und ich werde in  deiner Mitte wohnen , und du wirst erkennen , daß Jehova  der Heerscharen mich  zu dir gesandt hat .","Und an jenem Tage  werden viele  Nationen sich an HERR  anschließen, und sie  werden mein Volk  sein; und ich werde in  deiner Mitte wohnen , und du wirst erkennen , dass der HERR  der Heerscharen mich  zu dir gesandt hat ."
Zech.3.2,31,Jehova,divine-name-syntax,Subjekt/Objekt/Anrede ohne eindeutiges Regelsignal; Artikel und Kasus prüfen.,"Und Jehova sprach  zum Satan : Jehova schelte  dich, Satan ! Ja, es schelte  dich Jehova , der Jerusalem erwählt  hat! Ist dieser nicht  ein Brandscheit, das aus dem Feuer  gerettet ist?","Und der HERR sprach  zum Satan : HERR schelte  dich, Satan ! Ja, es schelte  dich HERR , der Jerusalem erwählt  hat! Ist dieser nicht  ein Brandscheit, das aus dem Feuer  gerettet ist?"
Zech.3.2,82,Jehova,divine-name-syntax,Subjekt/Objekt/Anrede ohne eindeutiges Regelsignal; Artikel und Kasus prüfen.,"Und Jehova sprach  zum Satan : Jehova schelte  dich, Satan ! Ja, es schelte  dich Jehova , der Jerusalem erwählt  hat! Ist dieser nicht  ein Brandscheit, das aus dem Feuer  gerettet ist?","Und der HERR sprach  zum Satan : HERR schelte  dich, Satan ! Ja, es schelte  dich HERR , der Jerusalem erwählt  hat! Ist dieser nicht  ein Brandscheit, das aus dem Feuer  gerettet ist?"
Zech.5.7,79,Weib,gender-agreement,Nominalgruppe regelbasiert angepasst; längere Pronomenbezüge/Satzkongruenz prüfen.,"
        Und  siehe, eine  Scheibe von Blei  wurde aufgehoben; und  da war ein Weib , welches inmitten des Ephas saß .","
        Und  siehe, eine  Scheibe von Blei  wurde aufgehoben; und  da war eine Frau , welche inmitten des Ephas saß ."
Zech.8.21,137,Jehova,divine-name-syntax,Subjekt/Objekt/Anrede ohne eindeutiges Regelsignal; Artikel und Kasus prüfen.,"
        und 
        die  Bewohner der einen  werden zur anderen gehen  und sagen : ""Laßt uns doch hingehen , um Jehova  anzuflehen und Jehova  der Heerscharen  zu suchen !"" ""Auch ich will gehen !""","
        und 
        die  Bewohner der einen  werden zur anderen gehen  und sagen : ""Lasst uns doch hingehen , um den HERRN  anzuflehen und HERR  der Heerscharen  zu suchen !"" ""Auch ich will gehen !"""
Zech.8.22,140,Jehova,divine-name-syntax,Subjekt/Objekt/Anrede ohne eindeutiges Regelsignal; Artikel und Kasus prüfen.,"
        Und 
        viele 
        Völker  und mächtige Nationen werden kommen , um Jehova  der Heerscharen  in Jerusalem  zu suchen  und Jehova  anzuflehen.","
        Und 
        viele 
        Völker  und mächtige Nationen werden kommen , um den HERRN  der Heerscharen  in Jerusalem  zu suchen  und HERR  anzuflehen."
Zech.9.15,9,Jehova,divine-name-syntax,Subjekt/Objekt/Anrede ohne eindeutiges Regelsignal; Artikel und Kasus prüfen.,"
        Jehova  der Heerscharen wird sie beschirmen ; und sie  werden die Schleudersteine verzehren  und niedertreten; und sie  werden trinken , lärmen  wie vom Wein  und voll  werden wie die Opferschalen, wie die Ecken  des Altars .","
        HERR  der Heerscharen wird sie beschirmen ; und sie  werden die Schleudersteine verzehren  und niedertreten; und sie  werden trinken , lärmen  wie vom Wein  und voll  werden wie die Opferschalen, wie die Ecken  des Altars ."
Zech.9.16,4,Jehova,divine-name-syntax,Subjekt/Objekt/Anrede ohne eindeutiges Regelsignal; Artikel und Kasus prüfen.,"Und Jehova , ihr Gott , wird sie  retten an jenem Tage , wird sein Volk  retten wie ein Herde ; denn Kronensteine sind sie, funkelnd auf seinem Lande .","Und HERR , ihr Gott , wird sie  retten an jenem Tage , wird sein Volk  retten wie ein Herde ; denn Kronensteine sind sie, funkelnd auf seinem Lande ."
Zech.10.3,87,Jehova,divine-name-syntax,Subjekt/Objekt/Anrede ohne eindeutiges Regelsignal; Artikel und Kasus prüfen.,"Mein Zorn  ist wider die Hirten  entbrannt, und die Böcke  werde ich heimsuchen ; denn Jehova  der Heerscharen wird  seiner Herde , des Hauses Juda , sich annehmen und sie machen  wie sein Prachtroß im Streite.","Mein Zorn  ist wider die Hirten  entbrannt, und die Böcke  werde ich heimsuchen ; denn HERR  der Heerscharen wird  seiner Herde , des Hauses Juda , sich annehmen und sie machen  wie sein Prachtross im Streite."
Zech.14.16,165,Jehova,divine-name-syntax,Subjekt/Objekt/Anrede ohne eindeutiges Regelsignal; Artikel und Kasus prüfen.,"Und es wird geschehen, daß alle Übriggebliebenen  von allen Nationen, welche wider Jerusalem gekommen sind , von Jahr  zu Jahr  hinaufziehen werden , um den König , Jehova  der Heerscharen , anzubeten  und das Laubhüttenfest  zu feiern .","Und es wird geschehen, dass alle Übriggebliebenen  von allen Nationen, welche wider Jerusalem gekommen sind , von Jahr  zu Jahr  hinaufziehen werden , um den König , HERR  der Heerscharen , anzubeten  und das Laubhüttenfest  zu feiern ."
Zech.14.17,123,Jehova,divine-name-syntax,Subjekt/Objekt/Anrede ohne eindeutiges Regelsignal; Artikel und Kasus prüfen.,"Und es wird geschehen, wenn eines von den Geschlechtern  der Erde  nicht nach Jerusalem hinaufziehen  wird, um den König , Jehova  der Heerscharen , anzubeten : über dasselbe wird kein Regen  kommen;","Und es wird geschehen, wenn eines von den Geschlechtern  der Erde  nicht nach Jerusalem hinaufziehen  wird, um den König , HERR  der Heerscharen , anzubeten : über dasselbe wird kein Regen  kommen;"
Mal.2.12,157,Jehova,divine-name-syntax,Subjekt/Objekt/Anrede ohne eindeutiges Regelsignal; Artikel und Kasus prüfen.,"
        Jehova  wird den Mann , der solches tut , aus den Zelten Jakobs ausrotten , den wachenden und  den, der einen Laut von sich  gibt, und den, welcher Jehova  der Heerscharen  eine Opfergabe darbringt.","
        Der HERR  wird den Mann , der solches tut , aus den Zelten Jakobs ausrotten , den wachenden und  den, der einen Laut von sich  gibt, und den, welcher HERR  der Heerscharen  eine Opfergabe darbringt."
Mal.2.14,88,Weibe,gender-agreement,Nominalgruppe regelbasiert angepasst; längere Pronomenbezüge/Satzkongruenz prüfen.,"
        Und  ihr sprechet: Warum ? Weil Jehova  Zeuge gewesen ist zwischen dir und dem Weibe  deiner Jugend , an welchem du  treulos gehandelt hast , da sie doch deine Genossin und das Weib  deines Bundes  ist.","
        Und  ihr sprechet: Warum ? Weil der HERR  Zeuge gewesen ist zwischen dir und der Frau  deiner Jugend , an welchem du  treulos gehandelt hast , da sie doch deine Genossin und die Frau  deines Bundes  ist."
Mal.2.14,186,Weib,gender-agreement,Nominalgruppe regelbasiert angepasst; längere Pronomenbezüge/Satzkongruenz prüfen.,"
        Und  ihr sprechet: Warum ? Weil Jehova  Zeuge gewesen ist zwischen dir und dem Weibe  deiner Jugend , an welchem du  treulos gehandelt hast , da sie doch deine Genossin und das Weib  deines Bundes  ist.","
        Und  ihr sprechet: Warum ? Weil der HERR  Zeuge gewesen ist zwischen dir und der Frau  deiner Jugend , an welchem du  treulos gehandelt hast , da sie doch deine Genossin und die Frau  deines Bundes  ist."
Mal.2.15,200,Weib,gender-agreement,Nominalgruppe regelbasiert angepasst; längere Pronomenbezüge/Satzkongruenz prüfen.,"Und hat  nicht einer sie gemacht ? Und sein war der Überrest des Geistes . Und was wollte der eine ? Er suchte einen Samen Gottes . So hütet euch  in eurem Geiste , und handle nicht treulos gegen das Weib  deiner Jugend !","Und hat  nicht einer sie gemacht ? Und sein war der Überrest des Geistes . Und was wollte der eine ? Er suchte einen Samen Gottes . So hütet euch  in eurem Geiste , und handle nicht treulos gegen die Frau  deiner Jugend !"
Mal.2.17,28,Jehova,divine-name-syntax,Subjekt/Objekt/Anrede ohne eindeutiges Regelsignal; Artikel und Kasus prüfen.,"
        Ihr 
        habt  Jehova mit euren Worten ermüdet; und  ihr sprechet: Womit haben  wir ihn  ermüdet? Damit, daß ihr saget: Jeder Übeltäter ist gut  in den Augen  Jehovas, und  an ihnen hat er  Gefallen; oder wo ist der Gott  des Gerichts?","
        Ihr 
        habt  HERR mit euren Worten ermüdet; und  ihr sprechet: Womit haben  wir ihn  ermüdet? Damit, dass ihr saget: Jeder Übeltäter ist gut  in den Augen  des HERRN, und  an ihnen hat er  Gefallen; oder wo ist der Gott  des Gerichts?"
Mal.3.4,45,Jehova,divine-name-syntax,Subjekt/Objekt/Anrede ohne eindeutiges Regelsignal; Artikel und Kasus prüfen.,Dann wird die Opfergabe Judas und Jerusalems Jehova  angenehm sein wie in den Tagen  vor alters und wie in den Jahren der Vorzeit.,Dann wird die Opfergabe Judas und Jerusalems HERR  angenehm sein wie in den Tagen  vor alters und wie in den Jahren der Vorzeit.
Mal.3.16,38,Jehova,divine-name-syntax,Subjekt/Objekt/Anrede ohne eindeutiges Regelsignal; Artikel und Kasus prüfen.,"Da unterredeten sich miteinander, die Jehova fürchten , und Jehova  merkte auf  und hörte ; und ein  Gedenkbuch ward vor  ihm geschrieben  für die, welche Jehova fürchten  und welche seinen Namen achten .","Da unterredeten sich miteinander, die HERR fürchten , und HERR  merkte auf  und hörte ; und ein  Gedenkbuch ward vor  ihm geschrieben  für die, welche der HERR fürchten  und welche seinen Namen achten ."
Mal.3.16,60,Jehova,divine-name-syntax,Subjekt/Objekt/Anrede ohne eindeutiges Regelsignal; Artikel und Kasus prüfen.,"Da unterredeten sich miteinander, die Jehova fürchten , und Jehova  merkte auf  und hörte ; und ein  Gedenkbuch ward vor  ihm geschrieben  für die, welche Jehova fürchten  und welche seinen Namen achten .","Da unterredeten sich miteinander, die HERR fürchten , und HERR  merkte auf  und hörte ; und ein  Gedenkbuch ward vor  ihm geschrieben  für die, welche der HERR fürchten  und welche seinen Namen achten ."
Matt.1.6,120,Weib,gender-agreement,Nominalgruppe regelbasiert angepasst; längere Pronomenbezüge/Satzkongruenz prüfen.,"
        Isai 
        aber 
        zeugte 
        David , den König . David aber zeugte Salomon von der , die Urias  Weib gewesen;","
        Isai 
        aber 
        zeugte 
        David , den König . David aber zeugte Salomon von der , die Urias  Frau gewesen;"
Matt.1.20,171,Weib,gender-agreement,Nominalgruppe regelbasiert angepasst; längere Pronomenbezüge/Satzkongruenz prüfen.,"Indem er aber solches  bei sich überlegte , siehe , da erschien ihm  ein Engel  des Herrn im Traum  und sprach : Joseph , Sohn Davids , fürchte  dich nicht , Maria , dein Weib , zu dir  zu nehmen ; denn  das in ihr Gezeugte ist von  dem Heiligen Geiste .","Indem er aber solches  bei sich überlegte , siehe , da erschien ihm  ein Engel  des Herrn im Traum  und sprach : Joseph , Sohn Davids , fürchte  dich nicht , Maria , deine Frau , zu dir  zu nehmen ; denn  das in ihr Gezeugte ist von  dem Heiligen Geiste ."
Matt.1.24,122,Weib,gender-agreement,Nominalgruppe regelbasiert angepasst; längere Pronomenbezüge/Satzkongruenz prüfen.,"
        Joseph 
        aber , vom Schlafe erwacht , tat , wie ihm  der Engel  des Herrn befohlen  hatte, und nahm  sein Weib  zu sich ;","
        Joseph 
        aber , vom Schlafe erwacht , tat , wie ihm  der Engel  des Herrn befohlen  hatte, und nahm  seine Frau  zu sich ;"
Matt.5.28,77,Weib,gender-agreement,Nominalgruppe regelbasiert angepasst; längere Pronomenbezüge/Satzkongruenz prüfen.,"
        Ich 
        aber 
        sage 
        euch , daß jeder , der ein Weib ansieht , ihrer zu begehren , schon Ehebruch  mit ihr begangen  hat in seinem Herzen .","
        Ich 
        aber 
        sage 
        euch , dass jeder , der eine Frau ansieht , ihrer zu begehren , schon Ehebruch  mit ihr begangen  hat in seinem Herzen ."
Matt.5.31,37,Weib,gender-agreement,Nominalgruppe regelbasiert angepasst; längere Pronomenbezüge/Satzkongruenz prüfen.,"Es ist aber gesagt : Wer irgend sein Weib entlassen  wird, gebe ihr  einen Scheidebrief .","Es ist aber gesagt : Wer irgend seine Frau entlassen  wird, gebe ihr  einen Scheidebrief ."
Matt.5.32,73,Weib,gender-agreement,Nominalgruppe regelbasiert angepasst; längere Pronomenbezüge/Satzkongruenz prüfen.,"
        Ich 
        aber 
        sage 
        euch : Wer irgend sein Weib entlassen  wird, außer  auf Grund  von Hurerei , macht , daß sie  Ehebruch begeht ; und  wer irgend  eine Entlassene heiratet , begeht Ehebruch .","
        Ich 
        aber 
        sage 
        euch : Wer irgend seine Frau entlassen  wird, außer  auf Grund  von Hurerei , macht , dass sie  Ehebruch begeht ; und  wer irgend  eine Entlassene heiratet , begeht Ehebruch ."
Matt.9.20,34,Weib,gender-agreement,Nominalgruppe regelbasiert angepasst; längere Pronomenbezüge/Satzkongruenz prüfen.,"
        Und 
        siehe , ein Weib , das zwölf Jahre blutflüssig  war, trat  von hinten  herzu und rührte  die Quaste seines Kleides  an;","
        Und 
        siehe , eine Frau , die zwölf Jahre blutflüssig  war, trat  von hinten  herzu und rührte  die Quaste seines Kleides  an;"
Matt.9.22,158,Weib,gender-agreement,Nominalgruppe regelbasiert angepasst; längere Pronomenbezüge/Satzkongruenz prüfen.,"
        Jesus 
        aber 
        wandte  sich um, und  als er sie sah , sprach  er: Sei gutes Mutes , Tochter ; dein Glaube  hat dich geheilt . Und  das Weib  war geheilt von jener Stunde  an.","
        Jesus 
        aber 
        wandte  sich um, und  als er sie sah , sprach  er: Sei gutes Mutes , Tochter ; dein Glaube  hat dich geheilt . Und  die Frau  war geheilt von jener Stunde  an."
Matt.13.33,109,Weib,gender-agreement,Nominalgruppe regelbasiert angepasst; längere Pronomenbezüge/Satzkongruenz prüfen.,"Ein anderes Gleichnis redete  er zu ihnen : Das Reich  der Himmel ist gleich  einem Sauerteig , welchen  ein Weib nahm  und unter drei Maß Mehl verbarg , bis es ganz durchsäuert  war.","Ein anderes Gleichnis redete  er zu ihnen : Das Reich  der Himmel ist gleich  einem Sauerteig , welchen  eine Frau nahm  und unter drei Maß Mehl verbarg , bis es ganz durchsäuert  war."
Matt.14.3,130,Weibes,gender-agreement,Nominalgruppe regelbasiert angepasst; längere Pronomenbezüge/Satzkongruenz prüfen.,"
        Denn 
        Herodes  hatte Johannes gegriffen , ihn gebunden und ins Gefängnis gesetzt , um  der Herodias willen , des Weibes seines Bruders Philippus .","
        Denn 
        Herodes  hatte Johannes gegriffen , ihn gebunden und ins Gefängnis gesetzt , um  der Herodias willen , der Frau seines Bruders Philippus ."
Matt.15.22,47,Weib,gender-agreement,Nominalgruppe regelbasiert angepasst; längere Pronomenbezüge/Satzkongruenz prüfen.,"
        und 
        siehe , ein kananäisches Weib , das von jenen Grenzen herkam , schrie  [zu ihm ]und sprach : Erbarme  dich meiner , Herr , Sohn Davids ! meine Tochter  ist schlimm besessen .","
        und 
        siehe , eine kananäische Frau , die von jenen Grenzen herkam , schrie  [zu ihm ]und sprach : Erbarme  dich meiner , Herr , Sohn Davids ! meine Tochter  ist schlimm besessen ."
Matt.15.28,71,Weib,gender-agreement,Nominalgruppe regelbasiert angepasst; längere Pronomenbezüge/Satzkongruenz prüfen.,"
        Da 
        antwortete 
        Jesus  und sprach  zu ihr : O Weib , dein Glaube  ist groß ; dir geschehe , wie  du willst . Und ihre Tochter  war geheilt von jener Stunde  an.","
        Da 
        antwortete 
        Jesus  und sprach  zu ihr : O Frau , dein Glaube  ist groß ; dir geschehe , wie  du willst . Und ihre Tochter  war geheilt von jener Stunde  an."
Matt.18.25,89,Weib,gender-agreement,Nominalgruppe regelbasiert angepasst; längere Pronomenbezüge/Satzkongruenz prüfen.,"
        Da  derselbe aber nicht hatte  zu bezahlen , befahl  [sein ]Herr , ihn und sein Weib und  die Kinder und alles , was  er hatte , zu verkaufen und  zu bezahlen .","
        Da  derselbe aber nicht hatte  zu bezahlen , befahl  [sein ]Herr , ihn und seine Frau und  die Kinder und alles , was  er hatte , zu verkaufen und  zu bezahlen ."
Matt.19.3,126,Weib,gender-agreement,Nominalgruppe regelbasiert angepasst; längere Pronomenbezüge/Satzkongruenz prüfen.,"
        Und  die Pharisäer kamen  zu ihm , versuchten ihn und sprachen : Ist es einem Manne erlaubt , aus jeder Ursache sein Weib  zu entlassen ?","
        Und  die Pharisäer kamen  zu ihm , versuchten ihn und sprachen : Ist es einem Manne erlaubt , aus jeder Ursache seine Frau  zu entlassen ?"
Matt.19.4,129,Weib,gender-agreement,Nominalgruppe regelbasiert angepasst; längere Pronomenbezüge/Satzkongruenz prüfen.,"Er aber antwortete  und sprach  [zu ihnen ]: : Habt  ihr nicht gelesen , daß  der, welcher  sie schuf , von Anfang  sie Mann und Weib schuf ","Er aber antwortete  und sprach  [zu ihnen ]: : Habt  ihr nicht gelesen , dass  der, welcher  sie schuf , von Anfang  sie Mann und Frau schuf "
Matt.19.5,100,Weibe,gender-agreement,Nominalgruppe regelbasiert angepasst; längere Pronomenbezüge/Satzkongruenz prüfen.,"
        und 
        sprach :"" Um deswillen wird  ein Mensch Vater und Mutter verlassen und seinem Weibe anhangen , und  es werden die zwei ein Fleisch sein  "";","
        und 
        sprach :"" Um deswillen wird  ein Mensch Vater und Mutter verlassen und seiner Frau anhangen , und  es werden die zwei ein Fleisch sein  "";"
Matt.19.9,43,Weib,gender-agreement,Nominalgruppe regelbasiert angepasst; längere Pronomenbezüge/Satzkongruenz prüfen.,"Ich sage euch aber , daß , wer irgend sein Weib entlassen  wird, nicht wegen Hurerei , und  eine andere heiraten  wird, Ehebruch  begeht; und  wer eine Entlassene heiratet , begeht Ehebruch .","Ich sage euch aber , dass , wer irgend seine Frau entlassen  wird, nicht wegen Hurerei , und  eine andere heiraten  wird, Ehebruch  begeht; und  wer eine Entlassene heiratet , begeht Ehebruch ."
Matt.19.10,93,Weibe,gender-agreement,Nominalgruppe regelbasiert angepasst; längere Pronomenbezüge/Satzkongruenz prüfen.,"
        Seine 
        Jünger 
        sagen  zu ihm : Wenn  die Sache  des Mannes mit  dem Weibe also steht , so ist es nicht ratsam  zu heiraten .","
        Seine 
        Jünger 
        sagen  zu ihm : Wenn  die Sache  des Mannes mit  der Frau also steht , so ist es nicht ratsam  zu heiraten ."
Matt.19.29,142,Weib,gender-agreement,Nominalgruppe regelbasiert angepasst; längere Pronomenbezüge/Satzkongruenz prüfen.,"
        Und 
        ein 
        jeder , der irgend verlassen  hat Häuser , oder Brüder , oder Schwestern , oder Vater , oder Mutter , oder Weib , oder Kinder , oder Äcker  um meines Namens willen , wird hundertfältig empfangen und ewiges Leben erben .","
        Und 
        ein 
        jeder , der irgend verlassen  hat Häuser , oder Brüder , oder Schwestern , oder Vater , oder Mutter , oder Frau , oder Kinder , oder Äcker  um meines Namens willen , wird hundertfältig empfangen und ewiges Leben erben ."
Matt.22.24,112,Weib,gender-agreement,Nominalgruppe regelbasiert angepasst; längere Pronomenbezüge/Satzkongruenz prüfen.,"und sprachen : Lehrer , Moses  hat gesagt : Wenn jemand stirbt  und keine Kinder hat , so soll sein Bruder sein Weib heiraten und  soll seinem Bruder Samen erwecken .","und sprachen : Lehrer , Moses  hat gesagt : Wenn jemand stirbt  und keine Kinder hat , so soll sein Bruder seine Frau heiraten und  soll seinem Bruder Samen erwecken ."
Matt.22.25,138,Weib,gender-agreement,Nominalgruppe regelbasiert angepasst; längere Pronomenbezüge/Satzkongruenz prüfen.,"Es waren aber bei uns sieben Brüder . Und  der erste verheiratete  sich und starb ; und  weil er keinen Samen hatte , hinterließ  er sein Weib seinem Bruder .","Es waren aber bei uns sieben Brüder . Und  der erste verheiratete  sich und starb ; und  weil er keinen Samen hatte , hinterließ  er seine Frau seinem Bruder ."
Matt.22.27,58,Weib,gender-agreement,Nominalgruppe regelbasiert angepasst; längere Pronomenbezüge/Satzkongruenz prüfen.,"
        Zuletzt 
        aber  von allen starb auch  das Weib .","
        Zuletzt 
        aber  von allen starb auch  die Frau ."
Matt.22.28,43,Weib,gender-agreement,Nominalgruppe regelbasiert angepasst; längere Pronomenbezüge/Satzkongruenz prüfen.,"
        In  der Auferstehung nun , wessen Weib  von den sieben  wird sie sein ? Denn alle hatten sie .","
        In  der Auferstehung nun , wessen Frau  von den sieben  wird sie sein ? Denn alle hatten sie ."
Matt.26.7,18,Weib,gender-agreement,Nominalgruppe regelbasiert angepasst; längere Pronomenbezüge/Satzkongruenz prüfen.,"
        kam  ein Weib  zu ihm , die ein Alabasterfläschchen  mit sehr kostbarer Salbe hatte , und goß  es aus auf sein Haupt , als er zu Tische lag .","
        kam  eine Frau  zu ihm , die ein Alabasterfläschchen  mit sehr kostbarer Salbe hatte , und goss  es aus auf sein Haupt , als er zu Tische lag ."
Matt.26.10,82,Weibe,gender-agreement,Nominalgruppe regelbasiert angepasst; längere Pronomenbezüge/Satzkongruenz prüfen.,"
        Als  aber Jesus  es erkannte , sprach  er zu ihnen : Was machet ihr  dem Weibe Mühe ? denn  sie hat ein gutes Werk an mir getan ;","
        Als  aber Jesus  es erkannte , sprach  er zu ihnen : Was machet ihr  der Frau Mühe ? denn  sie hat ein gutes Werk an mir getan ;"
Matt.27.19,56,Weib,gender-agreement,Nominalgruppe regelbasiert angepasst; längere Pronomenbezüge/Satzkongruenz prüfen.,"Während er aber auf  dem Richterstuhl saß , sandte sein Weib zu ihm und  ließ ihm sagen : Habe du nichts  zu schaffen mit jenem Gerechten ; denn viel  habe ich heute im Traum gelitten um seinetwillen .","Während er aber auf  dem Richterstuhl saß , sandte seine Frau zu ihm und  ließ ihm sagen : Habe du nichts  zu schaffen mit jenem Gerechten ; denn viel  habe ich heute im Traum gelitten um seinetwillen ."
Mark.4.8,92,aufschoß,spelling-context,Kontextabhängige Schreibung/modernes Homograph; unverändert prüfen.,"
        Und 
        anderes 
        fiel 
        in  die gute Erde und gab Frucht , die aufschoß und wuchs ; und eines trug dreißig - - , und eines sechzig - - , und eines hundertfältig .","
        Und 
        anderes 
        fiel 
        in  die gute Erde und gab Frucht , die aufschoß und wuchs ; und eines trug dreißig - - , und eines sechzig - - , und eines hundertfältig ."
Mark.5.25,35,Weib,gender-agreement,Nominalgruppe regelbasiert angepasst; längere Pronomenbezüge/Satzkongruenz prüfen.,"
        Und 
        ein 
        Weib , das zwölf Jahre mit  einem Blutfluß behaftet  war,","
        Und 
        eine 
        Frau , die zwölf Jahre mit  einem Blutfluss behaftet  war,"
Mark.5.33,4,Weib,gender-agreement,Nominalgruppe regelbasiert angepasst; längere Pronomenbezüge/Satzkongruenz prüfen.,"Das Weib aber , voll Furcht und Zittern , wissend , was ihr geschehen  war, kam und fiel  vor ihm nieder und sagte ihm  die ganze Wahrheit .","Die Frau aber , voll Furcht und Zittern , wissend , was ihr geschehen  war, kam und fiel  vor ihm nieder und sagte ihm  die ganze Wahrheit ."
Mark.6.17,148,Weibes,gender-agreement,Nominalgruppe regelbasiert angepasst; längere Pronomenbezüge/Satzkongruenz prüfen.,"
        Denn 
        er , Herodes , hatte hingesandt  und den Johannes greifen und ihn im Gefängnis binden  lassen, um  der Herodias willen , des Weibes seines Bruders Philippus , weil  er sie geheiratet  hatte.","
        Denn 
        er , Herodes , hatte hingesandt  und den Johannes greifen und ihn im Gefängnis binden  lassen, um  der Herodias willen , der Frau seines Bruders Philippus , weil  er sie geheiratet  hatte."
Mark.6.18,91,Weib,gender-agreement,Nominalgruppe regelbasiert angepasst; längere Pronomenbezüge/Satzkongruenz prüfen.,"
        Denn 
        Johannes  hatte dem Herodes gesagt : Es ist dir nicht erlaubt , das Weib deines Bruders  zu haben .","
        Denn 
        Johannes  hatte dem Herodes gesagt : Es ist dir nicht erlaubt , die Frau deines Bruders  zu haben ."
Mark.7.25,34,Weib,gender-agreement,Nominalgruppe regelbasiert angepasst; längere Pronomenbezüge/Satzkongruenz prüfen.,"
        Aber  alsbald hörte  ein Weib von ihm , deren Töchterlein  einen unreinen Geist hatte , kam  und fiel  nieder zu seinen Füßen ;","
        Aber  alsbald hörte  eine Frau von ihm , deren Töchterlein  einen unreinen Geist hatte , kam  und fiel  nieder zu seinen Füßen ;"
Mark.7.26,4,Weib,gender-agreement,Nominalgruppe regelbasiert angepasst; längere Pronomenbezüge/Satzkongruenz prüfen.,"das Weib aber war  eine Griechin , eine Syro-Phönicierin  von Geburt ; und  sie bat ihn , daß  er den Dämon von ihrer Tochter austreibe .","die Frau aber war  eine Griechin , eine Syro-Phönicierin  von Geburt ; und  sie bat ihn , dass  er den Dämon von ihrer Tochter austreibe ."
Mark.10.2,94,Weib,gender-agreement,Nominalgruppe regelbasiert angepasst; längere Pronomenbezüge/Satzkongruenz prüfen.,"
        Und  es traten Pharisäer  herzu und fragten ihn : Ist es  einem Manne erlaubt , sein Weib  zu entlassen ? indem sie ihn versuchten .","
        Und  es traten Pharisäer  herzu und fragten ihn : Ist es  einem Manne erlaubt , seine Frau  zu entlassen ? indem sie ihn versuchten ."
Mark.10.6,73,Weib,gender-agreement,Nominalgruppe regelbasiert angepasst; längere Pronomenbezüge/Satzkongruenz prüfen.,"
        von 
        Anfang  der Schöpfung aber schuf Gott sie Mann und Weib .","
        von 
        Anfang  der Schöpfung aber schuf Gott sie Mann und Frau ."
Mark.10.7,84,Weibe,gender-agreement,Nominalgruppe regelbasiert angepasst; längere Pronomenbezüge/Satzkongruenz prüfen.,""" Um deswillen wird  ein Mensch seinen Vater und  seine Mutter verlassen und seinem Weibe anhangen ,",""" Um deswillen wird  ein Mensch seinen Vater und  seine Mutter verlassen und seiner Frau anhangen ,"
Mark.10.11,53,Weib,gender-agreement,Nominalgruppe regelbasiert angepasst; längere Pronomenbezüge/Satzkongruenz prüfen.,"
        und  er spricht  zu ihnen : Wer irgend sein Weib entlassen und  eine andere heiraten  wird, begeht Ehebruch gegen sie .","
        und  er spricht  zu ihnen : Wer irgend seine Frau entlassen und  eine andere heiraten  wird, begeht Ehebruch gegen sie ."
Mark.10.12,32,Weib,gender-agreement,Nominalgruppe regelbasiert angepasst; längere Pronomenbezüge/Satzkongruenz prüfen.,"
        Und 
        wenn  ein Weib ihren Mann entlassen und  einen anderen heiraten  wird, so begeht  sie Ehebruch .","
        Und 
        wenn  eine Frau ihren Mann entlassen und  einen anderen heiraten  wird, so begeht  sie Ehebruch ."
Mark.10.29,160,Weib,gender-agreement,Nominalgruppe regelbasiert angepasst; längere Pronomenbezüge/Satzkongruenz prüfen.,"
        Jesus 
        antwortete  und sprach : Wahrlich , ich sage euch : Da ist niemand , der Haus oder Brüder oder Schwestern oder Vater oder Mutter  [oder Weib ]oder Kinder oder Äcker verlassen  hat um meinet  - und  um des Evangeliums willen ,","
        Jesus 
        antwortete  und sprach : Wahrlich , ich sage euch : Da ist niemand , der Haus oder Brüder oder Schwestern oder Vater oder Mutter  [oder Frau ]oder Kinder oder Äcker verlassen  hat um meinet  - und  um des Evangeliums willen ,"
Mark.12.19,95,Weib,gender-agreement,Nominalgruppe regelbasiert angepasst; längere Pronomenbezüge/Satzkongruenz prüfen.,"
        Lehrer , Moses  hat uns geschrieben : Wenn jemandes Bruder stirbt und hinterläßt  ein Weib und hinterläßt keine Kinder , daß sein Bruder sein Weib nehme und seinem Bruder Samen erwecke .","
        Lehrer , Moses  hat uns geschrieben : Wenn jemandes Bruder stirbt und hinterlässt  eine Frau und hinterlässt keine Kinder , dass sein Bruder seine Frau nehme und seinem Bruder Samen erwecke ."
Mark.12.19,151,Weib,gender-agreement,Nominalgruppe regelbasiert angepasst; längere Pronomenbezüge/Satzkongruenz prüfen.,"
        Lehrer , Moses  hat uns geschrieben : Wenn jemandes Bruder stirbt und hinterläßt  ein Weib und hinterläßt keine Kinder , daß sein Bruder sein Weib nehme und seinem Bruder Samen erwecke .","
        Lehrer , Moses  hat uns geschrieben : Wenn jemandes Bruder stirbt und hinterlässt  eine Frau und hinterlässt keine Kinder , dass sein Bruder seine Frau nehme und seinem Bruder Samen erwecke ."
Mark.12.20,50,Weib,gender-agreement,Nominalgruppe regelbasiert angepasst; längere Pronomenbezüge/Satzkongruenz prüfen.,"Es waren sieben Brüder . Und  der erste nahm  ein Weib ; und  als er starb , hinterließ  er keinen Samen ;","Es waren sieben Brüder . Und  der erste nahm  eine Frau ; und  als er starb , hinterließ  er keinen Samen ;"
Mark.12.22,109,Weib,gender-agreement,Nominalgruppe regelbasiert angepasst; längere Pronomenbezüge/Satzkongruenz prüfen.,"
        Und  die sieben  [nahmen sie und ]hinterließen keinen Samen . Am letzten  von allen starb auch  das Weib .","
        Und  die sieben  [nahmen sie und ]hinterließen keinen Samen . Am letzten  von allen starb auch  die Frau ."
Mark.12.23,70,Weib,gender-agreement,Nominalgruppe regelbasiert angepasst; längere Pronomenbezüge/Satzkongruenz prüfen.,"
        In  der Auferstehung , wenn  sie auferstehen  werden, wessen Weib  von ihnen  wird sie sein ? denn  die sieben haben sie  zum Weibe gehabt .","
        In  der Auferstehung , wenn  sie auferstehen  werden, wessen Frau  von ihnen  wird sie sein ? denn  die sieben haben sie  zur Frau gehabt ."
Mark.12.23,135,Weibe,gender-agreement,Nominalgruppe regelbasiert angepasst; längere Pronomenbezüge/Satzkongruenz prüfen.,"
        In  der Auferstehung , wenn  sie auferstehen  werden, wessen Weib  von ihnen  wird sie sein ? denn  die sieben haben sie  zum Weibe gehabt .","
        In  der Auferstehung , wenn  sie auferstehen  werden, wessen Frau  von ihnen  wird sie sein ? denn  die sieben haben sie  zur Frau gehabt ."
Mark.14.3,119,Weib,gender-agreement,Nominalgruppe regelbasiert angepasst; längere Pronomenbezüge/Satzkongruenz prüfen.,"
        Und  als er in Bethanien war , in  dem Hause Simons , des Aussätzigen , kam , während er  zu Tische  lag, ein Weib , die ein Alabasterfläschchen  mit Salbe  von echter , kostbarer Narde hatte ; und  sie zerbrach  das Fläschchen  und goß  es auf sein Haupt .","
        Und  als er in Bethanien war , in  dem Hause Simons , des Aussätzigen , kam , während er  zu Tische  lag, eine Frau , die ein Alabasterfläschchen  mit Salbe  von echter , kostbarer Narde hatte ; und  sie zerbrach  das Fläschchen  und goss  es auf sein Haupt ."
Luke.1.5,138,Weib,gender-agreement,Nominalgruppe regelbasiert angepasst; längere Pronomenbezüge/Satzkongruenz prüfen.,"Es war in  den Tagen Herodes' , des Königs  von Judäa , ein gewisser Priester , mit Namen Zacharias , aus  der Abteilung Abias ; und sein Weib  war aus  den Töchtern Aarons , und ihr Name Elisabeth .","Es war in  den Tagen Herodes' , des Königs  von Judäa , ein gewisser Priester , mit Namen Zacharias , aus  der Abteilung Abias ; und seine Frau  war aus  den Töchtern Aarons , und ihr Name Elisabeth ."
Luke.1.13,104,Weib,gender-agreement,Nominalgruppe regelbasiert angepasst; längere Pronomenbezüge/Satzkongruenz prüfen.,"Der Engel aber sprach zu ihm : Fürchte dich nicht , Zacharias , denn dein Flehen  ist erhört , und dein Weib Elisabeth  wird dir  einen Sohn gebären , und  du sollst seinen Namen Johannes heißen .","Der Engel aber sprach zu ihm : Fürchte dich nicht , Zacharias , denn dein Flehen  ist erhört , und deine Frau Elisabeth  wird dir  einen Sohn gebären , und  du sollst seinen Namen Johannes heißen ."
Luke.1.18,145,Weib,gender-agreement,Nominalgruppe regelbasiert angepasst; längere Pronomenbezüge/Satzkongruenz prüfen.,"
        Und 
        Zacharias 
        sprach 
        zu  dem Engel : Woran  soll ich dies erkennen ? denn ich bin  ein alter Mann , und mein Weib  ist weit vorgerückt in ihren Tagen .","
        Und 
        Zacharias 
        sprach 
        zu  dem Engel : Woran  soll ich dies erkennen ? denn ich bin  ein alter Mann , und meine Frau  ist weit vorgerückt in ihren Tagen ."
Luke.1.24,83,Weib,gender-agreement,Nominalgruppe regelbasiert angepasst; längere Pronomenbezüge/Satzkongruenz prüfen.,"
        Nach 
        diesen 
        Tagen 
        aber  wurde Elisabeth , sein Weib , schwanger und verbarg sich fünf Monate , indem sie sagte :","
        Nach 
        diesen 
        Tagen 
        aber  wurde Elisabeth , seine Frau , schwanger und verbarg sich fünf Monate , indem sie sagte :"
Luke.2.5,60,Weibe,gender-agreement,Nominalgruppe regelbasiert angepasst; längere Pronomenbezüge/Satzkongruenz prüfen.,"um sich einschreiben zu lassen mit Maria , seinem verlobten Weibe , welche schwanger war .","um sich einschreiben zu lassen mit Maria , seiner verlobten Frau , welche schwanger war ."
Luke.3.19,83,Weibes,gender-agreement,Nominalgruppe regelbasiert angepasst; längere Pronomenbezüge/Satzkongruenz prüfen.,"
        Herodes 
        aber , der Vierfürst , weil er wegen  der Herodias , des Weibes seines Bruders , und wegen alles Bösen , das Herodes  getan hatte , von ihm  gestraft wurde ,","
        Herodes 
        aber , der Vierfürst , weil er wegen  der Herodias , der Frau seines Bruders , und wegen alles Bösen , das Herodes  getan hatte , von ihm  gestraft wurde ,"
Luke.4.26,119,Weibe,gender-agreement,Nominalgruppe regelbasiert angepasst; längere Pronomenbezüge/Satzkongruenz prüfen.,"
        und 
        zu 
        keiner  von ihnen wurde Elias gesandt , als nur nach Sarepta  in Sidonia , zu  einem Weibe , einer Witwe .","
        und 
        zu 
        keiner  von ihnen wurde Elias gesandt , als nur nach Sarepta  in Sidonia , zu  einer Frau , einer Witwe ."
Luke.6.38,133,Schoß,spelling-context,Kontextabhängige Schreibung/modernes Homograph; unverändert prüfen.,"
        Gebet , und  es wird euch  gegeben werden : ein gutes , gedrücktes und gerütteltes und überlaufendes Maß  wird man in euren Schoß geben ; denn  mit demselben Maße , mit welchem  ihr messet , wird euch wieder  gemessen werden .","
        Gebet , und  es wird euch  gegeben werden : ein gutes , gedrücktes und gerütteltes und überlaufendes Maß  wird man in euren Schoß geben ; denn  mit demselben Maße , mit welchem  ihr messet , wird euch wieder  gemessen werden ."
Luke.7.37,41,Weib,gender-agreement,Nominalgruppe regelbasiert angepasst; längere Pronomenbezüge/Satzkongruenz prüfen.,"
        Und 
        siehe , da war ein Weib in  der Stadt , die  eine Sünderin war ; und als sie erfahren hatte , daß  er in  dem Hause  des Pharisäers  zu Tische liege , brachte  sie eine Alabasterflasche  mit Salbe ;","
        Und 
        siehe , da war eine Frau in  der Stadt , die  eine Sünderin war ; und als sie erfahren hatte , dass  er in  dem Hause  des Pharisäers  zu Tische liege , brachte  sie eine Alabasterflasche  mit Salbe ;"
Luke.7.39,175,Weib,gender-agreement,Nominalgruppe regelbasiert angepasst; längere Pronomenbezüge/Satzkongruenz prüfen.,"Als es aber  der Pharisäer sah , der ihn geladen  hatte, sprach  er bei  sich selbst  und sagte : Wenn dieser  ein Prophet wäre , so würde er erkennen , wer und  was für  ein Weib  es ist, die ihn anrührt ; denn  sie ist  eine Sünderin .","Als es aber  der Pharisäer sah , der ihn geladen  hatte, sprach  er bei  sich selbst  und sagte : Wenn dieser  ein Prophet wäre , so würde er erkennen , wer und  was für  eine Frau  es ist, die ihn anrührt ; denn  sie ist  eine Sünderin ."
Luke.7.44,27,Weibe,gender-agreement,Nominalgruppe regelbasiert angepasst; längere Pronomenbezüge/Satzkongruenz prüfen.,"
        Und  sich zu  dem Weibe wendend , sprach  er zu Simon : Siehst du dieses Weib ? Ich bin in dein Haus gekommen , du hast mir kein Wasser auf meine Füße gegeben ; diese aber  hat meine Füße  mit Tränen benetzt und  mit ihren Haaren getrocknet .","
        Und  sich zu  der Frau wendend , sprach  er zu Simon : Siehst du diese Frau ? Ich bin in dein Haus gekommen , du hast mir kein Wasser auf meine Füße gegeben ; diese aber  hat meine Füße  mit Tränen benetzt und  mit ihren Haaren getrocknet ."
Luke.7.44,82,Weib,gender-agreement,Nominalgruppe regelbasiert angepasst; längere Pronomenbezüge/Satzkongruenz prüfen.,"
        Und  sich zu  dem Weibe wendend , sprach  er zu Simon : Siehst du dieses Weib ? Ich bin in dein Haus gekommen , du hast mir kein Wasser auf meine Füße gegeben ; diese aber  hat meine Füße  mit Tränen benetzt und  mit ihren Haaren getrocknet .","
        Und  sich zu  der Frau wendend , sprach  er zu Simon : Siehst du diese Frau ? Ich bin in dein Haus gekommen , du hast mir kein Wasser auf meine Füße gegeben ; diese aber  hat meine Füße  mit Tränen benetzt und  mit ihren Haaren getrocknet ."
Luke.7.50,23,Weibe,gender-agreement,Nominalgruppe regelbasiert angepasst; längere Pronomenbezüge/Satzkongruenz prüfen.,Er sprach aber zu  dem Weibe : Dein Glaube  hat dich errettet ; gehe hin  in Frieden .,Er sprach aber zu  der Frau : Dein Glaube  hat dich errettet ; gehe hin  in Frieden .
Luke.8.3,36,Weib,gender-agreement,Nominalgruppe regelbasiert angepasst; längere Pronomenbezüge/Satzkongruenz prüfen.,"
        und 
        Johanna , das Weib Chusas , des Verwalters Herodes' , und Susanna und viele andere  Weiber, die ihm dienten mit ihrer Habe .","
        und 
        Johanna , die Frau Chusas , des Verwalters Herodes' , und Susanna und viele andere  Frauen, die ihm dienten mit ihrer Habe ."
Luke.8.43,18,Weib,gender-agreement,Nominalgruppe regelbasiert angepasst; längere Pronomenbezüge/Satzkongruenz prüfen.,"
        Und  ein Weib , das seit zwölf Jahren  mit einem Blutfluß  behaftet war , welche , obgleich sie ihren ganzen Lebensunterhalt an  die Ärzte verwandt  hatte, von niemand geheilt  werden konnte ,","
        Und  eine Frau , die seit zwölf Jahren  mit einem Blutfluss  behaftet war , welche , obgleich sie ihren ganzen Lebensunterhalt an  die Ärzte verwandt  hatte, von niemand geheilt  werden konnte ,"
Luke.8.47,8,Weib,gender-agreement,Nominalgruppe regelbasiert angepasst; längere Pronomenbezüge/Satzkongruenz prüfen.,"Als das Weib aber sah , daß  sie nicht  verborgen blieb , kam  sie zitternd und fiel  vor ihm nieder  und verkündete vor  dem ganzen Volk , um welcher Ursache  willen sie ihn  angerührt habe , und wie  sie alsbald  geheilt worden sei .","Als die Frau aber sah , dass  sie nicht  verborgen blieb , kam  sie zitternd und fiel  vor ihm nieder  und verkündete vor  dem ganzen Volk , um welcher Ursache  willen sie ihn  angerührt habe , und wie  sie alsbald  geheilt worden sei ."
Luke.10.38,91,Weib,gender-agreement,Nominalgruppe regelbasiert angepasst; längere Pronomenbezüge/Satzkongruenz prüfen.,"Es geschah aber , als sie  ihres Weges zogen , daß er in  ein Dorf kam ; und  ein gewisses Weib , mit Namen Martha , nahm ihn in ihr Haus auf .","Es geschah aber , als sie  ihres Weges zogen , dass er in  ein Dorf kam ; und  eine gewisse Frau , mit Namen Martha , nahm ihn in ihr Haus auf ."
Luke.11.8,177,soviel,spelling-context,Kontextabhängige Schreibung/modernes Homograph; unverändert prüfen.,"Ich sage euch , wenn  er auch nicht aufstehen und ihm  geben wird , weil  er sein Freund ist , so wird er wenigstens um seiner Unverschämtheit willen aufstehen  und ihm geben , soviel  er bedarf .","Ich sage euch , wenn  er auch nicht aufstehen und ihm  geben wird , weil  er sein Freund ist , so wird er wenigstens um seiner Unverschämtheit willen aufstehen  und ihm geben , soviel  er bedarf ."
Luke.11.27,60,Weib,gender-agreement,Nominalgruppe regelbasiert angepasst; längere Pronomenbezüge/Satzkongruenz prüfen.,"Es geschah aber , indem er dies sagte , erhob  ein gewisses Weib aus  der Volksmenge  ihre Stimme und sprach  zu ihm : Glückselig  der Leib , der dich getragen , und  die Brüste , die  du gesogen hast !","Es geschah aber , indem er dies sagte , erhob  eine gewisse Frau aus  der Volksmenge  ihre Stimme und sprach  zu ihm : Glückselig  der Leib , der dich getragen , und  die Brüste , die  du gesogen hast !"
Luke.12.3,20,soviel,spelling-context,Kontextabhängige Schreibung/modernes Homograph; unverändert prüfen.,"
        deswegen , soviel  ihr in  der Finsternis  gesprochen haben werdet , wird im Lichte gehört  werden, und was  ihr ins Ohr  gesprochen haben werdet in  den Kammern , wird auf  den Dächern  ausgerufen werden .","
        deswegen , soviel  ihr in  der Finsternis  gesprochen haben werdet , wird im Lichte gehört  werden, und was  ihr ins Ohr  gesprochen haben werdet in  den Kammern , wird auf  den Dächern  ausgerufen werden ."
Luke.13.11,43,Weib,gender-agreement,Nominalgruppe regelbasiert angepasst; längere Pronomenbezüge/Satzkongruenz prüfen.,"
        Und 
        siehe , [da war ]ein Weib , die achtzehn Jahre  einen Geist  der Schwachheit hatte ; und  sie war zusammengekrümmt und gänzlich unfähig , sich aufzurichten .","
        Und 
        siehe , [da war ]eine Frau , die achtzehn Jahre  einen Geist  der Schwachheit hatte ; und  sie war zusammengekrümmt und gänzlich unfähig , sich aufzurichten ."
Luke.13.12,62,Weib,gender-agreement,Nominalgruppe regelbasiert angepasst; längere Pronomenbezüge/Satzkongruenz prüfen.,"Als aber Jesus sie sah , rief er  ihr zu und sprach  zu ihr : Weib , du bist gelöst  von deiner Schwachheit !","Als aber Jesus sie sah , rief er  ihr zu und sprach  zu ihr : Frau , du bist gelöst  von deiner Schwachheit !"
Luke.13.21,46,Weib,gender-agreement,Nominalgruppe regelbasiert angepasst; längere Pronomenbezüge/Satzkongruenz prüfen.,"Es ist gleich  einem Sauerteig , welchen  ein Weib nahm und unter drei Maß Mehl verbarg , bis  es ganz  durchsäuert war .","Es ist gleich  einem Sauerteig , welchen  eine Frau nahm und unter drei Maß Mehl verbarg , bis  es ganz  durchsäuert war ."
Luke.14.20,48,Weib,gender-agreement,Nominalgruppe regelbasiert angepasst; längere Pronomenbezüge/Satzkongruenz prüfen.,"
        Und  ein anderer sprach : Ich habe ein Weib geheiratet , und darum kann  ich nicht kommen .","
        Und  ein anderer sprach : Ich habe eine Frau geheiratet , und darum kann  ich nicht kommen ."
Luke.14.26,81,Weib,gender-agreement,Nominalgruppe regelbasiert angepasst; längere Pronomenbezüge/Satzkongruenz prüfen.,"Wenn jemand zu mir kommt und haßt nicht seinen Vater und  seine Mutter und  sein Weib und  seine Kinder und  seine Brüder und Schwestern , dazu aber auch  sein eigenes Leben , so kann er nicht mein Jünger sein ;","Wenn jemand zu mir kommt und hasst nicht seinen Vater und  seine Mutter und  seine Frau und  seine Kinder und  seine Brüder und Schwestern , dazu aber auch  sein eigenes Leben , so kann er nicht mein Jünger sein ;"
Luke.15.8,40,Weib,gender-agreement,Nominalgruppe regelbasiert angepasst; längere Pronomenbezüge/Satzkongruenz prüfen.,"
        Oder 
        welches 
        Weib , das zehn Drachmen hat , zündet nicht , wenn  sie eine Drachme verliert , eine Lampe an und kehrt  das Haus und sucht sorgfältig , bis  sie sie findet ?","
        Oder 
        welche 
        Frau , die zehn Drachmen hat , zündet nicht , wenn  sie eine Drachme verliert , eine Lampe an und kehrt  das Haus und sucht sorgfältig , bis  sie sie findet ?"
Luke.16.18,26,Weib,gender-agreement,Nominalgruppe regelbasiert angepasst; längere Pronomenbezüge/Satzkongruenz prüfen.,"
        Jeder , der sein Weib entläßt und  eine andere heiratet , begeht Ehebruch ; und jeder , der die von  einem Manne Entlassene heiratet , begeht Ehebruch .","
        Jeder , der seine Frau entlässt und  eine andere heiratet , begeht Ehebruch ; und jeder , der die von  einem Manne Entlassene heiratet , begeht Ehebruch ."
Luke.16.22,81,Schoß,spelling-context,Kontextabhängige Schreibung/modernes Homograph; unverändert prüfen.,"Es geschah aber , daß der Arme starb und von  den Engeln  getragen wurde in  den Schoß Abrahams . Es starb aber auch  der Reiche und  wurde begraben .","Es geschah aber , dass der Arme starb und von  den Engeln  getragen wurde in  den Schoß Abrahams . Es starb aber auch  der Reiche und  wurde begraben ."
Luke.17.32,27,Weib,gender-agreement,Nominalgruppe regelbasiert angepasst; längere Pronomenbezüge/Satzkongruenz prüfen.,"
        Gedenket  an Lots Weib !","
        Gedenket  an Lots Frau !"
Luke.18.29,109,Weib,gender-agreement,Nominalgruppe regelbasiert angepasst; längere Pronomenbezüge/Satzkongruenz prüfen.,"Er aber sprach  zu ihnen : Wahrlich , ich sage euch : Es ist niemand , der Haus oder Eltern oder Brüder oder Weib oder Kinder verlassen  hat um  des Reiches Gottes willen ,","Er aber sprach  zu ihnen : Wahrlich , ich sage euch : Es ist niemand , der Haus oder Eltern oder Brüder oder Frau oder Kinder verlassen  hat um  des Reiches Gottes willen ,"
Luke.20.28,89,Weib,gender-agreement,Nominalgruppe regelbasiert angepasst; längere Pronomenbezüge/Satzkongruenz prüfen.,"und sagten : Lehrer , Moses  hat uns geschrieben : Wenn jemandes Bruder stirbt , der ein Weib hat , und dieser kinderlos stirbt , daß sein Bruder  das Weib nehme und seinem Bruder Samen erwecke .","und sagten : Lehrer , Moses  hat uns geschrieben : Wenn jemandes Bruder stirbt , der eine Frau hat , und dieser kinderlos stirbt , dass sein Bruder  die Frau nehme und seinem Bruder Samen erwecke ."
Luke.20.28,151,Weib,gender-agreement,Nominalgruppe regelbasiert angepasst; längere Pronomenbezüge/Satzkongruenz prüfen.,"und sagten : Lehrer , Moses  hat uns geschrieben : Wenn jemandes Bruder stirbt , der ein Weib hat , und dieser kinderlos stirbt , daß sein Bruder  das Weib nehme und seinem Bruder Samen erwecke .","und sagten : Lehrer , Moses  hat uns geschrieben : Wenn jemandes Bruder stirbt , der eine Frau hat , und dieser kinderlos stirbt , dass sein Bruder  die Frau nehme und seinem Bruder Samen erwecke ."
Luke.20.29,54,Weib,gender-agreement,Nominalgruppe regelbasiert angepasst; längere Pronomenbezüge/Satzkongruenz prüfen.,Es waren nun sieben Brüder . Und  der erste nahm  ein Weib  und starb kinderlos ;,Es waren nun sieben Brüder . Und  der erste nahm  eine Frau  und starb kinderlos ;
Luke.20.30,37,Weib,gender-agreement,Nominalgruppe regelbasiert angepasst; längere Pronomenbezüge/Satzkongruenz prüfen.,"
        und  der zweite  [nahm  das Weib , und dieser starb kinderlos ;]","
        und  der zweite  [nahm  die Frau , und dieser starb kinderlos ;]"
Luke.20.32,60,Weib,gender-agreement,Nominalgruppe regelbasiert angepasst; längere Pronomenbezüge/Satzkongruenz prüfen.,"
        Zuletzt 
        aber  [von allen ]starb auch  das Weib .","
        Zuletzt 
        aber  [von allen ]starb auch  die Frau ."
Luke.20.33,43,Weib,gender-agreement,Nominalgruppe regelbasiert angepasst; längere Pronomenbezüge/Satzkongruenz prüfen.,"
        In  der Auferstehung nun , wessen Weib  von ihnen  wird sie ? denn  die sieben hatten sie  zum Weibe .","
        In  der Auferstehung nun , wessen Frau  von ihnen  wird sie ? denn  die sieben hatten sie  zur Frau ."
Luke.20.33,104,Weibe,gender-agreement,Nominalgruppe regelbasiert angepasst; längere Pronomenbezüge/Satzkongruenz prüfen.,"
        In  der Auferstehung nun , wessen Weib  von ihnen  wird sie ? denn  die sieben hatten sie  zum Weibe .","
        In  der Auferstehung nun , wessen Frau  von ihnen  wird sie ? denn  die sieben hatten sie  zur Frau ."
Luke.22.57,39,Weib,gender-agreement,Nominalgruppe regelbasiert angepasst; längere Pronomenbezüge/Satzkongruenz prüfen.,"Er aber verleugnete  [ihn ]und sagte : Weib , ich kenne ihn nicht .","Er aber verleugnete  [ihn ]und sagte : Frau , ich kenne ihn nicht ."
John.1.18,121,Schoß,spelling-context,Kontextabhängige Schreibung/modernes Homograph; unverändert prüfen.,"
        Niemand 
        hat 
        Gott 
        jemals 
        gesehen ; der eingeborene Sohn , der in  des Vaters Schoß ist , der hat  ihn kundgemacht .","
        Niemand 
        hat 
        Gott 
        jemals 
        gesehen ; der eingeborene Sohn , der in  des Vaters Schoß ist , der hat  ihn kundgemacht ."
John.2.4,79,Weib,gender-agreement,Nominalgruppe regelbasiert angepasst; längere Pronomenbezüge/Satzkongruenz prüfen.,"
        Jesus 
        spricht  zu ihr : Was  habe ich mit dir  zu schaffen , Weib ? Meine Stunde ist  noch nicht gekommen .","
        Jesus 
        spricht  zu ihr : Was  habe ich mit dir  zu schaffen , Frau ? Meine Stunde ist  noch nicht gekommen ."
John.4.7,14,Weib,gender-agreement,Nominalgruppe regelbasiert angepasst; längere Pronomenbezüge/Satzkongruenz prüfen.,"Da kommt  ein Weib aus Samaria , Wasser  zu schöpfen . Jesus spricht  zu ihr : Gib mir  zu trinken .","Da kommt  eine Frau aus Samaria , Wasser  zu schöpfen . Jesus spricht  zu ihr : Gib mir  zu trinken ."
John.4.9,17,Weib,gender-agreement,Nominalgruppe regelbasiert angepasst; längere Pronomenbezüge/Satzkongruenz prüfen.,"Das samaritische Weib spricht nun  zu ihm : Wie bittest du , der du ein Jude bist , von mir  zu trinken , die ich ein samaritisches Weib bin ? ( Denn  die Juden verkehren nicht  mit den Samaritern . ) ","Die samaritische Frau spricht nun  zu ihm : Wie bittest du , der du ein Jude bist , von mir  zu trinken , die ich eine samaritische Frau bin ? ( Denn  die Juden verkehren nicht  mit den Samaritern . ) "
John.4.9,132,Weib,gender-agreement,Nominalgruppe regelbasiert angepasst; längere Pronomenbezüge/Satzkongruenz prüfen.,"Das samaritische Weib spricht nun  zu ihm : Wie bittest du , der du ein Jude bist , von mir  zu trinken , die ich ein samaritisches Weib bin ? ( Denn  die Juden verkehren nicht  mit den Samaritern . ) ","Die samaritische Frau spricht nun  zu ihm : Wie bittest du , der du ein Jude bist , von mir  zu trinken , die ich eine samaritische Frau bin ? ( Denn  die Juden verkehren nicht  mit den Samaritern . ) "
John.4.11,4,Weib,gender-agreement,Nominalgruppe regelbasiert angepasst; längere Pronomenbezüge/Satzkongruenz prüfen.,"Das Weib spricht  zu ihm : Herr , du hast kein Schöpfgefäß , und  der Brunnen ist tief ; woher  hast du denn  das lebendige Wasser ?","Die Frau spricht  zu ihm : Herr , du hast kein Schöpfgefäß , und  der Brunnen ist tief ; woher  hast du denn  das lebendige Wasser ?"
John.4.15,4,Weib,gender-agreement,Nominalgruppe regelbasiert angepasst; längere Pronomenbezüge/Satzkongruenz prüfen.,"Das Weib spricht zu ihm : Herr , gib mir dieses Wasser , damit  mich nicht dürste  und ich nicht hierher komme , um zu schöpfen .","Die Frau spricht zu ihm : Herr , gib mir dieses Wasser , damit  mich nicht dürste  und ich nicht hierher komme , um zu schöpfen ."
John.4.17,4,Weib,gender-agreement,Nominalgruppe regelbasiert angepasst; längere Pronomenbezüge/Satzkongruenz prüfen.,Das Weib antwortete und sprach : Ich habe keinen Mann . Jesus spricht  zu ihr : Du hast recht gesagt : Ich habe keinen Mann ;,Die Frau antwortete und sprach : Ich habe keinen Mann . Jesus spricht  zu ihr : Du hast recht gesagt : Ich habe keinen Mann ;
John.4.19,4,Weib,gender-agreement,Nominalgruppe regelbasiert angepasst; längere Pronomenbezüge/Satzkongruenz prüfen.,"Das Weib spricht  zu ihm : Herr , ich sehe , daß du  ein Prophet bist .","Die Frau spricht  zu ihm : Herr , ich sehe , dass du  ein Prophet bist ."
John.4.21,42,Weib,gender-agreement,Nominalgruppe regelbasiert angepasst; längere Pronomenbezüge/Satzkongruenz prüfen.,"
        Jesus 
        spricht  zu ihr : Weib , glaube mir , es kommt  die Stunde , da  ihr weder auf diesem Berge , noch in Jerusalem  den Vater anbeten  werdet.","
        Jesus 
        spricht  zu ihr : Frau , glaube mir , es kommt  die Stunde , da  ihr weder auf diesem Berge , noch in Jerusalem  den Vater anbeten  werdet."
John.4.25,4,Weib,gender-agreement,Nominalgruppe regelbasiert angepasst; längere Pronomenbezüge/Satzkongruenz prüfen.,"Das Weib spricht  zu ihm : Ich weiß , daß  der Messias kommt , welcher Christus  genannt wird ; wenn jener kommt , wird er uns alles verkündigen .","Die Frau spricht  zu ihm : Ich weiß , dass  der Messias kommt , welcher Christus  genannt wird ; wenn jener kommt , wird er uns alles verkündigen ."
John.4.27,149,Weibe,gender-agreement,Nominalgruppe regelbasiert angepasst; längere Pronomenbezüge/Satzkongruenz prüfen.,"
        Und 
        über 
        diesem 
        kamen 
        seine 
        Jünger 
        und 
        verwunderten  sich, daß er mit  einem Weibe redete . Dennoch sagte niemand : Was  suchst du ? oder : Was  redest du mit ihr ?","
        Und 
        über 
        diesem 
        kamen 
        seine 
        Jünger 
        und 
        verwunderten  sich, dass er mit  einer Frau redete . Dennoch sagte niemand : Was  suchst du ? oder : Was  redest du mit ihr ?"
John.4.28,4,Weib,gender-agreement,Nominalgruppe regelbasiert angepasst; längere Pronomenbezüge/Satzkongruenz prüfen.,Das Weib nun ließ ihren Wasserkrug  stehen und  ging weg in  die Stadt und sagt  zu den Leuten :,Die Frau nun ließ ihren Wasserkrug  stehen und  ging weg in  die Stadt und sagt  zu den Leuten :
John.4.39,137,Weibes,gender-agreement,Nominalgruppe regelbasiert angepasst; längere Pronomenbezüge/Satzkongruenz prüfen.,"
        Aus 
        jener 
        Stadt 
        aber 
        glaubten 
        viele  von den Samaritern an ihn um  des Wortes  des Weibes willen , welches bezeugte : Er hat mir alles gesagt , was irgend  ich getan habe .","
        Aus 
        jener 
        Stadt 
        aber 
        glaubten 
        viele  von den Samaritern an ihn um  des Wortes  der Frau willen , welches bezeugte : Er hat mir alles gesagt , was irgend  ich getan habe ."
John.4.42,33,Weibe,gender-agreement,Nominalgruppe regelbasiert angepasst; längere Pronomenbezüge/Satzkongruenz prüfen.,"
        und  sie sagten  zu dem Weibe : Wir glauben nicht  mehr um deines Redens willen , denn  wir selbst  haben gehört und wissen , daß dieser wahrhaftig  der Heiland  der Welt ist .","
        und  sie sagten  zu der Frau : Wir glauben nicht  mehr um deines Redens willen , denn  wir selbst  haben gehört und wissen , dass dieser wahrhaftig  der Heiland  der Welt ist ."
John.8.3,58,Weib,gender-agreement,Nominalgruppe regelbasiert angepasst; längere Pronomenbezüge/Satzkongruenz prüfen.,"Die Schriftgelehrten und  die Pharisäer aber bringen  ein Weib  [zu ihm ], im Ehebruch ergriffen , und stellen sie in  die Mitte ","Die Schriftgelehrten und  die Pharisäer aber bringen  eine Frau  [zu ihm ], im Ehebruch ergriffen , und stellen sie in  die Mitte "
John.8.4,36,Weib,gender-agreement,Nominalgruppe regelbasiert angepasst; längere Pronomenbezüge/Satzkongruenz prüfen.,"und sagen  zu ihm : Lehrer , dieses Weib  ist im Ehebruch , auf der Tat selbst , ergriffen worden .","und sagen  zu ihm : Lehrer , diese Frau  ist im Ehebruch , auf der Tat selbst , ergriffen worden ."
John.8.9,165,Weibe,gender-agreement,Nominalgruppe regelbasiert angepasst; längere Pronomenbezüge/Satzkongruenz prüfen.,"Als sie aber  dies hörten , gingen  sie einer nach dem anderen hinaus , anfangend von  den Ältesten  bis zu  den Letzten ; und Jesus  wurde allein gelassen mit  dem Weibe in  der Mitte .","Als sie aber  dies hörten , gingen  sie einer nach dem anderen hinaus , anfangend von  den Ältesten  bis zu  den Letzten ; und Jesus  wurde allein gelassen mit  der Frau in  der Mitte ."
John.8.10,50,Weibe,gender-agreement,Nominalgruppe regelbasiert angepasst; längere Pronomenbezüge/Satzkongruenz prüfen.,"Als aber Jesus  sich aufrichtete  [und außer  dem Weibe niemand sah ], sprach er  zu ihr : Weib , wo sind jene  [, deine Verkläger ]? ? Hat niemand dich verurteilt ?","Als aber Jesus  sich aufrichtete  [und außer  der Frau niemand sah ], sprach er  zu ihr : Frau , wo sind jene  [, deine Verkläger ]? ? Hat niemand dich verurteilt ?"
John.8.10,91,Weib,gender-agreement,Nominalgruppe regelbasiert angepasst; längere Pronomenbezüge/Satzkongruenz prüfen.,"Als aber Jesus  sich aufrichtete  [und außer  dem Weibe niemand sah ], sprach er  zu ihr : Weib , wo sind jene  [, deine Verkläger ]? ? Hat niemand dich verurteilt ?","Als aber Jesus  sich aufrichtete  [und außer  der Frau niemand sah ], sprach er  zu ihr : Frau , wo sind jene  [, deine Verkläger ]? ? Hat niemand dich verurteilt ?"
John.16.21,4,Weib,gender-agreement,Nominalgruppe regelbasiert angepasst; längere Pronomenbezüge/Satzkongruenz prüfen.,"Das Weib , wenn  sie gebiert , hat Traurigkeit , weil ihre Stunde gekommen  ist; wenn  sie aber  das Kind geboren  hat, gedenkt  sie nicht mehr  der Drangsal , um  der Freude willen , daß  ein Mensch zur Welt geboren  ist.","Die Frau , wenn  sie gebiert , hat Traurigkeit , weil ihre Stunde gekommen  ist; wenn  sie aber  das Kind geboren  hat, gedenkt  sie nicht mehr  der Drangsal , um  der Freude willen , dass  ein Mensch zur Welt geboren  ist."
John.19.25,105,Weib,gender-agreement,Nominalgruppe regelbasiert angepasst; längere Pronomenbezüge/Satzkongruenz prüfen.,"Es standen aber bei  dem Kreuze Jesu seine Mutter und  die Schwester seiner Mutter , Maria , des Kleopas Weib , und Maria Magdalene .","Es standen aber bei  dem Kreuze Jesu seine Mutter und  die Schwester seiner Mutter , Maria , des Kleopas Frau , und Maria Magdalene ."
John.19.26,114,Weib,gender-agreement,Nominalgruppe regelbasiert angepasst; längere Pronomenbezüge/Satzkongruenz prüfen.,"Als nun Jesus  die Mutter sah und  den Jünger , welchen  er liebte , dabeistehen , spricht er  zu seiner Mutter : Weib , siehe , dein Sohn !","Als nun Jesus  die Mutter sah und  den Jünger , welchen  er liebte , dabeistehen , spricht er  zu seiner Mutter : Frau , siehe , dein Sohn !"
John.20.13,52,Weib,gender-agreement,Nominalgruppe regelbasiert angepasst; längere Pronomenbezüge/Satzkongruenz prüfen.,"
        Und 
        jene 
        sagen  zu ihr : Weib , was  weinst du ? Sie spricht  zu ihnen : Weil  sie meinen Herrn weggenommen , und  ich nicht weiß , wo  sie ihn  hingelegt haben .","
        Und 
        jene 
        sagen  zu ihr : Frau , was  weinst du ? Sie spricht  zu ihnen : Weil  sie meinen Herrn weggenommen , und  ich nicht weiß , wo  sie ihn  hingelegt haben ."
John.20.15,42,Weib,gender-agreement,Nominalgruppe regelbasiert angepasst; längere Pronomenbezüge/Satzkongruenz prüfen.,"
        Jesus 
        spricht  zu ihr : Weib , was weinst  du? Wen suchst  du? Sie , in der Meinung , es sei  der Gärtner , spricht  zu ihm : Herr , wenn du ihn weggetragen , so sage mir , wo  du ihn hingelegt  hast, und ich  werde ihn wegholen .","
        Jesus 
        spricht  zu ihr : Frau , was weinst  du? Wen suchst  du? Sie , in der Meinung , es sei  der Gärtner , spricht  zu ihm : Herr , wenn du ihn weggetragen , so sage mir , wo  du ihn hingelegt  hast, und ich  werde ihn wegholen ."
Acts.5.1,67,Weibe,gender-agreement,Nominalgruppe regelbasiert angepasst; längere Pronomenbezüge/Satzkongruenz prüfen.,"Ein gewisser Mann aber , mit Namen Ananias , mit Sapphira , seinem Weibe , verkaufte  ein Gut ","Ein gewisser Mann aber , mit Namen Ananias , mit Sapphira , seiner Frau , verkaufte  ein Gut "
Acts.5.2,85,Weib,gender-agreement,Nominalgruppe regelbasiert angepasst; längere Pronomenbezüge/Satzkongruenz prüfen.,"
        und 
        schaffte 
        von  dem Kaufpreis beiseite , wovon auch das Weib wußte ; und  er brachte  einen gewissen Teil  und legte ihn nieder zu  den Füßen  der Apostel .","
        und 
        schaffte 
        von  dem Kaufpreis beiseite , wovon auch die Frau wusste ; und  er brachte  einen gewissen Teil  und legte ihn nieder zu  den Füßen  der Apostel ."
Acts.5.7,63,Weib,gender-agreement,Nominalgruppe regelbasiert angepasst; längere Pronomenbezüge/Satzkongruenz prüfen.,"Es geschah aber nach Verlauf  von etwa drei Stunden , daß sein Weib hereinkam , ohne  zu wissen , was geschehen  war.","Es geschah aber nach Verlauf  von etwa drei Stunden , dass seine Frau hereinkam , ohne  zu wissen , was geschehen  war."
Acts.16.1,146,Weibes,gender-agreement,Nominalgruppe regelbasiert angepasst; längere Pronomenbezüge/Satzkongruenz prüfen.,"Er gelangte aber nach Derbe und Lystra . Und siehe , daselbst war  ein gewisser Jünger , mit Namen Timotheus , der Sohn eines jüdischen gläubigen Weibes , aber  eines griechischen Vaters ;","Er gelangte aber nach Derbe und Lystra . Und siehe , daselbst war  ein gewisser Jünger , mit Namen Timotheus , der Sohn einer jüdischen gläubigen Frau , aber  eines griechischen Vaters ;"
Acts.16.14,27,Weib,gender-agreement,Nominalgruppe regelbasiert angepasst; längere Pronomenbezüge/Satzkongruenz prüfen.,"
        Und  ein gewisses Weib , mit Namen Lydia , eine Purpurkrämerin  aus der Stadt Thyatira , welche Gott anbetete , hörte  zu, deren Herz  der Herr auftat , daß sie achtgab  auf das, was von Paulus geredet  wurde.","
        Und  eine gewisse Frau , mit Namen Lydia , eine Purpurkrämerin  aus der Stadt Thyatira , welche Gott anbetete , hörte  zu, deren Herz  der Herr auftat , dass sie achtgab  auf das, was von Paulus geredet  wurde."
Acts.17.15,137,sobald,spelling-context,Kontextabhängige Schreibung/modernes Homograph; unverändert prüfen.,"Die aber  den Paulus geleiteten , brachten ihn  bis nach Athen ; und  als sie für Silas und Timotheus Befehl empfangen  hatten, daß  sie sobald wie möglich zu ihm kommen  sollten, reisten sie ab .","Die aber  den Paulus geleiteten , brachten ihn  bis nach Athen ; und  als sie für Silas und Timotheus Befehl empfangen  hatten, dass  sie sobald wie möglich zu ihm kommen  sollten, reisten sie ab ."
Acts.17.34,146,Weib,gender-agreement,Nominalgruppe regelbasiert angepasst; längere Pronomenbezüge/Satzkongruenz prüfen.,"
        Etliche 
        Männer 
        aber  schlossen sich ihm an  und glaubten , unter welchen auch Dionysius  war, der Areopagit , und  ein Weib , mit Namen Damaris , und andere mit ihnen .","
        Etliche 
        Männer 
        aber  schlossen sich ihm an  und glaubten , unter welchen auch Dionysius  war, der Areopagit , und  eine Frau , mit Namen Damaris , und andere mit ihnen ."
Acts.18.2,151,Weib,gender-agreement,Nominalgruppe regelbasiert angepasst; längere Pronomenbezüge/Satzkongruenz prüfen.,"
        Und  als er einen gewissen Juden fand , mit Namen Aquila , aus Pontus gebürtig , der kürzlich aus Italien gekommen  war, und Priscilla , sein Weib , ( weil Klaudius befohlen  hatte, daß alle Juden sich aus Rom entfernen  sollten ) ging er zu ihnen ,","
        Und  als er einen gewissen Juden fand , mit Namen Aquila , aus Pontus gebürtig , der kürzlich aus Italien gekommen  war, und Priscilla , seine Frau , ( weil Klaudius befohlen  hatte, dass alle Juden sich aus Rom entfernen  sollten ) ging er zu ihnen ,"
Acts.24.24,129,Weibe,gender-agreement,Nominalgruppe regelbasiert angepasst; längere Pronomenbezüge/Satzkongruenz prüfen.,"
        Nach 
        etlichen 
        Tagen 
        aber 
        kam 
        Felix 
        mit 
        Drusilla , seinem Weibe , die eine Jüdin war , herbei  und ließ  den Paulus holen und hörte ihn über  den Glauben an Christum .","
        Nach 
        etlichen 
        Tagen 
        aber 
        kam 
        Felix 
        mit 
        Drusilla , seiner Frau , die eine Jüdin war , herbei  und ließ  den Paulus holen und hörte ihn über  den Glauben an Christum ."
Rom.1.15,26,soviel,spelling-context,Kontextabhängige Schreibung/modernes Homograph; unverändert prüfen.,"
        Ebenso  bin ich, soviel  an mir ist , bereitwillig , auch euch , die ihr in Rom  seid, das Evangelium zu verkündigen .","
        Ebenso  bin ich, soviel  an mir ist , bereitwillig , auch euch , die ihr in Rom  seid, das Evangelium zu verkündigen ."
Rom.1.27,94,Weibes,gender-agreement,Nominalgruppe regelbasiert angepasst; längere Pronomenbezüge/Satzkongruenz prüfen.,"
        als 
        auch 
        gleicherweise  die Männer , den natürlichen Gebrauch  des Weibes verlassend , in ihrer Wollust zueinander entbrannt  sind, indem sie Männer mit Männern Schande trieben und  den gebührenden Lohn ihrer Verirrung an  sich selbst empfingen .","
        als 
        auch 
        gleicherweise  die Männer , den natürlichen Gebrauch  der Frau verlassend , in ihrer Wollust zueinander entbrannt  sind, indem sie Männer mit Männern Schande trieben und  den gebührenden Lohn ihrer Verirrung an  sich selbst empfingen ."
Rom.7.2,32,Weib,gender-agreement,Nominalgruppe regelbasiert angepasst; längere Pronomenbezüge/Satzkongruenz prüfen.,"
        Denn  das verheiratete Weib  ist durchs Gesetz  an den Mann gebunden , solange er lebt ; wenn aber  der Mann gestorben  ist, so ist sie losgemacht von  dem Gesetz  des Mannes .","
        Denn  die verheiratete Frau  ist durchs Gesetz  an den Mann gebunden , solange er lebt ; wenn aber  der Mann gestorben  ist, so ist sie losgemacht von  dem Gesetz  des Mannes ."
1Cor.5.1,171,Weib,gender-agreement,Nominalgruppe regelbasiert angepasst; längere Pronomenbezüge/Satzkongruenz prüfen.,"
        Überhaupt 
        hört  man, daß Hurerei unter euch  sei, und  eine solche Hurerei , die selbst unter  den Nationen nicht stattfindet : daß einer  seines Vaters Weib habe .","
        Überhaupt 
        hört  man, dass Hurerei unter euch  sei, und  eine solche Hurerei , die selbst unter  den Nationen nicht stattfindet : dass einer  seines Vaters Frau habe ."
1Cor.7.1,100,Weib,gender-agreement,Nominalgruppe regelbasiert angepasst; längere Pronomenbezüge/Satzkongruenz prüfen.,"Was aber  das betrifft , wovon  ihr mir geschrieben  habt, so ist es gut  für einen Menschen , kein Weib  zu berühren .","Was aber  das betrifft , wovon  ihr mir geschrieben  habt, so ist es gut  für einen Menschen , keine Frau  zu berühren ."
1Cor.7.2,76,Weib,gender-agreement,Nominalgruppe regelbasiert angepasst; längere Pronomenbezüge/Satzkongruenz prüfen.,"
        Aber 
        um  der Hurerei willen habe  ein jeder  sein eigenes Weib , und  eine jede habe  ihren eigenen Mann .","
        Aber 
        um  der Hurerei willen habe  ein jeder  seine eigene Frau , und  eine jede habe  ihren eigenen Mann ."
1Cor.7.3,21,Weibe,gender-agreement,Nominalgruppe regelbasiert angepasst; längere Pronomenbezüge/Satzkongruenz prüfen.,"Der Mann leiste  dem Weibe  die eheliche Pflicht , gleicherweise aber auch  das Weib  dem Manne .","Der Mann leiste  der Frau  die eheliche Pflicht , gleicherweise aber auch  die Frau  dem Manne ."
1Cor.7.3,80,Weib,gender-agreement,Nominalgruppe regelbasiert angepasst; längere Pronomenbezüge/Satzkongruenz prüfen.,"Der Mann leiste  dem Weibe  die eheliche Pflicht , gleicherweise aber auch  das Weib  dem Manne .","Der Mann leiste  der Frau  die eheliche Pflicht , gleicherweise aber auch  die Frau  dem Manne ."
1Cor.7.4,4,Weib,gender-agreement,Nominalgruppe regelbasiert angepasst; längere Pronomenbezüge/Satzkongruenz prüfen.,"Das Weib hat nicht Macht  über ihren eigenen Leib , sondern  der Mann ; gleicherweise aber hat auch  der Mann nicht Macht  über seinen eigenen Leib , sondern  das Weib .","Die Frau hat nicht Macht  über ihren eigenen Leib , sondern  der Mann ; gleicherweise aber hat auch  der Mann nicht Macht  über seinen eigenen Leib , sondern  die Frau ."
1Cor.7.4,163,Weib,gender-agreement,Nominalgruppe regelbasiert angepasst; längere Pronomenbezüge/Satzkongruenz prüfen.,"Das Weib hat nicht Macht  über ihren eigenen Leib , sondern  der Mann ; gleicherweise aber hat auch  der Mann nicht Macht  über seinen eigenen Leib , sondern  das Weib .","Die Frau hat nicht Macht  über ihren eigenen Leib , sondern  der Mann ; gleicherweise aber hat auch  der Mann nicht Macht  über seinen eigenen Leib , sondern  die Frau ."
1Cor.7.10,71,Weib,gender-agreement,Nominalgruppe regelbasiert angepasst; längere Pronomenbezüge/Satzkongruenz prüfen.,"Den Verheirateten aber gebiete nicht ich , sondern  der Herr , daß ein Weib nicht vom Manne geschieden  werde,","Den Verheirateten aber gebiete nicht ich , sondern  der Herr , dass eine Frau nicht vom Manne geschieden  werde,"
1Cor.7.11,132,Weib,gender-agreement,Nominalgruppe regelbasiert angepasst; längere Pronomenbezüge/Satzkongruenz prüfen.,"( wenn  sie aber auch geschieden  ist, so bleibe  sie unverheiratet , oder  versöhne sich  mit dem Manne  ) und  daß ein Mann  sein Weib nicht entlasse .","( wenn  sie aber auch geschieden  ist, so bleibe  sie unverheiratet , oder  versöhne sich  mit dem Manne  ) und  dass ein Mann  seine Frau nicht entlasse ."
1Cor.7.12,79,Weib,gender-agreement,Nominalgruppe regelbasiert angepasst; längere Pronomenbezüge/Satzkongruenz prüfen.,"Den übrigen aber sage ich , nicht  der Herr : Wenn ein Bruder  ein ungläubiges Weib hat , und sie  willigt ein , bei ihm  zu wohnen , so entlasse  er sie nicht .","Den übrigen aber sage ich , nicht  der Herr : Wenn ein Bruder  eine ungläubige Frau hat , und sie  willigt ein , bei ihm  zu wohnen , so entlasse  er sie nicht ."
1Cor.7.13,18,Weib,gender-agreement,Nominalgruppe regelbasiert angepasst; längere Pronomenbezüge/Satzkongruenz prüfen.,"
        Und  ein Weib , das  einen ungläubigen Mann hat , und er  willigt ein , bei ihr  zu wohnen , so entlasse sie  den Mann nicht .","
        Und  eine Frau , die  einen ungläubigen Mann hat , und er  willigt ein , bei ihr  zu wohnen , so entlasse sie  den Mann nicht ."
1Cor.7.14,61,Weib,gender-agreement,Nominalgruppe regelbasiert angepasst; längere Pronomenbezüge/Satzkongruenz prüfen.,"
        Denn  der ungläubige Mann  ist geheiligt durch  das Weib , und  das ungläubige Weib  ist geheiligt durch  den Bruder ; sonst wären ja eure Kinder unrein , nun aber sind  sie heilig .","
        Denn  der ungläubige Mann  ist geheiligt durch  die Frau , und  die ungläubige Frau  ist geheiligt durch  den Bruder ; sonst wären ja eure Kinder unrein , nun aber sind  sie heilig ."
1Cor.7.14,88,Weib,gender-agreement,Nominalgruppe regelbasiert angepasst; längere Pronomenbezüge/Satzkongruenz prüfen.,"
        Denn  der ungläubige Mann  ist geheiligt durch  das Weib , und  das ungläubige Weib  ist geheiligt durch  den Bruder ; sonst wären ja eure Kinder unrein , nun aber sind  sie heilig .","
        Denn  der ungläubige Mann  ist geheiligt durch  die Frau , und  die ungläubige Frau  ist geheiligt durch  den Bruder ; sonst wären ja eure Kinder unrein , nun aber sind  sie heilig ."
1Cor.7.16,47,Weib,gender-agreement,Nominalgruppe regelbasiert angepasst; längere Pronomenbezüge/Satzkongruenz prüfen.,"
        Denn 
        was 
        weißt  du, Weib , ob  du den Mann erretten  wirst? Oder was weißt  du, Mann , ob  du das Weib erretten  wirst?","
        Denn 
        was 
        weißt  du, Frau , ob  du den Mann erretten  wirst? Oder was weißt  du, Mann , ob  du die Frau erretten  wirst?"
1Cor.7.16,125,Weib,gender-agreement,Nominalgruppe regelbasiert angepasst; längere Pronomenbezüge/Satzkongruenz prüfen.,"
        Denn 
        was 
        weißt  du, Weib , ob  du den Mann erretten  wirst? Oder was weißt  du, Mann , ob  du das Weib erretten  wirst?","
        Denn 
        was 
        weißt  du, Frau , ob  du den Mann erretten  wirst? Oder was weißt  du, Mann , ob  du die Frau erretten  wirst?"
1Cor.7.27,16,Weib,gender-agreement,Nominalgruppe regelbasiert angepasst; längere Pronomenbezüge/Satzkongruenz prüfen.,"Bist du an  ein Weib gebunden , so suche nicht  los zu werden ; bist du frei von  einem Weibe , so suche kein Weib .","Bist du an  eine Frau gebunden , so suche nicht  los zu werden ; bist du frei von  einer Frau , so suche keine Frau ."
1Cor.7.27,88,Weibe,gender-agreement,Nominalgruppe regelbasiert angepasst; längere Pronomenbezüge/Satzkongruenz prüfen.,"Bist du an  ein Weib gebunden , so suche nicht  los zu werden ; bist du frei von  einem Weibe , so suche kein Weib .","Bist du an  eine Frau gebunden , so suche nicht  los zu werden ; bist du frei von  einer Frau , so suche keine Frau ."
1Cor.7.27,110,Weib,gender-agreement,Nominalgruppe regelbasiert angepasst; längere Pronomenbezüge/Satzkongruenz prüfen.,"Bist du an  ein Weib gebunden , so suche nicht  los zu werden ; bist du frei von  einem Weibe , so suche kein Weib .","Bist du an  eine Frau gebunden , so suche nicht  los zu werden ; bist du frei von  einer Frau , so suche keine Frau ."
1Cor.7.33,73,Weibe,gender-agreement,Nominalgruppe regelbasiert angepasst; längere Pronomenbezüge/Satzkongruenz prüfen.,"der Verheiratete aber ist  für die Dinge  der Welt besorgt , wie  er dem Weibe gefallen  möge.","der Verheiratete aber ist  für die Dinge  der Welt besorgt , wie  er der Frau gefallen  möge."
1Cor.7.34,37,Weibe,gender-agreement,Nominalgruppe regelbasiert angepasst; längere Pronomenbezüge/Satzkongruenz prüfen.,"Es ist ein Unterschied zwischen  dem Weibe und  der Jungfrau . Die Unverheiratete ist  für die Dinge  des Herrn besorgt , auf daß  sie heilig sei , sowohl  an Leib als Geist ; die Verheiratete aber ist  für die Dinge  der Welt besorgt , wie  sie dem Manne gefallen  möge.","Es ist ein Unterschied zwischen  der Frau und  der Jungfrau . Die Unverheiratete ist  für die Dinge  des Herrn besorgt , auf dass  sie heilig sei , sowohl  an Leib als Geist ; die Verheiratete aber ist  für die Dinge  der Welt besorgt , wie  sie dem Manne gefallen  möge."
1Cor.7.39,4,Weib,gender-agreement,Nominalgruppe regelbasiert angepasst; längere Pronomenbezüge/Satzkongruenz prüfen.,"Ein Weib  ist gebunden , so lange Zeit  ihr Mann lebt ; wenn aber der Mann entschlafen  ist, so ist  sie frei , sich zu verheiraten , an wen  sie will , nur im Herrn .","Eine Frau  ist gebunden , so lange Zeit  ihr Mann lebt ; wenn aber der Mann entschlafen  ist, so ist  sie frei , sich zu verheiraten , an wen  sie will , nur im Herrn ."
1Cor.9.5,64,Weib,gender-agreement,Nominalgruppe regelbasiert angepasst; längere Pronomenbezüge/Satzkongruenz prüfen.,"
        Haben  wir etwa nicht  ein Recht , eine Schwester  als Weib umherzuführen , wie auch  die übrigen Apostel und  die Brüder  des Herrn und Kephas ?","
        Haben  wir etwa nicht  ein Recht , eine Schwester  als Frau umherzuführen , wie auch  die übrigen Apostel und  die Brüder  des Herrn und Kephas ?"
1Cor.11.3,92,Weibes,gender-agreement,Nominalgruppe regelbasiert angepasst; längere Pronomenbezüge/Satzkongruenz prüfen.,"Ich will aber , daß ihr wisset , daß  der Christus  das Haupt  eines jeden Mannes ist , des Weibes Haupt aber  der Mann , des Christus Haupt aber Gott .","Ich will aber , dass ihr wisset , dass  der Christus  das Haupt  eines jeden Mannes ist , der Frau Haupt aber  der Mann , des Christus Haupt aber Gott ."
1Cor.11.5,24,Weib,gender-agreement,Nominalgruppe regelbasiert angepasst; längere Pronomenbezüge/Satzkongruenz prüfen.,"
        Jedes 
        Weib 
        aber , das betet oder weissagt  mit unbedecktem Haupte , entehrt ihr Haupt ; denn  es ist ein und dasselbe , wie wenn sie geschoren  wäre.","
        Jede 
        Frau 
        aber , das betet oder weissagt  mit unbedecktem Haupte , entehrt ihr Haupt ; denn  es ist ein und dasselbe , wie wenn sie geschoren  wäre."
1Cor.11.6,33,Weib,gender-agreement,Nominalgruppe regelbasiert angepasst; längere Pronomenbezüge/Satzkongruenz prüfen.,"
        Denn 
        wenn  ein Weib nicht bedeckt  ist, so werde  ihr auch  das Haar abgeschnitten ; wenn  es aber  für ein Weib schändlich  ist, daß ihr das Haar abgeschnitten oder  sie geschoren  werde, so laß sie sich bedecken .","
        Denn 
        wenn  eine Frau nicht bedeckt  ist, so werde  ihr auch  das Haar abgeschnitten ; wenn  es aber  für eine Frau schändlich  ist, dass ihr das Haar abgeschnitten oder  sie geschoren  werde, so lass sie sich bedecken ."
1Cor.11.6,126,Weib,gender-agreement,Nominalgruppe regelbasiert angepasst; längere Pronomenbezüge/Satzkongruenz prüfen.,"
        Denn 
        wenn  ein Weib nicht bedeckt  ist, so werde  ihr auch  das Haar abgeschnitten ; wenn  es aber  für ein Weib schändlich  ist, daß ihr das Haar abgeschnitten oder  sie geschoren  werde, so laß sie sich bedecken .","
        Denn 
        wenn  eine Frau nicht bedeckt  ist, so werde  ihr auch  das Haar abgeschnitten ; wenn  es aber  für eine Frau schändlich  ist, dass ihr das Haar abgeschnitten oder  sie geschoren  werde, so lass sie sich bedecken ."
1Cor.11.7,111,Weib,gender-agreement,Nominalgruppe regelbasiert angepasst; längere Pronomenbezüge/Satzkongruenz prüfen.,"
        Denn  der Mann freilich soll nicht  das Haupt bedecken , da er Gottes Bild und Herrlichkeit ist ; das Weib aber ist  des Mannes Herrlichkeit .","
        Denn  der Mann freilich soll nicht  das Haupt bedecken , da er Gottes Bild und Herrlichkeit ist ; die Frau aber ist  des Mannes Herrlichkeit ."
1Cor.11.8,38,Weibe,gender-agreement,Nominalgruppe regelbasiert angepasst; längere Pronomenbezüge/Satzkongruenz prüfen.,"
        Denn  der Mann ist nicht vom Weibe , sondern  das Weib vom Manne ;","
        Denn  der Mann ist nicht von der Frau , sondern  die Frau vom Manne ;"
1Cor.11.8,59,Weib,gender-agreement,Nominalgruppe regelbasiert angepasst; längere Pronomenbezüge/Satzkongruenz prüfen.,"
        Denn  der Mann ist nicht vom Weibe , sondern  das Weib vom Manne ;","
        Denn  der Mann ist nicht von der Frau , sondern  die Frau vom Manne ;"
1Cor.11.9,49,Weibes,gender-agreement,Nominalgruppe regelbasiert angepasst; längere Pronomenbezüge/Satzkongruenz prüfen.,"
        denn  der Mann wurde auch nicht um  des Weibes willen geschaffen , sondern  das Weib um  des Mannes willen .","
        denn  der Mann wurde auch nicht um  der Frau willen geschaffen , sondern  die Frau um  des Mannes willen ."
1Cor.11.9,89,Weib,gender-agreement,Nominalgruppe regelbasiert angepasst; längere Pronomenbezüge/Satzkongruenz prüfen.,"
        denn  der Mann wurde auch nicht um  des Weibes willen geschaffen , sondern  das Weib um  des Mannes willen .","
        denn  der Mann wurde auch nicht um  der Frau willen geschaffen , sondern  die Frau um  des Mannes willen ."
1Cor.11.10,34,Weib,gender-agreement,Nominalgruppe regelbasiert angepasst; längere Pronomenbezüge/Satzkongruenz prüfen.,"
        Darum 
        soll  das Weib  eine Macht auf  dem Haupte haben , um  der Engel willen .","
        Darum 
        soll  die Frau  eine Macht auf  dem Haupte haben , um  der Engel willen ."
1Cor.11.11,33,Weib,gender-agreement,Nominalgruppe regelbasiert angepasst; längere Pronomenbezüge/Satzkongruenz prüfen.,"
        Dennoch  ist weder  das Weib ohne  den Mann , noch  der Mann ohne  das Weib im Herrn .","
        Dennoch  ist weder  die Frau ohne  den Mann , noch  der Mann ohne  die Frau im Herrn ."
1Cor.11.11,80,Weib,gender-agreement,Nominalgruppe regelbasiert angepasst; längere Pronomenbezüge/Satzkongruenz prüfen.,"
        Dennoch  ist weder  das Weib ohne  den Mann , noch  der Mann ohne  das Weib im Herrn .","
        Dennoch  ist weder  die Frau ohne  den Mann , noch  der Mann ohne  die Frau im Herrn ."
1Cor.11.12,38,Weib,gender-agreement,Nominalgruppe regelbasiert angepasst; längere Pronomenbezüge/Satzkongruenz prüfen.,"
        Denn 
        gleichwie  das Weib vom Manne  ist, also  ist auch  der Mann durch  das Weib ; alles aber von Gott .","
        Denn 
        gleichwie  die Frau vom Manne  ist, also  ist auch  der Mann durch  die Frau ; alles aber von Gott ."
1Cor.11.12,95,Weib,gender-agreement,Nominalgruppe regelbasiert angepasst; längere Pronomenbezüge/Satzkongruenz prüfen.,"
        Denn 
        gleichwie  das Weib vom Manne  ist, also  ist auch  der Mann durch  das Weib ; alles aber von Gott .","
        Denn 
        gleichwie  die Frau vom Manne  ist, also  ist auch  der Mann durch  die Frau ; alles aber von Gott ."
1Cor.11.13,91,Weib,gender-agreement,Nominalgruppe regelbasiert angepasst; längere Pronomenbezüge/Satzkongruenz prüfen.,"
        Urteilet 
        bei 
        euch 
        selbst : Ist  es anständig , daß ein Weib unbedeckt  zu Gott bete ?","
        Urteilet 
        bei 
        euch 
        selbst : Ist  es anständig , dass eine Frau unbedeckt  zu Gott bete ?"
1Cor.11.15,33,Weib,gender-agreement,Nominalgruppe regelbasiert angepasst; längere Pronomenbezüge/Satzkongruenz prüfen.,"
        wenn 
        aber  ein Weib  langes Haar  hat, es eine Ehre  für sie ist ? weil  das Haar ihr anstatt  eines Schleiers gegeben  ist.","
        wenn 
        aber  eine Frau  langes Haar  hat, es eine Ehre  für sie ist ? weil  das Haar ihr anstatt  eines Schleiers gegeben  ist."
1Cor.11.34,124,sobald,spelling-context,Kontextabhängige Schreibung/modernes Homograph; unverändert prüfen.,"Wenn jemand hungert , der esse daheim , auf daß ihr nicht zum Gericht zusammenkommet . Das übrige aber  will ich anordnen , sobald  ich komme .","Wenn jemand hungert , der esse daheim , auf dass ihr nicht zum Gericht zusammenkommet . Das übrige aber  will ich anordnen , sobald  ich komme ."
1Cor.14.35,131,Weib,gender-agreement,Nominalgruppe regelbasiert angepasst; längere Pronomenbezüge/Satzkongruenz prüfen.,"
        Wenn  sie aber etwas lernen wollen , so sollen  sie daheim  ihre eigenen Männer fragen ; denn  es ist schändlich  für ein Weib , in  der Versammlung  zu reden .","
        Wenn  sie aber etwas lernen wollen , so sollen  sie daheim  ihre eigenen Männer fragen ; denn  es ist schändlich  für eine Frau , in  der Versammlung  zu reden ."
Gal.3.28,89,Weib,gender-agreement,Nominalgruppe regelbasiert angepasst; längere Pronomenbezüge/Satzkongruenz prüfen.,"Da ist nicht Jude noch Grieche , da ist nicht Sklave noch Freier , da ist nicht Mann und Weib ; denn ihr alle seid einer in Christo Jesu .","Da ist nicht Jude noch Grieche , da ist nicht Sklave noch Freier , da ist nicht Mann und Frau ; denn ihr alle seid einer in Christo Jesu ."
Gal.4.4,108,Weibe,gender-agreement,Nominalgruppe regelbasiert angepasst; längere Pronomenbezüge/Satzkongruenz prüfen.,"
        als 
        aber  die Fülle  der Zeit gekommen  war, sandte Gott seinen Sohn , geboren von  einem Weibe , geboren unter Gesetz ,","
        als 
        aber  die Fülle  der Zeit gekommen  war, sandte Gott seinen Sohn , geboren von  einer Frau , geboren unter Gesetz ,"
Eph.5.23,44,Weibes,gender-agreement,Nominalgruppe regelbasiert angepasst; längere Pronomenbezüge/Satzkongruenz prüfen.,"
        Denn  der Mann ist  das Haupt  des Weibes , wie auch  der Christus  das Haupt  der Versammlung  ist; er ist  des Leibes Heiland .","
        Denn  der Mann ist  das Haupt  der Frau , wie auch  der Christus  das Haupt  der Versammlung  ist; er ist  des Leibes Heiland ."
Eph.5.28,115,Weib,gender-agreement,Nominalgruppe regelbasiert angepasst; längere Pronomenbezüge/Satzkongruenz prüfen.,"
        Also 
        sind  auch die Männer schuldig , ihre Weiber  zu lieben wie  ihre eigenen Leiber . Wer sein Weib liebt , liebt  sich selbst .","
        Also 
        sind  auch die Männer schuldig , ihre Frauen  zu lieben wie  ihre eigenen Leiber . Wer seine Frau liebt , liebt  sich selbst ."
Eph.5.31,80,Weibe,gender-agreement,Nominalgruppe regelbasiert angepasst; längere Pronomenbezüge/Satzkongruenz prüfen.,""" Deswegen wird  ein Mensch seinen Vater und  seine Mutter verlassen und seinem Weibe anhangen , und  die zwei werden ein Fleisch sein  "".",""" Deswegen wird  ein Mensch seinen Vater und  seine Mutter verlassen und seiner Frau anhangen , und  die zwei werden ein Fleisch sein  ""."
Eph.5.33,64,Weib,gender-agreement,Nominalgruppe regelbasiert angepasst; längere Pronomenbezüge/Satzkongruenz prüfen.,"
        Doch 
        auch  ihr, ein jeder von euch liebe sein Weib also wie  sich selbst ; das Weib aber , daß  sie den Mann fürchte .","
        Doch 
        auch  ihr, ein jeder von euch liebe seine Frau also wie  sich selbst ; die Frau aber , dass  sie den Mann fürchte ."
Eph.5.33,97,Weib,gender-agreement,Nominalgruppe regelbasiert angepasst; längere Pronomenbezüge/Satzkongruenz prüfen.,"
        Doch 
        auch  ihr, ein jeder von euch liebe sein Weib also wie  sich selbst ; das Weib aber , daß  sie den Mann fürchte .","
        Doch 
        auch  ihr, ein jeder von euch liebe seine Frau also wie  sich selbst ; die Frau aber , dass  sie den Mann fürchte ."
1Tim.2.11,4,Weib,gender-agreement,Nominalgruppe regelbasiert angepasst; längere Pronomenbezüge/Satzkongruenz prüfen.,Ein Weib lerne in  der Stille in aller Unterwürfigkeit .,Eine Frau lerne in  der Stille in aller Unterwürfigkeit .
1Tim.2.12,24,Weibe,gender-agreement,Nominalgruppe regelbasiert angepasst; längere Pronomenbezüge/Satzkongruenz prüfen.,"Ich erlaube aber  einem Weibe nicht , zu lehren , noch über  den Mann  zu herrschen , sondern still  zu sein ,","Ich erlaube aber  einer Frau nicht , zu lehren , noch über  den Mann  zu herrschen , sondern still  zu sein ,"
1Tim.2.14,81,Weib,gender-agreement,Nominalgruppe regelbasiert angepasst; längere Pronomenbezüge/Satzkongruenz prüfen.,"
        und 
        Adam 
        wurde 
        nicht 
        betrogen , das Weib aber  wurde betrogen  und fiel in Übertretung .","
        und 
        Adam 
        wurde 
        nicht 
        betrogen , die Frau aber  wurde betrogen  und fiel in Übertretung ."
1Tim.3.2,44,Weibes,gender-agreement,Nominalgruppe regelbasiert angepasst; längere Pronomenbezüge/Satzkongruenz prüfen.,"Der Aufseher nun muß untadelig sein , eines Weibes Mann , nüchtern , besonnen , sittsam , gastfrei , lehrfähig ;","Der Aufseher nun muss untadelig sein , einer Frau Mann , nüchtern , besonnen , sittsam , gastfrei , lehrfähig ;"
1Tim.3.12,23,Weibes,gender-agreement,Nominalgruppe regelbasiert angepasst; längere Pronomenbezüge/Satzkongruenz prüfen.,"Die Diener seien eines Weibes Mann , die ihren Kindern und  den eigenen Häusern wohl vorstehen ;","Die Diener seien einer Frau Mann , die ihren Kindern und  den eigenen Häusern wohl vorstehen ;"
1Tim.5.9,98,Weib,gender-agreement,Nominalgruppe regelbasiert angepasst; längere Pronomenbezüge/Satzkongruenz prüfen.,"Eine Witwe  werde verzeichnet , wenn sie nicht  weniger als sechzig  Jahre alt  ist, eines Mannes Weib war ,","Eine Witwe  werde verzeichnet , wenn sie nicht  weniger als sechzig  Jahre alt  ist, eines Mannes Frau war ,"
Titus.1.6,34,Weibes,gender-agreement,Nominalgruppe regelbasiert angepasst; längere Pronomenbezüge/Satzkongruenz prüfen.,"Wenn jemand untadelig ist , eines Weibes Mann , der gläubige Kinder hat , die nicht  eines ausschweifenden  Lebens beschuldigt oder zügellos  sind.","Wenn jemand untadelig ist , einer Frau Mann , der gläubige Kinder hat , die nicht  eines ausschweifenden  Lebens beschuldigt oder zügellos  sind."
Rev.2.20,49,Weib,gender-agreement,Nominalgruppe regelbasiert angepasst; längere Pronomenbezüge/Satzkongruenz prüfen.,"
        Aber  ich habe wider dich , daß  du das Weib Jesabel duldest , welche sich  eine Prophetin nennt , und sie lehrt und verführt meine Knechte , Hurerei zu treiben und Götzenopfer  zu essen .","
        Aber  ich habe wider dich , dass  du die Frau Jesabel duldest , welche sich  eine Prophetin nennt , und sie lehrt und verführt meine Knechte , Hurerei zu treiben und Götzenopfer  zu essen ."
Rev.12.1,63,Weib,gender-agreement,Nominalgruppe regelbasiert angepasst; längere Pronomenbezüge/Satzkongruenz prüfen.,"
        Und  ein großes Zeichen erschien in  dem Himmel : Ein Weib bekleidet  mit der Sonne , und  der Mond  war unter ihren Füßen , und auf ihrem Haupte  eine Krone  von zwölf Sternen .","
        Und  ein großes Zeichen erschien in  dem Himmel : Eine Frau bekleidet  mit der Sonne , und  der Mond  war unter ihren Füßen , und auf ihrem Haupte  eine Krone  von zwölf Sternen ."
Rev.12.4,183,Weibe,gender-agreement,Nominalgruppe regelbasiert angepasst; längere Pronomenbezüge/Satzkongruenz prüfen.,"
        und 
        sein 
        Schwanz 
        zieht  den dritten  Teil der Sterne  des Himmels  mit sich fort ; und  er warf sie auf  die Erde . Und  der Drache stand vor  dem Weibe , das  im Begriff war  zu gebären , auf daß  er, wenn  sie geboren  hätte, ihr Kind verschlänge .","
        und 
        sein 
        Schwanz 
        zieht  den dritten  Teil der Sterne  des Himmels  mit sich fort ; und  er warf sie auf  die Erde . Und  der Drache stand vor  der Frau , die  im Begriff war  zu gebären , auf dass  er, wenn  sie geboren  hätte, ihr Kind verschlänge ."
Rev.12.6,18,Weib,gender-agreement,Nominalgruppe regelbasiert angepasst; längere Pronomenbezüge/Satzkongruenz prüfen.,"
        Und  das Weib floh in  die Wüste , woselbst  sie eine von Gott bereitete Stätte hat , auf daß  man sie daselbst ernähre 1260  Tage .","
        Und  die Frau floh in  die Wüste , woselbst  sie eine von Gott bereitete Stätte hat , auf dass  man sie daselbst ernähre 1260  Tage ."
Rev.12.13,99,Weib,gender-agreement,Nominalgruppe regelbasiert angepasst; längere Pronomenbezüge/Satzkongruenz prüfen.,"
        Und 
        als  der Drache sah , daß  er auf  die Erde geworfen  war, verfolgte  er das Weib , welches  das männliche  Kind geboren  hatte.","
        Und 
        als  der Drache sah , dass  er auf  die Erde geworfen  war, verfolgte  er die Frau , welche  das männliche  Kind geboren  hatte."
Rev.12.14,29,Weibe,gender-agreement,Nominalgruppe regelbasiert angepasst; längere Pronomenbezüge/Satzkongruenz prüfen.,"
        Und  es wurden  dem Weibe  die zwei Flügel  des großen Adlers gegeben , auf daß  sie in  die Wüste fliege , an ihre Stätte , woselbst  sie ernährt  wird eine Zeit und Zeiten und  eine halbe Zeit , fern von  dem Angesicht  der Schlange .","
        Und  es wurden  der Frau  die zwei Flügel  des großen Adlers gegeben , auf dass  sie in  die Wüste fliege , an ihre Stätte , woselbst  sie ernährt  wird eine Zeit und Zeiten und  eine halbe Zeit , fern von  dem Angesicht  der Schlange ."
Rev.12.15,88,Weibe,gender-agreement,Nominalgruppe regelbasiert angepasst; längere Pronomenbezüge/Satzkongruenz prüfen.,"
        Und  die Schlange warf aus ihrem Munde Wasser , wie  einen Strom , hinter  dem Weibe her , auf daß  sie sie  mit dem Strome fortrisse .","
        Und  die Schlange warf aus ihrem Munde Wasser , wie  einen Strom , hinter  der Frau her , auf dass  sie sie  mit dem Strome fortrisse ."
Rev.12.16,33,Weibe,gender-agreement,Nominalgruppe regelbasiert angepasst; längere Pronomenbezüge/Satzkongruenz prüfen.,"
        Und  die Erde half  dem Weibe , und  die Erde tat ihren Mund auf und verschlang  den Strom , den  der Drache aus seinem Munde warf .","
        Und  die Erde half  der Frau , und  die Erde tat ihren Mund auf und verschlang  den Strom , den  der Drache aus seinem Munde warf ."
Rev.12.17,48,Weib,gender-agreement,Nominalgruppe regelbasiert angepasst; längere Pronomenbezüge/Satzkongruenz prüfen.,"
        Und  der Drache  ward zornig über  das Weib und  ging hin , Krieg  zu führen mit  den übrigen ihres Samens , welche  die Gebote Gottes halten und  das Zeugnis Jesu haben .","
        Und  der Drache  ward zornig über  die Frau und  ging hin , Krieg  zu führen mit  den übrigen ihres Samens , welche  die Gebote Gottes halten und  das Zeugnis Jesu haben ."
Rev.17.3,81,Weib,gender-agreement,Nominalgruppe regelbasiert angepasst; längere Pronomenbezüge/Satzkongruenz prüfen.,"
        Und  er führte mich im Geiste hinweg in  eine Wüste ; und  ich sah  ein Weib auf  einem scharlachroten Tiere sitzen , voll Namen  der Lästerung , das sieben Köpfe und zehn Hörner hatte .","
        Und  er führte mich im Geiste hinweg in  eine Wüste ; und  ich sah  eine Frau auf  einem scharlachroten Tiere sitzen , voll Namen  der Lästerung , das sieben Köpfe und zehn Hörner hatte ."
Rev.17.4,18,Weib,gender-agreement,Nominalgruppe regelbasiert angepasst; längere Pronomenbezüge/Satzkongruenz prüfen.,"
        Und  das Weib  war bekleidet  mit Purpur und Scharlach und übergoldet  mit Gold und Edelgestein und Perlen , und sie hatte  einen goldenen Becher in ihrer Hand , voll Greuel und Unreinigkeit ihrer Hurerei ;","
        Und  die Frau  war bekleidet  mit Purpur und Scharlach und übergoldet  mit Gold und Edelgestein und Perlen , und sie hatte  einen goldenen Becher in ihrer Hand , voll Gräuel und Unreinigkeit ihrer Hurerei ;"
Rev.17.6,27,Weib,gender-agreement,Nominalgruppe regelbasiert angepasst; längere Pronomenbezüge/Satzkongruenz prüfen.,"
        Und  ich sah  das Weib trunken von  dem Blute  der Heiligen und von  dem Blute  der Zeugen Jesu . Und  ich verwunderte mich , als ich sie sah , mit großer Verwunderung .","
        Und  ich sah  die Frau trunken von  dem Blute  der Heiligen und von  dem Blute  der Zeugen Jesu . Und  ich verwunderte mich , als ich sie sah , mit großer Verwunderung ."
Rev.17.7,105,Weibes,gender-agreement,Nominalgruppe regelbasiert angepasst; längere Pronomenbezüge/Satzkongruenz prüfen.,"
        Und  der Engel sprach  zu mir : Warum  verwundertest du dich ? Ich will dir  das Geheimnis  des Weibes sagen und  des Tieres , das sie trägt , welches  die sieben Köpfe und  die zehn Hörner hat .","
        Und  der Engel sprach  zu mir : Warum  verwundertest du dich ? Ich will dir  das Geheimnis  der Frau sagen und  des Tieres , das sie trägt , welches  die sieben Köpfe und  die zehn Hörner hat ."
Rev.17.9,107,Weib,gender-agreement,Nominalgruppe regelbasiert angepasst; längere Pronomenbezüge/Satzkongruenz prüfen.,"
        Hier  ist der Verstand , der Weisheit hat : Die sieben Köpfe sind sieben Berge , auf welchen  das Weib sitzt .","
        Hier  ist der Verstand , der Weisheit hat : Die sieben Köpfe sind sieben Berge , auf welchen  die Frau sitzt ."
Rev.17.18,18,Weib,gender-agreement,Nominalgruppe regelbasiert angepasst; längere Pronomenbezüge/Satzkongruenz prüfen.,"
        Und  das Weib , das  du sahst , ist  die große Stadt , welche  das Königtum hat über  die Könige  der Erde .","
        Und  die Frau , die  du sahst , ist  die große Stadt , welche  das Königtum hat über  die Könige  der Erde ."
Rev.19.7,115,Weib,gender-agreement,Nominalgruppe regelbasiert angepasst; längere Pronomenbezüge/Satzkongruenz prüfen.,"Laßt uns fröhlich sein und frohlocken und ihm Ehre geben ; denn  die Hochzeit  des Lammes  ist gekommen , und sein Weib hat sich bereitet .","Lasst uns fröhlich sein und frohlocken und ihm Ehre geben ; denn  die Hochzeit  des Lammes  ist gekommen , und seine Frau hat sich bereitet ."
Rev.21.9,196,Weib,gender-agreement,Nominalgruppe regelbasiert angepasst; längere Pronomenbezüge/Satzkongruenz prüfen.,"
        Und  es kam einer  von den sieben Engeln , welche  die sieben Schalen hatten , voll  der sieben letzten Plagen , und redete mit mir  und sprach : Komm her , ich will dir  die Braut , das Weib  des Lammes zeigen .","
        Und  es kam einer  von den sieben Engeln , welche  die sieben Schalen hatten , voll  der sieben letzten Plagen , und redete mit mir  und sprach : Komm her , ich will dir  die Braut , die Frau  des Lammes zeigen ."
