ref,start,end,new_start,new_end,before,after,rule
Gen.1.4,53,56,53,57,daß,dass,orthography:wordlist
Gen.1.10,100,103,100,104,daß,dass,orthography:wordlist
Gen.1.12,185,188,185,189,daß,dass,orthography:wordlist
Gen.1.18,112,115,112,116,daß,dass,orthography:wordlist
Gen.1.21,217,220,217,221,daß,dass,orthography:wordlist
Gen.1.25,166,169,166,170,daß,dass,orthography:wordlist
Gen.1.27,89,93,89,93,Weib,Frau,word:Weib-Frau
Gen.2.4,98,104,98,102,Jehova,HERR,name:unresolved-case
Gen.2.5,90,97,90,98,sproßte,sprosste,orthography:wordlist
Gen.2.5,104,110,105,113,Jehova,der HERR,name:subject-Lord-God
Gen.2.7,4,10,4,12,Jehova,der HERR,name:subject-Lord-God
Gen.2.8,4,10,4,12,Jehova,der HERR,name:subject-Lord-God
Gen.2.9,4,10,4,12,Jehova,der HERR,name:subject-Lord-God
Gen.2.14,115,119,115,120,Fluß,Fluss,orthography:wordlist
Gen.2.15,4,10,4,12,Jehova,der HERR,name:subject-Lord-God
Gen.2.16,22,28,22,30,Jehova,der HERR,name:subject-Lord-God
Gen.2.17,133,142,133,143,gewißlich,gewisslich,orthography:wordlist
Gen.2.18,4,10,4,12,Jehova,der HERR,name:subject-Lord-God
Gen.2.18,44,47,46,50,daß,dass,orthography:wordlist
Gen.2.19,4,10,4,12,Jehova,der HERR,name:subject-Lord-God
Gen.2.21,4,10,4,12,Jehova,der HERR,name:subject-Lord-God
Gen.2.21,130,139,132,142,verschloß,verschloss,orthography:wordlist
Gen.2.22,4,10,4,12,Jehova,der HERR,name:subject-Lord-God
Gen.2.22,81,84,83,87,ein,eine,grammar:Frau-determiner
Gen.2.22,85,89,88,92,Weib,Frau,word:Weib-Frau
Gen.2.24,77,83,77,83,seinem,seiner,grammar:Frau-determiner
Gen.2.24,84,89,84,88,Weibe,Frau,word:Weib-Frau
Gen.2.25,44,48,44,49,sein,seine,grammar:Frau-determiner
Gen.2.25,49,53,50,54,Weib,Frau,word:Weib-Frau
Gen.3.1,76,82,76,80,Jehova,HERR,name:unresolved-case
Gen.3.1,125,128,123,126,dem,der,grammar:Frau-determiner
Gen.3.1,129,134,127,131,Weibe,Frau,word:Weib-Frau
Gen.3.2,4,7,4,7,das,die,grammar:Frau-determiner
Gen.3.2,8,12,8,12,Weib,Frau,word:Weib-Frau
Gen.3.3,145,148,145,149,daß,dass,orthography:wordlist
Gen.3.4,28,31,28,31,dem,der,grammar:Frau-determiner
Gen.3.4,32,37,32,36,Weibe,Frau,word:Weib-Frau
Gen.3.5,20,23,20,24,daß,dass,orthography:wordlist
Gen.3.6,4,7,4,7,das,die,grammar:Frau-determiner
Gen.3.6,8,12,8,12,Weib,Frau,word:Weib-Frau
Gen.3.6,19,22,19,23,daß,dass,orthography:wordlist
Gen.3.6,53,56,54,58,daß,dass,orthography:wordlist
Gen.3.6,90,93,92,96,daß,dass,orthography:wordlist
Gen.3.7,70,73,70,74,daß,dass,orthography:wordlist
Gen.3.8,27,34,27,36,Jehovas,des HERRN,name:genitive
Gen.3.8,115,119,117,122,sein,seine,grammar:Frau-determiner
Gen.3.8,120,124,123,127,Weib,Frau,word:Weib-Frau
Gen.3.8,162,169,165,174,Jehovas,des HERRN,name:genitive
Gen.3.9,4,10,4,12,Jehova,der HERR,name:subject-Lord-God
Gen.3.11,67,70,67,71,daß,dass,orthography:wordlist
Gen.3.12,34,37,34,37,Das,Die,grammar:Frau-determiner
Gen.3.12,38,42,38,42,Weib,Frau,word:Weib-Frau
Gen.3.12,45,48,45,48,das,die,grammar:Frau-relative
Gen.3.13,4,10,4,12,Jehova,der HERR,name:subject-Lord-God
Gen.3.13,27,30,29,32,dem,der,grammar:Frau-determiner
Gen.3.13,31,36,33,37,Weibe,Frau,word:Weib-Frau
Gen.3.13,66,69,67,70,das,die,grammar:Frau-determiner
Gen.3.13,70,74,71,75,Weib,Frau,word:Weib-Frau
Gen.3.14,22,28,22,30,Jehova,der HERR,name:subject-Lord-God
Gen.3.15,51,54,51,54,dem,der,grammar:Frau-determiner
Gen.3.15,55,60,55,59,Weibe,Frau,word:Weib-Frau
Gen.3.16,3,6,3,6,dem,der,grammar:Frau-determiner
Gen.3.16,7,12,7,11,Weibe,Frau,word:Weib-Frau
Gen.3.17,58,64,58,64,deines,deiner,grammar:Frau-determiner
Gen.3.17,65,71,65,69,Weibes,Frau,word:Weib-Frau
Gen.3.20,20,26,20,26,seinem,seiner,grammar:Frau-determiner
Gen.3.20,27,32,27,31,Weibe,Frau,word:Weib-Frau
Gen.3.21,4,10,4,12,Jehova,der HERR,name:subject-Lord-God
Gen.3.21,33,39,35,41,seinem,seiner,grammar:Frau-determiner
Gen.3.21,40,45,42,46,Weibe,Frau,word:Weib-Frau
Gen.3.22,22,28,22,30,Jehova,der HERR,name:subject-Lord-God
Gen.3.22,152,155,154,158,daß,dass,orthography:wordlist
Gen.3.23,4,10,4,12,Jehova,der HERR,name:subject-Lord-God
Gen.4.1,40,44,40,45,sein,seine,grammar:Frau-determiner
Gen.4.1,45,49,46,50,Weib,Frau,word:Weib-Frau
Gen.4.1,145,151,146,155,Jehova,dem HERRN,name:dative-preposition
Gen.4.3,63,69,63,68,Jehova,HERRN,name:existing-oblique-article
Gen.4.4,87,93,87,95,Jehova,der HERR,name:subject-before-finite-verb
Gen.4.6,22,28,22,30,Jehova,der HERR,name:subject-before-finite-verb
Gen.4.7,36,39,36,40,daß,dass,orthography:wordlist
Gen.4.9,4,10,4,12,Jehova,der HERR,name:subject-before-finite-verb
Gen.4.13,20,26,20,29,Jehova,dem HERRN,name:dative-preposition
Gen.4.15,22,28,22,30,Jehova,der HERR,name:subject-before-finite-verb
Gen.4.15,131,137,133,141,Jehova,der HERR,name:subject-before-finite-verb
Gen.4.15,173,176,177,181,daß,dass,orthography:wordlist
Gen.4.16,38,45,38,47,Jehovas,des HERRN,name:genitive
Gen.4.17,19,23,19,24,sein,seine,grammar:Frau-determiner
Gen.4.17,24,28,25,29,Weib,Frau,word:Weib-Frau
Gen.4.19,27,33,27,33,Weiber,Frauen,word:Weib-Frau
Gen.4.23,56,63,56,62,Weibern,Frauen,word:Weib-Frau
Gen.4.23,105,111,104,110,Weiber,Frauen,word:Weib-Frau
Gen.4.25,28,32,28,33,sein,seine,grammar:Frau-determiner
Gen.4.25,33,37,34,38,Weib,Frau,word:Weib-Frau
Gen.4.26,114,121,114,123,Jehovas,des HERRN,name:genitive
Gen.5.2,19,23,19,23,Weib,Frau,word:Weib-Frau
Gen.5.29,155,161,155,160,Jehova,HERRN,name:existing-oblique-article
Gen.6.2,29,32,29,33,daß,dass,orthography:wordlist
Gen.6.2,97,104,98,104,Weibern,Frauen,word:Weib-Frau
Gen.6.3,22,28,22,30,Jehova,der HERR,name:subject-before-finite-verb
Gen.6.5,4,10,4,12,Jehova,der HERR,name:subject-before-finite-verb
Gen.6.5,17,20,19,23,daß,dass,orthography:wordlist
Gen.6.6,14,20,14,23,Jehova,den HERRN,name:accusative-attested-verb
Gen.6.6,23,26,26,30,daß,dass,orthography:wordlist
Gen.6.7,4,10,4,12,Jehova,der HERR,name:subject-before-finite-verb
Gen.6.7,212,215,214,218,daß,dass,orthography:wordlist
Gen.6.8,45,52,45,54,Jehovas,des HERRN,name:genitive
Gen.6.18,107,111,107,112,dein,deine,grammar:Frau-determiner
Gen.6.18,112,116,113,117,Weib,Frau,word:Weib-Frau
Gen.6.18,126,132,127,133,Weiber,Frauen,word:Weib-Frau
Gen.6.21,85,88,85,89,daß,dass,orthography:wordlist
Gen.7.1,4,10,4,12,Jehova,der HERR,name:subject-before-finite-verb
Gen.7.5,30,36,30,38,Jehova,der HERR,name:subject-subordinate-clause
Gen.7.7,31,35,31,36,sein,seine,grammar:Frau-determiner
Gen.7.7,36,40,37,41,Weib,Frau,word:Weib-Frau
Gen.7.7,50,56,51,57,Weiber,Frauen,word:Weib-Frau
Gen.7.13,87,90,87,90,das,die,grammar:Frau-determiner
Gen.7.13,91,95,91,95,Weib,Frau,word:Weib-Frau
Gen.7.13,116,122,116,122,Weiber,Frauen,word:Weib-Frau
Gen.7.16,118,124,118,126,Jehova,der HERR,name:subject-before-finite-verb
Gen.7.16,126,132,128,135,schloß,schloss,orthography:wordlist
Gen.8.11,137,140,137,141,daß,dass,orthography:wordlist
Gen.8.16,28,32,28,33,dein,deine,grammar:Frau-determiner
Gen.8.16,33,37,34,38,Weib,Frau,word:Weib-Frau
Gen.8.16,64,70,65,71,Weiber,Frauen,word:Weib-Frau
Gen.8.17,130,133,130,134,laß,lass,orthography:wordlist
Gen.8.17,155,158,156,160,daß,dass,orthography:wordlist
Gen.8.18,43,47,43,48,sein,seine,grammar:Frau-determiner
Gen.8.18,48,52,49,53,Weib,Frau,word:Weib-Frau
Gen.8.18,62,68,63,69,Weiber,Frauen,word:Weib-Frau
Gen.8.20,15,21,15,24,Jehova,dem HERRN,name:dative-altar-recipient
Gen.8.21,4,10,4,12,Jehova,der HERR,name:subject-before-finite-verb
Gen.8.21,45,51,47,55,Jehova,der HERR,name:subject-before-finite-verb
Gen.9.26,40,46,40,48,Jehova,der HERR,name:subject-after-auxiliary
Gen.10.9,42,48,42,51,Jehova,dem HERRN,name:presence-before-Lord
Gen.10.9,106,112,109,118,Jehova,dem HERRN,name:presence-before-Lord
Gen.11.3,56,60,56,61,laßt,lasst,orthography:wordlist
Gen.11.4,144,147,144,148,daß,dass,orthography:wordlist
Gen.11.5,4,10,4,12,Jehova,der HERR,name:subject-before-finite-verb
Gen.11.6,22,28,22,30,Jehova,der HERR,name:subject-before-finite-verb
Gen.11.7,18,22,18,23,laßt,lasst,orthography:wordlist
Gen.11.7,83,86,84,88,daß,dass,orthography:wordlist
Gen.11.8,4,10,4,12,Jehova,der HERR,name:subject-before-finite-verb
Gen.11.9,61,67,61,69,Jehova,der HERR,name:subject-after-auxiliary
Gen.11.9,132,138,134,138,Jehova,HERR,name:unresolved-case
Gen.11.29,34,40,34,40,Weiber,Frauen,word:Weib-Frau
Gen.11.29,53,56,53,56,des,der,grammar:Frau-determiner
Gen.11.29,57,63,57,61,Weibes,Frau,word:Weib-Frau
Gen.11.29,98,101,96,99,des,der,grammar:Frau-determiner
Gen.11.29,102,108,100,104,Weibes,Frau,word:Weib-Frau
Gen.11.31,121,124,121,124,das,die,grammar:Frau-determiner
Gen.11.31,125,129,125,129,Weib,Frau,word:Weib-Frau
Gen.12.1,4,10,4,12,Jehova,der HERR,name:subject-before-finite-verb
Gen.12.4,26,32,26,34,Jehova,der HERR,name:subject-subordinate-clause
Gen.12.5,23,27,23,28,sein,seine,grammar:Frau-determiner
Gen.12.5,28,32,29,33,Weib,Frau,word:Weib-Frau
Gen.12.7,4,10,4,12,Jehova,der HERR,name:subject-before-finite-verb
Gen.12.7,111,117,113,122,Jehova,dem HERRN,name:dative-altar-recipient
Gen.12.8,170,176,170,179,Jehova,dem HERRN,name:dative-altar-recipient
Gen.12.8,211,218,214,223,Jehovas,des HERRN,name:genitive
Gen.12.11,91,97,91,97,seinem,seiner,grammar:Frau-determiner
Gen.12.11,98,103,98,102,Weibe,Frau,word:Weib-Frau
Gen.12.11,130,133,129,133,daß,dass,orthography:wordlist
Gen.12.11,138,141,138,142,ein,eine,grammar:Frau-determiner
Gen.12.11,142,146,143,147,Weib,Frau,word:Weib-Frau
Gen.12.12,84,88,84,89,sein,seine,grammar:Frau-determiner
Gen.12.12,89,93,90,94,Weib,Frau,word:Weib-Frau
Gen.12.13,62,65,62,66,daß,dass,orthography:wordlist
Gen.12.14,70,73,70,74,daß,dass,orthography:wordlist
Gen.12.14,74,77,75,78,das,die,grammar:Frau-determiner
Gen.12.14,78,82,79,83,Weib,Frau,word:Weib-Frau
Gen.12.15,73,76,73,76,das,die,grammar:Frau-determiner
Gen.12.15,77,81,77,81,Weib,Frau,word:Weib-Frau
Gen.12.17,4,10,4,12,Jehova,der HERR,name:subject-before-finite-verb
Gen.12.17,83,86,85,88,des,der,grammar:Frau-determiner
Gen.12.17,87,93,89,93,Weibes,Frau,word:Weib-Frau
Gen.12.18,110,113,110,114,daß,dass,orthography:wordlist
Gen.12.18,118,122,119,124,dein,deine,grammar:Frau-determiner
Gen.12.18,123,127,125,129,Weib,Frau,word:Weib-Frau
Gen.12.19,53,56,53,57,daß,dass,orthography:wordlist
Gen.12.19,69,72,70,73,zum,zur,grammar:Frau-determiner
Gen.12.19,73,78,74,78,Weibe,Frau,word:Weib-Frau
Gen.12.19,108,112,108,113,dein,deine,grammar:Frau-determiner
Gen.12.19,113,117,114,118,Weib,Frau,word:Weib-Frau
Gen.12.20,72,76,72,77,sein,seine,grammar:Frau-determiner
Gen.12.20,77,81,78,82,Weib,Frau,word:Weib-Frau
Gen.13.1,43,47,43,48,sein,seine,grammar:Frau-determiner
Gen.13.1,48,52,49,53,Weib,Frau,word:Weib-Frau
Gen.13.4,102,109,102,111,Jehovas,des HERRN,name:genitive
Gen.13.6,31,34,31,35,daß,dass,orthography:wordlist
Gen.13.8,26,29,26,30,Laß,Lass,orthography:wordlist
Gen.13.10,95,98,95,99,daß,dass,orthography:wordlist
Gen.13.10,131,137,132,140,Jehova,der HERR,name:subject-subordinate-clause
Gen.13.10,192,199,195,204,Jehovas,des HERRN,name:genitive
Gen.13.13,60,66,60,69,Jehova,dem HERRN,name:presence-before-Lord
Gen.13.14,22,28,22,30,Jehova,der HERR,name:subject-before-finite-verb
Gen.13.16,63,66,63,67,daß,dass,orthography:wordlist
Gen.13.18,125,131,125,134,Jehova,dem HERRN,name:dative-altar-recipient
Gen.14.2,0,3,0,4,daß,dass,orthography:wordlist
Gen.14.14,32,35,32,36,daß,dass,orthography:wordlist
Gen.14.16,115,121,115,121,Weiber,Frauen,word:Weib-Frau
Gen.14.22,73,79,73,82,Jehova,dem HERRN,name:dative-preposition
Gen.14.23,112,115,112,116,daß,dass,orthography:wordlist
Gen.15.1,46,53,46,55,Jehovas,des HERRN,name:genitive
Gen.15.2,26,32,26,30,Jehova,HERR,name:unresolved-case
Gen.15.4,30,37,30,39,Jehovas,des HERRN,name:genitive
Gen.15.6,15,21,15,24,Jehova,dem HERRN,name:dative-verb
Gen.15.7,31,37,31,39,Jehova,der HERR,name:predicate-name
Gen.15.8,23,29,23,27,Jehova,HERR,name:unresolved-case
Gen.15.8,58,61,56,60,daß,dass,orthography:wordlist
Gen.15.13,26,35,26,36,Gewißlich,Gewisslich,orthography:wordlist
Gen.15.13,55,58,56,60,daß,dass,orthography:wordlist
Gen.15.18,24,30,24,32,Jehova,der HERR,name:subject-after-auxiliary
Gen.16.1,19,23,19,23,Weib,Frau,word:Weib-Frau
Gen.16.2,41,47,41,49,Jehova,der HERR,name:subject-before-finite-verb
Gen.16.2,73,76,75,79,daß,dass,orthography:wordlist
Gen.16.3,37,41,37,41,Weib,Frau,word:Weib-Frau
Gen.16.3,197,200,197,200,zum,zur,grammar:Frau-determiner
Gen.16.3,201,206,201,205,Weibe,Frau,word:Weib-Frau
Gen.16.4,89,92,89,93,daß,dass,orthography:wordlist
Gen.16.5,172,175,172,176,daß,dass,orthography:wordlist
Gen.16.5,237,243,238,246,Jehova,Der HERR,name:subject-before-finite-verb
Gen.16.7,14,21,14,23,Jehovas,des HERRN,name:genitive
Gen.16.9,14,21,14,23,Jehovas,des HERRN,name:genitive
Gen.16.10,14,21,14,23,Jehovas,des HERRN,name:genitive
Gen.16.10,75,78,77,81,daß,dass,orthography:wordlist
Gen.16.11,25,32,25,34,Jehovas,des HERRN,name:genitive
Gen.16.11,156,162,158,166,Jehova,der HERR,name:subject-before-finite-verb
Gen.16.13,15,21,15,19,Jehova,HERR,name:unresolved-case
Gen.16.13,80,84,78,83,läßt,lässt,orthography:wordlist
Gen.17.1,72,78,72,80,Jehova,der HERR,name:subject-after-auxiliary
Gen.17.13,8,17,8,18,gewißlich,gewisslich,orthography:wordlist
Gen.17.15,38,42,38,43,dein,deine,grammar:Frau-determiner
Gen.17.15,43,47,44,48,Weib,Frau,word:Weib-Frau
Gen.17.19,34,38,34,39,dein,deine,grammar:Frau-determiner
Gen.17.19,39,43,40,44,Weib,Frau,word:Weib-Frau
Gen.18.1,4,10,4,12,Jehova,der HERR,name:subject-before-finite-verb
Gen.18.9,40,44,40,45,dein,deine,grammar:Frau-determiner
Gen.18.9,45,49,46,50,Weib,Frau,word:Weib-Frau
Gen.18.10,16,25,16,26,Gewißlich,Gewisslich,orthography:wordlist
Gen.18.10,89,93,90,95,dein,deine,grammar:Frau-determiner
Gen.18.10,94,98,96,100,Weib,Frau,word:Weib-Frau
Gen.18.11,93,99,93,99,Weiber,Frauen,word:Weib-Frau
Gen.18.13,4,10,4,12,Jehova,der HERR,name:subject-before-finite-verb
Gen.18.14,8,14,8,17,Jehova,den HERRN,name:accusative-preposition
Gen.18.17,4,10,4,12,Jehova,der HERR,name:subject-before-finite-verb
Gen.18.18,19,28,19,29,gewißlich,gewisslich,orthography:wordlist
Gen.18.19,32,35,32,36,daß,dass,orthography:wordlist
Gen.18.19,92,95,93,97,daß,dass,orthography:wordlist
Gen.18.19,110,117,112,121,Jehovas,des HERRN,name:genitive
Gen.18.19,170,176,174,182,Jehova,der HERR,name:subject-subordinate-clause
Gen.18.20,4,10,4,12,Jehova,der HERR,name:subject-before-finite-verb
Gen.18.22,96,102,96,105,Jehova,dem HERRN,name:presence-before-Lord
Gen.18.25,90,93,90,94,daß,dass,orthography:wordlist
Gen.18.26,4,10,4,12,Jehova,der HERR,name:subject-before-finite-verb
Gen.18.33,4,10,4,12,Jehova,der HERR,name:subject-before-finite-verb
Gen.19.5,129,132,129,133,daß,dass,orthography:wordlist
Gen.19.6,51,57,51,58,schloß,schloss,orthography:wordlist
Gen.19.8,69,73,69,74,laßt,lasst,orthography:wordlist
Gen.19.13,81,87,81,90,Jehova,dem HERRN,name:presence-before-Lord
Gen.19.13,94,100,97,105,Jehova,der HERR,name:subject-before-finite-verb
Gen.19.14,157,163,157,165,Jehova,der HERR,name:subject-before-finite-verb
Gen.19.15,103,107,103,108,dein,deine,grammar:Frau-determiner
Gen.19.15,108,112,109,113,Weib,Frau,word:Weib-Frau
Gen.19.16,69,75,69,75,seines,seiner,grammar:Frau-determiner
Gen.19.16,76,82,76,80,Weibes,Frau,word:Weib-Frau
Gen.19.16,125,131,123,131,Jehova,der HERR,name:subject-subordinate-clause
Gen.19.19,258,261,258,262,daß,dass,orthography:wordlist
Gen.19.20,77,80,77,81,laß,lass,orthography:wordlist
Gen.19.21,79,82,79,83,daß,dass,orthography:wordlist
Gen.19.24,4,10,4,12,Jehova,der HERR,name:subject-before-finite-verb
Gen.19.24,76,82,78,87,Jehova,dem HERRN,name:dative-preposition
Gen.19.26,4,8,4,9,sein,seine,grammar:Frau-determiner
Gen.19.26,9,13,10,14,Weib,Frau,word:Weib-Frau
Gen.19.27,72,78,72,81,Jehova,dem HERRN,name:presence-before-Lord
Gen.19.32,16,19,16,20,laß,lass,orthography:wordlist
Gen.19.33,132,137,132,138,wußte,wusste,orthography:wordlist
Gen.19.34,130,133,130,134,laß,lass,orthography:wordlist
Gen.19.35,123,128,123,129,wußte,wusste,orthography:wordlist
Gen.20.2,29,35,29,35,seinem,seiner,grammar:Frau-determiner
Gen.20.2,36,41,36,40,Weibe,Frau,word:Weib-Frau
Gen.20.3,107,110,107,110,des,der,grammar:Frau-determiner
Gen.20.3,111,117,111,115,Weibes,Frau,word:Weib-Frau
Gen.20.3,120,123,118,121,das,die,grammar:Frau-relative
Gen.20.3,170,177,168,175,Eheweib,Ehefrau,word:Weib-Frau
Gen.20.6,52,55,52,56,daß,dass,orthography:wordlist
Gen.20.7,13,16,13,16,das,die,grammar:Frau-determiner
Gen.20.7,17,21,17,21,Weib,Frau,word:Weib-Frau
Gen.20.7,175,178,175,179,daß,dass,orthography:wordlist
Gen.20.7,182,191,183,193,gewißlich,gewisslich,orthography:wordlist
Gen.20.9,114,117,114,118,daß,dass,orthography:wordlist
Gen.20.10,61,64,61,65,daß,dass,orthography:wordlist
Gen.20.11,42,47,42,48,Gewiß,Gewiss,orthography:wordlist
Gen.20.11,119,125,120,126,meines,meiner,grammar:Frau-determiner
Gen.20.11,126,132,127,131,Weibes,Frau,word:Weib-Frau
Gen.20.12,123,127,123,128,mein,meine,grammar:Frau-determiner
Gen.20.12,128,132,129,133,Weib,Frau,word:Weib-Frau
Gen.20.14,115,119,115,120,sein,seine,grammar:Frau-determiner
Gen.20.14,120,124,121,125,Weib,Frau,word:Weib-Frau
Gen.20.17,61,65,61,66,sein,seine,grammar:Frau-determiner
Gen.20.17,66,70,67,71,Weib,Frau,word:Weib-Frau
Gen.20.17,93,96,94,98,daß,dass,orthography:wordlist
Gen.20.18,5,11,5,13,Jehova,der HERR,name:subject-before-finite-verb
Gen.20.18,30,33,32,35,des,der,grammar:Frau-determiner
Gen.20.18,34,40,36,40,Weibes,Frau,word:Weib-Frau
Gen.21.1,4,10,4,8,Jehova,HERR,name:unresolved-case
Gen.21.1,57,63,55,63,Jehova,der HERR,name:subject-before-finite-verb
Gen.21.12,31,34,31,35,Laß,Lass,orthography:wordlist
Gen.21.16,53,63,53,64,Bogenschuß,Bogenschuss,orthography:wordlist
Gen.21.16,89,92,90,94,Daß,Dass,orthography:wordlist
Gen.21.21,63,66,63,67,ein,eine,grammar:Frau-determiner
Gen.21.21,67,71,68,72,Weib,Frau,word:Weib-Frau
Gen.21.23,37,40,37,41,daß,dass,orthography:wordlist
Gen.21.30,111,114,111,115,daß,dass,orthography:wordlist
Gen.21.33,78,85,78,87,Jehovas,des HERRN,name:genitive
Gen.22.1,36,39,36,40,daß,dass,orthography:wordlist
Gen.22.11,23,30,23,32,Jehovas,des HERRN,name:genitive
Gen.22.12,110,113,110,114,daß,dass,orthography:wordlist
Gen.22.14,68,74,68,76,Jehova,der HERR,name:subject-before-finite-verb
Gen.22.14,139,146,141,150,Jehovas,des HERRN,name:genitive
Gen.22.15,14,21,14,23,Jehovas,des HERRN,name:genitive
Gen.22.16,50,56,50,58,Jehova,der HERR,name:subject-after-speech-verb
Gen.22.16,59,62,61,65,daß,dass,orthography:wordlist
Gen.22.18,73,76,73,77,daß,dass,orthography:wordlist
Gen.23.4,85,88,85,89,daß,dass,orthography:wordlist
Gen.23.8,60,63,60,64,daß,dass,orthography:wordlist
Gen.23.9,0,3,0,4,daß,dass,orthography:wordlist
Gen.23.19,43,47,43,48,sein,seine,grammar:Frau-determiner
Gen.23.19,48,52,49,53,Weib,Frau,word:Weib-Frau
Gen.24.1,38,44,38,46,Jehova,der HERR,name:subject-before-finite-verb
Gen.24.3,40,46,40,49,Jehova,dem HERRN,name:dative-preposition
Gen.24.3,97,100,100,104,daß,dass,orthography:wordlist
Gen.24.3,124,127,128,132,ein,eine,grammar:Frau-determiner
Gen.24.3,128,132,133,137,Weib,Frau,word:Weib-Frau
Gen.24.4,72,75,72,76,ein,eine,grammar:Frau-determiner
Gen.24.4,76,80,77,81,Weib,Frau,word:Weib-Frau
Gen.24.5,47,50,47,50,das,die,grammar:Frau-determiner
Gen.24.5,51,55,51,55,Weib,Frau,word:Weib-Frau
Gen.24.6,39,42,39,43,daß,dass,orthography:wordlist
Gen.24.7,9,15,9,13,Jehova,HERR,name:unresolved-case
Gen.24.7,274,277,272,276,daß,dass,orthography:wordlist
Gen.24.7,307,310,306,310,ein,eine,grammar:Frau-determiner
Gen.24.7,311,315,311,315,Weib,Frau,word:Weib-Frau
Gen.24.8,10,13,10,13,das,die,grammar:Frau-determiner
Gen.24.8,14,18,14,18,Weib,Frau,word:Weib-Frau
Gen.24.12,26,32,26,30,Jehova,HERR,name:direct-address-following-imperative
Gen.24.12,64,67,62,66,laß,lass,orthography:wordlist
Gen.24.14,23,26,23,27,daß,dass,orthography:wordlist
Gen.24.14,92,95,93,97,daß,dass,orthography:wordlist
Gen.24.14,289,292,291,295,daß,dass,orthography:wordlist
Gen.24.15,136,139,136,139,des,der,grammar:Frau-determiner
Gen.24.15,140,146,140,144,Weibes,Frau,word:Weib-Frau
Gen.24.17,48,51,48,52,Laß,Lass,orthography:wordlist
Gen.24.20,19,22,19,23,goß,goss,orthography:wordlist
Gen.24.21,68,74,68,76,Jehova,der HERR,name:subject-subordinate-clause
Gen.24.26,55,61,55,64,Jehova,dem HERRN,name:presence-before-Lord
Gen.24.27,14,20,14,22,Jehova,der HERR,name:subject-after-auxiliary
Gen.24.27,151,157,153,161,Jehova,der HERR,name:subject-after-auxiliary
Gen.24.31,40,47,40,49,Jehovas,des HERRN,name:genitive
Gen.24.35,4,10,4,12,Jehova,der HERR,name:subject-before-finite-verb
Gen.24.35,48,51,50,54,daß,dass,orthography:wordlist
Gen.24.36,11,14,11,14,das,die,grammar:Frau-determiner
Gen.24.36,15,19,15,19,Weib,Frau,word:Weib-Frau
Gen.24.37,84,87,84,88,ein,eine,grammar:Frau-determiner
Gen.24.37,88,92,89,93,Weib,Frau,word:Weib-Frau
Gen.24.38,108,111,108,112,ein,eine,grammar:Frau-determiner
Gen.24.38,112,116,113,117,Weib,Frau,word:Weib-Frau
Gen.24.39,50,53,50,53,das,die,grammar:Frau-determiner
Gen.24.39,54,58,54,58,Weib,Frau,word:Weib-Frau
Gen.24.40,22,28,22,26,Jehova,HERR,name:unresolved-case
Gen.24.40,143,146,141,145,daß,dass,orthography:wordlist
Gen.24.40,164,167,163,167,ein,eine,grammar:Frau-determiner
Gen.24.40,168,172,168,172,Weib,Frau,word:Weib-Frau
Gen.24.42,46,52,46,50,Jehova,HERR,name:unresolved-case
Gen.24.43,63,66,63,67,daß,dass,orthography:wordlist
Gen.24.44,90,93,90,94,daß,dass,orthography:wordlist
Gen.24.44,98,101,99,102,das,die,grammar:Frau-determiner
Gen.24.44,102,106,103,107,Weib,Frau,word:Weib-Frau
Gen.24.44,121,127,122,130,Jehova,der HERR,name:subject-subordinate-clause
Gen.24.48,50,56,50,59,Jehova,dem HERRN,name:presence-before-Lord
Gen.24.48,73,79,76,85,Jehova,den HERRN,name:accusative-apposition
Gen.24.50,54,60,54,63,Jehova,dem HERRN,name:dative-preposition
Gen.24.51,66,69,66,69,das,die,grammar:Frau-determiner
Gen.24.51,70,74,70,74,Weib,Frau,word:Weib-Frau
Gen.24.51,107,113,107,115,Jehova,der HERR,name:subject-subordinate-clause
Gen.24.52,96,102,96,105,Jehova,dem HERRN,name:presence-before-Lord
Gen.24.55,42,45,42,46,Laß,Lass,orthography:wordlist
Gen.24.56,53,59,53,57,Jehova,HERR,name:unresolved-case
Gen.24.56,114,117,112,116,daß,dass,orthography:wordlist
Gen.24.57,19,23,19,24,Laßt,Lasst,orthography:wordlist
Gen.24.67,92,96,92,97,sein,seine,grammar:Frau-determiner
Gen.24.67,97,101,98,102,Weib,Frau,word:Weib-Frau
Gen.25.1,25,28,25,29,ein,eine,grammar:Frau-determiner
Gen.25.1,29,33,30,34,Weib,Frau,word:Weib-Frau
Gen.25.10,92,96,92,97,sein,seine,grammar:Frau-determiner
Gen.25.10,97,101,98,102,Weib,Frau,word:Weib-Frau
Gen.25.20,56,59,56,59,zum,zur,grammar:Frau-determiner
Gen.25.20,60,65,60,64,Weibe,Frau,word:Weib-Frau
Gen.25.21,14,20,14,23,Jehova,den HERRN,name:accusative-attested-verb
Gen.25.21,26,30,29,34,sein,seine,grammar:Frau-determiner
Gen.25.21,31,35,35,39,Weib,Frau,word:Weib-Frau
Gen.25.21,69,75,73,81,Jehova,der HERR,name:subject-before-finite-verb
Gen.25.21,120,124,126,131,sein,seine,grammar:Frau-determiner
Gen.25.21,125,129,132,136,Weib,Frau,word:Weib-Frau
Gen.25.22,113,119,113,117,Jehova,HERR,name:unresolved-case
Gen.25.23,4,10,4,12,Jehova,der HERR,name:subject-before-finite-verb
Gen.25.24,34,37,34,38,daß,dass,orthography:wordlist
Gen.25.30,27,30,27,31,Laß,Lass,orthography:wordlist
Gen.26.2,4,10,4,12,Jehova,der HERR,name:subject-before-finite-verb
Gen.26.5,6,9,6,10,daß,dass,orthography:wordlist
Gen.26.7,48,54,48,54,seinem,seiner,grammar:Frau-determiner
Gen.26.7,55,60,55,59,Weibe,Frau,word:Weib-Frau
Gen.26.7,140,144,139,144,Mein,Meine,grammar:Frau-determiner
Gen.26.7,145,149,145,149,Weib,Frau,word:Weib-Frau
Gen.26.8,181,187,181,187,seinem,seiner,grammar:Frau-determiner
Gen.26.8,188,193,188,192,Weibe,Frau,word:Weib-Frau
Gen.26.9,68,72,68,73,dein,deine,grammar:Frau-determiner
Gen.26.9,73,77,74,78,Weib,Frau,word:Weib-Frau
Gen.26.9,178,181,179,183,Daß,Dass,orthography:wordlist
Gen.26.10,99,105,99,105,deinem,deiner,grammar:Frau-determiner
Gen.26.10,106,111,106,110,Weibe,Frau,word:Weib-Frau
Gen.26.11,68,72,68,73,sein,seine,grammar:Frau-determiner
Gen.26.11,73,77,74,78,Weib,Frau,word:Weib-Frau
Gen.26.11,95,104,96,106,gewißlich,gewisslich,orthography:wordlist
Gen.26.12,89,95,89,97,Jehova,der HERR,name:subject-before-finite-verb
Gen.26.22,164,170,164,172,Jehova,der HERR,name:subject-after-auxiliary
Gen.26.24,4,10,4,12,Jehova,der HERR,name:subject-before-finite-verb
Gen.26.25,56,63,56,65,Jehovas,des HERRN,name:genitive
Gen.26.28,49,52,49,53,daß,dass,orthography:wordlist
Gen.26.28,53,59,54,62,Jehova,der HERR,name:subject-subordinate-clause
Gen.26.29,0,3,0,4,daß,dass,orthography:wordlist
Gen.26.29,187,194,188,197,Jehovas,des HERRN,name:genitive
Gen.26.34,46,49,46,49,zum,zur,grammar:Frau-determiner
Gen.26.34,50,55,50,54,Weibe,Frau,word:Weib-Frau
Gen.27.4,91,94,91,95,daß,dass,orthography:wordlist
Gen.27.7,88,91,88,92,daß,dass,orthography:wordlist
Gen.27.7,107,110,108,112,daß,dass,orthography:wordlist
Gen.27.7,124,130,126,135,Jehova,dem HERRN,name:presence-before-Lord
Gen.27.10,40,43,40,44,daß,dass,orthography:wordlist
Gen.27.19,150,152,150,153,iß,iss,orthography:wordlist
Gen.27.20,135,141,135,139,Jehova,HERR,name:direct-address-pronoun
Gen.27.21,47,50,47,51,daß,dass,orthography:wordlist
Gen.27.25,35,38,35,39,daß,dass,orthography:wordlist
Gen.27.26,105,110,105,111,küßte,küsste,orthography:wordlist
Gen.27.27,149,155,149,157,Jehova,der HERR,name:subject-before-finite-verb
Gen.27.36,69,72,69,73,daß,dass,orthography:wordlist
Gen.27.45,60,67,60,68,vergißt,vergisst,orthography:wordlist
Gen.27.46,101,104,101,105,ein,eine,grammar:Frau-determiner
Gen.27.46,105,109,106,110,Weib,Frau,word:Weib-Frau
Gen.28.1,94,97,94,98,ein,eine,grammar:Frau-determiner
Gen.28.1,98,102,99,103,Weib,Frau,word:Weib-Frau
Gen.28.2,113,116,113,117,ein,eine,grammar:Frau-determiner
Gen.28.2,117,121,118,122,Weib,Frau,word:Weib-Frau
Gen.28.3,84,87,84,88,daß,dass,orthography:wordlist
Gen.28.4,73,76,73,77,daß,dass,orthography:wordlist
Gen.28.6,29,32,29,33,daß,dass,orthography:wordlist
Gen.28.6,119,122,120,124,ein,eine,grammar:Frau-determiner
Gen.28.6,123,127,125,129,Weib,Frau,word:Weib-Frau
Gen.28.6,207,210,209,213,ein,eine,grammar:Frau-determiner
Gen.28.6,211,215,214,218,Weib,Frau,word:Weib-Frau
Gen.28.7,14,17,14,18,daß,dass,orthography:wordlist
Gen.28.8,15,18,15,19,daß,dass,orthography:wordlist
Gen.28.9,44,47,44,47,zum,zur,grammar:Frau-determiner
Gen.28.9,48,53,48,52,Weibe,Frau,word:Weib-Frau
Gen.28.9,154,161,153,159,Weibern,Frauen,word:Weib-Frau
Gen.28.13,11,17,11,19,Jehova,der HERR,name:subject-before-finite-verb
Gen.28.13,55,61,57,65,Jehova,der HERR,name:predicate-name
Gen.28.16,62,68,62,70,Jehova,der HERR,name:subject-before-finite-verb
Gen.28.16,99,104,101,107,wußte,wusste,orthography:wordlist
Gen.28.18,139,142,139,143,goß,goss,orthography:wordlist
Gen.28.21,67,73,67,75,Jehova,der HERR,name:subject-after-auxiliary
Gen.28.22,140,149,140,150,gewißlich,gewisslich,orthography:wordlist
Gen.29.11,10,15,10,16,küßte,küsste,orthography:wordlist
Gen.29.12,28,31,28,32,daß,dass,orthography:wordlist
Gen.29.12,66,69,67,71,daß,dass,orthography:wordlist
Gen.29.13,133,138,133,139,küßte,küsste,orthography:wordlist
Gen.29.19,58,61,58,62,daß,dass,orthography:wordlist
Gen.29.21,38,42,38,43,mein,meine,grammar:Frau-determiner
Gen.29.21,43,47,44,48,Weib,Frau,word:Weib-Frau
Gen.29.21,82,85,83,87,daß,dass,orthography:wordlist
Gen.29.28,95,98,95,98,zum,zur,grammar:Frau-determiner
Gen.29.28,99,104,99,103,Weibe,Frau,word:Weib-Frau
Gen.29.31,8,14,8,16,Jehova,der HERR,name:subject-before-finite-verb
Gen.29.31,21,24,23,27,daß,dass,orthography:wordlist
Gen.29.31,30,36,33,40,gehaßt,gehasst,orthography:wordlist
Gen.29.32,108,114,108,116,Jehova,der HERR,name:subject-subordinate-clause
Gen.29.33,79,85,79,87,Jehova,der HERR,name:subject-subordinate-clause
Gen.29.33,100,103,102,106,daß,dass,orthography:wordlist
Gen.29.33,108,114,111,118,gehaßt,gehasst,orthography:wordlist
Gen.29.35,92,98,92,101,Jehova,den HERRN,name:object-before-infinitive
Gen.30.1,20,23,20,24,daß,dass,orthography:wordlist
Gen.30.3,68,71,68,72,daß,dass,orthography:wordlist
Gen.30.4,34,37,34,37,zum,zur,grammar:Frau-determiner
Gen.30.4,38,43,38,42,Weibe,Frau,word:Weib-Frau
Gen.30.9,18,21,18,22,daß,dass,orthography:wordlist
Gen.30.9,98,101,99,102,zum,zur,grammar:Frau-determiner
Gen.30.9,102,107,103,107,Weibe,Frau,word:Weib-Frau
Gen.30.15,43,46,43,47,daß,dass,orthography:wordlist
Gen.30.15,78,81,79,83,daß,dass,orthography:wordlist
Gen.30.16,136,145,136,146,gewißlich,gewisslich,orthography:wordlist
Gen.30.18,52,55,52,56,daß,dass,orthography:wordlist
Gen.30.24,48,54,48,56,Jehova,der HERR,name:subject-before-finite-verb
Gen.30.25,83,89,83,90,Entlaß,Entlass,orthography:wordlist
Gen.30.25,97,100,98,102,daß,dass,orthography:wordlist
Gen.30.26,24,30,24,30,Weiber,Frauen,word:Weib-Frau
Gen.30.26,85,88,85,89,daß,dass,orthography:wordlist
Gen.30.27,100,103,100,104,daß,dass,orthography:wordlist
Gen.30.27,104,110,105,113,Jehova,der HERR,name:subject-subordinate-clause
Gen.30.30,92,98,92,100,Jehova,der HERR,name:subject-before-finite-verb
Gen.31.3,4,10,4,12,Jehova,der HERR,name:subject-before-finite-verb
Gen.31.5,65,68,65,69,daß,dass,orthography:wordlist
Gen.31.6,32,35,32,36,daß,dass,orthography:wordlist
Gen.31.17,60,66,60,66,Weiber,Frauen,word:Weib-Frau
Gen.31.20,91,94,91,95,daß,dass,orthography:wordlist
Gen.31.22,49,52,49,53,daß,dass,orthography:wordlist
Gen.31.24,124,127,124,128,daß,dass,orthography:wordlist
Gen.31.26,50,53,50,54,daß,dass,orthography:wordlist
Gen.31.32,139,144,139,145,wußte,wusste,orthography:wordlist
Gen.31.32,153,156,154,158,daß,dass,orthography:wordlist
Gen.31.35,64,67,64,68,daß,dass,orthography:wordlist
Gen.31.35,133,139,134,140,Weiber,Frauen,word:Weib-Frau
Gen.31.36,131,134,131,135,daß,dass,orthography:wordlist
Gen.31.42,115,120,115,121,gewiß,gewiss,orthography:wordlist
Gen.31.44,15,18,15,19,laß,lass,orthography:wordlist
Gen.31.49,29,35,29,37,Jehova,der HERR,name:subject-before-finite-verb
Gen.31.50,51,58,51,57,Weibern,Frauen,word:Weib-Frau
Gen.31.52,55,58,55,59,daß,dass,orthography:wordlist
Gen.31.52,114,117,115,119,daß,dass,orthography:wordlist
Gen.32.1,44,49,44,50,küßte,küsste,orthography:wordlist
Gen.32.10,80,86,80,84,Jehova,HERR,name:unresolved-case
Gen.32.12,91,94,91,95,daß,dass,orthography:wordlist
Gen.32.13,30,39,30,40,Gewißlich,Gewisslich,orthography:wordlist
Gen.32.23,54,60,54,60,Weiber,Frauen,word:Weib-Frau
Gen.32.24,53,57,53,58,Fluß,Fluss,orthography:wordlist
Gen.32.26,17,20,17,21,daß,dass,orthography:wordlist
Gen.32.27,15,18,15,19,Laß,Lass,orthography:wordlist
Gen.33.4,76,81,76,82,küßte,küsste,orthography:wordlist
Gen.33.5,42,48,42,48,Weiber,Frauen,word:Weib-Frau
Gen.33.8,92,95,92,96,Daß,Dass,orthography:wordlist
Gen.33.12,28,31,28,32,Laß,Lass,orthography:wordlist
Gen.33.13,40,43,40,44,daß,dass,orthography:wordlist
Gen.33.13,70,73,71,75,daß,dass,orthography:wordlist
Gen.34.4,83,86,83,86,zum,zur,grammar:Frau-determiner
Gen.34.4,87,92,87,91,Weibe,Frau,word:Weib-Frau
Gen.34.5,18,21,18,22,daß,dass,orthography:wordlist
Gen.34.8,120,123,120,123,zum,zur,grammar:Frau-determiner
Gen.34.8,124,129,124,128,Weibe,Frau,word:Weib-Frau
Gen.34.12,137,140,137,140,zum,zur,grammar:Frau-determiner
Gen.34.12,141,146,141,145,Weibe,Frau,word:Weib-Frau
Gen.34.21,191,198,191,197,Weibern,Frauen,word:Weib-Frau
Gen.34.23,81,85,81,86,laßt,lasst,orthography:wordlist
Gen.34.29,63,69,63,69,Weiber,Frauen,word:Weib-Frau
Gen.35.5,120,123,120,124,daß,dass,orthography:wordlist
Gen.35.14,144,147,144,148,goß,goss,orthography:wordlist
Gen.36.2,35,41,35,41,Weiber,Frauen,word:Weib-Frau
Gen.36.6,21,27,21,27,Weiber,Frauen,word:Weib-Frau
Gen.36.7,30,33,30,34,daß,dass,orthography:wordlist
Gen.36.10,65,68,65,68,des,der,grammar:Frau-determiner
Gen.36.10,69,75,69,73,Weibes,Frau,word:Weib-Frau
Gen.36.10,113,116,111,114,des,der,grammar:Frau-determiner
Gen.36.10,117,123,115,119,Weibes,Frau,word:Weib-Frau
Gen.36.12,123,126,123,126,des,der,grammar:Frau-determiner
Gen.36.12,127,133,127,131,Weibes,Frau,word:Weib-Frau
Gen.36.13,106,109,106,109,des,der,grammar:Frau-determiner
Gen.36.13,110,116,110,114,Weibes,Frau,word:Weib-Frau
Gen.36.14,79,82,79,82,des,der,grammar:Frau-determiner
Gen.36.14,83,89,83,87,Weibes,Frau,word:Weib-Frau
Gen.36.17,211,214,211,214,des,der,grammar:Frau-determiner
Gen.36.17,215,221,215,219,Weibes,Frau,word:Weib-Frau
Gen.36.18,37,40,37,40,des,der,grammar:Frau-determiner
Gen.36.18,41,47,41,45,Weibes,Frau,word:Weib-Frau
Gen.36.18,169,172,167,170,des,der,grammar:Frau-determiner
Gen.36.18,173,179,171,175,Weibes,Frau,word:Weib-Frau
Gen.36.39,139,145,139,145,seines,seiner,grammar:Frau-determiner
Gen.36.39,146,152,146,150,Weibes,Frau,word:Weib-Frau
Gen.37.2,182,188,182,188,Weiber,Frauen,word:Weib-Frau
Gen.37.4,29,32,29,33,daß,dass,orthography:wordlist
Gen.37.4,89,95,90,97,haßten,hassten,orthography:wordlist
Gen.37.5,76,82,76,83,haßten,hassten,orthography:wordlist
Gen.37.8,119,125,119,126,haßten,hassten,orthography:wordlist
Gen.37.13,78,81,78,82,daß,dass,orthography:wordlist
Gen.37.17,83,87,83,88,Laßt,Lasst,orthography:wordlist
Gen.37.20,18,22,18,23,laßt,lasst,orthography:wordlist
Gen.37.21,68,72,68,73,Laßt,Lasst,orthography:wordlist
Gen.37.22,162,165,162,166,daß,dass,orthography:wordlist
Gen.37.26,64,67,64,68,daß,dass,orthography:wordlist
Gen.37.27,17,21,17,22,laßt,lasst,orthography:wordlist
Gen.37.29,84,90,84,91,zerriß,zerriss,orthography:wordlist
Gen.37.33,111,120,111,121,gewißlich,gewisslich,orthography:wordlist
Gen.37.34,11,17,11,18,zerriß,zerriss,orthography:wordlist
Gen.38.1,34,37,34,38,daß,dass,orthography:wordlist
Gen.38.6,15,18,15,19,ein,eine,grammar:Frau-determiner
Gen.38.6,19,23,20,24,Weib,Frau,word:Weib-Frau
Gen.38.7,69,76,69,78,Jehovas,des HERRN,name:genitive
Gen.38.7,82,88,84,92,Jehova,der HERR,name:subject-before-finite-verb
Gen.38.8,39,42,39,42,dem,der,grammar:Frau-determiner
Gen.38.8,43,48,43,47,Weibe,Frau,word:Weib-Frau
Gen.38.9,13,18,13,19,wußte,wusste,orthography:wordlist
Gen.38.9,21,24,22,26,daß,dass,orthography:wordlist
Gen.38.9,92,95,94,97,dem,der,grammar:Frau-determiner
Gen.38.9,96,101,98,102,Weibe,Frau,word:Weib-Frau
Gen.38.9,128,131,129,133,daß,dass,orthography:wordlist
Gen.38.10,30,37,30,39,Jehovas,des HERRN,name:genitive
Gen.38.11,147,150,147,151,Daß,Dass,orthography:wordlist
Gen.38.12,61,64,61,64,das,die,grammar:Frau-determiner
Gen.38.12,65,69,65,69,Weib,Frau,word:Weib-Frau
Gen.38.14,211,214,211,215,daß,dass,orthography:wordlist
Gen.38.14,259,262,260,263,zum,zur,grammar:Frau-determiner
Gen.38.14,263,268,264,268,Weibe,Frau,word:Weib-Frau
Gen.38.16,56,59,56,60,laß,lass,orthography:wordlist
Gen.38.16,90,95,91,97,wußte,wusste,orthography:wordlist
Gen.38.16,104,107,106,110,daß,dass,orthography:wordlist
Gen.38.16,184,187,187,191,daß,dass,orthography:wordlist
Gen.38.20,115,118,115,118,des,der,grammar:Frau-determiner
Gen.38.20,119,125,119,123,Weibes,Frau,word:Weib-Frau
Gen.38.23,42,45,42,46,daß,dass,orthography:wordlist
Gen.38.24,221,224,221,225,daß,dass,orthography:wordlist
Gen.38.26,69,72,69,73,daß,dass,orthography:wordlist
Gen.39.2,4,10,4,12,Jehova,der HERR,name:subject-before-finite-verb
Gen.39.3,20,23,20,24,daß,dass,orthography:wordlist
Gen.39.3,24,30,25,33,Jehova,der HERR,name:subject-subordinate-clause
Gen.39.3,48,51,51,55,daß,dass,orthography:wordlist
Gen.39.3,52,58,56,64,Jehova,der HERR,name:subject-subordinate-clause
Gen.39.5,98,101,98,102,daß,dass,orthography:wordlist
Gen.39.5,102,108,103,111,Jehova,der HERR,name:subject-subordinate-clause
Gen.39.5,175,182,178,187,Jehovas,des HERRN,name:genitive
Gen.39.7,44,47,44,47,das,die,grammar:Frau-determiner
Gen.39.7,48,52,48,52,Weib,Frau,word:Weib-Frau
Gen.39.8,38,41,38,41,dem,der,grammar:Frau-determiner
Gen.39.8,42,47,42,46,Weibe,Frau,word:Weib-Frau
Gen.39.9,111,115,111,116,sein,seine,grammar:Frau-determiner
Gen.39.9,116,120,117,121,Weib,Frau,word:Weib-Frau
Gen.39.11,38,41,38,42,daß,dass,orthography:wordlist
Gen.39.13,30,33,30,34,daß,dass,orthography:wordlist
Gen.39.15,31,34,31,35,daß,dass,orthography:wordlist
Gen.39.19,42,48,42,48,seines,seiner,grammar:Frau-determiner
Gen.39.19,49,55,49,53,Weibes,Frau,word:Weib-Frau
Gen.39.21,4,10,4,12,Jehova,der HERR,name:subject-before-finite-verb
Gen.39.23,88,94,88,96,Jehova,der HERR,name:subject-subordinate-clause
Gen.39.23,132,138,134,142,Jehova,der HERR,name:subject-after-auxiliary
Gen.40.6,72,80,72,81,mißmutig,missmutig,orthography:wordlist
Gen.40.11,80,86,80,87,preßte,presste,orthography:wordlist
Gen.40.15,95,98,95,99,daß,dass,orthography:wordlist
Gen.40.16,34,37,34,38,daß,dass,orthography:wordlist
Gen.40.17,32,39,32,40,Eßwaren,Esswaren,orthography:wordlist
Gen.40.21,70,73,70,74,daß,dass,orthography:wordlist
Gen.41.1,64,67,64,68,daß,dass,orthography:wordlist
Gen.41.3,75,82,75,83,häßlich,hässlich,orthography:wordlist
Gen.41.4,19,26,19,27,häßlich,hässlich,orthography:wordlist
Gen.41.6,61,69,61,70,sproßten,sprossten,orthography:wordlist
Gen.41.19,93,100,93,101,häßlich,hässlich,orthography:wordlist
Gen.41.19,160,171,161,173,Häßlichkeit,Hässlichkeit,orthography:wordlist
Gen.41.20,21,30,21,31,häßlichen,hässlichen,orthography:wordlist
Gen.41.21,53,56,53,57,daß,dass,orthography:wordlist
Gen.41.21,114,121,115,123,häßlich,hässlich,orthography:wordlist
Gen.41.23,67,75,67,76,sproßten,sprossten,orthography:wordlist
Gen.41.27,28,37,28,38,häßlichen,hässlichen,orthography:wordlist
Gen.41.29,37,45,37,46,Überfluß,Überfluss,orthography:wordlist
Gen.41.30,73,81,73,82,Überfluß,Überfluss,orthography:wordlist
Gen.41.31,34,42,34,43,Überfluß,Überfluss,orthography:wordlist
Gen.41.32,86,89,86,90,daß,dass,orthography:wordlist
Gen.41.32,146,149,147,151,daß,dass,orthography:wordlist
Gen.41.34,23,26,23,27,daß,dass,orthography:wordlist
Gen.41.36,122,125,122,126,daß,dass,orthography:wordlist
Gen.41.45,129,132,129,132,zum,zur,grammar:Frau-determiner
Gen.41.45,133,138,133,137,Weibe,Frau,word:Weib-Frau
Gen.42.1,16,19,16,20,daß,dass,orthography:wordlist
Gen.42.2,40,43,40,44,daß,dass,orthography:wordlist
Gen.42.2,120,123,121,125,daß,dass,orthography:wordlist
Gen.42.4,91,94,91,95,Daß,Dass,orthography:wordlist
Gen.42.15,110,113,110,114,daß,dass,orthography:wordlist
Gen.42.16,46,49,46,50,daß,dass,orthography:wordlist
Gen.42.20,54,57,54,58,daß,dass,orthography:wordlist
Gen.42.23,9,15,9,16,wußten,wussten,orthography:wordlist
Gen.42.23,24,27,25,29,daß,dass,orthography:wordlist
Gen.42.25,46,49,46,50,daß,dass,orthography:wordlist
Gen.42.33,81,84,81,85,daß,dass,orthography:wordlist
Gen.42.34,72,75,72,76,daß,dass,orthography:wordlist
Gen.43.6,79,82,79,83,daß,dass,orthography:wordlist
Gen.43.7,229,232,229,233,daß,dass,orthography:wordlist
Gen.43.8,115,118,115,119,daß,dass,orthography:wordlist
Gen.43.10,33,38,33,39,gewiß,gewiss,orthography:wordlist
Gen.43.14,90,93,90,94,daß,dass,orthography:wordlist
Gen.43.18,33,36,33,37,daß,dass,orthography:wordlist
Gen.43.18,198,201,199,203,daß,dass,orthography:wordlist
Gen.43.25,90,93,90,94,daß,dass,orthography:wordlist
Gen.43.32,197,203,197,203,Greuel,Gräuel,orthography:wordlist
Gen.44.15,77,83,77,84,Wußtet,Wusstet,orthography:wordlist
Gen.44.15,95,98,96,100,daß,dass,orthography:wordlist
Gen.44.18,54,57,54,58,laß,lass,orthography:wordlist
Gen.44.21,83,86,83,87,daß,dass,orthography:wordlist
Gen.44.27,60,63,60,64,daß,dass,orthography:wordlist
Gen.44.27,64,68,65,70,mein,meine,grammar:Frau-determiner
Gen.44.27,69,73,71,75,Weib,Frau,word:Weib-Frau
Gen.44.28,73,82,73,83,gewißlich,gewisslich,orthography:wordlist
Gen.44.31,22,25,22,26,daß,dass,orthography:wordlist
Gen.44.31,53,56,54,58,daß,dass,orthography:wordlist
Gen.44.33,9,12,9,13,laß,lass,orthography:wordlist
Gen.44.34,91,94,91,95,daß,dass,orthography:wordlist
Gen.45.1,89,93,89,94,Laßt,Lasst,orthography:wordlist
Gen.45.5,70,73,70,74,daß,dass,orthography:wordlist
Gen.45.6,80,83,80,84,daß,dass,orthography:wordlist
Gen.45.11,77,80,77,81,daß,dass,orthography:wordlist
Gen.45.12,73,76,73,77,daß,dass,orthography:wordlist
Gen.45.15,17,22,17,23,küßte,küsste,orthography:wordlist
Gen.45.19,110,116,110,116,Weiber,Frauen,word:Weib-Frau
Gen.45.20,4,8,4,9,laßt,lasst,orthography:wordlist
Gen.46.4,67,76,67,77,gewißlich,gewisslich,orthography:wordlist
Gen.46.5,120,126,120,126,Weiber,Frauen,word:Weib-Frau
Gen.46.19,19,22,19,22,des,der,grammar:Frau-determiner
Gen.46.19,23,29,23,27,Weibes,Frau,word:Weib-Frau
Gen.46.26,127,133,127,133,Weiber,Frauen,word:Weib-Frau
Gen.46.30,100,103,100,104,daß,dass,orthography:wordlist
Gen.46.33,18,21,18,22,daß,dass,orthography:wordlist
Gen.46.34,119,122,119,123,daß,dass,orthography:wordlist
Gen.46.34,203,209,204,210,Greuel,Gräuel,orthography:wordlist
Gen.47.4,211,214,211,215,laß,lass,orthography:wordlist
Gen.47.6,31,34,31,35,laß,lass,orthography:wordlist
Gen.47.6,164,167,165,169,daß,dass,orthography:wordlist
Gen.47.18,139,142,139,143,daß,dass,orthography:wordlist
Gen.47.19,186,189,186,190,daß,dass,orthography:wordlist
Gen.47.24,39,42,39,43,daß,dass,orthography:wordlist
Gen.47.26,104,107,104,108,daß,dass,orthography:wordlist
Gen.47.29,39,42,39,43,daß,dass,orthography:wordlist
Gen.48.1,36,39,36,40,daß,dass,orthography:wordlist
Gen.48.9,136,139,136,140,daß,dass,orthography:wordlist
Gen.48.10,114,119,114,120,küßte,küsste,orthography:wordlist
Gen.48.17,21,24,21,25,daß,dass,orthography:wordlist
Gen.48.17,125,130,126,132,faßte,fasste,orthography:wordlist
Gen.49.15,15,18,15,19,daß,dass,orthography:wordlist
Gen.49.15,37,40,38,42,daß,dass,orthography:wordlist
Gen.49.18,30,36,30,38,Jehova,der HERR,name:first-person-apposition
Gen.49.22,86,96,86,97,Schößlinge,Schösslinge,orthography:wordlist
Gen.49.31,37,41,37,42,sein,seine,grammar:Frau-determiner
Gen.49.31,42,46,43,47,Weib,Frau,word:Weib-Frau
Gen.49.31,89,93,90,95,sein,seine,grammar:Frau-determiner
Gen.49.31,94,98,96,100,Weib,Frau,word:Weib-Frau
Gen.50.1,75,80,75,81,küßte,küsste,orthography:wordlist
Gen.50.5,179,182,179,183,laß,lass,orthography:wordlist
Gen.50.5,208,211,209,213,daß,dass,orthography:wordlist
Gen.50.15,35,38,35,39,daß,dass,orthography:wordlist
Gen.50.20,101,104,101,105,daß,dass,orthography:wordlist
Gen.50.24,72,81,72,82,gewißlich,gewisslich,orthography:wordlist
Gen.50.25,74,83,74,84,gewißlich,gewisslich,orthography:wordlist
Exod.1.10,18,22,18,23,laßt,lasst,orthography:wordlist
Exod.1.10,56,59,57,61,daß,dass,orthography:wordlist
Exod.1.10,126,129,128,132,daß,dass,orthography:wordlist
Exod.1.19,61,67,61,67,Weiber,Frauen,word:Weib-Frau
Exod.2.2,4,7,4,7,das,die,grammar:Frau-determiner
Exod.2.2,8,12,8,12,Weib,Frau,word:Weib-Frau
Exod.2.2,68,71,68,72,daß,dass,orthography:wordlist
Exod.2.7,84,87,84,88,ein,eine,grammar:Frau-determiner
Exod.2.7,88,97,89,97,säugendes,säugende,grammar:Frau-adjective
Exod.2.7,98,102,98,102,Weib,Frau,word:Weib-Frau
Exod.2.7,133,136,133,137,daß,dass,orthography:wordlist
Exod.2.9,137,140,137,140,das,die,grammar:Frau-determiner
Exod.2.9,141,145,141,145,Weib,Frau,word:Weib-Frau
Exod.2.12,58,61,58,62,daß,dass,orthography:wordlist
Exod.2.20,109,112,109,113,daß,dass,orthography:wordlist
Exod.3.2,27,34,27,36,Jehovas,des HERRN,name:genitive
Exod.3.4,8,14,8,16,Jehova,der HERR,name:subject-before-finite-verb
Exod.3.4,21,24,23,27,daß,dass,orthography:wordlist
Exod.3.7,22,28,22,30,Jehova,der HERR,name:subject-before-finite-verb
Exod.3.10,61,64,61,65,daß,dass,orthography:wordlist
Exod.3.11,40,43,40,44,daß,dass,orthography:wordlist
Exod.3.11,73,76,74,78,daß,dass,orthography:wordlist
Exod.3.12,76,79,76,80,daß,dass,orthography:wordlist
Exod.3.15,79,85,79,83,Jehova,HERR,name:unresolved-case
Exod.3.16,78,84,78,82,Jehova,HERR,name:unresolved-case
Exod.3.18,157,163,157,161,Jehova,HERR,name:unresolved-case
Exod.3.18,217,220,215,219,laß,lass,orthography:wordlist
Exod.3.18,274,277,273,277,daß,dass,orthography:wordlist
Exod.3.18,282,288,282,291,Jehova,dem HERRN,name:dative-apposition
Exod.3.19,21,24,21,25,daß,dass,orthography:wordlist
Exod.3.22,12,17,12,16,jedes,jede,grammar:Frau-determiner
Exod.3.22,18,22,17,21,Weib,Frau,word:Weib-Frau
Exod.4.1,136,142,136,144,Jehova,der HERR,name:subject-before-finite-verb
Exod.4.2,10,16,10,18,Jehova,der HERR,name:subject-after-speech-verb
Exod.4.4,4,10,4,12,Jehova,der HERR,name:subject-before-finite-verb
Exod.4.5,4,7,4,8,daß,dass,orthography:wordlist
Exod.4.5,22,25,23,27,daß,dass,orthography:wordlist
Exod.4.5,26,32,28,36,Jehova,der HERR,name:subject-subordinate-clause
Exod.4.6,4,10,4,12,Jehova,der HERR,name:subject-before-finite-verb
Exod.4.10,20,26,20,29,Jehova,dem HERRN,name:dative-preposition
Exod.4.11,10,16,10,18,Jehova,der HERR,name:subject-after-speech-verb
Exod.4.11,136,142,138,146,Jehova,der HERR,name:first-person-apposition
Exod.4.14,23,30,23,32,Jehovas,des HERRN,name:genitive
Exod.4.14,116,119,118,122,daß,dass,orthography:wordlist
Exod.4.18,95,98,95,99,Laß,Lass,orthography:wordlist
Exod.4.18,175,178,176,180,daß,dass,orthography:wordlist
Exod.4.19,4,10,4,12,Jehova,der HERR,name:subject-before-finite-verb
Exod.4.20,15,19,15,20,sein,seine,grammar:Frau-determiner
Exod.4.20,20,24,21,25,Weib,Frau,word:Weib-Frau
Exod.4.21,4,10,4,12,Jehova,der HERR,name:subject-before-finite-verb
Exod.4.21,95,98,97,101,daß,dass,orthography:wordlist
Exod.4.21,224,227,227,231,daß,dass,orthography:wordlist
Exod.4.22,48,54,48,56,Jehova,der HERR,name:subject-after-speech-verb
Exod.4.23,31,34,31,35,Laß,Lass,orthography:wordlist
Exod.4.23,56,59,57,61,daß,dass,orthography:wordlist
Exod.4.24,56,62,56,64,Jehova,der HERR,name:subject-after-auxiliary
Exod.4.27,4,10,4,12,Jehova,der HERR,name:subject-before-finite-verb
Exod.4.27,121,126,123,129,küßte,küsste,orthography:wordlist
Exod.4.28,43,50,43,52,Jehovas,des HERRN,name:genitive
Exod.4.30,42,48,42,50,Jehova,der HERR,name:subject-subordinate-clause
Exod.4.31,44,47,44,48,daß,dass,orthography:wordlist
Exod.4.31,48,54,49,57,Jehova,der HERR,name:subject-subordinate-clause
Exod.4.31,91,94,94,98,daß,dass,orthography:wordlist
Exod.5.1,83,89,83,87,Jehova,HERR,name:direct-address-following-imperative
Exod.5.1,111,114,109,113,Laß,Lass,orthography:wordlist
Exod.5.1,134,137,133,137,daß,dass,orthography:wordlist
Exod.5.2,32,38,32,40,Jehova,der HERR,name:subject-after-auxiliary
Exod.5.2,114,120,116,125,Jehova,den HERRN,name:accusative-verb
Exod.5.3,59,62,59,63,Laß,Lass,orthography:wordlist
Exod.5.3,119,125,120,129,Jehova,dem HERRN,name:dative-apposition
Exod.5.3,152,155,156,160,daß,dass,orthography:wordlist
Exod.5.9,53,56,53,57,daß,dass,orthography:wordlist
Exod.5.17,102,108,102,111,Jehova,dem HERRN,name:dative-before-infinitive
Exod.5.19,44,47,44,48,daß,dass,orthography:wordlist
Exod.5.21,28,34,28,36,Jehova,der HERR,name:subject-before-finite-verb
Exod.5.21,63,66,65,69,daß,dass,orthography:wordlist
Exod.5.21,156,159,159,163,daß,dass,orthography:wordlist
Exod.5.22,24,30,24,33,Jehova,dem HERRN,name:dative-preposition
Exod.6.1,4,10,4,12,Jehova,der HERR,name:subject-before-finite-verb
Exod.6.2,54,60,54,62,Jehova,der HERR,name:predicate-name
Exod.6.3,102,108,102,106,Jehova,HERR,name:quoted-name
Exod.6.6,64,70,64,72,Jehova,der HERR,name:predicate-name
Exod.6.7,104,107,104,108,daß,dass,orthography:wordlist
Exod.6.7,112,118,113,117,Jehova,HERR,name:unresolved-case
Exod.6.8,167,173,167,175,Jehova,der HERR,name:first-person-apposition
Exod.6.10,4,10,4,12,Jehova,der HERR,name:subject-before-finite-verb
Exod.6.11,61,64,61,65,daß,dass,orthography:wordlist
Exod.6.12,21,27,21,30,Jehova,dem HERRN,name:presence-before-Lord
Exod.6.13,4,10,4,12,Jehova,der HERR,name:subject-before-finite-verb
Exod.6.20,71,74,71,74,zum,zur,grammar:Frau-determiner
Exod.6.20,75,80,75,79,Weibe,Frau,word:Weib-Frau
Exod.6.23,84,87,84,87,zum,zur,grammar:Frau-determiner
Exod.6.23,88,93,88,92,Weibe,Frau,word:Weib-Frau
Exod.6.25,74,77,74,77,zum,zur,grammar:Frau-determiner
Exod.6.25,78,83,78,82,Weibe,Frau,word:Weib-Frau
Exod.6.26,49,55,49,57,Jehova,der HERR,name:subject-subordinate-clause
Exod.6.28,32,38,32,36,Jehova,HERR,name:unresolved-case
Exod.6.29,10,16,10,18,Jehova,der HERR,name:subject-after-speech-verb
Exod.6.29,48,54,50,58,Jehova,der HERR,name:predicate-name
Exod.6.30,21,27,21,30,Jehova,dem HERRN,name:presence-before-Lord
Exod.7.1,4,10,4,12,Jehova,der HERR,name:subject-before-finite-verb
Exod.7.2,103,106,103,107,daß,dass,orthography:wordlist
Exod.7.5,45,48,45,49,daß,dass,orthography:wordlist
Exod.7.5,53,59,54,58,Jehova,HERR,name:unresolved-case
Exod.7.6,38,44,38,46,Jehova,der HERR,name:subject-subordinate-clause
Exod.7.8,4,10,4,12,Jehova,der HERR,name:subject-before-finite-verb
Exod.7.10,70,76,70,78,Jehova,der HERR,name:subject-subordinate-clause
Exod.7.13,80,86,80,88,Jehova,der HERR,name:subject-subordinate-clause
Exod.7.14,4,10,4,12,Jehova,der HERR,name:subject-before-finite-verb
Exod.7.16,19,25,19,23,Jehova,HERR,name:unresolved-case
Exod.7.16,91,94,89,93,Laß,Lass,orthography:wordlist
Exod.7.16,114,117,113,117,daß,dass,orthography:wordlist
Exod.7.17,11,17,11,19,Jehova,der HERR,name:subject-after-speech-verb
Exod.7.17,47,50,49,53,daß,dass,orthography:wordlist
Exod.7.17,55,61,58,62,Jehova,HERR,name:unresolved-case
Exod.7.19,22,28,22,30,Jehova,der HERR,name:subject-before-finite-verb
Exod.7.19,247,250,249,253,daß,dass,orthography:wordlist
Exod.7.20,37,43,37,45,Jehova,der HERR,name:subject-subordinate-clause
Exod.7.22,153,159,153,161,Jehova,der HERR,name:subject-subordinate-clause
Exod.7.25,44,50,44,52,Jehova,der HERR,name:subject-subordinate-clause
Exod.7.26,4,10,4,12,Jehova,der HERR,name:subject-before-finite-verb
Exod.7.26,88,94,90,98,Jehova,der HERR,name:subject-after-speech-verb
Exod.7.26,97,100,101,105,Laß,Lass,orthography:wordlist
Exod.7.26,120,123,125,129,daß,dass,orthography:wordlist
Exod.8.1,22,28,22,30,Jehova,der HERR,name:subject-before-finite-verb
Exod.8.1,176,179,178,182,laß,lass,orthography:wordlist
Exod.8.4,60,66,60,69,Jehova,dem HERRN,name:dative-preposition
Exod.8.4,69,72,72,76,daß,dass,orthography:wordlist
Exod.8.4,167,170,171,175,daß,dass,orthography:wordlist
Exod.8.4,175,181,180,184,Jehova,HERR,name:unresolved-case
Exod.8.6,75,78,75,79,daß,dass,orthography:wordlist
Exod.8.6,92,95,93,97,daß,dass,orthography:wordlist
Exod.8.6,112,118,114,118,Jehova,HERR,name:unresolved-case
Exod.8.8,73,79,73,82,Jehova,dem HERRN,name:dative-preposition
Exod.8.9,4,10,4,12,Jehova,der HERR,name:subject-before-finite-verb
Exod.8.11,25,28,25,29,daß,dass,orthography:wordlist
Exod.8.11,123,129,124,132,Jehova,der HERR,name:subject-subordinate-clause
Exod.8.12,4,10,4,12,Jehova,der HERR,name:subject-before-finite-verb
Exod.8.15,151,157,151,159,Jehova,der HERR,name:subject-subordinate-clause
Exod.8.16,4,10,4,12,Jehova,der HERR,name:subject-before-finite-verb
Exod.8.16,165,171,167,175,Jehova,der HERR,name:subject-after-speech-verb
Exod.8.16,174,177,178,182,Laß,Lass,orthography:wordlist
Exod.8.16,197,200,202,206,daß,dass,orthography:wordlist
Exod.8.18,91,94,91,95,daß,dass,orthography:wordlist
Exod.8.18,137,140,138,142,daß,dass,orthography:wordlist
Exod.8.18,154,157,156,160,daß,dass,orthography:wordlist
Exod.8.18,163,169,166,174,Jehova,der HERR,name:first-person-apposition
Exod.8.20,4,10,4,12,Jehova,der HERR,name:subject-before-finite-verb
Exod.8.22,98,104,98,107,Jehova,dem HERRN,name:dative-apposition
Exod.8.22,134,140,137,143,Greuel,Gräuel,orthography:wordlist
Exod.8.22,183,189,186,192,Greuel,Gräuel,orthography:wordlist
Exod.8.23,76,82,76,85,Jehova,dem HERRN,name:dative-apposition
Exod.8.24,54,57,54,58,daß,dass,orthography:wordlist
Exod.8.24,62,68,63,67,Jehova,HERR,name:unresolved-case
Exod.8.25,61,67,61,70,Jehova,dem HERRN,name:dative-preposition
Exod.8.25,233,236,236,240,daß,dass,orthography:wordlist
Exod.8.25,274,280,278,287,Jehova,den HERRN,name:accusative-preposition
Exod.8.26,53,59,53,62,Jehova,dem HERRN,name:dative-preposition
Exod.8.27,4,10,4,12,Jehova,der HERR,name:subject-before-finite-verb
Exod.9.1,4,10,4,12,Jehova,der HERR,name:subject-before-finite-verb
Exod.9.1,88,94,90,94,Jehova,HERR,name:direct-address-following-imperative
Exod.9.1,121,124,121,125,Laß,Lass,orthography:wordlist
Exod.9.1,144,147,145,149,daß,dass,orthography:wordlist
Exod.9.3,25,32,25,34,Jehovas,des HERRN,name:genitive
Exod.9.4,4,10,4,12,Jehova,der HERR,name:subject-before-finite-verb
Exod.9.5,4,10,4,8,Jehova,HERR,name:unresolved-case
Exod.9.5,59,65,57,65,Jehova,der HERR,name:subject-after-auxiliary
Exod.9.6,4,10,4,12,Jehova,der HERR,name:subject-before-finite-verb
Exod.9.8,4,10,4,12,Jehova,der HERR,name:subject-before-finite-verb
Exod.9.12,4,10,4,12,Jehova,der HERR,name:subject-before-finite-verb
Exod.9.12,83,89,85,93,Jehova,der HERR,name:subject-subordinate-clause
Exod.9.13,4,10,4,12,Jehova,der HERR,name:subject-before-finite-verb
Exod.9.13,121,127,123,127,Jehova,HERR,name:direct-address-following-imperative
Exod.9.13,154,157,154,158,Laß,Lass,orthography:wordlist
Exod.9.13,177,180,178,182,daß,dass,orthography:wordlist
Exod.9.14,115,118,115,119,daß,dass,orthography:wordlist
Exod.9.14,132,135,133,137,daß,dass,orthography:wordlist
Exod.9.17,39,42,39,43,daß,dass,orthography:wordlist
Exod.9.20,45,52,45,54,Jehovas,des HERRN,name:genitive
Exod.9.21,18,25,18,27,Jehovas,des HERRN,name:genitive
Exod.9.22,4,10,4,12,Jehova,der HERR,name:subject-before-finite-verb
Exod.9.22,66,69,68,72,daß,dass,orthography:wordlist
Exod.9.23,71,77,71,79,Jehova,der HERR,name:subject-before-finite-verb
Exod.9.23,137,143,139,147,Jehova,der HERR,name:subject-before-finite-verb
Exod.9.27,113,119,113,121,Jehova,Der HERR,name:subject-before-finite-verb
Exod.9.28,10,16,10,19,Jehova,dem HERRN,name:dative-preposition
Exod.9.29,82,88,82,91,Jehova,dem HERRN,name:dative-preposition
Exod.9.29,172,175,175,179,daß,dass,orthography:wordlist
Exod.9.29,189,192,193,197,daß,dass,orthography:wordlist
Exod.9.29,202,208,207,211,Jehova,HERR,name:unresolved-case
Exod.9.30,39,42,39,43,daß,dass,orthography:wordlist
Exod.9.30,68,74,69,78,Jehova,dem HERRN,name:presence-before-Lord
Exod.9.33,83,89,83,92,Jehova,dem HERRN,name:dative-preposition
Exod.9.33,151,156,154,160,ergoß,ergoss,orthography:wordlist
Exod.9.34,25,28,25,29,daß,dass,orthography:wordlist
Exod.9.35,97,103,97,105,Jehova,der HERR,name:subject-subordinate-clause
Exod.10.1,4,10,4,12,Jehova,der HERR,name:subject-before-finite-verb
Exod.10.2,200,203,200,204,daß,dass,orthography:wordlist
Exod.10.2,208,214,209,213,Jehova,HERR,name:unresolved-case
Exod.10.3,82,88,82,90,Jehova,der HERR,name:subject-after-speech-verb
Exod.10.3,173,176,175,179,Laß,Lass,orthography:wordlist
Exod.10.3,196,199,199,203,daß,dass,orthography:wordlist
Exod.10.5,52,55,52,56,daß,dass,orthography:wordlist
Exod.10.7,93,96,93,97,Laß,Lass,orthography:wordlist
Exod.10.7,116,119,117,121,daß,dass,orthography:wordlist
Exod.10.7,124,130,126,135,Jehova,dem HERRN,name:dative-apposition
Exod.10.7,181,184,186,190,daß,dass,orthography:wordlist
Exod.10.8,106,112,106,115,Jehova,dem HERRN,name:dative-verb
Exod.10.9,219,226,219,228,Jehovas,des HERRN,name:genitive
Exod.10.10,25,31,25,33,Jehova,der HERR,name:subject-before-finite-verb
Exod.10.11,54,60,54,63,Jehova,dem HERRN,name:dative-verb
Exod.10.12,4,10,4,12,Jehova,der HERR,name:subject-before-finite-verb
Exod.10.12,101,104,103,107,daß,dass,orthography:wordlist
Exod.10.13,64,70,64,68,Jehova,HERR,name:unresolved-case
Exod.10.15,56,59,56,60,daß,dass,orthography:wordlist
Exod.10.16,84,90,84,93,Jehova,den HERRN,name:accusative-preposition
Exod.10.17,64,70,64,73,Jehova,dem HERRN,name:dative-preposition
Exod.10.17,86,89,89,93,daß,dass,orthography:wordlist
Exod.10.18,49,55,49,58,Jehova,dem HERRN,name:dative-preposition
Exod.10.19,4,10,4,8,Jehova,HERR,name:unresolved-case
Exod.10.20,4,10,4,12,Jehova,der HERR,name:subject-before-finite-verb
Exod.10.21,4,10,4,12,Jehova,der HERR,name:subject-before-finite-verb
Exod.10.21,66,69,68,72,daß,dass,orthography:wordlist
Exod.10.21,120,123,123,127,daß,dass,orthography:wordlist
Exod.10.24,59,65,59,68,Jehova,dem HERRN,name:dative-verb
Exod.10.25,80,84,80,85,mußt,musst,orthography:wordlist
Exod.10.25,112,115,113,117,daß,dass,orthography:wordlist
Exod.10.25,120,126,122,131,Jehova,dem HERRN,name:dative-apposition
Exod.10.26,3,6,3,7,muß,muss,orthography:wordlist
Exod.10.26,113,119,114,123,Jehova,den HERRN,name:accusative-preposition
Exod.10.26,181,187,185,189,Jehova,HERR,name:unresolved-case
Exod.10.27,5,11,5,13,Jehova,der HERR,name:subject-before-finite-verb
Exod.11.1,4,10,4,12,Jehova,der HERR,name:subject-before-finite-verb
Exod.11.2,47,50,47,51,daß,dass,orthography:wordlist
Exod.11.3,4,10,4,12,Jehova,der HERR,name:subject-before-finite-verb
Exod.11.4,29,35,29,37,Jehova,der HERR,name:subject-after-speech-verb
Exod.11.7,107,110,107,111,daß,dass,orthography:wordlist
Exod.11.7,124,127,125,129,daß,dass,orthography:wordlist
Exod.11.7,128,134,130,138,Jehova,der HERR,name:subject-subordinate-clause
Exod.11.9,4,10,4,12,Jehova,der HERR,name:subject-before-finite-verb
Exod.11.9,79,82,81,85,daß,dass,orthography:wordlist
Exod.11.10,74,80,74,82,Jehova,der HERR,name:subject-before-finite-verb
Exod.12.1,4,10,4,12,Jehova,der HERR,name:subject-before-finite-verb
Exod.12.11,167,174,167,176,Jehovas,des HERRN,name:genitive
Exod.12.12,209,215,209,217,Jehova,der HERR,name:first-person-apposition
Exod.12.14,88,94,88,93,Jehova,HERRN,name:existing-oblique-article
Exod.12.23,4,10,4,12,Jehova,der HERR,name:subject-before-finite-verb
Exod.12.23,139,145,141,149,Jehova,der HERR,name:subject-after-auxiliary
Exod.12.25,57,63,57,65,Jehova,der HERR,name:subject-with-intervening-object
Exod.12.27,49,55,49,54,Jehova,HERRN,name:existing-oblique-article
Exod.12.28,56,62,56,64,Jehova,der HERR,name:subject-subordinate-clause
Exod.12.29,41,47,41,45,Jehova,HERR,name:unresolved-case
Exod.12.31,179,185,179,188,Jehova,dem HERRN,name:dative-verb
Exod.12.36,4,10,4,12,Jehova,der HERR,name:subject-before-finite-verb
Exod.12.41,107,110,107,111,daß,dass,orthography:wordlist
Exod.12.41,122,129,123,132,Jehovas,des HERRN,name:genitive
Exod.12.42,30,36,30,35,Jehova,HERRN,name:existing-oblique-article
Exod.12.42,139,145,138,143,Jehova,HERRN,name:existing-oblique-article
Exod.12.43,4,10,4,12,Jehova,der HERR,name:subject-before-finite-verb
Exod.12.48,58,64,58,63,Jehova,HERRN,name:existing-oblique-article
Exod.12.50,35,41,35,43,Jehova,der HERR,name:subject-subordinate-clause
Exod.12.51,52,58,52,56,Jehova,HERR,name:unresolved-case
Exod.13.1,4,10,4,12,Jehova,der HERR,name:subject-before-finite-verb
Exod.13.3,160,166,160,168,Jehova,der HERR,name:subject-after-auxiliary
Exod.13.5,28,34,28,36,Jehova,der HERR,name:subject-subordinate-clause
Exod.13.6,101,107,101,106,Jehova,HERRN,name:existing-oblique-article
Exod.13.8,95,101,95,103,Jehova,der HERR,name:subject-subordinate-clause
Exod.13.9,126,133,126,135,Jehovas,des HERRN,name:genitive
Exod.13.9,183,189,185,193,Jehova,der HERR,name:subject-after-auxiliary
Exod.13.11,28,34,28,36,Jehova,der HERR,name:subject-subordinate-clause
Exod.13.12,13,19,13,17,Jehova,HERR,name:direct-address
Exod.13.12,145,151,143,147,Jehova,HERR,name:unresolved-case
Exod.13.14,136,142,136,144,Jehova,der HERR,name:subject-after-auxiliary
Exod.13.15,87,93,87,91,Jehova,HERR,name:unresolved-case
Exod.13.15,221,227,219,224,Jehova,HERRN,name:existing-oblique-article
Exod.13.16,116,122,116,124,Jehova,der HERR,name:subject-after-auxiliary
Exod.13.19,139,148,139,149,gewißlich,gewisslich,orthography:wordlist
Exod.13.21,4,10,4,8,Jehova,HERR,name:unresolved-case
Exod.14.1,4,10,4,12,Jehova,der HERR,name:subject-before-finite-verb
Exod.14.2,41,44,41,45,daß,dass,orthography:wordlist
Exod.14.4,56,59,56,60,daß,dass,orthography:wordlist
Exod.14.4,197,200,198,202,daß,dass,orthography:wordlist
Exod.14.4,205,211,207,211,Jehova,HERR,name:unresolved-case
Exod.14.5,48,51,48,52,daß,dass,orthography:wordlist
Exod.14.5,203,206,204,208,daß,dass,orthography:wordlist
Exod.14.8,22,28,22,30,Jehova,der HERR,name:subject-before-finite-verb
Exod.14.10,182,188,182,191,Jehova,dem HERRN,name:dative-preposition
Exod.14.11,156,159,156,160,daß,dass,orthography:wordlist
Exod.14.12,89,92,89,93,Laß,Lass,orthography:wordlist
Exod.14.12,106,109,107,111,daß,dass,orthography:wordlist
Exod.14.13,84,91,84,93,Jehovas,des HERRN,name:genitive
Exod.14.14,9,15,9,17,Jehova,Der HERR,name:subject-before-finite-verb
Exod.14.15,4,10,4,12,Jehova,der HERR,name:subject-before-finite-verb
Exod.14.15,85,88,87,91,daß,dass,orthography:wordlist
Exod.14.16,86,89,86,90,daß,dass,orthography:wordlist
Exod.14.18,35,38,35,39,daß,dass,orthography:wordlist
Exod.14.18,43,49,44,48,Jehova,HERR,name:unresolved-case
Exod.14.21,73,79,73,77,Jehova,HERR,name:unresolved-case
Exod.14.24,47,53,47,56,Jehova,den HERRN,name:accusative-verb
Exod.14.25,105,109,105,110,Laßt,Lasst,orthography:wordlist
Exod.14.25,141,147,142,146,Jehova,HERR,name:unresolved-case
Exod.14.26,4,10,4,12,Jehova,der HERR,name:subject-before-finite-verb
Exod.14.26,69,72,71,75,daß,dass,orthography:wordlist
Exod.14.27,167,173,167,171,Jehova,HERR,name:unresolved-case
Exod.14.30,11,17,11,15,Jehova,HERR,name:unresolved-case
Exod.14.31,38,44,38,42,Jehova,HERR,name:unresolved-case
Exod.14.31,103,109,101,105,Jehova,HERR,name:unresolved-case
Exod.14.31,133,139,129,133,Jehova,HERR,name:unresolved-case
Exod.15.1,60,66,60,65,Jehova,HERRN,name:existing-oblique-article
Exod.15.1,104,110,103,107,Jehova,HERR,name:unresolved-case
Exod.15.1,145,148,142,146,Roß,Ross,orthography:wordlist
Exod.15.3,9,15,9,17,Jehova,Der HERR,name:subject-before-finite-verb
Exod.15.3,38,44,40,44,Jehova,HERR,name:unresolved-case
Exod.15.6,15,21,15,23,Jehova,der HERR,name:subject-before-finite-verb
Exod.15.6,64,70,66,74,Jehova,der HERR,name:subject-before-finite-verb
Exod.15.11,39,45,39,43,Jehova,HERR,name:unresolved-case
Exod.15.16,132,138,132,136,Jehova,HERR,name:unresolved-case
Exod.15.17,88,94,88,92,Jehova,HERR,name:direct-address
Exod.15.18,9,15,9,17,Jehova,Der HERR,name:subject-before-finite-verb
Exod.15.19,99,105,99,107,Jehova,der HERR,name:subject-before-finite-verb
Exod.15.20,91,97,91,97,Weiber,Frauen,word:Weib-Frau
Exod.15.21,37,43,37,46,Jehova,dem HERRN,name:dative-verb
Exod.15.21,77,80,80,84,Roß,Ross,orthography:wordlist
Exod.15.25,36,42,36,45,Jehova,dem HERRN,name:dative-preposition
Exod.15.25,49,55,52,56,Jehova,HERR,name:unresolved-case
Exod.15.26,60,67,60,69,Jehovas,des HERRN,name:genitive
Exod.15.26,317,323,319,327,Jehova,der HERR,name:predicate-name
Exod.16.3,100,107,100,109,Jehovas,des HERRN,name:genitive
Exod.16.4,10,16,10,18,Jehova,der HERR,name:subject-after-speech-verb
Exod.16.6,92,95,92,96,daß,dass,orthography:wordlist
Exod.16.6,96,102,97,105,Jehova,der HERR,name:subject-subordinate-clause
Exod.16.7,59,66,59,68,Jehovas,des HERRN,name:genitive
Exod.16.7,104,110,106,115,Jehova,den HERRN,name:accusative-preposition
Exod.16.7,144,147,149,153,daß,dass,orthography:wordlist
Exod.16.8,50,53,50,54,daß,dass,orthography:wordlist
Exod.16.8,54,60,55,63,Jehova,der HERR,name:subject-subordinate-clause
Exod.16.8,151,157,154,158,Jehova,HERR,name:unresolved-case
Exod.16.8,281,287,282,291,Jehova,den HERRN,name:accusative-preposition
Exod.16.9,95,101,95,104,Jehova,dem HERRN,name:presence-before-Lord
Exod.16.10,145,152,145,154,Jehovas,des HERRN,name:genitive
Exod.16.11,4,10,4,12,Jehova,der HERR,name:subject-before-finite-verb
Exod.16.12,205,208,205,209,daß,dass,orthography:wordlist
Exod.16.12,213,219,214,218,Jehova,HERR,name:unresolved-case
Exod.16.15,87,93,87,94,wußten,wussten,orthography:wordlist
Exod.16.15,165,171,166,174,Jehova,der HERR,name:subject-with-intervening-object
Exod.16.16,25,31,25,33,Jehova,der HERR,name:subject-before-finite-verb
Exod.16.23,53,59,53,61,Jehova,der HERR,name:subject-subordinate-clause
Exod.16.23,107,114,109,115,Sabbath,Sabbat,orthography:wordlist
Exod.16.23,119,125,120,125,Jehova,HERRN,name:existing-oblique-article
Exod.16.25,51,58,51,57,Sabbath,Sabbat,orthography:wordlist
Exod.16.25,63,69,62,67,Jehova,HERRN,name:existing-oblique-article
Exod.16.26,79,86,79,85,Sabbath,Sabbat,orthography:wordlist
Exod.16.27,33,36,33,37,daß,dass,orthography:wordlist
Exod.16.28,4,10,4,12,Jehova,der HERR,name:subject-before-finite-verb
Exod.16.29,22,28,22,30,Jehova,der HERR,name:subject-subordinate-clause
Exod.16.29,39,46,41,47,Sabbath,Sabbat,orthography:wordlist
Exod.16.32,42,48,42,50,Jehova,der HERR,name:subject-before-finite-verb
Exod.16.33,130,136,130,139,Jehova,dem HERRN,name:presence-before-Lord
Exod.16.34,7,13,7,15,Jehova,der HERR,name:subject-subordinate-clause
Exod.17.1,107,114,107,116,Jehovas,des HERRN,name:genitive
Exod.17.2,71,74,71,75,daß,dass,orthography:wordlist
Exod.17.2,160,166,161,165,Jehova,HERR,name:unresolved-case
Exod.17.4,19,25,19,28,Jehova,dem HERRN,name:dative-preposition
Exod.17.5,4,10,4,12,Jehova,der HERR,name:subject-before-finite-verb
Exod.17.6,156,159,156,160,daß,dass,orthography:wordlist
Exod.17.7,102,108,102,106,Jehova,HERR,name:unresolved-case
Exod.17.7,149,155,147,155,Jehova,der HERR,name:subject-after-auxiliary
Exod.17.14,4,10,4,12,Jehova,der HERR,name:subject-before-finite-verb
Exod.17.14,108,111,110,114,daß,dass,orthography:wordlist
Exod.17.15,54,60,54,58,Jehova,HERR,name:unresolved-case
Exod.17.16,71,77,71,79,Jehova,der HERR,name:subject-after-auxiliary
Exod.18.1,138,141,138,142,daß,dass,orthography:wordlist
Exod.18.1,142,148,143,151,Jehova,der HERR,name:subject-subordinate-clause
Exod.18.2,55,58,55,58,das,die,grammar:Frau-determiner
Exod.18.2,59,63,59,63,Weib,Frau,word:Weib-Frau
Exod.18.5,61,65,61,66,sein,seine,grammar:Frau-determiner
Exod.18.5,66,70,67,71,Weib,Frau,word:Weib-Frau
Exod.18.6,86,90,86,91,dein,deine,grammar:Frau-determiner
Exod.18.6,91,95,92,96,Weib,Frau,word:Weib-Frau
Exod.18.7,83,88,83,89,küßte,küsste,orthography:wordlist
Exod.18.8,53,59,53,61,Jehova,der HERR,name:subject-subordinate-clause
Exod.18.8,184,187,186,190,daß,dass,orthography:wordlist
Exod.18.8,188,194,191,199,Jehova,der HERR,name:subject-subordinate-clause
Exod.18.9,49,55,49,53,Jehova,HERR,name:unresolved-case
Exod.18.9,75,78,73,77,daß,dass,orthography:wordlist
Exod.18.10,34,40,34,42,Jehova,der HERR,name:subject-after-auxiliary
Exod.18.11,15,18,15,19,daß,dass,orthography:wordlist
Exod.18.11,19,25,20,28,Jehova,der HERR,name:subject-subordinate-clause
Exod.18.22,0,3,0,4,daß,dass,orthography:wordlist
Exod.18.22,59,62,60,64,daß,dass,orthography:wordlist
Exod.18.22,107,110,109,113,daß,dass,orthography:wordlist
Exod.19.3,38,44,38,46,Jehova,der HERR,name:subject-before-finite-verb
Exod.19.7,94,100,94,102,Jehova,der HERR,name:subject-with-intervening-object
Exod.19.8,65,71,65,73,Jehova,der HERR,name:subject-subordinate-clause
Exod.19.8,147,153,149,158,Jehova,dem HERRN,name:dative-preposition
Exod.19.9,4,10,4,12,Jehova,der HERR,name:subject-before-finite-verb
Exod.19.9,175,181,177,181,Jehova,HERR,name:unresolved-case
Exod.19.10,4,10,4,12,Jehova,der HERR,name:subject-before-finite-verb
Exod.19.10,87,90,89,93,daß,dass,orthography:wordlist
Exod.19.11,71,77,71,79,Jehova,der HERR,name:subject-after-auxiliary
Exod.19.12,165,174,165,175,gewißlich,gewisslich,orthography:wordlist
Exod.19.13,46,55,46,56,gewißlich,gewisslich,orthography:wordlist
Exod.19.15,77,80,77,80,zum,zur,grammar:Frau-determiner
Exod.19.15,81,86,81,85,Weibe,Frau,word:Weib-Frau
Exod.19.18,42,45,42,46,daß,dass,orthography:wordlist
Exod.19.18,46,52,47,55,Jehova,der HERR,name:subject-subordinate-clause
Exod.19.20,4,10,4,8,Jehova,HERR,name:unresolved-case
Exod.19.20,79,85,77,85,Jehova,der HERR,name:subject-before-finite-verb
Exod.19.21,22,28,22,30,Jehova,der HERR,name:subject-before-finite-verb
Exod.19.21,105,108,107,111,daß,dass,orthography:wordlist
Exod.19.21,122,128,125,134,Jehova,dem HERRN,name:dative-preposition
Exod.19.22,31,37,31,40,Jehova,dem HERRN,name:dative-preposition
Exod.19.22,69,72,72,76,daß,dass,orthography:wordlist
Exod.19.22,73,79,77,85,Jehova,der HERR,name:subject-subordinate-clause
Exod.19.23,47,53,47,56,Jehova,dem HERRN,name:dative-preposition
Exod.19.24,4,10,4,12,Jehova,der HERR,name:subject-before-finite-verb
Exod.19.24,167,173,169,178,Jehova,dem HERRN,name:dative-preposition
Exod.19.24,192,195,197,201,daß,dass,orthography:wordlist
Exod.20.2,8,14,8,12,Jehova,HERR,name:direct-address-pronoun
Exod.20.5,79,85,79,87,Jehova,der HERR,name:first-person-apposition
Exod.20.7,21,28,21,30,Jehovas,des HERRN,name:genitive
Exod.20.7,81,87,83,91,Jehova,der HERR,name:subject-before-finite-verb
Exod.20.8,22,34,22,33,Sabbathtages,Sabbattages,orthography:wordlist
Exod.20.10,25,32,25,31,Sabbath,Sabbat,orthography:wordlist
Exod.20.10,37,43,36,41,Jehova,HERRN,name:existing-oblique-article
Exod.20.11,25,31,25,33,Jehova,der HERR,name:subject-after-auxiliary
Exod.20.11,153,159,155,159,Jehova,HERR,name:unresolved-case
Exod.20.11,165,175,165,174,Sabbathtag,Sabbattag,orthography:wordlist
Exod.20.12,52,55,52,56,daß,dass,orthography:wordlist
Exod.20.12,105,111,106,110,Jehova,HERR,name:direct-address-pronoun
Exod.20.17,91,95,91,95,Weib,Frau,word:Weib-Frau
Exod.20.19,107,110,107,111,daß,dass,orthography:wordlist
Exod.20.20,152,155,152,156,daß,dass,orthography:wordlist
Exod.20.22,4,10,4,12,Jehova,der HERR,name:subject-before-finite-verb
Exod.20.22,97,100,99,103,daß,dass,orthography:wordlist
Exod.21.3,64,69,64,69,eines,einer,grammar:Frau-determiner
Exod.21.3,70,76,70,74,Weibes,Frau,word:Weib-Frau
Exod.21.3,93,97,91,96,sein,seine,grammar:Frau-determiner
Exod.21.3,98,102,97,101,Weib,Frau,word:Weib-Frau
Exod.21.4,20,23,20,24,ein,eine,grammar:Frau-determiner
Exod.21.4,24,28,25,29,Weib,Frau,word:Weib-Frau
Exod.21.4,93,96,94,97,das,die,grammar:Frau-determiner
Exod.21.4,97,101,98,102,Weib,Frau,word:Weib-Frau
Exod.21.5,60,64,60,65,mein,meine,grammar:Frau-determiner
Exod.21.5,65,69,66,70,Weib,Frau,word:Weib-Frau
Exod.21.8,36,45,36,46,mißfällig,missfällig,orthography:wordlist
Exod.21.12,29,32,29,33,daß,dass,orthography:wordlist
Exod.21.12,51,60,52,62,gewißlich,gewisslich,orthography:wordlist
Exod.21.14,57,60,57,61,daß,dass,orthography:wordlist
Exod.21.14,136,139,137,141,daß,dass,orthography:wordlist
Exod.21.15,56,65,56,66,gewißlich,gewisslich,orthography:wordlist
Exod.21.16,100,109,100,110,gewißlich,gewisslich,orthography:wordlist
Exod.21.17,56,65,56,66,gewißlich,gewisslich,orthography:wordlist
Exod.21.20,72,75,72,76,daß,dass,orthography:wordlist
Exod.21.20,118,127,119,129,gewißlich,gewisslich,orthography:wordlist
Exod.21.22,42,45,42,46,ein,eine,grammar:Frau-determiner
Exod.21.22,46,57,47,57,schwangeres,schwangere,grammar:Frau-adjective
Exod.21.22,58,62,58,62,Weib,Frau,word:Weib-Frau
Exod.21.22,65,68,65,69,daß,dass,orthography:wordlist
Exod.21.22,136,145,137,147,gewißlich,gewisslich,orthography:wordlist
Exod.21.22,192,195,194,197,des,der,grammar:Frau-determiner
Exod.21.22,196,202,198,202,Weibes,Frau,word:Weib-Frau
Exod.21.28,37,40,37,41,ein,eine,grammar:Frau-determiner
Exod.21.28,41,45,42,46,Weib,Frau,word:Weib-Frau
Exod.21.28,54,57,55,59,daß,dass,orthography:wordlist
Exod.21.28,92,101,94,104,gewißlich,gewisslich,orthography:wordlist
Exod.21.29,144,147,144,148,ein,eine,grammar:Frau-determiner
Exod.21.29,148,152,149,153,Weib,Frau,word:Weib-Frau
Exod.21.35,61,64,61,65,daß,dass,orthography:wordlist
Exod.21.36,30,33,30,34,daß,dass,orthography:wordlist
Exod.21.36,121,130,122,132,gewißlich,gewisslich,orthography:wordlist
Exod.22.1,71,74,71,75,daß,dass,orthography:wordlist
Exod.22.2,84,93,84,94,gewißlich,gewisslich,orthography:wordlist
Exod.22.4,53,57,53,58,läßt,lässt,orthography:wordlist
Exod.22.5,145,154,145,155,gewißlich,gewisslich,orthography:wordlist
Exod.22.10,16,23,16,25,Jehovas,des HERRN,name:genitive
Exod.22.13,147,156,147,157,gewißlich,gewisslich,orthography:wordlist
Exod.22.15,97,106,97,107,gewißlich,gewisslich,orthography:wordlist
Exod.22.15,136,139,137,140,zum,zur,grammar:Frau-determiner
Exod.22.15,140,145,141,145,Weibe,Frau,word:Weib-Frau
Exod.22.18,41,50,41,51,gewißlich,gewisslich,orthography:wordlist
Exod.22.19,30,36,30,39,Jehova,dem HERRN,name:dative-preposition
Exod.22.22,114,123,114,124,gewißlich,gewisslich,orthography:wordlist
Exod.22.23,86,92,86,92,Weiber,Frauen,word:Weib-Frau
Exod.22.28,40,47,40,48,Ausfluß,Ausfluss,orthography:wordlist
Exod.23.11,55,58,55,59,daß,dass,orthography:wordlist
Exod.23.17,86,92,86,90,Jehova,HERR,name:unresolved-case
Exod.23.19,62,69,62,71,Jehovas,des HERRN,name:genitive
Exod.23.25,14,20,14,18,Jehova,HERR,name:unresolved-case
Exod.23.28,47,50,47,51,daß,dass,orthography:wordlist
Exod.23.31,185,188,185,189,daß,dass,orthography:wordlist
Exod.24.1,35,41,35,44,Jehova,dem HERRN,name:dative-preposition
Exod.24.2,31,37,31,40,Jehova,dem HERRN,name:dative-preposition
Exod.24.3,95,102,95,104,Jehovas,des HERRN,name:genitive
Exod.24.3,200,206,202,210,Jehova,der HERR,name:subject-before-finite-verb
Exod.24.4,29,36,29,38,Jehovas,des HERRN,name:genitive
Exod.24.5,136,142,136,141,Jehova,HERRN,name:existing-oblique-article
Exod.24.7,104,110,104,112,Jehova,der HERR,name:subject-subordinate-clause
Exod.24.8,102,108,102,107,Jehova,HERRN,name:existing-oblique-article
Exod.24.12,4,10,4,12,Jehova,der HERR,name:subject-before-finite-verb
Exod.24.16,21,28,21,30,Jehovas,des HERRN,name:genitive
Exod.24.17,34,41,34,43,Jehovas,des HERRN,name:genitive
Exod.25.1,4,10,4,12,Jehova,der HERR,name:subject-before-finite-verb
Exod.25.2,29,32,29,33,daß,dass,orthography:wordlist
Exod.25.8,42,45,42,46,daß,dass,orthography:wordlist
Exod.25.37,83,86,83,87,daß,dass,orthography:wordlist
Exod.25.40,14,17,14,18,daß,dass,orthography:wordlist
Exod.26.6,115,118,115,119,daß,dass,orthography:wordlist
Exod.26.11,139,142,139,143,daß,dass,orthography:wordlist
Exod.27.5,60,63,60,64,daß,dass,orthography:wordlist
Exod.27.7,57,60,57,61,daß,dass,orthography:wordlist
Exod.27.20,49,52,49,53,daß,dass,orthography:wordlist
Exod.27.21,158,164,158,167,Jehova,dem HERRN,name:presence-before-Lord
Exod.28.3,109,112,109,113,daß,dass,orthography:wordlist
Exod.28.12,188,194,188,197,Jehova,dem HERRN,name:presence-before-Lord
Exod.28.20,78,87,78,88,eingefaßt,eingefasst,orthography:wordlist
Exod.28.28,118,121,118,122,daß,dass,orthography:wordlist
Exod.28.29,163,169,163,172,Jehova,dem HERRN,name:presence-before-Lord
Exod.28.30,68,71,68,72,daß,dass,orthography:wordlist
Exod.28.30,120,126,121,130,Jehova,dem HERRN,name:presence-before-Lord
Exod.28.30,218,224,222,231,Jehova,dem HERRN,name:presence-before-Lord
Exod.28.32,176,179,176,180,daß,dass,orthography:wordlist
Exod.28.35,85,88,85,89,daß,dass,orthography:wordlist
Exod.28.35,154,160,155,164,Jehova,dem HERRN,name:presence-before-Lord
Exod.28.35,186,189,190,194,daß,dass,orthography:wordlist
Exod.28.36,111,117,111,116,Jehova,HERRN,name:existing-oblique-article
Exod.28.38,265,271,265,274,Jehova,dem HERRN,name:presence-before-Lord
Exod.28.41,139,142,139,143,daß,dass,orthography:wordlist
Exod.28.43,179,182,179,183,daß,dass,orthography:wordlist
Exod.29.11,29,35,29,38,Jehova,dem HERRN,name:presence-before-Lord
Exod.29.18,85,91,85,90,Jehova,HERRN,name:existing-oblique-article
Exod.29.18,144,150,143,148,Jehova,HERRN,name:existing-oblique-article
Exod.29.23,115,121,115,124,Jehova,dem HERRN,name:presence-before-Lord
Exod.29.24,108,114,108,117,Jehova,dem HERRN,name:presence-before-Lord
Exod.29.25,112,118,112,121,Jehova,dem HERRN,name:presence-before-Lord
Exod.29.25,148,154,151,156,Jehova,HERRN,name:existing-oblique-article
Exod.29.26,99,105,99,108,Jehova,dem HERRN,name:presence-before-Lord
Exod.29.28,235,241,235,240,Jehova,HERRN,name:existing-oblique-article
Exod.29.41,198,204,198,203,Jehova,HERRN,name:existing-oblique-article
Exod.29.42,102,108,102,111,Jehova,dem HERRN,name:presence-before-Lord
Exod.29.44,117,120,117,121,daß,dass,orthography:wordlist
Exod.29.46,24,27,24,28,daß,dass,orthography:wordlist
Exod.29.46,32,38,33,37,Jehova,HERR,name:unresolved-case
Exod.29.46,151,157,150,158,Jehova,der HERR,name:predicate-name
Exod.30.8,127,133,127,136,Jehova,dem HERRN,name:presence-before-Lord
Exod.30.10,208,214,208,213,Jehova,HERRN,name:existing-oblique-article
Exod.30.11,4,10,4,12,Jehova,der HERR,name:subject-before-finite-verb
Exod.30.12,153,159,153,158,Jehova,HERRN,name:existing-oblique-article
Exod.30.12,168,171,167,171,daß,dass,orthography:wordlist
Exod.30.13,187,193,187,192,Jehova,HERRN,name:existing-oblique-article
Exod.30.14,90,97,90,99,Jehovas,des HERRN,name:genitive
Exod.30.15,116,123,116,125,Jehovas,des HERRN,name:genitive
Exod.30.16,183,189,183,192,Jehova,dem HERRN,name:presence-before-Lord
Exod.30.17,4,10,4,12,Jehova,der HERR,name:subject-before-finite-verb
Exod.30.20,92,95,92,96,daß,dass,orthography:wordlist
Exod.30.20,163,169,164,173,Jehova,den HERRN,name:accusative-preposition
Exod.30.21,52,55,52,56,daß,dass,orthography:wordlist
Exod.30.22,4,10,4,12,Jehova,der HERR,name:subject-before-finite-verb
Exod.30.34,4,10,4,12,Jehova,der HERR,name:subject-before-finite-verb
Exod.30.37,139,145,139,144,Jehova,HERRN,name:existing-oblique-article
Exod.31.1,4,10,4,12,Jehova,der HERR,name:subject-before-finite-verb
Exod.31.6,174,177,174,178,daß,dass,orthography:wordlist
Exod.31.12,4,10,4,12,Jehova,der HERR,name:subject-before-finite-verb
Exod.31.13,83,91,83,90,Sabbathe,Sabbate,orthography:wordlist
Exod.31.13,209,212,208,212,daß,dass,orthography:wordlist
Exod.31.13,218,224,218,226,Jehova,der HERR,name:first-person-apposition
Exod.31.14,29,36,29,35,Sabbath,Sabbat,orthography:wordlist
Exod.31.14,89,98,88,98,gewißlich,gewisslich,orthography:wordlist
Exod.31.15,91,98,91,97,Sabbath,Sabbat,orthography:wordlist
Exod.31.15,122,128,121,126,Jehova,HERRN,name:existing-oblique-article
Exod.31.15,154,162,152,159,Sabbaths,Sabbats,orthography:wordlist
Exod.31.15,187,196,184,194,gewißlich,gewisslich,orthography:wordlist
Exod.31.16,70,77,70,76,Sabbath,Sabbat,orthography:wordlist
Exod.31.16,97,104,96,102,Sabbath,Sabbat,orthography:wordlist
Exod.31.17,92,98,92,100,Jehova,der HERR,name:subject-after-auxiliary
Exod.32.1,23,26,23,27,daß,dass,orthography:wordlist
Exod.32.2,84,90,84,90,Weiber,Frauen,word:Weib-Frau
Exod.32.3,19,22,19,23,riß,riss,orthography:wordlist
Exod.32.5,103,109,103,108,Jehova,HERRN,name:existing-oblique-article
Exod.32.7,10,16,10,18,Jehova,der HERR,name:subject-after-speech-verb
Exod.32.9,4,10,4,12,Jehova,der HERR,name:subject-before-finite-verb
Exod.32.10,8,11,8,12,laß,lass,orthography:wordlist
Exod.32.10,19,22,20,24,daß,dass,orthography:wordlist
Exod.32.11,47,53,47,56,Jehova,dem HERRN,name:dative-preposition
Exod.32.11,90,96,93,97,Jehova,HERR,name:unresolved-case
Exod.32.12,205,208,205,209,laß,lass,orthography:wordlist
Exod.32.13,286,289,286,290,daß,dass,orthography:wordlist
Exod.32.14,16,22,16,20,Jehova,HERR,name:unresolved-case
Exod.32.14,61,64,59,63,daß,dass,orthography:wordlist
Exod.32.21,60,63,60,64,daß,dass,orthography:wordlist
Exod.32.22,86,89,86,90,daß,dass,orthography:wordlist
Exod.32.25,25,28,25,29,daß,dass,orthography:wordlist
Exod.32.26,82,88,82,91,Jehova,den HERRN,name:accusative-preposition
Exod.32.27,65,71,65,73,Jehova,der HERR,name:subject-after-speech-verb
Exod.32.29,68,74,68,73,Jehova,HERRN,name:existing-oblique-article
Exod.32.30,121,127,121,130,Jehova,dem HERRN,name:dative-preposition
Exod.32.31,20,26,20,29,Jehova,dem HERRN,name:dative-preposition
Exod.32.33,4,10,4,12,Jehova,der HERR,name:subject-before-finite-verb
Exod.32.35,4,10,4,12,Jehova,der HERR,name:subject-before-finite-verb
Exod.32.35,36,39,38,42,daß,dass,orthography:wordlist
Exod.33.1,4,10,4,12,Jehova,der HERR,name:subject-before-finite-verb
Exod.33.3,146,149,146,150,daß,dass,orthography:wordlist
Exod.33.5,5,11,5,13,Jehova,der HERR,name:subject-before-finite-verb
Exod.33.7,163,169,163,167,Jehova,HERR,name:existing-nominative-article
Exod.33.9,120,126,120,128,Jehova,der HERR,name:subject-before-finite-verb
Exod.33.11,4,10,4,12,Jehova,der HERR,name:subject-before-finite-verb
Exod.33.12,20,26,20,29,Jehova,dem HERRN,name:dative-preposition
Exod.33.13,65,68,65,69,laß,lass,orthography:wordlist
Exod.33.13,100,103,101,105,daß,dass,orthography:wordlist
Exod.33.13,174,177,176,180,daß,dass,orthography:wordlist
Exod.33.16,40,43,40,44,daß,dass,orthography:wordlist
Exod.33.16,120,123,121,125,daß,dass,orthography:wordlist
Exod.33.17,4,10,4,12,Jehova,der HERR,name:subject-before-finite-verb
Exod.33.18,16,19,16,20,Laß,Lass,orthography:wordlist
Exod.33.19,14,20,14,22,Jehova,der HERR,name:subject-before-finite-verb
Exod.33.19,121,128,123,132,Jehovas,des HERRN,name:genitive
Exod.33.21,4,10,4,12,Jehova,der HERR,name:subject-before-finite-verb
Exod.34.1,4,10,4,12,Jehova,der HERR,name:subject-before-finite-verb
Exod.34.4,133,139,133,141,Jehova,der HERR,name:subject-subordinate-clause
Exod.34.5,14,20,14,18,Jehova,HERR,name:unresolved-case
Exod.34.5,105,112,103,112,Jehovas,des HERRN,name:genitive
Exod.34.6,4,10,4,12,Jehova,der HERR,name:subject-before-finite-verb
Exod.34.6,58,64,60,64,Jehova,HERR,name:unresolved-case
Exod.34.6,67,73,67,71,Jehova,HERR,name:unresolved-case
Exod.34.10,235,242,235,244,Jehovas,des HERRN,name:genitive
Exod.34.12,12,15,12,16,daß,dass,orthography:wordlist
Exod.34.12,100,103,101,105,daß,dass,orthography:wordlist
Exod.34.14,56,62,56,60,Jehova,HERR,name:unresolved-case
Exod.34.15,0,3,0,4,daß,dass,orthography:wordlist
Exod.34.16,119,122,119,123,daß,dass,orthography:wordlist
Exod.34.23,98,104,98,102,Jehova,HERR,name:unresolved-case
Exod.34.24,164,171,164,173,Jehovas,des HERRN,name:genitive
Exod.34.26,62,69,62,71,Jehovas,des HERRN,name:genitive
Exod.34.27,4,10,4,12,Jehova,der HERR,name:subject-before-finite-verb
Exod.34.28,24,30,24,33,Jehova,dem HERRN,name:dative-preposition
Exod.34.29,158,163,158,164,wußte,wusste,orthography:wordlist
Exod.34.29,177,180,178,182,daß,dass,orthography:wordlist
Exod.34.32,86,92,86,94,Jehova,der HERR,name:subject-subordinate-clause
Exod.34.34,18,24,18,27,Jehova,dem HERRN,name:presence-before-Lord
Exod.34.35,51,54,51,55,daß,dass,orthography:wordlist
Exod.35.1,109,115,109,117,Jehova,der HERR,name:subject-before-finite-verb
Exod.35.2,120,127,120,126,Sabbath,Sabbat,orthography:wordlist
Exod.35.2,142,148,141,146,Jehova,HERRN,name:existing-oblique-article
Exod.35.3,23,31,23,30,Sabbaths,Sabbats,orthography:wordlist
Exod.35.4,95,101,95,103,Jehova,der HERR,name:subject-before-finite-verb
Exod.35.5,34,40,34,43,Jehova,den HERRN,name:accusative-preposition
Exod.35.5,108,115,111,120,Jehovas,des HERRN,name:genitive
Exod.35.10,85,91,85,93,Jehova,der HERR,name:subject-subordinate-clause
Exod.35.21,124,131,124,133,Jehovas,des HERRN,name:genitive
Exod.35.22,40,47,40,46,Weibern,Frauen,word:Weib-Frau
Exod.35.22,198,204,197,202,Jehova,HERRN,name:existing-oblique-article
Exod.35.24,71,78,71,80,Jehovas,des HERRN,name:genitive
Exod.35.25,9,15,9,15,Weiber,Frauen,word:Weib-Frau
Exod.35.26,32,38,32,38,Weiber,Frauen,word:Weib-Frau
Exod.35.29,37,43,37,43,Weiber,Frauen,word:Weib-Frau
Exod.35.29,113,119,113,117,Jehova,HERR,name:unresolved-case
Exod.35.29,194,200,192,197,Jehova,HERRN,name:existing-oblique-article
Exod.35.30,49,55,49,57,Jehova,der HERR,name:subject-before-finite-verb
Exod.36.1,82,88,82,90,Jehova,der HERR,name:subject-subordinate-clause
Exod.36.1,189,195,191,198,wüßten,wüssten,orthography:wordlist
Exod.36.1,219,225,222,230,Jehova,der HERR,name:subject-subordinate-clause
Exod.36.5,124,130,124,128,Jehova,HERR,name:unresolved-case
Exod.36.6,86,90,86,90,Weib,Frau,word:Weib-Frau
Exod.36.13,120,123,120,124,daß,dass,orthography:wordlist
Exod.36.18,84,87,84,88,daß,dass,orthography:wordlist
Exod.36.36,116,119,116,120,goß,goss,orthography:wordlist
Exod.37.3,7,10,7,11,goß,goss,orthography:wordlist
Exod.37.13,7,10,7,11,goß,goss,orthography:wordlist
Exod.38.5,17,20,17,21,goß,goss,orthography:wordlist
Exod.38.8,109,115,109,115,Weiber,Frauen,word:Weib-Frau
Exod.38.22,86,92,86,94,Jehova,der HERR,name:subject-subordinate-clause
Exod.39.1,174,180,174,182,Jehova,der HERR,name:subject-subordinate-clause
Exod.39.5,206,212,206,214,Jehova,der HERR,name:subject-subordinate-clause
Exod.39.7,117,123,117,125,Jehova,der HERR,name:subject-subordinate-clause
Exod.39.21,107,110,107,111,daß,dass,orthography:wordlist
Exod.39.21,220,226,221,229,Jehova,der HERR,name:subject-subordinate-clause
Exod.39.26,151,157,151,159,Jehova,der HERR,name:subject-subordinate-clause
Exod.39.29,114,120,114,122,Jehova,der HERR,name:subject-subordinate-clause
Exod.39.30,158,164,158,163,Jehova,HERRN,name:existing-oblique-article
Exod.39.31,104,110,104,112,Jehova,der HERR,name:subject-subordinate-clause
Exod.39.32,132,138,132,140,Jehova,der HERR,name:subject-subordinate-clause
Exod.39.42,16,22,16,24,Jehova,der HERR,name:subject-subordinate-clause
Exod.39.43,74,80,74,82,Jehova,der HERR,name:subject-subordinate-clause
Exod.40.1,4,10,4,12,Jehova,der HERR,name:subject-before-finite-verb
Exod.40.12,4,7,4,8,laß,lass,orthography:wordlist
Exod.40.13,80,83,80,84,daß,dass,orthography:wordlist
Exod.40.15,65,68,65,69,daß,dass,orthography:wordlist
Exod.40.16,34,40,34,42,Jehova,der HERR,name:subject-subordinate-clause
Exod.40.19,99,105,99,107,Jehova,der HERR,name:subject-subordinate-clause
Exod.40.21,124,130,124,132,Jehova,der HERR,name:subject-subordinate-clause
Exod.40.23,48,54,48,57,Jehova,dem HERRN,name:presence-before-Lord
Exod.40.23,64,70,67,75,Jehova,der HERR,name:subject-subordinate-clause
Exod.40.25,34,40,34,43,Jehova,dem HERRN,name:presence-before-Lord
Exod.40.25,50,56,53,61,Jehova,der HERR,name:subject-subordinate-clause
Exod.40.27,75,81,75,83,Jehova,der HERR,name:subject-subordinate-clause
Exod.40.29,174,180,174,182,Jehova,der HERR,name:subject-subordinate-clause
Exod.40.32,114,120,114,122,Jehova,der HERR,name:subject-subordinate-clause
Exod.40.34,75,82,75,84,Jehovas,des HERRN,name:genitive
Exod.40.35,119,126,119,128,Jehovas,des HERRN,name:genitive
Exod.40.38,15,22,15,24,Jehovas,des HERRN,name:genitive
Lev.1.1,4,10,4,12,Jehova,der HERR,name:subject-before-finite-verb
Lev.1.2,90,96,90,95,Jehova,HERRN,name:existing-oblique-article
Lev.1.3,212,218,212,221,Jehova,dem HERRN,name:presence-before-Lord
Lev.1.5,61,67,61,70,Jehova,dem HERRN,name:presence-before-Lord
Lev.1.9,191,197,191,196,Jehova,HERRN,name:existing-oblique-article
Lev.1.11,90,96,90,99,Jehova,dem HERRN,name:presence-before-Lord
Lev.1.13,204,210,204,209,Jehova,HERRN,name:existing-oblique-article
Lev.1.14,63,69,63,68,Jehova,HERRN,name:existing-oblique-article
Lev.1.17,239,245,239,244,Jehova,HERRN,name:existing-oblique-article
Lev.2.1,55,61,55,60,Jehova,HERRN,name:existing-oblique-article
Lev.2.2,288,294,288,293,Jehova,HERRN,name:existing-oblique-article
Lev.2.3,116,123,116,125,Jehovas,des HERRN,name:genitive
Lev.2.8,72,78,72,77,Jehova,HERRN,name:existing-oblique-article
Lev.2.9,147,153,147,152,Jehova,HERRN,name:existing-oblique-article
Lev.2.10,116,123,116,125,Jehovas,des HERRN,name:genitive
Lev.2.11,31,37,31,36,Jehova,HERRN,name:existing-oblique-article
Lev.2.11,171,177,170,175,Jehova,HERRN,name:existing-oblique-article
Lev.2.12,61,67,61,65,Jehova,HERR,name:unresolved-case
Lev.2.14,57,63,57,62,Jehova,HERRN,name:existing-oblique-article
Lev.2.16,158,164,158,163,Jehova,HERRN,name:existing-oblique-article
Lev.3.1,167,173,167,176,Jehova,dem HERRN,name:presence-before-Lord
Lev.3.3,55,61,55,60,Jehova,HERRN,name:existing-oblique-article
Lev.3.5,177,183,177,182,Jehova,HERRN,name:existing-oblique-article
Lev.3.6,68,74,68,73,Jehova,HERRN,name:existing-oblique-article
Lev.3.7,70,76,70,79,Jehova,dem HERRN,name:presence-before-Lord
Lev.3.9,56,62,56,61,Jehova,HERRN,name:existing-oblique-article
Lev.3.11,91,97,91,96,Jehova,HERRN,name:existing-oblique-article
Lev.3.12,63,69,63,72,Jehova,dem HERRN,name:presence-before-Lord
Lev.3.14,55,61,55,60,Jehova,HERRN,name:existing-oblique-article
Lev.3.16,130,136,130,134,Jehova,HERR,name:unresolved-case
Lev.4.1,4,10,4,12,Jehova,der HERR,name:subject-before-finite-verb
Lev.4.2,67,74,67,76,Jehovas,des HERRN,name:genitive
Lev.4.3,157,163,157,162,Jehova,HERRN,name:existing-oblique-article
Lev.4.4,74,80,74,83,Jehova,dem HERRN,name:presence-before-Lord
Lev.4.4,168,174,171,180,Jehova,dem HERRN,name:presence-before-Lord
Lev.4.6,94,100,94,103,Jehova,dem HERRN,name:presence-before-Lord
Lev.4.7,148,154,148,157,Jehova,dem HERRN,name:presence-before-Lord
Lev.4.13,159,166,159,168,Jehovas,des HERRN,name:genitive
Lev.4.15,86,92,86,95,Jehova,dem HERRN,name:presence-before-Lord
Lev.4.15,124,130,127,136,Jehova,dem HERRN,name:presence-before-Lord
Lev.4.17,89,95,89,98,Jehova,dem HERRN,name:presence-before-Lord
Lev.4.18,81,87,81,90,Jehova,dem HERRN,name:presence-before-Lord
Lev.4.22,76,83,76,85,Jehovas,des HERRN,name:genitive
Lev.4.24,117,123,117,126,Jehova,dem HERRN,name:presence-before-Lord
Lev.4.27,96,103,96,105,Jehovas,des HERRN,name:genitive
Lev.4.31,174,180,174,179,Jehova,HERRN,name:existing-oblique-article
Lev.4.35,180,187,180,189,Jehovas,des HERRN,name:genitive
Lev.5.1,26,29,26,30,daß,dass,orthography:wordlist
Lev.5.1,90,93,91,95,daß,dass,orthography:wordlist
Lev.5.1,113,119,115,122,gewußt,gewusst,orthography:wordlist
Lev.5.6,36,42,36,41,Jehova,HERRN,name:existing-oblique-article
Lev.5.7,196,202,196,201,Jehova,HERRN,name:existing-oblique-article
Lev.5.12,172,179,172,181,Jehovas,des HERRN,name:genitive
Lev.5.14,4,10,4,12,Jehova,der HERR,name:subject-before-finite-verb
Lev.5.15,71,78,71,80,Jehovas,des HERRN,name:genitive
Lev.5.15,123,129,125,130,Jehova,HERRN,name:existing-oblique-article
Lev.5.17,59,66,59,68,Jehovas,des HERRN,name:genitive
Lev.5.17,129,135,131,138,gewußt,gewusst,orthography:wordlist
Lev.5.19,38,47,38,48,gewißlich,gewisslich,orthography:wordlist
Lev.5.19,51,57,52,56,Jehova,HERR,name:unresolved-case
Lev.5.20,4,10,4,12,Jehova,der HERR,name:subject-before-finite-verb
Lev.5.21,39,45,39,48,Jehova,den HERRN,name:accusative-preposition
Lev.5.21,55,58,58,62,daß,dass,orthography:wordlist
Lev.5.21,191,198,195,203,erpreßt,erpresst,orthography:wordlist
Lev.5.23,68,71,68,72,daß,dass,orthography:wordlist
Lev.5.23,130,138,131,140,Erpreßte,Erpresste,orthography:wordlist
Lev.5.23,147,154,149,157,erpreßt,erpresst,orthography:wordlist
Lev.5.25,30,36,30,34,Jehova,HERR,name:unresolved-case
Lev.5.26,48,54,48,57,Jehova,dem HERRN,name:presence-before-Lord
Lev.6.1,4,10,4,12,Jehova,der HERR,name:subject-before-finite-verb
Lev.6.7,79,85,79,88,Jehova,dem HERRN,name:presence-before-Lord
Lev.6.8,232,238,232,241,Jehova,den HERRN,name:accusative-preposition
Lev.6.11,129,136,129,138,Jehovas,des HERRN,name:genitive
Lev.6.12,4,10,4,12,Jehova,der HERR,name:subject-before-finite-verb
Lev.6.13,61,67,61,65,Jehova,HERR,name:unresolved-case
Lev.6.14,172,178,172,177,Jehova,HERRN,name:existing-oblique-article
Lev.6.15,135,141,135,140,Jehova,HERRN,name:existing-oblique-article
Lev.6.17,4,10,4,12,Jehova,der HERR,name:subject-before-finite-verb
Lev.6.18,185,191,185,194,Jehova,dem HERRN,name:presence-before-Lord
Lev.7.5,73,79,73,78,Jehova,HERRN,name:existing-oblique-article
Lev.7.11,53,59,53,57,Jehova,HERR,name:unresolved-case
Lev.7.14,62,68,62,67,Jehova,HERRN,name:existing-oblique-article
Lev.7.18,191,197,191,197,Greuel,Gräuel,orthography:wordlist
Lev.7.20,67,73,67,71,Jehova,HERR,name:unresolved-case
Lev.7.21,203,209,203,207,Jehova,HERR,name:unresolved-case
Lev.7.22,4,10,4,12,Jehova,der HERR,name:subject-before-finite-verb
Lev.7.25,68,74,68,73,Jehova,HERRN,name:existing-oblique-article
Lev.7.28,4,10,4,12,Jehova,der HERR,name:subject-before-finite-verb
Lev.7.29,79,85,79,84,Jehova,HERRN,name:existing-oblique-article
Lev.7.29,150,156,149,154,Jehova,HERRN,name:existing-oblique-article
Lev.7.30,35,42,35,44,Jehovas,des HERRN,name:genitive
Lev.7.30,138,144,140,149,Jehova,dem HERRN,name:presence-before-Lord
Lev.7.35,88,95,88,97,Jehovas,des HERRN,name:genitive
Lev.7.35,143,149,145,154,Jehova,den HERRN,name:accusative-preposition
Lev.7.36,4,10,4,12,Jehova,der HERR,name:subject-before-finite-verb
Lev.7.38,8,14,8,16,Jehova,der HERR,name:subject-subordinate-clause
Lev.7.38,129,135,131,136,Jehova,HERRN,name:existing-oblique-article
Lev.8.1,4,10,4,12,Jehova,der HERR,name:subject-before-finite-verb
Lev.8.4,22,28,22,30,Jehova,der HERR,name:subject-subordinate-clause
Lev.8.5,52,58,52,60,Jehova,der HERR,name:subject-subordinate-clause
Lev.8.9,138,144,138,146,Jehova,der HERR,name:subject-subordinate-clause
Lev.8.12,7,10,7,11,goß,goss,orthography:wordlist
Lev.8.13,161,167,161,169,Jehova,der HERR,name:subject-subordinate-clause
Lev.8.15,187,190,187,191,goß,goss,orthography:wordlist
Lev.8.17,123,129,123,131,Jehova,der HERR,name:subject-subordinate-clause
Lev.8.21,187,193,187,192,Jehova,HERRN,name:existing-oblique-article
Lev.8.21,203,209,202,210,Jehova,der HERR,name:subject-subordinate-clause
Lev.8.26,55,61,55,64,Jehova,dem HERRN,name:presence-before-Lord
Lev.8.27,113,119,113,122,Jehova,dem HERRN,name:presence-before-Lord
Lev.8.28,173,179,173,178,Jehova,HERRN,name:existing-oblique-article
Lev.8.29,59,65,59,68,Jehova,dem HERRN,name:presence-before-Lord
Lev.8.29,129,135,132,140,Jehova,der HERR,name:subject-subordinate-clause
Lev.8.34,38,44,38,46,Jehova,der HERR,name:subject-after-auxiliary
Lev.8.35,132,139,132,141,Jehovas,des HERRN,name:genitive
Lev.8.35,153,156,155,159,daß,dass,orthography:wordlist
Lev.8.36,45,51,45,53,Jehova,der HERR,name:subject-subordinate-clause
Lev.9.2,137,143,137,146,Jehova,dem HERRN,name:presence-before-Lord
Lev.9.4,66,72,66,75,Jehova,dem HERRN,name:presence-before-Lord
Lev.9.4,142,148,145,153,Jehova,der HERR,name:subject-after-auxiliary
Lev.9.5,129,135,129,138,Jehova,dem HERRN,name:presence-before-Lord
Lev.9.6,63,69,63,71,Jehova,der HERR,name:subject-subordinate-clause
Lev.9.6,84,87,86,90,daß,dass,orthography:wordlist
Lev.9.6,130,137,133,142,Jehovas,des HERRN,name:genitive
Lev.9.7,210,216,210,218,Jehova,der HERR,name:subject-subordinate-clause
Lev.9.9,143,146,143,147,goß,goss,orthography:wordlist
Lev.9.10,106,112,106,114,Jehova,der HERR,name:subject-subordinate-clause
Lev.9.21,75,81,75,84,Jehova,dem HERRN,name:presence-before-Lord
Lev.9.23,136,143,136,145,Jehovas,des HERRN,name:genitive
Lev.9.24,27,33,27,36,Jehova,dem HERRN,name:dative-preposition
Lev.10.1,176,182,176,185,Jehova,dem HERRN,name:presence-before-Lord
Lev.10.2,18,24,18,27,Jehova,dem HERRN,name:dative-preposition
Lev.10.2,71,77,74,83,Jehova,dem HERRN,name:presence-before-Lord
Lev.10.3,45,51,45,53,Jehova,der HERR,name:subject-subordinate-clause
Lev.10.6,332,338,332,337,Jehova,HERRN,name:existing-oblique-article
Lev.10.7,79,82,79,83,daß,dass,orthography:wordlist
Lev.10.7,128,135,129,138,Jehovas,des HERRN,name:genitive
Lev.10.8,4,10,4,12,Jehova,der HERR,name:subject-before-finite-verb
Lev.10.9,146,149,146,150,daß,dass,orthography:wordlist
Lev.10.11,65,71,65,69,Jehova,HERR,name:unresolved-case
Lev.10.12,147,154,147,156,Jehovas,des HERRN,name:genitive
Lev.10.13,124,131,124,133,Jehovas,des HERRN,name:genitive
Lev.10.15,141,147,141,150,Jehova,dem HERRN,name:presence-before-Lord
Lev.10.15,246,252,249,257,Jehova,der HERR,name:subject-subordinate-clause
Lev.10.17,200,206,200,209,Jehova,dem HERRN,name:presence-before-Lord
Lev.10.19,135,141,135,144,Jehova,dem HERRN,name:presence-before-Lord
Lev.10.19,273,280,276,285,Jehovas,des HERRN,name:genitive
Lev.11.1,4,10,4,12,Jehova,der HERR,name:subject-before-finite-verb
Lev.11.10,195,201,195,201,Greuel,Gräuel,orthography:wordlist
Lev.11.11,8,14,8,14,Greuel,Gräuel,orthography:wordlist
Lev.11.12,78,84,78,84,Greuel,Gräuel,orthography:wordlist
Lev.11.13,90,96,90,96,Greuel,Gräuel,orthography:wordlist
Lev.11.20,71,77,71,77,Greuel,Gräuel,orthography:wordlist
Lev.11.23,65,71,65,71,Greuel,Gräuel,orthography:wordlist
Lev.11.41,55,61,55,61,Greuel,Gräuel,orthography:wordlist
Lev.11.42,198,204,198,204,Greuel,Gräuel,orthography:wordlist
Lev.11.43,30,36,30,36,Greuel,Gräuel,orthography:wordlist
Lev.11.43,117,120,117,121,daß,dass,orthography:wordlist
Lev.11.44,13,19,13,21,Jehova,der HERR,name:predicate-name
Lev.11.45,13,19,13,21,Jehova,der HERR,name:predicate-name
Lev.12.1,4,10,4,12,Jehova,der HERR,name:subject-before-finite-verb
Lev.12.2,56,59,56,60,ein,eine,grammar:Frau-determiner
Lev.12.2,60,64,61,65,Weib,Frau,word:Weib-Frau
Lev.12.7,20,26,20,29,Jehova,dem HERRN,name:presence-before-Lord
Lev.13.1,4,10,4,12,Jehova,der HERR,name:subject-before-finite-verb
Lev.13.6,90,94,90,95,blaß,blass,orthography:wordlist
Lev.13.21,138,142,138,143,blaß,blass,orthography:wordlist
Lev.13.26,138,142,138,143,blaß,blass,orthography:wordlist
Lev.13.28,113,117,113,118,blaß,blass,orthography:wordlist
Lev.13.29,24,27,24,28,ein,eine,grammar:Frau-determiner
Lev.13.29,28,32,29,33,Weib,Frau,word:Weib-Frau
Lev.13.38,24,27,24,28,ein,eine,grammar:Frau-determiner
Lev.13.38,28,32,29,33,Weib,Frau,word:Weib-Frau
Lev.13.51,59,62,59,63,daß,dass,orthography:wordlist
Lev.13.54,32,35,32,36,daß,dass,orthography:wordlist
Lev.13.56,60,64,60,65,blaß,blass,orthography:wordlist
Lev.14.1,4,10,4,12,Jehova,der HERR,name:subject-before-finite-verb
Lev.14.4,32,35,32,36,daß,dass,orthography:wordlist
Lev.14.5,34,37,34,38,daß,dass,orthography:wordlist
Lev.14.11,87,93,87,96,Jehova,dem HERRN,name:presence-before-Lord
Lev.14.12,121,127,121,130,Jehova,dem HERRN,name:presence-before-Lord
Lev.14.16,150,156,150,159,Jehova,dem HERRN,name:presence-before-Lord
Lev.14.18,169,175,169,178,Jehova,dem HERRN,name:presence-before-Lord
Lev.14.23,126,132,126,135,Jehova,dem HERRN,name:presence-before-Lord
Lev.14.24,113,119,113,122,Jehova,dem HERRN,name:presence-before-Lord
Lev.14.27,113,119,113,122,Jehova,dem HERRN,name:presence-before-Lord
Lev.14.29,152,158,152,161,Jehova,dem HERRN,name:presence-before-Lord
Lev.14.31,155,161,155,164,Jehova,dem HERRN,name:presence-before-Lord
Lev.14.33,4,10,4,12,Jehova,der HERR,name:subject-before-finite-verb
Lev.14.36,43,46,43,47,daß,dass,orthography:wordlist
Lev.14.40,32,35,32,36,daß,dass,orthography:wordlist
Lev.15.1,4,10,4,12,Jehova,der HERR,name:subject-before-finite-verb
Lev.15.2,148,152,148,153,Fluß,Fluss,orthography:wordlist
Lev.15.3,56,60,56,61,Läßt,Lässt,orthography:wordlist
Lev.15.3,82,86,83,88,Fluß,Fluss,orthography:wordlist
Lev.15.3,128,132,130,135,Fluß,Fluss,orthography:wordlist
Lev.15.14,92,98,92,101,Jehova,dem HERRN,name:presence-before-Lord
Lev.15.15,138,144,138,147,Jehova,dem HERRN,name:presence-before-Lord
Lev.15.16,26,36,26,37,Samenerguß,Samenerguss,orthography:wordlist
Lev.15.17,45,55,45,56,Samenerguß,Samenerguss,orthography:wordlist
Lev.15.18,4,7,4,8,ein,eine,grammar:Frau-determiner
Lev.15.18,8,12,9,13,Weib,Frau,word:Weib-Frau
Lev.15.18,47,57,48,59,Samenerguß,Samenerguss,orthography:wordlist
Lev.15.19,9,12,9,13,ein,eine,grammar:Frau-determiner
Lev.15.19,13,17,14,18,Weib,Frau,word:Weib-Frau
Lev.15.19,40,44,41,46,Fluß,Fluss,orthography:wordlist
Lev.15.25,9,12,9,13,ein,eine,grammar:Frau-determiner
Lev.15.25,13,17,14,18,Weib,Frau,word:Weib-Frau
Lev.15.25,25,33,26,35,Blutfluß,Blutfluss,orthography:wordlist
Lev.15.25,103,107,105,110,Fluß,Fluss,orthography:wordlist
Lev.15.30,133,139,133,142,Jehova,dem HERRN,name:presence-before-Lord
Lev.15.31,68,71,68,72,daß,dass,orthography:wordlist
Lev.15.32,59,69,59,70,Samenerguß,Samenerguss,orthography:wordlist
Lev.15.32,83,86,84,88,daß,dass,orthography:wordlist
Lev.15.33,75,79,75,80,Fluß,Fluss,orthography:wordlist
Lev.15.33,104,108,105,109,Weib,Frau,word:Weib-Frau
Lev.16.1,4,10,4,12,Jehova,der HERR,name:subject-before-finite-verb
Lev.16.1,80,86,82,91,Jehova,dem HERRN,name:presence-before-Lord
Lev.16.2,4,10,4,12,Jehova,der HERR,name:subject-before-finite-verb
Lev.16.2,58,61,60,64,daß,dass,orthography:wordlist
Lev.16.7,47,53,47,56,Jehova,dem HERRN,name:presence-before-Lord
Lev.16.8,64,70,64,73,Jehova,den HERRN,name:accusative-preposition
Lev.16.9,66,72,66,75,Jehova,den HERRN,name:accusative-preposition
Lev.16.10,91,97,91,100,Jehova,dem HERRN,name:presence-before-Lord
Lev.16.12,92,98,92,101,Jehova,dem HERRN,name:presence-before-Lord
Lev.16.13,67,73,67,76,Jehova,dem HERRN,name:presence-before-Lord
Lev.16.18,57,63,57,66,Jehova,dem HERRN,name:presence-before-Lord
Lev.16.30,126,132,126,135,Jehova,dem HERRN,name:presence-before-Lord
Lev.16.31,4,11,4,10,Sabbath,Sabbat,orthography:wordlist
Lev.16.34,148,154,148,156,Jehova,der HERR,name:subject-subordinate-clause
Lev.17.1,4,10,4,12,Jehova,der HERR,name:subject-before-finite-verb
Lev.17.2,105,111,105,113,Jehova,der HERR,name:subject-subordinate-clause
Lev.17.4,91,97,91,95,Jehova,HERR,name:unresolved-case
Lev.17.4,144,151,142,151,Jehovas,des HERRN,name:genitive
Lev.17.5,14,17,14,18,daß,dass,orthography:wordlist
Lev.17.5,104,107,105,109,daß,dass,orthography:wordlist
Lev.17.5,116,122,118,122,Jehova,HERR,name:unresolved-case
Lev.17.5,227,233,227,232,Jehova,HERRN,name:existing-oblique-article
Lev.17.6,57,64,57,66,Jehovas,des HERRN,name:genitive
Lev.17.6,172,178,174,179,Jehova,HERRN,name:existing-oblique-article
Lev.17.9,74,80,74,78,Jehova,HERR,name:unresolved-case
Lev.18.1,4,10,4,12,Jehova,der HERR,name:subject-before-finite-verb
Lev.18.2,68,74,68,76,Jehova,der HERR,name:predicate-name
Lev.18.4,99,105,99,107,Jehova,der HERR,name:predicate-name
Lev.18.5,127,133,127,135,Jehova,der HERR,name:predicate-name
Lev.18.6,103,109,103,111,Jehova,der HERR,name:predicate-name
Lev.18.8,11,14,11,14,des,der,grammar:Frau-determiner
Lev.18.8,15,21,15,19,Weibes,Frau,word:Weib-Frau
Lev.18.11,24,27,24,27,des,der,grammar:Frau-determiner
Lev.18.11,28,34,28,32,Weibes,Frau,word:Weib-Frau
Lev.18.14,70,76,70,76,seinem,seiner,grammar:Frau-determiner
Lev.18.14,77,82,77,81,Weibe,Frau,word:Weib-Frau
Lev.18.15,72,75,72,75,das,die,grammar:Frau-determiner
Lev.18.15,76,80,76,80,Weib,Frau,word:Weib-Frau
Lev.18.16,11,14,11,14,des,der,grammar:Frau-determiner
Lev.18.16,15,21,15,19,Weibes,Frau,word:Weib-Frau
Lev.18.17,11,16,11,16,eines,einer,grammar:Frau-determiner
Lev.18.17,17,23,17,21,Weibes,Frau,word:Weib-Frau
Lev.18.18,20,23,20,24,ein,eine,grammar:Frau-determiner
Lev.18.18,24,28,25,29,Weib,Frau,word:Weib-Frau
Lev.18.19,4,9,4,9,einem,einer,grammar:Frau-determiner
Lev.18.19,10,15,10,14,Weibe,Frau,word:Weib-Frau
Lev.18.20,8,11,8,11,dem,der,grammar:Frau-determiner
Lev.18.20,12,17,12,16,Weibe,Frau,word:Weib-Frau
Lev.18.20,75,78,74,78,daß,dass,orthography:wordlist
Lev.18.21,137,144,137,146,Jehovas,des HERRN,name:genitive
Lev.18.21,188,194,190,198,Jehova,der HERR,name:predicate-name
Lev.18.22,57,62,57,62,einem,einer,grammar:Frau-determiner
Lev.18.22,63,68,63,67,Weibe,Frau,word:Weib-Frau
Lev.18.22,89,95,88,94,Greuel,Gräuel,orthography:wordlist
Lev.18.23,43,46,43,47,daß,dass,orthography:wordlist
Lev.18.23,81,84,82,86,ein,eine,grammar:Frau-determiner
Lev.18.23,85,89,87,91,Weib,Frau,word:Weib-Frau
Lev.18.26,111,118,111,118,Greueln,Gräueln,orthography:wordlist
Lev.18.27,16,22,16,22,Greuel,Gräuel,orthography:wordlist
Lev.18.29,39,46,39,46,Greueln,Gräueln,orthography:wordlist
Lev.18.30,56,59,56,60,daß,dass,orthography:wordlist
Lev.18.30,74,84,75,85,greulichen,gräulichen,orthography:wordlist
Lev.18.30,188,194,189,197,Jehova,der HERR,name:predicate-name
Lev.19.1,4,10,4,12,Jehova,der HERR,name:subject-before-finite-verb
Lev.19.2,114,120,114,122,Jehova,der HERR,name:first-person-apposition
Lev.19.3,73,81,73,80,Sabbathe,Sabbate,orthography:wordlist
Lev.19.3,112,118,111,119,Jehova,der HERR,name:predicate-name
Lev.19.4,104,110,104,112,Jehova,der HERR,name:predicate-name
Lev.19.5,36,42,36,41,Jehova,HERRN,name:existing-oblique-article
Lev.19.7,65,71,65,71,Greuel,Gräuel,orthography:wordlist
Lev.19.8,71,78,71,80,Jehovas,des HERRN,name:genitive
Lev.19.10,195,201,195,203,Jehova,der HERR,name:predicate-name
Lev.19.12,57,60,57,61,daß,dass,orthography:wordlist
Lev.19.12,110,116,111,119,Jehova,der HERR,name:predicate-name
Lev.19.14,140,146,140,148,Jehova,der HERR,name:predicate-name
Lev.19.16,138,144,138,146,Jehova,der HERR,name:predicate-name
Lev.19.18,140,146,140,148,Jehova,der HERR,name:predicate-name
Lev.19.20,23,28,23,28,einem,einer,grammar:Frau-determiner
Lev.19.20,29,34,29,33,Weibe,Frau,word:Weib-Frau
Lev.19.21,35,41,35,40,Jehova,HERRN,name:existing-oblique-article
Lev.19.22,27,33,27,36,Jehova,dem HERRN,name:presence-before-Lord
Lev.19.24,57,63,57,61,Jehova,HERR,name:unresolved-case
Lev.19.25,93,99,93,101,Jehova,der HERR,name:predicate-name
Lev.19.28,135,141,135,143,Jehova,der HERR,name:predicate-name
Lev.19.29,72,75,72,76,daß,dass,orthography:wordlist
Lev.19.30,6,14,6,13,Sabbathe,Sabbate,orthography:wordlist
Lev.19.30,88,94,87,95,Jehova,der HERR,name:predicate-name
Lev.19.31,149,155,149,157,Jehova,der HERR,name:predicate-name
Lev.19.32,140,146,140,148,Jehova,der HERR,name:predicate-name
Lev.19.34,187,193,187,195,Jehova,der HERR,name:predicate-name
Lev.19.36,101,107,101,109,Jehova,der HERR,name:predicate-name
Lev.19.37,96,102,96,104,Jehova,der HERR,name:predicate-name
Lev.20.1,4,10,4,12,Jehova,der HERR,name:subject-before-finite-verb
Lev.20.2,179,188,179,189,gewißlich,gewisslich,orthography:wordlist
Lev.20.4,131,134,131,135,daß,dass,orthography:wordlist
Lev.20.7,48,54,48,56,Jehova,der HERR,name:predicate-name
Lev.20.8,54,60,54,62,Jehova,der HERR,name:predicate-name
Lev.20.9,73,82,73,83,gewißlich,gewisslich,orthography:wordlist
Lev.20.10,38,41,38,41,dem,der,grammar:Frau-determiner
Lev.20.10,42,47,42,46,Weibe,Frau,word:Weib-Frau
Lev.20.10,93,96,92,95,dem,der,grammar:Frau-determiner
Lev.20.10,97,102,96,100,Weibe,Frau,word:Weib-Frau
Lev.20.10,169,178,167,177,gewißlich,gewisslich,orthography:wordlist
Lev.20.11,23,26,23,26,dem,der,grammar:Frau-determiner
Lev.20.11,27,32,27,31,Weibe,Frau,word:Weib-Frau
Lev.20.11,116,125,115,125,gewißlich,gewisslich,orthography:wordlist
Lev.20.12,82,91,82,92,gewißlich,gewisslich,orthography:wordlist
Lev.20.13,64,69,64,69,einem,einer,grammar:Frau-determiner
Lev.20.13,70,75,70,74,Weibe,Frau,word:Weib-Frau
Lev.20.13,106,112,105,111,Greuel,Gräuel,orthography:wordlist
Lev.20.13,133,142,132,142,gewißlich,gewisslich,orthography:wordlist
Lev.20.14,19,22,19,23,ein,eine,grammar:Frau-determiner
Lev.20.14,23,27,24,28,Weib,Frau,word:Weib-Frau
Lev.20.14,122,125,123,127,daß,dass,orthography:wordlist
Lev.20.15,64,73,64,74,gewißlich,gewisslich,orthography:wordlist
Lev.20.16,9,12,9,13,ein,eine,grammar:Frau-determiner
Lev.20.16,13,17,14,18,Weib,Frau,word:Weib-Frau
Lev.20.16,96,99,97,100,das,die,grammar:Frau-determiner
Lev.20.16,100,104,101,105,Weib,Frau,word:Weib-Frau
Lev.20.16,143,152,144,154,gewißlich,gewisslich,orthography:wordlist
Lev.20.18,23,28,23,28,einem,einer,grammar:Frau-determiner
Lev.20.18,29,34,29,33,Weibe,Frau,word:Weib-Frau
Lev.20.20,23,26,23,26,dem,der,grammar:Frau-determiner
Lev.20.20,27,32,27,31,Weibe,Frau,word:Weib-Frau
Lev.20.21,19,22,19,22,das,die,grammar:Frau-determiner
Lev.20.21,23,27,23,27,Weib,Frau,word:Weib-Frau
Lev.20.24,156,162,156,164,Jehova,der HERR,name:predicate-name
Lev.20.25,165,171,165,171,Greuel,Gräuel,orthography:wordlist
Lev.20.26,60,66,60,68,Jehova,der HERR,name:first-person-apposition
Lev.20.27,31,36,31,36,einem,einer,grammar:Frau-determiner
Lev.20.27,37,42,37,41,Weibe,Frau,word:Weib-Frau
Lev.20.27,104,113,103,113,gewißlich,gewisslich,orthography:wordlist
Lev.21.1,22,28,22,30,Jehova,der HERR,name:subject-before-finite-verb
Lev.21.6,115,122,115,124,Jehovas,des HERRN,name:genitive
Lev.21.7,46,49,46,49,zum,zur,grammar:Frau-determiner
Lev.21.7,50,55,50,54,Weibe,Frau,word:Weib-Frau
Lev.21.7,90,101,89,99,verstoßenes,verstoßene,grammar:Frau-adjective
Lev.21.7,102,106,100,104,Weib,Frau,word:Weib-Frau
Lev.21.8,131,137,131,135,Jehova,HERR,name:unresolved-case
Lev.21.12,167,173,167,175,Jehova,der HERR,name:predicate-name
Lev.21.13,18,21,18,22,ein,eine,grammar:Frau-determiner
Lev.21.13,22,26,23,27,Weib,Frau,word:Weib-Frau
Lev.21.14,144,147,144,147,zum,zur,grammar:Frau-determiner
Lev.21.14,148,153,148,152,Weibe,Frau,word:Weib-Frau
Lev.21.15,79,85,79,87,Jehova,der HERR,name:predicate-name
Lev.21.16,4,10,4,12,Jehova,der HERR,name:subject-before-finite-verb
Lev.21.21,120,127,120,129,Jehovas,des HERRN,name:genitive
Lev.21.23,112,115,112,116,daß,dass,orthography:wordlist
Lev.21.23,167,173,168,176,Jehova,der HERR,name:predicate-name
Lev.22.1,4,10,4,12,Jehova,der HERR,name:subject-before-finite-verb
Lev.22.2,48,51,48,52,daß,dass,orthography:wordlist
Lev.22.2,193,199,194,202,Jehova,der HERR,name:predicate-name
Lev.22.3,145,151,145,149,Jehova,HERR,name:unresolved-case
Lev.22.3,277,283,275,283,Jehova,der HERR,name:predicate-name
Lev.22.4,230,240,230,241,Samenerguß,Samenerguss,orthography:wordlist
Lev.22.8,53,56,53,57,daß,dass,orthography:wordlist
Lev.22.8,95,101,96,104,Jehova,der HERR,name:predicate-name
Lev.22.9,149,155,149,157,Jehova,der HERR,name:predicate-name
Lev.22.12,39,42,39,42,das,die,grammar:Frau-determiner
Lev.22.12,43,47,43,47,Weib,Frau,word:Weib-Frau
Lev.22.15,82,88,82,87,Jehova,HERRN,name:existing-oblique-article
Lev.22.16,119,125,119,127,Jehova,der HERR,name:predicate-name
Lev.22.17,4,10,4,12,Jehova,der HERR,name:subject-before-finite-verb
Lev.22.18,293,299,293,297,Jehova,HERR,name:unresolved-case
Lev.22.21,21,27,21,26,Jehova,HERRN,name:existing-oblique-article
Lev.22.22,134,140,134,138,Jehova,HERR,name:unresolved-case
Lev.22.22,171,177,169,173,Jehova,HERR,name:unresolved-case
Lev.22.24,109,115,109,113,Jehova,HERR,name:unresolved-case
Lev.22.26,4,10,4,12,Jehova,der HERR,name:subject-before-finite-verb
Lev.22.27,212,218,212,217,Jehova,HERRN,name:existing-oblique-article
Lev.22.29,17,23,17,22,Jehova,HERRN,name:existing-oblique-article
Lev.22.30,109,115,109,117,Jehova,der HERR,name:predicate-name
Lev.22.31,62,68,62,70,Jehova,der HERR,name:predicate-name
Lev.22.33,8,14,8,16,Jehova,der HERR,name:predicate-name
Lev.22.33,118,124,120,128,Jehova,der HERR,name:predicate-name
Lev.23.1,4,10,4,12,Jehova,der HERR,name:subject-before-finite-verb
Lev.23.2,70,77,70,79,Jehovas,des HERRN,name:genitive
Lev.23.3,82,89,82,88,Sabbath,Sabbat,orthography:wordlist
Lev.23.3,173,180,172,178,Sabbath,Sabbat,orthography:wordlist
Lev.23.3,185,191,183,188,Jehova,HERRN,name:existing-oblique-article
Lev.23.4,20,27,20,29,Jehovas,des HERRN,name:genitive
Lev.23.5,89,95,89,94,Jehova,HERRN,name:existing-oblique-article
Lev.23.6,82,88,82,87,Jehova,HERRN,name:existing-oblique-article
Lev.23.8,24,30,24,28,Jehova,HERR,name:unresolved-case
Lev.23.9,4,10,4,12,Jehova,der HERR,name:subject-before-finite-verb
Lev.23.11,36,42,36,45,Jehova,dem HERRN,name:presence-before-Lord
Lev.23.11,104,111,107,113,Sabbath,Sabbat,orthography:wordlist
Lev.23.12,124,130,124,129,Jehova,HERRN,name:existing-oblique-article
Lev.23.13,83,89,83,88,Jehova,HERRN,name:existing-oblique-article
Lev.23.15,64,71,64,70,Sabbath,Sabbat,orthography:wordlist
Lev.23.16,49,56,49,55,Sabbath,Sabbat,orthography:wordlist
Lev.23.16,106,112,105,109,Jehova,HERR,name:unresolved-case
Lev.23.17,161,167,161,166,Jehova,HERRN,name:existing-oblique-article
Lev.23.18,163,169,163,168,Jehova,HERRN,name:existing-oblique-article
Lev.23.18,258,264,257,262,Jehova,HERRN,name:existing-oblique-article
Lev.23.20,82,88,82,91,Jehova,dem HERRN,name:presence-before-Lord
Lev.23.20,126,132,129,133,Jehova,HERR,name:unresolved-case
Lev.23.22,222,228,222,230,Jehova,der HERR,name:predicate-name
Lev.23.23,4,10,4,12,Jehova,der HERR,name:subject-before-finite-verb
Lev.23.25,54,60,54,58,Jehova,HERR,name:unresolved-case
Lev.23.26,4,10,4,12,Jehova,der HERR,name:subject-before-finite-verb
Lev.23.27,155,161,155,159,Jehova,HERR,name:unresolved-case
Lev.23.28,128,134,128,137,Jehova,dem HERRN,name:presence-before-Lord
Lev.23.32,4,11,4,10,Sabbath,Sabbat,orthography:wordlist
Lev.23.32,161,168,160,166,Sabbath,Sabbat,orthography:wordlist
Lev.23.33,4,10,4,12,Jehova,der HERR,name:subject-before-finite-verb
Lev.23.34,131,137,131,136,Jehova,HERRN,name:existing-oblique-article
Lev.23.36,50,56,50,54,Jehova,HERR,name:unresolved-case
Lev.23.36,158,164,156,160,Jehova,HERR,name:unresolved-case
Lev.23.37,20,27,20,29,Jehovas,des HERRN,name:genitive
Lev.23.37,85,91,87,96,Jehova,den HERRN,name:accusative-preposition
Lev.23.38,10,19,10,18,Sabbathen,Sabbaten,orthography:wordlist
Lev.23.38,20,27,19,28,Jehovas,des HERRN,name:genitive
Lev.23.38,135,141,136,140,Jehova,HERR,name:unresolved-case
Lev.23.39,119,126,119,128,Jehovas,des HERRN,name:genitive
Lev.23.40,169,175,169,178,Jehova,dem HERRN,name:presence-before-Lord
Lev.23.41,60,66,60,65,Jehova,HERRN,name:existing-oblique-article
Lev.23.43,4,7,4,8,daß,dass,orthography:wordlist
Lev.23.43,35,38,36,40,daß,dass,orthography:wordlist
Lev.23.43,156,162,158,166,Jehova,der HERR,name:predicate-name
Lev.23.44,46,53,46,55,Jehovas,des HERRN,name:genitive
Lev.24.1,4,10,4,12,Jehova,der HERR,name:subject-before-finite-verb
Lev.24.2,29,32,29,33,daß,dass,orthography:wordlist
Lev.24.3,138,144,138,147,Jehova,dem HERRN,name:presence-before-Lord
Lev.24.4,69,75,69,78,Jehova,dem HERRN,name:presence-before-Lord
Lev.24.6,97,103,97,106,Jehova,dem HERRN,name:presence-before-Lord
Lev.24.7,120,126,120,125,Jehova,HERRN,name:existing-oblique-article
Lev.24.8,0,10,0,9,Sabbathtag,Sabbattag,orthography:wordlist
Lev.24.8,16,26,15,24,Sabbathtag,Sabbattag,orthography:wordlist
Lev.24.8,50,56,48,57,Jehova,dem HERRN,name:presence-before-Lord
Lev.24.9,149,156,149,158,Jehovas,des HERRN,name:genitive
Lev.24.10,14,19,14,19,eines,einer,grammar:Frau-determiner
Lev.24.10,35,41,35,39,Weibes,Frau,word:Weib-Frau
Lev.24.11,14,17,14,17,des,der,grammar:Frau-determiner
Lev.24.11,33,39,33,37,Weibes,Frau,word:Weib-Frau
Lev.24.11,61,68,59,68,Jehovas,des HERRN,name:genitive
Lev.24.12,61,68,61,70,Jehovas,des HERRN,name:genitive
Lev.24.13,4,10,4,12,Jehova,der HERR,name:subject-before-finite-verb
Lev.24.16,18,25,18,27,Jehovas,des HERRN,name:genitive
Lev.24.16,42,51,44,54,gewißlich,gewisslich,orthography:wordlist
Lev.24.17,64,73,64,74,gewißlich,gewisslich,orthography:wordlist
Lev.24.22,114,120,114,122,Jehova,der HERR,name:predicate-name
Lev.24.23,148,154,148,156,Jehova,der HERR,name:subject-subordinate-clause
Lev.25.1,4,10,4,12,Jehova,der HERR,name:subject-before-finite-verb
Lev.25.2,139,145,139,144,Jehova,HERRN,name:existing-oblique-article
Lev.25.2,153,160,152,158,Sabbath,Sabbat,orthography:wordlist
Lev.25.4,32,39,32,38,Sabbath,Sabbat,orthography:wordlist
Lev.25.4,74,81,73,79,Sabbath,Sabbat,orthography:wordlist
Lev.25.4,86,92,84,89,Jehova,HERRN,name:existing-oblique-article
Lev.25.6,18,25,18,24,Sabbath,Sabbat,orthography:wordlist
Lev.25.8,86,89,86,90,daß,dass,orthography:wordlist
Lev.25.17,117,123,117,125,Jehova,der HERR,name:predicate-name
Lev.25.21,63,66,63,67,daß,dass,orthography:wordlist
Lev.25.38,8,14,8,16,Jehova,der HERR,name:predicate-name
Lev.25.47,176,185,176,186,Sprößling,Sprössling,orthography:wordlist
Lev.25.55,127,133,127,135,Jehova,der HERR,name:predicate-name
Lev.26.1,216,222,216,224,Jehova,der HERR,name:predicate-name
Lev.26.2,6,14,6,13,Sabbathe,Sabbate,orthography:wordlist
Lev.26.2,88,94,87,95,Jehova,der HERR,name:predicate-name
Lev.26.6,40,43,40,44,daß,dass,orthography:wordlist
Lev.26.13,18,24,18,22,Jehova,HERR,name:unresolved-case
Lev.26.13,96,99,94,98,daß,dass,orthography:wordlist
Lev.26.15,87,90,87,91,daß,dass,orthography:wordlist
Lev.26.15,129,132,130,134,daß,dass,orthography:wordlist
Lev.26.16,129,132,129,133,daß,dass,orthography:wordlist
Lev.26.17,50,53,50,54,daß,dass,orthography:wordlist
Lev.26.22,58,61,58,62,daß,dass,orthography:wordlist
Lev.26.23,60,64,60,65,laßt,lasst,orthography:wordlist
Lev.26.26,60,66,60,66,Weiber,Frauen,word:Weib-Frau
Lev.26.32,35,38,35,39,daß,dass,orthography:wordlist
Lev.26.34,27,35,27,34,Sabbathe,Sabbate,orthography:wordlist
Lev.26.34,158,166,157,164,Sabbathe,Sabbate,orthography:wordlist
Lev.26.35,82,91,82,90,Sabbathen,Sabbaten,orthography:wordlist
Lev.26.40,168,171,168,172,daß,dass,orthography:wordlist
Lev.26.43,66,74,66,73,Sabbathe,Sabbate,orthography:wordlist
Lev.26.43,203,206,202,206,daß,dass,orthography:wordlist
Lev.26.44,204,210,204,212,Jehova,der HERR,name:predicate-name
Lev.26.45,174,180,174,182,Jehova,der HERR,name:predicate-name
Lev.26.46,65,71,65,73,Jehova,der HERR,name:subject-subordinate-clause
Lev.27.1,4,10,4,12,Jehova,der HERR,name:subject-before-finite-verb
Lev.27.2,144,150,144,153,Jehova,den HERRN,name:accusative-preposition
Lev.27.4,12,15,12,16,ein,eine,grammar:Frau-determiner
Lev.27.4,16,20,17,21,Weib,Frau,word:Weib-Frau
Lev.27.7,134,139,134,139,eines,einer,grammar:Frau-determiner
Lev.27.7,140,146,140,144,Weibes,Frau,word:Weib-Frau
Lev.27.9,37,43,37,41,Jehova,HERR,name:unresolved-case
Lev.27.9,96,102,94,98,Jehova,HERR,name:unresolved-case
Lev.27.11,53,59,53,57,Jehova,HERR,name:unresolved-case
Lev.27.14,37,40,37,41,daß,dass,orthography:wordlist
Lev.27.14,44,50,45,49,Jehova,HERR,name:unresolved-case
Lev.27.16,49,55,49,53,Jehova,HERR,name:unresolved-case
Lev.27.21,66,72,66,70,Jehova,HERR,name:unresolved-case
Lev.27.22,87,93,87,91,Jehova,HERR,name:unresolved-case
Lev.27.23,146,152,146,151,Jehova,HERRN,name:existing-oblique-article
Lev.27.26,57,63,57,61,Jehova,HERR,name:unresolved-case
Lev.27.26,153,159,151,155,Jehova,HERR,name:unresolved-case
Lev.27.28,40,46,40,45,Jehova,HERRN,name:existing-oblique-article
Lev.27.28,214,220,213,218,Jehova,HERRN,name:existing-oblique-article
Lev.27.29,75,84,75,85,gewißlich,gewisslich,orthography:wordlist
Lev.27.30,89,95,89,93,Jehova,HERR,name:unresolved-case
Lev.27.30,105,111,103,111,Jehova,der HERR,name:predicate-name
Lev.27.32,107,113,107,115,Jehova,der HERR,name:subject-after-auxiliary
Lev.27.34,29,35,29,37,Jehova,der HERR,name:subject-subordinate-clause
Num.1.1,4,10,4,12,Jehova,der HERR,name:subject-before-finite-verb
Num.1.19,4,10,4,12,Jehova,der HERR,name:subject-subordinate-clause
Num.1.48,5,11,5,13,Jehova,der HERR,name:subject-before-finite-verb
Num.1.53,78,81,78,82,daß,dass,orthography:wordlist
Num.1.54,44,50,44,52,Jehova,der HERR,name:subject-subordinate-clause
Num.2.1,4,10,4,12,Jehova,der HERR,name:subject-before-finite-verb
Num.2.33,76,82,76,84,Jehova,der HERR,name:subject-subordinate-clause
Num.2.34,46,52,46,54,Jehova,der HERR,name:subject-subordinate-clause
Num.3.1,68,74,68,72,Jehova,HERR,name:unresolved-case
Num.3.4,33,39,33,42,Jehova,dem HERRN,name:presence-before-Lord
Num.3.4,87,93,90,99,Jehova,dem HERRN,name:presence-before-Lord
Num.3.5,4,10,4,12,Jehova,der HERR,name:subject-before-finite-verb
Num.3.6,0,3,0,4,Laß,Lass,orthography:wordlist
Num.3.6,74,77,75,79,daß,dass,orthography:wordlist
Num.3.10,67,70,67,71,daß,dass,orthography:wordlist
Num.3.11,4,10,4,12,Jehova,der HERR,name:subject-before-finite-verb
Num.3.13,206,212,206,210,Jehova,HERR,name:terminal-direct-address
Num.3.14,4,10,4,12,Jehova,der HERR,name:subject-before-finite-verb
Num.3.16,40,47,40,49,Jehovas,des HERRN,name:genitive
Num.3.39,78,85,78,87,Jehovas,des HERRN,name:genitive
Num.3.40,4,10,4,12,Jehova,der HERR,name:subject-before-finite-verb
Num.3.41,37,43,37,41,Jehova,HERR,name:unresolved-case
Num.3.42,27,33,27,35,Jehova,der HERR,name:subject-subordinate-clause
Num.3.44,4,10,4,12,Jehova,der HERR,name:subject-before-finite-verb
Num.3.45,175,181,175,179,Jehova,HERR,name:terminal-direct-address
Num.3.51,106,113,106,115,Jehovas,des HERRN,name:genitive
Num.3.51,122,128,124,132,Jehova,der HERR,name:subject-subordinate-clause
Num.4.1,4,10,4,12,Jehova,der HERR,name:subject-before-finite-verb
Num.4.17,4,10,4,12,Jehova,der HERR,name:subject-before-finite-verb
Num.4.20,36,39,36,40,daß,dass,orthography:wordlist
Num.4.21,4,10,4,12,Jehova,der HERR,name:subject-before-finite-verb
Num.4.37,152,159,152,161,Jehovas,des HERRN,name:genitive
Num.4.41,156,163,156,165,Jehovas,des HERRN,name:genitive
Num.4.45,106,113,106,115,Jehovas,des HERRN,name:genitive
Num.4.49,17,24,17,26,Jehovas,des HERRN,name:genitive
Num.4.49,152,158,154,162,Jehova,der HERR,name:subject-subordinate-clause
Num.5.1,4,10,4,12,Jehova,der HERR,name:subject-before-finite-verb
Num.5.2,29,32,29,33,daß,dass,orthography:wordlist
Num.5.3,17,21,17,21,Weib,Frau,word:Weib-Frau
Num.5.4,79,85,79,87,Jehova,der HERR,name:subject-subordinate-clause
Num.5.5,4,10,4,12,Jehova,der HERR,name:subject-before-finite-verb
Num.5.6,59,62,59,63,ein,eine,grammar:Frau-determiner
Num.5.6,63,67,64,68,Weib,Frau,word:Weib-Frau
Num.5.6,121,124,122,126,daß,dass,orthography:wordlist
Num.5.6,148,154,150,159,Jehova,den HERRN,name:accusative-preposition
Num.5.8,113,119,113,121,Jehova,der HERR,name:subject-subordinate-clause
Num.5.11,4,10,4,12,Jehova,der HERR,name:subject-before-finite-verb
Num.5.12,84,88,84,88,Weib,Frau,word:Weib-Frau
Num.5.14,76,80,76,81,sein,seine,grammar:Frau-determiner
Num.5.14,81,85,82,86,Weib,Frau,word:Weib-Frau
Num.5.14,196,200,197,202,sein,seine,grammar:Frau-determiner
Num.5.14,201,205,203,207,Weib,Frau,word:Weib-Frau
Num.5.15,18,22,18,23,sein,seine,grammar:Frau-determiner
Num.5.15,23,27,24,28,Weib,Frau,word:Weib-Frau
Num.5.16,58,64,58,67,Jehova,dem HERRN,name:presence-before-Lord
Num.5.18,25,28,25,28,das,die,grammar:Frau-determiner
Num.5.18,29,33,29,33,Weib,Frau,word:Weib-Frau
Num.5.18,38,44,38,47,Jehova,dem HERRN,name:presence-before-Lord
Num.5.18,70,73,73,76,des,der,grammar:Frau-determiner
Num.5.18,74,80,77,81,Weibes,Frau,word:Weib-Frau
Num.5.19,45,48,45,48,dem,der,grammar:Frau-determiner
Num.5.19,49,54,49,53,Weibe,Frau,word:Weib-Frau
Num.5.21,28,31,28,31,das,die,grammar:Frau-determiner
Num.5.21,32,36,32,36,Weib,Frau,word:Weib-Frau
Num.5.21,104,107,104,107,dem,der,grammar:Frau-determiner
Num.5.21,108,113,108,112,Weibe,Frau,word:Weib-Frau
Num.5.21,141,147,140,144,Jehova,HERR,name:unresolved-case
Num.5.21,212,218,209,213,Jehova,HERR,name:unresolved-case
Num.5.22,130,133,130,133,das,die,grammar:Frau-determiner
Num.5.22,134,138,134,138,Weib,Frau,word:Weib-Frau
Num.5.24,13,16,13,16,das,die,grammar:Frau-determiner
Num.5.24,17,21,17,21,Weib,Frau,word:Weib-Frau
Num.5.25,38,41,38,41,des,der,grammar:Frau-determiner
Num.5.25,42,48,42,46,Weibes,Frau,word:Weib-Frau
Num.5.25,110,116,108,117,Jehova,dem HERRN,name:presence-before-Lord
Num.5.26,146,149,146,149,das,die,grammar:Frau-determiner
Num.5.26,150,154,150,154,Weib,Frau,word:Weib-Frau
Num.5.27,148,151,148,152,daß,dass,orthography:wordlist
Num.5.27,277,280,278,281,das,die,grammar:Frau-determiner
Num.5.27,281,285,282,286,Weib,Frau,word:Weib-Frau
Num.5.28,10,13,10,13,das,die,grammar:Frau-determiner
Num.5.28,14,18,14,18,Weib,Frau,word:Weib-Frau
Num.5.29,42,45,42,46,ein,eine,grammar:Frau-determiner
Num.5.29,46,50,47,51,Weib,Frau,word:Weib-Frau
Num.5.30,91,95,91,96,sein,seine,grammar:Frau-determiner
Num.5.30,96,100,97,101,Weib,Frau,word:Weib-Frau
Num.5.30,114,117,115,118,das,die,grammar:Frau-determiner
Num.5.30,118,122,119,123,Weib,Frau,word:Weib-Frau
Num.5.30,127,133,128,137,Jehova,dem HERRN,name:presence-before-Lord
Num.5.31,43,51,43,50,selbiges,selbige,grammar:Frau-adjective
Num.5.31,52,56,51,55,Weib,Frau,word:Weib-Frau
Num.6.1,4,10,4,12,Jehova,der HERR,name:subject-before-finite-verb
Num.6.2,79,82,79,83,ein,eine,grammar:Frau-determiner
Num.6.2,83,87,84,88,Weib,Frau,word:Weib-Frau
Num.6.2,157,163,158,167,Jehova,den HERRN,name:accusative-preposition
Num.6.5,140,146,140,149,Jehova,den HERRN,name:accusative-preposition
Num.6.6,33,39,33,42,Jehova,den HERRN,name:accusative-preposition
Num.6.8,45,51,45,50,Jehova,HERRN,name:existing-oblique-article
Num.6.11,114,117,114,118,daß,dass,orthography:wordlist
Num.6.12,73,79,73,82,Jehova,den HERRN,name:accusative-preposition
Num.6.14,31,37,31,35,Jehova,HERR,name:unresolved-case
Num.6.16,31,37,31,40,Jehova,dem HERRN,name:presence-before-Lord
Num.6.17,47,53,47,52,Jehova,HERRN,name:existing-oblique-article
Num.6.20,54,60,54,63,Jehova,dem HERRN,name:presence-before-Lord
Num.6.21,83,89,83,88,Jehova,HERRN,name:existing-oblique-article
Num.6.22,4,10,4,12,Jehova,der HERR,name:subject-before-finite-verb
Num.6.24,9,15,9,17,Jehova,Der HERR,name:subject-before-finite-verb
Num.6.25,9,15,9,13,Jehova,HERR,name:unresolved-case
Num.6.26,9,15,9,13,Jehova,HERR,name:unresolved-case
Num.7.3,56,62,56,65,Jehova,dem HERRN,name:presence-before-Lord
Num.7.4,4,10,4,12,Jehova,der HERR,name:subject-before-finite-verb
Num.7.11,4,10,4,12,Jehova,der HERR,name:subject-before-finite-verb
Num.8.1,4,10,4,12,Jehova,der HERR,name:subject-before-finite-verb
Num.8.3,53,56,53,57,daß,dass,orthography:wordlist
Num.8.3,108,114,109,117,Jehova,der HERR,name:subject-subordinate-clause
Num.8.4,169,175,169,173,Jehova,HERR,name:unresolved-case
Num.8.5,4,10,4,12,Jehova,der HERR,name:subject-before-finite-verb
Num.8.10,31,37,31,40,Jehova,dem HERRN,name:presence-before-Lord
Num.8.11,95,101,95,104,Jehova,dem HERRN,name:presence-before-Lord
Num.8.11,149,156,152,161,Jehovas,des HERRN,name:genitive
Num.8.12,144,150,144,149,Jehova,HERRN,name:existing-oblique-article
Num.8.13,82,88,82,87,Jehova,HERRN,name:existing-oblique-article
Num.8.14,72,75,72,76,daß,dass,orthography:wordlist
Num.8.19,294,297,294,298,daß,dass,orthography:wordlist
Num.8.20,107,113,107,115,Jehova,der HERR,name:subject-subordinate-clause
Num.8.21,102,108,102,111,Jehova,dem HERRN,name:presence-before-Lord
Num.8.22,144,150,144,152,Jehova,der HERR,name:subject-subordinate-clause
Num.8.23,4,10,4,12,Jehova,der HERR,name:subject-before-finite-verb
Num.9.1,4,10,4,12,Jehova,der HERR,name:subject-before-finite-verb
Num.9.4,41,44,41,45,daß,dass,orthography:wordlist
Num.9.5,145,151,145,153,Jehova,der HERR,name:subject-subordinate-clause
Num.9.7,122,125,122,126,daß,dass,orthography:wordlist
Num.9.7,144,151,145,154,Jehovas,des HERRN,name:genitive
Num.9.8,69,75,69,77,Jehova,der HERR,name:subject-subordinate-clause
Num.9.9,4,10,4,12,Jehova,der HERR,name:subject-before-finite-verb
Num.9.10,181,187,181,186,Jehova,HERRN,name:existing-oblique-article
Num.9.13,63,72,63,73,unterläßt,unterlässt,orthography:wordlist
Num.9.13,184,191,185,194,Jehovas,des HERRN,name:genitive
Num.9.14,57,63,57,62,Jehova,HERRN,name:existing-oblique-article
Num.9.18,16,23,16,25,Jehovas,des HERRN,name:genitive
Num.9.18,77,84,79,88,Jehovas,des HERRN,name:genitive
Num.9.19,99,106,99,108,Jehovas,des HERRN,name:genitive
Num.9.20,16,19,16,20,daß,dass,orthography:wordlist
Num.9.20,82,89,83,92,Jehovas,des HERRN,name:genitive
Num.9.20,131,138,134,143,Jehovas,des HERRN,name:genitive
Num.9.21,16,19,16,20,daß,dass,orthography:wordlist
Num.9.23,16,23,16,25,Jehovas,des HERRN,name:genitive
Num.9.23,65,72,67,76,Jehovas,des HERRN,name:genitive
Num.9.23,113,120,117,126,Jehovas,des HERRN,name:genitive
Num.9.23,138,145,144,153,Jehovas,des HERRN,name:genitive
Num.10.1,4,10,4,12,Jehova,der HERR,name:subject-before-finite-verb
Num.10.9,175,181,175,184,Jehova,dem HERRN,name:presence-before-Lord
Num.10.10,248,254,248,256,Jehova,der HERR,name:predicate-name
Num.10.13,54,61,54,63,Jehovas,des HERRN,name:genitive
Num.10.29,139,145,139,143,Jehova,HERR,name:unresolved-case
Num.10.29,236,242,234,242,Jehova,der HERR,name:subject-before-finite-verb
Num.10.31,16,22,16,23,Verlaß,Verlass,orthography:wordlist
Num.10.32,82,88,82,86,Jehova,HERR,name:unresolved-case
Num.10.33,36,43,36,45,Jehovas,des HERRN,name:genitive
Num.10.33,94,101,96,105,Jehovas,des HERRN,name:genitive
Num.10.34,14,21,14,23,Jehovas,des HERRN,name:genitive
Num.10.35,70,76,70,74,Jehova,HERR,name:unresolved-case
Num.10.35,79,82,77,81,daß,dass,orthography:wordlist
Num.10.36,51,57,51,55,Jehova,HERR,name:unresolved-case
Num.11.1,55,58,55,59,daß,dass,orthography:wordlist
Num.11.1,86,93,87,96,Jehovas,des HERRN,name:genitive
Num.11.1,104,110,107,115,Jehova,der HERR,name:subject-with-intervening-object
Num.11.1,162,169,167,176,Jehovas,des HERRN,name:genitive
Num.11.2,51,57,51,60,Jehova,dem HERRN,name:dative-preposition
Num.11.3,63,70,63,72,Jehovas,des HERRN,name:genitive
Num.11.10,121,128,121,130,Jehovas,des HERRN,name:genitive
Num.11.11,20,26,20,29,Jehova,dem HERRN,name:dative-preposition
Num.11.11,134,137,137,141,daß,dass,orthography:wordlist
Num.11.12,81,84,81,85,daß,dass,orthography:wordlist
Num.11.13,138,141,138,142,daß,dass,orthography:wordlist
Num.11.16,4,10,4,12,Jehova,der HERR,name:subject-before-finite-verb
Num.11.16,108,111,110,114,daß,dass,orthography:wordlist
Num.11.16,216,219,219,223,daß,dass,orthography:wordlist
Num.11.17,145,148,145,149,daß,dass,orthography:wordlist
Num.11.18,135,142,135,144,Jehovas,des HERRN,name:genitive
Num.11.18,247,253,249,257,Jehova,der HERR,name:subject-before-finite-verb
Num.11.20,101,107,101,105,Jehova,HERR,name:unresolved-case
Num.11.21,143,146,143,147,daß,dass,orthography:wordlist
Num.11.22,54,57,54,58,daß,dass,orthography:wordlist
Num.11.22,144,147,145,149,daß,dass,orthography:wordlist
Num.11.23,14,20,14,22,Jehova,der HERR,name:subject-before-finite-verb
Num.11.23,53,60,55,64,Jehovas,des HERRN,name:genitive
Num.11.24,57,64,57,66,Jehovas,des HERRN,name:genitive
Num.11.25,4,10,4,12,Jehova,der HERR,name:subject-before-finite-verb
Num.11.29,76,83,76,85,Jehovas,des HERRN,name:genitive
Num.11.29,101,104,103,107,daß,dass,orthography:wordlist
Num.11.29,105,111,108,116,Jehova,der HERR,name:subject-subordinate-clause
Num.11.31,23,29,23,32,Jehova,dem HERRN,name:dative-preposition
Num.11.33,99,106,99,108,Jehovas,des HERRN,name:genitive
Num.11.33,129,135,131,139,Jehova,der HERR,name:subject-before-finite-verb
Num.12.1,49,52,49,52,des,der,grammar:Frau-determiner
Num.12.1,67,73,67,71,Weibes,Frau,word:Weib-Frau
Num.12.1,76,79,74,77,das,die,grammar:Frau-relative
Num.12.1,121,134,119,131,kuschitisches,kuschitische,grammar:Frau-adjective
Num.12.1,135,139,132,136,Weib,Frau,word:Weib-Frau
Num.12.2,23,29,23,31,Jehova,der HERR,name:subject-after-auxiliary
Num.12.2,101,107,103,111,Jehova,der HERR,name:subject-before-finite-verb
Num.12.4,10,16,10,18,Jehova,der HERR,name:subject-after-speech-verb
Num.12.5,4,10,4,12,Jehova,der HERR,name:subject-before-finite-verb
Num.12.6,91,97,91,99,Jehova,der HERR,name:first-person-apposition
Num.12.8,88,95,88,97,Jehovas,des HERRN,name:genitive
Num.12.9,13,20,13,22,Jehovas,des HERRN,name:genitive
Num.12.13,20,26,20,29,Jehova,dem HERRN,name:dative-preposition
Num.12.14,22,28,22,30,Jehova,der HERR,name:subject-before-finite-verb
Num.13.1,4,10,4,12,Jehova,der HERR,name:subject-before-finite-verb
Num.13.2,33,36,33,37,daß,dass,orthography:wordlist
Num.13.3,59,66,59,68,Jehovas,des HERRN,name:genitive
Num.13.28,14,17,14,18,daß,dass,orthography:wordlist
Num.13.30,61,65,61,66,Laßt,Lasst,orthography:wordlist
Num.13.30,133,142,134,144,gewißlich,gewisslich,orthography:wordlist
Num.13.32,235,240,235,241,frißt,frisst,orthography:wordlist
Num.14.3,22,28,22,26,Jehova,HERR,name:unresolved-case
Num.14.3,47,50,45,49,daß,dass,orthography:wordlist
Num.14.3,89,95,88,94,Weiber,Frauen,word:Weib-Frau
Num.14.4,37,41,37,42,Laßt,Lasst,orthography:wordlist
Num.14.8,5,11,5,13,Jehova,der HERR,name:subject-subordinate-clause
Num.14.9,30,36,30,39,Jehova,den HERRN,name:accusative-preposition
Num.14.9,158,164,161,169,Jehova,der HERR,name:subject-before-finite-verb
Num.14.10,31,34,31,35,daß,dass,orthography:wordlist
Num.14.10,91,98,92,101,Jehovas,des HERRN,name:genitive
Num.14.11,4,10,4,12,Jehova,der HERR,name:subject-before-finite-verb
Num.14.13,20,26,20,29,Jehova,dem HERRN,name:dative-preposition
Num.14.14,75,78,75,79,daß,dass,orthography:wordlist
Num.14.14,83,89,84,88,Jehova,HERR,name:direct-address
Num.14.14,127,130,126,130,daß,dass,orthography:wordlist
Num.14.14,135,141,135,139,Jehova,HERR,name:direct-address
Num.14.14,170,174,168,173,läßt,lässt,orthography:wordlist
Num.14.14,180,183,179,183,daß,dass,orthography:wordlist
Num.14.16,5,11,5,13,Jehova,der HERR,name:subject-subordinate-clause
Num.14.18,9,15,9,17,Jehova,Der HERR,name:subject-before-finite-verb
Num.14.20,4,10,4,12,Jehova,der HERR,name:subject-before-finite-verb
Num.14.21,57,64,57,66,Jehovas,des HERRN,name:genitive
Num.14.26,4,10,4,12,Jehova,der HERR,name:subject-before-finite-verb
Num.14.27,53,56,53,57,daß,dass,orthography:wordlist
Num.14.28,54,60,54,62,Jehova,der HERR,name:subject-after-speech-verb
Num.14.35,5,11,5,13,Jehova,der HERR,name:first-person-apposition
Num.14.37,102,108,102,111,Jehova,dem HERRN,name:presence-before-Lord
Num.14.40,184,190,184,192,Jehova,der HERR,name:subject-subordinate-clause
Num.14.41,57,64,57,66,Jehovas,des HERRN,name:genitive
Num.14.42,27,33,27,35,Jehova,der HERR,name:subject-before-finite-verb
Num.14.42,62,65,64,68,daß,dass,orthography:wordlist
Num.14.43,135,142,135,144,Jehovas,des HERRN,name:genitive
Num.14.43,165,171,167,175,Jehova,der HERR,name:subject-after-auxiliary
Num.14.44,96,103,96,105,Jehovas,des HERRN,name:genitive
Num.15.1,4,10,4,12,Jehova,der HERR,name:subject-before-finite-verb
Num.15.3,22,28,22,27,Jehova,HERRN,name:existing-oblique-article
Num.15.3,177,183,176,185,Jehova,den HERRN,name:accusative-preposition
Num.15.4,22,28,22,26,Jehova,HERR,name:unresolved-case
Num.15.7,91,97,91,96,Jehova,HERRN,name:existing-oblique-article
Num.15.8,135,141,135,144,Jehova,den HERRN,name:accusative-preposition
Num.15.10,102,108,102,107,Jehova,HERRN,name:existing-oblique-article
Num.15.13,89,95,89,94,Jehova,HERRN,name:existing-oblique-article
Num.15.14,124,130,124,129,Jehova,HERRN,name:existing-oblique-article
Num.15.15,202,208,202,211,Jehova,dem HERRN,name:presence-before-Lord
Num.15.17,4,10,4,12,Jehova,der HERR,name:subject-before-finite-verb
Num.15.19,78,84,78,82,Jehova,HERR,name:unresolved-case
Num.15.21,104,110,104,108,Jehova,HERR,name:unresolved-case
Num.15.22,74,80,74,78,Jehova,HERR,name:unresolved-case
Num.15.23,11,17,11,19,Jehova,der HERR,name:subject-subordinate-clause
Num.15.23,70,76,72,76,Jehova,HERR,name:unresolved-case
Num.15.24,198,204,198,203,Jehova,HERRN,name:existing-oblique-article
Num.15.25,205,211,205,210,Jehova,HERRN,name:existing-oblique-article
Num.15.25,236,242,235,244,Jehova,dem HERRN,name:presence-before-Lord
Num.15.28,118,124,118,127,Jehova,dem HERRN,name:presence-before-Lord
Num.15.30,115,121,115,119,Jehova,HERR,name:unresolved-case
Num.15.31,14,21,14,23,Jehovas,des HERRN,name:genitive
Num.15.31,89,98,91,101,gewißlich,gewisslich,orthography:wordlist
Num.15.32,93,104,93,103,Sabbathtage,Sabbattage,orthography:wordlist
Num.15.35,10,16,10,18,Jehova,der HERR,name:subject-after-speech-verb
Num.15.35,43,52,45,55,gewißlich,gewisslich,orthography:wordlist
Num.15.36,83,86,83,87,daß,dass,orthography:wordlist
Num.15.36,105,111,106,114,Jehova,der HERR,name:subject-subordinate-clause
Num.15.37,4,10,4,12,Jehova,der HERR,name:subject-before-finite-verb
Num.15.38,59,62,59,63,daß,dass,orthography:wordlist
Num.15.38,159,162,160,164,daß,dass,orthography:wordlist
Num.15.39,40,43,40,44,daß,dass,orthography:wordlist
Num.15.39,84,91,85,94,Jehovas,des HERRN,name:genitive
Num.15.39,120,123,123,127,daß,dass,orthography:wordlist
Num.15.41,8,14,8,16,Jehova,der HERR,name:predicate-name
Num.15.41,117,123,119,127,Jehova,der HERR,name:predicate-name
Num.16.3,90,94,90,95,Laßt,Lasst,orthography:wordlist
Num.16.3,169,175,170,178,Jehova,der HERR,name:subject-before-finite-verb
Num.16.3,247,254,250,259,Jehovas,des HERRN,name:genitive
Num.16.5,83,89,83,91,Jehova,der HERR,name:subject-after-auxiliary
Num.16.5,134,137,136,140,daß,dass,orthography:wordlist
Num.16.7,107,113,107,116,Jehova,dem HERRN,name:presence-before-Lord
Num.16.7,154,160,157,162,Jehova,HERRN,name:existing-oblique-article
Num.16.7,199,203,201,206,Laßt,Lasst,orthography:wordlist
Num.16.9,23,26,23,27,daß,dass,orthography:wordlist
Num.16.9,163,170,164,173,Jehovas,des HERRN,name:genitive
Num.16.10,0,3,0,4,daß,dass,orthography:wordlist
Num.16.11,75,81,75,84,Jehova,den HERRN,name:accusative-preposition
Num.16.11,110,113,113,117,daß,dass,orthography:wordlist
Num.16.13,18,21,18,22,daß,dass,orthography:wordlist
Num.16.13,143,146,144,148,daß,dass,orthography:wordlist
Num.16.15,39,45,39,48,Jehova,dem HERRN,name:dative-preposition
Num.16.16,76,82,76,85,Jehova,dem HERRN,name:presence-before-Lord
Num.16.17,151,157,151,160,Jehova,dem HERRN,name:presence-before-Lord
Num.16.19,130,137,130,139,Jehovas,des HERRN,name:genitive
Num.16.20,4,10,4,12,Jehova,der HERR,name:subject-before-finite-verb
Num.16.23,4,10,4,12,Jehova,der HERR,name:subject-before-finite-verb
Num.16.26,141,144,141,145,daß,dass,orthography:wordlist
Num.16.27,167,174,167,173,Weibern,Frauen,word:Weib-Frau
Num.16.28,45,48,45,49,daß,dass,orthography:wordlist
Num.16.28,49,55,50,58,Jehova,der HERR,name:subject-subordinate-clause
Num.16.28,102,105,105,109,daß,dass,orthography:wordlist
Num.16.29,116,122,116,124,Jehova,der HERR,name:subject-after-auxiliary
Num.16.30,10,16,10,14,Jehova,HERR,name:unresolved-case
Num.16.30,196,199,194,198,daß,dass,orthography:wordlist
Num.16.30,213,219,212,216,Jehova,HERR,name:unresolved-case
Num.16.34,92,95,92,96,Daß,Dass,orthography:wordlist
Num.16.35,43,49,43,52,Jehova,dem HERRN,name:dative-preposition
Num.17.1,4,10,4,12,Jehova,der HERR,name:subject-before-finite-verb
Num.17.2,54,57,54,58,daß,dass,orthography:wordlist
Num.17.3,170,176,170,179,Jehova,dem HERRN,name:presence-before-Lord
Num.17.5,48,51,48,52,daß,dass,orthography:wordlist
Num.17.5,131,137,132,141,Jehova,dem HERRN,name:presence-before-Lord
Num.17.5,214,220,218,226,Jehova,der HERR,name:subject-subordinate-clause
Num.17.6,127,134,127,136,Jehovas,des HERRN,name:genitive
Num.17.7,191,198,191,200,Jehovas,des HERRN,name:genitive
Num.17.9,4,10,4,12,Jehova,der HERR,name:subject-before-finite-verb
Num.17.11,243,249,243,252,Jehova,dem HERRN,name:dative-preposition
Num.17.16,4,10,4,12,Jehova,der HERR,name:subject-before-finite-verb
Num.17.22,30,36,30,39,Jehova,dem HERRN,name:presence-before-Lord
Num.17.23,146,154,146,155,gesproßt,gesprosst,orthography:wordlist
Num.17.24,44,50,44,53,Jehova,dem HERRN,name:presence-before-Lord
Num.17.25,4,10,4,12,Jehova,der HERR,name:subject-before-finite-verb
Num.17.25,146,149,148,152,daß,dass,orthography:wordlist
Num.17.26,25,31,25,33,Jehova,der HERR,name:subject-subordinate-clause
Num.17.28,30,37,30,39,Jehovas,des HERRN,name:genitive
Num.18.1,4,10,4,12,Jehova,der HERR,name:subject-before-finite-verb
Num.18.2,68,71,68,72,laß,lass,orthography:wordlist
Num.18.2,92,95,93,97,daß,dass,orthography:wordlist
Num.18.3,139,142,139,143,daß,dass,orthography:wordlist
Num.18.5,73,76,73,77,daß,dass,orthography:wordlist
Num.18.6,130,136,130,135,Jehova,HERRN,name:existing-oblique-article
Num.18.8,4,10,4,12,Jehova,der HERR,name:subject-before-finite-verb
Num.18.12,88,94,88,92,Jehova,HERR,name:unresolved-case
Num.18.13,67,73,67,71,Jehova,HERR,name:unresolved-case
Num.18.15,60,66,60,64,Jehova,HERR,name:unresolved-case
Num.18.17,274,280,274,283,Jehova,den HERRN,name:accusative-preposition
Num.18.19,66,72,66,71,Jehova,HERRN,name:existing-oblique-article
Num.18.19,210,216,209,218,Jehova,dem HERRN,name:presence-before-Lord
Num.18.20,4,10,4,12,Jehova,der HERR,name:subject-before-finite-verb
Num.18.22,109,112,109,113,daß,dass,orthography:wordlist
Num.18.24,50,56,50,54,Jehova,HERR,name:unresolved-case
Num.18.24,157,160,155,159,daß,dass,orthography:wordlist
Num.18.25,4,10,4,12,Jehova,der HERR,name:subject-before-finite-verb
Num.18.26,205,211,205,214,Jehova,den HERRN,name:accusative-preposition
Num.18.28,38,44,38,47,Jehova,den HERRN,name:accusative-preposition
Num.18.28,146,152,149,158,Jehova,den HERRN,name:accusative-preposition
Num.18.29,50,57,50,59,Jehovas,des HERRN,name:genitive
Num.19.1,4,10,4,12,Jehova,der HERR,name:subject-before-finite-verb
Num.19.2,42,48,42,50,Jehova,der HERR,name:subject-before-finite-verb
Num.19.2,111,114,113,117,daß,dass,orthography:wordlist
Num.19.13,133,140,133,142,Jehovas,des HERRN,name:genitive
Num.19.20,157,164,157,166,Jehovas,des HERRN,name:genitive
Num.20.3,124,130,124,133,Jehova,dem HERRN,name:presence-before-Lord
Num.20.4,35,42,35,44,Jehovas,des HERRN,name:genitive
Num.20.4,70,73,72,76,daß,dass,orthography:wordlist
Num.20.6,152,159,152,161,Jehovas,des HERRN,name:genitive
Num.20.7,4,10,4,12,Jehova,der HERR,name:subject-before-finite-verb
Num.20.9,28,34,28,37,Jehova,dem HERRN,name:presence-before-Lord
Num.20.12,10,16,10,18,Jehova,der HERR,name:subject-after-speech-verb
Num.20.13,59,65,59,68,Jehova,dem HERRN,name:dative-preposition
Num.20.16,19,25,19,28,Jehova,dem HERRN,name:dative-preposition
Num.20.17,0,3,0,4,Laß,Lass,orthography:wordlist
Num.20.18,63,66,63,67,daß,dass,orthography:wordlist
Num.20.23,4,10,4,12,Jehova,der HERR,name:subject-before-finite-verb
Num.20.25,62,65,62,66,laß,lass,orthography:wordlist
Num.20.27,22,28,22,30,Jehova,der HERR,name:subject-subordinate-clause
Num.20.29,33,36,33,37,daß,dass,orthography:wordlist
Num.21.1,73,76,73,77,daß,dass,orthography:wordlist
Num.21.2,14,20,14,18,Jehova,HERR,name:unresolved-case
Num.21.2,70,79,68,78,gewißlich,gewisslich,orthography:wordlist
Num.21.3,4,10,4,12,Jehova,der HERR,name:subject-before-finite-verb
Num.21.5,95,98,95,99,daß,dass,orthography:wordlist
Num.21.6,10,16,10,18,Jehova,der HERR,name:subject-after-auxiliary
Num.21.7,68,71,68,72,daß,dass,orthography:wordlist
Num.21.7,82,88,83,92,Jehova,den HERRN,name:accusative-preposition
Num.21.7,129,135,133,142,Jehova,dem HERRN,name:dative-preposition
Num.21.7,138,141,145,149,daß,dass,orthography:wordlist
Num.21.8,4,10,4,12,Jehova,der HERR,name:subject-before-finite-verb
Num.21.14,41,48,41,50,Jehovas,des HERRN,name:genitive
Num.21.16,70,76,70,78,Jehova,der HERR,name:subject-subordinate-clause
Num.21.22,0,3,0,4,Laß,Lass,orthography:wordlist
Num.21.34,4,10,4,12,Jehova,der HERR,name:subject-before-finite-verb
Num.22.4,139,146,139,147,abfrißt,abfrisst,orthography:wordlist
Num.22.6,108,111,108,112,daß,dass,orthography:wordlist
Num.22.8,101,107,101,109,Jehova,der HERR,name:subject-subordinate-clause
Num.22.13,98,104,98,106,Jehova,der HERR,name:subject-before-finite-verb
Num.22.16,86,89,86,90,Laß,Lass,orthography:wordlist
Num.22.18,150,157,150,159,Jehovas,des HERRN,name:genitive
Num.22.19,81,87,81,89,Jehova,der HERR,name:subject-subordinate-clause
Num.22.22,32,35,32,36,daß,dass,orthography:wordlist
Num.22.22,62,69,63,72,Jehovas,des HERRN,name:genitive
Num.22.23,30,37,30,39,Jehovas,des HERRN,name:genitive
Num.22.24,18,25,18,27,Jehovas,des HERRN,name:genitive
Num.22.25,30,37,30,39,Jehovas,des HERRN,name:genitive
Num.22.26,19,26,19,28,Jehovas,des HERRN,name:genitive
Num.22.27,30,37,30,39,Jehovas,des HERRN,name:genitive
Num.22.28,7,13,7,11,Jehova,HERR,name:unresolved-case
Num.22.28,95,98,93,97,daß,dass,orthography:wordlist
Num.22.31,13,19,13,17,Jehova,HERR,name:unresolved-case
Num.22.31,64,71,62,71,Jehovas,des HERRN,name:genitive
Num.22.32,14,21,14,23,Jehovas,des HERRN,name:genitive
Num.22.34,59,66,59,68,Jehovas,des HERRN,name:genitive
Num.22.34,99,104,101,107,wußte,wusste,orthography:wordlist
Num.22.34,113,116,116,120,daß,dass,orthography:wordlist
Num.22.35,14,21,14,23,Jehovas,des HERRN,name:genitive
Num.22.36,32,35,32,36,daß,dass,orthography:wordlist
Num.23.3,104,110,104,112,Jehova,der HERR,name:subject-after-auxiliary
Num.23.5,4,10,4,8,Jehova,HERR,name:unresolved-case
Num.23.8,87,93,87,92,Jehova,HERRN,name:existing-oblique-article
Num.23.12,42,45,42,46,Muß,Muss,orthography:wordlist
Num.23.12,91,97,92,100,Jehova,der HERR,name:subject-subordinate-clause
Num.23.16,4,10,4,12,Jehova,der HERR,name:subject-before-finite-verb
Num.23.17,137,143,137,145,Jehova,der HERR,name:subject-after-auxiliary
Num.23.19,28,31,28,32,daß,dass,orthography:wordlist
Num.23.19,65,68,66,70,daß,dass,orthography:wordlist
Num.23.21,91,97,91,95,Jehova,HERR,name:unresolved-case
Num.23.26,101,107,101,109,Jehova,der HERR,name:subject-subordinate-clause
Num.23.27,142,145,142,146,daß,dass,orthography:wordlist
Num.24.1,21,24,21,25,daß,dass,orthography:wordlist
Num.24.1,49,56,50,59,Jehovas,des HERRN,name:genitive
Num.24.6,86,92,86,90,Jehova,HERR,name:unresolved-case
Num.24.11,91,97,91,99,Jehova,der HERR,name:subject-before-finite-verb
Num.24.13,90,97,90,99,Jehovas,des HERRN,name:genitive
Num.24.13,175,181,177,185,Jehova,der HERR,name:subject-subordinate-clause
Num.25.3,57,64,57,66,Jehovas,des HERRN,name:genitive
Num.25.4,11,17,11,19,Jehova,der HERR,name:subject-after-speech-verb
Num.25.4,78,84,80,85,Jehova,HERRN,name:existing-oblique-article
Num.25.4,133,140,134,143,Jehovas,des HERRN,name:genitive
Num.25.8,126,129,126,129,das,die,grammar:Frau-determiner
Num.25.8,130,134,130,134,Weib,Frau,word:Weib-Frau
Num.25.10,4,10,4,12,Jehova,der HERR,name:subject-before-finite-verb
Num.25.11,189,192,189,193,daß,dass,orthography:wordlist
Num.25.13,85,88,85,89,daß,dass,orthography:wordlist
Num.25.15,14,17,14,17,des,der,grammar:Frau-determiner
Num.25.15,46,52,46,50,Weibes,Frau,word:Weib-Frau
Num.25.16,4,10,4,12,Jehova,der HERR,name:subject-before-finite-verb
Num.26.1,43,49,43,51,Jehova,der HERR,name:subject-after-speech-verb
Num.26.4,44,50,44,52,Jehova,der HERR,name:subject-subordinate-clause
Num.26.9,199,205,199,208,Jehova,den HERRN,name:accusative-preposition
Num.26.52,4,10,4,12,Jehova,der HERR,name:subject-before-finite-verb
Num.26.59,14,17,14,17,des,der,grammar:Frau-determiner
Num.26.59,18,24,18,22,Weibes,Frau,word:Weib-Frau
Num.26.61,57,63,57,66,Jehova,dem HERRN,name:presence-before-Lord
Num.26.65,5,11,5,13,Jehova,der HERR,name:subject-before-finite-verb
Num.26.65,49,58,51,61,gewißlich,gewisslich,orthography:wordlist
Num.27.3,123,129,123,132,Jehova,den HERRN,name:accusative-preposition
Num.27.5,39,45,39,48,Jehova,dem HERRN,name:presence-before-Lord
Num.27.6,4,10,4,12,Jehova,der HERR,name:subject-before-finite-verb
Num.27.11,162,165,162,166,daß,dass,orthography:wordlist
Num.27.11,249,255,250,258,Jehova,der HERR,name:subject-subordinate-clause
Num.27.12,4,10,4,12,Jehova,der HERR,name:subject-before-finite-verb
Num.27.15,20,26,20,29,Jehova,dem HERRN,name:dative-preposition
Num.27.16,12,18,12,16,Jehova,HERR,name:unresolved-case
Num.27.17,90,97,90,99,Jehovas,des HERRN,name:genitive
Num.27.18,4,10,4,12,Jehova,der HERR,name:subject-before-finite-verb
Num.27.21,96,102,96,105,Jehova,dem HERRN,name:presence-before-Lord
Num.27.22,22,28,22,30,Jehova,der HERR,name:subject-subordinate-clause
Num.27.23,62,68,62,70,Jehova,der HERR,name:subject-subordinate-clause
Num.28.1,4,10,4,12,Jehova,der HERR,name:subject-before-finite-verb
Num.28.3,73,79,73,77,Jehova,HERR,name:unresolved-case
Num.28.6,111,117,111,116,Jehova,HERRN,name:existing-oblique-article
Num.28.7,124,130,124,129,Jehova,HERRN,name:existing-oblique-article
Num.28.8,188,194,188,193,Jehova,HERRN,name:existing-oblique-article
Num.28.9,17,28,17,27,Sabbathtage,Sabbattage,orthography:wordlist
Num.28.10,27,35,27,34,Sabbaths,Sabbats,orthography:wordlist
Num.28.10,45,52,44,50,Sabbath,Sabbat,orthography:wordlist
Num.28.11,49,55,49,53,Jehova,HERR,name:unresolved-case
Num.28.13,147,153,147,152,Jehova,HERRN,name:existing-oblique-article
Num.28.15,66,72,66,71,Jehova,HERRN,name:existing-oblique-article
Num.28.16,71,77,71,76,Jehova,HERRN,name:existing-oblique-article
Num.28.19,29,35,29,34,Jehova,HERRN,name:existing-oblique-article
Num.28.24,108,114,108,113,Jehova,HERRN,name:existing-oblique-article
Num.28.26,52,58,52,57,Jehova,HERRN,name:existing-oblique-article
Num.28.27,78,84,78,83,Jehova,HERRN,name:existing-oblique-article
Num.29.2,74,80,74,79,Jehova,HERRN,name:existing-oblique-article
Num.29.6,202,208,202,207,Jehova,HERRN,name:existing-oblique-article
Num.29.8,29,35,29,34,Jehova,HERRN,name:existing-oblique-article
Num.29.12,145,151,145,150,Jehova,HERRN,name:existing-oblique-article
Num.29.13,92,98,92,97,Jehova,HERRN,name:existing-oblique-article
Num.29.36,92,98,92,97,Jehova,HERRN,name:existing-oblique-article
Num.29.39,36,42,36,41,Jehova,HERRN,name:existing-oblique-article
Num.30.1,56,62,56,64,Jehova,der HERR,name:subject-subordinate-clause
Num.30.2,95,101,95,103,Jehova,der HERR,name:subject-subordinate-clause
Num.30.3,19,25,19,24,Jehova,HERRN,name:existing-oblique-article
Num.30.4,9,12,9,13,ein,eine,grammar:Frau-determiner
Num.30.4,13,17,14,18,Weib,Frau,word:Weib-Frau
Num.30.4,23,29,24,29,Jehova,HERRN,name:existing-oblique-article
Num.30.6,186,192,186,194,Jehova,der HERR,name:subject-before-finite-verb
Num.30.9,195,201,195,203,Jehova,der HERR,name:subject-before-finite-verb
Num.30.11,9,12,9,13,ein,eine,grammar:Frau-determiner
Num.30.11,13,17,14,18,Weib,Frau,word:Weib-Frau
Num.30.13,240,246,240,248,Jehova,der HERR,name:subject-before-finite-verb
Num.30.17,32,38,32,40,Jehova,der HERR,name:subject-subordinate-clause
Num.30.17,90,96,92,98,seinem,seiner,grammar:Frau-determiner
Num.30.17,97,102,99,103,Weibe,Frau,word:Weib-Frau
Num.31.1,4,10,4,12,Jehova,der HERR,name:subject-before-finite-verb
Num.31.3,84,87,84,88,daß,dass,orthography:wordlist
Num.31.3,128,135,129,138,Jehovas,des HERRN,name:genitive
Num.31.7,40,46,40,48,Jehova,der HERR,name:subject-subordinate-clause
Num.31.9,45,51,45,51,Weiber,Frauen,word:Weib-Frau
Num.31.15,41,47,41,47,Weiber,Frauen,word:Weib-Frau
Num.31.16,65,70,65,71,Anlaß,Anlass,orthography:wordlist
Num.31.16,124,130,125,134,Jehova,den HERRN,name:accusative-preposition
Num.31.16,146,149,150,154,daß,dass,orthography:wordlist
Num.31.16,180,187,185,194,Jehovas,des HERRN,name:genitive
Num.31.17,66,72,66,72,Weiber,Frauen,word:Weib-Frau
Num.31.18,90,94,90,95,laßt,lasst,orthography:wordlist
Num.31.21,134,140,134,138,Jehova,HERR,name:unresolved-case
Num.31.25,4,10,4,12,Jehova,der HERR,name:subject-before-finite-verb
Num.31.28,105,111,105,114,Jehova,den HERRN,name:accusative-preposition
Num.31.29,108,115,108,117,Jehovas,des HERRN,name:genitive
Num.31.30,247,254,247,256,Jehovas,des HERRN,name:genitive
Num.31.31,53,59,53,61,Jehova,der HERR,name:subject-subordinate-clause
Num.31.37,34,40,34,43,Jehova,den HERRN,name:accusative-preposition
Num.31.38,74,80,74,83,Jehova,den HERRN,name:accusative-preposition
Num.31.39,72,78,72,81,Jehova,den HERRN,name:accusative-preposition
Num.31.40,66,72,66,75,Jehova,den HERRN,name:accusative-preposition
Num.31.41,66,73,66,75,Jehovas,des HERRN,name:genitive
Num.31.41,106,112,108,116,Jehova,der HERR,name:subject-subordinate-clause
Num.31.47,195,202,195,204,Jehovas,des HERRN,name:genitive
Num.31.47,221,227,223,231,Jehova,der HERR,name:subject-subordinate-clause
Num.31.50,39,45,39,48,Jehova,den HERRN,name:accusative-preposition
Num.31.50,215,221,218,227,Jehova,dem HERRN,name:presence-before-Lord
Num.31.52,43,49,43,52,Jehova,den HERRN,name:accusative-preposition
Num.31.54,200,206,200,209,Jehova,dem HERRN,name:presence-before-Lord
Num.32.4,37,43,37,45,Jehova,der HERR,name:subject-subordinate-clause
Num.32.5,137,140,137,141,laß,lass,orthography:wordlist
Num.32.7,113,119,113,121,Jehova,der HERR,name:subject-subordinate-clause
Num.32.9,127,130,127,131,daß,dass,orthography:wordlist
Num.32.9,170,176,171,179,Jehova,der HERR,name:subject-subordinate-clause
Num.32.10,13,20,13,22,Jehovas,des HERRN,name:genitive
Num.32.12,99,105,99,103,Jehova,HERR,name:unresolved-case
Num.32.13,13,20,13,22,Jehovas,des HERRN,name:genitive
Num.32.13,203,210,205,214,Jehovas,des HERRN,name:genitive
Num.32.14,112,119,112,121,Jehovas,des HERRN,name:genitive
Num.32.20,65,71,65,74,Jehova,dem HERRN,name:presence-before-Lord
Num.32.21,45,51,45,54,Jehova,dem HERRN,name:presence-before-Lord
Num.32.22,17,23,17,26,Jehova,dem HERRN,name:presence-before-Lord
Num.32.22,106,112,109,118,Jehova,den HERRN,name:accusative-preposition
Num.32.22,184,190,190,199,Jehova,dem HERRN,name:presence-before-Lord
Num.32.23,57,63,57,66,Jehova,den HERRN,name:accusative-preposition
Num.32.23,88,91,91,95,daß,dass,orthography:wordlist
Num.32.26,23,29,23,29,Weiber,Frauen,word:Weib-Frau
Num.32.27,61,67,61,70,Jehova,dem HERRN,name:presence-before-Lord
Num.32.29,113,119,113,122,Jehova,dem HERRN,name:presence-before-Lord
Num.32.31,73,79,73,81,Jehova,der HERR,name:subject-subordinate-clause
Num.32.32,35,41,35,44,Jehova,dem HERRN,name:presence-before-Lord
Num.33.2,72,79,72,81,Jehovas,des HERRN,name:genitive
Num.33.4,46,52,46,54,Jehova,der HERR,name:subject-subordinate-clause
Num.33.4,110,116,112,120,Jehova,der HERR,name:subject-before-finite-verb
Num.33.38,69,76,69,78,Jehovas,des HERRN,name:genitive
Num.33.50,4,10,4,12,Jehova,der HERR,name:subject-before-finite-verb
Num.34.1,4,10,4,12,Jehova,der HERR,name:subject-before-finite-verb
Num.34.13,126,132,126,130,Jehova,HERR,name:unresolved-case
Num.34.16,4,10,4,12,Jehova,der HERR,name:subject-before-finite-verb
Num.34.29,23,29,23,31,Jehova,der HERR,name:subject-subordinate-clause
Num.35.1,4,10,4,12,Jehova,der HERR,name:subject-before-finite-verb
Num.35.2,29,32,29,33,daß,dass,orthography:wordlist
Num.35.5,217,220,217,221,daß,dass,orthography:wordlist
Num.35.9,4,10,4,12,Jehova,der HERR,name:subject-before-finite-verb
Num.35.11,79,82,79,83,daß,dass,orthography:wordlist
Num.35.12,63,66,63,67,daß,dass,orthography:wordlist
Num.35.15,119,122,119,123,daß,dass,orthography:wordlist
Num.35.16,64,67,64,68,daß,dass,orthography:wordlist
Num.35.16,126,135,127,137,gewißlich,gewisslich,orthography:wordlist
Num.35.17,107,110,107,111,daß,dass,orthography:wordlist
Num.35.17,169,178,170,180,gewißlich,gewisslich,orthography:wordlist
Num.35.18,121,124,121,125,daß,dass,orthography:wordlist
Num.35.18,183,192,184,194,gewißlich,gewisslich,orthography:wordlist
Num.35.20,21,24,21,25,Haß,Hass,orthography:wordlist
Num.35.20,75,78,76,80,daß,dass,orthography:wordlist
Num.35.21,61,64,61,65,daß,dass,orthography:wordlist
Num.35.21,106,115,107,117,gewißlich,gewisslich,orthography:wordlist
Num.35.23,101,104,101,105,daß,dass,orthography:wordlist
Num.35.30,163,166,163,167,daß,dass,orthography:wordlist
Num.35.31,113,122,113,123,gewißlich,gewisslich,orthography:wordlist
Num.35.32,83,86,83,87,daß,dass,orthography:wordlist
Num.35.34,108,114,108,116,Jehova,der HERR,name:first-person-apposition
Num.36.2,9,15,9,17,Jehova,Der HERR,name:subject-before-finite-verb
Num.36.2,146,152,148,157,Jehova,dem HERRN,name:dative-preposition
Num.36.3,89,96,89,95,Weibern,Frauen,word:Weib-Frau
Num.36.5,54,61,54,63,Jehovas,des HERRN,name:genitive
Num.36.6,28,34,28,36,Jehova,der HERR,name:subject-subordinate-clause
Num.36.6,149,156,151,157,Weibern,Frauen,word:Weib-Frau
Num.36.6,237,244,238,244,Weibern,Frauen,word:Weib-Frau
Num.36.8,139,142,139,142,zum,zur,grammar:Frau-determiner
Num.36.8,143,148,143,147,Weibe,Frau,word:Weib-Frau
Num.36.10,7,13,7,15,Jehova,der HERR,name:subject-subordinate-clause
Num.36.11,111,118,111,117,Weibern,Frauen,word:Weib-Frau
Num.36.12,87,94,87,93,Weibern,Frauen,word:Weib-Frau
Num.36.13,45,51,45,53,Jehova,der HERR,name:subject-subordinate-clause
Deut.1.3,135,141,135,143,Jehova,der HERR,name:subject-subordinate-clause
Deut.1.6,9,15,9,13,Jehova,HERR,name:unresolved-case
Deut.1.8,111,117,111,119,Jehova,der HERR,name:subject-subordinate-clause
Deut.1.10,9,15,9,13,Jehova,HERR,name:unresolved-case
Deut.1.11,9,15,9,13,Jehova,HERR,name:unresolved-case
Deut.1.13,79,82,79,83,daß,dass,orthography:wordlist
Deut.1.17,241,244,241,245,daß,dass,orthography:wordlist
Deut.1.19,166,172,166,174,Jehova,der HERR,name:subject-subordinate-clause
Deut.1.20,83,89,83,87,Jehova,HERR,name:unresolved-case
Deut.1.21,17,23,17,21,Jehova,HERR,name:direct-address-pronoun
Deut.1.21,111,117,109,113,Jehova,HERR,name:unresolved-case
Deut.1.22,43,47,43,48,Laßt,Lasst,orthography:wordlist
Deut.1.22,80,83,81,85,daß,dass,orthography:wordlist
Deut.1.25,159,165,159,163,Jehova,HERR,name:unresolved-case
Deut.1.26,79,86,79,88,Jehovas,des HERRN,name:genitive
Deut.1.27,52,58,52,60,Jehova,der HERR,name:subject-subordinate-clause
Deut.1.27,64,69,66,72,haßte,hasste,orthography:wordlist
Deut.1.27,167,170,170,174,daß,dass,orthography:wordlist
Deut.1.30,9,15,9,13,Jehova,HERR,name:unresolved-case
Deut.1.31,40,43,40,44,daß,dass,orthography:wordlist
Deut.1.31,44,50,45,49,Jehova,HERR,name:direct-address-pronoun
Deut.1.32,41,47,41,45,Jehova,HERR,name:unresolved-case
Deut.1.33,69,72,69,73,daß,dass,orthography:wordlist
Deut.1.33,122,125,123,127,daß,dass,orthography:wordlist
Deut.1.34,4,10,4,12,Jehova,der HERR,name:subject-before-finite-verb
Deut.1.36,159,162,159,163,daß,dass,orthography:wordlist
Deut.1.36,167,173,168,172,Jehova,HERR,name:unresolved-case
Deut.1.37,25,31,25,29,Jehova,HERR,name:unresolved-case
Deut.1.41,57,63,57,66,Jehova,den HERRN,name:accusative-preposition
Deut.1.41,132,138,135,143,Jehova,der HERR,name:subject-subordinate-clause
Deut.1.42,4,10,4,12,Jehova,der HERR,name:subject-before-finite-verb
Deut.1.42,124,127,126,130,daß,dass,orthography:wordlist
Deut.1.43,95,102,95,104,Jehovas,des HERRN,name:genitive
Deut.1.45,40,46,40,49,Jehova,dem HERRN,name:presence-before-Lord
Deut.1.45,54,60,57,65,Jehova,der HERR,name:subject-before-finite-verb
Deut.2.1,87,93,87,95,Jehova,der HERR,name:subject-subordinate-clause
Deut.2.2,4,10,4,12,Jehova,der HERR,name:subject-before-finite-verb
Deut.2.5,0,4,0,5,Laßt,Lasst,orthography:wordlist
Deut.2.6,55,58,55,59,daß,dass,orthography:wordlist
Deut.2.6,126,129,127,131,daß,dass,orthography:wordlist
Deut.2.7,5,11,5,9,Jehova,HERR,name:direct-address-pronoun
Deut.2.7,150,156,148,152,Jehova,HERR,name:direct-address-pronoun
Deut.2.9,4,10,4,12,Jehova,der HERR,name:subject-before-finite-verb
Deut.2.9,53,56,55,59,laß,lass,orthography:wordlist
Deut.2.12,196,202,196,204,Jehova,der HERR,name:subject-with-intervening-object
Deut.2.14,208,214,208,216,Jehova,der HERR,name:subject-subordinate-clause
Deut.2.15,23,30,23,32,Jehovas,des HERRN,name:genitive
Deut.2.17,10,16,10,18,Jehova,der HERR,name:subject-after-speech-verb
Deut.2.21,65,71,65,69,Jehova,HERR,name:unresolved-case
Deut.2.24,52,56,52,57,Fluß,Fluss,orthography:wordlist
Deut.2.27,0,3,0,4,Laß,Lass,orthography:wordlist
Deut.2.28,51,54,51,55,daß,dass,orthography:wordlist
Deut.2.28,108,111,109,113,daß,dass,orthography:wordlist
Deut.2.29,147,153,147,151,Jehova,HERR,name:unresolved-case
Deut.2.30,90,96,90,94,Jehova,HERR,name:direct-address-pronoun
Deut.2.30,173,176,171,175,daß,dass,orthography:wordlist
Deut.2.31,4,10,4,12,Jehova,der HERR,name:subject-before-finite-verb
Deut.2.33,5,11,5,9,Jehova,HERR,name:unresolved-case
Deut.2.34,114,120,114,120,Weiber,Frauen,word:Weib-Frau
Deut.2.36,100,108,100,109,Flußtale,Flusstale,orthography:wordlist
Deut.2.36,187,193,188,192,Jehova,HERR,name:unresolved-case
Deut.2.37,144,150,144,152,Jehova,der HERR,name:subject-subordinate-clause
Deut.3.2,4,10,4,12,Jehova,der HERR,name:subject-before-finite-verb
Deut.3.3,4,10,4,8,Jehova,HERR,name:unresolved-case
Deut.3.6,130,136,130,136,Weiber,Frauen,word:Weib-Frau
Deut.3.11,183,187,183,188,mißt,misst,orthography:wordlist
Deut.3.18,52,58,52,56,Jehova,HERR,name:unresolved-case
Deut.3.19,9,15,9,15,Weiber,Frauen,word:Weib-Frau
Deut.3.19,61,64,61,65,daß,dass,orthography:wordlist
Deut.3.20,4,10,4,8,Jehova,HERR,name:unresolved-case
Deut.3.20,91,97,89,97,Jehova,der HERR,name:subject-subordinate-clause
Deut.3.21,96,102,96,104,Jehova,der HERR,name:subject-subordinate-clause
Deut.3.21,159,165,161,169,Jehova,der HERR,name:subject-after-auxiliary
Deut.3.22,25,31,25,29,Jehova,HERR,name:unresolved-case
Deut.3.23,19,25,19,28,Jehova,dem HERRN,name:dative-preposition
Deut.3.24,16,22,16,20,Jehova,HERR,name:direct-address-pronoun
Deut.3.25,0,3,0,4,Laß,Lass,orthography:wordlist
Deut.3.26,5,11,5,13,Jehova,der HERR,name:subject-before-finite-verb
Deut.3.26,83,89,85,93,Jehova,der HERR,name:subject-before-finite-verb
Deut.3.26,106,109,110,114,Laß,Lass,orthography:wordlist
Deut.4.1,97,100,97,101,daß,dass,orthography:wordlist
Deut.4.1,169,175,170,178,Jehova,der HERR,name:subject-subordinate-clause
Deut.4.2,126,133,126,135,Jehovas,des HERRN,name:genitive
Deut.4.3,32,38,32,40,Jehova,der HERR,name:subject-subordinate-clause
Deut.4.3,137,143,139,143,Jehova,HERR,name:direct-address-pronoun
Deut.4.4,18,24,18,22,Jehova,HERR,name:unresolved-case
Deut.4.5,71,77,71,79,Jehova,der HERR,name:subject-subordinate-clause
Deut.4.7,85,91,85,89,Jehova,HERR,name:unresolved-case
Deut.4.9,53,56,53,57,daß,dass,orthography:wordlist
Deut.4.9,125,128,126,130,daß,dass,orthography:wordlist
Deut.4.10,24,30,24,33,Jehova,dem HERRN,name:presence-before-Lord
Deut.4.10,71,77,74,78,Jehova,HERR,name:unresolved-case
Deut.4.10,121,124,122,126,daß,dass,orthography:wordlist
Deut.4.12,4,10,4,12,Jehova,der HERR,name:subject-before-finite-verb
Deut.4.14,14,20,14,22,Jehova,der HERR,name:subject-after-speech-verb
Deut.4.15,86,92,86,90,Jehova,HERR,name:unresolved-case
Deut.4.16,0,3,0,4,daß,dass,orthography:wordlist
Deut.4.19,4,7,4,8,daß,dass,orthography:wordlist
Deut.4.19,212,218,213,217,Jehova,HERR,name:direct-address-pronoun
Deut.4.20,14,20,14,22,Jehova,der HERR,name:subject-after-auxiliary
Deut.4.21,4,10,4,12,Jehova,der HERR,name:subject-before-finite-verb
Deut.4.21,64,67,66,70,daß,dass,orthography:wordlist
Deut.4.21,152,158,155,159,Jehova,HERR,name:direct-address-pronoun
Deut.4.23,13,16,13,17,daß,dass,orthography:wordlist
Deut.4.23,40,47,41,50,Jehovas,des HERRN,name:genitive
Deut.4.23,185,191,188,192,Jehova,HERR,name:direct-address-pronoun
Deut.4.24,5,11,5,9,Jehova,HERR,name:direct-address-pronoun
Deut.4.25,216,223,216,225,Jehovas,des HERRN,name:genitive
Deut.4.26,69,72,69,73,daß,dass,orthography:wordlist
Deut.4.26,77,86,78,88,gewißlich,gewisslich,orthography:wordlist
Deut.4.27,4,10,4,12,Jehova,der HERR,name:subject-before-finite-verb
Deut.4.27,132,138,134,142,Jehova,der HERR,name:subject-with-intervening-object
Deut.4.29,25,31,25,29,Jehova,HERR,name:direct-address-pronoun
Deut.4.30,111,117,111,120,Jehova,dem HERRN,name:dative-preposition
Deut.4.31,32,38,32,36,Jehova,HERR,name:direct-address-pronoun
Deut.4.34,270,276,270,278,Jehova,der HERR,name:subject-subordinate-clause
Deut.4.35,46,49,46,50,daß,dass,orthography:wordlist
Deut.4.35,50,56,51,59,Jehova,der HERR,name:subject-subordinate-clause
Deut.4.37,11,14,11,15,daß,dass,orthography:wordlist
Deut.4.39,44,47,44,48,daß,dass,orthography:wordlist
Deut.4.39,48,54,49,57,Jehova,der HERR,name:subject-subordinate-clause
Deut.4.40,191,197,191,195,Jehova,HERR,name:direct-address-pronoun
Deut.4.42,98,103,98,104,haßte,hasste,orthography:wordlist
Deut.4.42,123,126,124,128,daß,dass,orthography:wordlist
Deut.5.2,9,15,9,13,Jehova,HERR,name:unresolved-case
Deut.5.3,30,36,30,38,Jehova,der HERR,name:subject-after-auxiliary
Deut.5.4,32,38,32,40,Jehova,der HERR,name:subject-after-auxiliary
Deut.5.5,20,26,20,24,Jehova,HERR,name:unresolved-case
Deut.5.5,74,81,72,81,Jehovas,des HERRN,name:genitive
Deut.5.6,8,14,8,12,Jehova,HERR,name:direct-address-pronoun
Deut.5.9,79,85,79,87,Jehova,der HERR,name:first-person-apposition
Deut.5.11,21,28,21,30,Jehovas,des HERRN,name:genitive
Deut.5.11,81,87,83,91,Jehova,der HERR,name:subject-before-finite-verb
Deut.5.12,14,24,14,23,Sabbathtag,Sabbattag,orthography:wordlist
Deut.5.12,51,57,50,54,Jehova,HERR,name:direct-address-pronoun
Deut.5.14,25,32,25,31,Sabbath,Sabbat,orthography:wordlist
Deut.5.14,37,43,36,41,Jehova,HERRN,name:existing-oblique-article
Deut.5.14,263,266,261,265,daß,dass,orthography:wordlist
Deut.5.15,32,35,32,36,daß,dass,orthography:wordlist
Deut.5.15,87,90,88,92,daß,dass,orthography:wordlist
Deut.5.15,91,97,93,97,Jehova,HERR,name:direct-address-pronoun
Deut.5.15,205,211,205,209,Jehova,HERR,name:direct-address-pronoun
Deut.5.15,243,253,241,250,Sabbathtag,Sabbattag,orthography:wordlist
Deut.5.16,55,61,55,59,Jehova,HERR,name:direct-address-pronoun
Deut.5.16,99,102,97,101,daß,dass,orthography:wordlist
Deut.5.16,142,145,141,145,daß,dass,orthography:wordlist
Deut.5.16,185,191,185,189,Jehova,HERR,name:direct-address-pronoun
Deut.5.21,46,50,46,50,Weib,Frau,word:Weib-Frau
Deut.5.22,16,22,16,24,Jehova,der HERR,name:subject-after-auxiliary
Deut.5.24,17,23,17,21,Jehova,HERR,name:unresolved-case
Deut.5.24,193,196,191,195,daß,dass,orthography:wordlist
Deut.5.24,197,203,196,204,Jehova,der HERR,name:subject-subordinate-clause
Deut.5.25,103,110,103,112,Jehovas,des HERRN,name:genitive
Deut.5.27,35,41,35,43,Jehova,der HERR,name:subject-subordinate-clause
Deut.5.27,113,119,115,123,Jehova,der HERR,name:subject-subordinate-clause
Deut.5.28,4,10,4,12,Jehova,der HERR,name:subject-before-finite-verb
Deut.5.28,72,78,74,82,Jehova,der HERR,name:subject-before-finite-verb
Deut.5.29,113,116,113,117,daß,dass,orthography:wordlist
Deut.5.32,36,42,36,44,Jehova,der HERR,name:subject-subordinate-clause
Deut.5.33,26,32,26,31,Jehova,HERRN,name:existing-oblique-article
Deut.5.33,90,93,89,93,daß,dass,orthography:wordlist
Deut.6.1,66,72,66,74,Jehova,der HERR,name:subject-subordinate-clause
Deut.6.2,4,7,4,8,daß,dass,orthography:wordlist
Deut.6.2,11,17,12,16,Jehova,HERR,name:direct-address
Deut.6.2,203,206,202,206,daß,dass,orthography:wordlist
Deut.6.3,112,118,112,116,Jehova,HERR,name:unresolved-case
Deut.6.4,32,38,32,36,Jehova,HERR,name:unresolved-case
Deut.6.4,72,78,70,74,Jehova,HERR,name:unresolved-case
Deut.6.5,14,20,14,18,Jehova,HERR,name:direct-address-pronoun
Deut.6.10,28,34,28,32,Jehova,HERR,name:direct-address-pronoun
Deut.6.12,15,18,15,19,daß,dass,orthography:wordlist
Deut.6.12,22,29,23,32,Jehovas,des HERRN,name:genitive
Deut.6.13,9,15,9,13,Jehova,HERR,name:direct-address-pronoun
Deut.6.15,29,35,29,33,Jehova,HERR,name:direct-address-pronoun
Deut.6.15,90,97,88,97,Jehovas,des HERRN,name:genitive
Deut.6.16,20,26,20,24,Jehova,HERR,name:unresolved-case
Deut.6.17,59,66,59,68,Jehovas,des HERRN,name:genitive
Deut.6.18,67,74,67,76,Jehovas,des HERRN,name:genitive
Deut.6.18,80,83,82,86,daß,dass,orthography:wordlist
Deut.6.18,169,175,172,180,Jehova,der HERR,name:subject-subordinate-clause
Deut.6.19,54,60,54,62,Jehova,der HERR,name:subject-subordinate-clause
Deut.6.20,121,127,121,129,Jehova,der HERR,name:subject-subordinate-clause
Deut.6.21,82,88,82,90,Jehova,der HERR,name:subject-before-finite-verb
Deut.6.22,4,10,4,12,Jehova,der HERR,name:subject-before-finite-verb
Deut.6.24,4,10,4,12,Jehova,der HERR,name:subject-before-finite-verb
Deut.6.24,60,66,62,71,Jehova,den HERRN,name:accusative-apposition
Deut.6.24,125,128,130,134,daß,dass,orthography:wordlist
Deut.6.25,87,93,87,96,Jehova,dem HERRN,name:presence-before-Lord
Deut.7.1,5,11,5,9,Jehova,HERR,name:direct-address-pronoun
Deut.7.2,4,10,4,8,Jehova,HERR,name:direct-address-pronoun
Deut.7.4,55,58,55,59,daß,dass,orthography:wordlist
Deut.7.4,102,109,103,112,Jehovas,des HERRN,name:genitive
Deut.7.6,32,38,32,36,Jehova,HERR,name:direct-address
Deut.7.6,64,70,62,66,Jehova,HERR,name:direct-address-pronoun
Deut.7.7,61,67,61,69,Jehova,der HERR,name:subject-after-auxiliary
Deut.7.8,14,21,14,23,Jehovas,des HERRN,name:genitive
Deut.7.8,105,111,107,115,Jehova,der HERR,name:subject-after-auxiliary
Deut.7.9,16,19,16,20,daß,dass,orthography:wordlist
Deut.7.9,20,26,21,25,Jehova,HERR,name:direct-address-pronoun
Deut.7.12,29,32,29,33,daß,dass,orthography:wordlist
Deut.7.12,103,109,104,108,Jehova,HERR,name:direct-address-pronoun
Deut.7.15,4,10,4,12,Jehova,der HERR,name:subject-before-finite-verb
Deut.7.16,41,47,41,45,Jehova,HERR,name:direct-address-pronoun
Deut.7.18,67,73,67,71,Jehova,HERR,name:direct-address-pronoun
Deut.7.19,146,152,146,150,Jehova,HERR,name:direct-address-pronoun
Deut.7.19,202,208,200,204,Jehova,HERR,name:direct-address-pronoun
Deut.7.20,29,35,29,33,Jehova,HERR,name:direct-address-pronoun
Deut.7.21,33,39,33,37,Jehova,HERR,name:direct-address-pronoun
Deut.7.22,4,10,4,8,Jehova,HERR,name:direct-address-pronoun
Deut.7.23,4,10,4,8,Jehova,HERR,name:direct-address-pronoun
Deut.7.25,152,155,152,156,daß,dass,orthography:wordlist
Deut.7.25,211,217,212,218,Greuel,Gräuel,orthography:wordlist
Deut.7.25,223,229,224,233,Jehova,den HERRN,name:accusative-preposition
Deut.7.26,21,27,21,27,Greuel,Gräuel,orthography:wordlist
Deut.7.26,55,58,55,59,daß,dass,orthography:wordlist
Deut.7.26,158,164,159,165,Greuel,Gräuel,orthography:wordlist
Deut.8.1,96,99,96,100,daß,dass,orthography:wordlist
Deut.8.1,184,190,185,193,Jehova,der HERR,name:subject-subordinate-clause
Deut.8.2,47,53,47,52,Jehova,HERRN,name:existing-oblique-article
Deut.8.3,160,163,160,164,daß,dass,orthography:wordlist
Deut.8.3,213,216,214,218,daß,dass,orthography:wordlist
Deut.8.3,265,272,267,276,Jehovas,des HERRN,name:genitive
Deut.8.5,31,34,31,35,daß,dass,orthography:wordlist
Deut.8.5,73,79,74,78,Jehova,HERR,name:direct-address-pronoun
Deut.8.6,25,32,25,34,Jehovas,des HERRN,name:genitive
Deut.8.7,5,11,5,9,Jehova,HERR,name:direct-address-pronoun
Deut.8.10,60,66,60,64,Jehova,HERR,name:direct-address
Deut.8.11,30,33,30,34,daß,dass,orthography:wordlist
Deut.8.11,37,44,38,47,Jehovas,des HERRN,name:genitive
Deut.8.11,85,88,88,92,daß,dass,orthography:wordlist
Deut.8.14,31,38,31,40,Jehovas,des HERRN,name:genitive
Deut.8.18,18,25,18,27,Jehovas,des HERRN,name:genitive
Deut.8.18,55,58,57,61,daß,dass,orthography:wordlist
Deut.8.18,119,122,122,126,daß,dass,orthography:wordlist
Deut.8.19,49,56,49,58,Jehovas,des HERRN,name:genitive
Deut.8.19,200,203,202,206,daß,dass,orthography:wordlist
Deut.8.19,208,217,211,221,gewißlich,gewisslich,orthography:wordlist
Deut.8.20,35,41,35,43,Jehova,der HERR,name:subject-subordinate-clause
Deut.8.20,102,105,104,108,daß,dass,orthography:wordlist
Deut.8.20,128,135,131,140,Jehovas,des HERRN,name:genitive
Deut.9.3,17,20,17,21,daß,dass,orthography:wordlist
Deut.9.3,21,27,22,26,Jehova,HERR,name:direct-address-pronoun
Deut.9.3,227,233,226,234,Jehova,der HERR,name:subject-subordinate-clause
Deut.9.4,47,53,47,51,Jehova,HERR,name:direct-address-pronoun
Deut.9.4,124,130,122,130,Jehova,der HERR,name:subject-after-auxiliary
Deut.9.4,252,258,252,256,Jehova,HERR,name:unresolved-case
Deut.9.5,186,192,186,190,Jehova,HERR,name:direct-address-pronoun
Deut.9.5,273,279,271,279,Jehova,der HERR,name:subject-subordinate-clause
Deut.9.6,16,19,16,20,daß,dass,orthography:wordlist
Deut.9.6,58,64,59,63,Jehova,HERR,name:direct-address-pronoun
Deut.9.7,19,25,19,26,vergiß,vergiss,orthography:wordlist
Deut.9.7,41,47,42,46,Jehova,HERR,name:direct-address
Deut.9.7,222,228,221,230,Jehova,den HERRN,name:accusative-preposition
Deut.9.8,28,34,28,32,Jehova,HERR,name:unresolved-case
Deut.9.8,41,47,39,43,Jehova,HERR,name:unresolved-case
Deut.9.8,74,77,70,74,daß,dass,orthography:wordlist
Deut.9.9,100,106,100,105,Jehova,HERRN,name:existing-oblique-article
Deut.9.10,4,10,4,12,Jehova,der HERR,name:subject-before-finite-verb
Deut.9.10,133,139,135,143,Jehova,der HERR,name:subject-subordinate-clause
Deut.9.11,77,83,77,81,Jehova,HERR,name:unresolved-case
Deut.9.12,4,10,4,12,Jehova,der HERR,name:subject-before-finite-verb
Deut.9.13,4,10,4,12,Jehova,der HERR,name:subject-before-finite-verb
Deut.9.14,0,3,0,4,Laß,Lass,orthography:wordlist
Deut.9.14,17,20,18,22,daß,dass,orthography:wordlist
Deut.9.16,42,48,42,51,Jehova,den HERRN,name:accusative-preposition
Deut.9.16,171,177,174,179,Jehova,HERRN,name:existing-oblique-article
Deut.9.17,9,14,9,15,faßte,fasste,orthography:wordlist
Deut.9.18,33,39,33,42,Jehova,dem HERRN,name:presence-before-Lord
Deut.9.18,245,252,248,257,Jehovas,des HERRN,name:genitive
Deut.9.19,56,62,56,64,Jehova,der HERR,name:subject-subordinate-clause
Deut.9.19,91,94,93,97,daß,dass,orthography:wordlist
Deut.9.19,126,132,129,133,Jehova,HERR,name:unresolved-case
Deut.9.20,24,30,24,28,Jehova,HERR,name:unresolved-case
Deut.9.20,41,44,39,43,daß,dass,orthography:wordlist
Deut.9.22,68,74,68,72,Jehova,HERR,name:unresolved-case
Deut.9.23,18,24,18,22,Jehova,HERR,name:unresolved-case
Deut.9.23,188,195,186,195,Jehovas,des HERRN,name:genitive
Deut.9.24,31,37,31,40,Jehova,den HERRN,name:accusative-preposition
Deut.9.25,23,29,23,32,Jehova,dem HERRN,name:presence-before-Lord
Deut.9.25,112,118,115,123,Jehova,der HERR,name:subject-before-finite-verb
Deut.9.25,135,138,140,144,daß,dass,orthography:wordlist
Deut.9.26,46,52,46,55,Jehova,dem HERRN,name:dative-preposition
Deut.9.26,73,79,76,80,Jehova,HERR,name:unresolved-case
Deut.9.28,75,81,75,83,Jehova,der HERR,name:subject-subordinate-clause
Deut.9.28,185,190,187,193,haßte,hasste,orthography:wordlist
Deut.10.1,24,30,24,32,Jehova,der HERR,name:subject-after-speech-verb
Deut.10.4,80,86,80,88,Jehova,der HERR,name:subject-subordinate-clause
Deut.10.4,180,186,182,190,Jehova,der HERR,name:subject-before-finite-verb
Deut.10.5,146,152,146,154,Jehova,der HERR,name:subject-subordinate-clause
Deut.10.8,27,33,27,31,Jehova,HERR,name:unresolved-case
Deut.10.8,80,87,78,87,Jehovas,des HERRN,name:genitive
Deut.10.8,104,110,104,113,Jehova,dem HERRN,name:presence-before-Lord
Deut.10.9,64,70,64,72,Jehova,der HERR,name:subject-before-finite-verb
Deut.10.9,98,104,100,104,Jehova,HERR,name:direct-address-pronoun
Deut.10.10,94,100,94,98,Jehova,HERR,name:unresolved-case
Deut.10.10,133,139,131,139,Jehova,der HERR,name:subject-before-finite-verb
Deut.10.11,4,10,4,12,Jehova,der HERR,name:subject-before-finite-verb
Deut.10.12,30,36,30,34,Jehova,HERR,name:direct-address-pronoun
Deut.10.12,69,75,67,71,Jehova,HERR,name:direct-address-pronoun
Deut.10.12,166,172,162,166,Jehova,HERR,name:direct-address-pronoun
Deut.10.13,20,27,20,29,Jehovas,des HERRN,name:genitive
Deut.10.14,7,14,7,16,Jehovas,des HERRN,name:genitive
Deut.10.15,25,31,25,33,Jehova,der HERR,name:subject-after-auxiliary
Deut.10.17,5,11,5,9,Jehova,HERR,name:unresolved-case
Deut.10.18,75,78,75,79,daß,dass,orthography:wordlist
Deut.10.20,9,15,9,13,Jehova,HERR,name:direct-address-pronoun
Deut.10.22,71,77,71,75,Jehova,HERR,name:direct-address-pronoun
Deut.11.1,18,24,18,22,Jehova,HERR,name:direct-address-pronoun
Deut.11.2,125,132,125,134,Jehovas,des HERRN,name:genitive
Deut.11.4,180,186,180,188,Jehova,der HERR,name:subject-before-finite-verb
Deut.11.7,43,50,43,52,Jehovas,des HERRN,name:genitive
Deut.11.9,55,61,55,59,Jehova,HERR,name:unresolved-case
Deut.11.12,23,29,23,27,Jehova,HERR,name:direct-address-pronoun
Deut.11.12,80,87,78,87,Jehovas,des HERRN,name:genitive
Deut.11.13,94,100,94,98,Jehova,HERR,name:unresolved-case
Deut.11.16,13,16,13,17,daß,dass,orthography:wordlist
Deut.11.17,24,31,24,33,Jehovas,des HERRN,name:genitive
Deut.11.17,88,91,90,94,daß,dass,orthography:wordlist
Deut.11.17,208,214,211,219,Jehova,der HERR,name:subject-with-intervening-object
Deut.11.21,4,7,4,8,daß,dass,orthography:wordlist
Deut.11.21,83,89,84,92,Jehova,der HERR,name:subject-subordinate-clause
Deut.11.22,87,93,87,91,Jehova,HERR,name:unresolved-case
Deut.11.23,8,14,8,16,Jehova,der HERR,name:subject-after-auxiliary
Deut.11.25,82,88,82,90,Jehova,der HERR,name:subject-after-auxiliary
Deut.11.27,34,41,34,43,Jehovas,des HERRN,name:genitive
Deut.11.28,48,55,48,57,Jehovas,des HERRN,name:genitive
Deut.11.29,28,34,28,32,Jehova,HERR,name:direct-address-pronoun
Deut.11.31,89,95,89,93,Jehova,HERR,name:unresolved-case
Deut.12.1,103,109,103,107,Jehova,HERR,name:unresolved-case
Deut.12.4,9,15,9,13,Jehova,HERR,name:unresolved-case
Deut.12.5,47,53,47,55,Jehova,der HERR,name:subject-subordinate-clause
Deut.12.5,143,146,145,149,daß,dass,orthography:wordlist
Deut.12.7,27,33,27,36,Jehova,dem HERRN,name:presence-before-Lord
Deut.12.7,134,140,137,141,Jehova,HERR,name:direct-address-pronoun
Deut.12.9,82,88,82,86,Jehova,HERR,name:direct-address-pronoun
Deut.12.10,77,83,77,81,Jehova,HERR,name:unresolved-case
Deut.12.10,110,114,108,113,läßt,lässt,orthography:wordlist
Deut.12.11,41,47,41,49,Jehova,der HERR,name:subject-subordinate-clause
Deut.12.11,302,308,304,308,Jehova,HERR,name:unresolved-case
Deut.12.12,30,36,30,39,Jehova,dem HERRN,name:presence-before-Lord
Deut.12.13,12,15,12,16,daß,dass,orthography:wordlist
Deut.12.14,30,36,30,38,Jehova,der HERR,name:subject-subordinate-clause
Deut.12.15,116,123,116,125,Jehovas,des HERRN,name:genitive
Deut.12.18,12,18,12,21,Jehova,dem HERRN,name:presence-before-Lord
Deut.12.18,57,63,60,64,Jehova,HERR,name:direct-address-pronoun
Deut.12.18,252,258,253,262,Jehova,dem HERRN,name:presence-before-Lord
Deut.12.19,12,15,12,16,daß,dass,orthography:wordlist
Deut.12.20,5,11,5,9,Jehova,HERR,name:direct-address-pronoun
Deut.12.21,19,25,19,24,Jehova,HERRN,name:existing-oblique-article
Deut.12.21,182,188,181,189,Jehova,der HERR,name:subject-with-intervening-object
Deut.12.25,31,34,31,35,daß,dass,orthography:wordlist
Deut.12.25,124,131,125,134,Jehovas,des HERRN,name:genitive
Deut.12.26,115,121,115,120,Jehova,HERRN,name:existing-oblique-article
Deut.12.27,75,82,75,84,Jehovas,des HERRN,name:genitive
Deut.12.27,164,171,166,175,Jehovas,des HERRN,name:genitive
Deut.12.28,79,82,79,83,daß,dass,orthography:wordlist
Deut.12.28,190,197,191,200,Jehovas,des HERRN,name:genitive
Deut.12.29,5,11,5,9,Jehova,HERR,name:direct-address-pronoun
Deut.12.30,15,18,15,19,daß,dass,orthography:wordlist
Deut.12.30,104,107,105,109,daß,dass,orthography:wordlist
Deut.12.31,9,15,9,13,Jehova,HERR,name:direct-address-pronoun
Deut.12.31,79,85,77,86,Jehova,den HERRN,name:accusative-preposition
Deut.12.31,91,97,92,98,Greuel,Gräuel,orthography:wordlist
Deut.12.31,112,116,113,118,haßt,hasst,orthography:wordlist
Deut.13.3,102,105,102,106,Laß,Lass,orthography:wordlist
Deut.13.4,97,103,97,101,Jehova,HERR,name:unresolved-case
Deut.13.4,159,165,157,161,Jehova,HERR,name:unresolved-case
Deut.13.5,9,15,9,13,Jehova,HERR,name:unresolved-case
Deut.13.6,109,115,109,118,Jehova,den HERRN,name:accusative-preposition
Deut.13.6,290,296,293,297,Jehova,HERR,name:direct-address-pronoun
Deut.13.7,88,91,88,91,das,die,grammar:Frau-determiner
Deut.13.7,92,96,92,96,Weib,Frau,word:Weib-Frau
Deut.13.7,198,201,198,202,Laß,Lass,orthography:wordlist
Deut.13.10,22,31,22,32,gewißlich,gewisslich,orthography:wordlist
Deut.13.11,31,34,31,35,daß,dass,orthography:wordlist
Deut.13.11,89,95,90,99,Jehova,dem HERRN,name:dative-preposition
Deut.13.13,40,46,40,44,Jehova,HERR,name:direct-address-pronoun
Deut.13.14,126,130,126,131,Laßt,Lasst,orthography:wordlist
Deut.13.15,126,132,126,132,Greuel,Gräuel,orthography:wordlist
Deut.13.16,39,48,39,49,gewißlich,gewisslich,orthography:wordlist
Deut.13.17,115,121,115,119,Jehova,HERR,name:direct-address-pronoun
Deut.13.18,86,89,86,90,daß,dass,orthography:wordlist
Deut.13.18,90,96,91,99,Jehova,der HERR,name:subject-subordinate-clause
Deut.13.19,20,27,20,29,Jehovas,des HERRN,name:genitive
Deut.13.19,120,123,122,126,daß,dass,orthography:wordlist
Deut.13.19,161,168,164,173,Jehovas,des HERRN,name:genitive
Deut.14.1,16,23,16,25,Jehovas,des HERRN,name:genitive
Deut.14.2,32,38,32,36,Jehova,HERR,name:direct-address
Deut.14.2,68,74,66,74,Jehova,der HERR,name:subject-after-auxiliary
Deut.14.3,17,23,17,23,Greuel,Gräuel,orthography:wordlist
Deut.14.21,89,92,89,93,daß,dass,orthography:wordlist
Deut.14.21,172,178,173,177,Jehova,HERR,name:direct-address
Deut.14.23,25,31,25,34,Jehova,dem HERRN,name:presence-before-Lord
Deut.14.23,259,262,262,266,daß,dass,orthography:wordlist
Deut.14.23,266,272,270,274,Jehova,HERR,name:direct-address
Deut.14.24,51,54,51,55,daß,dass,orthography:wordlist
Deut.14.24,124,130,125,130,Jehova,HERRN,name:existing-oblique-article
Deut.14.24,201,207,201,205,Jehova,HERR,name:direct-address-pronoun
Deut.14.25,104,110,104,109,Jehova,HERRN,name:existing-oblique-article
Deut.14.26,172,174,172,175,iß,iss,orthography:wordlist
Deut.14.26,189,195,190,199,Jehova,dem HERRN,name:presence-before-Lord
Deut.14.29,195,198,195,199,daß,dass,orthography:wordlist
Deut.14.29,199,205,200,204,Jehova,HERR,name:direct-address-pronoun
Deut.15.1,44,49,44,50,Erlaß,Erlass,orthography:wordlist
Deut.15.2,177,182,177,183,Erlaß,Erlass,orthography:wordlist
Deut.15.2,187,193,188,193,Jehova,HERRN,name:existing-oblique-article
Deut.15.4,32,35,32,36,daß,dass,orthography:wordlist
Deut.15.4,68,74,69,77,Jehova,der HERR,name:subject-before-finite-verb
Deut.15.4,127,133,130,134,Jehova,HERR,name:direct-address-pronoun
Deut.15.5,24,31,24,33,Jehovas,des HERRN,name:genitive
Deut.15.6,5,11,5,9,Jehova,HERR,name:direct-address-pronoun
Deut.15.7,111,117,111,115,Jehova,HERR,name:direct-address-pronoun
Deut.15.9,12,15,12,16,daß,dass,orthography:wordlist
Deut.15.9,61,64,62,66,daß,dass,orthography:wordlist
Deut.15.9,110,119,112,122,Erlaßjahr,Erlassjahr,orthography:wordlist
Deut.15.9,129,132,132,136,daß,dass,orthography:wordlist
Deut.15.9,235,241,239,248,Jehova,dem HERRN,name:dative-preposition
Deut.15.10,127,133,127,131,Jehova,HERR,name:direct-address-pronoun
Deut.15.14,117,123,117,121,Jehova,HERR,name:direct-address-pronoun
Deut.15.15,25,28,25,29,daß,dass,orthography:wordlist
Deut.15.15,80,83,81,85,daß,dass,orthography:wordlist
Deut.15.15,84,90,86,90,Jehova,HERR,name:direct-address-pronoun
Deut.15.18,196,202,196,200,Jehova,HERR,name:direct-address-pronoun
Deut.15.19,105,111,105,109,Jehova,HERR,name:direct-address
Deut.15.20,22,28,22,31,Jehova,dem HERRN,name:presence-before-Lord
Deut.15.20,120,126,123,128,Jehova,HERRN,name:existing-oblique-article
Deut.15.21,37,40,37,41,daß,dass,orthography:wordlist
Deut.15.21,116,122,117,121,Jehova,HERR,name:direct-address-pronoun
Deut.16.1,48,54,48,52,Jehova,HERR,name:direct-address-pronoun
Deut.16.1,95,101,93,97,Jehova,HERR,name:direct-address-pronoun
Deut.16.2,14,20,14,18,Jehova,HERR,name:direct-address-pronoun
Deut.16.2,99,105,97,102,Jehova,HERRN,name:existing-oblique-article
Deut.16.3,171,174,171,175,daß,dass,orthography:wordlist
Deut.16.5,68,74,68,72,Jehova,HERR,name:direct-address-pronoun
Deut.16.6,26,32,26,31,Jehova,HERRN,name:existing-oblique-article
Deut.16.7,53,59,53,58,Jehova,HERRN,name:existing-oblique-article
Deut.16.8,107,113,107,111,Jehova,HERR,name:direct-address-pronoun
Deut.16.10,45,51,45,49,Jehova,HERR,name:direct-address-pronoun
Deut.16.10,149,155,147,151,Jehova,HERR,name:direct-address-pronoun
Deut.16.11,23,29,23,32,Jehova,dem HERRN,name:presence-before-Lord
Deut.16.11,264,270,267,272,Jehova,HERRN,name:existing-oblique-article
Deut.16.12,25,28,25,29,daß,dass,orthography:wordlist
Deut.16.15,41,47,41,45,Jehova,HERR,name:direct-address
Deut.16.15,100,106,98,103,Jehova,HERRN,name:existing-oblique-article
Deut.16.15,128,134,125,129,Jehova,HERR,name:direct-address-pronoun
Deut.16.16,61,67,61,70,Jehova,dem HERRN,name:presence-before-Lord
Deut.16.16,253,259,256,265,Jehova,dem HERRN,name:presence-before-Lord
Deut.16.17,73,80,73,82,Jehovas,des HERRN,name:genitive
Deut.16.18,107,113,107,111,Jehova,HERR,name:direct-address-pronoun
Deut.16.20,65,68,65,69,daß,dass,orthography:wordlist
Deut.16.20,112,118,113,117,Jehova,HERR,name:direct-address-pronoun
Deut.16.21,72,79,72,81,Jehovas,des HERRN,name:genitive
Deut.16.22,51,57,51,55,Jehova,HERR,name:direct-address-pronoun
Deut.16.22,72,76,70,75,haßt,hasst,orthography:wordlist
Deut.17.1,10,16,10,14,Jehova,HERR,name:direct-address-pronoun
Deut.17.1,139,145,137,143,Greuel,Gräuel,orthography:wordlist
Deut.17.1,151,157,149,158,Jehova,den HERRN,name:accusative-preposition
Deut.17.2,51,57,51,55,Jehova,HERR,name:direct-address-pronoun
Deut.17.2,97,100,95,99,ein,eine,grammar:Frau-determiner
Deut.17.2,101,105,100,104,Weib,Frau,word:Weib-Frau
Deut.17.2,167,174,166,175,Jehovas,des HERRN,name:genitive
Deut.17.3,3,6,3,7,daß,dass,orthography:wordlist
Deut.17.4,161,167,161,167,Greuel,Gräuel,orthography:wordlist
Deut.17.5,30,35,30,34,jenes,jene,grammar:Frau-determiner
Deut.17.5,36,40,35,39,Weib,Frau,word:Weib-Frau
Deut.17.5,125,128,124,127,das,die,grammar:Frau-determiner
Deut.17.5,129,133,128,132,Weib,Frau,word:Weib-Frau
Deut.17.5,163,166,162,166,daß,dass,orthography:wordlist
Deut.17.8,265,271,265,270,Jehova,HERRN,name:existing-oblique-article
Deut.17.10,97,103,97,102,Jehova,HERRN,name:existing-oblique-article
Deut.17.12,54,57,54,58,daß,dass,orthography:wordlist
Deut.17.12,108,115,109,118,Jehovas,des HERRN,name:genitive
Deut.17.14,34,40,34,38,Jehova,HERR,name:direct-address-pronoun
Deut.17.15,52,58,52,57,Jehova,HERRN,name:existing-oblique-article
Deut.17.16,131,137,131,139,Jehova,der HERR,name:subject-before-finite-verb
Deut.17.17,22,28,22,28,Weiber,Frauen,word:Weib-Frau
Deut.17.17,45,48,45,49,daß,dass,orthography:wordlist
Deut.17.19,82,85,82,86,daß,dass,orthography:wordlist
Deut.17.19,89,95,90,94,Jehova,HERR,name:unresolved-case
Deut.17.20,135,138,135,139,daß,dass,orthography:wordlist
Deut.18.1,115,122,115,124,Jehovas,des HERRN,name:genitive
Deut.18.2,58,64,58,66,Jehova,der HERR,name:subject-before-finite-verb
Deut.18.3,216,222,216,221,rauhen,rauen,orthography:wordlist
Deut.18.5,14,20,14,18,Jehova,HERR,name:direct-address-pronoun
Deut.18.5,113,120,111,120,Jehovas,des HERRN,name:genitive
Deut.18.6,158,164,158,163,Jehova,HERRN,name:existing-oblique-article
Deut.18.7,47,54,47,56,Jehovas,des HERRN,name:genitive
Deut.18.7,128,134,130,139,Jehova,dem HERRN,name:presence-before-Lord
Deut.18.9,33,39,33,37,Jehova,HERR,name:direct-address-pronoun
Deut.18.9,102,109,100,107,Greueln,Gräueln,orthography:wordlist
Deut.18.10,100,104,100,105,läßt,lässt,orthography:wordlist
Deut.18.12,9,15,9,15,Greuel,Gräuel,orthography:wordlist
Deut.18.12,21,27,21,30,Jehova,den HERRN,name:accusative-preposition
Deut.18.12,81,87,84,90,Greuel,Gräuel,orthography:wordlist
Deut.18.12,103,109,106,110,Jehova,HERR,name:direct-address-pronoun
Deut.18.13,33,39,33,42,Jehova,den HERRN,name:accusative-preposition
Deut.18.14,109,115,109,113,Jehova,HERR,name:direct-address-pronoun
Deut.18.15,73,79,73,77,Jehova,HERR,name:direct-address-pronoun
Deut.18.16,24,30,24,33,Jehova,dem HERRN,name:dative-preposition
Deut.18.16,154,161,157,166,Jehovas,des HERRN,name:genitive
Deut.18.16,243,246,248,252,daß,dass,orthography:wordlist
Deut.18.17,4,10,4,12,Jehova,der HERR,name:subject-before-finite-verb
Deut.18.21,80,86,80,84,Jehova,HERR,name:unresolved-case
Deut.18.22,28,35,28,37,Jehovas,des HERRN,name:genitive
Deut.18.22,128,134,130,138,Jehova,der HERR,name:subject-subordinate-clause
Deut.19.1,5,11,5,9,Jehova,HERR,name:direct-address-pronoun
Deut.19.1,67,73,65,69,Jehova,HERR,name:direct-address-pronoun
Deut.19.2,70,76,70,74,Jehova,HERR,name:direct-address-pronoun
Deut.19.3,77,83,77,81,Jehova,HERR,name:direct-address-pronoun
Deut.19.4,163,168,163,169,haßte,hasste,orthography:wordlist
Deut.19.5,207,210,207,211,daß,dass,orthography:wordlist
Deut.19.6,4,7,4,8,daß,dass,orthography:wordlist
Deut.19.6,218,223,219,225,haßte,hasste,orthography:wordlist
Deut.19.8,9,15,9,13,Jehova,HERR,name:direct-address-pronoun
Deut.19.9,92,98,92,96,Jehova,HERR,name:direct-address
Deut.19.10,77,83,77,81,Jehova,HERR,name:direct-address-pronoun
Deut.19.11,36,40,36,41,haßt,hasst,orthography:wordlist
Deut.19.11,111,114,112,116,daß,dass,orthography:wordlist
Deut.19.12,128,131,128,132,daß,dass,orthography:wordlist
Deut.19.14,156,162,156,160,Jehova,HERR,name:direct-address-pronoun
Deut.19.17,57,63,57,66,Jehova,dem HERRN,name:presence-before-Lord
Deut.20.1,61,64,61,65,Roß,Ross,orthography:wordlist
Deut.20.1,159,165,160,164,Jehova,HERR,name:direct-address-pronoun
Deut.20.4,5,11,5,9,Jehova,HERR,name:unresolved-case
Deut.20.7,34,37,34,38,ein,eine,grammar:Frau-determiner
Deut.20.7,38,42,39,43,Weib,Frau,word:Weib-Frau
Deut.20.13,9,15,9,13,Jehova,HERR,name:direct-address-pronoun
Deut.20.14,9,15,9,15,Weiber,Frauen,word:Weib-Frau
Deut.20.14,185,191,185,189,Jehova,HERR,name:direct-address-pronoun
Deut.20.16,44,50,44,48,Jehova,HERR,name:direct-address-pronoun
Deut.20.17,148,154,148,152,Jehova,HERR,name:direct-address-pronoun
Deut.20.18,4,7,4,8,daß,dass,orthography:wordlist
Deut.20.18,57,64,58,65,Greueln,Gräueln,orthography:wordlist
Deut.20.18,132,138,133,142,Jehova,den HERRN,name:accusative-preposition
Deut.20.19,286,289,286,290,daß,dass,orthography:wordlist
Deut.20.20,37,40,37,41,daß,dass,orthography:wordlist
Deut.20.20,78,81,79,83,ißt,isst,orthography:wordlist
Deut.21.1,24,30,24,28,Jehova,HERR,name:direct-address-pronoun
Deut.21.1,134,137,132,136,daß,dass,orthography:wordlist
Deut.21.5,81,87,81,85,Jehova,HERR,name:direct-address-pronoun
Deut.21.5,140,147,138,147,Jehovas,des HERRN,name:genitive
Deut.21.8,8,14,8,12,Jehova,HERR,name:direct-address-pronoun
Deut.21.9,133,140,133,142,Jehovas,des HERRN,name:genitive
Deut.21.10,55,61,55,59,Jehova,HERR,name:direct-address-pronoun
Deut.21.11,37,40,37,41,ein,eine,grammar:Frau-determiner
Deut.21.11,41,45,42,46,Weib,Frau,word:Weib-Frau
Deut.21.11,109,112,110,113,zum,zur,grammar:Frau-determiner
Deut.21.11,113,118,114,118,Weibe,Frau,word:Weib-Frau
Deut.21.13,226,229,226,230,daß,dass,orthography:wordlist
Deut.21.13,234,238,235,240,dein,deine,grammar:Frau-determiner
Deut.21.13,239,243,241,245,Weib,Frau,word:Weib-Frau
Deut.21.14,212,215,212,216,daß,dass,orthography:wordlist
Deut.21.15,19,25,19,25,Weiber,Frauen,word:Weib-Frau
Deut.21.15,57,64,57,65,gehaßte,gehasste,orthography:wordlist
Deut.21.15,117,124,118,126,gehaßte,gehasste,orthography:wordlist
Deut.21.15,165,173,167,176,gehaßten,gehassten,orthography:wordlist
Deut.21.16,61,65,61,66,läßt,lässt,orthography:wordlist
Deut.21.16,166,174,167,176,gehaßten,gehassten,orthography:wordlist
Deut.21.17,41,49,41,50,gehaßten,gehassten,orthography:wordlist
Deut.21.17,72,75,73,77,daß,dass,orthography:wordlist
Deut.21.21,53,56,53,57,daß,dass,orthography:wordlist
Deut.21.23,220,226,220,224,Jehova,HERR,name:direct-address-pronoun
Deut.22.2,118,121,118,122,daß,dass,orthography:wordlist
Deut.22.5,28,33,28,33,einem,einer,grammar:Frau-determiner
Deut.22.5,34,39,34,38,Weibe,Frau,word:Weib-Frau
Deut.22.5,83,88,82,87,eines,einer,grammar:Frau-determiner
Deut.22.5,89,95,88,92,Weibes,Frau,word:Weib-Frau
Deut.22.5,145,151,142,148,Greuel,Gräuel,orthography:wordlist
Deut.22.5,157,163,154,163,Jehova,den HERRN,name:accusative-preposition
Deut.22.7,93,96,93,97,daß,dass,orthography:wordlist
Deut.22.13,15,18,15,19,ein,eine,grammar:Frau-determiner
Deut.22.13,19,23,20,24,Weib,Frau,word:Weib-Frau
Deut.22.13,59,63,60,65,haßt,hasst,orthography:wordlist
Deut.22.14,95,101,95,100,Dieses,Diese,grammar:Frau-determiner
Deut.22.14,102,106,101,105,Weib,Frau,word:Weib-Frau
Deut.22.15,21,24,21,24,des,der,grammar:Frau-determiner
Deut.22.15,32,38,32,36,Weibes,Frau,word:Weib-Frau
Deut.22.15,90,93,88,91,des,der,grammar:Frau-determiner
Deut.22.15,101,107,99,103,Weibes,Frau,word:Weib-Frau
Deut.22.16,15,18,15,18,des,der,grammar:Frau-determiner
Deut.22.16,26,32,26,30,Weibes,Frau,word:Weib-Frau
Deut.22.16,103,106,101,104,zum,zur,grammar:Frau-determiner
Deut.22.16,107,112,105,109,Weibe,Frau,word:Weib-Frau
Deut.22.16,130,134,127,132,haßt,hasst,orthography:wordlist
Deut.22.19,73,76,73,76,des,der,grammar:Frau-determiner
Deut.22.19,84,90,84,88,Weibes,Frau,word:Weib-Frau
Deut.22.19,189,193,187,192,sein,seine,grammar:Frau-determiner
Deut.22.19,194,198,193,197,Weib,Frau,word:Weib-Frau
Deut.22.20,84,87,84,87,dem,der,grammar:Frau-determiner
Deut.22.20,95,100,95,99,Weibe,Frau,word:Weib-Frau
Deut.22.21,15,18,15,18,das,die,grammar:Frau-determiner
Deut.22.21,26,30,26,30,Weib,Frau,word:Weib-Frau
Deut.22.21,139,142,139,143,daß,dass,orthography:wordlist
Deut.22.22,19,24,19,24,einem,einer,grammar:Frau-determiner
Deut.22.22,25,30,25,29,Weibe,Frau,word:Weib-Frau
Deut.22.22,74,81,73,80,Eheweib,Ehefrau,word:Weib-Frau
Deut.22.22,141,144,140,143,dem,der,grammar:Frau-determiner
Deut.22.22,145,150,144,148,Weibe,Frau,word:Weib-Frau
Deut.22.22,169,172,167,170,das,die,grammar:Frau-determiner
Deut.22.22,173,177,171,175,Weib,Frau,word:Weib-Frau
Deut.22.24,83,86,83,87,daß,dass,orthography:wordlist
Deut.22.24,201,204,202,205,das,die,grammar:Frau-determiner
Deut.22.24,205,209,206,210,Weib,Frau,word:Weib-Frau
Deut.22.29,113,117,113,118,sein,seine,grammar:Frau-determiner
Deut.22.29,118,122,119,123,Weib,Frau,word:Weib-Frau
Deut.22.29,136,139,137,141,daß,dass,orthography:wordlist
Deut.23.1,21,24,21,24,das,die,grammar:Frau-determiner
Deut.23.1,25,29,25,29,Weib,Frau,word:Weib-Frau
Deut.23.2,105,112,105,114,Jehovas,des HERRN,name:genitive
Deut.23.3,40,47,40,49,Jehovas,des HERRN,name:genitive
Deut.23.3,123,130,125,134,Jehovas,des HERRN,name:genitive
Deut.23.4,58,65,58,67,Jehovas,des HERRN,name:genitive
Deut.23.4,143,150,145,154,Jehovas,des HERRN,name:genitive
Deut.23.6,5,11,5,9,Jehova,HERR,name:direct-address-pronoun
Deut.23.6,63,69,61,65,Jehova,HERR,name:direct-address-pronoun
Deut.23.6,125,131,121,125,Jehova,HERR,name:direct-address-pronoun
Deut.23.9,103,110,103,112,Jehovas,des HERRN,name:genitive
Deut.23.13,56,59,56,60,daß,dass,orthography:wordlist
Deut.23.15,5,11,5,9,Jehova,HERR,name:direct-address-pronoun
Deut.23.15,158,161,156,160,daß,dass,orthography:wordlist
Deut.23.19,81,88,81,90,Jehovas,des HERRN,name:genitive
Deut.23.19,174,180,176,182,Greuel,Gräuel,orthography:wordlist
Deut.23.19,186,192,188,197,Jehova,den HERRN,name:accusative-preposition
Deut.23.21,95,101,95,99,Jehova,HERR,name:direct-address-pronoun
Deut.23.22,8,14,8,12,Jehova,HERR,name:direct-address
Deut.23.22,100,106,98,102,Jehova,HERR,name:direct-address-pronoun
Deut.23.22,129,138,125,135,gewißlich,gewisslich,orthography:wordlist
Deut.23.24,76,82,76,80,Jehova,HERR,name:direct-address
Deut.24.1,15,18,15,19,ein,eine,grammar:Frau-determiner
Deut.24.1,19,23,20,24,Weib,Frau,word:Weib-Frau
Deut.24.1,167,170,168,172,daß,dass,orthography:wordlist
Deut.24.1,260,267,262,270,entläßt,entlässt,orthography:wordlist
Deut.24.2,55,58,55,58,das,die,grammar:Frau-determiner
Deut.24.2,59,63,59,63,Weib,Frau,word:Weib-Frau
Deut.24.3,21,25,21,26,haßt,hasst,orthography:wordlist
Deut.24.3,102,109,103,111,entläßt,entlässt,orthography:wordlist
Deut.24.3,182,185,184,187,zum,zur,grammar:Frau-determiner
Deut.24.3,186,191,188,192,Weibe,Frau,word:Weib-Frau
Deut.24.4,79,82,79,83,daß,dass,orthography:wordlist
Deut.24.4,87,91,88,93,sein,seine,grammar:Frau-determiner
Deut.24.4,92,96,94,98,Weib,Frau,word:Weib-Frau
Deut.24.4,160,166,162,168,Greuel,Gräuel,orthography:wordlist
Deut.24.4,172,178,174,183,Jehova,dem HERRN,name:presence-before-Lord
Deut.24.4,236,242,241,245,Jehova,HERR,name:direct-address-pronoun
Deut.24.5,24,27,24,28,ein,eine,grammar:Frau-determiner
Deut.24.5,28,32,29,33,Weib,Frau,word:Weib-Frau
Deut.24.5,192,196,193,198,sein,seine,grammar:Frau-determiner
Deut.24.5,197,201,199,203,Weib,Frau,word:Weib-Frau
Deut.24.8,49,52,49,53,daß,dass,orthography:wordlist
Deut.24.9,30,36,30,34,Jehova,HERR,name:direct-address-pronoun
Deut.24.13,76,79,76,80,daß,dass,orthography:wordlist
Deut.24.13,178,184,179,188,Jehova,dem HERRN,name:presence-before-Lord
Deut.24.15,176,182,176,185,Jehova,dem HERRN,name:dative-preposition
Deut.24.18,25,28,25,29,daß,dass,orthography:wordlist
Deut.24.18,74,77,75,79,daß,dass,orthography:wordlist
Deut.24.18,78,84,80,84,Jehova,HERR,name:direct-address-pronoun
Deut.24.19,212,215,212,216,daß,dass,orthography:wordlist
Deut.24.19,216,222,217,221,Jehova,HERR,name:direct-address-pronoun
Deut.24.22,25,28,25,29,daß,dass,orthography:wordlist
Deut.25.5,89,92,89,92,das,die,grammar:Frau-determiner
Deut.25.5,93,97,93,97,Weib,Frau,word:Weib-Frau
Deut.25.5,211,214,211,214,zum,zur,grammar:Frau-determiner
Deut.25.5,215,220,215,219,Weibe,Frau,word:Weib-Frau
Deut.25.11,66,69,66,69,das,die,grammar:Frau-determiner
Deut.25.11,70,74,70,74,Weib,Frau,word:Weib-Frau
Deut.25.15,103,106,103,107,daß,dass,orthography:wordlist
Deut.25.15,160,166,161,165,Jehova,HERR,name:direct-address-pronoun
Deut.25.16,9,15,9,15,Greuel,Gräuel,orthography:wordlist
Deut.25.16,21,27,21,30,Jehova,den HERRN,name:accusative-preposition
Deut.25.19,19,25,19,23,Jehova,HERR,name:direct-address-pronoun
Deut.25.19,122,128,120,124,Jehova,HERR,name:direct-address-pronoun
Deut.25.19,205,208,201,205,daß,dass,orthography:wordlist
Deut.25.19,266,272,263,270,Vergiß,Vergiss,orthography:wordlist
Deut.26.1,61,67,61,65,Jehova,HERR,name:direct-address-pronoun
Deut.26.2,117,123,117,121,Jehova,HERR,name:direct-address-pronoun
Deut.26.2,217,223,215,219,Jehova,HERR,name:direct-address-pronoun
Deut.26.3,104,110,104,108,Jehova,HERR,name:direct-address-pronoun
Deut.26.3,133,136,131,135,daß,dass,orthography:wordlist
Deut.26.3,176,182,175,183,Jehova,der HERR,name:subject-subordinate-clause
Deut.26.4,80,87,80,89,Jehovas,des HERRN,name:genitive
Deut.26.5,18,24,18,27,Jehova,dem HERRN,name:presence-before-Lord
Deut.26.6,17,29,17,30,mißhandelten,misshandelten,orthography:wordlist
Deut.26.7,20,26,20,29,Jehova,dem HERRN,name:dative-preposition
Deut.26.7,59,65,62,70,Jehova,der HERR,name:subject-before-finite-verb
Deut.26.8,4,10,4,8,Jehova,HERR,name:unresolved-case
Deut.26.10,90,96,90,94,Jehova,HERR,name:direct-address
Deut.26.10,140,146,138,147,Jehova,dem HERRN,name:presence-before-Lord
Deut.26.10,192,198,193,202,Jehova,dem HERRN,name:presence-before-Lord
Deut.26.11,47,53,47,51,Jehova,HERR,name:direct-address-pronoun
Deut.26.13,17,23,17,26,Jehova,dem HERRN,name:presence-before-Lord
Deut.26.14,170,177,170,179,Jehovas,des HERRN,name:genitive
Deut.26.16,29,35,29,33,Jehova,HERR,name:direct-address-pronoun
Deut.26.17,19,25,19,24,Jehova,HERRN,name:existing-oblique-article
Deut.26.17,41,44,40,44,daß,dass,orthography:wordlist
Deut.26.17,75,78,75,79,daß,dass,orthography:wordlist
Deut.26.18,4,10,4,12,Jehova,der HERR,name:subject-before-finite-verb
Deut.26.18,40,43,42,46,daß,dass,orthography:wordlist
Deut.26.18,118,121,121,125,daß,dass,orthography:wordlist
Deut.26.19,4,7,4,8,daß,dass,orthography:wordlist
Deut.26.19,131,134,132,136,daß,dass,orthography:wordlist
Deut.26.19,138,144,140,144,Jehova,HERR,name:direct-address
Deut.27.2,94,100,94,98,Jehova,HERR,name:direct-address-pronoun
Deut.27.3,136,142,136,140,Jehova,HERR,name:direct-address-pronoun
Deut.27.3,220,226,218,222,Jehova,HERR,name:unresolved-case
Deut.27.5,23,29,23,27,Jehova,HERR,name:direct-address-pronoun
Deut.27.6,41,48,41,50,Jehovas,des HERRN,name:genitive
Deut.27.6,89,95,91,95,Jehova,HERR,name:direct-address-pronoun
Deut.27.7,77,83,77,86,Jehova,dem HERRN,name:presence-before-Lord
Deut.27.9,141,147,141,145,Jehova,HERR,name:direct-address
Deut.27.10,24,31,24,33,Jehovas,des HERRN,name:genitive
Deut.27.15,91,97,91,97,Greuel,Gräuel,orthography:wordlist
Deut.27.15,103,109,103,112,Jehova,dem HERRN,name:presence-before-Lord
Deut.27.20,34,37,34,37,dem,der,grammar:Frau-determiner
Deut.27.20,38,43,38,42,Weibe,Frau,word:Weib-Frau
Deut.28.1,54,61,54,63,Jehovas,des HERRN,name:genitive
Deut.28.1,98,101,100,104,daß,dass,orthography:wordlist
Deut.28.1,186,192,189,193,Jehova,HERR,name:direct-address-pronoun
Deut.28.2,97,104,97,106,Jehovas,des HERRN,name:genitive
Deut.28.7,9,15,9,17,Jehova,Der HERR,name:subject-before-finite-verb
Deut.28.8,9,15,9,17,Jehova,Der HERR,name:subject-before-finite-verb
Deut.28.8,158,164,160,164,Jehova,HERR,name:direct-address-pronoun
Deut.28.9,0,6,0,8,Jehova,Der HERR,name:subject-before-finite-verb
Deut.28.9,111,118,113,122,Jehovas,des HERRN,name:genitive
Deut.28.10,41,44,41,45,daß,dass,orthography:wordlist
Deut.28.10,63,70,64,73,Jehovas,des HERRN,name:genitive
Deut.28.11,4,10,4,12,Jehova,der HERR,name:subject-before-finite-verb
Deut.28.11,21,29,23,32,Überfluß,Überfluss,orthography:wordlist
Deut.28.11,169,175,172,176,Jehova,HERR,name:unresolved-case
Deut.28.12,9,15,9,17,Jehova,Der HERR,name:subject-before-finite-verb
Deut.28.13,14,20,14,22,Jehova,der HERR,name:subject-before-finite-verb
Deut.28.13,158,165,160,169,Jehovas,des HERRN,name:genitive
Deut.28.15,44,51,44,53,Jehovas,des HERRN,name:genitive
Deut.28.15,87,90,89,93,daß,dass,orthography:wordlist
Deut.28.20,9,15,9,17,Jehova,Der HERR,name:subject-before-finite-verb
Deut.28.20,234,237,236,240,daß,dass,orthography:wordlist
Deut.28.21,9,15,9,17,Jehova,Der HERR,name:subject-before-finite-verb
Deut.28.22,9,15,9,17,Jehova,Der HERR,name:subject-before-finite-verb
Deut.28.24,9,15,9,17,Jehova,Der HERR,name:subject-before-finite-verb
Deut.28.25,9,15,9,17,Jehova,Der HERR,name:subject-before-finite-verb
Deut.28.27,9,15,9,17,Jehova,Der HERR,name:subject-before-finite-verb
Deut.28.27,115,118,117,121,daß,dass,orthography:wordlist
Deut.28.28,9,15,9,17,Jehova,Der HERR,name:subject-before-finite-verb
Deut.28.30,0,3,0,4,Ein,Eine,grammar:Frau-determiner
Deut.28.30,4,8,5,9,Weib,Frau,word:Weib-Frau
Deut.28.35,9,15,9,17,Jehova,Der HERR,name:subject-before-finite-verb
Deut.28.35,140,143,142,146,daß,dass,orthography:wordlist
Deut.28.36,9,15,9,17,Jehova,Der HERR,name:subject-before-finite-verb
Deut.28.37,108,114,108,112,Jehova,HERR,name:unresolved-case
Deut.28.45,129,136,129,138,Jehovas,des HERRN,name:genitive
Deut.28.47,6,9,6,10,daß,dass,orthography:wordlist
Deut.28.47,13,19,14,18,Jehova,HERR,name:direct-address
Deut.28.48,37,43,37,41,Jehova,HERR,name:unresolved-case
Deut.28.49,9,15,9,17,Jehova,Der HERR,name:subject-before-finite-verb
Deut.28.52,240,246,240,244,Jehova,HERR,name:direct-address-pronoun
Deut.28.53,185,191,185,189,Jehova,HERR,name:direct-address-pronoun
Deut.28.54,119,122,119,122,das,die,grammar:Frau-determiner
Deut.28.54,123,127,123,127,Weib,Frau,word:Weib-Frau
Deut.28.55,0,3,0,4,daß,dass,orthography:wordlist
Deut.28.58,109,112,109,113,daß,dass,orthography:wordlist
Deut.28.58,159,165,160,164,Jehova,HERR,name:direct-address-pronoun
Deut.28.59,8,14,8,16,Jehova,der HERR,name:subject-after-auxiliary
Deut.28.61,103,109,103,111,Jehova,der HERR,name:subject-before-finite-verb
Deut.28.62,64,67,64,68,daß,dass,orthography:wordlist
Deut.28.62,138,145,139,148,Jehovas,des HERRN,name:genitive
Deut.28.63,31,37,31,35,Jehova,HERR,name:unresolved-case
Deut.28.63,109,115,107,115,Jehova,der HERR,name:subject-after-auxiliary
Deut.28.64,4,10,4,12,Jehova,der HERR,name:subject-before-finite-verb
Deut.28.65,102,108,102,110,Jehova,der HERR,name:subject-before-finite-verb
Deut.28.68,4,10,4,12,Jehova,der HERR,name:subject-before-finite-verb
Deut.28.69,50,56,50,58,Jehova,der HERR,name:subject-subordinate-clause
Deut.29.1,81,87,81,89,Jehova,der HERR,name:subject-subordinate-clause
Deut.29.3,5,11,5,13,Jehova,der HERR,name:subject-before-finite-verb
Deut.29.5,104,107,104,108,daß,dass,orthography:wordlist
Deut.29.5,123,126,124,128,daß,dass,orthography:wordlist
Deut.29.5,131,137,133,137,Jehova,HERR,name:unresolved-case
Deut.29.8,63,66,63,67,daß,dass,orthography:wordlist
Deut.29.9,31,37,31,40,Jehova,dem HERRN,name:presence-before-Lord
Deut.29.10,43,49,43,49,Weiber,Frauen,word:Weib-Frau
Deut.29.11,23,30,23,32,Jehovas,des HERRN,name:genitive
Deut.29.11,89,95,91,96,Jehova,HERRN,name:existing-oblique-article
Deut.29.12,14,17,14,18,daß,dass,orthography:wordlist
Deut.29.14,55,61,55,64,Jehova,dem HERRN,name:presence-before-Lord
Deut.29.17,0,3,0,4,daß,dass,orthography:wordlist
Deut.29.17,20,24,21,25,Weib,Frau,word:Weib-Frau
Deut.29.17,101,107,102,111,Jehova,dem HERRN,name:dative-preposition
Deut.29.17,190,193,194,198,daß,dass,orthography:wordlist
Deut.29.18,61,64,61,65,daß,dass,orthography:wordlist
Deut.29.19,21,27,21,29,Jehova,der HERR,name:subject-after-auxiliary
Deut.29.19,81,88,83,92,Jehovas,des HERRN,name:genitive
Deut.29.19,224,230,228,236,Jehova,der HERR,name:subject-before-finite-verb
Deut.29.20,4,10,4,12,Jehova,der HERR,name:subject-before-finite-verb
Deut.29.21,220,226,220,228,Jehova,der HERR,name:subject-subordinate-clause
Deut.29.22,0,3,0,4,daß,dass,orthography:wordlist
Deut.29.22,57,60,58,62,daß,dass,orthography:wordlist
Deut.29.22,102,106,104,109,läßt,lässt,orthography:wordlist
Deut.29.22,219,225,222,230,Jehova,der HERR,name:subject-subordinate-clause
Deut.29.23,43,49,43,51,Jehova,der HERR,name:subject-after-auxiliary
Deut.29.24,26,29,26,30,daß,dass,orthography:wordlist
Deut.29.24,43,50,44,53,Jehovas,des HERRN,name:genitive
Deut.29.26,23,30,23,32,Jehovas,des HERRN,name:genitive
Deut.29.26,54,57,56,60,daß,dass,orthography:wordlist
Deut.29.27,4,10,4,12,Jehova,der HERR,name:subject-before-finite-verb
Deut.29.28,29,36,29,38,Jehovas,des HERRN,name:genitive
Deut.30.1,180,186,180,184,Jehova,HERR,name:direct-address-pronoun
Deut.30.2,16,22,16,25,Jehova,dem HERRN,name:dative-preposition
Deut.30.3,8,14,8,12,Jehova,HERR,name:direct-address-pronoun
Deut.30.3,147,153,145,149,Jehova,HERR,name:direct-address-pronoun
Deut.30.4,61,67,61,65,Jehova,HERR,name:direct-address-pronoun
Deut.30.5,4,10,4,8,Jehova,HERR,name:direct-address-pronoun
Deut.30.6,4,10,4,8,Jehova,HERR,name:direct-address-pronoun
Deut.30.6,92,98,90,94,Jehova,HERR,name:direct-address
Deut.30.6,183,186,179,183,daß,dass,orthography:wordlist
Deut.30.7,4,10,4,8,Jehova,HERR,name:direct-address-pronoun
Deut.30.8,43,50,43,52,Jehovas,des HERRN,name:genitive
Deut.30.9,4,10,4,8,Jehova,HERR,name:direct-address-pronoun
Deut.30.9,34,42,32,41,Überfluß,Überfluss,orthography:wordlist
Deut.30.9,200,206,199,207,Jehova,der HERR,name:subject-before-finite-verb
Deut.30.10,21,28,21,30,Jehovas,des HERRN,name:genitive
Deut.30.10,186,192,188,197,Jehova,dem HERRN,name:dative-preposition
Deut.30.12,26,29,26,30,daß,dass,orthography:wordlist
Deut.30.12,133,136,134,138,daß,dass,orthography:wordlist
Deut.30.13,40,43,40,44,daß,dass,orthography:wordlist
Deut.30.13,159,162,160,164,daß,dass,orthography:wordlist
Deut.30.16,27,33,27,31,Jehova,HERR,name:direct-address-pronoun
Deut.30.16,203,209,201,205,Jehova,HERR,name:direct-address-pronoun
Deut.30.18,29,32,29,33,daß,dass,orthography:wordlist
Deut.30.18,38,47,39,49,gewißlich,gewisslich,orthography:wordlist
Deut.30.19,178,181,178,182,daß,dass,orthography:wordlist
Deut.30.20,9,15,9,13,Jehova,HERR,name:direct-address
Deut.30.20,140,143,138,142,daß,dass,orthography:wordlist
Deut.30.20,179,185,178,186,Jehova,der HERR,name:subject-subordinate-clause
Deut.31.2,126,132,126,134,Jehova,der HERR,name:subject-before-finite-verb
Deut.31.3,9,15,9,13,Jehova,HERR,name:direct-address-pronoun
Deut.31.3,113,116,111,115,daß,dass,orthography:wordlist
Deut.31.3,180,186,179,187,Jehova,der HERR,name:subject-subordinate-clause
Deut.31.4,4,10,4,12,Jehova,der HERR,name:subject-before-finite-verb
Deut.31.5,9,15,9,17,Jehova,der HERR,name:subject-subordinate-clause
Deut.31.6,83,89,83,87,Jehova,HERR,name:direct-address-pronoun
Deut.31.7,198,204,198,206,Jehova,der HERR,name:subject-subordinate-clause
Deut.31.8,4,10,4,8,Jehova,HERR,name:unresolved-case
Deut.31.9,119,126,119,128,Jehovas,des HERRN,name:genitive
Deut.31.10,105,116,105,117,Erlaßjahres,Erlassjahres,orthography:wordlist
Deut.31.11,57,63,57,66,Jehova,dem HERRN,name:presence-before-Lord
Deut.31.12,68,74,68,74,Weiber,Frauen,word:Weib-Frau
Deut.31.12,147,150,147,151,daß,dass,orthography:wordlist
Deut.31.12,171,174,172,176,daß,dass,orthography:wordlist
Deut.31.12,192,198,194,198,Jehova,HERR,name:unresolved-case
Deut.31.13,68,74,68,72,Jehova,HERR,name:unresolved-case
Deut.31.14,4,10,4,12,Jehova,der HERR,name:subject-before-finite-verb
Deut.31.14,66,69,68,72,daß,dass,orthography:wordlist
Deut.31.14,154,157,157,161,daß,dass,orthography:wordlist
Deut.31.15,4,10,4,12,Jehova,der HERR,name:subject-before-finite-verb
Deut.31.16,22,28,22,30,Jehova,der HERR,name:subject-before-finite-verb
Deut.31.19,106,109,106,110,daß,dass,orthography:wordlist
Deut.31.25,57,64,57,66,Jehovas,des HERRN,name:genitive
Deut.31.26,89,96,89,98,Jehovas,des HERRN,name:genitive
Deut.31.26,114,117,116,120,daß,dass,orthography:wordlist
Deut.31.27,149,155,149,158,Jehova,den HERRN,name:accusative-preposition
Deut.31.27,170,177,173,181,wieviel,wie viel,orthography:wordlist
Deut.31.28,77,80,77,81,daß,dass,orthography:wordlist
Deut.31.29,16,19,16,20,daß,dass,orthography:wordlist
Deut.31.29,246,253,247,256,Jehovas,des HERRN,name:genitive
Deut.32.3,15,22,15,24,Jehovas,des HERRN,name:genitive
Deut.32.6,19,25,19,23,Jehova,HERR,name:direct-address-pronoun
Deut.32.9,5,12,5,14,Jehovas,des HERRN,name:genitive
Deut.32.12,16,22,16,20,Jehova,HERR,name:unresolved-case
Deut.32.16,60,66,60,66,Greuel,Gräuel,orthography:wordlist
Deut.32.19,4,10,4,12,Jehova,der HERR,name:subject-before-finite-verb
Deut.32.27,73,76,73,77,daß,dass,orthography:wordlist
Deut.32.27,110,113,111,115,daß,dass,orthography:wordlist
Deut.32.27,165,171,167,175,Jehova,der HERR,name:subject-before-finite-verb
Deut.32.30,94,97,94,98,daß,dass,orthography:wordlist
Deut.32.30,127,133,128,132,Jehova,HERR,name:unresolved-case
Deut.32.36,5,11,5,13,Jehova,der HERR,name:subject-before-finite-verb
Deut.32.36,117,120,119,123,daß,dass,orthography:wordlist
Deut.32.39,21,24,21,25,daß,dass,orthography:wordlist
Deut.32.46,109,112,109,113,daß,dass,orthography:wordlist
Deut.32.48,4,10,4,12,Jehova,der HERR,name:subject-before-finite-verb
Deut.32.51,6,9,6,10,daß,dass,orthography:wordlist
Deut.32.51,135,138,136,140,daß,dass,orthography:wordlist
Deut.33.2,9,15,9,17,Jehova,Der HERR,name:subject-before-finite-verb
Deut.33.7,45,51,45,49,Jehova,HERR,name:direct-address-imperative
Deut.33.9,140,145,140,146,wußte,wusste,orthography:wordlist
Deut.33.11,17,23,17,21,Jehova,HERR,name:unresolved-case
Deut.33.11,70,73,68,72,laß,lass,orthography:wordlist
Deut.33.11,173,176,172,176,daß,dass,orthography:wordlist
Deut.33.12,38,45,38,47,Jehovas,des HERRN,name:genitive
Deut.33.13,40,46,40,49,Jehova,dem HERRN,name:dative-preposition
Deut.33.21,192,199,192,201,Jehovas,des HERRN,name:genitive
Deut.33.23,79,86,79,88,Jehovas,des HERRN,name:genitive
Deut.33.29,72,78,72,81,Jehova,den HERRN,name:accusative-preposition
Deut.34.1,114,120,114,122,Jehova,der HERR,name:subject-before-finite-verb
Deut.34.4,4,10,4,12,Jehova,der HERR,name:subject-before-finite-verb
Deut.34.5,22,29,22,31,Jehovas,des HERRN,name:genitive
Deut.34.5,80,87,82,91,Jehovas,des HERRN,name:genitive
Deut.34.9,175,181,175,183,Jehova,der HERR,name:subject-subordinate-clause
Deut.34.10,66,72,66,74,Jehova,der HERR,name:subject-subordinate-clause
Deut.34.11,40,46,40,44,Jehova,HERR,name:unresolved-case
Josh.1.1,62,69,62,71,Jehovas,des HERRN,name:genitive
Josh.1.1,82,88,84,92,Jehova,der HERR,name:subject-after-speech-verb
Josh.1.7,41,44,41,45,daß,dass,orthography:wordlist
Josh.1.7,199,202,200,204,daß,dass,orthography:wordlist
Josh.1.8,116,119,116,120,daß,dass,orthography:wordlist
Josh.1.9,107,113,107,111,Jehova,HERR,name:direct-address-pronoun
Josh.1.11,145,151,145,153,Jehova,der HERR,name:subject-subordinate-clause
Josh.1.13,54,61,54,63,Jehovas,des HERRN,name:genitive
Josh.1.13,100,106,102,106,Jehova,HERR,name:unresolved-case
Josh.1.14,5,11,5,11,Weiber,Frauen,word:Weib-Frau
Josh.1.15,4,10,4,8,Jehova,HERR,name:unresolved-case
Josh.1.15,90,96,88,96,Jehova,der HERR,name:subject-subordinate-clause
Josh.1.15,227,234,227,236,Jehovas,des HERRN,name:genitive
Josh.1.17,81,87,81,85,Jehova,HERR,name:direct-address-pronoun
Josh.2.4,0,3,0,3,Das,Die,grammar:Frau-determiner
Josh.2.4,4,8,4,8,Weib,Frau,word:Weib-Frau
Josh.2.4,128,133,128,134,wußte,wusste,orthography:wordlist
Josh.2.7,101,107,101,108,schloß,schloss,orthography:wordlist
Josh.2.9,40,43,40,44,daß,dass,orthography:wordlist
Josh.2.9,44,50,45,53,Jehova,der HERR,name:subject-subordinate-clause
Josh.2.9,84,87,87,91,daß,dass,orthography:wordlist
Josh.2.9,131,134,135,139,daß,dass,orthography:wordlist
Josh.2.10,23,26,23,27,daß,dass,orthography:wordlist
Josh.2.10,27,33,28,36,Jehova,der HERR,name:subject-subordinate-clause
Josh.2.11,118,124,118,122,Jehova,HERR,name:unresolved-case
Josh.2.12,41,47,41,50,Jehova,dem HERRN,name:dative-preposition
Josh.2.12,89,92,92,96,daß,dass,orthography:wordlist
Josh.2.14,150,156,150,158,Jehova,der HERR,name:subject-subordinate-clause
Josh.2.24,56,62,56,64,Jehova,der HERR,name:subject-before-finite-verb
Josh.3.3,92,99,92,101,Jehovas,des HERRN,name:genitive
Josh.3.4,120,123,120,124,daß,dass,orthography:wordlist
Josh.3.5,67,73,67,75,Jehova,der HERR,name:subject-after-auxiliary
Josh.3.7,4,10,4,12,Jehova,der HERR,name:subject-before-finite-verb
Josh.3.7,138,141,140,144,daß,dass,orthography:wordlist
Josh.3.9,77,84,77,86,Jehovas,des HERRN,name:genitive
Josh.3.10,45,48,45,49,daß,dass,orthography:wordlist
Josh.3.10,93,96,94,98,daß,dass,orthography:wordlist
Josh.3.10,226,235,228,238,gewißlich,gewisslich,orthography:wordlist
Josh.3.13,74,81,74,83,Jehovas,des HERRN,name:genitive
Josh.3.17,47,54,47,56,Jehovas,des HERRN,name:genitive
Josh.4.1,88,94,88,96,Jehova,der HERR,name:subject-after-speech-verb
Josh.4.5,56,63,56,65,Jehovas,des HERRN,name:genitive
Josh.4.7,30,33,30,34,Daß,Dass,orthography:wordlist
Josh.4.7,83,90,84,93,Jehovas,des HERRN,name:genitive
Josh.4.8,134,140,134,142,Jehova,der HERR,name:subject-subordinate-clause
Josh.4.10,116,122,116,124,Jehova,der HERR,name:subject-subordinate-clause
Josh.4.11,94,101,94,103,Jehovas,des HERRN,name:genitive
Josh.4.13,56,62,56,65,Jehova,dem HERRN,name:presence-before-Lord
Josh.4.14,24,30,24,32,Jehova,der HERR,name:subject-after-auxiliary
Josh.4.15,4,10,4,12,Jehova,der HERR,name:subject-before-finite-verb
Josh.4.16,65,68,65,69,daß,dass,orthography:wordlist
Josh.4.18,73,80,73,82,Jehovas,des HERRN,name:genitive
Josh.4.23,5,11,5,9,Jehova,HERR,name:unresolved-case
Josh.4.23,116,122,114,122,Jehova,der HERR,name:subject-subordinate-clause
Josh.4.24,39,46,39,48,Jehovas,des HERRN,name:genitive
Josh.4.24,58,61,60,64,daß,dass,orthography:wordlist
Josh.4.24,89,95,92,96,Jehova,HERR,name:unresolved-case
Josh.5.1,150,153,150,154,daß,dass,orthography:wordlist
Josh.5.1,154,160,155,163,Jehova,der HERR,name:subject-subordinate-clause
Josh.5.2,24,30,24,32,Jehova,der HERR,name:subject-after-speech-verb
Josh.5.6,191,198,191,200,Jehovas,des HERRN,name:genitive
Josh.5.6,206,212,208,216,Jehova,der HERR,name:subject-subordinate-clause
Josh.5.6,277,283,281,289,Jehova,der HERR,name:subject-subordinate-clause
Josh.5.9,4,10,4,12,Jehova,der HERR,name:subject-before-finite-verb
Josh.5.14,59,66,59,68,Jehovas,des HERRN,name:genitive
Josh.5.15,28,35,28,37,Jehovas,des HERRN,name:genitive
Josh.6.2,4,10,4,12,Jehova,der HERR,name:subject-before-finite-verb
Josh.6.6,186,193,186,195,Jehovas,des HERRN,name:genitive
Josh.6.7,107,114,107,116,Jehovas,des HERRN,name:genitive
Josh.6.8,141,147,141,150,Jehova,dem HERRN,name:presence-before-Lord
Josh.6.8,218,225,221,230,Jehovas,des HERRN,name:genitive
Josh.6.11,13,20,13,22,Jehovas,des HERRN,name:genitive
Josh.6.12,81,88,81,90,Jehovas,des HERRN,name:genitive
Josh.6.13,82,89,82,91,Jehovas,des HERRN,name:genitive
Josh.6.13,237,244,239,248,Jehovas,des HERRN,name:genitive
Josh.6.16,147,153,147,155,Jehova,der HERR,name:subject-before-finite-verb
Josh.6.17,55,61,55,60,Jehova,HERRN,name:existing-oblique-article
Josh.6.19,83,89,83,91,Jehova,der HERR,name:subject-after-auxiliary
Josh.6.19,119,126,121,130,Jehovas,des HERRN,name:genitive
Josh.6.21,65,68,65,68,zum,zur,grammar:Frau-determiner
Josh.6.21,69,74,69,73,Weibe,Frau,word:Weib-Frau
Josh.6.22,124,127,124,127,das,die,grammar:Frau-determiner
Josh.6.22,128,132,128,132,Weib,Frau,word:Weib-Frau
Josh.6.24,189,196,189,198,Jehovas,des HERRN,name:genitive
Josh.6.26,90,96,90,99,Jehova,dem HERRN,name:presence-before-Lord
Josh.6.27,4,10,4,12,Jehova,der HERR,name:subject-before-finite-verb
Josh.7.1,199,206,199,208,Jehovas,des HERRN,name:genitive
Josh.7.6,11,17,11,18,zerriß,zerriss,orthography:wordlist
Josh.7.6,56,63,57,66,Jehovas,des HERRN,name:genitive
Josh.7.7,32,38,32,36,Jehova,HERR,name:unresolved-case
Josh.7.10,10,16,10,18,Jehova,der HERR,name:subject-after-speech-verb
Josh.7.13,87,93,87,95,Jehova,der HERR,name:subject-after-speech-verb
Josh.7.14,103,109,103,111,Jehova,der HERR,name:subject-subordinate-clause
Josh.7.14,198,204,200,208,Jehova,der HERR,name:subject-subordinate-clause
Josh.7.14,280,286,284,292,Jehova,der HERR,name:subject-subordinate-clause
Josh.7.15,154,161,154,163,Jehovas,des HERRN,name:genitive
Josh.7.19,50,56,50,59,Jehova,dem HERRN,name:dative-apposition
Josh.7.20,65,71,65,74,Jehova,den HERRN,name:accusative-preposition
Josh.7.23,124,130,124,133,Jehova,dem HERRN,name:presence-before-Lord
Josh.7.25,58,64,58,66,Jehova,Der HERR,name:subject-before-finite-verb
Josh.7.26,95,101,95,99,Jehova,HERR,name:unresolved-case
Josh.8.1,4,10,4,12,Jehova,der HERR,name:subject-before-finite-verb
Josh.8.7,88,94,88,92,Jehova,HERR,name:unresolved-case
Josh.8.8,122,129,122,131,Jehovas,des HERRN,name:genitive
Josh.8.14,232,237,232,238,wußte,wusste,orthography:wordlist
Josh.8.14,251,254,252,256,daß,dass,orthography:wordlist
Josh.8.18,10,16,10,18,Jehova,der HERR,name:subject-after-speech-verb
Josh.8.21,40,43,40,44,daß,dass,orthography:wordlist
Josh.8.21,94,97,95,99,daß,dass,orthography:wordlist
Josh.8.22,52,55,52,56,daß,dass,orthography:wordlist
Josh.8.25,58,64,58,64,Weiber,Frauen,word:Weib-Frau
Josh.8.27,85,92,85,94,Jehovas,des HERRN,name:genitive
Josh.8.30,24,30,24,29,Jehova,HERRN,name:existing-oblique-article
Josh.8.31,26,33,26,35,Jehovas,des HERRN,name:genitive
Josh.8.31,230,236,232,237,Jehova,HERRN,name:existing-oblique-article
Josh.8.33,187,194,187,196,Jehovas,des HERRN,name:genitive
Josh.8.33,356,363,358,367,Jehovas,des HERRN,name:genitive
Josh.8.35,121,128,121,127,Weibern,Frauen,word:Weib-Frau
Josh.9.9,93,100,93,102,Jehovas,des HERRN,name:genitive
Josh.9.14,56,63,56,65,Jehovas,des HERRN,name:genitive
Josh.9.16,109,112,109,113,daß,dass,orthography:wordlist
Josh.9.18,85,91,85,94,Jehova,dem HERRN,name:dative-preposition
Josh.9.19,73,79,73,82,Jehova,dem HERRN,name:dative-preposition
Josh.9.24,68,73,68,74,gewiß,gewiss,orthography:wordlist
Josh.9.24,91,94,92,96,daß,dass,orthography:wordlist
Josh.9.24,95,101,97,101,Jehova,HERR,name:direct-address-pronoun
Josh.9.27,126,133,126,135,Jehovas,des HERRN,name:genitive
Josh.10.1,70,73,70,74,daß,dass,orthography:wordlist
Josh.10.1,115,118,116,120,daß,dass,orthography:wordlist
Josh.10.1,210,213,212,216,daß,dass,orthography:wordlist
Josh.10.4,37,40,37,41,daß,dass,orthography:wordlist
Josh.10.8,4,10,4,12,Jehova,der HERR,name:subject-before-finite-verb
Josh.10.10,4,10,4,8,Jehova,HERR,name:unresolved-case
Josh.10.11,91,97,91,95,Jehova,HERR,name:unresolved-case
Josh.10.11,152,155,150,154,daß,dass,orthography:wordlist
Josh.10.12,24,30,24,33,Jehova,dem HERRN,name:dative-preposition
Josh.10.12,50,56,53,57,Jehova,HERR,name:unresolved-case
Josh.10.14,56,59,56,60,daß,dass,orthography:wordlist
Josh.10.14,60,66,61,69,Jehova,der HERR,name:subject-subordinate-clause
Josh.10.14,119,125,122,126,Jehova,HERR,name:unresolved-case
Josh.10.19,104,108,104,109,laßt,lasst,orthography:wordlist
Josh.10.19,149,155,150,154,Jehova,HERR,name:unresolved-case
Josh.10.25,108,114,108,116,Jehova,der HERR,name:subject-after-auxiliary
Josh.10.30,4,10,4,12,Jehova,der HERR,name:subject-before-finite-verb
Josh.10.32,4,10,4,12,Jehova,der HERR,name:subject-before-finite-verb
Josh.10.40,203,209,203,211,Jehova,der HERR,name:subject-subordinate-clause
Josh.10.42,67,73,67,71,Jehova,HERR,name:unresolved-case
Josh.11.6,10,16,10,18,Jehova,der HERR,name:subject-after-speech-verb
Josh.11.8,4,10,4,12,Jehova,der HERR,name:subject-before-finite-verb
Josh.11.9,29,35,29,37,Jehova,der HERR,name:subject-subordinate-clause
Josh.11.12,169,176,169,178,Jehovas,des HERRN,name:genitive
Josh.11.15,4,10,4,12,Jehova,der HERR,name:subject-subordinate-clause
Josh.11.15,135,141,137,145,Jehova,der HERR,name:subject-subordinate-clause
Josh.11.20,9,15,9,18,Jehova,dem HERRN,name:dative-preposition
Josh.11.20,25,28,28,32,daß,dass,orthography:wordlist
Josh.11.20,114,117,118,122,daß,dass,orthography:wordlist
Josh.11.20,185,191,190,198,Jehova,der HERR,name:subject-subordinate-clause
Josh.11.23,52,58,52,60,Jehova,der HERR,name:subject-subordinate-clause
Josh.12.2,163,172,163,173,Flußtales,Flusstales,orthography:wordlist
Josh.12.2,216,220,217,222,Fluß,Fluss,orthography:wordlist
Josh.12.6,27,34,27,36,Jehovas,des HERRN,name:genitive
Josh.12.6,96,103,98,107,Jehovas,des HERRN,name:genitive
Josh.13.1,36,42,36,44,Jehova,der HERR,name:subject-before-finite-verb
Josh.13.8,162,169,162,171,Jehovas,des HERRN,name:genitive
Josh.13.9,93,101,93,102,Flußtale,Flusstale,orthography:wordlist
Josh.13.14,58,65,58,67,Jehovas,des HERRN,name:genitive
Josh.13.16,142,150,142,151,Flußtale,Flusstale,orthography:wordlist
Josh.13.33,46,52,46,50,Jehova,HERR,name:unresolved-case
Josh.14.2,49,55,49,57,Jehova,der HERR,name:subject-subordinate-clause
Josh.14.5,7,13,7,15,Jehova,der HERR,name:subject-subordinate-clause
Josh.14.6,144,150,144,152,Jehova,der HERR,name:subject-subordinate-clause
Josh.14.7,69,76,69,78,Jehovas,des HERRN,name:genitive
Josh.14.8,106,112,106,110,Jehova,HERR,name:unresolved-case
Josh.14.9,174,180,174,178,Jehova,HERR,name:unresolved-case
Josh.14.10,15,21,15,23,Jehova,der HERR,name:subject-before-finite-verb
Josh.14.10,113,119,115,119,Jehova,HERR,name:unresolved-case
Josh.14.12,45,51,45,53,Jehova,der HERR,name:subject-subordinate-clause
Josh.14.12,119,122,121,125,daß,dass,orthography:wordlist
Josh.14.12,190,196,193,201,Jehova,der HERR,name:subject-after-auxiliary
Josh.14.12,207,210,212,216,daß,dass,orthography:wordlist
Josh.14.12,237,243,243,251,Jehova,der HERR,name:subject-subordinate-clause
Josh.14.14,111,117,111,120,Jehova,dem HERRN,name:dative-apposition
Josh.15.13,115,122,115,124,Jehovas,des HERRN,name:genitive
Josh.15.16,99,102,99,102,zum,zur,grammar:Frau-determiner
Josh.15.16,103,108,103,107,Weibe,Frau,word:Weib-Frau
Josh.15.17,109,112,109,112,zum,zur,grammar:Frau-determiner
Josh.15.17,113,118,113,117,Weibe,Frau,word:Weib-Frau
Josh.17.4,138,144,138,146,Jehova,der HERR,name:subject-before-finite-verb
Josh.17.4,252,259,254,263,Jehovas,des HERRN,name:genitive
Josh.17.14,98,107,98,108,Meßschnur,Messschnur,orthography:wordlist
Josh.17.14,176,182,177,181,Jehova,HERR,name:unresolved-case
Josh.18.3,136,142,136,144,Jehova,der HERR,name:subject-subordinate-clause
Josh.18.6,152,158,152,161,Jehova,dem HERRN,name:presence-before-Lord
Josh.18.7,72,79,72,81,Jehovas,des HERRN,name:genitive
Josh.18.7,240,247,242,251,Jehovas,des HERRN,name:genitive
Josh.18.8,265,271,265,274,Jehova,dem HERRN,name:presence-before-Lord
Josh.18.10,43,49,43,52,Jehova,dem HERRN,name:presence-before-Lord
Josh.19.9,8,17,8,18,Meßschnur,Messschnur,orthography:wordlist
Josh.19.50,27,34,27,36,Jehovas,des HERRN,name:genitive
Josh.19.51,183,189,183,192,Jehova,dem HERRN,name:presence-before-Lord
Josh.20.1,4,10,4,12,Jehova,der HERR,name:subject-before-finite-verb
Josh.20.3,0,3,0,4,daß,dass,orthography:wordlist
Josh.20.4,242,245,242,246,daß,dass,orthography:wordlist
Josh.20.5,177,182,177,183,haßte,hasste,orthography:wordlist
Josh.20.9,114,117,114,118,daß,dass,orthography:wordlist
Josh.21.2,74,80,74,82,Jehova,der HERR,name:subject-before-finite-verb
Josh.21.3,111,118,111,120,Jehovas,des HERRN,name:genitive
Josh.21.8,97,103,97,105,Jehova,der HERR,name:subject-subordinate-clause
Josh.21.43,11,17,11,15,Jehova,HERR,name:unresolved-case
Josh.21.44,4,10,4,8,Jehova,HERR,name:unresolved-case
Josh.21.44,179,185,177,181,Jehova,HERR,name:unresolved-case
Josh.21.45,60,66,60,68,Jehova,der HERR,name:subject-subordinate-clause
Josh.22.2,75,82,75,84,Jehovas,des HERRN,name:genitive
Josh.22.3,107,114,107,116,Jehovas,des HERRN,name:genitive
Josh.22.4,23,29,23,31,Jehova,der HERR,name:subject-after-auxiliary
Josh.22.4,213,220,215,224,Jehovas,des HERRN,name:genitive
Josh.22.5,96,103,96,105,Jehovas,des HERRN,name:genitive
Josh.22.5,125,131,127,131,Jehova,HERR,name:unresolved-case
Josh.22.9,290,297,290,299,Jehovas,des HERRN,name:genitive
Josh.22.16,32,39,32,41,Jehovas,des HERRN,name:genitive
Josh.22.16,126,129,128,132,daß,dass,orthography:wordlist
Josh.22.16,173,180,176,185,Jehovas,des HERRN,name:genitive
Josh.22.16,238,244,243,252,Jehova,den HERRN,name:accusative-preposition
Josh.22.17,172,179,172,181,Jehovas,des HERRN,name:genitive
Josh.22.18,63,70,63,72,Jehovas,des HERRN,name:genitive
Josh.22.18,126,132,128,137,Jehova,den HERRN,name:accusative-preposition
Josh.22.19,97,104,97,106,Jehovas,des HERRN,name:genitive
Josh.22.19,122,129,124,133,Jehovas,des HERRN,name:genitive
Josh.22.19,214,220,218,227,Jehova,den HERRN,name:accusative-preposition
Josh.22.19,309,316,316,325,Jehovas,des HERRN,name:genitive
Josh.22.22,41,47,41,45,Jehova,HERR,name:unresolved-case
Josh.22.22,72,78,70,74,Jehova,HERR,name:unresolved-case
Josh.22.22,181,187,177,186,Jehova,den HERRN,name:accusative-preposition
Josh.22.23,0,3,0,4,daß,dass,orthography:wordlist
Josh.22.23,64,71,65,74,Jehovas,des HERRN,name:genitive
Josh.22.23,218,224,221,229,Jehova,der HERR,name:subject-after-auxiliary
Josh.22.24,175,181,175,184,Jehova,dem HERRN,name:dative-preposition
Josh.22.25,9,15,9,17,Jehova,Der HERR,name:subject-before-finite-verb
Josh.22.25,145,151,147,151,Jehova,HERR,name:unresolved-case
Josh.22.25,189,192,189,193,daß,dass,orthography:wordlist
Josh.22.25,219,225,220,224,Jehova,HERR,name:unresolved-case
Josh.22.27,124,131,124,133,Jehovas,des HERRN,name:genitive
Josh.22.27,327,333,329,333,Jehova,HERR,name:unresolved-case
Josh.22.28,34,37,34,38,daß,dass,orthography:wordlist
Josh.22.28,154,161,155,164,Jehovas,des HERRN,name:genitive
Josh.22.29,22,25,22,26,daß,dass,orthography:wordlist
Josh.22.29,40,46,41,50,Jehova,den HERRN,name:accusative-preposition
Josh.22.29,89,96,93,102,Jehovas,des HERRN,name:genitive
Josh.22.29,209,216,215,224,Jehovas,des HERRN,name:genitive
Josh.22.31,172,175,172,176,daß,dass,orthography:wordlist
Josh.22.31,176,182,177,185,Jehova,der HERR,name:subject-subordinate-clause
Josh.22.31,248,254,251,260,Jehova,den HERRN,name:accusative-preposition
Josh.22.31,321,328,327,336,Jehovas,des HERRN,name:genitive
Josh.22.34,104,107,104,108,daß,dass,orthography:wordlist
Josh.22.34,108,114,109,117,Jehova,der HERR,name:subject-subordinate-clause
Josh.23.1,53,59,53,61,Jehova,der HERR,name:subject-subordinate-clause
Josh.23.3,48,54,48,56,Jehova,der HERR,name:subject-subordinate-clause
Josh.23.3,119,125,121,125,Jehova,HERR,name:unresolved-case
Josh.23.5,4,10,4,8,Jehova,HERR,name:unresolved-case
Josh.23.5,146,152,144,152,Jehova,der HERR,name:subject-subordinate-clause
Josh.23.6,123,126,123,127,daß,dass,orthography:wordlist
Josh.23.7,0,3,0,4,daß,dass,orthography:wordlist
Josh.23.8,8,14,8,12,Jehova,HERR,name:unresolved-case
Josh.23.9,4,10,4,12,Jehova,der HERR,name:subject-before-finite-verb
Josh.23.10,57,63,57,61,Jehova,HERR,name:unresolved-case
Josh.23.11,37,40,37,41,daß,dass,orthography:wordlist
Josh.23.11,45,51,46,50,Jehova,HERR,name:unresolved-case
Josh.23.13,20,23,20,24,daß,dass,orthography:wordlist
Josh.23.13,24,30,25,33,Jehova,der HERR,name:subject-subordinate-clause
Josh.23.13,280,286,283,287,Jehova,HERR,name:unresolved-case
Josh.23.14,124,127,124,128,daß,dass,orthography:wordlist
Josh.23.14,194,200,195,199,Jehova,HERR,name:unresolved-case
Josh.23.15,77,83,77,81,Jehova,HERR,name:unresolved-case
Josh.23.15,130,136,128,136,Jehova,der HERR,name:subject-after-auxiliary
Josh.23.15,235,241,235,239,Jehova,HERR,name:unresolved-case
Josh.23.16,19,26,19,28,Jehovas,des HERRN,name:genitive
Josh.23.16,175,182,177,186,Jehovas,des HERRN,name:genitive
Josh.24.2,78,84,78,86,Jehova,der HERR,name:subject-after-speech-verb
Josh.24.7,20,26,20,29,Jehova,dem HERRN,name:dative-preposition
Josh.24.14,26,32,26,30,Jehova,HERR,name:unresolved-case
Josh.24.14,197,203,195,204,Jehova,dem HERRN,name:dative-verb
Josh.24.15,49,55,49,53,Jehova,HERR,name:unresolved-case
Josh.24.15,300,306,298,307,Jehova,dem HERRN,name:dative-before-infinitive
Josh.24.16,60,66,60,64,Jehova,HERR,name:unresolved-case
Josh.24.17,5,11,5,9,Jehova,HERR,name:unresolved-case
Josh.24.18,4,10,4,12,Jehova,der HERR,name:subject-before-finite-verb
Josh.24.18,111,117,113,122,Jehova,dem HERRN,name:dative-before-infinitive
Josh.24.19,44,50,44,48,Jehova,HERR,name:unresolved-case
Josh.24.20,9,15,9,13,Jehova,HERR,name:unresolved-case
Josh.24.21,46,52,46,50,Jehova,HERR,name:unresolved-case
Josh.24.22,61,64,61,65,daß,dass,orthography:wordlist
Josh.24.22,81,87,82,86,Jehova,HERR,name:unresolved-case
Josh.24.23,92,98,92,101,Jehova,dem HERRN,name:dative-preposition
Josh.24.24,32,38,32,41,Jehova,dem HERRN,name:dative-apposition
Josh.24.26,174,181,174,183,Jehovas,des HERRN,name:genitive
Josh.24.27,113,120,113,122,Jehovas,des HERRN,name:genitive
Josh.24.29,90,97,90,99,Jehovas,des HERRN,name:genitive
Josh.24.31,46,52,46,55,Jehova,dem HERRN,name:dative-verb
Josh.24.31,168,175,171,180,Jehovas,des HERRN,name:genitive
Judg.1.1,70,76,70,74,Jehova,HERR,name:unresolved-case
Judg.1.2,4,10,4,12,Jehova,der HERR,name:subject-before-finite-verb
Judg.1.3,85,88,85,89,laß,lass,orthography:wordlist
Judg.1.4,26,32,26,34,Jehova,der HERR,name:subject-before-finite-verb
Judg.1.12,99,102,99,102,zum,zur,grammar:Frau-determiner
Judg.1.12,103,108,103,107,Weibe,Frau,word:Weib-Frau
Judg.1.13,117,120,117,120,zum,zur,grammar:Frau-determiner
Judg.1.13,121,126,121,125,Weibe,Frau,word:Weib-Frau
Judg.1.19,4,10,4,12,Jehova,der HERR,name:subject-before-finite-verb
Judg.1.22,62,68,62,70,Jehova,der HERR,name:subject-before-finite-verb
Judg.2.1,14,21,14,23,Jehovas,des HERRN,name:genitive
Judg.2.4,30,37,30,39,Jehovas,des HERRN,name:genitive
Judg.2.5,97,103,97,102,Jehova,HERRN,name:existing-oblique-article
Judg.2.7,57,63,57,66,Jehova,dem HERRN,name:dative-verb
Judg.2.7,181,188,184,193,Jehovas,des HERRN,name:genitive
Judg.2.8,57,64,57,66,Jehovas,des HERRN,name:genitive
Judg.2.10,130,136,130,134,Jehova,HERR,name:unresolved-case
Judg.2.11,57,64,57,66,Jehovas,des HERRN,name:genitive
Judg.2.12,19,25,19,28,Jehova,den HERRN,name:accusative-apposition
Judg.2.12,253,259,256,260,Jehova,HERR,name:unresolved-case
Judg.2.13,19,25,19,23,Jehova,HERR,name:unresolved-case
Judg.2.14,23,30,23,32,Jehovas,des HERRN,name:genitive
Judg.2.15,44,51,44,53,Jehovas,des HERRN,name:genitive
Judg.2.15,81,87,83,91,Jehova,der HERR,name:subject-subordinate-clause
Judg.2.15,105,111,109,117,Jehova,der HERR,name:subject-subordinate-clause
Judg.2.16,4,10,4,12,Jehova,der HERR,name:subject-before-finite-verb
Judg.2.17,215,222,215,224,Jehovas,des HERRN,name:genitive
Judg.2.18,9,15,9,17,Jehova,der HERR,name:subject-subordinate-clause
Judg.2.18,49,55,51,59,Jehova,der HERR,name:subject-after-auxiliary
Judg.2.18,153,159,157,165,Jehova,der HERR,name:subject-before-finite-verb
Judg.2.20,23,30,23,32,Jehovas,des HERRN,name:genitive
Judg.2.20,69,72,71,75,daß,dass,orthography:wordlist
Judg.2.22,57,64,57,66,Jehovas,des HERRN,name:genitive
Judg.2.23,12,18,12,20,Jehova,der HERR,name:subject-after-auxiliary
Judg.2.23,47,50,49,53,daß,dass,orthography:wordlist
Judg.3.1,35,41,35,43,Jehova,der HERR,name:subject-subordinate-clause
Judg.3.1,111,117,113,120,wußten,wussten,orthography:wordlist
Judg.3.2,164,170,164,171,gewußt,gewusst,orthography:wordlist
Judg.3.4,89,96,89,98,Jehovas,des HERRN,name:genitive
Judg.3.6,39,46,39,45,Weibern,Frauen,word:Weib-Frau
Judg.3.7,57,64,57,66,Jehovas,des HERRN,name:genitive
Judg.3.7,79,86,81,90,Jehovas,des HERRN,name:genitive
Judg.3.8,23,30,23,32,Jehovas,des HERRN,name:genitive
Judg.3.9,35,41,35,44,Jehova,dem HERRN,name:dative-preposition
Judg.3.9,48,54,51,59,Jehova,der HERR,name:subject-before-finite-verb
Judg.3.10,25,32,25,34,Jehovas,des HERRN,name:genitive
Judg.3.10,106,112,108,116,Jehova,der HERR,name:subject-before-finite-verb
Judg.3.12,77,84,77,86,Jehovas,des HERRN,name:genitive
Judg.3.12,91,97,93,97,Jehova,HERR,name:unresolved-case
Judg.3.12,196,203,196,205,Jehovas,des HERRN,name:genitive
Judg.3.15,44,50,44,53,Jehova,dem HERRN,name:dative-preposition
Judg.3.15,57,63,60,68,Jehova,der HERR,name:subject-before-finite-verb
Judg.3.22,67,73,67,74,schloß,schloss,orthography:wordlist
Judg.3.23,45,51,45,52,schloß,schloss,orthography:wordlist
Judg.3.24,140,145,140,146,Gewiß,Gewiss,orthography:wordlist
Judg.3.28,47,53,47,55,Jehova,der HERR,name:subject-before-finite-verb
Judg.4.1,66,73,66,75,Jehovas,des HERRN,name:genitive
Judg.4.2,17,23,17,21,Jehova,HERR,name:unresolved-case
Judg.4.3,35,41,35,44,Jehova,dem HERRN,name:dative-preposition
Judg.4.4,30,33,30,33,das,die,grammar:Frau-determiner
Judg.4.4,34,38,34,38,Weib,Frau,word:Weib-Frau
Judg.4.6,121,127,121,125,Jehova,HERR,name:unresolved-case
Judg.4.9,54,57,54,58,daß,dass,orthography:wordlist
Judg.4.9,137,142,138,143,eines,einer,grammar:Frau-determiner
Judg.4.9,143,149,144,148,Weibes,Frau,word:Weib-Frau
Judg.4.9,156,162,155,163,Jehova,der HERR,name:subject-after-auxiliary
Judg.4.12,32,35,32,36,daß,dass,orthography:wordlist
Judg.4.14,74,80,74,78,Jehova,HERR,name:unresolved-case
Judg.4.14,132,138,130,134,Jehova,HERR,name:unresolved-case
Judg.4.15,4,10,4,8,Jehova,HERR,name:unresolved-case
Judg.4.17,45,48,45,48,des,der,grammar:Frau-determiner
Judg.4.17,49,55,49,53,Weibes,Frau,word:Weib-Frau
Judg.4.19,23,26,23,27,Laß,Lass,orthography:wordlist
Judg.4.21,29,32,29,32,das,die,grammar:Frau-determiner
Judg.4.21,33,37,33,37,Weib,Frau,word:Weib-Frau
Judg.4.21,75,80,75,81,faßte,fasste,orthography:wordlist
Judg.4.21,179,182,180,184,daß,dass,orthography:wordlist
Judg.5.2,81,87,81,90,Jehova,den HERRN,name:accusative-verb
Judg.5.3,81,87,81,90,Jehova,dem HERRN,name:dative-before-infinitive
Judg.5.3,108,114,111,120,Jehova,dem HERRN,name:dative-apposition
Judg.5.4,9,15,9,13,Jehova,HERR,name:unresolved-case
Judg.5.5,24,30,24,33,Jehova,dem HERRN,name:presence-before-Lord
Judg.5.5,49,55,52,61,Jehova,dem HERRN,name:presence-before-Lord
Judg.5.9,96,102,96,105,Jehova,den HERRN,name:accusative-verb
Judg.5.11,113,120,113,122,Jehovas,des HERRN,name:genitive
Judg.5.11,193,200,195,204,Jehovas,des HERRN,name:genitive
Judg.5.13,53,59,53,57,Jehova,HERR,name:unresolved-case
Judg.5.21,16,19,16,20,riß,riss,orthography:wordlist
Judg.5.23,54,61,54,63,Jehovas,des HERRN,name:genitive
Judg.5.23,112,118,114,118,Jehova,HERR,name:unresolved-case
Judg.5.23,139,145,139,143,Jehova,HERR,name:unresolved-case
Judg.5.24,23,30,23,29,Weibern,Frauen,word:Weib-Frau
Judg.5.24,42,45,41,44,das,die,grammar:Frau-determiner
Judg.5.24,46,50,45,49,Weib,Frau,word:Weib-Frau
Judg.5.24,79,86,78,84,Weibern,Frauen,word:Weib-Frau
Judg.5.31,41,47,41,45,Jehova,HERR,name:unresolved-case
Judg.6.1,68,75,68,77,Jehovas,des HERRN,name:genitive
Judg.6.1,82,88,84,92,Jehova,der HERR,name:subject-before-finite-verb
Judg.6.6,96,102,96,105,Jehova,dem HERRN,name:dative-preposition
Judg.6.7,57,63,57,66,Jehova,dem HERRN,name:dative-preposition
Judg.6.8,37,43,37,45,Jehova,der HERR,name:subject-after-auxiliary
Judg.6.8,122,128,124,132,Jehova,der HERR,name:subject-after-speech-verb
Judg.6.10,34,40,34,42,Jehova,der HERR,name:predicate-name
Judg.6.11,14,21,14,23,Jehovas,des HERRN,name:genitive
Judg.6.12,25,32,25,34,Jehovas,des HERRN,name:genitive
Judg.6.12,67,73,69,77,Jehova,der HERR,name:subject-before-finite-verb
Judg.6.13,52,58,52,60,Jehova,der HERR,name:subject-subordinate-clause
Judg.6.13,213,219,215,223,Jehova,der HERR,name:subject-after-auxiliary
Judg.6.13,271,277,275,283,Jehova,der HERR,name:subject-after-auxiliary
Judg.6.14,4,10,4,8,Jehova,HERR,name:unresolved-case
Judg.6.16,4,10,4,12,Jehova,der HERR,name:subject-before-finite-verb
Judg.6.17,101,104,101,105,daß,dass,orthography:wordlist
Judg.6.21,14,21,14,23,Jehovas,des HERRN,name:genitive
Judg.6.21,248,255,250,259,Jehovas,des HERRN,name:genitive
Judg.6.22,16,19,16,20,daß,dass,orthography:wordlist
Judg.6.22,34,41,35,44,Jehovas,des HERRN,name:genitive
Judg.6.22,78,84,81,85,Jehova,HERR,name:unresolved-case
Judg.6.22,109,116,110,119,Jehovas,des HERRN,name:genitive
Judg.6.23,4,10,4,12,Jehova,der HERR,name:subject-before-finite-verb
Judg.6.24,27,33,27,36,Jehova,dem HERRN,name:dative-altar-recipient
Judg.6.24,65,71,68,72,Jehova,HERR,name:unresolved-case
Judg.6.25,55,61,55,63,Jehova,der HERR,name:subject-after-speech-verb
Judg.6.26,36,42,36,40,Jehova,HERR,name:direct-address-pronoun
Judg.6.27,67,73,67,75,Jehova,der HERR,name:subject-subordinate-clause
Judg.6.30,69,72,69,73,daß,dass,orthography:wordlist
Judg.6.34,24,31,24,33,Jehovas,des HERRN,name:genitive
Judg.6.37,25,30,25,30,Vließ,Vlies,orthography:wordlist
Judg.6.37,65,71,65,71,Vließe,Vliese,orthography:wordlist
Judg.6.37,152,155,152,156,daß,dass,orthography:wordlist
Judg.6.38,83,88,83,88,Vließ,Vlies,orthography:wordlist
Judg.6.38,97,103,97,104,preßte,presste,orthography:wordlist
Judg.6.38,117,123,118,124,Vließe,Vliese,orthography:wordlist
Judg.6.39,107,110,107,111,Laß,Lass,orthography:wordlist
Judg.6.39,150,156,151,157,Vließe,Vliese,orthography:wordlist
Judg.6.39,204,210,205,211,Vließe,Vliese,orthography:wordlist
Judg.6.40,70,76,70,76,Vließe,Vliese,orthography:wordlist
Judg.7.2,22,28,22,30,Jehova,der HERR,name:subject-before-finite-verb
Judg.7.2,106,109,108,112,daß,dass,orthography:wordlist
Judg.7.4,4,10,4,12,Jehova,der HERR,name:subject-before-finite-verb
Judg.7.4,91,94,93,97,daß,dass,orthography:wordlist
Judg.7.5,47,53,47,55,Jehova,der HERR,name:subject-before-finite-verb
Judg.7.5,211,221,213,224,niederläßt,niederlässt,orthography:wordlist
Judg.7.7,4,10,4,12,Jehova,der HERR,name:subject-before-finite-verb
Judg.7.9,45,51,45,53,Jehova,der HERR,name:subject-after-speech-verb
Judg.7.13,231,234,231,235,daß,dass,orthography:wordlist
Judg.7.15,178,184,178,186,Jehova,der HERR,name:subject-before-finite-verb
Judg.7.17,129,132,129,133,daß,dass,orthography:wordlist
Judg.7.18,166,172,166,175,Jehova,den HERRN,name:accusative-preposition
Judg.7.20,210,217,210,219,Jehovas,des HERRN,name:genitive
Judg.7.22,60,66,60,68,Jehova,der HERR,name:subject-before-finite-verb
Judg.8.1,94,97,94,98,daß,dass,orthography:wordlist
Judg.8.6,99,102,99,103,daß,dass,orthography:wordlist
Judg.8.7,31,37,31,39,Jehova,der HERR,name:subject-subordinate-clause
Judg.8.15,202,205,202,206,daß,dass,orthography:wordlist
Judg.8.17,34,37,34,38,riß,riss,orthography:wordlist
Judg.8.19,76,82,76,84,Jehova,der HERR,name:subject-before-finite-verb
Judg.8.23,114,120,114,118,Jehova,HERR,name:unresolved-case
Judg.8.30,98,104,98,104,Weiber,Frauen,word:Weib-Frau
Judg.8.34,48,55,48,57,Jehovas,des HERRN,name:genitive
Judg.9.2,88,91,88,92,daß,dass,orthography:wordlist
Judg.9.2,160,163,161,165,daß,dass,orthography:wordlist
Judg.9.2,209,212,211,215,daß,dass,orthography:wordlist
Judg.9.16,66,69,66,70,daß,dass,orthography:wordlist
Judg.9.28,73,76,73,77,daß,dass,orthography:wordlist
Judg.9.38,86,89,86,90,daß,dass,orthography:wordlist
Judg.9.41,79,82,79,83,daß,dass,orthography:wordlist
Judg.9.45,136,139,136,140,riß,riss,orthography:wordlist
Judg.9.47,39,42,39,43,daß,dass,orthography:wordlist
Judg.9.49,244,250,244,250,Weiber,Frauen,word:Weib-Frau
Judg.9.51,88,94,88,94,Weiber,Frauen,word:Weib-Frau
Judg.9.53,8,11,8,12,ein,eine,grammar:Frau-determiner
Judg.9.53,12,16,13,17,Weib,Frau,word:Weib-Frau
Judg.9.54,113,116,113,117,daß,dass,orthography:wordlist
Judg.9.54,142,145,143,147,Ein,Eine,grammar:Frau-determiner
Judg.9.54,146,150,148,152,Weib,Frau,word:Weib-Frau
Judg.9.55,39,42,39,43,daß,dass,orthography:wordlist
Judg.10.6,77,84,77,86,Jehovas,des HERRN,name:genitive
Judg.10.6,291,297,293,297,Jehova,HERR,name:unresolved-case
Judg.10.7,23,30,23,32,Jehovas,des HERRN,name:genitive
Judg.10.10,35,41,35,44,Jehova,dem HERRN,name:dative-preposition
Judg.10.11,4,10,4,12,Jehova,der HERR,name:subject-before-finite-verb
Judg.10.15,35,41,35,44,Jehova,dem HERRN,name:dative-preposition
Judg.10.16,70,76,70,79,Jehova,dem HERRN,name:dative-verb
Judg.11.2,9,12,9,12,das,die,grammar:Frau-determiner
Judg.11.2,13,17,13,17,Weib,Frau,word:Weib-Frau
Judg.11.2,64,67,64,67,des,der,grammar:Frau-determiner
Judg.11.2,68,74,68,72,Weibes,Frau,word:Weib-Frau
Judg.11.2,211,216,209,214,eines,einer,grammar:Frau-determiner
Judg.11.2,225,231,223,227,Weibes,Frau,word:Weib-Frau
Judg.11.6,60,63,60,64,daß,dass,orthography:wordlist
Judg.11.7,80,86,80,87,gehaßt,gehasst,orthography:wordlist
Judg.11.8,95,98,95,99,daß,dass,orthography:wordlist
Judg.11.9,121,127,121,125,Jehova,HERR,name:unresolved-case
Judg.11.10,51,57,51,59,Jehova,der HERR,name:subject-before-finite-verb
Judg.11.11,152,158,152,161,Jehova,dem HERRN,name:presence-before-Lord
Judg.11.12,119,122,119,123,daß,dass,orthography:wordlist
Judg.11.17,70,73,70,74,Laß,Lass,orthography:wordlist
Judg.11.19,116,119,116,120,Laß,Lass,orthography:wordlist
Judg.11.21,4,10,4,8,Jehova,HERR,name:unresolved-case
Judg.11.23,15,21,15,19,Jehova,HERR,name:unresolved-case
Judg.11.24,97,103,97,105,Jehova,der HERR,name:subject-subordinate-clause
Judg.11.27,108,114,108,112,Jehova,HERR,name:unresolved-case
Judg.11.29,17,24,17,26,Jehovas,des HERRN,name:genitive
Judg.11.30,20,26,20,24,Jehova,HERR,name:unresolved-case
Judg.11.31,133,139,133,141,Jehova,der HERR,name:subject-after-auxiliary
Judg.11.32,75,81,75,83,Jehova,der HERR,name:subject-before-finite-verb
Judg.11.35,37,43,37,44,zerriß,zerriss,orthography:wordlist
Judg.11.35,217,223,218,227,Jehova,den HERRN,name:accusative-preposition
Judg.11.36,64,70,64,73,Jehova,den HERRN,name:accusative-preposition
Judg.11.36,149,155,152,160,Jehova,der HERR,name:subject-subordinate-clause
Judg.11.37,63,66,63,67,Laß,Lass,orthography:wordlist
Judg.11.37,93,96,94,98,daß,dass,orthography:wordlist
Judg.12.1,217,220,217,221,daß,dass,orthography:wordlist
Judg.12.3,18,21,18,22,daß,dass,orthography:wordlist
Judg.12.3,129,135,130,138,Jehova,der HERR,name:subject-before-finite-verb
Judg.12.5,109,112,109,113,Laß,Lass,orthography:wordlist
Judg.13.1,76,83,76,85,Jehovas,des HERRN,name:genitive
Judg.13.1,90,96,92,100,Jehova,der HERR,name:subject-before-finite-verb
Judg.13.2,90,94,90,95,sein,seine,grammar:Frau-determiner
Judg.13.2,95,99,96,100,Weib,Frau,word:Weib-Frau
Judg.13.3,14,21,14,23,Jehovas,des HERRN,name:genitive
Judg.13.3,32,35,34,37,dem,der,grammar:Frau-determiner
Judg.13.3,36,41,38,42,Weibe,Frau,word:Weib-Frau
Judg.13.4,75,77,75,78,iß,iss,orthography:wordlist
Judg.13.6,4,7,4,7,das,die,grammar:Frau-determiner
Judg.13.6,8,12,8,12,Weib,Frau,word:Weib-Frau
Judg.13.7,138,140,138,141,iß,iss,orthography:wordlist
Judg.13.8,21,27,21,30,Jehova,dem HERRN,name:dative-preposition
Judg.13.9,77,80,77,80,dem,der,grammar:Frau-determiner
Judg.13.9,81,86,81,85,Weibe,Frau,word:Weib-Frau
Judg.13.10,10,13,10,13,das,die,grammar:Frau-determiner
Judg.13.10,14,18,14,18,Weib,Frau,word:Weib-Frau
Judg.13.11,39,45,39,45,seinem,seiner,grammar:Frau-determiner
Judg.13.11,46,51,46,50,Weibe,Frau,word:Weib-Frau
Judg.13.11,131,134,130,133,dem,der,grammar:Frau-determiner
Judg.13.11,135,140,134,138,Weibe,Frau,word:Weib-Frau
Judg.13.13,14,21,14,23,Jehovas,des HERRN,name:genitive
Judg.13.13,61,64,63,66,dem,der,grammar:Frau-determiner
Judg.13.13,65,70,67,71,Weibe,Frau,word:Weib-Frau
Judg.13.15,32,39,32,41,Jehovas,des HERRN,name:genitive
Judg.13.15,42,45,44,48,Laß,Lass,orthography:wordlist
Judg.13.16,25,32,25,34,Jehovas,des HERRN,name:genitive
Judg.13.16,179,185,181,185,Jehova,HERR,name:unresolved-case
Judg.13.16,199,204,199,205,wußte,wusste,orthography:wordlist
Judg.13.16,213,216,214,218,daß,dass,orthography:wordlist
Judg.13.16,231,238,233,242,Jehovas,des HERRN,name:genitive
Judg.13.17,32,39,32,41,Jehovas,des HERRN,name:genitive
Judg.13.17,62,65,64,68,daß,dass,orthography:wordlist
Judg.13.18,14,21,14,23,Jehovas,des HERRN,name:genitive
Judg.13.19,70,76,70,74,Jehova,HERR,name:unresolved-case
Judg.13.19,140,144,138,143,sein,seine,grammar:Frau-determiner
Judg.13.19,145,149,144,148,Weib,Frau,word:Weib-Frau
Judg.13.20,88,95,88,97,Jehovas,des HERRN,name:genitive
Judg.13.20,147,151,149,154,sein,seine,grammar:Frau-determiner
Judg.13.20,152,156,155,159,Weib,Frau,word:Weib-Frau
Judg.13.21,14,21,14,23,Jehovas,des HERRN,name:genitive
Judg.13.21,43,49,45,51,seinem,seiner,grammar:Frau-determiner
Judg.13.21,50,55,52,56,Weibe,Frau,word:Weib-Frau
Judg.13.21,98,101,99,103,daß,dass,orthography:wordlist
Judg.13.21,115,122,117,126,Jehovas,des HERRN,name:genitive
Judg.13.22,22,28,22,28,seinem,seiner,grammar:Frau-determiner
Judg.13.22,29,34,29,33,Weibe,Frau,word:Weib-Frau
Judg.13.22,49,58,48,58,gewißlich,gewisslich,orthography:wordlist
Judg.13.23,5,9,5,10,sein,seine,grammar:Frau-determiner
Judg.13.23,10,14,11,15,Weib,Frau,word:Weib-Frau
Judg.13.23,40,46,41,45,Jehova,HERR,name:unresolved-case
Judg.13.24,4,7,4,7,das,die,grammar:Frau-determiner
Judg.13.24,8,12,8,12,Weib,Frau,word:Weib-Frau
Judg.13.24,95,101,95,103,Jehova,der HERR,name:subject-before-finite-verb
Judg.13.25,14,21,14,23,Jehovas,des HERRN,name:genitive
Judg.14.1,57,60,57,61,ein,eine,grammar:Frau-determiner
Judg.14.1,61,65,62,66,Weib,Frau,word:Weib-Frau
Judg.14.2,103,106,103,107,ein,eine,grammar:Frau-determiner
Judg.14.2,107,111,108,112,Weib,Frau,word:Weib-Frau
Judg.14.2,179,182,180,183,zum,zur,grammar:Frau-determiner
Judg.14.2,183,188,184,188,Weibe,Frau,word:Weib-Frau
Judg.14.3,132,136,132,137,kein,keine,grammar:Frau-determiner
Judg.14.3,137,141,138,142,Weib,Frau,word:Weib-Frau
Judg.14.3,144,147,145,149,daß,dass,orthography:wordlist
Judg.14.3,162,165,164,168,ein,eine,grammar:Frau-determiner
Judg.14.3,166,170,169,173,Weib,Frau,word:Weib-Frau
Judg.14.4,47,53,47,54,wußten,wussten,orthography:wordlist
Judg.14.4,67,70,68,72,daß,dass,orthography:wordlist
Judg.14.4,78,84,80,89,Jehova,dem HERRN,name:dative-preposition
Judg.14.6,24,31,24,33,Jehovas,des HERRN,name:genitive
Judg.14.6,58,64,60,67,zerriß,zerriss,orthography:wordlist
Judg.14.7,34,37,34,37,dem,der,grammar:Frau-determiner
Judg.14.7,38,43,38,42,Weibe,Frau,word:Weib-Frau
Judg.14.9,181,184,181,185,daß,dass,orthography:wordlist
Judg.14.10,24,27,24,27,dem,der,grammar:Frau-determiner
Judg.14.10,28,33,28,32,Weibe,Frau,word:Weib-Frau
Judg.14.13,163,166,163,167,daß,dass,orthography:wordlist
Judg.14.15,54,57,54,57,dem,der,grammar:Frau-determiner
Judg.14.15,58,63,58,62,Weibe,Frau,word:Weib-Frau
Judg.14.15,95,98,94,98,daß,dass,orthography:wordlist
Judg.14.16,12,16,12,16,Weib,Frau,word:Weib-Frau
Judg.14.19,14,21,14,23,Jehovas,des HERRN,name:genitive
Judg.14.20,4,7,4,7,das,die,grammar:Frau-determiner
Judg.14.20,8,12,8,12,Weib,Frau,word:Weib-Frau
Judg.15.1,87,91,87,92,sein,seine,grammar:Frau-determiner
Judg.15.1,92,96,93,97,Weib,Frau,word:Weib-Frau
Judg.15.1,152,158,153,159,meinem,meiner,grammar:Frau-determiner
Judg.15.1,159,164,160,164,Weibe,Frau,word:Weib-Frau
Judg.15.2,33,42,33,43,gewißlich,gewisslich,orthography:wordlist
Judg.15.2,52,55,53,57,daß,dass,orthography:wordlist
Judg.15.2,64,71,66,74,haßtest,hasstest,orthography:wordlist
Judg.15.6,121,125,121,126,sein,seine,grammar:Frau-determiner
Judg.15.6,126,130,127,131,Weib,Frau,word:Weib-Frau
Judg.15.7,89,92,89,93,daß,dass,orthography:wordlist
Judg.15.10,142,145,142,146,daß,dass,orthography:wordlist
Judg.15.11,113,116,113,117,daß,dass,orthography:wordlist
Judg.15.12,70,73,70,74,daß,dass,orthography:wordlist
Judg.15.12,164,167,165,169,daß,dass,orthography:wordlist
Judg.15.14,82,89,82,91,Jehovas,des HERRN,name:genitive
Judg.15.18,43,49,43,52,Jehova,dem HERRN,name:dative-preposition
Judg.16.3,135,138,135,139,riß,riss,orthography:wordlist
Judg.16.4,48,51,48,52,ein,eine,grammar:Frau-determiner
Judg.16.4,52,56,53,57,Weib,Frau,word:Weib-Frau
Judg.16.5,185,188,185,189,daß,dass,orthography:wordlist
Judg.16.6,122,125,122,126,daß,dass,orthography:wordlist
Judg.16.9,102,108,102,109,zerriß,zerriss,orthography:wordlist
Judg.16.12,144,147,144,148,riß,riss,orthography:wordlist
Judg.16.14,146,149,146,150,riß,riss,orthography:wordlist
Judg.16.18,21,24,21,25,daß,dass,orthography:wordlist
Judg.16.20,171,176,171,177,wußte,wusste,orthography:wordlist
Judg.16.20,190,193,191,195,daß,dass,orthography:wordlist
Judg.16.20,194,200,196,204,Jehova,der HERR,name:subject-subordinate-clause
Judg.16.21,155,160,155,161,mußte,musste,orthography:wordlist
Judg.16.25,78,81,78,82,daß,dass,orthography:wordlist
Judg.16.26,65,68,65,69,Laß,Lass,orthography:wordlist
Judg.16.26,75,78,76,80,daß,dass,orthography:wordlist
Judg.16.27,37,44,37,43,Weibern,Frauen,word:Weib-Frau
Judg.16.27,149,155,148,154,Weiber,Frauen,word:Weib-Frau
Judg.16.28,20,26,20,29,Jehova,dem HERRN,name:dative-preposition
Judg.16.28,47,53,50,54,Jehova,HERR,name:unresolved-case
Judg.16.28,122,125,123,127,daß,dass,orthography:wordlist
Judg.16.29,12,19,12,20,umfaßte,umfasste,orthography:wordlist
Judg.17.2,314,320,314,323,Jehova,dem HERRN,name:dative-preposition
Judg.17.3,146,152,146,150,Jehova,HERR,name:unresolved-case
Judg.17.13,34,37,34,38,daß,dass,orthography:wordlist
Judg.17.13,38,44,39,47,Jehova,der HERR,name:subject-subordinate-clause
Judg.18.5,46,49,46,50,daß,dass,orthography:wordlist
Judg.18.6,64,70,64,73,Jehova,dem HERRN,name:presence-before-Lord
Judg.18.9,41,45,41,46,laßt,lasst,orthography:wordlist
Judg.18.14,133,136,133,137,daß,dass,orthography:wordlist
Judg.18.23,121,124,121,125,daß,dass,orthography:wordlist
Judg.18.25,38,41,38,42,Laß,Lass,orthography:wordlist
Judg.18.26,60,63,60,64,daß,dass,orthography:wordlist
Judg.19.1,64,67,64,68,daß,dass,orthography:wordlist
Judg.19.3,218,221,218,221,des,der,grammar:Frau-determiner
Judg.19.3,229,235,229,233,Weibes,Frau,word:Weib-Frau
Judg.19.4,37,40,37,40,des,der,grammar:Frau-determiner
Judg.19.4,48,54,48,52,Weibes,Frau,word:Weib-Frau
Judg.19.5,145,148,145,148,des,der,grammar:Frau-determiner
Judg.19.5,156,162,156,160,Weibes,Frau,word:Weib-Frau
Judg.19.6,79,82,79,82,des,der,grammar:Frau-determiner
Judg.19.6,90,96,90,94,Weibes,Frau,word:Weib-Frau
Judg.19.6,120,123,118,122,Laß,Lass,orthography:wordlist
Judg.19.6,173,176,172,176,laß,lass,orthography:wordlist
Judg.19.8,98,101,98,101,des,der,grammar:Frau-determiner
Judg.19.8,109,115,109,113,Weibes,Frau,word:Weib-Frau
Judg.19.9,118,121,118,121,des,der,grammar:Frau-determiner
Judg.19.9,129,135,129,133,Weibes,Frau,word:Weib-Frau
Judg.19.9,270,273,268,272,laß,lass,orthography:wordlist
Judg.19.11,125,128,125,129,laß,lass,orthography:wordlist
Judg.19.13,41,44,41,45,daß,dass,orthography:wordlist
Judg.19.15,30,33,30,34,daß,dass,orthography:wordlist
Judg.19.18,198,205,198,207,Jehovas,des HERRN,name:genitive
Judg.19.22,291,294,291,295,daß,dass,orthography:wordlist
Judg.19.25,170,182,170,183,mißhandelten,misshandelten,orthography:wordlist
Judg.19.26,4,7,4,7,das,die,grammar:Frau-determiner
Judg.19.26,8,12,8,12,Weib,Frau,word:Weib-Frau
Judg.19.27,141,144,141,144,das,die,grammar:Frau-determiner
Judg.19.27,145,149,145,149,Weib,Frau,word:Weib-Frau
Judg.19.28,38,41,38,42,laß,lass,orthography:wordlist
Judg.20.1,134,140,134,143,Jehova,dem HERRN,name:presence-before-Lord
Judg.20.3,43,46,43,47,daß,dass,orthography:wordlist
Judg.20.4,46,49,46,49,des,der,grammar:Frau-determiner
Judg.20.4,61,67,61,65,Weibes,Frau,word:Weib-Frau
Judg.20.5,180,183,180,184,daß,dass,orthography:wordlist
Judg.20.13,74,77,74,78,daß,dass,orthography:wordlist
Judg.20.18,193,199,193,201,Jehova,der HERR,name:subject-before-finite-verb
Judg.20.23,53,59,53,62,Jehova,dem HERRN,name:presence-before-Lord
Judg.20.23,99,105,102,111,Jehova,den HERRN,name:accusative-verb
Judg.20.23,210,216,216,224,Jehova,der HERR,name:subject-before-finite-verb
Judg.20.26,122,128,122,131,Jehova,dem HERRN,name:presence-before-Lord
Judg.20.26,229,235,232,241,Jehova,dem HERRN,name:presence-before-Lord
Judg.20.27,33,39,33,42,Jehova,den HERRN,name:accusative-verb
Judg.20.28,215,221,215,223,Jehova,der HERR,name:subject-before-finite-verb
Judg.20.32,115,119,115,120,Laßt,Lasst,orthography:wordlist
Judg.20.32,134,137,135,139,daß,dass,orthography:wordlist
Judg.20.34,116,122,116,123,wußten,wussten,orthography:wordlist
Judg.20.34,131,134,132,136,daß,dass,orthography:wordlist
Judg.20.35,22,28,22,30,Jehova,der HERR,name:subject-before-finite-verb
Judg.20.36,42,45,42,46,daß,dass,orthography:wordlist
Judg.20.41,108,111,108,112,daß,dass,orthography:wordlist
Judg.21.1,126,129,126,129,zum,zur,grammar:Frau-determiner
Judg.21.1,130,135,130,134,Weibe,Frau,word:Weib-Frau
Judg.21.3,7,13,7,11,Jehova,HERR,name:unresolved-case
Judg.21.3,64,67,62,66,daß,dass,orthography:wordlist
Judg.21.3,97,104,96,104,vermißt,vermisst,orthography:wordlist
Judg.21.5,99,105,99,108,Jehova,dem HERRN,name:dative-preposition
Judg.21.5,192,198,195,204,Jehova,dem HERRN,name:dative-preposition
Judg.21.5,252,261,258,268,gewißlich,gewisslich,orthography:wordlist
Judg.21.7,64,70,64,70,Weiber,Frauen,word:Weib-Frau
Judg.21.7,90,96,90,99,Jehova,dem HERRN,name:dative-preposition
Judg.21.7,147,154,150,156,Weibern,Frauen,word:Weib-Frau
Judg.21.8,81,87,81,90,Jehova,dem HERRN,name:dative-preposition
Judg.21.10,211,217,211,217,Weiber,Frauen,word:Weib-Frau
Judg.21.11,63,69,63,69,Weiber,Frauen,word:Weib-Frau
Judg.21.14,72,78,72,78,Weiber,Frauen,word:Weib-Frau
Judg.21.14,121,128,121,127,Weibern,Frauen,word:Weib-Frau
Judg.21.15,59,65,59,67,Jehova,der HERR,name:subject-subordinate-clause
Judg.21.15,73,76,75,79,Riß,Riss,orthography:wordlist
Judg.21.16,96,102,96,102,Weiber,Frauen,word:Weib-Frau
Judg.21.16,114,120,114,120,Weiber,Frauen,word:Weib-Frau
Judg.21.18,34,40,34,40,Weiber,Frauen,word:Weib-Frau
Judg.21.18,164,167,164,168,ein,eine,grammar:Frau-determiner
Judg.21.18,168,172,169,173,Weib,Frau,word:Weib-Frau
Judg.21.19,45,52,45,54,Jehovas,des HERRN,name:genitive
Judg.21.21,190,194,190,195,sein,seine,grammar:Frau-determiner
Judg.21.21,195,199,196,200,Weib,Frau,word:Weib-Frau
Judg.21.22,171,175,171,176,sein,seine,grammar:Frau-determiner
Judg.21.22,176,180,177,181,Weib,Frau,word:Weib-Frau
Judg.21.22,245,248,246,250,daß,dass,orthography:wordlist
Judg.21.23,62,68,62,68,Weiber,Frauen,word:Weib-Frau
Ruth.1.1,192,196,192,197,sein,seine,grammar:Frau-determiner
Ruth.1.1,197,201,198,202,Weib,Frau,word:Weib-Frau
Ruth.1.2,56,62,56,62,seines,seiner,grammar:Frau-determiner
Ruth.1.2,63,69,63,67,Weibes,Frau,word:Weib-Frau
Ruth.1.4,42,48,42,48,Weiber,Frauen,word:Weib-Frau
Ruth.1.5,54,57,54,57,das,die,grammar:Frau-determiner
Ruth.1.5,58,62,58,62,Weib,Frau,word:Weib-Frau
Ruth.1.6,142,145,142,146,daß,dass,orthography:wordlist
Ruth.1.6,146,152,147,155,Jehova,der HERR,name:subject-subordinate-clause
Ruth.1.8,109,115,109,113,Jehova,HERR,name:unresolved-case
Ruth.1.9,9,15,9,13,Jehova,HERR,name:unresolved-case
Ruth.1.9,46,49,44,48,daß,dass,orthography:wordlist
Ruth.1.9,116,121,115,121,küßte,küsste,orthography:wordlist
Ruth.1.11,119,122,119,123,daß,dass,orthography:wordlist
Ruth.1.13,88,91,88,92,daß,dass,orthography:wordlist
Ruth.1.13,205,212,206,215,Jehovas,des HERRN,name:genitive
Ruth.1.14,59,64,59,65,küßte,küsste,orthography:wordlist
Ruth.1.17,87,93,87,91,Jehova,HERR,name:unresolved-case
Ruth.1.18,28,31,28,32,daß,dass,orthography:wordlist
Ruth.1.21,53,59,53,57,Jehova,HERR,name:unresolved-case
Ruth.1.21,115,121,113,117,Jehova,HERR,name:unresolved-case
Ruth.2.2,44,47,44,48,Laß,Lass,orthography:wordlist
Ruth.2.4,68,74,68,76,Jehova,der HERR,name:subject-before-finite-verb
Ruth.2.4,116,122,118,126,Jehova,der HERR,name:subject-before-finite-verb
Ruth.2.7,17,20,17,21,Laß,Lass,orthography:wordlist
Ruth.2.10,134,137,134,138,daß,dass,orthography:wordlist
Ruth.2.12,9,15,9,13,Jehova,HERR,name:unresolved-case
Ruth.2.12,79,85,77,86,Jehova,dem HERRN,name:dative-preposition
Ruth.2.14,65,67,65,68,iß,iss,orthography:wordlist
Ruth.2.20,66,72,66,75,Jehova,dem HERRN,name:dative-preposition
Ruth.2.22,82,85,82,86,daß,dass,orthography:wordlist
Ruth.2.22,118,121,119,123,daß,dass,orthography:wordlist
Ruth.3.1,102,105,102,106,daß,dass,orthography:wordlist
Ruth.3.3,85,88,85,89,laß,lass,orthography:wordlist
Ruth.3.8,88,91,88,92,ein,eine,grammar:Frau-determiner
Ruth.3.8,92,96,93,97,Weib,Frau,word:Weib-Frau
Ruth.3.10,49,55,49,58,Jehova,dem HERRN,name:dative-preposition
Ruth.3.11,139,142,139,143,daß,dass,orthography:wordlist
Ruth.3.11,146,149,147,151,ein,eine,grammar:Frau-determiner
Ruth.3.11,150,158,152,159,wackeres,wackere,grammar:Frau-adjective
Ruth.3.11,159,163,160,164,Weib,Frau,word:Weib-Frau
Ruth.3.13,184,190,184,192,Jehova,der HERR,name:subject-before-finite-verb
Ruth.3.14,147,150,147,151,daß,dass,orthography:wordlist
Ruth.3.14,151,154,152,156,ein,eine,grammar:Frau-determiner
Ruth.3.14,155,159,157,161,Weib,Frau,word:Weib-Frau
Ruth.4.4,226,229,226,230,daß,dass,orthography:wordlist
Ruth.4.5,119,122,119,122,dem,der,grammar:Frau-determiner
Ruth.4.5,123,128,123,127,Weibe,Frau,word:Weib-Frau
Ruth.4.6,64,67,64,68,daß,dass,orthography:wordlist
Ruth.4.9,78,81,78,82,daß,dass,orthography:wordlist
Ruth.4.10,31,34,31,34,das,die,grammar:Frau-determiner
Ruth.4.10,35,39,35,39,Weib,Frau,word:Weib-Frau
Ruth.4.10,66,69,66,69,zum,zur,grammar:Frau-determiner
Ruth.4.10,70,75,70,74,Weibe,Frau,word:Weib-Frau
Ruth.4.10,151,154,150,154,daß,dass,orthography:wordlist
Ruth.4.11,91,97,91,95,Jehova,HERR,name:unresolved-case
Ruth.4.11,105,108,103,106,das,die,grammar:Frau-determiner
Ruth.4.11,109,113,107,111,Weib,Frau,word:Weib-Frau
Ruth.4.11,116,119,114,117,das,die,grammar:Frau-relative
Ruth.4.12,24,30,24,29,Jehova,HERRN,name:existing-oblique-article
Ruth.4.12,40,46,39,45,diesem,dieser,grammar:Frau-determiner
Ruth.4.12,54,59,53,57,Weibe,Frau,word:Weib-Frau
Ruth.4.13,36,40,36,41,sein,seine,grammar:Frau-determiner
Ruth.4.13,41,45,42,46,Weib,Frau,word:Weib-Frau
Ruth.4.13,77,83,78,82,Jehova,HERR,name:unresolved-case
Ruth.4.14,8,14,8,14,Weiber,Frauen,word:Weib-Frau
Ruth.4.14,49,55,49,57,Jehova,der HERR,name:subject-after-auxiliary
1Sam.1.2,18,24,18,24,Weiber,Frauen,word:Weib-Frau
1Sam.1.3,78,84,78,87,Jehova,den HERRN,name:accusative-preposition
1Sam.1.3,216,223,219,228,Jehovas,des HERRN,name:genitive
1Sam.1.4,60,66,60,66,seinem,seiner,grammar:Frau-determiner
1Sam.1.4,67,72,67,71,Weibe,Frau,word:Weib-Frau
1Sam.1.5,70,76,70,78,Jehova,der HERR,name:subject-before-finite-verb
1Sam.1.6,83,89,83,91,Jehova,der HERR,name:subject-subordinate-clause
1Sam.1.7,83,90,83,92,Jehovas,des HERRN,name:genitive
1Sam.1.9,155,162,155,164,Jehovas,des HERRN,name:genitive
1Sam.1.10,48,54,48,57,Jehova,dem HERRN,name:dative-preposition
1Sam.1.11,39,45,39,43,Jehova,HERR,name:unresolved-case
1Sam.1.11,228,234,226,230,Jehova,HERR,name:unresolved-case
1Sam.1.12,34,40,34,43,Jehova,dem HERRN,name:presence-before-Lord
1Sam.1.12,50,53,53,57,daß,dass,orthography:wordlist
1Sam.1.15,54,57,54,58,Ein,Eine,grammar:Frau-determiner
1Sam.1.15,58,62,59,63,Weib,Frau,word:Weib-Frau
1Sam.1.15,187,193,188,197,Jehova,dem HERRN,name:presence-before-Lord
1Sam.1.18,69,72,69,72,das,die,grammar:Frau-determiner
1Sam.1.18,73,77,73,77,Weib,Frau,word:Weib-Frau
1Sam.1.19,64,70,64,73,Jehova,dem HERRN,name:presence-before-Lord
1Sam.1.19,161,165,164,169,sein,seine,grammar:Frau-determiner
1Sam.1.19,166,170,170,174,Weib,Frau,word:Weib-Frau
1Sam.1.19,177,183,181,189,Jehova,der HERR,name:subject-before-finite-verb
1Sam.1.20,132,138,132,141,Jehova,dem HERRN,name:dative-preposition
1Sam.1.21,62,68,62,71,Jehova,den HERRN,name:accusative-preposition
1Sam.1.22,123,126,123,127,daß,dass,orthography:wordlist
1Sam.1.22,134,140,135,144,Jehova,dem HERRN,name:presence-before-Lord
1Sam.1.23,121,127,121,129,Jehova,der HERR,name:subject-after-auxiliary
1Sam.1.23,167,170,169,172,das,die,grammar:Frau-determiner
1Sam.1.23,171,175,173,177,Weib,Frau,word:Weib-Frau
1Sam.1.24,164,171,164,173,Jehovas,des HERRN,name:genitive
1Sam.1.26,84,87,84,87,das,die,grammar:Frau-determiner
1Sam.1.26,88,92,88,92,Weib,Frau,word:Weib-Frau
1Sam.1.26,95,98,95,98,das,die,grammar:Frau-relative
1Sam.1.26,126,132,126,135,Jehova,dem HERRN,name:dative-preposition
1Sam.1.27,41,47,41,49,Jehova,der HERR,name:subject-before-finite-verb
1Sam.1.28,22,28,22,26,Jehova,HERR,name:unresolved-case
1Sam.1.28,76,82,74,78,Jehova,HERR,name:unresolved-case
1Sam.1.28,117,123,113,117,Jehova,HERR,name:unresolved-case
1Sam.2.1,58,64,58,67,Jehova,dem HERRN,name:dative-in-Lord
1Sam.2.1,93,99,96,105,Jehova,dem HERRN,name:dative-in-Lord
1Sam.2.2,23,29,23,31,Jehova,der HERR,name:subject-subordinate-clause
1Sam.2.3,107,113,107,115,Jehova,der HERR,name:subject-after-auxiliary
1Sam.2.6,9,15,9,17,Jehova,Der HERR,name:subject-before-finite-verb
1Sam.2.7,9,15,9,17,Jehova,Der HERR,name:subject-before-finite-verb
1Sam.2.8,178,185,178,187,Jehovas,des HERRN,name:genitive
1Sam.2.10,9,15,9,13,Jehova,HERR,name:unresolved-case
1Sam.2.10,121,127,119,127,Jehova,Der HERR,name:subject-before-finite-verb
1Sam.2.11,99,105,99,108,Jehova,dem HERRN,name:dative-verb
1Sam.2.12,54,60,54,58,Jehova,HERR,name:unresolved-case
1Sam.2.17,59,65,59,68,Jehova,dem HERRN,name:presence-before-Lord
1Sam.2.17,109,116,112,121,Jehovas,des HERRN,name:genitive
1Sam.2.18,67,73,67,76,Jehova,dem HERRN,name:presence-before-Lord
1Sam.2.20,28,32,28,33,sein,seine,grammar:Frau-determiner
1Sam.2.20,33,37,34,38,Weib,Frau,word:Weib-Frau
1Sam.2.20,52,58,53,57,Jehova,HERR,name:unresolved-case
1Sam.2.20,80,86,79,85,diesem,dieser,grammar:Frau-determiner
1Sam.2.20,87,92,86,90,Weibe,Frau,word:Weib-Frau
1Sam.2.20,128,134,126,130,Jehova,HERR,name:unresolved-case
1Sam.2.21,22,28,22,26,Jehova,HERR,name:unresolved-case
1Sam.2.21,158,164,156,165,Jehova,dem HERRN,name:dative-preposition
1Sam.2.22,92,95,92,96,daß,dass,orthography:wordlist
1Sam.2.22,108,115,109,115,Weibern,Frauen,word:Weib-Frau
1Sam.2.24,94,101,94,103,Jehovas,des HERRN,name:genitive
1Sam.2.25,107,113,107,116,Jehova,den HERRN,name:accusative-preposition
1Sam.2.25,209,215,212,220,Jehova,der HERR,name:subject-before-finite-verb
1Sam.2.26,112,118,112,121,Jehova,dem HERRN,name:dative-preposition
1Sam.2.27,67,73,67,75,Jehova,der HERR,name:subject-after-speech-verb
1Sam.2.29,152,155,152,156,daß,dass,orthography:wordlist
1Sam.2.30,14,20,14,22,Jehova,der HERR,name:subject-after-speech-verb
1Sam.2.30,163,169,165,173,Jehova,der HERR,name:subject-after-speech-verb
1Sam.2.31,95,98,95,99,daß,dass,orthography:wordlist
1Sam.2.32,67,73,67,75,Jehova,der HERR,name:subject-subordinate-clause
1Sam.2.36,229,232,229,233,daß,dass,orthography:wordlist
1Sam.3.1,39,45,39,48,Jehova,dem HERRN,name:dative-verb
1Sam.3.1,71,78,74,83,Jehovas,des HERRN,name:genitive
1Sam.3.3,74,81,74,83,Jehovas,des HERRN,name:genitive
1Sam.3.4,8,14,8,12,Jehova,HERR,name:unresolved-case
1Sam.3.6,4,10,4,12,Jehova,der HERR,name:subject-before-finite-verb
1Sam.3.7,30,36,30,34,Jehova,HERR,name:unresolved-case
1Sam.3.7,65,72,63,72,Jehovas,des HERRN,name:genitive
1Sam.3.8,4,10,4,12,Jehova,der HERR,name:subject-before-finite-verb
1Sam.3.8,163,166,165,169,daß,dass,orthography:wordlist
1Sam.3.8,167,173,170,178,Jehova,der HERR,name:subject-subordinate-clause
1Sam.3.9,108,114,108,112,Jehova,HERR,name:unresolved-case
1Sam.3.10,4,10,4,12,Jehova,der HERR,name:subject-before-finite-verb
1Sam.3.11,10,16,10,18,Jehova,der HERR,name:subject-after-speech-verb
1Sam.3.11,74,77,76,80,daß,dass,orthography:wordlist
1Sam.3.13,30,33,30,34,daß,dass,orthography:wordlist
1Sam.3.13,113,119,114,121,gewußt,gewusst,orthography:wordlist
1Sam.3.13,125,128,127,131,daß,dass,orthography:wordlist
1Sam.3.15,64,71,64,73,Jehovas,des HERRN,name:genitive
1Sam.3.18,90,96,90,98,Jehova,der HERR,name:predicate-name
1Sam.3.19,29,35,29,37,Jehova,der HERR,name:subject-before-finite-verb
1Sam.3.20,52,55,52,56,daß,dass,orthography:wordlist
1Sam.3.20,76,83,77,86,Jehovas,des HERRN,name:genitive
1Sam.3.21,14,20,14,22,Jehova,der HERR,name:subject-before-finite-verb
1Sam.3.21,60,66,62,66,Jehova,HERR,name:unresolved-case
1Sam.3.21,120,127,120,129,Jehovas,des HERRN,name:genitive
1Sam.4.3,100,106,100,108,Jehova,der HERR,name:subject-after-auxiliary
1Sam.4.3,150,154,152,157,Laßt,Lasst,orthography:wordlist
1Sam.4.3,191,198,194,203,Jehovas,des HERRN,name:genitive
1Sam.4.3,213,216,218,222,daß,dass,orthography:wordlist
1Sam.4.4,91,98,91,100,Jehovas,des HERRN,name:genitive
1Sam.4.4,244,251,246,255,Jehovas,des HERRN,name:genitive
1Sam.4.5,41,48,41,50,Jehovas,des HERRN,name:genitive
1Sam.4.5,114,117,116,120,daß,dass,orthography:wordlist
1Sam.4.6,159,162,159,163,daß,dass,orthography:wordlist
1Sam.4.6,172,179,173,182,Jehovas,des HERRN,name:genitive
1Sam.4.9,45,48,45,49,daß,dass,orthography:wordlist
1Sam.4.19,29,32,29,32,das,die,grammar:Frau-determiner
1Sam.4.19,33,37,33,37,Weib,Frau,word:Weib-Frau
1Sam.4.19,116,119,116,120,daß,dass,orthography:wordlist
1Sam.4.19,152,155,153,157,daß,dass,orthography:wordlist
1Sam.4.20,50,56,50,56,Weiber,Frauen,word:Weib-Frau
1Sam.5.3,127,134,127,136,Jehovas,des HERRN,name:genitive
1Sam.5.4,129,136,129,138,Jehovas,des HERRN,name:genitive
1Sam.5.6,13,20,13,22,Jehovas,des HERRN,name:genitive
1Sam.5.7,37,40,37,41,daß,dass,orthography:wordlist
1Sam.5.9,71,78,71,80,Jehovas,des HERRN,name:genitive
1Sam.5.9,210,213,212,216,daß,dass,orthography:wordlist
1Sam.5.11,126,129,126,130,daß,dass,orthography:wordlist
1Sam.6.1,13,20,13,22,Jehovas,des HERRN,name:genitive
1Sam.6.2,98,105,98,107,Jehovas,des HERRN,name:genitive
1Sam.6.3,122,126,122,127,müßt,müsst,orthography:wordlist
1Sam.6.5,138,142,138,143,läßt,lässt,orthography:wordlist
1Sam.6.8,39,46,39,48,Jehovas,des HERRN,name:genitive
1Sam.6.8,208,211,210,214,daß,dass,orthography:wordlist
1Sam.6.9,160,163,160,164,daß,dass,orthography:wordlist
1Sam.6.11,27,34,27,36,Jehovas,des HERRN,name:genitive
1Sam.6.14,210,216,210,215,Jehova,HERRN,name:existing-oblique-article
1Sam.6.15,44,51,44,53,Jehovas,des HERRN,name:genitive
1Sam.6.15,280,286,282,287,Jehova,HERRN,name:existing-oblique-article
1Sam.6.17,57,63,57,61,Jehova,HERR,name:unresolved-case
1Sam.6.18,233,240,233,242,Jehovas,des HERRN,name:genitive
1Sam.6.19,98,105,98,107,Jehovas,des HERRN,name:genitive
1Sam.6.19,196,202,198,206,Jehova,der HERR,name:subject-subordinate-clause
1Sam.6.20,56,62,56,65,Jehova,dem HERRN,name:presence-before-Lord
1Sam.6.21,107,114,107,116,Jehovas,des HERRN,name:genitive
1Sam.7.1,65,72,65,74,Jehovas,des HERRN,name:genitive
1Sam.7.1,195,202,197,206,Jehovas,des HERRN,name:genitive
1Sam.7.2,74,77,74,78,daß,dass,orthography:wordlist
1Sam.7.2,169,175,170,174,Jehova,HERR,name:unresolved-case
1Sam.7.3,94,100,94,103,Jehova,dem HERRN,name:dative-preposition
1Sam.7.3,207,213,210,214,Jehova,HERR,name:unresolved-case
1Sam.7.4,77,83,77,86,Jehova,dem HERRN,name:dative-verb
1Sam.7.5,71,77,71,75,Jehova,HERR,name:unresolved-case
1Sam.7.6,83,89,83,92,Jehova,dem HERRN,name:presence-before-Lord
1Sam.7.6,168,174,171,180,Jehova,den HERRN,name:accusative-preposition
1Sam.7.7,27,30,27,31,daß,dass,orthography:wordlist
1Sam.7.8,54,57,54,58,Laß,Lass,orthography:wordlist
1Sam.7.8,80,86,81,90,Jehova,dem HERRN,name:dative-preposition
1Sam.7.8,117,120,121,125,daß,dass,orthography:wordlist
1Sam.7.9,109,115,109,114,Jehova,HERRN,name:existing-oblique-article
1Sam.7.9,140,146,139,148,Jehova,dem HERRN,name:dative-preposition
1Sam.7.9,165,171,167,171,Jehova,HERR,name:unresolved-case
1Sam.7.10,124,130,124,128,Jehova,HERR,name:unresolved-case
1Sam.7.12,147,153,147,151,Jehova,HERR,name:unresolved-case
1Sam.7.13,109,116,109,118,Jehovas,des HERRN,name:genitive
1Sam.7.17,113,119,113,122,Jehova,dem HERRN,name:dative-altar-recipient
1Sam.8.5,142,145,142,146,daß,dass,orthography:wordlist
1Sam.8.6,88,91,88,92,daß,dass,orthography:wordlist
1Sam.8.6,131,137,132,141,Jehova,dem HERRN,name:dative-preposition
1Sam.8.7,4,10,4,12,Jehova,der HERR,name:subject-before-finite-verb
1Sam.8.7,168,171,170,174,daß,dass,orthography:wordlist
1Sam.8.10,30,37,30,39,Jehovas,des HERRN,name:genitive
1Sam.8.11,185,188,185,189,daß,dass,orthography:wordlist
1Sam.8.12,98,101,98,102,daß,dass,orthography:wordlist
1Sam.8.12,160,163,161,165,daß,dass,orthography:wordlist
1Sam.8.18,112,118,112,120,Jehova,der HERR,name:subject-before-finite-verb
1Sam.8.20,45,48,45,49,daß,dass,orthography:wordlist
1Sam.8.21,75,82,75,84,Jehovas,des HERRN,name:genitive
1Sam.8.22,4,10,4,12,Jehova,der HERR,name:subject-before-finite-verb
1Sam.9.5,100,103,100,104,laß,lass,orthography:wordlist
1Sam.9.5,118,121,119,123,daß,dass,orthography:wordlist
1Sam.9.6,140,143,140,144,laß,lass,orthography:wordlist
1Sam.9.9,84,88,84,89,laßt,lasst,orthography:wordlist
1Sam.9.10,63,66,63,67,laß,lass,orthography:wordlist
1Sam.9.13,115,118,115,119,ißt,isst,orthography:wordlist
1Sam.9.15,9,15,9,17,Jehova,Der HERR,name:subject-before-finite-verb
1Sam.9.17,45,51,45,49,Jehova,HERR,name:unresolved-case
1Sam.9.24,135,137,135,138,iß,iss,orthography:wordlist
1Sam.9.26,142,145,142,146,daß,dass,orthography:wordlist
1Sam.9.27,96,99,96,100,daß,dass,orthography:wordlist
1Sam.9.27,173,176,174,178,daß,dass,orthography:wordlist
1Sam.10.1,35,38,35,39,goß,goss,orthography:wordlist
1Sam.10.1,72,77,73,79,küßte,küsste,orthography:wordlist
1Sam.10.1,115,118,117,121,daß,dass,orthography:wordlist
1Sam.10.1,119,125,122,130,Jehova,der HERR,name:subject-subordinate-clause
1Sam.10.14,147,150,147,151,daß,dass,orthography:wordlist
1Sam.10.16,51,56,51,57,gewiß,gewiss,orthography:wordlist
1Sam.10.16,63,66,64,68,daß,dass,orthography:wordlist
1Sam.10.17,32,38,32,41,Jehova,dem HERRN,name:dative-preposition
1Sam.10.18,50,56,50,58,Jehova,der HERR,name:subject-after-speech-verb
1Sam.10.19,210,216,210,219,Jehova,dem HERRN,name:presence-before-Lord
1Sam.10.22,27,33,27,35,Jehova,der HERR,name:subject-before-finite-verb
1Sam.10.22,77,83,79,87,Jehova,der HERR,name:subject-before-finite-verb
1Sam.10.24,64,70,64,69,Jehova,HERRN,name:existing-oblique-article
1Sam.10.25,133,139,133,142,Jehova,dem HERRN,name:presence-before-Lord
1Sam.11.2,108,111,108,112,daß,dass,orthography:wordlist
1Sam.11.3,45,48,45,49,Laß,Lass,orthography:wordlist
1Sam.11.5,95,98,95,99,daß,dass,orthography:wordlist
1Sam.11.7,304,311,304,313,Jehovas,des HERRN,name:genitive
1Sam.11.12,118,121,118,122,daß,dass,orthography:wordlist
1Sam.11.13,80,86,80,88,Jehova,der HERR,name:subject-after-auxiliary
1Sam.11.14,41,45,41,46,laßt,lasst,orthography:wordlist
1Sam.11.15,93,99,93,102,Jehova,dem HERRN,name:presence-before-Lord
1Sam.11.15,163,169,166,175,Jehova,dem HERRN,name:presence-before-Lord
1Sam.12.3,36,42,36,45,Jehova,dem HERRN,name:presence-before-Lord
1Sam.12.3,253,256,256,260,daß,dass,orthography:wordlist
1Sam.12.5,25,31,25,33,Jehova,der HERR,name:subject-before-finite-verb
1Sam.12.5,98,101,100,104,daß,dass,orthography:wordlist
1Sam.12.6,34,40,34,42,Jehova,der HERR,name:subject-before-finite-verb
1Sam.12.7,39,42,39,43,daß,dass,orthography:wordlist
1Sam.12.7,52,58,53,62,Jehova,dem HERRN,name:presence-before-Lord
1Sam.12.7,102,109,106,115,Jehovas,des HERRN,name:genitive
1Sam.12.8,67,73,67,76,Jehova,dem HERRN,name:dative-preposition
1Sam.12.8,80,86,83,91,Jehova,der HERR,name:subject-before-finite-verb
1Sam.12.9,18,24,18,27,Jehova,den HERRN,name:accusative-apposition
1Sam.12.10,20,26,20,29,Jehova,dem HERRN,name:dative-preposition
1Sam.12.10,65,68,68,72,daß,dass,orthography:wordlist
1Sam.12.10,73,79,77,81,Jehova,HERR,name:unresolved-case
1Sam.12.11,22,28,22,30,Jehova,der HERR,name:subject-before-finite-verb
1Sam.12.12,21,24,21,25,daß,dass,orthography:wordlist
1Sam.12.12,158,164,159,163,Jehova,HERR,name:unresolved-case
1Sam.12.13,85,91,85,93,Jehova,der HERR,name:subject-before-finite-verb
1Sam.12.14,13,19,13,17,Jehova,HERR,name:unresolved-case
1Sam.12.14,96,103,94,103,Jehovas,des HERRN,name:genitive
1Sam.12.14,192,198,192,196,Jehova,HERR,name:unresolved-case
1Sam.12.15,35,42,35,44,Jehovas,des HERRN,name:genitive
1Sam.12.15,71,78,73,82,Jehovas,des HERRN,name:genitive
1Sam.12.15,118,125,122,131,Jehovas,des HERRN,name:genitive
1Sam.12.16,68,74,68,72,Jehova,HERR,name:unresolved-case
1Sam.12.17,46,52,46,55,Jehova,dem HERRN,name:dative-preposition
1Sam.12.17,135,138,138,142,daß,dass,orthography:wordlist
1Sam.12.17,195,202,199,208,Jehovas,des HERRN,name:genitive
1Sam.12.18,20,26,20,29,Jehova,dem HERRN,name:dative-preposition
1Sam.12.18,33,39,36,44,Jehova,der HERR,name:subject-before-finite-verb
1Sam.12.18,123,129,128,137,Jehova,dem HERRN,name:presence-before-Lord
1Sam.12.19,45,51,45,49,Jehova,HERR,name:direct-address-pronoun
1Sam.12.19,88,91,86,90,daß,dass,orthography:wordlist
1Sam.12.20,161,168,161,170,Jehovas,des HERRN,name:genitive
1Sam.12.20,181,187,183,192,Jehova,dem HERRN,name:dative-verb
1Sam.12.22,5,11,5,13,Jehova,der HERR,name:subject-before-finite-verb
1Sam.12.22,91,97,93,101,Jehova,der HERR,name:subject-after-auxiliary
1Sam.12.23,32,35,32,36,daß,dass,orthography:wordlist
1Sam.12.23,46,52,47,56,Jehova,den HERRN,name:accusative-preposition
1Sam.12.23,64,67,68,72,daß,dass,orthography:wordlist
1Sam.12.24,13,19,13,22,Jehova,den HERRN,name:accusative-verb
1Sam.13.6,35,38,35,39,daß,dass,orthography:wordlist
1Sam.13.11,73,76,73,77,daß,dass,orthography:wordlist
1Sam.13.12,74,80,74,78,Jehova,HERR,name:unresolved-case
1Sam.13.13,138,145,138,147,Jehovas,des HERRN,name:genitive
1Sam.13.13,205,211,207,211,Jehova,HERR,name:unresolved-case
1Sam.13.14,44,50,44,52,Jehova,Der HERR,name:subject-before-finite-verb
1Sam.13.14,106,112,108,116,Jehova,der HERR,name:subject-before-finite-verb
1Sam.13.14,197,203,201,209,Jehova,der HERR,name:subject-subordinate-clause
1Sam.13.19,107,110,107,111,Daß,Dass,orthography:wordlist
1Sam.14.1,118,121,118,122,laß,lass,orthography:wordlist
1Sam.14.3,107,114,107,116,Jehovas,des HERRN,name:genitive
1Sam.14.3,157,162,159,165,wußte,wusste,orthography:wordlist
1Sam.14.3,171,174,174,178,daß,dass,orthography:wordlist
1Sam.14.6,71,74,71,75,laß,lass,orthography:wordlist
1Sam.14.6,154,160,155,163,Jehova,der HERR,name:subject-after-auxiliary
1Sam.14.6,187,193,190,199,Jehova,den HERRN,name:accusative-preposition
1Sam.14.10,83,89,83,91,Jehova,der HERR,name:subject-before-finite-verb
1Sam.14.12,244,250,244,252,Jehova,der HERR,name:subject-before-finite-verb
1Sam.14.22,87,90,87,91,daß,dass,orthography:wordlist
1Sam.14.23,11,17,11,15,Jehova,HERR,name:unresolved-case
1Sam.14.29,83,86,83,87,daß,dass,orthography:wordlist
1Sam.14.33,72,78,72,81,Jehova,den HERRN,name:accusative-preposition
1Sam.14.33,104,107,107,111,ißt,isst,orthography:wordlist
1Sam.14.34,209,215,209,218,Jehova,den HERRN,name:accusative-preposition
1Sam.14.35,15,21,15,24,Jehova,dem HERRN,name:dative-altar-recipient
1Sam.14.35,61,67,64,68,Jehova,HERR,name:unresolved-case
1Sam.14.36,45,49,45,50,Laßt,Lasst,orthography:wordlist
1Sam.14.36,289,293,290,295,Laßt,Lasst,orthography:wordlist
1Sam.14.39,13,19,13,21,Jehova,der HERR,name:subject-before-finite-verb
1Sam.14.39,109,118,111,121,gewißlich,gewisslich,orthography:wordlist
1Sam.14.41,20,26,20,29,Jehova,dem HERRN,name:dative-preposition
1Sam.14.43,212,215,212,216,muß,muss,orthography:wordlist
1Sam.14.44,61,65,61,66,mußt,musst,orthography:wordlist
1Sam.14.44,66,75,67,77,gewißlich,gewisslich,orthography:wordlist
1Sam.14.45,134,140,134,142,Jehova,der HERR,name:subject-before-finite-verb
1Sam.14.45,291,294,293,297,daß,dass,orthography:wordlist
1Sam.14.50,14,17,14,17,des,der,grammar:Frau-determiner
1Sam.14.50,18,24,18,22,Weibes,Frau,word:Weib-Frau
1Sam.15.1,56,62,56,64,Jehova,der HERR,name:subject-before-finite-verb
1Sam.15.1,182,189,184,193,Jehovas,des HERRN,name:genitive
1Sam.15.2,11,17,11,19,Jehova,der HERR,name:subject-after-speech-verb
1Sam.15.3,121,124,121,124,zum,zur,grammar:Frau-determiner
1Sam.15.3,125,130,125,129,Weibe,Frau,word:Weib-Frau
1Sam.15.6,96,99,96,100,daß,dass,orthography:wordlist
1Sam.15.10,20,27,20,29,Jehovas,des HERRN,name:genitive
1Sam.15.11,24,27,24,28,daß,dass,orthography:wordlist
1Sam.15.11,177,183,178,187,Jehova,dem HERRN,name:dative-preposition
1Sam.15.13,102,108,102,111,Jehova,dem HERRN,name:dative-preposition
1Sam.15.13,130,137,133,142,Jehovas,des HERRN,name:genitive
1Sam.15.15,129,135,129,138,Jehova,den HERRN,name:accusative-preposition
1Sam.15.16,34,37,34,38,daß,dass,orthography:wordlist
1Sam.15.16,59,65,60,68,Jehova,der HERR,name:subject-subordinate-clause
1Sam.15.17,112,118,112,116,Jehova,HERR,name:unresolved-case
1Sam.15.18,4,10,4,12,Jehova,der HERR,name:subject-before-finite-verb
1Sam.15.19,31,38,31,40,Jehovas,des HERRN,name:genitive
1Sam.15.19,138,145,140,149,Jehovas,des HERRN,name:genitive
1Sam.15.20,77,84,77,86,Jehovas,des HERRN,name:genitive
1Sam.15.20,130,136,132,137,Jehova,HERRN,name:existing-oblique-article
1Sam.15.21,102,108,102,111,Jehova,den HERRN,name:accusative-preposition
1Sam.15.22,60,66,60,68,Jehova,der HERR,name:subject-after-auxiliary
1Sam.15.22,120,123,122,126,daß,dass,orthography:wordlist
1Sam.15.22,140,147,143,152,Jehovas,des HERRN,name:genitive
1Sam.15.23,127,134,127,136,Jehovas,des HERRN,name:genitive
1Sam.15.23,178,181,180,184,daß,dass,orthography:wordlist
1Sam.15.24,50,53,50,54,daß,dass,orthography:wordlist
1Sam.15.24,69,76,70,79,Jehovas,des HERRN,name:genitive
1Sam.15.25,59,62,59,63,daß,dass,orthography:wordlist
1Sam.15.25,71,77,72,81,Jehova,dem HERRN,name:presence-before-Lord
1Sam.15.26,83,90,83,92,Jehovas,des HERRN,name:genitive
1Sam.15.26,108,114,110,118,Jehova,der HERR,name:subject-before-finite-verb
1Sam.15.26,136,139,140,144,daß,dass,orthography:wordlist
1Sam.15.27,99,102,99,103,riß,riss,orthography:wordlist
1Sam.15.28,26,32,26,34,Jehova,der HERR,name:subject-before-finite-verb
1Sam.15.30,129,132,129,133,daß,dass,orthography:wordlist
1Sam.15.30,141,147,142,151,Jehova,dem HERRN,name:presence-before-Lord
1Sam.15.31,60,66,60,69,Jehova,dem HERRN,name:presence-before-Lord
1Sam.15.33,38,44,38,44,Weiber,Frauen,word:Weib-Frau
1Sam.15.33,93,100,93,99,Weibern,Frauen,word:Weib-Frau
1Sam.15.33,153,159,152,161,Jehova,dem HERRN,name:presence-before-Lord
1Sam.15.35,99,105,99,103,Jehova,HERR,name:unresolved-case
1Sam.15.35,114,117,112,116,daß,dass,orthography:wordlist
1Sam.16.1,4,10,4,12,Jehova,der HERR,name:subject-before-finite-verb
1Sam.16.1,101,104,103,107,daß,dass,orthography:wordlist
1Sam.16.2,87,93,87,95,Jehova,der HERR,name:subject-before-finite-verb
1Sam.16.2,163,169,165,174,Jehova,den HERRN,name:accusative-preposition
1Sam.16.4,39,45,39,47,Jehova,der HERR,name:subject-subordinate-clause
1Sam.16.5,46,52,46,55,Jehova,den HERRN,name:accusative-preposition
1Sam.16.6,61,66,61,67,Gewiß,Gewiss,orthography:wordlist
1Sam.16.6,72,78,73,82,Jehova,dem HERRN,name:presence-before-Lord
1Sam.16.7,5,11,5,13,Jehova,der HERR,name:subject-before-finite-verb
1Sam.16.7,134,140,136,144,Jehova,der HERR,name:subject-before-finite-verb
1Sam.16.7,233,239,237,245,Jehova,der HERR,name:subject-before-finite-verb
1Sam.16.8,95,101,95,103,Jehova,der HERR,name:subject-after-auxiliary
1Sam.16.9,68,74,68,76,Jehova,der HERR,name:subject-after-auxiliary
1Sam.16.10,91,97,91,99,Jehova,der HERR,name:subject-before-finite-verb
1Sam.16.11,187,190,187,191,laß,lass,orthography:wordlist
1Sam.16.12,112,118,112,120,Jehova,der HERR,name:subject-before-finite-verb
1Sam.16.13,83,90,83,92,Jehovas,des HERRN,name:genitive
1Sam.16.14,16,23,16,25,Jehovas,des HERRN,name:genitive
1Sam.16.14,65,71,67,76,Jehova,dem HERRN,name:dative-preposition
1Sam.16.16,64,67,64,68,daß,dass,orthography:wordlist
1Sam.16.18,250,256,250,258,Jehova,der HERR,name:subject-before-finite-verb
1Sam.16.22,47,50,47,51,Laß,Lass,orthography:wordlist
1Sam.17.8,225,228,225,229,daß,dass,orthography:wordlist
1Sam.17.10,113,116,113,117,daß,dass,orthography:wordlist
1Sam.17.26,227,230,227,231,daß,dass,orthography:wordlist
1Sam.17.35,43,49,43,50,entriß,entriss,orthography:wordlist
1Sam.17.37,19,25,19,23,Jehova,HERR,name:unresolved-case
1Sam.17.37,207,213,205,213,Jehova,der HERR,name:subject-before-finite-verb
1Sam.17.43,56,59,56,60,daß,dass,orthography:wordlist
1Sam.17.44,55,58,55,59,daß,dass,orthography:wordlist
1Sam.17.45,160,167,160,169,Jehovas,des HERRN,name:genitive
1Sam.17.46,20,26,20,28,Jehova,der HERR,name:subject-after-auxiliary
1Sam.17.46,291,294,293,297,daß,dass,orthography:wordlist
1Sam.17.47,55,58,55,59,daß,dass,orthography:wordlist
1Sam.17.47,59,65,60,68,Jehova,der HERR,name:subject-subordinate-clause
1Sam.17.47,116,123,119,128,Jehovas,des HERRN,name:genitive
1Sam.17.51,189,192,189,193,daß,dass,orthography:wordlist
1Sam.18.6,105,111,105,111,Weiber,Frauen,word:Weib-Frau
1Sam.18.7,8,14,8,14,Weiber,Frauen,word:Weib-Frau
1Sam.18.12,42,48,42,50,Jehova,der HERR,name:subject-before-finite-verb
1Sam.18.14,50,56,50,58,Jehova,der HERR,name:subject-before-finite-verb
1Sam.18.15,19,22,19,23,daß,dass,orthography:wordlist
1Sam.18.17,109,112,109,112,zum,zur,grammar:Frau-determiner
1Sam.18.17,113,118,113,117,Weibe,Frau,word:Weib-Frau
1Sam.18.17,183,190,182,191,Jehovas,des HERRN,name:genitive
1Sam.18.18,112,115,112,116,daß,dass,orthography:wordlist
1Sam.18.19,136,139,136,139,zum,zur,grammar:Frau-determiner
1Sam.18.19,140,145,140,144,Weibe,Frau,word:Weib-Frau
1Sam.18.21,43,46,43,47,daß,dass,orthography:wordlist
1Sam.18.27,279,282,279,282,zum,zur,grammar:Frau-determiner
1Sam.18.27,283,288,283,287,Weibe,Frau,word:Weib-Frau
1Sam.18.28,29,32,29,33,daß,dass,orthography:wordlist
1Sam.18.28,33,39,34,42,Jehova,der HERR,name:subject-subordinate-clause
1Sam.19.1,74,77,74,78,daß,dass,orthography:wordlist
1Sam.19.5,123,129,123,131,Jehova,der HERR,name:subject-before-finite-verb
1Sam.19.6,69,75,69,77,Jehova,der HERR,name:subject-before-finite-verb
1Sam.19.9,35,41,35,44,Jehova,dem HERRN,name:dative-preposition
1Sam.19.11,106,110,106,111,sein,seine,grammar:Frau-determiner
1Sam.19.11,111,115,112,116,Weib,Frau,word:Weib-Frau
1Sam.19.15,99,102,99,103,daß,dass,orthography:wordlist
1Sam.19.17,100,103,100,104,daß,dass,orthography:wordlist
1Sam.19.17,169,172,170,174,Laß,Lass,orthography:wordlist
1Sam.20.1,167,170,167,171,daß,dass,orthography:wordlist
1Sam.20.2,135,138,135,139,daß,dass,orthography:wordlist
1Sam.20.3,68,71,68,72,daß,dass,orthography:wordlist
1Sam.20.3,223,229,224,232,Jehova,der HERR,name:subject-before-finite-verb
1Sam.20.5,124,127,124,128,laß,lass,orthography:wordlist
1Sam.20.7,101,104,101,105,daß,dass,orthography:wordlist
1Sam.20.8,82,89,82,91,Jehovas,des HERRN,name:genitive
1Sam.20.9,75,78,75,79,daß,dass,orthography:wordlist
1Sam.20.9,126,129,127,131,daß,dass,orthography:wordlist
1Sam.20.11,41,44,41,45,laß,lass,orthography:wordlist
1Sam.20.12,32,38,32,36,Jehova,HERR,name:unresolved-case
1Sam.20.13,34,40,34,38,Jehova,HERR,name:unresolved-case
1Sam.20.13,187,190,185,189,daß,dass,orthography:wordlist
1Sam.20.13,221,227,220,228,Jehova,der HERR,name:subject-before-finite-verb
1Sam.20.14,94,101,94,103,Jehovas,des HERRN,name:genitive
1Sam.20.14,113,116,115,119,daß,dass,orthography:wordlist
1Sam.20.15,85,91,85,93,Jehova,der HERR,name:subject-subordinate-clause
1Sam.20.16,81,87,81,85,Jehova,HERR,name:unresolved-case
1Sam.20.21,250,256,250,258,Jehova,der HERR,name:subject-before-finite-verb
1Sam.20.22,106,112,106,114,Jehova,der HERR,name:subject-before-finite-verb
1Sam.20.23,76,82,76,84,Jehova,der HERR,name:subject-before-finite-verb
1Sam.20.26,121,126,121,127,gewiß,gewiss,orthography:wordlist
1Sam.20.29,0,3,0,4,Laß,Lass,orthography:wordlist
1Sam.20.29,176,179,177,181,laß,lass,orthography:wordlist
1Sam.20.29,197,200,199,203,daß,dass,orthography:wordlist
1Sam.20.30,128,131,128,132,daß,dass,orthography:wordlist
1Sam.20.31,137,140,137,141,laß,lass,orthography:wordlist
1Sam.20.33,79,82,79,83,daß,dass,orthography:wordlist
1Sam.20.39,16,21,16,22,wußte,wusste,orthography:wordlist
1Sam.20.39,58,64,59,66,wußten,wussten,orthography:wordlist
1Sam.20.41,143,149,143,150,küßten,küssten,orthography:wordlist
1Sam.20.42,115,122,115,124,Jehovas,des HERRN,name:genitive
1Sam.20.42,158,164,160,168,Jehova,der HERR,name:subject-before-finite-verb
1Sam.21.5,161,167,161,167,Weiber,Frauen,word:Weib-Frau
1Sam.21.6,65,71,65,71,Weiber,Frauen,word:Weib-Frau
1Sam.21.7,113,119,113,122,Jehova,dem HERRN,name:presence-before-Lord
1Sam.21.8,100,106,100,109,Jehova,dem HERRN,name:presence-before-Lord
1Sam.21.16,30,33,30,34,daß,dass,orthography:wordlist
1Sam.22.3,87,90,87,91,Laß,Lass,orthography:wordlist
1Sam.22.6,31,34,31,35,daß,dass,orthography:wordlist
1Sam.22.8,0,3,0,4,daß,dass,orthography:wordlist
1Sam.22.8,220,223,221,225,daß,dass,orthography:wordlist
1Sam.22.10,16,22,16,25,Jehova,den HERRN,name:accusative-verb
1Sam.22.15,220,226,220,227,gewußt,gewusst,orthography:wordlist
1Sam.22.16,27,31,27,32,mußt,musst,orthography:wordlist
1Sam.22.16,33,42,34,44,gewißlich,gewisslich,orthography:wordlist
1Sam.22.17,97,104,97,106,Jehovas,des HERRN,name:genitive
1Sam.22.17,158,164,160,167,wußten,wussten,orthography:wordlist
1Sam.22.17,166,169,169,173,daß,dass,orthography:wordlist
1Sam.22.17,311,318,315,324,Jehovas,des HERRN,name:genitive
1Sam.22.19,95,98,95,98,zum,zur,grammar:Frau-determiner
1Sam.22.19,99,104,99,103,Weibe,Frau,word:Weib-Frau
1Sam.22.21,33,36,33,37,daß,dass,orthography:wordlist
1Sam.22.21,56,63,57,66,Jehovas,des HERRN,name:genitive
1Sam.22.22,35,40,35,41,wußte,wusste,orthography:wordlist
1Sam.22.22,99,102,100,104,daß,dass,orthography:wordlist
1Sam.23.2,20,26,20,29,Jehova,den HERRN,name:accusative-verb
1Sam.23.2,96,102,99,107,Jehova,der HERR,name:subject-before-finite-verb
1Sam.23.4,28,34,28,32,Jehova,HERR,name:unresolved-case
1Sam.23.4,41,47,39,47,Jehova,der HERR,name:subject-before-finite-verb
1Sam.23.7,30,33,30,34,daß,dass,orthography:wordlist
1Sam.23.9,23,26,23,27,daß,dass,orthography:wordlist
1Sam.23.10,19,25,19,23,Jehova,HERR,name:unresolved-case
1Sam.23.10,64,69,62,68,gewiß,gewiss,orthography:wordlist
1Sam.23.10,79,82,78,82,daß,dass,orthography:wordlist
1Sam.23.11,131,137,131,135,Jehova,HERR,name:unresolved-case
1Sam.23.11,193,199,191,199,Jehova,der HERR,name:subject-before-finite-verb
1Sam.23.12,105,111,105,113,Jehova,der HERR,name:subject-before-finite-verb
1Sam.23.13,170,173,170,174,daß,dass,orthography:wordlist
1Sam.23.15,16,19,16,20,daß,dass,orthography:wordlist
1Sam.23.18,40,46,40,49,Jehova,dem HERRN,name:presence-before-Lord
1Sam.23.21,42,48,42,51,Jehova,dem HERRN,name:dative-preposition
1Sam.23.21,51,54,54,58,daß,dass,orthography:wordlist
1Sam.24.5,77,83,77,85,Jehova,der HERR,name:subject-subordinate-clause
1Sam.24.6,65,68,65,69,daß,dass,orthography:wordlist
1Sam.24.7,0,6,0,4,Jehova,HERR,name:unresolved-case
1Sam.24.7,37,40,35,39,daß,dass,orthography:wordlist
1Sam.24.7,88,95,87,96,Jehovas,des HERRN,name:genitive
1Sam.24.7,174,181,175,184,Jehovas,des HERRN,name:genitive
1Sam.24.11,61,64,61,65,daß,dass,orthography:wordlist
1Sam.24.11,65,71,66,74,Jehova,der HERR,name:subject-subordinate-clause
1Sam.24.11,302,309,305,314,Jehovas,des HERRN,name:genitive
1Sam.24.12,105,108,105,109,daß,dass,orthography:wordlist
1Sam.24.12,215,218,216,220,daß,dass,orthography:wordlist
1Sam.24.12,277,280,279,283,daß,dass,orthography:wordlist
1Sam.24.13,9,15,9,17,Jehova,Der HERR,name:subject-before-finite-verb
1Sam.24.13,59,65,61,65,Jehova,HERR,name:unresolved-case
1Sam.24.16,12,18,12,16,Jehova,HERR,name:unresolved-case
1Sam.24.19,29,32,29,33,daß,dass,orthography:wordlist
1Sam.24.19,66,72,67,71,Jehova,HERR,name:unresolved-case
1Sam.24.20,97,103,97,105,Jehova,der HERR,name:subject-after-auxiliary
1Sam.24.21,26,29,26,30,daß,dass,orthography:wordlist
1Sam.24.21,33,42,34,44,gewißlich,gewisslich,orthography:wordlist
1Sam.24.21,68,71,70,74,daß,dass,orthography:wordlist
1Sam.24.22,24,30,24,33,Jehova,dem HERRN,name:dative-preposition
1Sam.24.22,33,36,36,40,daß,dass,orthography:wordlist
1Sam.25.3,62,68,62,68,seines,seiner,grammar:Frau-determiner
1Sam.25.3,69,75,69,73,Weibes,Frau,word:Weib-Frau
1Sam.25.3,90,93,88,91,das,die,grammar:Frau-determiner
1Sam.25.3,94,98,92,96,Weib,Frau,word:Weib-Frau
1Sam.25.4,32,35,32,36,daß,dass,orthography:wordlist
1Sam.25.7,27,30,27,31,daß,dass,orthography:wordlist
1Sam.25.7,177,184,178,186,vermißt,vermisst,orthography:wordlist
1Sam.25.14,74,77,74,77,dem,der,grammar:Frau-determiner
1Sam.25.14,78,83,78,82,Weibe,Frau,word:Weib-Frau
1Sam.25.15,132,139,132,140,vermißt,vermisst,orthography:wordlist
1Sam.25.17,170,173,170,174,daß,dass,orthography:wordlist
1Sam.25.21,124,127,124,128,daß,dass,orthography:wordlist
1Sam.25.21,148,155,149,157,vermißt,vermisst,orthography:wordlist
1Sam.25.24,88,91,88,92,laß,lass,orthography:wordlist
1Sam.25.26,29,35,29,37,Jehova,der HERR,name:subject-before-finite-verb
1Sam.25.26,65,71,67,75,Jehova,der HERR,name:subject-before-finite-verb
1Sam.25.26,124,127,128,132,daß,dass,orthography:wordlist
1Sam.25.28,54,63,54,64,gewißlich,gewisslich,orthography:wordlist
1Sam.25.28,69,75,70,78,Jehova,der HERR,name:subject-after-auxiliary
1Sam.25.28,148,155,151,160,Jehovas,des HERRN,name:genitive
1Sam.25.29,175,181,175,184,Jehova,dem HERRN,name:dative-preposition
1Sam.25.30,28,34,28,36,Jehova,der HERR,name:subject-subordinate-clause
1Sam.25.31,87,90,87,91,daß,dass,orthography:wordlist
1Sam.25.31,137,140,138,142,daß,dass,orthography:wordlist
1Sam.25.31,195,201,197,205,Jehova,der HERR,name:subject-subordinate-clause
1Sam.25.32,72,78,72,80,Jehova,der HERR,name:subject-after-auxiliary
1Sam.25.33,57,60,57,61,daß,dass,orthography:wordlist
1Sam.25.34,20,26,20,28,Jehova,der HERR,name:subject-before-finite-verb
1Sam.25.37,90,94,90,95,sein,seine,grammar:Frau-determiner
1Sam.25.37,95,99,96,100,Weib,Frau,word:Weib-Frau
1Sam.25.38,54,60,54,58,Jehova,HERR,name:unresolved-case
1Sam.25.39,32,35,32,36,daß,dass,orthography:wordlist
1Sam.25.39,85,91,86,94,Jehova,der HERR,name:subject-after-auxiliary
1Sam.25.39,232,238,235,243,Jehova,der HERR,name:subject-after-auxiliary
1Sam.25.39,336,339,341,344,zum,zur,grammar:Frau-determiner
1Sam.25.39,340,345,345,349,Weibe,Frau,word:Weib-Frau
1Sam.25.40,138,144,138,144,seinem,seiner,grammar:Frau-determiner
1Sam.25.40,145,150,145,149,Weibe,Frau,word:Weib-Frau
1Sam.25.42,166,170,166,171,sein,seine,grammar:Frau-determiner
1Sam.25.42,171,175,172,176,Weib,Frau,word:Weib-Frau
1Sam.25.43,90,96,90,96,Weiber,Frauen,word:Weib-Frau
1Sam.25.44,49,52,49,52,das,die,grammar:Frau-determiner
1Sam.25.44,53,57,53,57,Weib,Frau,word:Weib-Frau
1Sam.26.3,153,156,153,157,daß,dass,orthography:wordlist
1Sam.26.4,54,63,54,64,Gewißheit,Gewissheit,orthography:wordlist
1Sam.26.4,65,68,66,70,daß,dass,orthography:wordlist
1Sam.26.8,138,141,138,142,laß,lass,orthography:wordlist
1Sam.26.9,103,110,103,112,Jehovas,des HERRN,name:genitive
1Sam.26.10,27,33,27,35,Jehova,der HERR,name:subject-before-finite-verb
1Sam.26.10,52,58,54,58,Jehova,HERR,name:unresolved-case
1Sam.26.10,87,90,87,91,daß,dass,orthography:wordlist
1Sam.26.10,108,111,109,113,daß,dass,orthography:wordlist
1Sam.26.10,129,132,131,135,daß,dass,orthography:wordlist
1Sam.26.11,0,6,0,4,Jehova,HERR,name:unresolved-case
1Sam.26.11,36,39,34,38,daß,dass,orthography:wordlist
1Sam.26.11,76,83,75,84,Jehovas,des HERRN,name:genitive
1Sam.26.11,182,185,183,187,laß,lass,orthography:wordlist
1Sam.26.12,249,255,249,258,Jehova,dem HERRN,name:dative-preposition
1Sam.26.16,57,63,57,65,Jehova,der HERR,name:subject-before-finite-verb
1Sam.26.16,167,174,169,178,Jehovas,des HERRN,name:genitive
1Sam.26.19,91,97,91,99,Jehova,der HERR,name:subject-subordinate-clause
1Sam.26.19,223,229,225,234,Jehova,dem HERRN,name:presence-before-Lord
1Sam.26.19,271,274,276,280,daß,dass,orthography:wordlist
1Sam.26.19,297,304,303,312,Jehovas,des HERRN,name:genitive
1Sam.26.20,70,77,70,79,Jehovas,des HERRN,name:genitive
1Sam.26.21,119,122,119,123,daß,dass,orthography:wordlist
1Sam.26.23,14,20,14,22,Jehova,der HERR,name:subject-before-finite-verb
1Sam.26.23,92,98,94,102,Jehova,der HERR,name:subject-before-finite-verb
1Sam.26.23,210,217,214,223,Jehovas,des HERRN,name:genitive
1Sam.26.24,143,150,143,152,Jehovas,des HERRN,name:genitive
1Sam.27.1,124,127,124,128,daß,dass,orthography:wordlist
1Sam.27.3,115,121,115,121,Weiber,Frauen,word:Weib-Frau
1Sam.27.3,165,168,165,168,das,die,grammar:Frau-determiner
1Sam.27.3,169,173,169,173,Weib,Frau,word:Weib-Frau
1Sam.27.4,30,33,30,34,daß,dass,orthography:wordlist
1Sam.27.5,150,153,150,154,daß,dass,orthography:wordlist
1Sam.27.9,54,58,54,58,Weib,Frau,word:Weib-Frau
1Sam.27.11,33,37,33,37,Weib,Frau,word:Weib-Frau
1Sam.27.11,98,101,98,102,Daß,Dass,orthography:wordlist
1Sam.28.1,165,168,165,169,daß,dass,orthography:wordlist
1Sam.28.6,19,25,19,28,Jehova,den HERRN,name:accusative-verb
1Sam.28.6,33,39,36,44,Jehova,der HERR,name:subject-before-finite-verb
1Sam.28.7,49,52,49,53,ein,eine,grammar:Frau-determiner
1Sam.28.7,53,57,54,58,Weib,Frau,word:Weib-Frau
1Sam.28.7,60,63,61,64,das,die,grammar:Frau-relative
1Sam.28.7,195,198,196,200,ein,eine,grammar:Frau-determiner
1Sam.28.7,199,203,201,205,Weib,Frau,word:Weib-Frau
1Sam.28.7,206,209,208,211,das,die,grammar:Frau-relative
1Sam.28.8,117,120,117,120,dem,der,grammar:Frau-determiner
1Sam.28.8,121,126,121,125,Weibe,Frau,word:Weib-Frau
1Sam.28.9,5,8,5,8,das,die,grammar:Frau-determiner
1Sam.28.9,9,13,9,13,Weib,Frau,word:Weib-Frau
1Sam.28.9,72,75,72,76,daß,dass,orthography:wordlist
1Sam.28.10,25,31,25,34,Jehova,dem HERRN,name:dative-preposition
1Sam.28.10,54,60,57,65,Jehova,der HERR,name:subject-before-finite-verb
1Sam.28.11,29,32,29,32,das,die,grammar:Frau-determiner
1Sam.28.11,33,37,33,37,Weib,Frau,word:Weib-Frau
1Sam.28.12,18,21,18,21,das,die,grammar:Frau-determiner
1Sam.28.12,22,26,22,26,Weib,Frau,word:Weib-Frau
1Sam.28.12,78,81,78,81,das,die,grammar:Frau-determiner
1Sam.28.12,82,86,82,86,Weib,Frau,word:Weib-Frau
1Sam.28.13,77,80,77,80,das,die,grammar:Frau-determiner
1Sam.28.13,81,85,81,85,Weib,Frau,word:Weib-Frau
1Sam.28.14,153,156,153,157,daß,dass,orthography:wordlist
1Sam.28.16,51,57,51,55,Jehova,HERR,name:unresolved-case
1Sam.28.17,4,10,4,12,Jehova,der HERR,name:subject-before-finite-verb
1Sam.28.17,73,79,75,83,Jehova,der HERR,name:subject-before-finite-verb
1Sam.28.18,20,27,20,29,Jehovas,des HERRN,name:genitive
1Sam.28.18,110,116,112,120,Jehova,der HERR,name:subject-after-auxiliary
1Sam.28.19,4,10,4,12,Jehova,der HERR,name:subject-before-finite-verb
1Sam.28.19,160,166,162,170,Jehova,der HERR,name:subject-after-auxiliary
1Sam.28.21,4,7,4,7,das,die,grammar:Frau-determiner
1Sam.28.21,8,12,8,12,Weib,Frau,word:Weib-Frau
1Sam.28.21,38,41,38,42,daß,dass,orthography:wordlist
1Sam.28.22,72,75,72,76,laß,lass,orthography:wordlist
1Sam.28.22,119,121,120,123,iß,iss,orthography:wordlist
1Sam.28.22,124,127,126,130,daß,dass,orthography:wordlist
1Sam.28.23,94,97,94,97,das,die,grammar:Frau-determiner
1Sam.28.23,98,102,98,102,Weib,Frau,word:Weib-Frau
1Sam.28.24,14,17,14,17,das,die,grammar:Frau-determiner
1Sam.28.24,18,22,18,22,Weib,Frau,word:Weib-Frau
1Sam.29.4,133,136,133,137,daß,dass,orthography:wordlist
1Sam.29.4,203,206,204,208,daß,dass,orthography:wordlist
1Sam.29.6,50,56,50,58,Jehova,der HERR,name:subject-before-finite-verb
1Sam.29.8,166,169,166,170,daß,dass,orthography:wordlist
1Sam.29.11,57,60,57,61,daß,dass,orthography:wordlist
1Sam.30.2,19,25,19,25,Weiber,Frauen,word:Weib-Frau
1Sam.30.3,119,125,119,125,Weiber,Frauen,word:Weib-Frau
1Sam.30.5,20,26,20,26,Weiber,Frauen,word:Weib-Frau
1Sam.30.5,104,107,104,107,das,die,grammar:Frau-determiner
1Sam.30.5,108,112,108,112,Weib,Frau,word:Weib-Frau
1Sam.30.6,213,219,213,222,Jehova,dem HERRN,name:dative-in-Lord
1Sam.30.8,20,26,20,29,Jehova,den HERRN,name:accusative-verb
1Sam.30.8,156,165,159,169,gewißlich,gewisslich,orthography:wordlist
1Sam.30.8,186,195,190,200,gewißlich,gewisslich,orthography:wordlist
1Sam.30.15,111,114,111,115,daß,dass,orthography:wordlist
1Sam.30.18,101,107,101,107,Weiber,Frauen,word:Weib-Frau
1Sam.30.22,125,128,125,129,daß,dass,orthography:wordlist
1Sam.30.22,257,261,258,263,sein,seine,grammar:Frau-determiner
1Sam.30.22,262,266,264,268,Weib,Frau,word:Weib-Frau
1Sam.30.22,287,290,289,293,daß,dass,orthography:wordlist
1Sam.30.23,65,71,65,73,Jehova,der HERR,name:subject-subordinate-clause
1Sam.30.26,169,176,169,178,Jehovas,des HERRN,name:genitive
1Sam.31.4,87,90,87,91,daß,dass,orthography:wordlist
1Sam.31.4,158,168,159,170,mißhandeln,misshandeln,orthography:wordlist
1Sam.31.5,42,45,42,46,daß,dass,orthography:wordlist
1Sam.31.7,98,101,98,102,daß,dass,orthography:wordlist
1Sam.31.7,140,143,141,145,daß,dass,orthography:wordlist
2Sam.1.5,71,74,71,75,daß,dass,orthography:wordlist
2Sam.1.10,49,54,49,55,wußte,wusste,orthography:wordlist
2Sam.1.10,57,60,58,62,daß,dass,orthography:wordlist
2Sam.1.11,3,8,3,9,faßte,fasste,orthography:wordlist
2Sam.1.11,35,41,36,43,zerriß,zerriss,orthography:wordlist
2Sam.1.12,115,122,115,124,Jehovas,des HERRN,name:genitive
2Sam.1.14,133,140,133,142,Jehovas,des HERRN,name:genitive
2Sam.1.16,139,146,139,148,Jehovas,des HERRN,name:genitive
2Sam.1.18,16,19,16,20,daß,dass,orthography:wordlist
2Sam.1.20,87,90,87,91,daß,dass,orthography:wordlist
2Sam.1.20,139,142,140,144,daß,dass,orthography:wordlist
2Sam.2.1,42,48,42,46,Jehova,HERR,name:unresolved-case
2Sam.2.1,118,124,116,124,Jehova,der HERR,name:subject-before-finite-verb
2Sam.2.2,48,54,48,54,Weiber,Frauen,word:Weib-Frau
2Sam.2.2,98,101,98,101,das,die,grammar:Frau-determiner
2Sam.2.2,102,106,102,106,Weib,Frau,word:Weib-Frau
2Sam.2.5,105,111,105,114,Jehova,dem HERRN,name:dative-preposition
2Sam.2.5,114,117,117,121,daß,dass,orthography:wordlist
2Sam.2.6,29,35,29,33,Jehova,HERR,name:unresolved-case
2Sam.2.14,27,30,27,31,Laß,Lass,orthography:wordlist
2Sam.2.23,107,110,107,111,daß,dass,orthography:wordlist
2Sam.2.26,128,131,128,132,daß,dass,orthography:wordlist
2Sam.2.30,142,149,142,150,vermißt,vermisst,orthography:wordlist
2Sam.3.3,39,42,39,42,dem,der,grammar:Frau-determiner
2Sam.3.3,43,48,43,47,Weibe,Frau,word:Weib-Frau
2Sam.3.5,38,41,38,41,dem,der,grammar:Frau-determiner
2Sam.3.5,42,47,42,46,Weibe,Frau,word:Weib-Frau
2Sam.3.8,314,320,314,320,diesem,dieser,grammar:Frau-determiner
2Sam.3.8,321,326,321,325,Weibe,Frau,word:Weib-Frau
2Sam.3.9,68,74,68,76,Jehova,der HERR,name:subject-subordinate-clause
2Sam.3.14,96,100,96,101,mein,meine,grammar:Frau-determiner
2Sam.3.14,101,105,102,106,Weib,Frau,word:Weib-Frau
2Sam.3.18,21,27,21,29,Jehova,der HERR,name:subject-before-finite-verb
2Sam.3.21,127,130,127,131,daß,dass,orthography:wordlist
2Sam.3.24,126,129,126,130,daß,dass,orthography:wordlist
2Sam.3.25,34,37,34,38,daß,dass,orthography:wordlist
2Sam.3.26,131,136,131,137,wußte,wusste,orthography:wordlist
2Sam.3.27,161,164,161,165,daß,dass,orthography:wordlist
2Sam.3.28,112,118,112,121,Jehova,dem HERRN,name:presence-before-Lord
2Sam.3.33,65,70,65,71,Mußte,Musste,orthography:wordlist
2Sam.3.35,43,46,43,47,daß,dass,orthography:wordlist
2Sam.3.37,63,66,63,67,daß,dass,orthography:wordlist
2Sam.3.38,62,65,62,66,daß,dass,orthography:wordlist
2Sam.3.39,124,130,124,128,Jehova,HERR,name:unresolved-case
2Sam.4.1,31,34,31,35,daß,dass,orthography:wordlist
2Sam.4.4,260,263,260,264,daß,dass,orthography:wordlist
2Sam.4.8,202,208,202,210,Jehova,der HERR,name:subject-after-auxiliary
2Sam.4.9,126,132,126,134,Jehova,der HERR,name:subject-before-finite-verb
2Sam.4.11,0,7,0,8,wieviel,wie viel,orthography:wordlist
2Sam.5.2,101,107,101,109,Jehova,der HERR,name:subject-before-finite-verb
2Sam.5.3,127,133,127,136,Jehova,dem HERRN,name:presence-before-Lord
2Sam.5.8,165,172,165,173,verhaßt,verhasst,orthography:wordlist
2Sam.5.10,58,64,58,62,Jehova,HERR,name:unresolved-case
2Sam.5.12,48,51,48,52,daß,dass,orthography:wordlist
2Sam.5.12,52,58,53,61,Jehova,der HERR,name:subject-subordinate-clause
2Sam.5.12,103,106,106,110,daß,dass,orthography:wordlist
2Sam.5.13,37,43,37,43,Weiber,Frauen,word:Weib-Frau
2Sam.5.17,31,34,31,35,daß,dass,orthography:wordlist
2Sam.5.19,20,26,20,29,Jehova,den HERRN,name:accusative-verb
2Sam.5.19,125,131,128,136,Jehova,der HERR,name:subject-before-finite-verb
2Sam.5.19,196,205,201,211,gewißlich,gewisslich,orthography:wordlist
2Sam.5.20,82,88,82,90,Jehova,der HERR,name:subject-before-finite-verb
2Sam.5.23,38,44,38,47,Jehova,den HERRN,name:accusative-verb
2Sam.5.23,128,131,131,135,daß,dass,orthography:wordlist
2Sam.5.24,135,141,135,143,Jehova,der HERR,name:subject-after-auxiliary
2Sam.5.25,25,31,25,33,Jehova,der HERR,name:subject-subordinate-clause
2Sam.6.2,176,183,176,185,Jehovas,des HERRN,name:genitive
2Sam.6.5,78,84,78,87,Jehova,dem HERRN,name:presence-before-Lord
2Sam.6.6,80,85,80,86,faßte,fasste,orthography:wordlist
2Sam.6.7,23,30,23,32,Jehovas,des HERRN,name:genitive
2Sam.6.8,31,34,31,35,daß,dass,orthography:wordlist
2Sam.6.8,35,41,36,44,Jehova,der HERR,name:subject-subordinate-clause
2Sam.6.9,57,63,57,66,Jehova,dem HERRN,name:presence-before-Lord
2Sam.6.9,113,120,116,125,Jehovas,des HERRN,name:genitive
2Sam.6.10,27,34,27,36,Jehovas,des HERRN,name:genitive
2Sam.6.11,24,31,24,33,Jehovas,des HERRN,name:genitive
2Sam.6.11,100,106,102,110,Jehova,der HERR,name:subject-before-finite-verb
2Sam.6.12,63,69,63,71,Jehova,der HERR,name:subject-before-finite-verb
2Sam.6.13,51,58,51,60,Jehovas,des HERRN,name:genitive
2Sam.6.14,65,71,65,74,Jehova,dem HERRN,name:presence-before-Lord
2Sam.6.15,74,81,74,83,Jehovas,des HERRN,name:genitive
2Sam.6.16,40,47,40,49,Jehovas,des HERRN,name:genitive
2Sam.6.16,165,171,167,176,Jehova,dem HERRN,name:presence-before-Lord
2Sam.6.17,37,44,37,46,Jehovas,des HERRN,name:genitive
2Sam.6.17,201,207,203,212,Jehova,dem HERRN,name:presence-before-Lord
2Sam.6.18,114,121,114,123,Jehovas,des HERRN,name:genitive
2Sam.6.19,81,84,81,84,zum,zur,grammar:Frau-determiner
2Sam.6.19,85,90,85,89,Weibe,Frau,word:Weib-Frau
2Sam.6.21,34,40,34,43,Jehova,dem HERRN,name:presence-before-Lord
2Sam.6.21,160,167,163,172,Jehovas,des HERRN,name:genitive
2Sam.6.21,191,197,196,205,Jehova,dem HERRN,name:presence-before-Lord
2Sam.7.1,70,76,70,74,Jehova,HERR,name:unresolved-case
2Sam.7.3,86,92,86,94,Jehova,der HERR,name:subject-before-finite-verb
2Sam.7.4,65,72,65,74,Jehovas,des HERRN,name:genitive
2Sam.7.5,73,79,73,81,Jehova,der HERR,name:subject-after-speech-verb
2Sam.7.8,67,73,67,75,Jehova,der HERR,name:subject-after-speech-verb
2Sam.7.8,159,162,161,165,daß,dass,orthography:wordlist
2Sam.7.10,86,89,86,90,daß,dass,orthography:wordlist
2Sam.7.11,150,156,150,158,Jehova,der HERR,name:subject-before-finite-verb
2Sam.7.11,172,175,174,178,daß,dass,orthography:wordlist
2Sam.7.11,176,182,179,187,Jehova,der HERR,name:subject-subordinate-clause
2Sam.7.14,57,60,57,61,daß,dass,orthography:wordlist
2Sam.7.18,53,59,53,62,Jehova,dem HERRN,name:presence-before-Lord
2Sam.7.18,100,106,103,107,Jehova,HERR,name:unresolved-case
2Sam.7.18,132,135,133,137,daß,dass,orthography:wordlist
2Sam.7.19,64,70,64,68,Jehova,HERR,name:unresolved-case
2Sam.7.19,194,200,192,196,Jehova,HERR,name:terminal-direct-address
2Sam.7.20,86,92,86,90,Jehova,HERR,name:terminal-direct-address
2Sam.7.22,20,26,20,24,Jehova,HERR,name:unresolved-case
2Sam.7.24,90,96,90,94,Jehova,HERR,name:direct-address
2Sam.7.25,9,15,9,13,Jehova,HERR,name:unresolved-case
2Sam.7.26,45,48,45,49,daß,dass,orthography:wordlist
2Sam.7.26,62,68,63,67,Jehova,HERR,name:unresolved-case
2Sam.7.27,9,15,9,13,Jehova,HERR,name:direct-address
2Sam.7.27,174,180,172,179,gefaßt,gefasst,orthography:wordlist
2Sam.7.28,16,22,16,20,Jehova,HERR,name:direct-address-pronoun
2Sam.7.29,3,6,3,7,laß,lass,orthography:wordlist
2Sam.7.29,65,68,66,70,daß,dass,orthography:wordlist
2Sam.7.29,112,118,114,118,Jehova,HERR,name:unresolved-case
2Sam.8.2,60,69,60,70,Meßschnur,Messschnur,orthography:wordlist
2Sam.8.2,127,137,128,139,Meßschnüre,Messschnüre,orthography:wordlist
2Sam.8.2,171,180,173,183,Meßschnur,Messschnur,orthography:wordlist
2Sam.8.6,161,167,161,169,Jehova,der HERR,name:subject-before-finite-verb
2Sam.8.9,55,58,55,59,daß,dass,orthography:wordlist
2Sam.8.10,132,135,132,136,daß,dass,orthography:wordlist
2Sam.8.11,42,48,42,47,Jehova,HERRN,name:existing-oblique-article
2Sam.8.14,123,129,123,131,Jehova,der HERR,name:subject-before-finite-verb
2Sam.9.1,108,111,108,112,daß,dass,orthography:wordlist
2Sam.9.3,62,65,62,66,daß,dass,orthography:wordlist
2Sam.9.7,62,71,62,72,gewißlich,gewisslich,orthography:wordlist
2Sam.9.8,62,65,62,66,daß,dass,orthography:wordlist
2Sam.10.3,118,121,118,122,daß,dass,orthography:wordlist
2Sam.10.6,33,36,33,37,daß,dass,orthography:wordlist
2Sam.10.9,19,22,19,23,daß,dass,orthography:wordlist
2Sam.10.12,15,18,15,19,laß,lass,orthography:wordlist
2Sam.10.12,92,98,93,101,Jehova,der HERR,name:subject-before-finite-verb
2Sam.10.14,33,36,33,37,daß,dass,orthography:wordlist
2Sam.10.15,26,29,26,30,daß,dass,orthography:wordlist
2Sam.10.19,68,71,68,72,daß,dass,orthography:wordlist
2Sam.11.2,122,125,122,126,daß,dass,orthography:wordlist
2Sam.11.2,151,154,152,156,ein,eine,grammar:Frau-determiner
2Sam.11.2,155,159,157,161,Weib,Frau,word:Weib-Frau
2Sam.11.2,182,185,184,187,das,die,grammar:Frau-determiner
2Sam.11.2,186,190,188,192,Weib,Frau,word:Weib-Frau
2Sam.11.3,48,51,48,51,dem,der,grammar:Frau-determiner
2Sam.11.3,52,57,52,56,Weibe,Frau,word:Weib-Frau
2Sam.11.3,122,125,121,124,das,die,grammar:Frau-determiner
2Sam.11.3,126,130,125,129,Weib,Frau,word:Weib-Frau
2Sam.11.5,4,7,4,7,das,die,grammar:Frau-determiner
2Sam.11.5,8,12,8,12,Weib,Frau,word:Weib-Frau
2Sam.11.11,233,239,233,239,meinem,meiner,grammar:Frau-determiner
2Sam.11.11,240,245,240,244,Weibe,Frau,word:Weib-Frau
2Sam.11.15,128,131,128,132,daß,dass,orthography:wordlist
2Sam.11.16,46,55,46,56,einschloß,einschloss,orthography:wordlist
2Sam.11.16,102,107,103,109,wußte,wusste,orthography:wordlist
2Sam.11.16,110,113,112,116,daß,dass,orthography:wordlist
2Sam.11.20,138,144,138,145,Wußtet,Wusstet,orthography:wordlist
2Sam.11.20,157,160,158,162,daß,dass,orthography:wordlist
2Sam.11.21,68,71,68,72,ein,eine,grammar:Frau-determiner
2Sam.11.21,72,76,73,77,Weib,Frau,word:Weib-Frau
2Sam.11.21,142,145,143,147,daß,dass,orthography:wordlist
2Sam.11.25,62,65,62,66,Laß,Lass,orthography:wordlist
2Sam.11.25,131,136,132,138,frißt,frisst,orthography:wordlist
2Sam.11.26,8,11,8,11,das,die,grammar:Frau-determiner
2Sam.11.26,12,16,12,16,Weib,Frau,word:Weib-Frau
2Sam.11.26,33,36,33,37,daß,dass,orthography:wordlist
2Sam.11.27,94,98,94,99,sein,seine,grammar:Frau-determiner
2Sam.11.27,99,103,100,104,Weib,Frau,word:Weib-Frau
2Sam.11.27,198,205,199,208,Jehovas,des HERRN,name:genitive
2Sam.12.1,4,10,4,12,Jehova,der HERR,name:subject-before-finite-verb
2Sam.12.5,88,94,88,96,Jehova,der HERR,name:subject-before-finite-verb
2Sam.12.6,51,54,51,55,daß,dass,orthography:wordlist
2Sam.12.7,60,66,60,68,Jehova,der HERR,name:subject-after-speech-verb
2Sam.12.8,57,63,57,63,Weiber,Frauen,word:Weib-Frau
2Sam.12.9,23,30,23,32,Jehovas,des HERRN,name:genitive
2Sam.12.9,157,161,159,164,sein,seine,grammar:Frau-determiner
2Sam.12.9,162,166,165,169,Weib,Frau,word:Weib-Frau
2Sam.12.9,180,183,183,186,zum,zur,grammar:Frau-determiner
2Sam.12.9,184,189,187,191,Weibe,Frau,word:Weib-Frau
2Sam.12.10,80,83,80,84,daß,dass,orthography:wordlist
2Sam.12.10,108,111,109,112,das,die,grammar:Frau-determiner
2Sam.12.10,112,116,113,117,Weib,Frau,word:Weib-Frau
2Sam.12.10,158,161,159,163,daß,dass,orthography:wordlist
2Sam.12.10,171,174,173,176,zum,zur,grammar:Frau-determiner
2Sam.12.10,175,180,177,181,Weibe,Frau,word:Weib-Frau
2Sam.12.11,11,17,11,19,Jehova,der HERR,name:subject-after-speech-verb
2Sam.12.11,102,108,104,110,Weiber,Frauen,word:Weib-Frau
2Sam.12.11,167,170,169,173,daß,dass,orthography:wordlist
2Sam.12.11,186,193,189,195,Weibern,Frauen,word:Weib-Frau
2Sam.12.13,44,50,44,53,Jehova,den HERRN,name:accusative-preposition
2Sam.12.13,105,111,108,112,Jehova,HERR,name:unresolved-case
2Sam.12.14,34,41,34,43,Jehovas,des HERRN,name:genitive
2Sam.12.14,62,67,64,70,Anlaß,Anlass,orthography:wordlist
2Sam.12.14,143,152,146,156,gewißlich,gewisslich,orthography:wordlist
2Sam.12.15,41,47,41,49,Jehova,der HERR,name:subject-before-finite-verb
2Sam.12.15,75,78,77,80,das,die,grammar:Frau-determiner
2Sam.12.15,79,83,81,85,Weib,Frau,word:Weib-Frau
2Sam.12.18,114,117,114,118,daß,dass,orthography:wordlist
2Sam.12.19,16,19,16,20,daß,dass,orthography:wordlist
2Sam.12.19,72,75,73,77,daß,dass,orthography:wordlist
2Sam.12.20,112,119,112,121,Jehovas,des HERRN,name:genitive
2Sam.12.20,177,180,179,183,daß,dass,orthography:wordlist
2Sam.12.22,106,112,106,114,Jehova,der HERR,name:subject-subordinate-clause
2Sam.12.22,144,147,146,150,daß,dass,orthography:wordlist
2Sam.12.24,57,61,57,62,sein,seine,grammar:Frau-determiner
2Sam.12.24,62,66,63,67,Weib,Frau,word:Weib-Frau
2Sam.12.25,4,10,4,8,Jehova,HERR,name:unresolved-case
2Sam.12.25,106,113,104,113,Jehovas,des HERRN,name:genitive
2Sam.12.28,80,83,80,84,daß,dass,orthography:wordlist
2Sam.13.5,141,144,141,145,Laß,Lass,orthography:wordlist
2Sam.13.6,122,125,122,126,Laß,Lass,orthography:wordlist
2Sam.13.6,206,209,207,211,daß,dass,orthography:wordlist
2Sam.13.9,112,116,112,117,Laßt,Lasst,orthography:wordlist
2Sam.13.10,68,71,68,72,daß,dass,orthography:wordlist
2Sam.13.15,11,16,11,17,haßte,hasste,orthography:wordlist
2Sam.13.15,60,63,61,65,Haß,Hass,orthography:wordlist
2Sam.13.15,79,84,81,87,haßte,hasste,orthography:wordlist
2Sam.13.19,40,46,40,47,zerriß,zerriss,orthography:wordlist
2Sam.13.22,71,76,71,77,haßte,hasste,orthography:wordlist
2Sam.13.22,91,94,92,96,daß,dass,orthography:wordlist
2Sam.13.25,60,63,60,64,Laß,Lass,orthography:wordlist
2Sam.13.25,96,99,97,101,daß,dass,orthography:wordlist
2Sam.13.26,35,38,35,39,laß,lass,orthography:wordlist
2Sam.13.31,28,34,28,35,zerriß,zerriss,orthography:wordlist
2Sam.13.32,205,213,205,214,Beschluß,Beschluss,orthography:wordlist
2Sam.13.33,67,70,67,71,daß,dass,orthography:wordlist
2Sam.13.39,105,108,105,109,daß,dass,orthography:wordlist
2Sam.14.1,43,46,43,47,daß,dass,orthography:wordlist
2Sam.14.2,48,51,48,52,ein,eine,grammar:Frau-determiner
2Sam.14.2,52,58,53,58,kluges,kluge,grammar:Frau-adjective
2Sam.14.2,59,63,59,63,Weib,Frau,word:Weib-Frau
2Sam.14.2,193,196,193,197,ein,eine,grammar:Frau-determiner
2Sam.14.2,197,201,198,202,Weib,Frau,word:Weib-Frau
2Sam.14.2,204,207,205,208,das,die,grammar:Frau-relative
2Sam.14.4,4,7,4,7,das,die,grammar:Frau-determiner
2Sam.14.4,20,24,20,24,Weib,Frau,word:Weib-Frau
2Sam.14.7,140,143,140,144,daß,dass,orthography:wordlist
2Sam.14.8,25,28,25,28,dem,der,grammar:Frau-determiner
2Sam.14.8,29,34,29,33,Weibe,Frau,word:Weib-Frau
2Sam.14.9,4,7,4,7,das,die,grammar:Frau-determiner
2Sam.14.9,20,24,20,24,Weib,Frau,word:Weib-Frau
2Sam.14.11,51,58,51,60,Jehovas,des HERRN,name:genitive
2Sam.14.11,199,205,201,209,Jehova,der HERR,name:subject-before-finite-verb
2Sam.14.12,14,17,14,17,das,die,grammar:Frau-determiner
2Sam.14.12,18,22,18,22,Weib,Frau,word:Weib-Frau
2Sam.14.12,32,35,32,36,Laß,Lass,orthography:wordlist
2Sam.14.13,32,35,32,35,das,die,grammar:Frau-determiner
2Sam.14.13,36,40,36,40,Weib,Frau,word:Weib-Frau
2Sam.14.13,225,229,225,230,läßt,lässt,orthography:wordlist
2Sam.14.14,16,25,16,26,gewißlich,gewisslich,orthography:wordlist
2Sam.14.14,195,198,196,200,daß,dass,orthography:wordlist
2Sam.14.15,19,22,19,23,daß,dass,orthography:wordlist
2Sam.14.17,206,212,206,210,Jehova,HERR,name:direct-address-pronoun
2Sam.14.18,41,44,41,44,dem,der,grammar:Frau-determiner
2Sam.14.18,45,50,45,49,Weibe,Frau,word:Weib-Frau
2Sam.14.18,117,120,116,119,das,die,grammar:Frau-determiner
2Sam.14.18,121,125,120,124,Weib,Frau,word:Weib-Frau
2Sam.14.19,83,86,83,86,das,die,grammar:Frau-determiner
2Sam.14.19,87,91,87,91,Weib,Frau,word:Weib-Frau
2Sam.14.20,164,167,164,168,daß,dass,orthography:wordlist
2Sam.14.22,136,139,136,140,daß,dass,orthography:wordlist
2Sam.14.26,75,78,75,79,daß,dass,orthography:wordlist
2Sam.14.27,91,94,91,95,ein,eine,grammar:Frau-determiner
2Sam.14.27,95,99,96,100,Weib,Frau,word:Weib-Frau
2Sam.14.32,96,99,96,100,daß,dass,orthography:wordlist
2Sam.14.33,185,190,185,191,küßte,küsste,orthography:wordlist
2Sam.15.4,66,69,66,70,daß,dass,orthography:wordlist
2Sam.15.5,126,131,126,132,küßte,küsste,orthography:wordlist
2Sam.15.7,89,92,89,93,Laß,Lass,orthography:wordlist
2Sam.15.7,160,166,161,169,Jehova,der HERR,name:subject-before-finite-verb
2Sam.15.8,90,96,90,98,Jehova,der HERR,name:subject-subordinate-clause
2Sam.15.8,154,160,156,165,Jehova,dem HERRN,name:dative-before-infinitive
2Sam.15.11,122,128,122,129,wußten,wussten,orthography:wordlist
2Sam.15.14,98,102,98,103,laßt,lasst,orthography:wordlist
2Sam.15.14,203,206,204,208,daß,dass,orthography:wordlist
2Sam.15.21,55,61,55,63,Jehova,der HERR,name:subject-before-finite-verb
2Sam.15.25,115,122,115,124,Jehovas,des HERRN,name:genitive
2Sam.15.31,143,149,143,147,Jehova,HERR,name:terminal-direct-address
2Sam.16.8,9,15,9,17,Jehova,Der HERR,name:subject-before-finite-verb
2Sam.16.8,123,129,125,133,Jehova,der HERR,name:subject-before-finite-verb
2Sam.16.9,126,129,126,130,Laß,Lass,orthography:wordlist
2Sam.16.10,119,125,119,127,Jehova,der HERR,name:subject-subordinate-clause
2Sam.16.11,152,159,152,160,wieviel,wie viel,orthography:wordlist
2Sam.16.11,191,195,192,197,Laßt,Lasst,orthography:wordlist
2Sam.16.11,202,205,204,208,daß,dass,orthography:wordlist
2Sam.16.11,223,229,226,234,Jehova,der HERR,name:subject-before-finite-verb
2Sam.16.12,16,22,16,24,Jehova,der HERR,name:subject-after-auxiliary
2Sam.16.12,49,55,51,55,Jehova,HERR,name:unresolved-case
2Sam.16.12,84,87,84,88,daß,dass,orthography:wordlist
2Sam.16.18,49,55,49,53,Jehova,HERR,name:unresolved-case
2Sam.16.21,164,167,164,168,daß,dass,orthography:wordlist
2Sam.17.1,62,65,62,66,Laß,Lass,orthography:wordlist
2Sam.17.5,58,61,58,62,daß,dass,orthography:wordlist
2Sam.17.8,66,69,66,70,daß,dass,orthography:wordlist
2Sam.17.8,87,90,88,92,daß,dass,orthography:wordlist
2Sam.17.10,134,137,134,138,daß,dass,orthography:wordlist
2Sam.17.13,152,156,152,157,Fluß,Fluss,orthography:wordlist
2Sam.17.14,125,131,125,133,Jehova,der HERR,name:subject-before-finite-verb
2Sam.17.14,213,219,215,223,Jehova,der HERR,name:subject-subordinate-clause
2Sam.17.19,4,7,4,7,das,die,grammar:Frau-determiner
2Sam.17.19,8,12,8,12,Weib,Frau,word:Weib-Frau
2Sam.17.19,104,107,104,108,daß,dass,orthography:wordlist
2Sam.17.20,35,38,35,38,dem,der,grammar:Frau-determiner
2Sam.17.20,39,44,39,43,Weibe,Frau,word:Weib-Frau
2Sam.17.20,107,110,106,109,das,die,grammar:Frau-determiner
2Sam.17.20,111,115,110,114,Weib,Frau,word:Weib-Frau
2Sam.17.22,147,154,147,155,vermißt,vermisst,orthography:wordlist
2Sam.17.23,25,28,25,29,daß,dass,orthography:wordlist
2Sam.17.29,105,108,105,109,daß,dass,orthography:wordlist
2Sam.18.2,281,290,281,291,gewißlich,gewisslich,orthography:wordlist
2Sam.18.3,73,79,73,80,müßten,müssten,orthography:wordlist
2Sam.18.3,278,281,279,283,daß,dass,orthography:wordlist
2Sam.18.19,99,102,99,103,daß,dass,orthography:wordlist
2Sam.18.19,103,109,104,112,Jehova,der HERR,name:subject-subordinate-clause
2Sam.18.22,84,87,84,88,laß,lass,orthography:wordlist
2Sam.18.28,152,158,152,156,Jehova,HERR,name:direct-address-pronoun
2Sam.18.31,114,117,114,118,daß,dass,orthography:wordlist
2Sam.18.31,118,124,119,127,Jehova,der HERR,name:subject-subordinate-clause
2Sam.19.6,227,233,227,233,Weiber,Frauen,word:Weib-Frau
2Sam.19.7,98,101,98,102,daß,dass,orthography:wordlist
2Sam.19.7,166,169,167,171,daß,dass,orthography:wordlist
2Sam.19.7,225,228,227,231,daß,dass,orthography:wordlist
2Sam.19.8,98,104,98,107,Jehova,dem HERRN,name:dative-preposition
2Sam.19.20,199,202,199,203,daß,dass,orthography:wordlist
2Sam.19.21,29,32,29,33,daß,dass,orthography:wordlist
2Sam.19.22,104,107,104,108,daß,dass,orthography:wordlist
2Sam.19.22,125,132,126,135,Jehovas,des HERRN,name:genitive
2Sam.19.23,83,86,83,87,daß,dass,orthography:wordlist
2Sam.19.23,199,202,200,204,daß,dass,orthography:wordlist
2Sam.19.35,87,90,87,91,daß,dass,orthography:wordlist
2Sam.19.38,0,3,0,4,Laß,Lass,orthography:wordlist
2Sam.19.38,38,41,39,43,daß,dass,orthography:wordlist
2Sam.19.40,87,92,87,93,küßte,küsste,orthography:wordlist
2Sam.20.9,70,75,70,76,faßte,fasste,orthography:wordlist
2Sam.20.12,91,94,91,95,daß,dass,orthography:wordlist
2Sam.20.12,216,219,217,221,daß,dass,orthography:wordlist
2Sam.20.15,124,127,124,128,daß,dass,orthography:wordlist
2Sam.20.16,9,12,9,13,ein,eine,grammar:Frau-determiner
2Sam.20.16,13,19,14,19,kluges,kluge,grammar:Frau-adjective
2Sam.20.16,20,24,20,24,Weib,Frau,word:Weib-Frau
2Sam.20.16,95,98,95,99,daß,dass,orthography:wordlist
2Sam.20.17,30,33,30,33,das,die,grammar:Frau-determiner
2Sam.20.17,34,38,34,38,Weib,Frau,word:Weib-Frau
2Sam.20.19,137,144,137,146,Jehovas,des HERRN,name:genitive
2Sam.20.20,63,66,63,67,daß,dass,orthography:wordlist
2Sam.20.20,89,92,90,94,daß,dass,orthography:wordlist
2Sam.20.21,205,208,205,208,das,die,grammar:Frau-determiner
2Sam.20.21,209,213,209,213,Weib,Frau,word:Weib-Frau
2Sam.20.22,4,7,4,7,das,die,grammar:Frau-determiner
2Sam.20.22,8,12,8,12,Weib,Frau,word:Weib-Frau
2Sam.21.1,114,121,114,123,Jehovas,des HERRN,name:genitive
2Sam.21.1,128,134,130,138,Jehova,der HERR,name:subject-before-finite-verb
2Sam.21.3,100,103,100,104,daß,dass,orthography:wordlist
2Sam.21.3,120,127,121,130,Jehovas,des HERRN,name:genitive
2Sam.21.5,92,95,92,96,daß,dass,orthography:wordlist
2Sam.21.6,49,52,49,53,daß,dass,orthography:wordlist
2Sam.21.6,65,71,66,71,Jehova,HERRN,name:existing-oblique-article
2Sam.21.6,115,122,115,124,Jehovas,des HERRN,name:genitive
2Sam.21.7,96,103,96,105,Jehovas,des HERRN,name:genitive
2Sam.21.9,86,92,86,95,Jehova,dem HERRN,name:presence-before-Lord
2Sam.21.17,209,212,209,213,daß,dass,orthography:wordlist
2Sam.22.1,21,27,21,30,Jehova,dem HERRN,name:dative-preposition
2Sam.22.1,72,78,75,79,Jehova,HERR,name:unresolved-case
2Sam.22.2,9,15,9,17,Jehova,Der HERR,name:subject-before-finite-verb
2Sam.22.4,10,16,10,19,Jehova,den HERRN,name:object-before-infinitive
2Sam.22.7,34,40,34,43,Jehova,dem HERRN,name:dative-preposition
2Sam.22.14,12,18,12,16,Jehova,HERR,name:unresolved-case
2Sam.22.16,106,113,106,115,Jehovas,des HERRN,name:genitive
2Sam.22.19,50,56,50,54,Jehova,HERR,name:unresolved-case
2Sam.22.21,9,15,9,13,Jehova,HERR,name:unresolved-case
2Sam.22.22,31,38,31,40,Jehovas,des HERRN,name:genitive
2Sam.22.25,4,10,4,8,Jehova,HERR,name:unresolved-case
2Sam.22.29,29,35,29,33,Jehova,HERR,name:unresolved-case
2Sam.22.29,42,48,40,44,Jehova,HERR,name:unresolved-case
2Sam.22.31,43,50,43,52,Jehovas,des HERRN,name:genitive
2Sam.22.32,26,32,26,35,Jehova,dem HERRN,name:dative-preposition
2Sam.22.42,46,52,46,55,Jehova,dem HERRN,name:dative-preposition
2Sam.22.47,9,15,9,17,Jehova,Der HERR,name:subject-before-finite-verb
2Sam.22.50,7,13,7,15,Jehova,der HERR,name:subject-before-finite-verb
2Sam.23.2,10,17,10,19,Jehovas,des HERRN,name:genitive
2Sam.23.4,129,135,129,136,sproßt,sprosst,orthography:wordlist
2Sam.23.5,207,211,207,212,läßt,lässt,orthography:wordlist
2Sam.23.6,87,91,87,92,faßt,fasst,orthography:wordlist
2Sam.23.10,128,134,128,132,Jehova,HERR,name:unresolved-case
2Sam.23.12,90,96,90,94,Jehova,HERR,name:unresolved-case
2Sam.23.16,211,214,211,215,goß,goss,orthography:wordlist
2Sam.23.16,242,248,243,248,Jehova,HERRN,name:existing-oblique-article
2Sam.23.17,38,44,38,42,Jehova,HERR,name:unresolved-case
2Sam.23.17,47,50,45,49,daß,dass,orthography:wordlist
2Sam.23.19,41,44,41,45,daß,dass,orthography:wordlist
2Sam.23.21,195,198,195,199,riß,riss,orthography:wordlist
2Sam.24.1,13,20,13,22,Jehovas,des HERRN,name:genitive
2Sam.24.3,40,46,40,44,Jehova,HERR,name:direct-address-pronoun
2Sam.24.5,111,119,111,120,Flußtale,Flusstale,orthography:wordlist
2Sam.24.10,94,100,94,103,Jehova,dem HERRN,name:dative-preposition
2Sam.24.10,166,172,169,173,Jehova,HERR,name:direct-address-following-imperative
2Sam.24.10,175,178,176,180,laß,lass,orthography:wordlist
2Sam.24.11,56,63,56,65,Jehovas,des HERRN,name:genitive
2Sam.24.12,41,47,41,49,Jehova,der HERR,name:subject-after-speech-verb
2Sam.24.12,103,106,105,109,daß,dass,orthography:wordlist
2Sam.24.14,102,109,102,111,Jehovas,des HERRN,name:genitive
2Sam.24.14,186,189,188,192,laß,lass,orthography:wordlist
2Sam.24.15,10,16,10,18,Jehova,der HERR,name:subject-after-auxiliary
2Sam.24.16,102,108,102,106,Jehova,HERR,name:unresolved-case
2Sam.24.16,230,237,228,237,Jehovas,des HERRN,name:genitive
2Sam.24.17,74,80,74,83,Jehova,dem HERRN,name:dative-preposition
2Sam.24.18,102,108,102,106,Jehova,HERR,name:unresolved-case
2Sam.24.19,53,59,53,61,Jehova,der HERR,name:subject-subordinate-clause
2Sam.24.21,140,146,140,149,Jehova,den HERRN,name:accusative-preposition
2Sam.24.23,81,87,81,85,Jehova,HERR,name:direct-address-pronoun
2Sam.24.24,107,113,107,111,Jehova,HERR,name:unresolved-case
2Sam.24.25,26,32,26,35,Jehova,dem HERRN,name:dative-altar-recipient
2Sam.24.25,96,102,99,107,Jehova,der HERR,name:subject-before-finite-verb
1Kgs.1.2,196,199,196,200,daß,dass,orthography:wordlist
1Kgs.1.6,71,74,71,75,daß,dass,orthography:wordlist
1Kgs.1.11,87,90,87,91,daß,dass,orthography:wordlist
1Kgs.1.12,14,17,14,18,laß,lass,orthography:wordlist
1Kgs.1.12,50,53,51,55,daß,dass,orthography:wordlist
1Kgs.1.17,65,71,65,74,Jehova,dem HERRN,name:dative-preposition
1Kgs.1.20,80,83,80,84,daß,dass,orthography:wordlist
1Kgs.1.21,78,81,78,82,daß,dass,orthography:wordlist
1Kgs.1.29,43,49,43,51,Jehova,der HERR,name:subject-before-finite-verb
1Kgs.1.30,19,25,19,28,Jehova,dem HERRN,name:dative-preposition
1Kgs.1.35,153,156,153,157,daß,dass,orthography:wordlist
1Kgs.1.36,106,112,106,110,Jehova,HERR,name:unresolved-case
1Kgs.1.37,7,13,7,11,Jehova,HERR,name:unresolved-case
1Kgs.1.40,121,124,121,125,daß,dass,orthography:wordlist
1Kgs.1.48,65,71,65,73,Jehova,der HERR,name:subject-after-auxiliary
1Kgs.1.50,84,91,84,92,erfaßte,erfasste,orthography:wordlist
1Kgs.1.51,138,144,138,145,erfaßt,erfasst,orthography:wordlist
1Kgs.1.51,200,203,201,205,daß,dass,orthography:wordlist
1Kgs.2.1,38,41,38,42,daß,dass,orthography:wordlist
1Kgs.2.3,37,44,37,46,Jehovas,des HERRN,name:genitive
1Kgs.2.3,63,66,65,69,daß,dass,orthography:wordlist
1Kgs.2.3,238,241,241,245,daß,dass,orthography:wordlist
1Kgs.2.4,14,17,14,18,daß,dass,orthography:wordlist
1Kgs.2.4,18,24,19,27,Jehova,der HERR,name:subject-subordinate-clause
1Kgs.2.4,149,152,152,156,daß,dass,orthography:wordlist
1Kgs.2.5,233,239,233,240,vergoß,vergoss,orthography:wordlist
1Kgs.2.5,244,247,245,249,daß,dass,orthography:wordlist
1Kgs.2.6,42,45,42,46,laß,lass,orthography:wordlist
1Kgs.2.8,245,251,245,254,Jehova,dem HERRN,name:dative-preposition
1Kgs.2.9,118,121,118,122,laß,lass,orthography:wordlist
1Kgs.2.15,30,33,30,34,daß,dass,orthography:wordlist
1Kgs.2.15,61,64,62,66,daß,dass,orthography:wordlist
1Kgs.2.15,121,124,123,127,daß,dass,orthography:wordlist
1Kgs.2.15,227,233,230,239,Jehova,dem HERRN,name:dative-preposition
1Kgs.2.17,85,88,85,89,daß,dass,orthography:wordlist
1Kgs.2.17,123,126,124,127,zum,zur,grammar:Frau-determiner
1Kgs.2.17,127,132,128,132,Weibe,Frau,word:Weib-Frau
1Kgs.2.21,73,76,73,76,zum,zur,grammar:Frau-determiner
1Kgs.2.21,77,82,77,81,Weibe,Frau,word:Weib-Frau
1Kgs.2.23,33,39,33,42,Jehova,dem HERRN,name:dative-preposition
1Kgs.2.24,17,23,17,25,Jehova,der HERR,name:subject-before-finite-verb
1Kgs.2.26,208,214,208,212,Jehova,HERR,name:unresolved-case
1Kgs.2.27,39,42,39,43,daß,dass,orthography:wordlist
1Kgs.2.27,66,73,67,76,Jehovas,des HERRN,name:genitive
1Kgs.2.27,93,100,96,105,Jehovas,des HERRN,name:genitive
1Kgs.2.28,150,157,150,159,Jehovas,des HERRN,name:genitive
1Kgs.2.28,163,170,165,173,erfaßte,erfasste,orthography:wordlist
1Kgs.2.29,62,69,62,71,Jehovas,des HERRN,name:genitive
1Kgs.2.30,26,33,26,35,Jehovas,des HERRN,name:genitive
1Kgs.2.32,4,10,4,12,Jehova,der HERR,name:subject-before-finite-verb
1Kgs.2.32,190,193,192,196,daß,dass,orthography:wordlist
1Kgs.2.32,215,220,218,224,wußte,wusste,orthography:wordlist
1Kgs.2.33,210,217,210,219,Jehovas,des HERRN,name:genitive
1Kgs.2.37,123,126,123,127,daß,dass,orthography:wordlist
1Kgs.2.37,139,143,140,145,mußt,musst,orthography:wordlist
1Kgs.2.41,32,35,32,36,daß,dass,orthography:wordlist
1Kgs.2.42,96,102,96,105,Jehova,dem HERRN,name:dative-preposition
1Kgs.2.42,229,232,232,236,daß,dass,orthography:wordlist
1Kgs.2.42,245,249,249,254,mußt,musst,orthography:wordlist
1Kgs.2.43,29,36,29,38,Jehovas,des HERRN,name:genitive
1Kgs.2.44,88,94,88,95,bewußt,bewusst,orthography:wordlist
1Kgs.2.44,154,160,155,159,Jehova,HERR,name:unresolved-case
1Kgs.2.45,86,92,86,95,Jehova,dem HERRN,name:presence-before-Lord
1Kgs.3.1,194,201,194,203,Jehovas,des HERRN,name:genitive
1Kgs.3.2,78,85,78,87,Jehovas,des HERRN,name:genitive
1Kgs.3.3,18,24,18,27,Jehova,den HERRN,name:accusative-verb
1Kgs.3.5,20,26,20,28,Jehova,der HERR,name:subject-after-auxiliary
1Kgs.3.7,9,15,9,13,Jehova,HERR,name:unresolved-case
1Kgs.3.10,49,52,49,53,daß,dass,orthography:wordlist
1Kgs.3.12,113,116,113,117,daß,dass,orthography:wordlist
1Kgs.3.13,91,94,91,95,daß,dass,orthography:wordlist
1Kgs.3.15,147,154,147,156,Jehovas,des HERRN,name:genitive
1Kgs.3.17,13,17,13,17,Weib,Frau,word:Weib-Frau
1Kgs.3.17,54,60,54,59,dieses,diese,grammar:Frau-determiner
1Kgs.3.17,61,65,60,64,Weib,Frau,word:Weib-Frau
1Kgs.3.18,76,82,76,81,dieses,diese,grammar:Frau-determiner
1Kgs.3.18,83,87,82,86,Weib,Frau,word:Weib-Frau
1Kgs.3.19,14,20,14,20,dieses,dieser,grammar:Frau-determiner
1Kgs.3.19,21,27,21,25,Weibes,Frau,word:Weib-Frau
1Kgs.3.22,4,7,4,7,das,die,grammar:Frau-determiner
1Kgs.3.22,15,19,15,19,Weib,Frau,word:Weib-Frau
1Kgs.3.26,11,14,11,14,das,die,grammar:Frau-determiner
1Kgs.3.26,15,19,15,19,Weib,Frau,word:Weib-Frau
1Kgs.3.28,125,128,125,129,daß,dass,orthography:wordlist
1Kgs.4.11,87,91,87,92,sein,seine,grammar:Frau-determiner
1Kgs.4.11,92,96,93,97,Weib,Frau,word:Weib-Frau
1Kgs.4.15,69,72,69,72,zum,zur,grammar:Frau-determiner
1Kgs.4.15,73,78,73,77,Weibe,Frau,word:Weib-Frau
1Kgs.5.15,93,96,93,97,daß,dass,orthography:wordlist
1Kgs.5.17,14,17,14,18,daß,dass,orthography:wordlist
1Kgs.5.17,64,71,65,74,Jehovas,des HERRN,name:genitive
1Kgs.5.17,163,169,166,170,Jehova,HERR,name:unresolved-case
1Kgs.5.18,13,19,13,21,Jehova,der HERR,name:subject-after-auxiliary
1Kgs.5.19,44,51,44,53,Jehovas,des HERRN,name:genitive
1Kgs.5.19,97,103,99,107,Jehova,der HERR,name:subject-subordinate-clause
1Kgs.5.20,18,21,18,22,daß,dass,orthography:wordlist
1Kgs.5.20,212,215,213,217,daß,dass,orthography:wordlist
1Kgs.5.21,114,120,114,118,Jehova,HERR,name:unresolved-case
1Kgs.5.26,4,10,4,12,Jehova,der HERR,name:subject-before-finite-verb
1Kgs.6.1,217,223,217,221,Jehova,HERR,name:unresolved-case
1Kgs.6.2,36,42,36,44,Jehova,der HERR,name:subject-before-finite-verb
1Kgs.6.11,13,20,13,22,Jehovas,des HERRN,name:genitive
1Kgs.6.12,127,130,127,131,daß,dass,orthography:wordlist
1Kgs.6.19,85,92,85,94,Jehovas,des HERRN,name:genitive
1Kgs.6.27,101,104,101,105,daß,dass,orthography:wordlist
1Kgs.6.37,46,53,46,55,Jehovas,des HERRN,name:genitive
1Kgs.7.8,160,163,160,163,zum,zur,grammar:Frau-determiner
1Kgs.7.8,164,169,164,168,Weibe,Frau,word:Weib-Frau
1Kgs.7.12,159,166,159,168,Jehovas,des HERRN,name:genitive
1Kgs.7.15,126,133,126,134,umfaßte,umfasste,orthography:wordlist
1Kgs.7.23,183,190,183,191,umfaßte,umfasste,orthography:wordlist
1Kgs.7.26,123,128,123,129,faßte,fasste,orthography:wordlist
1Kgs.7.37,52,55,52,56,Guß,Guss,orthography:wordlist
1Kgs.7.38,60,65,60,66,faßte,fasste,orthography:wordlist
1Kgs.7.40,192,199,192,201,Jehovas,des HERRN,name:genitive
1Kgs.7.45,136,143,136,145,Jehovas,des HERRN,name:genitive
1Kgs.7.48,53,60,53,62,Jehovas,des HERRN,name:genitive
1Kgs.7.51,73,80,73,82,Jehovas,des HERRN,name:genitive
1Kgs.7.51,244,251,246,255,Jehovas,des HERRN,name:genitive
1Kgs.8.1,193,200,193,202,Jehovas,des HERRN,name:genitive
1Kgs.8.4,26,33,26,35,Jehovas,des HERRN,name:genitive
1Kgs.8.6,48,55,48,57,Jehovas,des HERRN,name:genitive
1Kgs.8.8,33,36,33,37,daß,dass,orthography:wordlist
1Kgs.8.9,105,111,105,109,Jehova,HERR,name:unresolved-case
1Kgs.8.10,99,106,99,108,Jehovas,des HERRN,name:genitive
1Kgs.8.11,126,133,126,135,Jehovas,des HERRN,name:genitive
1Kgs.8.11,153,160,155,164,Jehovas,des HERRN,name:genitive
1Kgs.8.12,23,29,23,31,Jehova,der HERR,name:subject-before-finite-verb
1Kgs.8.12,44,47,46,50,daß,dass,orthography:wordlist
1Kgs.8.15,30,36,30,38,Jehova,der HERR,name:subject-after-auxiliary
1Kgs.8.16,213,216,213,217,daß,dass,orthography:wordlist
1Kgs.8.17,58,65,58,67,Jehovas,des HERRN,name:genitive
1Kgs.8.18,4,10,4,12,Jehova,der HERR,name:subject-before-finite-verb
1Kgs.8.18,139,142,141,145,daß,dass,orthography:wordlist
1Kgs.8.20,14,20,14,22,Jehova,der HERR,name:subject-before-finite-verb
1Kgs.8.20,188,194,190,198,Jehova,der HERR,name:subject-subordinate-clause
1Kgs.8.20,230,237,234,243,Jehovas,des HERRN,name:genitive
1Kgs.8.21,82,89,82,91,Jehovas,des HERRN,name:genitive
1Kgs.8.22,31,38,31,40,Jehovas,des HERRN,name:genitive
1Kgs.8.23,9,15,9,13,Jehova,HERR,name:unresolved-case
1Kgs.8.25,9,15,9,13,Jehova,HERR,name:unresolved-case
1Kgs.8.25,279,282,277,281,daß,dass,orthography:wordlist
1Kgs.8.27,119,126,119,127,wieviel,wie viel,orthography:wordlist
1Kgs.8.28,71,77,71,75,Jehova,HERR,name:unresolved-case
1Kgs.8.28,92,95,90,94,daß,dass,orthography:wordlist
1Kgs.8.29,0,3,0,4,daß,dass,orthography:wordlist
1Kgs.8.29,134,137,135,139,Daß,Dass,orthography:wordlist
1Kgs.8.32,107,110,107,111,daß,dass,orthography:wordlist
1Kgs.8.32,198,201,199,203,daß,dass,orthography:wordlist
1Kgs.8.36,87,90,87,91,daß,dass,orthography:wordlist
1Kgs.8.40,14,17,14,18,daß,dass,orthography:wordlist
1Kgs.8.43,115,118,115,119,daß,dass,orthography:wordlist
1Kgs.8.43,240,243,241,245,daß,dass,orthography:wordlist
1Kgs.8.44,116,122,116,125,Jehova,dem HERRN,name:dative-preposition
1Kgs.8.50,137,140,137,141,laß,lass,orthography:wordlist
1Kgs.8.50,216,219,217,221,daß,dass,orthography:wordlist
1Kgs.8.52,3,6,3,7,daß,dass,orthography:wordlist
1Kgs.8.52,108,111,109,113,daß,dass,orthography:wordlist
1Kgs.8.53,192,198,192,196,Jehova,HERR,name:terminal-direct-address
1Kgs.8.54,88,94,88,92,Jehova,HERR,name:unresolved-case
1Kgs.8.54,137,144,135,144,Jehovas,des HERRN,name:genitive
1Kgs.8.56,14,20,14,22,Jehova,der HERR,name:subject-after-auxiliary
1Kgs.8.57,9,15,9,13,Jehova,HERR,name:unresolved-case
1Kgs.8.59,45,51,45,54,Jehova,dem HERRN,name:presence-before-Lord
1Kgs.8.59,74,80,77,86,Jehova,dem HERRN,name:dative-apposition
1Kgs.8.59,126,129,132,136,daß,dass,orthography:wordlist
1Kgs.8.60,39,42,39,43,daß,dass,orthography:wordlist
1Kgs.8.60,43,49,44,52,Jehova,der HERR,name:subject-subordinate-clause
1Kgs.8.61,33,39,33,42,Jehova,dem HERRN,name:dative-preposition
1Kgs.8.62,77,83,77,86,Jehova,dem HERRN,name:presence-before-Lord
1Kgs.8.63,69,75,69,73,Jehova,HERR,name:unresolved-case
1Kgs.8.63,211,218,209,218,Jehovas,des HERRN,name:genitive
1Kgs.8.64,81,88,81,90,Jehovas,des HERRN,name:genitive
1Kgs.8.64,227,233,229,238,Jehova,dem HERRN,name:presence-before-Lord
1Kgs.8.65,122,126,122,127,Fluß,Fluss,orthography:wordlist
1Kgs.8.65,171,177,172,181,Jehova,dem HERRN,name:presence-before-Lord
1Kgs.8.66,150,156,150,154,Jehova,HERR,name:unresolved-case
1Kgs.9.1,47,54,47,56,Jehovas,des HERRN,name:genitive
1Kgs.9.2,12,18,12,20,Jehova,der HERR,name:subject-after-auxiliary
1Kgs.9.3,22,28,22,30,Jehova,der HERR,name:subject-before-finite-verb
1Kgs.9.4,126,129,126,130,daß,dass,orthography:wordlist
1Kgs.9.8,148,154,148,156,Jehova,der HERR,name:subject-after-auxiliary
1Kgs.9.9,28,31,28,32,daß,dass,orthography:wordlist
1Kgs.9.9,36,42,37,46,Jehova,den HERRN,name:accusative-apposition
1Kgs.9.9,227,233,231,239,Jehova,der HERR,name:subject-after-auxiliary
1Kgs.9.10,108,115,108,117,Jehovas,des HERRN,name:genitive
1Kgs.9.15,83,90,83,92,Jehovas,des HERRN,name:genitive
1Kgs.9.16,209,212,209,212,dem,der,grammar:Frau-determiner
1Kgs.9.16,213,218,213,217,Weibe,Frau,word:Weib-Frau
1Kgs.9.25,110,116,110,114,Jehova,HERR,name:unresolved-case
1Kgs.9.25,168,174,166,175,Jehova,dem HERRN,name:presence-before-Lord
1Kgs.10.1,69,76,69,78,Jehovas,des HERRN,name:genitive
1Kgs.10.5,198,205,198,207,Jehovas,des HERRN,name:genitive
1Kgs.10.9,14,20,14,18,Jehova,HERR,name:direct-address-pronoun
1Kgs.10.9,112,118,110,118,Jehova,der HERR,name:subject-subordinate-clause
1Kgs.10.12,78,85,78,87,Jehovas,des HERRN,name:genitive
1Kgs.10.29,101,104,101,105,Roß,Ross,orthography:wordlist
1Kgs.11.1,41,47,41,47,Weiber,Frauen,word:Weib-Frau
1Kgs.11.2,30,36,30,38,Jehova,der HERR,name:subject-subordinate-clause
1Kgs.11.2,152,157,154,160,gewiß,gewiss,orthography:wordlist
1Kgs.11.3,17,24,17,23,Weibern,Frauen,word:Weib-Frau
1Kgs.11.3,90,96,89,95,Weiber,Frauen,word:Weib-Frau
1Kgs.11.4,65,71,65,71,Weiber,Frauen,word:Weib-Frau
1Kgs.11.4,145,151,145,154,Jehova,dem HERRN,name:dative-preposition
1Kgs.11.5,116,122,116,122,Greuel,Gräuel,orthography:wordlist
1Kgs.11.6,72,79,72,81,Jehovas,des HERRN,name:genitive
1Kgs.11.6,96,102,98,107,Jehova,dem HERRN,name:dative-verb
1Kgs.11.7,48,54,48,54,Greuel,Gräuel,orthography:wordlist
1Kgs.11.7,134,140,134,140,Greuel,Gräuel,orthography:wordlist
1Kgs.11.8,50,56,50,56,Weiber,Frauen,word:Weib-Frau
1Kgs.11.9,12,18,12,16,Jehova,HERR,name:unresolved-case
1Kgs.11.9,58,64,56,65,Jehova,dem HERRN,name:dative-preposition
1Kgs.11.10,127,133,127,135,Jehova,der HERR,name:subject-subordinate-clause
1Kgs.11.11,4,10,4,12,Jehova,der HERR,name:subject-before-finite-verb
1Kgs.11.11,37,40,39,43,daß,dass,orthography:wordlist
1Kgs.11.11,196,205,199,209,gewißlich,gewisslich,orthography:wordlist
1Kgs.11.14,4,10,4,12,Jehova,der HERR,name:subject-before-finite-verb
1Kgs.11.19,86,92,86,92,seines,seiner,grammar:Frau-determiner
1Kgs.11.19,93,99,93,97,Weibes,Frau,word:Weib-Frau
1Kgs.11.19,142,145,140,143,zum,zur,grammar:Frau-determiner
1Kgs.11.19,146,151,144,148,Weibe,Frau,word:Weib-Frau
1Kgs.11.21,34,37,34,38,daß,dass,orthography:wordlist
1Kgs.11.21,86,89,87,91,daß,dass,orthography:wordlist
1Kgs.11.21,173,176,175,179,daß,dass,orthography:wordlist
1Kgs.11.27,95,101,95,102,schloß,schloss,orthography:wordlist
1Kgs.11.28,84,87,84,88,daß,dass,orthography:wordlist
1Kgs.11.30,3,8,3,9,faßte,fasste,orthography:wordlist
1Kgs.11.30,59,65,60,67,zerriß,zerriss,orthography:wordlist
1Kgs.11.31,69,75,69,77,Jehova,der HERR,name:subject-after-speech-verb
1Kgs.11.33,7,10,7,11,daß,dass,orthography:wordlist
1Kgs.11.36,52,55,52,56,daß,dass,orthography:wordlist
1Kgs.11.37,27,30,27,31,daß,dass,orthography:wordlist
1Kgs.12.9,51,54,51,55,daß,dass,orthography:wordlist
1Kgs.12.15,78,85,78,87,Jehovas,des HERRN,name:genitive
1Kgs.12.15,91,94,93,97,daß,dass,orthography:wordlist
1Kgs.12.15,135,141,138,146,Jehova,der HERR,name:subject-subordinate-clause
1Kgs.12.16,26,29,26,30,daß,dass,orthography:wordlist
1Kgs.12.20,50,53,50,54,daß,dass,orthography:wordlist
1Kgs.12.24,12,18,12,20,Jehova,der HERR,name:subject-after-speech-verb
1Kgs.12.24,231,238,233,242,Jehovas,des HERRN,name:genitive
1Kgs.12.24,279,286,283,292,Jehovas,des HERRN,name:genitive
1Kgs.12.27,49,56,49,58,Jehovas,des HERRN,name:genitive
1Kgs.13.1,58,65,58,67,Jehovas,des HERRN,name:genitive
1Kgs.13.2,77,84,77,86,Jehovas,des HERRN,name:genitive
1Kgs.13.2,125,131,127,135,Jehova,der HERR,name:subject-after-speech-verb
1Kgs.13.3,85,91,85,90,Jehova,HERRN,name:existing-oblique-article
1Kgs.13.5,14,17,14,18,riß,riss,orthography:wordlist
1Kgs.13.5,127,134,128,137,Jehovas,des HERRN,name:genitive
1Kgs.13.6,70,76,70,74,Jehova,HERR,name:direct-address-pronoun
1Kgs.13.6,116,119,114,118,daß,dass,orthography:wordlist
1Kgs.13.6,185,191,184,188,Jehova,HERR,name:unresolved-case
1Kgs.13.9,50,57,50,59,Jehovas,des HERRN,name:genitive
1Kgs.13.15,52,54,52,55,iß,iss,orthography:wordlist
1Kgs.13.17,51,58,51,60,Jehovas,des HERRN,name:genitive
1Kgs.13.18,107,114,107,116,Jehovas,des HERRN,name:genitive
1Kgs.13.18,171,174,173,177,daß,dass,orthography:wordlist
1Kgs.13.20,67,74,67,76,Jehovas,des HERRN,name:genitive
1Kgs.13.21,115,121,115,123,Jehova,der HERR,name:subject-after-speech-verb
1Kgs.13.21,130,133,132,136,daß,dass,orthography:wordlist
1Kgs.13.21,155,162,158,167,Jehovas,des HERRN,name:genitive
1Kgs.13.21,235,241,240,244,Jehova,HERR,name:direct-address-pronoun
1Kgs.13.22,117,119,117,120,Iß,Iss,orthography:wordlist
1Kgs.13.26,139,146,139,148,Jehovas,des HERRN,name:genitive
1Kgs.13.26,186,192,188,196,Jehova,der HERR,name:subject-after-auxiliary
1Kgs.13.26,275,282,279,288,Jehovas,des HERRN,name:genitive
1Kgs.13.32,20,29,20,30,gewißlich,gewisslich,orthography:wordlist
1Kgs.13.32,67,74,68,77,Jehovas,des HERRN,name:genitive
1Kgs.13.33,182,185,182,186,daß,dass,orthography:wordlist
1Kgs.14.2,24,30,24,30,seinem,seiner,grammar:Frau-determiner
1Kgs.14.2,31,36,31,35,Weibe,Frau,word:Weib-Frau
1Kgs.14.2,105,108,104,108,daß,dass,orthography:wordlist
1Kgs.14.2,112,115,112,115,das,die,grammar:Frau-determiner
1Kgs.14.2,116,120,116,120,Weib,Frau,word:Weib-Frau
1Kgs.14.2,245,248,245,249,daß,dass,orthography:wordlist
1Kgs.14.4,4,7,4,7,das,die,grammar:Frau-determiner
1Kgs.14.4,8,12,8,12,Weib,Frau,word:Weib-Frau
1Kgs.14.5,4,10,4,12,Jehova,der HERR,name:subject-before-finite-verb
1Kgs.14.5,44,47,46,49,das,die,grammar:Frau-determiner
1Kgs.14.5,48,52,50,54,Weib,Frau,word:Weib-Frau
1Kgs.14.6,121,125,121,125,Weib,Frau,word:Weib-Frau
1Kgs.14.7,53,59,53,61,Jehova,der HERR,name:subject-after-speech-verb
1Kgs.14.8,211,214,211,215,daß,dass,orthography:wordlist
1Kgs.14.11,151,157,151,159,Jehova,der HERR,name:subject-before-finite-verb
1Kgs.14.13,146,152,146,155,Jehova,den HERRN,name:accusative-preposition
1Kgs.14.14,4,10,4,12,Jehova,der HERR,name:subject-before-finite-verb
1Kgs.14.15,22,28,22,30,Jehova,der HERR,name:subject-before-finite-verb
1Kgs.14.15,258,261,260,264,daß,dass,orthography:wordlist
1Kgs.14.15,306,312,309,313,Jehova,HERR,name:unresolved-case
1Kgs.14.17,4,7,4,7,das,die,grammar:Frau-determiner
1Kgs.14.17,8,12,8,12,Weib,Frau,word:Weib-Frau
1Kgs.14.18,63,70,63,72,Jehovas,des HERRN,name:genitive
1Kgs.14.21,178,184,178,182,Jehova,HERR,name:unresolved-case
1Kgs.14.22,42,49,42,51,Jehovas,des HERRN,name:genitive
1Kgs.14.24,57,64,57,64,Greueln,Gräueln,orthography:wordlist
1Kgs.14.24,84,90,84,88,Jehova,HERR,name:unresolved-case
1Kgs.14.26,37,44,37,46,Jehovas,des HERRN,name:genitive
1Kgs.14.28,47,54,47,56,Jehovas,des HERRN,name:genitive
1Kgs.15.3,126,132,126,135,Jehova,dem HERRN,name:dative-preposition
1Kgs.15.4,17,23,17,21,Jehova,HERR,name:unresolved-case
1Kgs.15.5,54,61,54,63,Jehovas,des HERRN,name:genitive
1Kgs.15.11,42,49,42,51,Jehovas,des HERRN,name:genitive
1Kgs.15.13,60,63,60,64,daß,dass,orthography:wordlist
1Kgs.15.14,69,75,69,78,Jehova,dem HERRN,name:dative-preposition
1Kgs.15.15,95,102,95,104,Jehovas,des HERRN,name:genitive
1Kgs.15.18,70,77,70,79,Jehovas,des HERRN,name:genitive
1Kgs.15.19,199,202,199,203,daß,dass,orthography:wordlist
1Kgs.15.26,39,46,39,48,Jehovas,des HERRN,name:genitive
1Kgs.15.29,182,189,182,191,Jehovas,des HERRN,name:genitive
1Kgs.15.30,118,124,118,127,Jehova,den HERRN,name:accusative-apposition
1Kgs.15.34,39,46,39,48,Jehovas,des HERRN,name:genitive
1Kgs.16.1,34,41,34,43,Jehovas,des HERRN,name:genitive
1Kgs.16.2,188,191,188,192,daß,dass,orthography:wordlist
1Kgs.16.7,70,77,70,79,Jehovas,des HERRN,name:genitive
1Kgs.16.7,173,180,175,184,Jehovas,des HERRN,name:genitive
1Kgs.16.7,245,248,249,253,daß,dass,orthography:wordlist
1Kgs.16.12,58,65,58,67,Jehovas,des HERRN,name:genitive
1Kgs.16.13,136,139,136,140,daß,dass,orthography:wordlist
1Kgs.16.13,144,150,145,154,Jehova,den HERRN,name:accusative-apposition
1Kgs.16.18,42,45,42,46,daß,dass,orthography:wordlist
1Kgs.16.19,87,94,87,96,Jehovas,des HERRN,name:genitive
1Kgs.16.19,179,182,181,185,daß,dass,orthography:wordlist
1Kgs.16.25,42,49,42,51,Jehovas,des HERRN,name:genitive
1Kgs.16.26,135,138,135,139,daß,dass,orthography:wordlist
1Kgs.16.26,143,149,144,153,Jehova,den HERRN,name:accusative-apposition
1Kgs.16.30,61,68,61,70,Jehovas,des HERRN,name:genitive
1Kgs.16.31,42,45,42,46,daß,dass,orthography:wordlist
1Kgs.16.31,105,108,106,110,daß,dass,orthography:wordlist
1Kgs.16.31,170,173,172,175,zum,zur,grammar:Frau-determiner
1Kgs.16.31,174,179,176,180,Weibe,Frau,word:Weib-Frau
1Kgs.16.33,55,61,55,64,Jehova,den HERRN,name:accusative-preposition
1Kgs.16.34,202,209,202,211,Jehovas,des HERRN,name:genitive
1Kgs.17.1,97,103,97,105,Jehova,der HERR,name:subject-before-finite-verb
1Kgs.17.2,34,41,34,43,Jehovas,des HERRN,name:genitive
1Kgs.17.5,51,58,51,60,Jehovas,des HERRN,name:genitive
1Kgs.17.8,20,27,20,29,Jehovas,des HERRN,name:genitive
1Kgs.17.10,224,227,224,228,daß,dass,orthography:wordlist
1Kgs.17.12,35,41,35,39,Jehova,HERR,name:direct-address-pronoun
1Kgs.17.12,259,262,257,261,daß,dass,orthography:wordlist
1Kgs.17.14,16,22,16,24,Jehova,der HERR,name:subject-after-speech-verb
1Kgs.17.14,143,149,145,149,Jehova,HERR,name:unresolved-case
1Kgs.17.16,105,112,105,114,Jehovas,des HERRN,name:genitive
1Kgs.17.17,55,58,55,58,des,der,grammar:Frau-determiner
1Kgs.17.17,59,65,59,63,Weibes,Frau,word:Weib-Frau
1Kgs.17.17,137,140,135,139,daß,dass,orthography:wordlist
1Kgs.17.20,16,22,16,25,Jehova,dem HERRN,name:dative-preposition
1Kgs.17.20,37,43,40,44,Jehova,HERR,name:unresolved-case
1Kgs.17.21,59,65,59,68,Jehova,dem HERRN,name:dative-preposition
1Kgs.17.21,80,86,83,87,Jehova,HERR,name:direct-address-following-imperative
1Kgs.17.21,101,104,102,106,laß,lass,orthography:wordlist
1Kgs.17.22,4,10,4,12,Jehova,der HERR,name:subject-before-finite-verb
1Kgs.17.24,4,7,4,7,das,die,grammar:Frau-determiner
1Kgs.17.24,8,12,8,12,Weib,Frau,word:Weib-Frau
1Kgs.17.24,52,55,52,56,daß,dass,orthography:wordlist
1Kgs.17.24,86,89,87,91,daß,dass,orthography:wordlist
1Kgs.17.24,99,106,101,110,Jehovas,des HERRN,name:genitive
1Kgs.18.1,60,67,60,69,Jehovas,des HERRN,name:genitive
1Kgs.18.3,72,78,72,76,Jehova,HERR,name:unresolved-case
1Kgs.18.4,42,49,42,51,Jehovas,des HERRN,name:genitive
1Kgs.18.5,127,130,127,131,daß,dass,orthography:wordlist
1Kgs.18.9,41,44,41,45,daß,dass,orthography:wordlist
1Kgs.18.9,96,99,97,101,daß,dass,orthography:wordlist
1Kgs.18.10,8,14,8,12,Jehova,HERR,name:direct-address-pronoun
1Kgs.18.10,228,231,226,230,daß,dass,orthography:wordlist
1Kgs.18.12,78,85,78,87,Jehovas,des HERRN,name:genitive
1Kgs.18.12,245,251,247,251,Jehova,HERR,name:unresolved-case
1Kgs.18.13,89,96,89,98,Jehovas,des HERRN,name:genitive
1Kgs.18.13,106,109,108,112,Daß,Dass,orthography:wordlist
1Kgs.18.13,132,139,135,144,Jehovas,des HERRN,name:genitive
1Kgs.18.15,54,60,54,58,Jehova,HERR,name:unresolved-case
1Kgs.18.18,150,157,150,159,Jehovas,des HERRN,name:genitive
1Kgs.18.21,98,104,98,106,Jehova,der HERR,name:subject-subordinate-clause
1Kgs.18.22,76,83,76,85,Jehovas,des HERRN,name:genitive
1Kgs.18.24,73,80,73,82,Jehovas,des HERRN,name:genitive
1Kgs.18.30,164,171,164,173,Jehovas,des HERRN,name:genitive
1Kgs.18.31,95,102,95,104,Jehovas,des HERRN,name:genitive
1Kgs.18.32,53,60,53,62,Jehovas,des HERRN,name:genitive
1Kgs.18.36,106,112,106,110,Jehova,HERR,name:unresolved-case
1Kgs.18.36,172,175,170,174,daß,dass,orthography:wordlist
1Kgs.18.36,228,231,227,231,daß,dass,orthography:wordlist
1Kgs.18.37,14,20,14,22,Jehova,der HERR,name:subject-before-finite-verb
1Kgs.18.37,66,69,68,72,daß,dass,orthography:wordlist
1Kgs.18.37,74,80,77,81,Jehova,HERR,name:direct-address
1Kgs.18.37,99,102,100,104,daß,dass,orthography:wordlist
1Kgs.18.38,14,21,14,23,Jehovas,des HERRN,name:genitive
1Kgs.18.39,81,87,81,85,Jehova,HERR,name:unresolved-case
1Kgs.18.39,105,111,103,107,Jehova,HERR,name:unresolved-case
1Kgs.18.41,68,70,68,71,iß,iss,orthography:wordlist
1Kgs.18.44,204,207,204,208,daß,dass,orthography:wordlist
1Kgs.18.46,13,20,13,22,Jehovas,des HERRN,name:genitive
1Kgs.19.4,135,138,135,139,daß,dass,orthography:wordlist
1Kgs.19.4,198,204,199,203,Jehova,HERR,name:unresolved-case
1Kgs.19.5,140,142,140,143,iß,iss,orthography:wordlist
1Kgs.19.7,14,21,14,23,Jehovas,des HERRN,name:genitive
1Kgs.19.7,97,99,99,102,iß,iss,orthography:wordlist
1Kgs.19.9,83,90,83,92,Jehovas,des HERRN,name:genitive
1Kgs.19.10,45,51,45,54,Jehova,den HERRN,name:accusative-preposition
1Kgs.19.11,73,79,73,82,Jehova,dem HERRN,name:presence-before-Lord
1Kgs.19.11,93,99,96,104,Jehova,der HERR,name:subject-before-finite-verb
1Kgs.19.11,148,154,153,160,zerriß,zerriss,orthography:wordlist
1Kgs.19.11,201,207,207,216,Jehova,dem HERRN,name:presence-before-Lord
1Kgs.19.11,214,220,223,231,Jehova,der HERR,name:subject-before-finite-verb
1Kgs.19.11,283,289,294,302,Jehova,der HERR,name:subject-before-finite-verb
1Kgs.19.12,54,60,54,62,Jehova,der HERR,name:subject-before-finite-verb
1Kgs.19.14,45,51,45,54,Jehova,den HERRN,name:accusative-preposition
1Kgs.19.15,4,10,4,12,Jehova,der HERR,name:subject-before-finite-verb
1Kgs.19.18,146,152,146,153,geküßt,geküsst,orthography:wordlist
1Kgs.19.20,61,64,61,65,Laß,Lass,orthography:wordlist
1Kgs.20.3,90,96,90,96,Weiber,Frauen,word:Weib-Frau
1Kgs.20.5,162,168,162,168,Weiber,Frauen,word:Weib-Frau
1Kgs.20.7,100,103,100,104,daß,dass,orthography:wordlist
1Kgs.20.7,163,169,164,170,Weiber,Frauen,word:Weib-Frau
1Kgs.20.13,88,94,88,96,Jehova,der HERR,name:subject-after-speech-verb
1Kgs.20.13,211,214,213,217,daß,dass,orthography:wordlist
1Kgs.20.13,219,225,222,226,Jehova,HERR,name:unresolved-case
1Kgs.20.14,56,62,56,64,Jehova,der HERR,name:subject-after-speech-verb
1Kgs.20.23,137,141,137,142,laßt,lasst,orthography:wordlist
1Kgs.20.28,111,117,111,119,Jehova,der HERR,name:subject-after-speech-verb
1Kgs.20.28,150,156,152,160,Jehova,der HERR,name:subject-before-finite-verb
1Kgs.20.28,304,307,308,312,daß,dass,orthography:wordlist
1Kgs.20.28,312,318,317,321,Jehova,HERR,name:unresolved-case
1Kgs.20.31,65,68,65,69,daß,dass,orthography:wordlist
1Kgs.20.31,122,125,123,127,laß,lass,orthography:wordlist
1Kgs.20.31,252,256,254,259,läßt,lässt,orthography:wordlist
1Kgs.20.32,162,165,162,166,Laß,Lass,orthography:wordlist
1Kgs.20.35,86,93,86,95,Jehovas,des HERRN,name:genitive
1Kgs.20.36,28,31,28,32,daß,dass,orthography:wordlist
1Kgs.20.36,56,63,57,66,Jehovas,des HERRN,name:genitive
1Kgs.20.39,256,263,256,264,vermißt,vermisst,orthography:wordlist
1Kgs.20.41,92,95,92,96,daß,dass,orthography:wordlist
1Kgs.20.42,34,40,34,42,Jehova,der HERR,name:subject-after-speech-verb
1Kgs.20.43,52,60,52,61,mißmutig,missmutig,orthography:wordlist
1Kgs.21.2,68,71,68,72,daß,dass,orthography:wordlist
1Kgs.21.3,40,46,40,44,Jehova,HERR,name:unresolved-case
1Kgs.21.3,68,71,66,70,daß,dass,orthography:wordlist
1Kgs.21.4,29,37,29,38,mißmutig,missmutig,orthography:wordlist
1Kgs.21.5,13,17,13,18,sein,seine,grammar:Frau-determiner
1Kgs.21.5,18,22,19,23,Weib,Frau,word:Weib-Frau
1Kgs.21.5,91,99,92,101,mißmutig,missmutig,orthography:wordlist
1Kgs.21.7,19,23,19,24,sein,seine,grammar:Frau-determiner
1Kgs.21.7,24,28,25,29,Weib,Frau,word:Weib-Frau
1Kgs.21.7,101,103,102,105,iß,iss,orthography:wordlist
1Kgs.21.7,110,113,112,116,laß,lass,orthography:wordlist
1Kgs.21.10,56,59,56,60,daß,dass,orthography:wordlist
1Kgs.21.10,179,182,180,184,daß,dass,orthography:wordlist
1Kgs.21.15,35,38,35,39,daß,dass,orthography:wordlist
1Kgs.21.16,33,36,33,37,daß,dass,orthography:wordlist
1Kgs.21.17,20,27,20,29,Jehovas,des HERRN,name:genitive
1Kgs.21.19,41,47,41,49,Jehova,der HERR,name:subject-after-speech-verb
1Kgs.21.19,138,144,140,148,Jehova,der HERR,name:subject-after-speech-verb
1Kgs.21.20,172,179,172,181,Jehovas,des HERRN,name:genitive
1Kgs.21.23,34,40,34,42,Jehova,der HERR,name:subject-after-auxiliary
1Kgs.21.25,104,111,104,113,Jehovas,des HERRN,name:genitive
1Kgs.21.25,131,135,133,138,sein,seine,grammar:Frau-determiner
1Kgs.21.25,136,140,139,143,Weib,Frau,word:Weib-Frau
1Kgs.21.26,24,30,24,30,Greuel,Gräuel,orthography:wordlist
1Kgs.21.26,113,119,113,121,Jehova,der HERR,name:subject-subordinate-clause
1Kgs.21.27,49,55,49,56,zerriß,zerriss,orthography:wordlist
1Kgs.21.28,20,27,20,29,Jehovas,des HERRN,name:genitive
1Kgs.21.29,18,21,18,22,daß,dass,orthography:wordlist
1Kgs.22.3,74,77,74,78,daß,dass,orthography:wordlist
1Kgs.22.5,77,84,77,86,Jehovas,des HERRN,name:genitive
1Kgs.22.7,45,52,45,54,Jehovas,des HERRN,name:genitive
1Kgs.22.7,60,63,62,66,daß,dass,orthography:wordlist
1Kgs.22.8,98,104,98,102,Jehova,HERR,name:unresolved-case
1Kgs.22.11,86,92,86,94,Jehova,der HERR,name:subject-after-speech-verb
1Kgs.22.12,120,126,120,128,Jehova,der HERR,name:subject-before-finite-verb
1Kgs.22.13,161,164,161,165,laß,lass,orthography:wordlist
1Kgs.22.14,28,34,28,36,Jehova,der HERR,name:subject-before-finite-verb
1Kgs.22.14,46,52,48,56,Jehova,der HERR,name:subject-subordinate-clause
1Kgs.22.15,223,229,223,231,Jehova,der HERR,name:subject-before-finite-verb
1Kgs.22.16,46,49,46,50,muß,muss,orthography:wordlist
1Kgs.22.16,72,75,73,77,daß,dass,orthography:wordlist
1Kgs.22.16,134,141,136,145,Jehovas,des HERRN,name:genitive
1Kgs.22.17,107,113,107,115,Jehova,der HERR,name:subject-before-finite-verb
1Kgs.22.19,48,55,48,57,Jehovas,des HERRN,name:genitive
1Kgs.22.19,66,72,68,72,Jehova,HERR,name:unresolved-case
1Kgs.22.20,4,10,4,12,Jehova,der HERR,name:subject-before-finite-verb
1Kgs.22.20,44,47,46,50,daß,dass,orthography:wordlist
1Kgs.22.21,48,54,48,57,Jehova,dem HERRN,name:presence-before-Lord
1Kgs.22.21,95,101,98,106,Jehova,der HERR,name:subject-before-finite-verb
1Kgs.22.23,16,22,16,24,Jehova,der HERR,name:subject-before-finite-verb
1Kgs.22.23,99,105,101,109,Jehova,der HERR,name:subject-before-finite-verb
1Kgs.22.24,110,117,110,119,Jehovas,des HERRN,name:genitive
1Kgs.22.28,64,70,64,72,Jehova,der HERR,name:subject-after-auxiliary
1Kgs.22.32,99,104,99,105,gewiß,gewiss,orthography:wordlist
1Kgs.22.33,62,65,62,66,daß,dass,orthography:wordlist
1Kgs.22.38,133,140,133,142,Jehovas,des HERRN,name:genitive
1Kgs.22.43,137,144,137,146,Jehovas,des HERRN,name:genitive
1Kgs.22.50,54,57,54,58,Laß,Lass,orthography:wordlist
1Kgs.22.53,39,46,39,48,Jehovas,des HERRN,name:genitive
1Kgs.22.54,72,78,72,81,Jehova,den HERRN,name:accusative-apposition
2Kgs.1.3,14,21,14,23,Jehovas,des HERRN,name:genitive
2Kgs.1.3,193,196,195,199,daß,dass,orthography:wordlist
2Kgs.1.4,18,24,18,26,Jehova,der HERR,name:subject-after-speech-verb
2Kgs.1.4,118,127,120,130,gewißlich,gewisslich,orthography:wordlist
2Kgs.1.6,171,177,171,179,Jehova,der HERR,name:subject-after-speech-verb
2Kgs.1.6,221,224,223,227,daß,dass,orthography:wordlist
2Kgs.1.6,385,394,388,398,gewißlich,gewisslich,orthography:wordlist
2Kgs.1.15,21,28,21,30,Jehovas,des HERRN,name:genitive
2Kgs.1.16,34,40,34,42,Jehova,der HERR,name:subject-after-speech-verb
2Kgs.1.16,283,292,285,295,gewißlich,gewisslich,orthography:wordlist
2Kgs.1.17,29,36,29,38,Jehovas,des HERRN,name:genitive
2Kgs.2.1,20,26,20,24,Jehova,HERR,name:unresolved-case
2Kgs.2.2,51,57,51,59,Jehova,der HERR,name:subject-before-finite-verb
2Kgs.2.2,121,127,123,131,Jehova,der HERR,name:subject-before-finite-verb
2Kgs.2.3,107,110,107,111,daß,dass,orthography:wordlist
2Kgs.2.3,111,117,112,120,Jehova,der HERR,name:subject-subordinate-clause
2Kgs.2.4,56,62,56,64,Jehova,der HERR,name:subject-before-finite-verb
2Kgs.2.4,121,127,123,131,Jehova,der HERR,name:subject-before-finite-verb
2Kgs.2.5,104,107,104,108,daß,dass,orthography:wordlist
2Kgs.2.5,108,114,109,117,Jehova,der HERR,name:subject-subordinate-clause
2Kgs.2.6,48,54,48,56,Jehova,der HERR,name:subject-before-finite-verb
2Kgs.2.6,114,120,116,124,Jehova,der HERR,name:subject-before-finite-verb
2Kgs.2.12,121,126,121,127,faßte,fasste,orthography:wordlist
2Kgs.2.12,150,156,151,158,zerriß,zerriss,orthography:wordlist
2Kgs.2.14,115,121,115,123,Jehova,der HERR,name:subject-after-auxiliary
2Kgs.2.16,183,190,183,192,Jehovas,des HERRN,name:genitive
2Kgs.2.21,99,105,99,107,Jehova,der HERR,name:subject-after-speech-verb
2Kgs.2.24,77,84,77,86,Jehovas,des HERRN,name:genitive
2Kgs.3.2,40,47,40,49,Jehovas,des HERRN,name:genitive
2Kgs.3.10,41,44,41,45,daß,dass,orthography:wordlist
2Kgs.3.10,45,51,46,54,Jehova,der HERR,name:subject-subordinate-clause
2Kgs.3.11,72,79,72,81,Jehovas,des HERRN,name:genitive
2Kgs.3.11,81,84,83,87,daß,dass,orthography:wordlist
2Kgs.3.11,89,95,92,96,Jehova,HERR,name:unresolved-case
2Kgs.3.11,249,252,250,254,goß,goss,orthography:wordlist
2Kgs.3.12,31,38,31,40,Jehovas,des HERRN,name:genitive
2Kgs.3.13,239,245,239,247,Jehova,der HERR,name:subject-before-finite-verb
2Kgs.3.14,26,32,26,30,Jehova,HERR,name:unresolved-case
2Kgs.3.15,104,111,104,113,Jehovas,des HERRN,name:genitive
2Kgs.3.16,54,60,54,62,Jehova,der HERR,name:subject-after-speech-verb
2Kgs.3.17,16,22,16,24,Jehova,der HERR,name:subject-after-speech-verb
2Kgs.3.17,133,136,135,139,daß,dass,orthography:wordlist
2Kgs.3.18,47,54,47,56,Jehovas,des HERRN,name:genitive
2Kgs.3.21,31,34,31,35,daß,dass,orthography:wordlist
2Kgs.3.23,67,76,67,77,gewißlich,gewisslich,orthography:wordlist
2Kgs.3.24,105,108,105,109,daß,dass,orthography:wordlist
2Kgs.3.26,34,37,34,38,daß,dass,orthography:wordlist
2Kgs.4.1,4,7,4,8,ein,eine,grammar:Frau-determiner
2Kgs.4.1,8,12,9,13,Weib,Frau,word:Weib-Frau
2Kgs.4.1,22,29,23,29,Weibern,Frauen,word:Weib-Frau
2Kgs.4.1,147,150,147,151,daß,dass,orthography:wordlist
2Kgs.4.1,163,169,164,168,Jehova,HERR,name:unresolved-case
2Kgs.4.5,30,36,30,37,schloß,schloss,orthography:wordlist
2Kgs.4.5,115,118,116,120,goß,goss,orthography:wordlist
2Kgs.4.8,83,86,83,87,ein,eine,grammar:Frau-determiner
2Kgs.4.8,88,100,89,100,wohlhabendes,wohlhabende,grammar:Frau-adjective
2Kgs.4.8,101,105,101,105,Weib,Frau,word:Weib-Frau
2Kgs.4.9,56,59,56,60,daß,dass,orthography:wordlist
2Kgs.4.10,0,3,0,4,Laß,Lass,orthography:wordlist
2Kgs.4.17,4,7,4,7,das,die,grammar:Frau-determiner
2Kgs.4.17,8,12,8,12,Weib,Frau,word:Weib-Frau
2Kgs.4.21,74,80,74,81,schloß,schloss,orthography:wordlist
2Kgs.4.23,107,114,107,113,Sabbath,Sabbat,orthography:wordlist
2Kgs.4.24,135,138,135,139,daß,dass,orthography:wordlist
2Kgs.4.27,75,82,75,83,umfaßte,umfasste,orthography:wordlist
2Kgs.4.27,169,172,170,174,Laß,Lass,orthography:wordlist
2Kgs.4.27,213,219,215,223,Jehova,der HERR,name:subject-before-finite-verb
2Kgs.4.30,44,50,44,52,Jehova,der HERR,name:subject-before-finite-verb
2Kgs.4.33,24,30,24,31,schloß,schloss,orthography:wordlist
2Kgs.4.33,79,85,80,89,Jehova,dem HERRN,name:dative-preposition
2Kgs.4.41,108,111,108,112,daß,dass,orthography:wordlist
2Kgs.4.42,181,184,181,185,daß,dass,orthography:wordlist
2Kgs.4.43,109,112,109,113,daß,dass,orthography:wordlist
2Kgs.4.43,141,147,142,150,Jehova,der HERR,name:subject-after-speech-verb
2Kgs.4.44,78,85,78,87,Jehovas,des HERRN,name:genitive
2Kgs.5.1,146,152,146,154,Jehova,der HERR,name:subject-after-auxiliary
2Kgs.5.2,140,143,140,143,dem,der,grammar:Frau-determiner
2Kgs.5.2,144,149,144,148,Weibe,Frau,word:Weib-Frau
2Kgs.5.6,173,176,173,177,daß,dass,orthography:wordlist
2Kgs.5.7,72,78,72,79,zerriß,zerriss,orthography:wordlist
2Kgs.5.7,164,167,165,169,daß,dass,orthography:wordlist
2Kgs.5.7,276,279,278,282,daß,dass,orthography:wordlist
2Kgs.5.7,290,295,293,299,Anlaß,Anlass,orthography:wordlist
2Kgs.5.8,54,57,54,58,daß,dass,orthography:wordlist
2Kgs.5.8,202,205,203,207,Laß,Lass,orthography:wordlist
2Kgs.5.8,255,258,257,261,daß,dass,orthography:wordlist
2Kgs.5.11,88,97,88,98,gewißlich,gewisslich,orthography:wordlist
2Kgs.5.11,146,153,147,156,Jehovas,des HERRN,name:genitive
2Kgs.5.13,153,160,153,161,Wieviel,Wie viel,orthography:wordlist
2Kgs.5.15,135,138,135,139,daß,dass,orthography:wordlist
2Kgs.5.16,35,41,35,43,Jehova,der HERR,name:subject-before-finite-verb
2Kgs.5.17,211,217,211,215,Jehova,HERR,name:unresolved-case
2Kgs.5.18,23,29,23,27,Jehova,HERR,name:unresolved-case
2Kgs.5.18,277,283,275,279,Jehova,HERR,name:unresolved-case
2Kgs.5.20,115,118,115,119,daß,dass,orthography:wordlist
2Kgs.5.20,187,193,188,196,Jehova,der HERR,name:subject-before-finite-verb
2Kgs.5.21,72,75,72,76,daß,dass,orthography:wordlist
2Kgs.5.22,60,64,60,65,läßt,lässt,orthography:wordlist
2Kgs.5.23,20,23,20,24,Laß,Lass,orthography:wordlist
2Kgs.6.2,0,3,0,4,laß,lass,orthography:wordlist
2Kgs.6.3,47,50,47,51,Laß,Lass,orthography:wordlist
2Kgs.6.17,31,37,31,35,Jehova,HERR,name:unresolved-case
2Kgs.6.17,66,69,64,68,daß,dass,orthography:wordlist
2Kgs.6.17,91,97,90,94,Jehova,HERR,name:unresolved-case
2Kgs.6.18,50,56,50,59,Jehova,dem HERRN,name:dative-preposition
2Kgs.6.20,72,78,72,76,Jehova,HERR,name:unresolved-case
2Kgs.6.20,107,110,105,109,daß,dass,orthography:wordlist
2Kgs.6.20,134,140,133,137,Jehova,HERR,name:unresolved-case
2Kgs.6.22,186,189,186,190,daß,dass,orthography:wordlist
2Kgs.6.26,81,84,81,85,ein,eine,grammar:Frau-determiner
2Kgs.6.26,85,89,86,90,Weib,Frau,word:Weib-Frau
2Kgs.6.27,27,33,27,31,Jehova,HERR,name:unresolved-case
2Kgs.6.28,60,66,60,65,Dieses,Diese,grammar:Frau-determiner
2Kgs.6.28,67,71,66,70,Weib,Frau,word:Weib-Frau
2Kgs.6.28,119,122,118,122,daß,dass,orthography:wordlist
2Kgs.6.29,112,115,112,116,daß,dass,orthography:wordlist
2Kgs.6.30,41,44,41,44,des,der,grammar:Frau-determiner
2Kgs.6.30,45,51,45,49,Weibes,Frau,word:Weib-Frau
2Kgs.6.30,63,69,61,68,zerriß,zerriss,orthography:wordlist
2Kgs.6.32,223,226,223,227,daß,dass,orthography:wordlist
2Kgs.6.33,113,119,113,122,Jehova,dem HERRN,name:dative-preposition
2Kgs.6.33,144,150,147,151,Jehova,HERR,name:unresolved-case
2Kgs.7.1,35,42,35,44,Jehovas,des HERRN,name:genitive
2Kgs.7.1,56,62,58,66,Jehova,der HERR,name:subject-after-speech-verb
2Kgs.7.2,114,120,114,122,Jehova,der HERR,name:subject-subordinate-clause
2Kgs.7.4,20,24,20,25,Laßt,Lasst,orthography:wordlist
2Kgs.7.4,197,201,198,203,laßt,lasst,orthography:wordlist
2Kgs.7.6,294,297,294,298,daß,dass,orthography:wordlist
2Kgs.7.9,209,213,209,214,laßt,lasst,orthography:wordlist
2Kgs.7.12,139,142,139,143,daß,dass,orthography:wordlist
2Kgs.7.13,275,279,275,280,laßt,lasst,orthography:wordlist
2Kgs.7.16,154,161,154,163,Jehovas,des HERRN,name:genitive
2Kgs.7.19,71,77,71,79,Jehova,der HERR,name:subject-subordinate-clause
2Kgs.8.1,20,23,20,23,dem,der,grammar:Frau-determiner
2Kgs.8.1,24,29,24,28,Weibe,Frau,word:Weib-Frau
2Kgs.8.1,180,186,179,187,Jehova,der HERR,name:subject-before-finite-verb
2Kgs.8.2,4,7,4,7,das,die,grammar:Frau-determiner
2Kgs.8.2,8,12,8,12,Weib,Frau,word:Weib-Frau
2Kgs.8.3,65,68,65,68,das,die,grammar:Frau-determiner
2Kgs.8.3,69,73,69,73,Weib,Frau,word:Weib-Frau
2Kgs.8.5,50,53,50,54,daß,dass,orthography:wordlist
2Kgs.8.5,106,109,107,110,das,die,grammar:Frau-determiner
2Kgs.8.5,110,114,111,115,Weib,Frau,word:Weib-Frau
2Kgs.8.5,261,264,262,265,das,die,grammar:Frau-determiner
2Kgs.8.5,265,269,266,270,Weib,Frau,word:Weib-Frau
2Kgs.8.6,22,25,22,25,das,die,grammar:Frau-determiner
2Kgs.8.6,26,30,26,30,Weib,Frau,word:Weib-Frau
2Kgs.8.8,112,118,112,121,Jehova,den HERRN,name:accusative-verb
2Kgs.8.9,250,254,250,255,läßt,lässt,orthography:wordlist
2Kgs.8.10,61,70,61,71,gewißlich,gewisslich,orthography:wordlist
2Kgs.8.10,86,92,87,95,Jehova,der HERR,name:subject-before-finite-verb
2Kgs.8.10,112,115,115,119,daß,dass,orthography:wordlist
2Kgs.8.10,120,129,124,134,gewißlich,gewisslich,orthography:wordlist
2Kgs.8.13,52,55,52,56,daß,dass,orthography:wordlist
2Kgs.8.13,109,115,110,118,Jehova,der HERR,name:subject-before-finite-verb
2Kgs.8.14,156,165,156,166,gewißlich,gewisslich,orthography:wordlist
2Kgs.8.15,129,132,129,133,daß,dass,orthography:wordlist
2Kgs.8.18,116,119,116,119,zum,zur,grammar:Frau-determiner
2Kgs.8.18,120,125,120,124,Weibe,Frau,word:Weib-Frau
2Kgs.8.18,167,174,166,175,Jehovas,des HERRN,name:genitive
2Kgs.8.19,5,11,5,13,Jehova,der HERR,name:subject-before-finite-verb
2Kgs.8.19,105,108,107,111,daß,dass,orthography:wordlist
2Kgs.8.27,86,93,86,95,Jehovas,des HERRN,name:genitive
2Kgs.9.2,136,139,136,140,laß,lass,orthography:wordlist
2Kgs.9.3,84,90,84,92,Jehova,der HERR,name:subject-after-speech-verb
2Kgs.9.6,53,56,53,57,goß,goss,orthography:wordlist
2Kgs.9.6,114,120,115,123,Jehova,der HERR,name:subject-after-speech-verb
2Kgs.9.6,190,197,193,202,Jehovas,des HERRN,name:genitive
2Kgs.9.7,144,151,144,153,Jehovas,des HERRN,name:genitive
2Kgs.9.12,120,126,120,128,Jehova,der HERR,name:subject-after-speech-verb
2Kgs.9.17,203,206,203,207,daß,dass,orthography:wordlist
2Kgs.9.24,90,93,90,94,daß,dass,orthography:wordlist
2Kgs.9.25,217,223,217,221,Jehova,HERR,name:unresolved-case
2Kgs.9.26,92,98,92,100,Jehova,der HERR,name:subject-after-speech-verb
2Kgs.9.26,164,170,166,174,Jehova,der HERR,name:subject-after-speech-verb
2Kgs.9.26,240,247,244,253,Jehovas,des HERRN,name:genitive
2Kgs.9.36,80,87,80,89,Jehovas,des HERRN,name:genitive
2Kgs.9.37,97,100,97,101,daß,dass,orthography:wordlist
2Kgs.10.10,14,17,14,18,daß,dass,orthography:wordlist
2Kgs.10.10,62,69,63,72,Jehovas,des HERRN,name:genitive
2Kgs.10.10,75,81,78,82,Jehova,HERR,name:unresolved-case
2Kgs.10.10,123,129,124,132,Jehova,der HERR,name:subject-before-finite-verb
2Kgs.10.16,51,57,51,60,Jehova,den HERRN,name:accusative-preposition
2Kgs.10.17,139,146,139,148,Jehovas,des HERRN,name:genitive
2Kgs.10.19,110,117,110,118,vermißt,vermisst,orthography:wordlist
2Kgs.10.19,187,194,188,196,vermißt,vermisst,orthography:wordlist
2Kgs.10.23,140,143,140,144,daß,dass,orthography:wordlist
2Kgs.10.23,177,184,178,187,Jehovas,des HERRN,name:genitive
2Kgs.10.24,196,200,196,201,läßt,lässt,orthography:wordlist
2Kgs.10.30,4,10,4,12,Jehova,der HERR,name:subject-before-finite-verb
2Kgs.10.31,48,55,48,57,Jehovas,des HERRN,name:genitive
2Kgs.10.32,23,29,23,27,Jehova,HERR,name:unresolved-case
2Kgs.11.1,45,48,45,49,daß,dass,orthography:wordlist
2Kgs.11.3,42,49,42,51,Jehovas,des HERRN,name:genitive
2Kgs.11.4,137,144,137,146,Jehovas,des HERRN,name:genitive
2Kgs.11.4,223,230,225,234,Jehovas,des HERRN,name:genitive
2Kgs.11.5,128,135,128,134,Sabbath,Sabbat,orthography:wordlist
2Kgs.11.7,68,75,68,74,Sabbath,Sabbat,orthography:wordlist
2Kgs.11.7,106,113,105,114,Jehovas,des HERRN,name:genitive
2Kgs.11.9,149,156,149,155,Sabbath,Sabbat,orthography:wordlist
2Kgs.11.9,181,188,180,186,Sabbath,Sabbat,orthography:wordlist
2Kgs.11.10,141,148,141,150,Jehovas,des HERRN,name:genitive
2Kgs.11.13,101,108,101,110,Jehovas,des HERRN,name:genitive
2Kgs.11.14,205,211,205,212,zerriß,zerriss,orthography:wordlist
2Kgs.11.15,273,280,273,282,Jehovas,des HERRN,name:genitive
2Kgs.11.17,67,73,67,71,Jehova,HERR,name:unresolved-case
2Kgs.11.17,106,109,104,108,daß,dass,orthography:wordlist
2Kgs.11.17,124,131,123,132,Jehovas,des HERRN,name:genitive
2Kgs.11.18,59,62,59,63,riß,riss,orthography:wordlist
2Kgs.11.18,250,257,251,260,Jehovas,des HERRN,name:genitive
2Kgs.11.19,142,149,142,151,Jehovas,des HERRN,name:genitive
2Kgs.12.3,43,50,43,52,Jehovas,des HERRN,name:genitive
2Kgs.12.5,92,99,92,101,Jehovas,des HERRN,name:genitive
2Kgs.12.5,268,275,270,279,Jehovas,des HERRN,name:genitive
2Kgs.12.10,152,159,152,161,Jehovas,des HERRN,name:genitive
2Kgs.12.10,270,277,272,281,Jehovas,des HERRN,name:genitive
2Kgs.12.11,33,36,33,37,daß,dass,orthography:wordlist
2Kgs.12.11,181,188,182,191,Jehovas,des HERRN,name:genitive
2Kgs.12.12,131,138,131,140,Jehovas,des HERRN,name:genitive
2Kgs.12.12,239,246,241,250,Jehovas,des HERRN,name:genitive
2Kgs.12.13,127,134,127,136,Jehovas,des HERRN,name:genitive
2Kgs.12.14,25,32,25,34,Jehovas,des HERRN,name:genitive
2Kgs.12.14,197,204,199,208,Jehovas,des HERRN,name:genitive
2Kgs.12.15,54,57,54,58,daß,dass,orthography:wordlist
2Kgs.12.15,72,79,73,82,Jehovas,des HERRN,name:genitive
2Kgs.12.17,82,89,82,91,Jehovas,des HERRN,name:genitive
2Kgs.12.19,242,249,242,251,Jehovas,des HERRN,name:genitive
2Kgs.13.2,40,47,40,49,Jehovas,des HERRN,name:genitive
2Kgs.13.3,23,30,23,32,Jehovas,des HERRN,name:genitive
2Kgs.13.4,18,24,18,22,Jehova,HERR,name:unresolved-case
2Kgs.13.4,34,40,32,40,Jehova,der HERR,name:subject-before-finite-verb
2Kgs.13.5,5,11,5,13,Jehova,der HERR,name:subject-before-finite-verb
2Kgs.13.11,40,47,40,49,Jehovas,des HERRN,name:genitive
2Kgs.13.17,154,160,154,163,Jehova,dem HERRN,name:dative-preposition
2Kgs.13.23,5,11,5,9,Jehova,HERR,name:unresolved-case
2Kgs.14.3,41,48,41,50,Jehovas,des HERRN,name:genitive
2Kgs.14.6,107,113,107,115,Jehova,der HERR,name:subject-subordinate-clause
2Kgs.14.8,129,132,129,133,laß,lass,orthography:wordlist
2Kgs.14.9,224,227,224,227,zum,zur,grammar:Frau-determiner
2Kgs.14.9,228,233,228,232,Weibe,Frau,word:Weib-Frau
2Kgs.14.10,166,169,166,170,daß,dass,orthography:wordlist
2Kgs.14.14,77,84,77,86,Jehovas,des HERRN,name:genitive
2Kgs.14.24,40,47,40,49,Jehovas,des HERRN,name:genitive
2Kgs.14.25,118,125,118,127,Jehovas,des HERRN,name:genitive
2Kgs.14.26,5,11,5,13,Jehova,der HERR,name:subject-before-finite-verb
2Kgs.14.26,18,21,20,24,daß,dass,orthography:wordlist
2Kgs.14.26,63,66,66,70,daß,dass,orthography:wordlist
2Kgs.14.26,116,119,120,124,daß,dass,orthography:wordlist
2Kgs.14.27,4,10,4,12,Jehova,der HERR,name:subject-before-finite-verb
2Kgs.14.27,32,35,34,38,daß,dass,orthography:wordlist
2Kgs.15.3,40,47,40,49,Jehovas,des HERRN,name:genitive
2Kgs.15.5,4,10,4,12,Jehova,der HERR,name:subject-before-finite-verb
2Kgs.15.9,40,47,40,49,Jehovas,des HERRN,name:genitive
2Kgs.15.12,17,24,17,26,Jehovas,des HERRN,name:genitive
2Kgs.15.18,40,47,40,49,Jehovas,des HERRN,name:genitive
2Kgs.15.24,40,47,40,49,Jehovas,des HERRN,name:genitive
2Kgs.15.28,40,47,40,49,Jehovas,des HERRN,name:genitive
2Kgs.15.34,41,48,41,50,Jehovas,des HERRN,name:genitive
2Kgs.15.35,120,127,120,129,Jehovas,des HERRN,name:genitive
2Kgs.15.37,23,29,23,27,Jehova,HERR,name:unresolved-case
2Kgs.16.2,163,170,163,172,Jehovas,des HERRN,name:genitive
2Kgs.16.3,123,130,123,130,Greueln,Gräueln,orthography:wordlist
2Kgs.16.3,150,156,150,154,Jehova,HERR,name:unresolved-case
2Kgs.16.8,64,71,64,73,Jehovas,des HERRN,name:genitive
2Kgs.16.13,61,64,61,65,goß,goss,orthography:wordlist
2Kgs.16.14,33,39,33,42,Jehova,dem HERRN,name:presence-before-Lord
2Kgs.16.14,154,161,157,166,Jehovas,des HERRN,name:genitive
2Kgs.16.18,28,35,28,34,Sabbath,Sabbat,orthography:wordlist
2Kgs.16.18,134,141,133,142,Jehovas,des HERRN,name:genitive
2Kgs.17.2,40,47,40,49,Jehovas,des HERRN,name:genitive
2Kgs.17.7,65,71,65,74,Jehova,den HERRN,name:accusative-preposition
2Kgs.17.8,89,95,89,93,Jehova,HERR,name:unresolved-case
2Kgs.17.9,37,43,37,46,Jehova,den HERRN,name:accusative-preposition
2Kgs.17.11,71,77,71,75,Jehova,HERR,name:unresolved-case
2Kgs.17.11,138,144,136,145,Jehova,den HERRN,name:accusative-preposition
2Kgs.17.12,39,45,39,47,Jehova,der HERR,name:subject-subordinate-clause
2Kgs.17.13,4,10,4,8,Jehova,HERR,name:unresolved-case
2Kgs.17.14,94,100,94,103,Jehova,dem HERRN,name:dative-apposition
2Kgs.17.15,283,289,283,291,Jehova,der HERR,name:subject-subordinate-clause
2Kgs.17.16,31,38,31,40,Jehovas,des HERRN,name:genitive
2Kgs.17.17,162,169,162,171,Jehovas,des HERRN,name:genitive
2Kgs.17.18,12,18,12,16,Jehova,HERR,name:unresolved-case
2Kgs.17.19,40,47,40,49,Jehovas,des HERRN,name:genitive
2Kgs.17.20,11,17,11,15,Jehova,HERR,name:unresolved-case
2Kgs.17.21,171,178,171,180,Jehovas,des HERRN,name:genitive
2Kgs.17.23,4,10,4,8,Jehova,HERR,name:unresolved-case
2Kgs.17.25,81,87,81,85,Jehova,HERR,name:unresolved-case
2Kgs.17.25,106,112,104,112,Jehova,der HERR,name:subject-after-auxiliary
2Kgs.17.27,48,52,48,53,Laßt,Lasst,orthography:wordlist
2Kgs.17.27,127,130,128,132,daß,dass,orthography:wordlist
2Kgs.17.28,123,129,123,127,Jehova,HERR,name:unresolved-case
2Kgs.17.32,29,35,29,33,Jehova,HERR,name:unresolved-case
2Kgs.17.33,15,21,15,19,Jehova,HERR,name:unresolved-case
2Kgs.17.34,67,73,67,76,Jehova,den HERRN,name:accusative-verb
2Kgs.17.34,209,215,212,220,Jehova,der HERR,name:subject-subordinate-clause
2Kgs.17.35,15,21,15,23,Jehova,der HERR,name:subject-after-auxiliary
2Kgs.17.36,8,14,8,12,Jehova,HERR,name:unresolved-case
2Kgs.17.39,8,14,8,12,Jehova,HERR,name:unresolved-case
2Kgs.17.41,29,35,29,33,Jehova,HERR,name:unresolved-case
2Kgs.18.3,40,47,40,49,Jehovas,des HERRN,name:genitive
2Kgs.18.5,17,23,17,26,Jehova,den HERRN,name:accusative-trust-in
2Kgs.18.6,48,54,48,52,Jehova,HERR,name:unresolved-case
2Kgs.18.6,124,130,122,126,Jehova,HERR,name:unresolved-case
2Kgs.18.7,4,10,4,12,Jehova,der HERR,name:subject-before-finite-verb
2Kgs.18.12,6,9,6,10,daß,dass,orthography:wordlist
2Kgs.18.12,30,37,31,40,Jehovas,des HERRN,name:genitive
2Kgs.18.12,134,141,137,146,Jehovas,des HERRN,name:genitive
2Kgs.18.15,53,60,53,62,Jehovas,des HERRN,name:genitive
2Kgs.18.16,63,70,63,72,Jehovas,des HERRN,name:genitive
2Kgs.18.20,115,118,115,119,daß,dass,orthography:wordlist
2Kgs.18.22,35,41,35,39,Jehova,HERR,name:unresolved-case
2Kgs.18.23,19,22,19,23,laß,lass,orthography:wordlist
2Kgs.18.25,23,29,23,32,Jehova,den HERRN,name:accusative-preposition
2Kgs.18.25,85,91,88,96,Jehova,Der HERR,name:subject-before-finite-verb
2Kgs.18.29,23,26,23,27,Daß,Dass,orthography:wordlist
2Kgs.18.30,31,37,31,35,Jehova,HERR,name:unresolved-case
2Kgs.18.30,69,75,67,75,Jehova,der HERR,name:subject-before-finite-verb
2Kgs.18.30,86,95,86,96,gewißlich,gewisslich,orthography:wordlist
2Kgs.18.32,164,167,164,168,daß,dass,orthography:wordlist
2Kgs.18.32,271,277,272,280,Jehova,der HERR,name:subject-before-finite-verb
2Kgs.18.35,96,99,96,100,daß,dass,orthography:wordlist
2Kgs.18.35,100,106,101,109,Jehova,der HERR,name:subject-subordinate-clause
2Kgs.19.1,52,58,52,59,zerriß,zerriss,orthography:wordlist
2Kgs.19.1,129,136,130,139,Jehovas,des HERRN,name:genitive
2Kgs.19.4,43,49,43,47,Jehova,HERR,name:direct-address-pronoun
2Kgs.19.4,227,233,225,229,Jehova,HERR,name:direct-address-pronoun
2Kgs.19.6,78,84,78,86,Jehova,der HERR,name:subject-after-speech-verb
2Kgs.19.7,43,46,43,47,daß,dass,orthography:wordlist
2Kgs.19.8,113,116,113,117,daß,dass,orthography:wordlist
2Kgs.19.10,68,71,68,72,Daß,Dass,orthography:wordlist
2Kgs.19.14,93,100,93,102,Jehovas,des HERRN,name:genitive
2Kgs.19.14,138,144,140,149,Jehova,dem HERRN,name:presence-before-Lord
2Kgs.19.15,23,29,23,32,Jehova,dem HERRN,name:presence-before-Lord
2Kgs.19.15,44,50,47,51,Jehova,HERR,name:unresolved-case
2Kgs.19.16,9,15,9,13,Jehova,HERR,name:direct-address-following-imperative
2Kgs.19.16,46,52,44,48,Jehova,HERR,name:direct-address-following-imperative
2Kgs.19.17,10,16,10,14,Jehova,HERR,name:unresolved-case
2Kgs.19.19,9,15,9,13,Jehova,HERR,name:direct-address-following-imperative
2Kgs.19.19,107,110,105,109,daß,dass,orthography:wordlist
2Kgs.19.19,115,121,114,118,Jehova,HERR,name:direct-address
2Kgs.19.20,80,86,80,88,Jehova,der HERR,name:subject-after-speech-verb
2Kgs.19.21,28,34,28,36,Jehova,der HERR,name:subject-subordinate-clause
2Kgs.19.25,41,44,41,45,daß,dass,orthography:wordlist
2Kgs.19.25,162,165,163,167,daß,dass,orthography:wordlist
2Kgs.19.28,146,151,146,152,Gebiß,Gebiss,orthography:wordlist
2Kgs.19.29,122,133,122,134,ausgesproßt,ausgesprosst,orthography:wordlist
2Kgs.19.31,95,102,95,104,Jehovas,des HERRN,name:genitive
2Kgs.19.32,18,24,18,26,Jehova,der HERR,name:subject-after-speech-verb
2Kgs.19.33,116,122,116,124,Jehova,der HERR,name:subject-after-speech-verb
2Kgs.19.35,53,60,53,62,Jehovas,des HERRN,name:genitive
2Kgs.20.1,138,144,138,146,Jehova,der HERR,name:subject-after-speech-verb
2Kgs.20.2,61,67,61,70,Jehova,dem HERRN,name:dative-preposition
2Kgs.20.3,15,21,15,19,Jehova,HERR,name:unresolved-case
2Kgs.20.3,39,42,37,41,daß,dass,orthography:wordlist
2Kgs.20.4,106,113,106,115,Jehovas,des HERRN,name:genitive
2Kgs.20.5,73,79,73,81,Jehova,der HERR,name:subject-after-speech-verb
2Kgs.20.5,245,252,247,256,Jehovas,des HERRN,name:genitive
2Kgs.20.8,85,88,85,89,daß,dass,orthography:wordlist
2Kgs.20.8,89,95,90,98,Jehova,der HERR,name:subject-subordinate-clause
2Kgs.20.8,119,122,122,126,daß,dass,orthography:wordlist
2Kgs.20.8,157,164,161,170,Jehovas,des HERRN,name:genitive
2Kgs.20.9,90,97,90,99,Jehovas,des HERRN,name:genitive
2Kgs.20.9,99,102,101,105,daß,dass,orthography:wordlist
2Kgs.20.9,103,109,106,114,Jehova,der HERR,name:subject-subordinate-clause
2Kgs.20.11,32,38,32,41,Jehova,dem HERRN,name:dative-preposition
2Kgs.20.12,138,141,138,142,daß,dass,orthography:wordlist
2Kgs.20.16,45,52,45,54,Jehovas,des HERRN,name:genitive
2Kgs.20.17,196,202,196,204,Jehova,der HERR,name:subject-after-speech-verb
2Kgs.20.19,40,47,40,49,Jehovas,des HERRN,name:genitive
2Kgs.21.2,59,66,59,68,Jehovas,des HERRN,name:genitive
2Kgs.21.2,77,84,79,86,Greueln,Gräueln,orthography:wordlist
2Kgs.21.2,104,110,106,110,Jehova,HERR,name:unresolved-case
2Kgs.21.4,71,78,71,80,Jehovas,des HERRN,name:genitive
2Kgs.21.4,92,98,94,102,Jehova,der HERR,name:subject-subordinate-clause
2Kgs.21.5,83,90,83,92,Jehovas,des HERRN,name:genitive
2Kgs.21.6,163,170,163,172,Jehovas,des HERRN,name:genitive
2Kgs.21.7,93,99,93,101,Jehova,der HERR,name:subject-subordinate-clause
2Kgs.21.9,101,107,101,109,Jehova,der HERR,name:subject-subordinate-clause
2Kgs.21.10,10,16,10,18,Jehova,der HERR,name:subject-after-speech-verb
2Kgs.21.11,42,48,42,48,Greuel,Gräuel,orthography:wordlist
2Kgs.21.12,18,24,18,26,Jehova,der HERR,name:subject-after-speech-verb
2Kgs.21.12,106,109,108,112,daß,dass,orthography:wordlist
2Kgs.21.13,35,44,35,45,Meßschnur,Messschnur,orthography:wordlist
2Kgs.21.16,12,18,12,19,vergoß,vergoss,orthography:wordlist
2Kgs.21.16,216,223,217,226,Jehovas,des HERRN,name:genitive
2Kgs.21.20,39,46,39,48,Jehovas,des HERRN,name:genitive
2Kgs.21.22,43,49,43,52,Jehova,den HERRN,name:accusative-apposition
2Kgs.21.22,110,117,113,122,Jehovas,des HERRN,name:genitive
2Kgs.22.2,41,48,41,50,Jehovas,des HERRN,name:genitive
2Kgs.22.3,160,167,160,169,Jehovas,des HERRN,name:genitive
2Kgs.22.4,45,48,45,49,daß,dass,orthography:wordlist
2Kgs.22.4,98,105,99,108,Jehovas,des HERRN,name:genitive
2Kgs.22.5,80,87,80,89,Jehovas,des HERRN,name:genitive
2Kgs.22.5,164,171,166,175,Jehovas,des HERRN,name:genitive
2Kgs.22.8,109,116,109,118,Jehovas,des HERRN,name:genitive
2Kgs.22.8,175,178,177,181,laß,lass,orthography:wordlist
2Kgs.22.9,254,261,254,263,Jehovas,des HERRN,name:genitive
2Kgs.22.11,78,84,78,85,zerriß,zerriss,orthography:wordlist
2Kgs.22.13,21,27,21,30,Jehova,den HERRN,name:accusative-verb
2Kgs.22.13,144,151,147,156,Jehovas,des HERRN,name:genitive
2Kgs.22.13,190,193,195,199,daß,dass,orthography:wordlist
2Kgs.22.14,104,107,104,107,dem,der,grammar:Frau-determiner
2Kgs.22.14,108,113,108,112,Weibe,Frau,word:Weib-Frau
2Kgs.22.15,47,53,47,55,Jehova,der HERR,name:subject-after-speech-verb
2Kgs.22.16,11,17,11,19,Jehova,der HERR,name:subject-after-speech-verb
2Kgs.22.17,6,9,6,10,daß,dass,orthography:wordlist
2Kgs.22.18,56,62,56,65,Jehova,den HERRN,name:accusative-preposition
2Kgs.22.18,120,126,123,131,Jehova,der HERR,name:subject-after-speech-verb
2Kgs.22.19,53,59,53,62,Jehova,dem HERRN,name:presence-before-Lord
2Kgs.22.19,158,161,161,165,daß,dass,orthography:wordlist
2Kgs.22.19,309,315,313,321,Jehova,der HERR,name:subject-after-speech-verb
2Kgs.23.2,32,39,32,41,Jehovas,des HERRN,name:genitive
2Kgs.23.2,283,290,285,294,Jehovas,des HERRN,name:genitive
2Kgs.23.3,75,81,75,84,Jehova,dem HERRN,name:presence-before-Lord
2Kgs.23.3,84,90,87,91,Jehova,HERR,name:unresolved-case
2Kgs.23.4,140,147,140,149,Jehovas,des HERRN,name:genitive
2Kgs.23.6,62,69,62,71,Jehovas,des HERRN,name:genitive
2Kgs.23.7,26,29,26,30,riß,riss,orthography:wordlist
2Kgs.23.7,79,86,80,89,Jehovas,des HERRN,name:genitive
2Kgs.23.7,108,114,111,117,Weiber,Frauen,word:Weib-Frau
2Kgs.23.8,175,178,175,179,riß,riss,orthography:wordlist
2Kgs.23.9,60,67,60,69,Jehovas,des HERRN,name:genitive
2Kgs.23.11,109,116,109,118,Jehovas,des HERRN,name:genitive
2Kgs.23.12,189,196,189,198,Jehovas,des HERRN,name:genitive
2Kgs.23.12,214,217,216,220,riß,riss,orthography:wordlist
2Kgs.23.13,239,245,239,245,Greuel,Gräuel,orthography:wordlist
2Kgs.23.15,174,177,174,178,riß,riss,orthography:wordlist
2Kgs.23.16,223,230,223,232,Jehovas,des HERRN,name:genitive
2Kgs.23.18,16,20,16,21,Laßt,Lasst,orthography:wordlist
2Kgs.23.19,119,125,119,128,Jehova,den HERRN,name:accusative-preposition
2Kgs.23.21,69,75,69,73,Jehova,HERR,name:unresolved-case
2Kgs.23.23,73,79,73,78,Jehova,HERRN,name:existing-oblique-article
2Kgs.23.24,298,305,298,307,Jehovas,des HERRN,name:genitive
2Kgs.23.25,61,67,61,70,Jehova,dem HERRN,name:dative-preposition
2Kgs.23.26,12,18,12,16,Jehova,HERR,name:unresolved-case
2Kgs.23.27,4,10,4,12,Jehova,der HERR,name:subject-before-finite-verb
2Kgs.23.32,40,47,40,49,Jehovas,des HERRN,name:genitive
2Kgs.23.33,70,73,70,74,daß,dass,orthography:wordlist
2Kgs.23.37,40,47,40,49,Jehovas,des HERRN,name:genitive
2Kgs.24.2,14,20,14,22,Jehova,der HERR,name:subject-before-finite-verb
2Kgs.24.2,207,214,209,218,Jehovas,des HERRN,name:genitive
2Kgs.24.3,27,34,27,36,Jehovas,des HERRN,name:genitive
2Kgs.24.4,120,126,120,128,Jehova,der HERR,name:subject-before-finite-verb
2Kgs.24.9,39,46,39,48,Jehovas,des HERRN,name:genitive
2Kgs.24.13,70,77,70,79,Jehovas,des HERRN,name:genitive
2Kgs.24.13,205,212,207,216,Jehovas,des HERRN,name:genitive
2Kgs.24.13,236,242,240,248,Jehova,der HERR,name:subject-subordinate-clause
2Kgs.24.15,79,85,79,85,Weiber,Frauen,word:Weib-Frau
2Kgs.24.19,39,46,39,48,Jehovas,des HERRN,name:genitive
2Kgs.24.20,22,29,22,31,Jehovas,des HERRN,name:genitive
2Kgs.25.9,28,35,28,37,Jehovas,des HERRN,name:genitive
2Kgs.25.10,86,89,86,90,riß,riss,orthography:wordlist
2Kgs.25.13,48,55,48,57,Jehovas,des HERRN,name:genitive
2Kgs.25.13,118,125,120,129,Jehovas,des HERRN,name:genitive
2Kgs.25.16,76,83,76,85,Jehovas,des HERRN,name:genitive
2Kgs.25.23,69,72,69,73,daß,dass,orthography:wordlist
1Chr.1.50,119,125,119,125,seines,seiner,grammar:Frau-determiner
1Chr.1.50,126,132,126,130,Weibes,Frau,word:Weib-Frau
1Chr.2.3,177,184,177,186,Jehovas,des HERRN,name:genitive
1Chr.2.18,56,62,56,62,seinem,seiner,grammar:Frau-determiner
1Chr.2.18,63,68,63,67,Weibe,Frau,word:Weib-Frau
1Chr.2.24,73,77,73,77,Weib,Frau,word:Weib-Frau
1Chr.2.26,21,24,21,25,ein,eine,grammar:Frau-determiner
1Chr.2.26,25,32,26,32,anderes,andere,grammar:Frau-adjective
1Chr.2.26,33,37,33,37,Weib,Frau,word:Weib-Frau
1Chr.2.29,14,17,14,17,des,der,grammar:Frau-determiner
1Chr.2.29,18,24,18,22,Weibes,Frau,word:Weib-Frau
1Chr.2.35,57,60,57,60,zum,zur,grammar:Frau-determiner
1Chr.2.35,61,66,61,65,Weibe,Frau,word:Weib-Frau
1Chr.3.3,66,72,66,72,seinem,seiner,grammar:Frau-determiner
1Chr.3.3,73,78,73,77,Weibe,Frau,word:Weib-Frau
1Chr.4.5,43,49,43,49,Weiber,Frauen,word:Weib-Frau
1Chr.4.10,174,177,174,178,daß,dass,orthography:wordlist
1Chr.4.18,4,8,4,9,sein,seine,grammar:Frau-determiner
1Chr.4.18,9,13,10,14,Weib,Frau,word:Weib-Frau
1Chr.4.19,15,18,15,18,des,der,grammar:Frau-determiner
1Chr.4.19,19,25,19,23,Weibes,Frau,word:Weib-Frau
1Chr.5.41,28,34,28,32,Jehova,HERR,name:unresolved-case
1Chr.6.16,67,74,67,76,Jehovas,des HERRN,name:genitive
1Chr.6.17,115,122,115,124,Jehovas,des HERRN,name:genitive
1Chr.7.4,146,152,146,152,Weiber,Frauen,word:Weib-Frau
1Chr.7.15,16,19,16,20,ein,eine,grammar:Frau-determiner
1Chr.7.15,20,24,21,25,Weib,Frau,word:Weib-Frau
1Chr.7.16,11,14,11,14,das,die,grammar:Frau-determiner
1Chr.7.16,15,19,15,19,Weib,Frau,word:Weib-Frau
1Chr.7.23,20,26,20,26,seinem,seiner,grammar:Frau-determiner
1Chr.7.23,27,32,27,31,Weibe,Frau,word:Weib-Frau
1Chr.8.8,95,101,95,101,Weiber,Frauen,word:Weib-Frau
1Chr.8.9,28,34,28,34,seinem,seiner,grammar:Frau-determiner
1Chr.8.9,35,40,35,39,Weibe,Frau,word:Weib-Frau
1Chr.8.29,56,62,56,62,seines,seiner,grammar:Frau-determiner
1Chr.8.29,63,69,63,67,Weibes,Frau,word:Weib-Frau
1Chr.9.19,245,252,245,254,Jehovas,des HERRN,name:genitive
1Chr.9.20,63,69,63,71,Jehova,Der HERR,name:subject-before-finite-verb
1Chr.9.23,57,64,57,66,Jehovas,des HERRN,name:genitive
1Chr.9.25,35,41,35,42,mußten,mussten,orthography:wordlist
1Chr.9.32,116,123,116,122,Sabbath,Sabbat,orthography:wordlist
1Chr.9.32,128,135,127,133,Sabbath,Sabbat,orthography:wordlist
1Chr.9.35,65,71,65,71,seines,seiner,grammar:Frau-determiner
1Chr.9.35,72,78,72,76,Weibes,Frau,word:Weib-Frau
1Chr.10.4,87,90,87,91,daß,dass,orthography:wordlist
1Chr.10.4,137,147,138,149,mißhandeln,misshandeln,orthography:wordlist
1Chr.10.5,42,45,42,46,daß,dass,orthography:wordlist
1Chr.10.7,62,65,62,66,daß,dass,orthography:wordlist
1Chr.10.7,84,87,85,89,daß,dass,orthography:wordlist
1Chr.10.13,70,76,70,79,Jehova,den HERRN,name:accusative-preposition
1Chr.10.13,107,114,110,119,Jehovas,des HERRN,name:genitive
1Chr.10.14,5,11,5,9,Jehova,HERR,name:unresolved-case
1Chr.11.2,97,103,97,101,Jehova,HERR,name:direct-address-pronoun
1Chr.11.3,128,134,128,137,Jehova,dem HERRN,name:presence-before-Lord
1Chr.11.3,200,207,203,212,Jehovas,des HERRN,name:genitive
1Chr.11.9,58,64,58,62,Jehova,HERR,name:unresolved-case
1Chr.11.10,169,176,169,178,Jehovas,des HERRN,name:genitive
1Chr.11.14,95,101,95,99,Jehova,HERR,name:unresolved-case
1Chr.11.18,208,211,208,212,goß,goss,orthography:wordlist
1Chr.11.18,239,245,240,245,Jehova,HERRN,name:existing-oblique-article
1Chr.11.19,58,61,58,62,daß,dass,orthography:wordlist
1Chr.11.21,54,57,54,58,daß,dass,orthography:wordlist
1Chr.11.23,224,227,224,228,riß,riss,orthography:wordlist
1Chr.12.18,242,245,242,246,daß,dass,orthography:wordlist
1Chr.12.24,157,164,157,166,Jehovas,des HERRN,name:genitive
1Chr.12.32,88,91,88,92,daß,dass,orthography:wordlist
1Chr.12.33,110,115,110,116,mußte,musste,orthography:wordlist
1Chr.13.2,94,100,94,103,Jehova,dem HERRN,name:dative-preposition
1Chr.13.2,126,130,129,134,laßt,lasst,orthography:wordlist
1Chr.13.2,297,300,301,305,daß,dass,orthography:wordlist
1Chr.13.4,35,38,35,39,daß,dass,orthography:wordlist
1Chr.13.6,131,138,131,140,Jehovas,des HERRN,name:genitive
1Chr.13.10,23,30,23,32,Jehovas,des HERRN,name:genitive
1Chr.13.10,70,73,72,76,daß,dass,orthography:wordlist
1Chr.13.11,28,34,28,36,Jehova,der HERR,name:subject-subordinate-clause
1Chr.13.14,92,98,92,100,Jehova,der HERR,name:subject-before-finite-verb
1Chr.14.2,48,51,48,52,daß,dass,orthography:wordlist
1Chr.14.2,52,58,53,61,Jehova,der HERR,name:subject-subordinate-clause
1Chr.14.3,21,27,21,27,Weiber,Frauen,word:Weib-Frau
1Chr.14.8,31,34,31,35,daß,dass,orthography:wordlist
1Chr.14.10,127,133,127,135,Jehova,der HERR,name:subject-before-finite-verb
1Chr.14.14,131,134,131,135,daß,dass,orthography:wordlist
1Chr.14.17,52,58,52,56,Jehova,HERR,name:unresolved-case
1Chr.15.2,95,101,95,99,Jehova,HERR,name:unresolved-case
1Chr.15.3,65,72,65,74,Jehovas,des HERRN,name:genitive
1Chr.15.12,131,138,131,140,Jehovas,des HERRN,name:genitive
1Chr.15.13,57,63,57,65,Jehova,der HERR,name:subject-after-auxiliary
1Chr.15.14,73,80,73,82,Jehovas,des HERRN,name:genitive
1Chr.15.15,157,164,157,166,Jehovas,des HERRN,name:genitive
1Chr.15.25,111,118,111,120,Jehovas,des HERRN,name:genitive
1Chr.15.26,82,89,82,91,Jehovas,des HERRN,name:genitive
1Chr.15.28,56,63,56,65,Jehovas,des HERRN,name:genitive
1Chr.15.29,41,48,41,50,Jehovas,des HERRN,name:genitive
1Chr.16.2,114,121,114,123,Jehovas,des HERRN,name:genitive
1Chr.16.3,49,52,49,52,zum,zur,grammar:Frau-determiner
1Chr.16.3,53,58,53,57,Weibe,Frau,word:Weib-Frau
1Chr.16.4,31,38,31,40,Jehovas,des HERRN,name:genitive
1Chr.16.4,78,81,80,84,daß,dass,orthography:wordlist
1Chr.16.4,86,93,89,98,Jehovas,des HERRN,name:genitive
1Chr.16.7,84,90,84,88,Jehova,HERR,name:unresolved-case
1Chr.16.8,8,14,8,17,Jehova,den HERRN,name:accusative-verb
1Chr.16.10,83,89,83,87,Jehova,HERR,name:unresolved-case
1Chr.16.11,14,20,14,23,Jehova,dem HERRN,name:dative-preposition
1Chr.16.14,4,10,4,12,Jehova,der HERR,name:subject-before-finite-verb
1Chr.16.23,25,31,25,34,Jehova,dem HERRN,name:dative-verb
1Chr.16.25,15,21,15,23,Jehova,der HERR,name:subject-after-auxiliary
1Chr.16.26,55,61,55,63,Jehova,der HERR,name:subject-before-finite-verb
1Chr.16.28,6,12,6,15,Jehova,dem HERRN,name:dative-give-imperative
1Chr.16.28,40,46,43,52,Jehova,dem HERRN,name:dative-give-imperative
1Chr.16.29,6,12,6,15,Jehova,dem HERRN,name:dative-give-imperative
1Chr.16.29,111,117,114,118,Jehova,HERR,name:unresolved-case
1Chr.16.31,93,99,93,101,Jehova,der HERR,name:subject-before-finite-verb
1Chr.16.33,47,53,47,56,Jehova,dem HERRN,name:presence-before-Lord
1Chr.16.34,8,14,8,17,Jehova,den HERRN,name:accusative-verb
1Chr.16.35,104,107,104,108,daß,dass,orthography:wordlist
1Chr.16.35,145,148,146,150,daß,dass,orthography:wordlist
1Chr.16.36,14,20,14,22,Jehova,der HERR,name:subject-after-auxiliary
1Chr.16.36,111,117,113,122,Jehova,den HERRN,name:accusative-verb
1Chr.16.37,52,59,52,61,Jehovas,des HERRN,name:genitive
1Chr.16.39,95,102,95,104,Jehovas,des HERRN,name:genitive
1Chr.16.40,3,9,3,12,Jehova,den HERRN,name:accusative-preposition
1Chr.16.40,140,147,143,152,Jehovas,des HERRN,name:genitive
1Chr.16.41,105,111,105,114,Jehova,den HERRN,name:accusative-preposition
1Chr.16.41,126,129,129,133,daß,dass,orthography:wordlist
1Chr.17.1,169,176,169,178,Jehovas,des HERRN,name:genitive
1Chr.17.4,70,76,70,78,Jehova,der HERR,name:subject-after-speech-verb
1Chr.17.7,67,73,67,75,Jehova,der HERR,name:subject-after-speech-verb
1Chr.17.7,159,162,161,165,daß,dass,orthography:wordlist
1Chr.17.9,79,82,79,83,daß,dass,orthography:wordlist
1Chr.17.10,154,157,154,158,daß,dass,orthography:wordlist
1Chr.17.10,158,164,159,167,Jehova,der HERR,name:subject-subordinate-clause
1Chr.17.11,51,54,51,55,daß,dass,orthography:wordlist
1Chr.17.16,53,59,53,62,Jehova,dem HERRN,name:presence-before-Lord
1Chr.17.16,94,100,97,105,Jehova,der HERR,name:first-person-apposition
1Chr.17.16,132,135,137,141,daß,dass,orthography:wordlist
1Chr.17.17,218,224,218,222,Jehova,HERR,name:unresolved-case
1Chr.17.19,9,15,9,13,Jehova,HERR,name:unresolved-case
1Chr.17.20,9,15,9,13,Jehova,HERR,name:unresolved-case
1Chr.17.22,84,90,84,88,Jehova,HERR,name:direct-address
1Chr.17.23,9,15,9,13,Jehova,HERR,name:unresolved-case
1Chr.17.24,63,66,63,67,daß,dass,orthography:wordlist
1Chr.17.24,80,86,81,85,Jehova,HERR,name:unresolved-case
1Chr.17.25,62,65,62,66,daß,dass,orthography:wordlist
1Chr.17.25,135,141,136,143,gefaßt,gefasst,orthography:wordlist
1Chr.17.26,9,15,9,13,Jehova,HERR,name:direct-address-pronoun
1Chr.17.27,70,73,70,74,daß,dass,orthography:wordlist
1Chr.17.27,110,116,111,115,Jehova,HERR,name:direct-address
1Chr.18.6,159,165,159,167,Jehova,der HERR,name:subject-before-finite-verb
1Chr.18.9,55,58,55,59,daß,dass,orthography:wordlist
1Chr.18.10,135,138,135,139,daß,dass,orthography:wordlist
1Chr.18.11,42,48,42,47,Jehova,HERRN,name:existing-oblique-article
1Chr.18.13,87,93,87,95,Jehova,der HERR,name:subject-before-finite-verb
1Chr.19.3,104,107,104,108,daß,dass,orthography:wordlist
1Chr.19.6,33,36,33,37,daß,dass,orthography:wordlist
1Chr.19.10,19,22,19,23,daß,dass,orthography:wordlist
1Chr.19.13,15,18,15,19,laß,lass,orthography:wordlist
1Chr.19.13,92,98,93,101,Jehova,der HERR,name:subject-before-finite-verb
1Chr.19.15,33,36,33,37,daß,dass,orthography:wordlist
1Chr.19.16,36,39,36,40,daß,dass,orthography:wordlist
1Chr.19.19,40,43,40,44,daß,dass,orthography:wordlist
1Chr.20.1,278,281,278,282,riß,riss,orthography:wordlist
1Chr.21.3,26,32,26,34,Jehova,der HERR,name:subject-after-auxiliary
1Chr.21.6,108,114,108,114,Greuel,Gräuel,orthography:wordlist
1Chr.21.8,54,57,54,58,daß,dass,orthography:wordlist
1Chr.21.8,95,98,96,100,laß,lass,orthography:wordlist
1Chr.21.9,4,10,4,12,Jehova,der HERR,name:subject-before-finite-verb
1Chr.21.10,63,69,63,71,Jehova,der HERR,name:subject-after-speech-verb
1Chr.21.10,125,128,127,131,daß,dass,orthography:wordlist
1Chr.21.12,11,17,11,19,Jehova,der HERR,name:subject-after-speech-verb
1Chr.21.12,132,135,134,138,daß,dass,orthography:wordlist
1Chr.21.12,206,213,209,218,Jehovas,des HERRN,name:genitive
1Chr.21.12,239,242,244,248,daß,dass,orthography:wordlist
1Chr.21.12,254,261,260,269,Jehovas,des HERRN,name:genitive
1Chr.21.13,101,108,101,110,Jehovas,des HERRN,name:genitive
1Chr.21.13,190,193,192,196,laß,lass,orthography:wordlist
1Chr.21.14,4,10,4,12,Jehova,der HERR,name:subject-before-finite-verb
1Chr.21.15,14,20,14,22,Jehova,der HERR,name:subject-before-finite-verb
1Chr.21.15,110,116,112,116,Jehova,HERR,name:unresolved-case
1Chr.21.15,245,252,245,254,Jehovas,des HERRN,name:genitive
1Chr.21.16,53,60,53,62,Jehovas,des HERRN,name:genitive
1Chr.21.17,187,193,187,191,Jehova,HERR,name:unresolved-case
1Chr.21.18,25,32,25,34,Jehovas,des HERRN,name:genitive
1Chr.21.18,50,53,52,56,daß,dass,orthography:wordlist
1Chr.21.18,103,109,106,115,Jehova,den HERRN,name:accusative-preposition
1Chr.21.19,63,70,63,72,Jehovas,des HERRN,name:genitive
1Chr.21.22,61,64,61,65,daß,dass,orthography:wordlist
1Chr.21.22,69,75,70,74,Jehova,HERR,name:unresolved-case
1Chr.21.22,130,133,129,133,daß,dass,orthography:wordlist
1Chr.21.24,133,139,133,142,Jehova,den HERRN,name:accusative-preposition
1Chr.21.26,26,32,26,35,Jehova,dem HERRN,name:dative-altar-recipient
1Chr.21.26,107,113,110,119,Jehova,dem HERRN,name:dative-preposition
1Chr.21.27,4,10,4,12,Jehova,der HERR,name:subject-before-finite-verb
1Chr.21.28,32,35,32,36,daß,dass,orthography:wordlist
1Chr.21.28,36,42,37,45,Jehova,der HERR,name:subject-subordinate-clause
1Chr.21.29,12,19,12,21,Jehovas,des HERRN,name:genitive
1Chr.21.30,131,138,131,140,Jehovas,des HERRN,name:genitive
1Chr.22.1,45,52,45,54,Jehovas,des HERRN,name:genitive
1Chr.22.2,37,40,37,41,daß,dass,orthography:wordlist
1Chr.22.5,90,96,90,95,Jehova,HERRN,name:existing-oblique-article
1Chr.22.6,49,55,49,58,Jehova,dem HERRN,name:dative-apposition
1Chr.22.7,88,95,88,97,Jehovas,des HERRN,name:genitive
1Chr.22.8,14,21,14,23,Jehovas,des HERRN,name:genitive
1Chr.22.11,17,23,17,25,Jehova,der HERR,name:subject-before-finite-verb
1Chr.22.11,37,40,39,43,daß,dass,orthography:wordlist
1Chr.22.11,72,79,75,84,Jehovas,des HERRN,name:genitive
1Chr.22.12,14,20,14,18,Jehova,HERR,name:unresolved-case
1Chr.22.12,107,114,105,114,Jehovas,des HERRN,name:genitive
1Chr.22.13,100,106,100,108,Jehova,der HERR,name:subject-subordinate-clause
1Chr.22.14,61,68,61,70,Jehovas,des HERRN,name:genitive
1Chr.22.16,105,111,105,113,Jehova,der HERR,name:subject-before-finite-verb
1Chr.22.18,10,16,10,14,Jehova,HERR,name:unresolved-case
1Chr.22.18,187,193,185,194,Jehova,dem HERRN,name:presence-before-Lord
1Chr.22.19,57,63,57,61,Jehova,HERR,name:unresolved-case
1Chr.22.19,137,144,135,144,Jehovas,des HERRN,name:genitive
1Chr.22.19,154,157,154,158,daß,dass,orthography:wordlist
1Chr.22.19,185,192,186,195,Jehovas,des HERRN,name:genitive
1Chr.22.19,274,281,277,286,Jehovas,des HERRN,name:genitive
1Chr.23.4,95,102,95,104,Jehovas,des HERRN,name:genitive
1Chr.23.5,52,58,52,60,Jehova,der HERR,name:subject-subordinate-clause
1Chr.23.13,67,70,67,71,daß,dass,orthography:wordlist
1Chr.23.13,144,150,145,154,Jehova,dem HERRN,name:presence-before-Lord
1Chr.23.22,145,152,145,151,Weibern,Frauen,word:Weib-Frau
1Chr.23.24,190,197,190,199,Jehovas,des HERRN,name:genitive
1Chr.23.25,20,26,20,24,Jehova,HERR,name:unresolved-case
1Chr.23.28,76,83,76,85,Jehovas,des HERRN,name:genitive
1Chr.23.30,47,53,47,56,Jehova,den HERRN,name:accusative-preposition
1Chr.23.31,38,44,38,43,Jehova,HERRN,name:existing-oblique-article
1Chr.23.31,64,73,63,71,Sabbathen,Sabbaten,orthography:wordlist
1Chr.23.31,172,178,170,179,Jehova,dem HERRN,name:presence-before-Lord
1Chr.23.32,162,169,162,171,Jehovas,des HERRN,name:genitive
1Chr.24.19,59,66,59,68,Jehovas,des HERRN,name:genitive
1Chr.24.19,143,149,145,153,Jehova,der HERR,name:subject-subordinate-clause
1Chr.25.3,192,198,192,201,Jehova,den HERRN,name:accusative-preposition
1Chr.25.6,104,111,104,113,Jehovas,des HERRN,name:genitive
1Chr.25.7,57,64,57,66,Jehovas,des HERRN,name:genitive
1Chr.26.12,122,129,122,131,Jehovas,des HERRN,name:genitive
1Chr.26.22,94,101,94,103,Jehovas,des HERRN,name:genitive
1Chr.26.27,90,97,90,99,Jehovas,des HERRN,name:genitive
1Chr.26.30,180,187,180,189,Jehovas,des HERRN,name:genitive
1Chr.27.23,98,104,98,106,Jehova,der HERR,name:subject-before-finite-verb
1Chr.27.23,121,124,123,127,daß,dass,orthography:wordlist
1Chr.28.2,187,194,187,196,Jehovas,des HERRN,name:genitive
1Chr.28.4,4,10,4,8,Jehova,HERR,name:unresolved-case
1Chr.28.5,45,51,45,53,Jehova,der HERR,name:subject-before-finite-verb
1Chr.28.5,151,158,153,162,Jehovas,des HERRN,name:genitive
1Chr.28.8,68,75,68,77,Jehovas,des HERRN,name:genitive
1Chr.28.8,149,156,151,160,Jehovas,des HERRN,name:genitive
1Chr.28.8,178,181,182,186,daß,dass,orthography:wordlist
1Chr.28.9,130,136,130,134,Jehova,HERR,name:unresolved-case
1Chr.28.10,20,23,20,24,daß,dass,orthography:wordlist
1Chr.28.10,24,30,25,33,Jehova,der HERR,name:subject-subordinate-clause
1Chr.28.12,89,96,89,98,Jehovas,des HERRN,name:genitive
1Chr.28.13,99,106,99,108,Jehovas,des HERRN,name:genitive
1Chr.28.13,159,166,161,170,Jehovas,des HERRN,name:genitive
1Chr.28.18,186,193,186,195,Jehovas,des HERRN,name:genitive
1Chr.28.19,110,113,110,114,daß,dass,orthography:wordlist
1Chr.28.19,123,130,124,133,Jehovas,des HERRN,name:genitive
1Chr.28.20,159,165,159,163,Jehova,HERR,name:unresolved-case
1Chr.28.20,302,309,300,309,Jehovas,des HERRN,name:genitive
1Chr.29.1,227,233,227,236,Jehova,den HERRN,name:accusative-preposition
1Chr.29.5,157,163,157,166,Jehova,den HERRN,name:accusative-preposition
1Chr.29.8,81,88,81,90,Jehovas,des HERRN,name:genitive
1Chr.29.9,119,125,119,128,Jehova,den HERRN,name:accusative-preposition
1Chr.29.10,35,41,35,39,Jehova,HERR,name:unresolved-case
1Chr.29.10,124,130,122,126,Jehova,HERR,name:direct-address
1Chr.29.11,6,12,6,14,Jehova,der HERR,name:subject-before-finite-verb
1Chr.29.11,143,149,145,153,Jehova,der HERR,name:subject-before-finite-verb
1Chr.29.14,42,45,42,46,daß,dass,orthography:wordlist
1Chr.29.16,9,15,9,13,Jehova,HERR,name:unresolved-case
1Chr.29.17,27,30,27,31,daß,dass,orthography:wordlist
1Chr.29.17,223,226,224,228,daß,dass,orthography:wordlist
1Chr.29.18,9,15,9,13,Jehova,HERR,name:unresolved-case
1Chr.29.20,59,65,59,63,Jehova,HERR,name:unresolved-case
1Chr.29.20,114,120,112,121,Jehova,den HERRN,name:accusative-apposition
1Chr.29.20,199,205,200,209,Jehova,dem HERRN,name:presence-before-Lord
1Chr.29.21,71,77,71,76,Jehova,HERRN,name:existing-oblique-article
1Chr.29.21,110,116,109,114,Jehova,HERRN,name:existing-oblique-article
1Chr.29.22,30,36,30,39,Jehova,dem HERRN,name:presence-before-Lord
1Chr.29.22,165,171,168,172,Jehova,HERR,name:unresolved-case
1Chr.29.23,41,48,41,50,Jehovas,des HERRN,name:genitive
1Chr.29.25,4,10,4,12,Jehova,der HERR,name:subject-before-finite-verb
2Chr.1.1,68,74,68,72,Jehova,HERR,name:unresolved-case
2Chr.1.3,174,181,174,183,Jehovas,des HERRN,name:genitive
2Chr.1.5,128,135,128,137,Jehovas,des HERRN,name:genitive
2Chr.1.6,60,66,60,69,Jehova,dem HERRN,name:presence-before-Lord
2Chr.1.9,15,21,15,19,Jehova,HERR,name:unresolved-case
2Chr.1.10,57,60,57,61,daß,dass,orthography:wordlist
2Chr.1.17,107,110,107,111,Roß,Ross,orthography:wordlist
2Chr.1.18,50,57,50,59,Jehovas,des HERRN,name:genitive
2Chr.2.2,140,143,140,144,daß,dass,orthography:wordlist
2Chr.2.3,26,33,26,35,Jehovas,des HERRN,name:genitive
2Chr.2.3,245,254,247,255,Sabbathen,Sabbaten,orthography:wordlist
2Chr.2.3,295,302,296,305,Jehovas,des HERRN,name:genitive
2Chr.2.5,128,131,128,132,daß,dass,orthography:wordlist
2Chr.2.7,100,103,100,104,daß,dass,orthography:wordlist
2Chr.2.10,105,111,105,113,Jehova,der HERR,name:subject-subordinate-clause
2Chr.2.11,60,66,60,68,Jehova,der HERR,name:subject-after-auxiliary
2Chr.2.11,123,126,125,129,daß,dass,orthography:wordlist
2Chr.2.11,208,214,211,215,Jehova,HERR,name:existing-nominative-article
2Chr.2.13,10,15,10,15,eines,einer,grammar:Frau-determiner
2Chr.2.13,16,22,16,20,Weibes,Frau,word:Weib-Frau
2Chr.3.1,31,38,31,40,Jehovas,des HERRN,name:genitive
2Chr.4.2,183,190,183,191,umfaßte,umfasste,orthography:wordlist
2Chr.4.5,133,138,133,139,faßte,fasste,orthography:wordlist
2Chr.4.16,133,140,133,142,Jehovas,des HERRN,name:genitive
2Chr.5.1,67,74,67,76,Jehovas,des HERRN,name:genitive
2Chr.5.2,169,176,169,178,Jehovas,des HERRN,name:genitive
2Chr.5.7,48,55,48,57,Jehovas,des HERRN,name:genitive
2Chr.5.9,33,36,33,37,daß,dass,orthography:wordlist
2Chr.5.10,93,99,93,97,Jehova,HERR,name:unresolved-case
2Chr.5.13,103,109,103,107,Jehova,HERR,name:unresolved-case
2Chr.5.13,245,252,243,252,Jehovas,des HERRN,name:genitive
2Chr.5.13,337,344,337,346,Jehovas,des HERRN,name:genitive
2Chr.5.14,126,133,126,135,Jehovas,des HERRN,name:genitive
2Chr.6.1,23,29,23,31,Jehova,der HERR,name:subject-before-finite-verb
2Chr.6.1,44,47,46,50,daß,dass,orthography:wordlist
2Chr.6.4,30,36,30,38,Jehova,der HERR,name:subject-after-auxiliary
2Chr.6.6,34,37,34,38,daß,dass,orthography:wordlist
2Chr.6.6,93,96,94,98,daß,dass,orthography:wordlist
2Chr.6.7,58,65,58,67,Jehovas,des HERRN,name:genitive
2Chr.6.8,4,10,4,12,Jehova,der HERR,name:subject-before-finite-verb
2Chr.6.8,139,142,141,145,daß,dass,orthography:wordlist
2Chr.6.10,14,20,14,22,Jehova,der HERR,name:subject-before-finite-verb
2Chr.6.10,187,193,189,197,Jehova,der HERR,name:subject-subordinate-clause
2Chr.6.10,229,236,233,242,Jehovas,des HERRN,name:genitive
2Chr.6.11,66,73,66,75,Jehovas,des HERRN,name:genitive
2Chr.6.12,27,34,27,36,Jehovas,des HERRN,name:genitive
2Chr.6.14,13,19,13,17,Jehova,HERR,name:unresolved-case
2Chr.6.16,9,15,9,13,Jehova,HERR,name:unresolved-case
2Chr.6.16,278,281,276,280,daß,dass,orthography:wordlist
2Chr.6.17,9,15,9,13,Jehova,HERR,name:unresolved-case
2Chr.6.18,137,144,137,145,wieviel,wie viel,orthography:wordlist
2Chr.6.19,71,77,71,75,Jehova,HERR,name:unresolved-case
2Chr.6.19,92,95,90,94,daß,dass,orthography:wordlist
2Chr.6.20,0,3,0,4,daß,dass,orthography:wordlist
2Chr.6.20,103,106,104,108,daß,dass,orthography:wordlist
2Chr.6.20,147,150,149,153,daß,dass,orthography:wordlist
2Chr.6.23,101,104,101,105,daß,dass,orthography:wordlist
2Chr.6.23,193,196,194,198,daß,dass,orthography:wordlist
2Chr.6.27,87,90,87,91,daß,dass,orthography:wordlist
2Chr.6.31,14,17,14,18,daß,dass,orthography:wordlist
2Chr.6.33,120,123,120,124,daß,dass,orthography:wordlist
2Chr.6.33,249,252,250,254,daß,dass,orthography:wordlist
2Chr.6.40,17,20,17,21,laß,lass,orthography:wordlist
2Chr.6.41,21,27,21,25,Jehova,HERR,name:unresolved-case
2Chr.6.41,85,88,83,87,Laß,Lass,orthography:wordlist
2Chr.6.41,106,112,105,109,Jehova,HERR,name:unresolved-case
2Chr.6.42,9,15,9,13,Jehova,HERR,name:unresolved-case
2Chr.7.1,157,164,157,166,Jehovas,des HERRN,name:genitive
2Chr.7.2,44,51,44,53,Jehovas,des HERRN,name:genitive
2Chr.7.2,88,95,90,99,Jehovas,des HERRN,name:genitive
2Chr.7.2,115,122,119,128,Jehovas,des HERRN,name:genitive
2Chr.7.3,89,96,89,98,Jehovas,des HERRN,name:genitive
2Chr.7.3,215,221,217,221,Jehova,HERR,name:unresolved-case
2Chr.7.4,72,78,72,81,Jehova,dem HERRN,name:presence-before-Lord
2Chr.7.6,99,106,99,108,Jehovas,des HERRN,name:genitive
2Chr.7.6,148,154,150,159,Jehova,den HERRN,name:accusative-preposition
2Chr.7.7,63,70,63,72,Jehovas,des HERRN,name:genitive
2Chr.7.8,126,130,126,131,Fluß,Fluss,orthography:wordlist
2Chr.7.10,150,156,150,154,Jehova,HERR,name:unresolved-case
2Chr.7.11,35,42,35,44,Jehovas,des HERRN,name:genitive
2Chr.7.11,127,134,129,138,Jehovas,des HERRN,name:genitive
2Chr.7.12,12,18,12,20,Jehova,der HERR,name:subject-after-auxiliary
2Chr.7.16,55,58,55,59,daß,dass,orthography:wordlist
2Chr.7.17,81,84,81,85,daß,dass,orthography:wordlist
2Chr.7.21,125,131,125,133,Jehova,der HERR,name:subject-after-auxiliary
2Chr.7.22,27,30,27,31,daß,dass,orthography:wordlist
2Chr.7.22,35,41,36,45,Jehova,den HERRN,name:accusative-apposition
2Chr.8.1,88,95,88,97,Jehovas,des HERRN,name:genitive
2Chr.8.11,130,134,130,135,Mein,Meine,grammar:Frau-determiner
2Chr.8.11,135,139,136,140,Weib,Frau,word:Weib-Frau
2Chr.8.11,254,261,255,264,Jehovas,des HERRN,name:genitive
2Chr.8.12,27,33,27,32,Jehova,HERRN,name:existing-oblique-article
2Chr.8.12,61,68,60,69,Jehovas,des HERRN,name:genitive
2Chr.8.13,93,102,93,101,Sabbathen,Sabbaten,orthography:wordlist
2Chr.8.16,94,101,94,103,Jehovas,des HERRN,name:genitive
2Chr.8.16,146,153,148,157,Jehovas,des HERRN,name:genitive
2Chr.9.4,207,214,207,216,Jehovas,des HERRN,name:genitive
2Chr.9.8,14,20,14,18,Jehova,HERR,name:direct-address-pronoun
2Chr.9.8,117,123,115,124,Jehova,den HERRN,name:accusative-preposition
2Chr.9.11,73,80,73,82,Jehovas,des HERRN,name:genitive
2Chr.10.9,41,44,41,45,daß,dass,orthography:wordlist
2Chr.10.15,92,95,92,96,daß,dass,orthography:wordlist
2Chr.10.15,96,102,97,105,Jehova,der HERR,name:subject-subordinate-clause
2Chr.10.16,26,29,26,30,daß,dass,orthography:wordlist
2Chr.11.2,20,27,20,29,Jehovas,des HERRN,name:genitive
2Chr.11.4,12,18,12,20,Jehova,der HERR,name:subject-after-speech-verb
2Chr.11.4,208,215,210,219,Jehovas,des HERRN,name:genitive
2Chr.11.14,169,176,169,178,Jehovas,des HERRN,name:genitive
2Chr.11.16,85,91,85,94,Jehova,den HERRN,name:accusative-apposition
2Chr.11.16,155,161,158,167,Jehova,den HERRN,name:accusative-preposition
2Chr.11.18,24,27,24,27,zum,zur,grammar:Frau-determiner
2Chr.11.18,28,33,28,32,Weibe,Frau,word:Weib-Frau
2Chr.11.21,89,95,89,95,Weiber,Frauen,word:Weib-Frau
2Chr.11.21,143,149,143,149,Weiber,Frauen,word:Weib-Frau
2Chr.11.23,196,202,196,202,Weiber,Frauen,word:Weib-Frau
2Chr.12.1,106,113,106,115,Jehovas,des HERRN,name:genitive
2Chr.12.2,201,207,201,210,Jehova,den HERRN,name:accusative-preposition
2Chr.12.5,167,173,167,175,Jehova,der HERR,name:subject-after-speech-verb
2Chr.12.6,76,82,76,84,Jehova,der HERR,name:subject-before-finite-verb
2Chr.12.7,18,24,18,26,Jehova,der HERR,name:subject-before-finite-verb
2Chr.12.7,31,34,33,37,daß,dass,orthography:wordlist
2Chr.12.7,82,89,85,94,Jehovas,des HERRN,name:genitive
2Chr.12.9,104,111,104,113,Jehovas,des HERRN,name:genitive
2Chr.12.11,47,54,47,56,Jehovas,des HERRN,name:genitive
2Chr.12.12,49,56,49,58,Jehovas,des HERRN,name:genitive
2Chr.12.12,73,76,75,79,daß,dass,orthography:wordlist
2Chr.12.13,193,199,193,197,Jehova,HERR,name:unresolved-case
2Chr.12.14,70,76,70,74,Jehova,HERR,name:unresolved-case
2Chr.13.5,27,30,27,31,daß,dass,orthography:wordlist
2Chr.13.5,31,37,32,40,Jehova,der HERR,name:subject-subordinate-clause
2Chr.13.8,55,62,55,64,Jehovas,des HERRN,name:genitive
2Chr.13.9,29,36,29,38,Jehovas,des HERRN,name:genitive
2Chr.13.10,9,15,9,17,Jehova,der HERR,name:subject-before-finite-verb
2Chr.13.10,107,113,109,118,Jehova,dem HERRN,name:dative-verb
2Chr.13.11,31,37,31,36,Jehova,HERRN,name:existing-oblique-article
2Chr.13.11,279,286,278,287,Jehovas,des HERRN,name:genitive
2Chr.13.12,160,166,160,169,Jehova,den HERRN,name:accusative-preposition
2Chr.13.13,58,61,58,62,daß,dass,orthography:wordlist
2Chr.13.14,98,104,98,107,Jehova,dem HERRN,name:dative-preposition
2Chr.13.18,125,131,125,129,Jehova,HERR,name:unresolved-case
2Chr.13.20,66,72,66,74,Jehova,der HERR,name:subject-before-finite-verb
2Chr.13.21,44,50,44,50,Weiber,Frauen,word:Weib-Frau
2Chr.14.1,51,58,51,60,Jehovas,des HERRN,name:genitive
2Chr.14.3,25,28,25,29,daß,dass,orthography:wordlist
2Chr.14.3,33,39,34,43,Jehova,den HERRN,name:accusative-apposition
2Chr.14.5,131,137,131,139,Jehova,der HERR,name:subject-before-finite-verb
2Chr.14.6,35,39,35,40,Laßt,Lasst,orthography:wordlist
2Chr.14.6,166,172,167,176,Jehova,den HERRN,name:accusative-apposition
2Chr.14.10,17,23,17,26,Jehova,dem HERRN,name:dative-preposition
2Chr.14.10,53,59,56,60,Jehova,HERR,name:unresolved-case
2Chr.14.10,161,167,162,166,Jehova,HERR,name:unresolved-case
2Chr.14.10,282,288,281,285,Jehova,HERR,name:direct-address-following-imperative
2Chr.14.10,304,307,301,305,laß,lass,orthography:wordlist
2Chr.14.11,4,10,4,12,Jehova,der HERR,name:subject-before-finite-verb
2Chr.14.12,116,119,116,120,daß,dass,orthography:wordlist
2Chr.14.12,194,200,195,204,Jehova,dem HERRN,name:presence-before-Lord
2Chr.14.13,68,75,68,77,Jehovas,des HERRN,name:genitive
2Chr.15.2,103,109,103,111,Jehova,Der HERR,name:subject-before-finite-verb
2Chr.15.4,43,49,43,52,Jehova,dem HERRN,name:dative-preposition
2Chr.15.8,77,82,77,83,faßte,fasste,orthography:wordlist
2Chr.15.8,112,118,113,119,Greuel,Gräuel,orthography:wordlist
2Chr.15.8,263,270,264,273,Jehovas,des HERRN,name:genitive
2Chr.15.8,292,299,295,304,Jehovas,des HERRN,name:genitive
2Chr.15.9,197,200,197,201,daß,dass,orthography:wordlist
2Chr.15.9,201,207,202,210,Jehova,der HERR,name:subject-subordinate-clause
2Chr.15.11,36,42,36,45,Jehova,dem HERRN,name:dative-verb
2Chr.15.12,31,37,31,40,Jehova,den HERRN,name:accusative-apposition
2Chr.15.13,16,22,16,20,Jehova,HERR,name:existing-nominative-article
2Chr.15.13,135,138,133,136,zum,zur,grammar:Frau-determiner
2Chr.15.13,139,144,137,141,Weibe,Frau,word:Weib-Frau
2Chr.15.14,17,23,17,21,Jehova,HERR,name:unresolved-case
2Chr.15.15,96,102,96,105,Jehova,den HERRN,name:accusative-verb
2Chr.15.15,171,177,174,178,Jehova,HERR,name:unresolved-case
2Chr.15.16,70,73,70,74,daß,dass,orthography:wordlist
2Chr.16.2,70,77,70,79,Jehovas,des HERRN,name:genitive
2Chr.16.3,185,188,185,189,daß,dass,orthography:wordlist
2Chr.16.7,196,202,196,200,Jehova,HERR,name:unresolved-case
2Chr.16.8,138,144,138,142,Jehova,HERR,name:unresolved-case
2Chr.16.9,5,12,5,14,Jehovas,des HERRN,name:genitive
2Chr.16.12,86,89,86,90,daß,dass,orthography:wordlist
2Chr.16.12,160,166,161,165,Jehova,HERR,name:unresolved-case
2Chr.17.3,4,10,4,12,Jehova,der HERR,name:subject-before-finite-verb
2Chr.17.5,4,10,4,8,Jehova,HERR,name:unresolved-case
2Chr.17.6,40,47,40,49,Jehovas,des HERRN,name:genitive
2Chr.17.7,125,128,125,129,daß,dass,orthography:wordlist
2Chr.17.9,61,68,61,70,Jehovas,des HERRN,name:genitive
2Chr.17.10,28,35,28,37,Jehovas,des HERRN,name:genitive
2Chr.17.10,105,108,107,111,daß,dass,orthography:wordlist
2Chr.17.16,60,66,60,64,Jehova,HERR,name:unresolved-case
2Chr.18.4,77,84,77,86,Jehovas,des HERRN,name:genitive
2Chr.18.6,45,52,45,54,Jehovas,des HERRN,name:genitive
2Chr.18.6,60,63,62,66,daß,dass,orthography:wordlist
2Chr.18.7,98,104,98,102,Jehova,HERR,name:unresolved-case
2Chr.18.10,86,92,86,94,Jehova,der HERR,name:subject-after-speech-verb
2Chr.18.11,120,126,120,128,Jehova,der HERR,name:subject-before-finite-verb
2Chr.18.12,159,162,159,163,laß,lass,orthography:wordlist
2Chr.18.13,28,34,28,36,Jehova,der HERR,name:subject-before-finite-verb
2Chr.18.15,30,38,30,39,Wieviele,Wie viele,orthography:wordlist
2Chr.18.15,44,47,45,49,muß,muss,orthography:wordlist
2Chr.18.15,70,73,72,76,daß,dass,orthography:wordlist
2Chr.18.15,133,140,136,145,Jehovas,des HERRN,name:genitive
2Chr.18.16,106,112,106,114,Jehova,der HERR,name:subject-before-finite-verb
2Chr.18.18,49,56,49,58,Jehovas,des HERRN,name:genitive
2Chr.18.18,67,73,69,73,Jehova,HERR,name:unresolved-case
2Chr.18.19,4,10,4,12,Jehova,der HERR,name:subject-before-finite-verb
2Chr.18.19,69,72,71,75,daß,dass,orthography:wordlist
2Chr.18.20,48,54,48,57,Jehova,dem HERRN,name:presence-before-Lord
2Chr.18.20,95,101,98,106,Jehova,der HERR,name:subject-before-finite-verb
2Chr.18.22,16,22,16,24,Jehova,der HERR,name:subject-before-finite-verb
2Chr.18.22,95,101,97,105,Jehova,der HERR,name:subject-before-finite-verb
2Chr.18.23,124,131,124,133,Jehovas,des HERRN,name:genitive
2Chr.18.27,64,70,64,72,Jehova,der HERR,name:subject-after-auxiliary
2Chr.18.31,190,196,190,198,Jehova,der HERR,name:subject-before-finite-verb
2Chr.18.32,62,65,62,66,daß,dass,orthography:wordlist
2Chr.19.2,147,153,147,151,Jehova,HERR,name:unresolved-case
2Chr.19.2,212,219,210,219,Jehovas,des HERRN,name:genitive
2Chr.19.4,141,147,141,150,Jehova,dem HERRN,name:dative-preposition
2Chr.19.6,111,117,111,120,Jehova,den HERRN,name:accusative-preposition
2Chr.19.7,27,34,27,36,Jehovas,des HERRN,name:genitive
2Chr.19.7,84,90,86,95,Jehova,dem HERRN,name:dative-preposition
2Chr.19.8,112,119,112,121,Jehovas,des HERRN,name:genitive
2Chr.19.9,67,74,67,76,Jehovas,des HERRN,name:genitive
2Chr.19.10,217,220,217,221,daß,dass,orthography:wordlist
2Chr.19.10,240,246,241,245,Jehova,HERR,name:unresolved-case
2Chr.19.10,265,268,264,268,daß,dass,orthography:wordlist
2Chr.19.11,80,87,80,89,Jehovas,des HERRN,name:genitive
2Chr.19.11,257,263,259,267,Jehova,der HERR,name:subject-before-finite-verb
2Chr.20.3,71,77,71,75,Jehova,HERR,name:unresolved-case
2Chr.20.4,36,42,36,45,Jehova,dem HERRN,name:dative-preposition
2Chr.20.4,107,113,110,119,Jehova,den HERRN,name:accusative-preposition
2Chr.20.5,71,78,71,80,Jehovas,des HERRN,name:genitive
2Chr.20.6,16,22,16,20,Jehova,HERR,name:unresolved-case
2Chr.20.13,24,30,24,33,Jehova,dem HERRN,name:presence-before-Lord
2Chr.20.13,60,67,63,69,Weibern,Frauen,word:Weib-Frau
2Chr.20.14,159,166,159,168,Jehovas,des HERRN,name:genitive
2Chr.20.15,111,117,111,119,Jehova,der HERR,name:subject-after-speech-verb
2Chr.20.17,89,96,89,98,Jehovas,des HERRN,name:genitive
2Chr.20.17,208,214,210,218,Jehova,der HERR,name:subject-before-finite-verb
2Chr.20.18,121,127,121,130,Jehova,dem HERRN,name:presence-before-Lord
2Chr.20.18,133,139,136,145,Jehova,den HERRN,name:accusative-preposition
2Chr.20.19,100,106,100,109,Jehova,den HERRN,name:accusative-preposition
2Chr.20.20,203,209,203,212,Jehova,den HERRN,name:accusative-believe-in
2Chr.20.21,62,68,62,71,Jehova,den HERRN,name:accusative-preposition
2Chr.20.21,177,183,180,189,Jehova,den HERRN,name:accusative-verb
2Chr.20.22,76,82,76,80,Jehova,HERR,name:unresolved-case
2Chr.20.26,86,92,86,90,Jehova,HERR,name:unresolved-case
2Chr.20.27,139,145,139,147,Jehova,der HERR,name:subject-before-finite-verb
2Chr.20.28,42,49,42,51,Jehovas,des HERRN,name:genitive
2Chr.20.29,93,96,93,97,daß,dass,orthography:wordlist
2Chr.20.29,97,103,98,106,Jehova,der HERR,name:subject-subordinate-clause
2Chr.20.32,125,132,125,134,Jehovas,des HERRN,name:genitive
2Chr.20.37,151,157,151,159,Jehova,der HERR,name:subject-after-auxiliary
2Chr.21.6,125,128,125,128,zum,zur,grammar:Frau-determiner
2Chr.21.6,129,134,129,133,Weibe,Frau,word:Weib-Frau
2Chr.21.6,176,183,175,184,Jehovas,des HERRN,name:genitive
2Chr.21.7,5,11,5,13,Jehova,der HERR,name:subject-before-finite-verb
2Chr.21.7,134,137,136,140,daß,dass,orthography:wordlist
2Chr.21.10,166,172,166,175,Jehova,den HERRN,name:accusative-apposition
2Chr.21.12,88,94,88,96,Jehova,der HERR,name:subject-after-speech-verb
2Chr.21.12,136,139,138,142,daß,dass,orthography:wordlist
2Chr.21.14,15,21,15,23,Jehova,der HERR,name:subject-after-auxiliary
2Chr.21.14,61,67,63,69,Weiber,Frauen,word:Weib-Frau
2Chr.21.16,4,10,4,12,Jehova,der HERR,name:subject-before-finite-verb
2Chr.21.17,151,157,151,157,Weiber,Frauen,word:Weib-Frau
2Chr.21.18,53,59,53,57,Jehova,HERR,name:unresolved-case
2Chr.21.19,98,101,98,102,daß,dass,orthography:wordlist
2Chr.21.20,166,173,166,174,vermißt,vermisst,orthography:wordlist
2Chr.22.4,40,47,40,49,Jehovas,des HERRN,name:genitive
2Chr.22.7,46,49,46,50,daß,dass,orthography:wordlist
2Chr.22.7,159,165,160,168,Jehova,der HERR,name:subject-subordinate-clause
2Chr.22.9,209,215,209,213,Jehova,HERR,name:existing-nominative-article
2Chr.22.10,45,48,45,49,daß,dass,orthography:wordlist
2Chr.22.11,258,261,258,261,das,die,grammar:Frau-determiner
2Chr.22.11,262,266,262,266,Weib,Frau,word:Weib-Frau
2Chr.22.11,348,351,348,352,daß,dass,orthography:wordlist
2Chr.23.3,161,167,161,169,Jehova,der HERR,name:subject-subordinate-clause
2Chr.23.4,67,74,67,73,Sabbath,Sabbat,orthography:wordlist
2Chr.23.5,124,131,124,133,Jehovas,des HERRN,name:genitive
2Chr.23.6,32,39,32,41,Jehovas,des HERRN,name:genitive
2Chr.23.6,195,202,197,206,Jehovas,des HERRN,name:genitive
2Chr.23.8,149,156,149,155,Sabbath,Sabbat,orthography:wordlist
2Chr.23.8,181,188,180,186,Sabbath,Sabbat,orthography:wordlist
2Chr.23.12,121,128,121,130,Jehovas,des HERRN,name:genitive
2Chr.23.13,286,292,286,293,zerriß,zerriss,orthography:wordlist
2Chr.23.14,301,308,301,310,Jehovas,des HERRN,name:genitive
2Chr.23.15,74,82,74,83,Roßtores,Rosstores,orthography:wordlist
2Chr.23.16,83,86,83,87,daß,dass,orthography:wordlist
2Chr.23.16,100,107,101,110,Jehovas,des HERRN,name:genitive
2Chr.23.17,47,50,47,51,riß,riss,orthography:wordlist
2Chr.23.18,39,46,39,48,Jehovas,des HERRN,name:genitive
2Chr.23.18,118,125,120,129,Jehovas,des HERRN,name:genitive
2Chr.23.18,163,170,167,176,Jehovas,des HERRN,name:genitive
2Chr.23.19,54,61,54,63,Jehovas,des HERRN,name:genitive
2Chr.23.19,64,67,66,70,daß,dass,orthography:wordlist
2Chr.23.20,152,159,152,161,Jehovas,des HERRN,name:genitive
2Chr.24.2,43,50,43,52,Jehovas,des HERRN,name:genitive
2Chr.24.3,44,50,44,50,Weiber,Frauen,word:Weib-Frau
2Chr.24.4,34,37,34,38,daß,dass,orthography:wordlist
2Chr.24.4,71,78,72,81,Jehovas,des HERRN,name:genitive
2Chr.24.6,184,191,184,193,Jehovas,des HERRN,name:genitive
2Chr.24.7,125,132,125,134,Jehovas,des HERRN,name:genitive
2Chr.24.8,99,106,99,108,Jehovas,des HERRN,name:genitive
2Chr.24.9,55,58,55,59,daß,dass,orthography:wordlist
2Chr.24.9,63,69,64,68,Jehova,HERR,name:unresolved-case
2Chr.24.11,123,126,123,127,daß,dass,orthography:wordlist
2Chr.24.12,90,97,90,99,Jehovas,des HERRN,name:genitive
2Chr.24.12,170,177,172,181,Jehovas,des HERRN,name:genitive
2Chr.24.12,241,248,245,254,Jehovas,des HERRN,name:genitive
2Chr.24.14,131,138,131,140,Jehovas,des HERRN,name:genitive
2Chr.24.14,275,282,277,286,Jehovas,des HERRN,name:genitive
2Chr.24.18,28,35,28,37,Jehovas,des HERRN,name:genitive
2Chr.24.19,48,54,48,57,Jehova,dem HERRN,name:dative-preposition
2Chr.24.20,193,200,193,202,Jehovas,des HERRN,name:genitive
2Chr.24.20,245,251,247,251,Jehova,HERR,name:unresolved-case
2Chr.24.21,109,116,109,118,Jehovas,des HERRN,name:genitive
2Chr.24.22,152,158,152,156,Jehova,HERR,name:unresolved-case
2Chr.24.23,49,52,49,53,daß,dass,orthography:wordlist
2Chr.24.24,74,80,74,78,Jehova,HERR,name:unresolved-case
2Chr.24.24,133,139,131,140,Jehova,den HERRN,name:accusative-apposition
2Chr.25.2,41,48,41,50,Jehovas,des HERRN,name:genitive
2Chr.25.4,106,112,106,114,Jehova,der HERR,name:subject-subordinate-clause
2Chr.25.7,55,58,55,59,Laß,Lass,orthography:wordlist
2Chr.25.7,108,114,109,117,Jehova,der HERR,name:subject-before-finite-verb
2Chr.25.9,165,171,165,173,Jehova,der HERR,name:subject-before-finite-verb
2Chr.25.10,89,92,89,93,daß,dass,orthography:wordlist
2Chr.25.11,22,27,22,28,faßte,fasste,orthography:wordlist
2Chr.25.12,173,176,173,177,daß,dass,orthography:wordlist
2Chr.25.13,69,72,69,73,daß,dass,orthography:wordlist
2Chr.25.15,23,30,23,32,Jehovas,des HERRN,name:genitive
2Chr.25.16,130,133,130,134,Laß,Lass,orthography:wordlist
2Chr.25.16,219,222,220,224,daß,dass,orthography:wordlist
2Chr.25.17,161,164,161,165,laß,lass,orthography:wordlist
2Chr.25.18,224,227,224,227,zum,zur,grammar:Frau-determiner
2Chr.25.18,228,233,228,232,Weibe,Frau,word:Weib-Frau
2Chr.25.19,176,179,176,180,daß,dass,orthography:wordlist
2Chr.25.27,51,58,51,60,Jehovas,des HERRN,name:genitive
2Chr.26.4,40,47,40,49,Jehovas,des HERRN,name:genitive
2Chr.26.5,111,117,111,115,Jehova,HERR,name:unresolved-case
2Chr.26.6,54,57,54,58,riß,riss,orthography:wordlist
2Chr.26.15,69,72,69,73,daß,dass,orthography:wordlist
2Chr.26.16,125,131,125,134,Jehova,den HERRN,name:accusative-preposition
2Chr.26.16,172,179,175,184,Jehovas,des HERRN,name:genitive
2Chr.26.17,78,85,78,87,Jehovas,des HERRN,name:genitive
2Chr.26.18,92,98,92,96,Jehova,HERR,name:unresolved-case
2Chr.26.18,303,309,301,310,Jehova,dem HERRN,name:dative-preposition
2Chr.26.19,70,80,70,81,Räucherfaß,Räucherfass,orthography:wordlist
2Chr.26.19,215,222,216,225,Jehovas,des HERRN,name:genitive
2Chr.26.20,223,229,223,231,Jehova,der HERR,name:subject-subordinate-clause
2Chr.26.21,146,153,146,155,Jehovas,des HERRN,name:genitive
2Chr.27.2,41,48,41,50,Jehovas,des HERRN,name:genitive
2Chr.27.2,132,139,134,143,Jehovas,des HERRN,name:genitive
2Chr.27.3,36,43,36,45,Jehovas,des HERRN,name:genitive
2Chr.27.6,71,78,71,80,Jehovas,des HERRN,name:genitive
2Chr.28.1,163,170,163,172,Jehovas,des HERRN,name:genitive
2Chr.28.3,98,105,98,105,Greueln,Gräueln,orthography:wordlist
2Chr.28.3,125,131,125,129,Jehova,HERR,name:unresolved-case
2Chr.28.5,11,17,11,15,Jehova,HERR,name:unresolved-case
2Chr.28.6,123,129,123,132,Jehova,den HERRN,name:accusative-apposition
2Chr.28.8,78,84,78,84,Weiber,Frauen,word:Weib-Frau
2Chr.28.9,40,47,40,49,Jehovas,des HERRN,name:genitive
2Chr.28.9,162,168,164,172,Jehova,der HERR,name:subject-subordinate-clause
2Chr.28.10,157,163,157,166,Jehova,den HERRN,name:accusative-preposition
2Chr.28.11,121,128,121,130,Jehovas,des HERRN,name:genitive
2Chr.28.13,102,108,102,111,Jehova,den HERRN,name:accusative-preposition
2Chr.28.16,72,75,72,76,daß,dass,orthography:wordlist
2Chr.28.19,5,11,5,9,Jehova,HERR,name:unresolved-case
2Chr.28.19,138,144,136,145,Jehova,den HERRN,name:accusative-preposition
2Chr.28.21,29,36,29,38,Jehovas,des HERRN,name:genitive
2Chr.28.22,73,79,73,82,Jehova,den HERRN,name:accusative-preposition
2Chr.28.24,112,118,112,119,schloß,schloss,orthography:wordlist
2Chr.28.24,142,149,143,152,Jehovas,des HERRN,name:genitive
2Chr.28.25,106,112,106,115,Jehova,den HERRN,name:accusative-apposition
2Chr.29.2,40,47,40,49,Jehovas,des HERRN,name:genitive
2Chr.29.3,87,94,87,96,Jehovas,des HERRN,name:genitive
2Chr.29.5,94,101,94,103,Jehovas,des HERRN,name:genitive
2Chr.29.6,82,89,82,91,Jehovas,des HERRN,name:genitive
2Chr.29.6,181,188,183,192,Jehovas,des HERRN,name:genitive
2Chr.29.8,13,20,13,22,Jehovas,des HERRN,name:genitive
2Chr.29.8,82,93,84,96,Mißhandlung,Misshandlung,orthography:wordlist
2Chr.29.9,117,123,117,123,Weiber,Frauen,word:Weib-Frau
2Chr.29.10,58,64,58,67,Jehova,dem HERRN,name:dative-preposition
2Chr.29.10,86,89,89,93,daß,dass,orthography:wordlist
2Chr.29.11,52,58,52,60,Jehova,der HERR,name:subject-after-auxiliary
2Chr.29.11,93,96,95,99,daß,dass,orthography:wordlist
2Chr.29.15,110,117,110,119,Jehovas,des HERRN,name:genitive
2Chr.29.15,139,146,141,150,Jehovas,des HERRN,name:genitive
2Chr.29.16,50,57,50,59,Jehovas,des HERRN,name:genitive
2Chr.29.16,141,148,143,152,Jehovas,des HERRN,name:genitive
2Chr.29.16,181,188,185,194,Jehovas,des HERRN,name:genitive
2Chr.29.17,118,125,118,127,Jehovas,des HERRN,name:genitive
2Chr.29.17,150,157,152,161,Jehovas,des HERRN,name:genitive
2Chr.29.18,93,100,93,102,Jehovas,des HERRN,name:genitive
2Chr.29.19,186,193,186,195,Jehovas,des HERRN,name:genitive
2Chr.29.20,121,128,121,130,Jehovas,des HERRN,name:genitive
2Chr.29.21,249,256,249,258,Jehovas,des HERRN,name:genitive
2Chr.29.25,52,59,52,61,Jehovas,des HERRN,name:genitive
2Chr.29.25,220,226,222,231,Jehova,den HERRN,name:accusative-preposition
2Chr.29.27,141,148,141,150,Jehovas,des HERRN,name:genitive
2Chr.29.30,76,79,76,80,daß,dass,orthography:wordlist
2Chr.29.30,84,90,85,89,Jehova,HERR,name:unresolved-case
2Chr.29.31,71,77,71,75,Jehova,HERR,name:unresolved-case
2Chr.29.31,154,161,152,161,Jehovas,des HERRN,name:genitive
2Chr.29.32,155,161,155,164,Jehova,den HERRN,name:accusative-preposition
2Chr.29.34,38,41,38,42,daß,dass,orthography:wordlist
2Chr.29.35,164,171,164,173,Jehovas,des HERRN,name:genitive
2Chr.30.1,121,124,121,125,daß,dass,orthography:wordlist
2Chr.30.1,141,148,142,151,Jehovas,des HERRN,name:genitive
2Chr.30.1,182,188,185,194,Jehova,den HERRN,name:accusative-preposition
2Chr.30.5,122,125,122,126,daß,dass,orthography:wordlist
2Chr.30.5,140,146,141,150,Jehova,den HERRN,name:accusative-preposition
2Chr.30.6,199,205,199,208,Jehova,dem HERRN,name:dative-preposition
2Chr.30.7,88,94,88,97,Jehova,den HERRN,name:accusative-preposition
2Chr.30.7,124,127,127,131,daß,dass,orthography:wordlist
2Chr.30.8,58,64,58,67,Jehova,dem HERRN,name:dative-give-imperative
2Chr.30.8,153,159,156,165,Jehova,dem HERRN,name:dative-verb
2Chr.30.9,17,23,17,26,Jehova,dem HERRN,name:dative-preposition
2Chr.30.9,211,217,214,222,Jehova,der HERR,name:subject-after-auxiliary
2Chr.30.12,38,41,38,42,daß,dass,orthography:wordlist
2Chr.30.12,147,154,148,157,Jehovas,des HERRN,name:genitive
2Chr.30.15,197,204,197,206,Jehovas,des HERRN,name:genitive
2Chr.30.17,182,188,182,186,Jehova,HERR,name:unresolved-case
2Chr.30.18,223,229,223,227,Jehova,HERR,name:unresolved-case
2Chr.30.19,54,60,54,63,Jehova,den HERRN,name:accusative-apposition
2Chr.30.20,4,10,4,8,Jehova,HERR,name:unresolved-case
2Chr.30.21,217,223,217,226,Jehova,den HERRN,name:accusative-verb
2Chr.30.21,269,276,272,281,Jehovas,des HERRN,name:genitive
2Chr.30.22,111,117,111,115,Jehova,HERR,name:unresolved-case
2Chr.30.22,223,229,221,230,Jehova,den HERRN,name:accusative-apposition
2Chr.31.2,283,290,283,292,Jehovas,des HERRN,name:genitive
2Chr.31.3,151,159,151,158,Sabbathe,Sabbate,orthography:wordlist
2Chr.31.3,211,218,210,219,Jehovas,des HERRN,name:genitive
2Chr.31.4,130,137,130,139,Jehovas,des HERRN,name:genitive
2Chr.31.6,178,184,178,187,Jehova,dem HERRN,name:dative-apposition
2Chr.31.8,85,91,85,89,Jehova,HERR,name:unresolved-case
2Chr.31.10,131,138,131,140,Jehovas,des HERRN,name:genitive
2Chr.31.10,236,242,238,246,Jehova,der HERR,name:subject-before-finite-verb
2Chr.31.11,64,71,64,73,Jehovas,des HERRN,name:genitive
2Chr.31.14,126,133,126,135,Jehovas,des HERRN,name:genitive
2Chr.31.16,149,156,149,158,Jehovas,des HERRN,name:genitive
2Chr.31.18,83,90,83,89,Weibern,Frauen,word:Weib-Frau
2Chr.31.20,95,101,95,104,Jehova,dem HERRN,name:presence-before-Lord
2Chr.32.2,23,26,23,27,daß,dass,orthography:wordlist
2Chr.32.2,50,53,51,55,daß,dass,orthography:wordlist
2Chr.32.5,26,31,26,32,faßte,fasste,orthography:wordlist
2Chr.32.8,54,60,54,62,Jehova,der HERR,name:subject-after-auxiliary
2Chr.32.10,71,74,71,75,daß,dass,orthography:wordlist
2Chr.32.11,106,112,106,110,Jehova,HERR,name:unresolved-case
2Chr.32.14,141,144,141,145,daß,dass,orthography:wordlist
2Chr.32.15,9,12,9,13,daß,dass,orthography:wordlist
2Chr.32.15,45,48,46,50,daß,dass,orthography:wordlist
2Chr.32.15,268,275,270,278,wieviel,wie viel,orthography:wordlist
2Chr.32.16,44,50,44,53,Jehova,den HERRN,name:accusative-preposition
2Chr.32.17,34,40,34,43,Jehova,den HERRN,name:accusative-preposition
2Chr.32.21,10,16,10,18,Jehova,der HERR,name:subject-after-auxiliary
2Chr.32.22,11,17,11,15,Jehova,HERR,name:unresolved-case
2Chr.32.23,48,54,48,57,Jehova,den HERRN,name:accusative-preposition
2Chr.32.24,70,76,70,79,Jehova,dem HERRN,name:dative-preposition
2Chr.32.24,83,89,86,94,Jehova,der HERR,name:subject-before-finite-verb
2Chr.32.26,116,123,116,125,Jehovas,des HERRN,name:genitive
2Chr.32.30,43,50,43,51,Ausfluß,Ausfluss,orthography:wordlist
2Chr.33.2,59,66,59,68,Jehovas,des HERRN,name:genitive
2Chr.33.2,77,84,79,86,Greueln,Gräueln,orthography:wordlist
2Chr.33.2,104,110,106,110,Jehova,HERR,name:unresolved-case
2Chr.33.4,71,78,71,80,Jehovas,des HERRN,name:genitive
2Chr.33.4,92,98,94,102,Jehova,der HERR,name:subject-subordinate-clause
2Chr.33.5,83,90,83,92,Jehovas,des HERRN,name:genitive
2Chr.33.6,207,214,207,216,Jehovas,des HERRN,name:genitive
2Chr.33.9,110,116,110,118,Jehova,der HERR,name:subject-subordinate-clause
2Chr.33.10,4,10,4,12,Jehova,der HERR,name:subject-before-finite-verb
2Chr.33.11,18,24,18,26,Jehova,der HERR,name:subject-after-auxiliary
2Chr.33.12,36,42,36,40,Jehova,HERR,name:unresolved-case
2Chr.33.13,145,148,145,149,daß,dass,orthography:wordlist
2Chr.33.13,149,155,150,158,Jehova,der HERR,name:subject-subordinate-clause
2Chr.33.15,75,82,75,84,Jehovas,des HERRN,name:genitive
2Chr.33.15,136,143,138,147,Jehovas,des HERRN,name:genitive
2Chr.33.16,52,59,52,61,Jehovas,des HERRN,name:genitive
2Chr.33.16,144,147,146,150,daß,dass,orthography:wordlist
2Chr.33.16,152,158,155,164,Jehova,dem HERRN,name:dative-apposition
2Chr.33.17,62,68,62,71,Jehova,dem HERRN,name:dative-apposition
2Chr.33.18,131,138,131,140,Jehovas,des HERRN,name:genitive
2Chr.33.22,39,46,39,48,Jehovas,des HERRN,name:genitive
2Chr.33.23,33,39,33,42,Jehova,dem HERRN,name:presence-before-Lord
2Chr.34.2,41,48,41,50,Jehovas,des HERRN,name:genitive
2Chr.34.4,18,21,18,22,riß,riss,orthography:wordlist
2Chr.34.6,112,115,112,116,riß,riss,orthography:wordlist
2Chr.34.8,238,245,238,247,Jehovas,des HERRN,name:genitive
2Chr.34.10,93,100,93,102,Jehovas,des HERRN,name:genitive
2Chr.34.10,183,190,185,194,Jehovas,des HERRN,name:genitive
2Chr.34.14,56,63,56,65,Jehovas,des HERRN,name:genitive
2Chr.34.14,138,145,140,149,Jehovas,des HERRN,name:genitive
2Chr.34.15,101,108,101,110,Jehovas,des HERRN,name:genitive
2Chr.34.17,39,46,39,48,Jehovas,des HERRN,name:genitive
2Chr.34.19,66,72,66,73,zerriß,zerriss,orthography:wordlist
2Chr.34.21,21,27,21,30,Jehova,den HERRN,name:accusative-verb
2Chr.34.21,160,167,163,172,Jehovas,des HERRN,name:genitive
2Chr.34.21,208,211,213,217,daß,dass,orthography:wordlist
2Chr.34.21,236,243,242,251,Jehovas,des HERRN,name:genitive
2Chr.34.22,95,98,95,98,dem,der,grammar:Frau-determiner
2Chr.34.22,99,104,99,103,Weibe,Frau,word:Weib-Frau
2Chr.34.23,47,53,47,55,Jehova,der HERR,name:subject-after-speech-verb
2Chr.34.24,11,17,11,19,Jehova,der HERR,name:subject-after-speech-verb
2Chr.34.25,6,9,6,10,daß,dass,orthography:wordlist
2Chr.34.26,55,61,55,64,Jehova,den HERRN,name:accusative-preposition
2Chr.34.26,119,125,122,130,Jehova,der HERR,name:subject-after-speech-verb
2Chr.34.27,265,271,265,273,Jehova,der HERR,name:subject-after-speech-verb
2Chr.34.30,39,46,39,48,Jehovas,des HERRN,name:genitive
2Chr.34.30,273,280,275,284,Jehovas,des HERRN,name:genitive
2Chr.34.31,77,83,77,86,Jehova,dem HERRN,name:presence-before-Lord
2Chr.34.31,86,92,89,93,Jehova,HERR,name:unresolved-case
2Chr.34.33,47,53,47,53,Greuel,Gräuel,orthography:wordlist
2Chr.34.33,173,179,173,182,Jehova,dem HERRN,name:dative-apposition
2Chr.34.33,262,269,265,274,Jehovas,des HERRN,name:genitive
2Chr.35.1,23,29,23,28,Jehova,HERRN,name:existing-oblique-article
2Chr.35.2,86,93,86,95,Jehovas,des HERRN,name:genitive
2Chr.35.3,96,102,96,100,Jehova,HERR,name:unresolved-case
2Chr.35.3,303,309,301,305,Jehova,HERR,name:unresolved-case
2Chr.35.6,118,121,118,122,daß,dass,orthography:wordlist
2Chr.35.6,146,153,147,156,Jehovas,des HERRN,name:genitive
2Chr.35.12,117,123,117,121,Jehova,HERR,name:unresolved-case
2Chr.35.16,30,37,30,39,Jehovas,des HERRN,name:genitive
2Chr.35.16,127,134,129,138,Jehovas,des HERRN,name:genitive
2Chr.35.21,215,218,215,219,daß,dass,orthography:wordlist
2Chr.35.21,275,278,276,280,daß,dass,orthography:wordlist
2Chr.35.26,86,93,86,95,Jehovas,des HERRN,name:genitive
2Chr.36.5,161,168,161,170,Jehovas,des HERRN,name:genitive
2Chr.36.7,32,39,32,41,Jehovas,des HERRN,name:genitive
2Chr.36.8,79,85,79,85,Greuel,Gräuel,orthography:wordlist
2Chr.36.9,154,161,154,163,Jehovas,des HERRN,name:genitive
2Chr.36.10,144,151,144,153,Jehovas,des HERRN,name:genitive
2Chr.36.12,40,47,40,49,Jehovas,des HERRN,name:genitive
2Chr.36.12,145,152,147,156,Jehovas,des HERRN,name:genitive
2Chr.36.13,171,174,171,175,daß,dass,orthography:wordlist
2Chr.36.13,196,202,197,206,Jehova,dem HERRN,name:dative-preposition
2Chr.36.14,87,94,87,94,Greueln,Gräueln,orthography:wordlist
2Chr.36.14,139,146,139,148,Jehovas,des HERRN,name:genitive
2Chr.36.15,22,28,22,26,Jehova,HERR,name:unresolved-case
2Chr.36.16,113,120,113,122,Jehovas,des HERRN,name:genitive
2Chr.36.16,146,149,148,152,daß,dass,orthography:wordlist
2Chr.36.18,95,102,95,104,Jehovas,des HERRN,name:genitive
2Chr.36.21,30,37,30,39,Jehovas,des HERRN,name:genitive
2Chr.36.21,85,93,87,94,Sabbathe,Sabbate,orthography:wordlist
2Chr.36.22,81,88,81,90,Jehovas,des HERRN,name:genitive
2Chr.36.22,140,146,142,146,Jehova,HERR,name:unresolved-case
2Chr.36.23,76,82,76,84,Jehova,der HERR,name:subject-after-auxiliary
2Chr.36.23,266,272,268,276,Jehova,der HERR,name:subject-after-auxiliary
Ezra.1.1,81,88,81,90,Jehovas,des HERRN,name:genitive
Ezra.1.1,139,145,141,145,Jehova,HERR,name:unresolved-case
Ezra.1.2,76,82,76,84,Jehova,der HERR,name:subject-after-auxiliary
Ezra.1.3,144,151,144,153,Jehovas,des HERRN,name:genitive
Ezra.1.5,178,185,178,187,Jehovas,des HERRN,name:genitive
Ezra.1.7,59,66,59,68,Jehovas,des HERRN,name:genitive
Ezra.2.61,102,105,102,106,ein,eine,grammar:Frau-determiner
Ezra.2.61,106,110,107,111,Weib,Frau,word:Weib-Frau
Ezra.2.63,35,38,35,39,daß,dass,orthography:wordlist
Ezra.2.68,22,29,22,31,Jehovas,des HERRN,name:genitive
Ezra.3.3,158,164,158,163,Jehova,HERRN,name:existing-oblique-article
Ezra.3.5,106,113,106,115,Jehovas,des HERRN,name:genitive
Ezra.3.5,151,157,153,157,Jehova,HERR,name:existing-nominative-article
Ezra.3.6,52,58,52,56,Jehova,HERR,name:unresolved-case
Ezra.3.6,111,118,109,118,Jehovas,des HERRN,name:genitive
Ezra.3.8,422,429,422,431,Jehovas,des HERRN,name:genitive
Ezra.3.10,55,62,55,64,Jehovas,des HERRN,name:genitive
Ezra.3.10,194,200,196,205,Jehova,den HERRN,name:accusative-preposition
Ezra.3.11,69,75,69,74,Jehova,HERRN,name:existing-oblique-article
Ezra.3.11,208,215,207,216,Jehovas,des HERRN,name:genitive
Ezra.3.11,244,251,245,254,Jehovas,des HERRN,name:genitive
Ezra.4.1,45,48,45,49,daß,dass,orthography:wordlist
Ezra.4.1,76,82,77,86,Jehova,dem HERRN,name:dative-apposition
Ezra.4.3,185,191,185,194,Jehova,dem HERRN,name:dative-apposition
Ezra.4.12,30,33,30,34,daß,dass,orthography:wordlist
Ezra.4.13,34,37,34,38,daß,dass,orthography:wordlist
Ezra.4.15,150,153,150,154,daß,dass,orthography:wordlist
Ezra.4.15,253,256,254,258,daß,dass,orthography:wordlist
Ezra.4.16,35,38,35,39,daß,dass,orthography:wordlist
Ezra.4.19,81,84,81,85,daß,dass,orthography:wordlist
Ezra.4.19,174,177,175,179,daß,dass,orthography:wordlist
Ezra.5.5,65,68,65,69,daß,dass,orthography:wordlist
Ezra.5.8,30,33,30,34,daß,dass,orthography:wordlist
Ezra.5.17,154,157,154,158,daß,dass,orthography:wordlist
Ezra.6.5,195,198,195,199,daß,dass,orthography:wordlist
Ezra.6.7,0,4,0,5,Laßt,Lasst,orthography:wordlist
Ezra.6.11,85,90,85,91,Erlaß,Erlass,orthography:wordlist
Ezra.6.12,50,54,50,55,läßt,lässt,orthography:wordlist
Ezra.6.12,144,149,145,151,Erlaß,Erlass,orthography:wordlist
Ezra.6.21,175,181,175,184,Jehova,den HERRN,name:accusative-preposition
Ezra.6.22,84,90,84,92,Jehova,der HERR,name:subject-before-finite-verb
Ezra.6.22,180,183,182,186,daß,dass,orthography:wordlist
Ezra.7.6,109,115,109,117,Jehova,der HERR,name:subject-subordinate-clause
Ezra.7.6,172,179,174,183,Jehovas,des HERRN,name:genitive
Ezra.7.10,57,64,57,66,Jehovas,des HERRN,name:genitive
Ezra.7.11,168,175,168,177,Jehovas,des HERRN,name:genitive
Ezra.7.13,40,43,40,44,daß,dass,orthography:wordlist
Ezra.7.21,102,105,102,106,daß,dass,orthography:wordlist
Ezra.7.24,35,38,35,39,daß,dass,orthography:wordlist
Ezra.7.27,15,21,15,23,Jehova,der HERR,name:subject-after-auxiliary
Ezra.7.27,112,119,114,123,Jehovas,des HERRN,name:genitive
Ezra.7.28,141,148,141,150,Jehovas,des HERRN,name:genitive
Ezra.7.28,222,225,224,228,daß,dass,orthography:wordlist
Ezra.8.15,68,72,68,73,Fluß,Fluss,orthography:wordlist
Ezra.8.17,207,210,207,211,daß,dass,orthography:wordlist
Ezra.8.28,35,41,35,43,Jehova,der HERR,name:predicate-name
Ezra.8.28,141,147,143,152,Jehova,den HERRN,name:accusative-preposition
Ezra.8.29,178,185,178,187,Jehovas,des HERRN,name:genitive
Ezra.8.35,258,264,258,263,Jehova,HERRN,name:existing-oblique-article
Ezra.9.1,186,193,186,193,Greueln,Gräueln,orthography:wordlist
Ezra.9.3,32,38,32,39,zerriß,zerriss,orthography:wordlist
Ezra.9.5,196,202,196,205,Jehova,dem HERRN,name:dative-preposition
Ezra.9.8,64,71,64,73,Jehovas,des HERRN,name:genitive
Ezra.9.9,158,161,158,162,daß,dass,orthography:wordlist
Ezra.9.11,227,233,227,233,Greuel,Gräuel,orthography:wordlist
Ezra.9.14,64,70,64,70,Greuel,Gräuel,orthography:wordlist
Ezra.9.14,150,153,150,154,daß,dass,orthography:wordlist
Ezra.9.15,9,15,9,13,Jehova,HERR,name:unresolved-case
Ezra.10.1,174,181,174,180,Weibern,Frauen,word:Weib-Frau
Ezra.10.2,163,169,163,169,Weiber,Frauen,word:Weib-Frau
Ezra.10.3,3,7,3,8,laßt,lasst,orthography:wordlist
Ezra.10.3,56,59,57,61,daß,dass,orthography:wordlist
Ezra.10.3,69,75,71,77,Weiber,Frauen,word:Weib-Frau
Ezra.10.7,92,95,92,96,daß,dass,orthography:wordlist
Ezra.10.10,102,108,102,108,Weiber,Frauen,word:Weib-Frau
Ezra.10.11,32,38,32,41,Jehova,dem HERRN,name:presence-before-Lord
Ezra.10.11,163,170,166,172,Weibern,Frauen,word:Weib-Frau
Ezra.10.13,96,99,96,100,daß,dass,orthography:wordlist
Ezra.10.14,0,3,0,4,Laß,Lass,orthography:wordlist
Ezra.10.14,118,124,119,125,Weiber,Frauen,word:Weib-Frau
Ezra.10.17,111,117,111,117,Weiber,Frauen,word:Weib-Frau
Ezra.10.18,77,83,77,83,Weiber,Frauen,word:Weib-Frau
Ezra.10.19,44,47,44,48,daß,dass,orthography:wordlist
Ezra.10.19,57,63,58,64,Weiber,Frauen,word:Weib-Frau
Ezra.10.44,25,31,25,31,Weiber,Frauen,word:Weib-Frau
Ezra.10.44,67,73,67,73,Weiber,Frauen,word:Weib-Frau
Neh.1.5,15,21,15,19,Jehova,HERR,name:unresolved-case
Neh.1.6,0,3,0,4,laß,lass,orthography:wordlist
Neh.1.6,59,62,60,64,daß,dass,orthography:wordlist
Neh.1.11,22,25,22,26,laß,lass,orthography:wordlist
Neh.1.11,186,189,187,191,laß,lass,orthography:wordlist
Neh.2.5,134,137,134,138,daß,dass,orthography:wordlist
Neh.2.7,137,140,137,141,daß,dass,orthography:wordlist
Neh.2.8,65,68,65,69,daß,dass,orthography:wordlist
Neh.2.10,85,92,85,93,verdroß,verdross,orthography:wordlist
Neh.2.10,111,114,112,116,daß,dass,orthography:wordlist
Neh.2.16,14,20,14,21,wußten,wussten,orthography:wordlist
Neh.2.17,83,86,83,87,daß,dass,orthography:wordlist
Neh.2.17,164,168,165,170,laßt,lasst,orthography:wordlist
Neh.2.17,212,215,214,218,daß,dass,orthography:wordlist
Neh.2.18,24,27,24,28,daß,dass,orthography:wordlist
Neh.3.28,13,21,13,22,Roßtores,Rosstores,orthography:wordlist
Neh.3.33,38,41,38,42,daß,dass,orthography:wordlist
Neh.4.1,103,106,103,107,daß,dass,orthography:wordlist
Neh.4.1,154,157,155,159,daß,dass,orthography:wordlist
Neh.4.8,262,268,262,268,Weiber,Frauen,word:Weib-Frau
Neh.4.9,43,46,43,47,daß,dass,orthography:wordlist
Neh.4.9,76,79,77,81,daß,dass,orthography:wordlist
Neh.4.10,45,48,45,49,daß,dass,orthography:wordlist
Neh.4.16,118,121,118,122,daß,dass,orthography:wordlist
Neh.5.1,59,65,59,65,Weiber,Frauen,word:Weib-Frau
Neh.5.2,128,131,128,132,daß,dass,orthography:wordlist
Neh.5.3,51,57,51,58,mußten,mussten,orthography:wordlist
Neh.5.3,125,128,126,130,daß,dass,orthography:wordlist
Neh.5.9,126,129,126,130,daß,dass,orthography:wordlist
Neh.5.10,103,107,103,108,Laßt,Lasst,orthography:wordlist
Neh.5.11,109,115,109,116,erlaßt,erlasst,orthography:wordlist
Neh.5.13,277,283,277,286,Jehova,den HERRN,name:accusative-verb
Neh.6.1,104,107,104,108,daß,dass,orthography:wordlist
Neh.6.1,140,143,141,145,daß,dass,orthography:wordlist
Neh.6.1,149,152,151,155,Riß,Riss,orthography:wordlist
Neh.6.2,73,76,73,77,laß,lass,orthography:wordlist
Neh.6.6,78,81,78,82,daß,dass,orthography:wordlist
Neh.6.7,184,187,184,188,daß,dass,orthography:wordlist
Neh.6.10,132,135,132,136,Laß,Lass,orthography:wordlist
Neh.6.12,16,19,16,20,daß,dass,orthography:wordlist
Neh.6.13,137,140,137,141,daß,dass,orthography:wordlist
Neh.6.16,184,187,184,188,daß,dass,orthography:wordlist
Neh.7.63,91,94,91,95,ein,eine,grammar:Frau-determiner
Neh.7.63,95,99,96,100,Weib,Frau,word:Weib-Frau
Neh.7.65,35,38,35,39,daß,dass,orthography:wordlist
Neh.8.1,229,232,229,233,daß,dass,orthography:wordlist
Neh.8.1,291,297,292,300,Jehova,der HERR,name:subject-subordinate-clause
Neh.8.2,130,136,130,136,Weiber,Frauen,word:Weib-Frau
Neh.8.3,133,139,133,139,Weiber,Frauen,word:Weib-Frau
Neh.8.6,16,22,16,20,Jehova,HERR,name:unresolved-case
Neh.8.6,152,158,150,159,Jehova,dem HERRN,name:presence-before-Lord
Neh.8.8,108,111,108,112,daß,dass,orthography:wordlist
Neh.8.9,179,185,179,187,Jehova,der HERR,name:subject-after-auxiliary
Neh.8.10,217,223,217,221,Jehova,HERR,name:unresolved-case
Neh.8.14,40,43,40,44,daß,dass,orthography:wordlist
Neh.8.14,44,50,45,53,Jehova,der HERR,name:subject-subordinate-clause
Neh.8.14,79,82,82,86,daß,dass,orthography:wordlist
Neh.8.15,14,17,14,18,daß,dass,orthography:wordlist
Neh.9.3,95,102,95,104,Jehovas,des HERRN,name:genitive
Neh.9.3,234,240,236,245,Jehova,dem HERRN,name:presence-before-Lord
Neh.9.4,166,172,166,175,Jehova,dem HERRN,name:dative-preposition
Neh.9.5,141,147,141,150,Jehova,den HERRN,name:accusative-verb
Neh.9.6,21,27,21,25,Jehova,HERR,name:direct-address-pronoun
Neh.9.7,12,18,12,16,Jehova,HERR,name:unresolved-case
Neh.9.10,128,135,128,136,wußtest,wusstest,orthography:wordlist
Neh.9.10,137,140,138,142,daß,dass,orthography:wordlist
Neh.9.14,31,38,31,37,Sabbath,Sabbat,orthography:wordlist
Neh.9.15,176,179,176,180,daß,dass,orthography:wordlist
Neh.9.23,139,142,139,143,daß,dass,orthography:wordlist
Neh.9.28,113,116,113,117,daß,dass,orthography:wordlist
Neh.9.32,102,105,102,106,laß,lass,orthography:wordlist
Neh.10.29,192,198,192,198,Weiber,Frauen,word:Weib-Frau
Neh.10.30,209,216,209,218,Jehovas,des HERRN,name:genitive
Neh.10.31,4,7,4,8,daß,dass,orthography:wordlist
Neh.10.32,14,17,14,18,daß,dass,orthography:wordlist
Neh.10.32,50,61,51,61,Sabbathtage,Sabbattage,orthography:wordlist
Neh.10.32,130,137,130,136,Sabbath,Sabbat,orthography:wordlist
Neh.10.32,204,207,203,207,daß,dass,orthography:wordlist
Neh.10.34,121,129,121,128,Sabbathe,Sabbate,orthography:wordlist
Neh.10.35,238,245,238,247,Jehovas,des HERRN,name:genitive
Neh.10.36,139,146,139,148,Jehovas,des HERRN,name:genitive
Neh.12.27,98,101,98,102,daß,dass,orthography:wordlist
Neh.12.43,143,149,143,149,Weiber,Frauen,word:Weib-Frau
Neh.13.1,128,131,128,132,daß,dass,orthography:wordlist
Neh.13.8,8,15,8,16,mißfiel,missfiel,orthography:wordlist
Neh.13.9,26,29,26,30,daß,dass,orthography:wordlist
Neh.13.10,17,20,17,21,daß,dass,orthography:wordlist
Neh.13.10,72,75,73,77,daß,dass,orthography:wordlist
Neh.13.15,51,58,51,57,Sabbath,Sabbat,orthography:wordlist
Neh.13.15,193,204,192,202,Sabbathtage,Sabbattage,orthography:wordlist
Neh.13.16,88,95,88,94,Sabbath,Sabbat,orthography:wordlist
Neh.13.17,109,112,109,113,daß,dass,orthography:wordlist
Neh.13.17,121,131,122,131,Sabbathtag,Sabbattag,orthography:wordlist
Neh.13.18,43,46,43,47,daß,dass,orthography:wordlist
Neh.13.18,179,186,180,186,Sabbath,Sabbat,orthography:wordlist
Neh.13.19,77,84,77,83,Sabbath,Sabbat,orthography:wordlist
Neh.13.19,114,117,113,117,daß,dass,orthography:wordlist
Neh.13.19,165,168,165,169,daß,dass,orthography:wordlist
Neh.13.19,213,220,214,220,Sabbath,Sabbat,orthography:wordlist
Neh.13.19,306,317,306,316,Sabbathtage,Sabbattage,orthography:wordlist
Neh.13.21,206,213,206,212,Sabbath,Sabbat,orthography:wordlist
Neh.13.22,48,51,48,52,daß,dass,orthography:wordlist
Neh.13.22,122,132,123,132,Sabbathtag,Sabbattag,orthography:wordlist
Neh.13.23,96,102,96,102,Weiber,Frauen,word:Weib-Frau
Neh.13.24,53,58,53,59,wußte,wusste,orthography:wordlist
Neh.13.26,264,270,264,270,Weiber,Frauen,word:Weib-Frau
Neh.13.27,33,36,33,37,daß,dass,orthography:wordlist
Neh.13.27,128,134,129,135,Weiber,Frauen,word:Weib-Frau
Esth.1.8,136,139,136,140,daß,dass,orthography:wordlist
Esth.1.9,53,59,53,59,Weiber,Frauen,word:Weib-Frau
Esth.1.15,63,66,63,67,daß,dass,orthography:wordlist
Esth.1.17,47,54,47,53,Weibern,Frauen,word:Weib-Frau
Esth.1.17,70,73,69,73,daß,dass,orthography:wordlist
Esth.1.19,135,138,135,139,daß,dass,orthography:wordlist
Esth.1.19,165,168,166,170,daß,dass,orthography:wordlist
Esth.1.19,223,226,225,229,daß,dass,orthography:wordlist
Esth.1.20,141,147,141,147,Weiber,Frauen,word:Weib-Frau
Esth.1.22,138,141,138,142,daß,dass,orthography:wordlist
Esth.2.10,113,116,113,117,daß,dass,orthography:wordlist
Esth.2.12,148,154,148,154,Weiber,Frauen,word:Weib-Frau
Esth.2.12,323,329,323,329,Weiber,Frauen,word:Weib-Frau
Esth.2.14,218,221,218,222,daß,dass,orthography:wordlist
Esth.2.15,140,143,140,144,daß,dass,orthography:wordlist
Esth.2.17,60,66,60,66,Weiber,Frauen,word:Weib-Frau
Esth.2.18,148,159,148,160,Steuererlaß,Steuererlass,orthography:wordlist
Esth.3.4,202,205,202,206,daß,dass,orthography:wordlist
Esth.3.5,20,23,20,24,daß,dass,orthography:wordlist
Esth.3.9,53,56,53,57,daß,dass,orthography:wordlist
Esth.3.9,181,184,182,186,daß,dass,orthography:wordlist
Esth.3.13,196,202,196,202,Weiber,Frauen,word:Weib-Frau
Esth.3.14,9,12,9,13,daß,dass,orthography:wordlist
Esth.4.1,64,70,64,71,zerriß,zerriss,orthography:wordlist
Esth.4.4,135,138,135,139,daß,dass,orthography:wordlist
Esth.4.8,175,178,175,179,daß,dass,orthography:wordlist
Esth.4.11,77,80,77,81,daß,dass,orthography:wordlist
Esth.4.11,108,112,109,113,Weib,Frau,word:Weib-Frau
Esth.4.11,171,174,172,176,daß,dass,orthography:wordlist
Esth.4.11,219,222,221,225,daß,dass,orthography:wordlist
Esth.4.11,321,324,324,328,daß,dass,orthography:wordlist
Esth.4.13,71,74,71,75,daß,dass,orthography:wordlist
Esth.5.9,156,159,156,160,daß,dass,orthography:wordlist
Esth.5.10,84,88,84,89,sein,seine,grammar:Frau-determiner
Esth.5.10,89,93,90,94,Weib,Frau,word:Weib-Frau
Esth.5.14,31,35,31,36,sein,seine,grammar:Frau-determiner
Esth.5.14,36,40,37,41,Weib,Frau,word:Weib-Frau
Esth.5.14,165,168,166,170,daß,dass,orthography:wordlist
Esth.6.2,27,30,27,31,daß,dass,orthography:wordlist
Esth.6.2,161,164,162,166,daß,dass,orthography:wordlist
Esth.6.8,77,80,77,81,Roß,Ross,orthography:wordlist
Esth.6.9,36,39,36,40,Roß,Ross,orthography:wordlist
Esth.6.10,64,67,64,68,Roß,Ross,orthography:wordlist
Esth.6.10,161,164,162,166,laß,lass,orthography:wordlist
Esth.6.11,35,38,35,39,Roß,Ross,orthography:wordlist
Esth.6.13,20,26,20,26,seinem,seiner,grammar:Frau-determiner
Esth.6.13,27,32,27,31,Weibe,Frau,word:Weib-Frau
Esth.6.13,129,133,128,133,sein,seine,grammar:Frau-determiner
Esth.6.13,134,138,134,138,Weib,Frau,word:Weib-Frau
Esth.7.7,193,196,193,197,daß,dass,orthography:wordlist
Esth.8.7,188,191,188,192,daß,dass,orthography:wordlist
Esth.8.11,26,29,26,30,daß,dass,orthography:wordlist
Esth.8.11,271,277,272,278,Weiber,Frauen,word:Weib-Frau
Esth.8.13,9,12,9,13,daß,dass,orthography:wordlist
Esth.9.1,258,261,258,262,daß,dass,orthography:wordlist
Esth.9.14,22,25,22,26,daß,dass,orthography:wordlist
Esth.9.21,23,26,23,27,daß,dass,orthography:wordlist
Esth.9.22,178,181,178,182,daß,dass,orthography:wordlist
Esth.9.25,62,65,62,66,daß,dass,orthography:wordlist
Esth.9.28,14,17,14,18,daß,dass,orthography:wordlist
Esth.9.28,206,209,207,211,daß,dass,orthography:wordlist
Job.1.6,70,76,70,79,Jehova,dem HERRN,name:presence-before-Lord
Job.1.7,22,28,22,30,Jehova,der HERR,name:subject-before-finite-verb
Job.1.7,102,108,104,112,Jehova,der HERR,name:subject-after-speech-verb
Job.1.8,22,28,22,30,Jehova,der HERR,name:subject-before-finite-verb
Job.1.9,25,31,25,33,Jehova,der HERR,name:subject-after-speech-verb
Job.1.9,63,66,65,69,daß,dass,orthography:wordlist
Job.1.12,11,17,11,19,Jehova,der HERR,name:subject-after-speech-verb
Job.1.12,162,169,164,173,Jehovas,des HERRN,name:genitive
Job.1.20,23,29,23,30,zerriß,zerriss,orthography:wordlist
Job.1.21,118,124,118,126,Jehova,der HERR,name:subject-before-finite-verb
Job.1.21,144,150,146,154,Jehova,der HERR,name:subject-before-finite-verb
Job.1.21,175,182,179,188,Jehovas,des HERRN,name:genitive
Job.2.1,71,77,71,80,Jehova,dem HERRN,name:presence-before-Lord
Job.2.1,144,150,147,156,Jehova,dem HERRN,name:presence-before-Lord
Job.2.2,22,28,22,30,Jehova,der HERR,name:subject-before-finite-verb
Job.2.2,105,111,107,115,Jehova,der HERR,name:subject-after-speech-verb
Job.2.3,22,28,22,30,Jehova,der HERR,name:subject-before-finite-verb
Job.2.4,25,31,25,33,Jehova,der HERR,name:subject-after-speech-verb
Job.2.6,4,10,4,12,Jehova,der HERR,name:subject-before-finite-verb
Job.2.7,39,46,39,48,Jehovas,des HERRN,name:genitive
Job.2.9,11,15,11,16,sein,seine,grammar:Frau-determiner
Job.2.9,16,20,17,21,Weib,Frau,word:Weib-Frau
Job.2.13,128,131,128,132,daß,dass,orthography:wordlist
Job.3.12,51,54,51,55,daß,dass,orthography:wordlist
Job.4.19,0,7,0,8,wieviel,wie viel,orthography:wordlist
Job.4.20,54,57,54,58,daß,dass,orthography:wordlist
Job.5.6,58,64,58,65,sproßt,sprosst,orthography:wordlist
Job.5.24,23,26,23,27,daß,dass,orthography:wordlist
Job.5.25,24,27,24,28,daß,dass,orthography:wordlist
Job.5.25,82,92,83,94,Sprößlinge,Sprösslinge,orthography:wordlist
Job.6.2,2,5,2,6,daß,dass,orthography:wordlist
Job.6.2,51,62,52,64,Mißgeschick,Missgeschick,orthography:wordlist
Job.6.8,2,5,2,6,daß,dass,orthography:wordlist
Job.6.9,0,3,0,4,daß,dass,orthography:wordlist
Job.6.9,42,45,43,47,daß,dass,orthography:wordlist
Job.6.10,81,84,81,85,daß,dass,orthography:wordlist
Job.6.11,22,25,22,26,daß,dass,orthography:wordlist
Job.6.11,62,65,63,67,daß,dass,orthography:wordlist
Job.6.13,20,23,20,24,daß,dass,orthography:wordlist
Job.6.28,9,13,9,14,laßt,lasst,orthography:wordlist
Job.7.7,19,22,19,23,daß,dass,orthography:wordlist
Job.7.12,42,45,42,46,daß,dass,orthography:wordlist
Job.7.15,3,6,3,7,daß,dass,orthography:wordlist
Job.7.16,60,63,60,64,Laß,Lass,orthography:wordlist
Job.7.17,22,25,22,26,daß,dass,orthography:wordlist
Job.7.17,49,52,50,54,daß,dass,orthography:wordlist
Job.7.20,122,125,122,126,daß,dass,orthography:wordlist
Job.8.16,43,53,43,54,Schößlinge,Schösslinge,orthography:wordlist
Job.9.2,21,24,21,25,daß,dass,orthography:wordlist
Job.9.10,17,20,17,21,daß,dass,orthography:wordlist
Job.9.10,63,66,64,68,daß,dass,orthography:wordlist
Job.9.14,0,7,0,8,Wieviel,Wie viel,orthography:wordlist
Job.9.16,67,70,67,71,daß,dass,orthography:wordlist
Job.9.28,53,56,53,57,daß,dass,orthography:wordlist
Job.9.29,4,7,4,8,muß,muss,orthography:wordlist
Job.9.32,37,40,37,41,daß,dass,orthography:wordlist
Job.9.32,68,71,69,73,daß,dass,orthography:wordlist
Job.9.33,42,45,42,46,daß,dass,orthography:wordlist
Job.10.2,57,60,57,61,laß,lass,orthography:wordlist
Job.10.3,16,19,16,20,daß,dass,orthography:wordlist
Job.10.3,34,37,35,39,daß,dass,orthography:wordlist
Job.10.6,0,3,0,4,daß,dass,orthography:wordlist
Job.10.7,18,21,18,22,daß,dass,orthography:wordlist
Job.10.7,51,54,52,56,daß,dass,orthography:wordlist
Job.10.9,24,27,24,28,daß,dass,orthography:wordlist
Job.10.13,55,58,55,59,daß,dass,orthography:wordlist
Job.10.20,68,71,68,72,daß,dass,orthography:wordlist
Job.11.3,54,57,54,58,daß,dass,orthography:wordlist
Job.11.4,0,3,0,4,daß,dass,orthography:wordlist
Job.11.6,47,50,47,51,daß,dass,orthography:wordlist
Job.11.6,90,97,91,99,müßtest,müsstest,orthography:wordlist
Job.11.6,112,115,114,118,daß,dass,orthography:wordlist
Job.11.11,63,66,63,67,daß,dass,orthography:wordlist
Job.11.14,54,57,54,58,laß,lass,orthography:wordlist
Job.12.3,87,92,87,93,wüßte,wüsste,orthography:wordlist
Job.12.4,4,7,4,8,muß,muss,orthography:wordlist
Job.12.9,36,39,36,40,daß,dass,orthography:wordlist
Job.12.9,49,56,50,59,Jehovas,des HERRN,name:genitive
Job.12.15,59,63,59,64,läßt,lässt,orthography:wordlist
Job.13.5,2,5,2,6,daß,dass,orthography:wordlist
Job.13.9,21,24,21,25,daß,dass,orthography:wordlist
Job.13.13,11,15,11,16,laßt,lasst,orthography:wordlist
Job.13.16,36,39,36,40,daß,dass,orthography:wordlist
Job.13.18,59,62,59,63,daß,dass,orthography:wordlist
Job.13.23,43,46,43,47,Laß,Lass,orthography:wordlist
Job.14.1,13,16,13,20,vom,von der,grammar:Frau-determiner
Job.14.1,17,22,21,25,Weibe,Frau,word:Weib-Frau
Job.14.6,23,26,23,27,daß,dass,orthography:wordlist
Job.14.7,95,105,95,106,Schößlinge,Schösslinge,orthography:wordlist
Job.14.9,23,29,23,30,sproßt,sprosst,orthography:wordlist
Job.14.11,58,62,58,63,Fluß,Fluss,orthography:wordlist
Job.14.13,2,5,2,6,daß,dass,orthography:wordlist
Job.15.9,29,35,29,36,wüßten,wüssten,orthography:wordlist
Job.15.13,0,3,0,4,daß,dass,orthography:wordlist
Job.15.14,22,25,22,26,daß,dass,orthography:wordlist
Job.15.14,56,59,57,64,vom,von der,grammar:Frau-determiner
Job.15.14,60,65,65,69,Weibe,Frau,word:Weib-Frau
Job.15.14,77,80,81,85,daß,dass,orthography:wordlist
Job.15.16,0,7,0,8,wieviel,wie viel,orthography:wordlist
Job.15.23,64,67,64,68,daß,dass,orthography:wordlist
Job.15.30,53,63,53,64,Schößlinge,Schösslinge,orthography:wordlist
Job.15.30,95,98,96,100,muß,muss,orthography:wordlist
Job.15.34,60,65,60,66,frißt,frisst,orthography:wordlist
Job.16.3,74,77,74,78,daß,dass,orthography:wordlist
Job.16.21,0,3,0,4,daß,dass,orthography:wordlist
Job.17.2,40,43,40,44,muß,muss,orthography:wordlist
Job.18.20,74,80,74,81,erfaßt,erfasst,orthography:wordlist
Job.19.3,23,26,23,27,daß,dass,orthography:wordlist
Job.19.6,17,20,17,21,daß,dass,orthography:wordlist
Job.19.8,29,32,29,33,daß,dass,orthography:wordlist
Job.19.10,58,61,58,62,daß,dass,orthography:wordlist
Job.19.16,70,73,70,74,muß,muss,orthography:wordlist
Job.19.17,14,20,14,20,meinem,meiner,grammar:Frau-determiner
Job.19.17,21,26,21,25,Weibe,Frau,word:Weib-Frau
Job.19.23,2,5,2,6,daß,dass,orthography:wordlist
Job.19.23,50,53,51,55,daß,dass,orthography:wordlist
Job.19.25,20,23,20,24,daß,dass,orthography:wordlist
Job.19.28,52,55,52,56,daß,dass,orthography:wordlist
Job.19.29,97,100,97,101,daß,dass,orthography:wordlist
Job.19.29,114,117,115,119,daß,dass,orthography:wordlist
Job.20.4,27,30,27,31,daß,dass,orthography:wordlist
Job.20.19,13,23,13,24,mißhandelt,misshandelt,orthography:wordlist
Job.20.21,22,30,22,31,Freßgier,Fressgier,orthography:wordlist
Job.21.6,62,68,62,69,erfaßt,erfasst,orthography:wordlist
Job.21.8,53,63,53,64,Sprößlinge,Sprösslinge,orthography:wordlist
Job.21.15,26,29,26,30,daß,dass,orthography:wordlist
Job.21.15,78,81,79,83,daß,dass,orthography:wordlist
Job.21.17,22,25,22,26,daß,dass,orthography:wordlist
Job.21.17,100,103,101,105,daß,dass,orthography:wordlist
Job.21.18,0,3,0,4,daß,dass,orthography:wordlist
Job.21.19,98,101,98,102,daß,dass,orthography:wordlist
Job.21.30,0,3,0,4,daß,dass,orthography:wordlist
Job.21.30,55,58,56,60,daß,dass,orthography:wordlist
Job.22.4,35,38,35,39,daß,dass,orthography:wordlist
Job.22.14,33,36,33,37,daß,dass,orthography:wordlist
Job.22.20,65,73,65,74,Überfluß,Überfluss,orthography:wordlist
Job.23.3,2,5,2,6,daß,dass,orthography:wordlist
Job.23.3,24,29,25,31,wüßte,wüsste,orthography:wordlist
Job.23.3,32,35,34,38,daß,dass,orthography:wordlist
Job.24.8,4,12,4,13,Regenguß,Regenguss,orthography:wordlist
Job.24.8,38,47,39,49,durchnäßt,durchnässt,orthography:wordlist
Job.24.20,15,22,15,23,vergißt,vergisst,orthography:wordlist
Job.25.4,81,84,81,88,vom,von der,grammar:Frau-determiner
Job.25.4,85,90,89,93,Weibe,Frau,word:Weib-Frau
Job.25.6,0,7,0,8,wieviel,wie viel,orthography:wordlist
Job.27.5,22,25,22,26,daß,dass,orthography:wordlist
Job.27.14,71,81,71,82,Sprößlinge,Sprösslinge,orthography:wordlist
Job.27.21,29,32,29,33,daß,dass,orthography:wordlist
Job.28.11,21,24,21,25,daß,dass,orthography:wordlist
Job.29.2,2,5,2,6,daß,dass,orthography:wordlist
Job.29.6,75,80,75,81,ergoß,ergoss,orthography:wordlist
Job.29.17,22,27,22,28,Gebiß,Gebiss,orthography:wordlist
Job.29.17,65,71,66,73,entriß,entriss,orthography:wordlist
Job.30.14,35,38,35,39,Riß,Riss,orthography:wordlist
Job.31.3,47,58,47,59,Mißgeschick,Missgeschick,orthography:wordlist
Job.31.8,53,63,53,64,Sprößlinge,Sprösslinge,orthography:wordlist
Job.31.9,19,24,19,24,einem,einer,grammar:Frau-determiner
Job.31.9,25,30,25,29,Weibe,Frau,word:Weib-Frau
Job.31.10,8,12,8,13,mein,meine,grammar:Frau-determiner
Job.31.10,13,17,14,18,Weib,Frau,word:Weib-Frau
Job.31.12,44,49,44,50,frißt,frisst,orthography:wordlist
Job.31.13,54,64,54,65,mißachtete,missachtete,orthography:wordlist
Job.31.17,34,37,34,38,daß,dass,orthography:wordlist
Job.31.25,23,26,23,27,daß,dass,orthography:wordlist
Job.31.25,56,59,57,61,daß,dass,orthography:wordlist
Job.31.27,69,75,69,76,geküßt,geküsst,orthography:wordlist
Job.31.34,103,106,103,107,daß,dass,orthography:wordlist
Job.31.35,2,5,2,6,daß,dass,orthography:wordlist
Job.32.3,70,73,70,74,daß,dass,orthography:wordlist
Job.32.5,20,23,20,24,daß,dass,orthography:wordlist
Job.32.13,0,3,0,4,Daß,Dass,orthography:wordlist
Job.32.20,17,20,17,21,daß,dass,orthography:wordlist
Job.32.21,0,3,0,4,Daß,Dass,orthography:wordlist
Job.33.14,54,57,54,58,daß,dass,orthography:wordlist
Job.33.17,53,56,53,57,daß,dass,orthography:wordlist
Job.33.18,0,3,0,4,daß,dass,orthography:wordlist
Job.33.18,79,86,80,88,Geschoß,Geschoss,orthography:wordlist
Job.33.21,24,27,24,28,daß,dass,orthography:wordlist
Job.33.24,60,63,60,64,daß,dass,orthography:wordlist
Job.33.28,28,31,28,32,daß,dass,orthography:wordlist
Job.33.30,53,56,53,57,daß,dass,orthography:wordlist
Job.34.6,71,74,71,75,daß,dass,orthography:wordlist
Job.34.9,56,59,56,60,daß,dass,orthography:wordlist
Job.34.11,67,71,67,72,läßt,lässt,orthography:wordlist
Job.34.17,37,41,37,42,haßt,hasst,orthography:wordlist
Job.34.19,0,7,0,8,Wieviel,Wie viel,orthography:wordlist
Job.34.22,49,52,49,53,daß,dass,orthography:wordlist
Job.34.27,6,9,6,10,daß,dass,orthography:wordlist
Job.34.33,90,94,90,95,mußt,musst,orthography:wordlist
Job.34.36,5,8,5,9,daß,dass,orthography:wordlist
Job.36.9,59,62,59,63,daß,dass,orthography:wordlist
Job.36.10,49,52,49,53,daß,dass,orthography:wordlist
Job.36.12,46,53,46,54,Geschoß,Geschoss,orthography:wordlist
Job.36.24,25,28,25,29,daß,dass,orthography:wordlist
Job.36.31,54,62,54,63,Überfluß,Überfluss,orthography:wordlist
Job.37.13,8,11,8,12,daß,dass,orthography:wordlist
Job.37.13,100,104,101,106,läßt,lässt,orthography:wordlist
Job.37.15,57,61,57,62,läßt,lässt,orthography:wordlist
Job.37.20,27,30,27,31,daß,dass,orthography:wordlist
Job.37.20,87,92,88,94,gewiß,gewiss,orthography:wordlist
Job.38.1,4,10,4,12,Jehova,der HERR,name:subject-before-finite-verb
Job.38.5,75,84,75,85,Meßschnur,Messschnur,orthography:wordlist
Job.38.13,0,3,0,4,daß,dass,orthography:wordlist
Job.38.20,0,3,0,4,Daß,Dass,orthography:wordlist
Job.38.20,47,50,48,52,daß,dass,orthography:wordlist
Job.38.34,45,48,45,49,daß,dass,orthography:wordlist
Job.38.35,29,32,29,33,daß,dass,orthography:wordlist
Job.38.35,49,52,50,54,daß,dass,orthography:wordlist
Job.39.12,35,38,35,39,daß,dass,orthography:wordlist
Job.39.12,71,74,72,76,daß,dass,orthography:wordlist
Job.39.14,10,18,10,19,überläßt,überlässt,orthography:wordlist
Job.39.15,8,15,8,16,vergißt,vergisst,orthography:wordlist
Job.39.15,18,21,19,23,daß,dass,orthography:wordlist
Job.39.24,51,55,51,56,läßt,lässt,orthography:wordlist
Job.40.1,4,10,4,12,Jehova,der HERR,name:subject-before-finite-verb
Job.40.3,20,26,20,28,Jehova,der HERR,name:subject-after-speech-verb
Job.40.6,4,10,4,12,Jehova,der HERR,name:subject-before-finite-verb
Job.40.14,35,38,35,39,daß,dass,orthography:wordlist
Job.40.15,59,64,59,65,frißt,frisst,orthography:wordlist
Job.40.28,37,40,37,41,daß,dass,orthography:wordlist
Job.41.2,22,25,22,26,daß,dass,orthography:wordlist
Job.41.3,328,334,328,336,Jehova,der HERR,name:subject-subordinate-clause
Job.41.5,56,67,56,68,Doppelgebiß,Doppelgebiss,orthography:wordlist
Job.42.1,20,26,20,28,Jehova,der HERR,name:subject-after-speech-verb
Job.42.2,11,14,11,15,daß,dass,orthography:wordlist
Job.42.7,24,30,24,32,Jehova,der HERR,name:subject-subordinate-clause
Job.42.7,79,85,81,89,Jehova,der HERR,name:subject-after-speech-verb
Job.42.9,109,115,109,117,Jehova,der HERR,name:subject-subordinate-clause
Job.42.9,147,153,149,157,Jehova,der HERR,name:subject-before-finite-verb
Job.42.10,4,10,4,8,Jehova,HERR,name:unresolved-case
Job.42.10,85,91,83,87,Jehova,HERR,name:unresolved-case
Job.42.11,227,233,227,235,Jehova,der HERR,name:subject-subordinate-clause
Job.42.12,4,10,4,12,Jehova,der HERR,name:subject-before-finite-verb
Ps.1.2,34,41,34,43,Jehovas,des HERRN,name:genitive
Ps.1.6,5,11,5,13,Jehova,der HERR,name:subject-before-finite-verb
Ps.2.2,85,91,85,94,Jehova,den HERRN,name:accusative-preposition
Ps.2.7,4,12,4,13,Beschluß,Beschluss,orthography:wordlist
Ps.2.7,32,38,33,41,Jehova,der HERR,name:subject-before-finite-verb
Ps.2.11,25,31,25,34,Jehova,dem HERRN,name:dative-verb
Ps.2.12,18,21,18,22,daß,dass,orthography:wordlist
Ps.3.2,9,15,9,13,Jehova,HERR,name:unresolved-case
Ps.3.4,9,15,9,13,Jehova,HERR,name:unresolved-case
Ps.3.5,31,37,31,40,Jehova,dem HERRN,name:dative-preposition
Ps.3.6,57,63,57,61,Jehova,HERR,name:unresolved-case
Ps.3.8,12,18,12,16,Jehova,HERR,name:unresolved-case
Ps.3.9,4,10,4,13,Jehova,dem HERRN,name:dative-preposition
Ps.4.4,15,18,15,19,daß,dass,orthography:wordlist
Ps.4.4,19,25,20,28,Jehova,der HERR,name:subject-subordinate-clause
Ps.4.4,67,73,70,78,Jehova,Der HERR,name:subject-before-finite-verb
Ps.4.6,70,76,70,79,Jehova,den HERRN,name:accusative-trust-in
Ps.4.7,78,84,78,82,Jehova,HERR,name:unresolved-case
Ps.4.9,76,82,76,80,Jehova,HERR,name:direct-address
Ps.5.2,15,21,15,19,Jehova,HERR,name:unresolved-case
Ps.5.4,26,32,26,30,Jehova,HERR,name:direct-address
Ps.5.7,86,92,86,90,Jehova,HERR,name:unresolved-case
Ps.5.9,13,19,13,17,Jehova,HERR,name:unresolved-case
Ps.5.11,0,3,0,4,Laß,Lass,orthography:wordlist
Ps.5.13,37,43,37,41,Jehova,HERR,name:unresolved-case
Ps.6.2,9,15,9,13,Jehova,HERR,name:unresolved-case
Ps.6.3,17,23,17,21,Jehova,HERR,name:unresolved-case
Ps.6.3,67,73,65,69,Jehova,HERR,name:unresolved-case
Ps.6.4,48,54,48,52,Jehova,HERR,name:direct-address
Ps.6.5,11,17,11,15,Jehova,HERR,name:direct-address-following-imperative
Ps.6.9,48,54,48,56,Jehova,der HERR,name:subject-before-finite-verb
Ps.6.10,9,15,9,17,Jehova,Der HERR,name:subject-before-finite-verb
Ps.6.10,67,73,69,73,Jehova,HERR,name:unresolved-case
Ps.7.1,31,37,31,35,Jehova,HERR,name:unresolved-case
Ps.7.2,9,15,9,13,Jehova,HERR,name:unresolved-case
Ps.7.3,0,3,0,4,Daß,Dass,orthography:wordlist
Ps.7.4,9,15,9,13,Jehova,HERR,name:unresolved-case
Ps.7.7,12,18,12,16,Jehova,HERR,name:unresolved-case
Ps.7.9,9,15,9,17,Jehova,Der HERR,name:subject-before-finite-verb
Ps.7.9,57,63,59,63,Jehova,HERR,name:unresolved-case
Ps.7.10,0,3,0,4,Laß,Lass,orthography:wordlist
Ps.7.18,19,25,19,28,Jehova,den HERRN,name:object-before-infinitive
Ps.7.18,87,94,90,99,Jehovas,des HERRN,name:genitive
Ps.8.2,0,6,0,4,Jehova,HERR,name:unresolved-case
Ps.8.5,22,25,22,26,daß,dass,orthography:wordlist
Ps.8.5,69,72,70,74,daß,dass,orthography:wordlist
Ps.8.10,0,6,0,4,Jehova,HERR,name:unresolved-case
Ps.9.2,19,25,19,28,Jehova,den HERRN,name:object-before-infinitive
Ps.9.8,9,15,9,13,Jehova,HERR,name:unresolved-case
Ps.9.10,4,10,4,12,Jehova,der HERR,name:subject-before-finite-verb
Ps.9.11,108,114,108,112,Jehova,HERR,name:terminal-direct-address
Ps.9.12,15,21,15,19,Jehova,HERR,name:unresolved-case
Ps.9.14,17,23,17,21,Jehova,HERR,name:unresolved-case
Ps.9.15,4,7,4,8,daß,dass,orthography:wordlist
Ps.9.17,9,15,9,17,Jehova,Der HERR,name:subject-before-finite-verb
Ps.9.20,12,18,12,16,Jehova,HERR,name:unresolved-case
Ps.9.21,23,29,23,27,Jehova,HERR,name:unresolved-case
Ps.9.21,60,63,58,62,daß,dass,orthography:wordlist
Ps.10.1,7,13,7,11,Jehova,HERR,name:unresolved-case
Ps.10.3,106,112,106,115,Jehova,den HERRN,name:accusative-verb
Ps.10.11,45,52,45,53,vergißt,vergisst,orthography:wordlist
Ps.10.12,12,18,12,16,Jehova,HERR,name:unresolved-case
Ps.10.12,49,55,47,54,Vergiß,Vergiss,orthography:wordlist
Ps.10.14,104,112,104,113,überläßt,überlässt,orthography:wordlist
Ps.10.15,84,87,84,88,daß,dass,orthography:wordlist
Ps.10.16,9,15,9,17,Jehova,Der HERR,name:subject-before-finite-verb
Ps.10.17,46,52,46,50,Jehova,HERR,name:unresolved-case
Ps.10.18,56,59,56,60,daß,dass,orthography:wordlist
Ps.11.1,31,37,31,35,Jehova,HERR,name:unresolved-case
Ps.11.4,9,15,9,17,Jehova,Der HERR,name:subject-before-finite-verb
Ps.11.4,49,55,51,55,Jehova,HERR,name:unresolved-case
Ps.11.5,9,15,9,13,Jehova,HERR,name:unresolved-case
Ps.11.5,99,103,97,102,haßt,hasst,orthography:wordlist
Ps.11.7,18,24,18,26,Jehova,der HERR,name:subject-after-auxiliary
Ps.12.2,7,13,7,11,Jehova,HERR,name:direct-address-imperative
Ps.12.4,9,15,9,17,Jehova,Der HERR,name:subject-before-finite-verb
Ps.12.6,112,118,112,120,Jehova,der HERR,name:subject-after-speech-verb
Ps.12.7,10,17,10,19,Jehovas,des HERRN,name:genitive
Ps.12.8,4,10,4,8,Jehova,HERR,name:direct-address
Ps.13.2,10,16,10,14,Jehova,HERR,name:unresolved-case
Ps.13.4,37,43,37,41,Jehova,HERR,name:unresolved-case
Ps.13.4,83,86,81,85,daß,dass,orthography:wordlist
Ps.13.5,0,3,0,4,daß,dass,orthography:wordlist
Ps.13.7,9,15,9,18,Jehova,dem HERRN,name:dative-before-infinitive
Ps.14.2,9,15,9,17,Jehova,Der HERR,name:subject-before-finite-verb
Ps.14.4,100,106,100,104,Jehova,HERR,name:unresolved-case
Ps.14.6,53,59,53,61,Jehova,der HERR,name:subject-subordinate-clause
Ps.14.7,2,5,2,6,daß,dass,orthography:wordlist
Ps.14.7,52,58,53,61,Jehova,der HERR,name:subject-subordinate-clause
Ps.15.1,24,30,24,28,Jehova,HERR,name:unresolved-case
Ps.15.4,73,79,73,81,Jehova,der HERR,name:subject-subordinate-clause
Ps.16.2,25,31,25,34,Jehova,dem HERRN,name:dative-preposition
Ps.16.5,9,15,9,17,Jehova,Der HERR,name:subject-before-finite-verb
Ps.16.6,4,14,4,15,Meßschnüre,Messschnüre,orthography:wordlist
Ps.16.7,9,15,9,13,Jehova,HERR,name:unresolved-case
Ps.16.8,9,15,9,13,Jehova,HERR,name:unresolved-case
Ps.16.10,75,78,75,79,daß,dass,orthography:wordlist
Ps.17.1,31,37,31,35,Jehova,HERR,name:direct-address-imperative
Ps.17.2,53,56,53,57,laß,lass,orthography:wordlist
Ps.17.13,12,18,12,16,Jehova,HERR,name:unresolved-case
Ps.17.14,35,41,35,39,Jehova,HERR,name:unresolved-case
Ps.17.14,197,205,195,204,Überfluß,Überfluss,orthography:wordlist
Ps.18.1,32,39,32,41,Jehovas,des HERRN,name:genitive
Ps.18.1,86,92,88,97,Jehova,dem HERRN,name:dative-preposition
Ps.18.1,119,125,124,128,Jehova,HERR,name:unresolved-case
Ps.18.2,60,66,60,64,Jehova,HERR,name:unresolved-case
Ps.18.3,9,15,9,17,Jehova,Der HERR,name:subject-before-finite-verb
Ps.18.4,10,16,10,19,Jehova,den HERRN,name:object-before-infinitive
Ps.18.7,34,40,34,43,Jehova,dem HERRN,name:dative-preposition
Ps.18.14,16,22,16,20,Jehova,HERR,name:unresolved-case
Ps.18.16,124,130,124,128,Jehova,HERR,name:unresolved-case
Ps.18.19,50,56,50,54,Jehova,HERR,name:unresolved-case
Ps.18.21,9,15,9,13,Jehova,HERR,name:unresolved-case
Ps.18.22,23,30,23,32,Jehovas,des HERRN,name:genitive
Ps.18.25,4,10,4,8,Jehova,HERR,name:unresolved-case
Ps.18.29,44,50,44,48,Jehova,HERR,name:unresolved-case
Ps.18.31,43,50,43,52,Jehovas,des HERRN,name:genitive
Ps.18.32,26,32,26,35,Jehova,dem HERRN,name:dative-preposition
Ps.18.42,40,46,40,49,Jehova,dem HERRN,name:dative-preposition
Ps.18.47,9,15,9,17,Jehova,Der HERR,name:subject-before-finite-verb
Ps.18.50,7,13,7,15,Jehova,der HERR,name:subject-before-finite-verb
Ps.19.5,5,14,5,15,Meßschnur,Messschnur,orthography:wordlist
Ps.19.8,11,18,11,20,Jehovas,des HERRN,name:genitive
Ps.19.8,71,78,73,82,Jehovas,des HERRN,name:genitive
Ps.19.9,17,24,17,26,Jehovas,des HERRN,name:genitive
Ps.19.9,71,78,73,82,Jehovas,des HERRN,name:genitive
Ps.19.10,38,45,38,47,Jehovas,des HERRN,name:genitive
Ps.19.10,92,99,94,103,Jehovas,des HERRN,name:genitive
Ps.19.14,50,53,50,54,laß,lass,orthography:wordlist
Ps.19.15,0,3,0,4,Laß,Lass,orthography:wordlist
Ps.19.15,89,95,90,94,Jehova,HERR,name:unresolved-case
Ps.20.2,9,15,9,13,Jehova,HERR,name:unresolved-case
Ps.20.6,88,94,88,92,Jehova,HERR,name:unresolved-case
Ps.20.7,17,20,17,21,daß,dass,orthography:wordlist
Ps.20.7,21,27,22,30,Jehova,der HERR,name:subject-subordinate-clause
Ps.20.8,77,84,77,86,Jehovas,des HERRN,name:genitive
Ps.20.10,9,15,9,13,Jehova,HERR,name:direct-address-following-imperative
Ps.21.2,18,24,18,22,Jehova,HERR,name:unresolved-case
Ps.21.8,9,15,9,13,Jehova,HERR,name:unresolved-case
Ps.21.10,69,75,69,77,Jehova,der HERR,name:subject-before-finite-verb
Ps.21.14,14,20,14,18,Jehova,HERR,name:unresolved-case
Ps.22.9,17,23,17,26,Jehova,den HERRN,name:accusative-trust-in
Ps.22.20,9,15,9,17,Jehova,der HERR,name:subject-before-finite-verb
Ps.22.24,13,19,13,17,Jehova,HERR,name:unresolved-case
Ps.22.27,68,74,68,77,Jehova,den HERRN,name:object-before-infinitive
Ps.22.28,53,59,53,62,Jehova,dem HERRN,name:dative-preposition
Ps.22.29,5,12,5,14,Jehovas,des HERRN,name:genitive
Ps.22.32,108,111,108,112,daß,dass,orthography:wordlist
Ps.23.1,23,29,23,31,Jehova,Der HERR,name:subject-before-finite-verb
Ps.23.6,101,108,101,110,Jehovas,des HERRN,name:genitive
Ps.24.1,24,31,24,33,Jehovas,Des HERRN,name:genitive
Ps.24.3,31,38,31,40,Jehovas,des HERRN,name:genitive
Ps.24.5,29,35,29,38,Jehova,dem HERRN,name:dative-preposition
Ps.24.7,71,74,71,75,daß,dass,orthography:wordlist
Ps.24.8,41,47,41,45,Jehova,HERR,name:unresolved-case
Ps.24.8,71,77,69,73,Jehova,HERR,name:unresolved-case
Ps.24.9,71,74,71,75,daß,dass,orthography:wordlist
Ps.24.10,45,51,45,49,Jehova,HERR,name:unresolved-case
Ps.25.1,20,26,20,24,Jehova,HERR,name:unresolved-case
Ps.25.2,36,39,36,40,Laß,Lass,orthography:wordlist
Ps.25.2,69,72,70,74,laß,lass,orthography:wordlist
Ps.25.4,13,19,13,17,Jehova,HERR,name:unresolved-case
Ps.25.6,38,44,38,42,Jehova,HERR,name:unresolved-case
Ps.25.7,141,147,141,145,Jehova,HERR,name:terminal-direct-address
Ps.25.8,32,38,32,40,Jehova,der HERR,name:subject-after-auxiliary
Ps.25.10,11,18,11,20,Jehovas,des HERRN,name:genitive
Ps.25.11,26,32,26,30,Jehova,HERR,name:unresolved-case
Ps.25.12,27,33,27,31,Jehova,HERR,name:existing-nominative-article
Ps.25.14,14,21,14,23,Jehovas,des HERRN,name:genitive
Ps.25.15,29,35,29,33,Jehova,HERR,name:unresolved-case
Ps.25.20,40,43,40,44,Laß,Lass,orthography:wordlist
Ps.26.1,26,32,26,30,Jehova,HERR,name:unresolved-case
Ps.26.1,90,96,88,92,Jehova,HERR,name:unresolved-case
Ps.26.2,22,28,22,26,Jehova,HERR,name:unresolved-case
Ps.26.5,40,46,40,47,gehaßt,gehasst,orthography:wordlist
Ps.26.6,65,71,65,69,Jehova,HERR,name:terminal-direct-address
Ps.26.8,9,15,9,13,Jehova,HERR,name:unresolved-case
Ps.26.12,35,41,35,39,Jehova,HERR,name:unresolved-case
Ps.27.1,12,18,12,20,Jehova,Der HERR,name:subject-before-finite-verb
Ps.27.1,87,93,89,97,Jehova,Der HERR,name:subject-before-finite-verb
Ps.27.4,30,36,30,39,Jehova,dem HERRN,name:dative-preposition
Ps.27.4,99,106,102,111,Jehovas,des HERRN,name:genitive
Ps.27.4,166,173,171,180,Jehovas,des HERRN,name:genitive
Ps.27.6,174,180,174,183,Jehova,dem HERRN,name:dative-verb
Ps.27.7,16,22,16,20,Jehova,HERR,name:direct-address-imperative
Ps.27.8,86,92,86,90,Jehova,HERR,name:unresolved-case
Ps.27.9,110,113,110,114,laß,lass,orthography:wordlist
Ps.27.9,130,136,131,138,verlaß,verlass,orthography:wordlist
Ps.27.10,73,79,73,77,Jehova,HERR,name:unresolved-case
Ps.27.11,13,19,13,17,Jehova,HERR,name:direct-address-pronoun
Ps.27.13,51,58,51,60,Jehovas,des HERRN,name:genitive
Ps.27.14,20,26,20,24,Jehova,HERR,name:unresolved-case
Ps.27.14,83,89,81,85,Jehova,HERR,name:unresolved-case
Ps.28.1,20,26,20,24,Jehova,HERR,name:unresolved-case
Ps.28.5,38,45,38,47,Jehovas,des HERRN,name:genitive
Ps.28.6,14,20,14,22,Jehova,der HERR,name:subject-after-auxiliary
Ps.28.7,9,15,9,17,Jehova,Der HERR,name:subject-before-finite-verb
Ps.28.8,9,15,9,17,Jehova,Der HERR,name:subject-before-finite-verb
Ps.29.1,30,36,30,39,Jehova,dem HERRN,name:dative-give-imperative
Ps.29.1,69,75,72,81,Jehova,dem HERRN,name:dative-give-imperative
Ps.29.2,6,12,6,15,Jehova,dem HERRN,name:dative-give-imperative
Ps.29.2,54,60,57,61,Jehova,HERR,name:unresolved-case
Ps.29.3,12,19,12,21,Jehovas,des HERRN,name:genitive
Ps.29.3,79,85,81,85,Jehova,HERR,name:unresolved-case
Ps.29.4,11,18,11,20,Jehovas,des HERRN,name:genitive
Ps.29.4,45,52,47,56,Jehovas,des HERRN,name:genitive
Ps.29.5,12,19,12,21,Jehovas,des HERRN,name:genitive
Ps.29.5,43,49,45,49,Jehova,HERR,name:unresolved-case
Ps.29.7,11,18,11,20,Jehovas,des HERRN,name:genitive
Ps.29.8,12,19,12,21,Jehovas,des HERRN,name:genitive
Ps.29.8,44,50,46,50,Jehova,HERR,name:unresolved-case
Ps.29.9,11,18,11,20,Jehovas,des HERRN,name:genitive
Ps.29.10,9,15,9,17,Jehova,Der HERR,name:subject-before-finite-verb
Ps.29.10,48,54,50,58,Jehova,der HERR,name:subject-before-finite-verb
Ps.29.11,9,15,9,17,Jehova,Der HERR,name:subject-before-finite-verb
Ps.29.11,51,57,53,61,Jehova,der HERR,name:subject-before-finite-verb
Ps.30.2,24,30,24,28,Jehova,HERR,name:unresolved-case
Ps.30.3,9,15,9,13,Jehova,HERR,name:unresolved-case
Ps.30.4,9,15,9,13,Jehova,HERR,name:direct-address-pronoun
Ps.30.5,15,21,15,19,Jehova,HERR,name:unresolved-case
Ps.30.8,9,15,9,13,Jehova,HERR,name:unresolved-case
Ps.30.9,8,14,8,16,Jehova,der HERR,name:subject-before-finite-verb
Ps.30.11,16,22,16,20,Jehova,HERR,name:direct-address-imperative
Ps.30.11,46,52,44,52,Jehova,Der HERR,name:subject-before-finite-verb
Ps.30.13,4,7,4,8,daß,dass,orthography:wordlist
Ps.30.13,53,59,54,58,Jehova,HERR,name:unresolved-case
Ps.31.2,11,17,11,15,Jehova,HERR,name:direct-address-following-imperative
Ps.31.2,31,34,29,33,laß,lass,orthography:wordlist
Ps.31.6,65,71,65,69,Jehova,HERR,name:direct-address-pronoun
Ps.31.7,0,6,0,7,Gehaßt,Gehasst,orthography:wordlist
Ps.31.7,81,87,82,86,Jehova,HERR,name:unresolved-case
Ps.31.10,17,23,17,21,Jehova,HERR,name:unresolved-case
Ps.31.15,39,45,39,43,Jehova,HERR,name:unresolved-case
Ps.31.17,0,3,0,4,Laß,Lass,orthography:wordlist
Ps.31.18,9,15,9,13,Jehova,HERR,name:direct-address-following-imperative
Ps.31.18,18,21,16,20,laß,lass,orthography:wordlist
Ps.31.18,82,85,81,85,laß,lass,orthography:wordlist
Ps.31.18,120,123,120,124,laß,lass,orthography:wordlist
Ps.31.19,0,3,0,4,Laß,Lass,orthography:wordlist
Ps.31.22,14,20,14,22,Jehova,der HERR,name:subject-after-auxiliary
Ps.31.24,25,31,25,34,Jehova,den HERRN,name:accusative-verb
Ps.31.24,77,83,80,84,Jehova,HERR,name:unresolved-case
Ps.31.25,58,64,58,62,Jehova,HERR,name:unresolved-case
Ps.32.2,28,34,28,33,Jehova,HERRN,name:existing-oblique-article
Ps.32.5,110,116,110,114,Jehova,HERR,name:unresolved-case
Ps.32.6,75,80,75,81,gewiß,gewiss,orthography:wordlist
Ps.32.9,20,23,20,24,Roß,Ross,orthography:wordlist
Ps.32.9,108,112,109,114,mußt,musst,orthography:wordlist
Ps.32.10,68,74,68,72,Jehova,HERR,name:unresolved-case
Ps.32.11,16,22,16,25,Jehova,dem HERRN,name:dative-in-Lord
Ps.33.1,27,33,27,36,Jehova,dem HERRN,name:dative-in-Lord
Ps.33.2,8,14,8,17,Jehova,den HERRN,name:accusative-verb
Ps.33.4,26,33,26,35,Jehovas,des HERRN,name:genitive
Ps.33.5,65,72,65,74,Jehovas,des HERRN,name:genitive
Ps.33.6,6,13,6,15,Jehovas,des HERRN,name:genitive
Ps.33.8,21,27,21,30,Jehova,dem HERRN,name:presence-before-Lord
Ps.33.10,9,15,9,17,Jehova,Der HERR,name:subject-before-finite-verb
Ps.33.10,37,46,39,49,Ratschluß,Ratschluss,orthography:wordlist
Ps.33.11,4,13,4,14,Ratschluß,Ratschluss,orthography:wordlist
Ps.33.11,14,21,15,24,Jehovas,des HERRN,name:genitive
Ps.33.12,34,40,34,42,Jehova,der HERR,name:subject-before-finite-verb
Ps.33.13,9,15,9,17,Jehova,Der HERR,name:subject-before-finite-verb
Ps.33.17,18,21,18,22,Roß,Ross,orthography:wordlist
Ps.33.17,72,76,73,78,läßt,lässt,orthography:wordlist
Ps.33.18,16,23,16,25,Jehovas,des HERRN,name:genitive
Ps.33.20,25,31,25,29,Jehova,HERR,name:unresolved-case
Ps.33.22,13,19,13,21,Jehova,der HERR,name:subject-before-finite-verb
Ps.34.2,9,15,9,17,Jehova,Der HERR,name:subject-before-finite-verb
Ps.34.3,3,9,3,12,Jehova,dem HERRN,name:dative-in-Lord
Ps.34.4,8,14,8,12,Jehova,HERR,name:unresolved-case
Ps.34.5,11,17,11,20,Jehova,den HERRN,name:accusative-verb
Ps.34.7,25,31,25,33,Jehova,der HERR,name:subject-before-finite-verb
Ps.34.8,10,17,10,19,Jehovas,des HERRN,name:genitive
Ps.34.9,32,35,32,36,daß,dass,orthography:wordlist
Ps.34.9,36,42,37,45,Jehova,der HERR,name:subject-subordinate-clause
Ps.34.10,27,33,27,36,Jehova,den HERRN,name:accusative-verb
Ps.34.11,43,49,43,47,Jehova,HERR,name:unresolved-case
Ps.34.12,56,63,56,65,Jehovas,des HERRN,name:genitive
Ps.34.14,62,65,62,66,daß,dass,orthography:wordlist
Ps.34.16,10,17,10,19,Jehovas,des HERRN,name:genitive
Ps.34.17,14,21,14,23,Jehovas,des HERRN,name:genitive
Ps.34.18,19,25,19,27,Jehova,der HERR,name:subject-before-finite-verb
Ps.34.19,19,25,19,27,Jehova,der HERR,name:subject-after-auxiliary
Ps.34.20,98,104,98,102,Jehova,HERR,name:unresolved-case
Ps.34.23,9,15,9,13,Jehova,HERR,name:unresolved-case
Ps.35.1,22,28,22,26,Jehova,HERR,name:unresolved-case
Ps.35.4,0,3,0,4,Laß,Lass,orthography:wordlist
Ps.35.4,72,75,73,77,laß,lass,orthography:wordlist
Ps.35.5,0,3,0,4,Laß,Lass,orthography:wordlist
Ps.35.5,54,61,55,64,Jehovas,des HERRN,name:genitive
Ps.35.6,71,78,71,80,Jehovas,des HERRN,name:genitive
Ps.35.8,32,35,32,36,daß,dass,orthography:wordlist
Ps.35.9,36,42,36,45,Jehova,dem HERRN,name:dative-in-Lord
Ps.35.10,34,40,34,38,Jehova,HERR,name:unresolved-case
Ps.35.19,0,3,0,4,Laß,Lass,orthography:wordlist
Ps.35.22,31,37,31,35,Jehova,HERR,name:unresolved-case
Ps.35.24,47,53,47,51,Jehova,HERR,name:direct-address-following-imperative
Ps.35.24,72,75,70,74,laß,lass,orthography:wordlist
Ps.35.25,0,3,0,4,Laß,Lass,orthography:wordlist
Ps.35.25,64,67,65,69,Laß,Lass,orthography:wordlist
Ps.35.26,0,3,0,4,Laß,Lass,orthography:wordlist
Ps.35.26,93,96,94,98,Laß,Lass,orthography:wordlist
Ps.35.27,0,3,0,4,Laß,Lass,orthography:wordlist
Ps.35.27,75,78,76,80,laß,lass,orthography:wordlist
Ps.35.27,109,115,111,119,Jehova,der HERR,name:subject-after-auxiliary
Ps.36.1,31,38,31,40,Jehovas,des HERRN,name:genitive
Ps.36.3,87,90,87,91,Haß,Hass,orthography:wordlist
Ps.36.6,9,15,9,13,Jehova,HERR,name:unresolved-case
Ps.36.7,119,125,119,123,Jehova,HERR,name:direct-address
Ps.36.11,0,3,0,4,Laß,Lass,orthography:wordlist
Ps.37.3,13,19,13,22,Jehova,den HERRN,name:accusative-trust-in
Ps.37.4,20,26,20,24,Jehova,HERR,name:unresolved-case
Ps.37.5,26,32,26,30,Jehova,HERR,name:unresolved-case
Ps.37.7,20,26,20,25,Jehova,HERRN,name:existing-oblique-article
Ps.37.8,24,27,24,28,laß,lass,orthography:wordlist
Ps.37.9,60,66,60,64,Jehova,HERR,name:unresolved-case
Ps.37.13,40,43,40,44,daß,dass,orthography:wordlist
Ps.37.16,52,60,52,61,Überfluß,Überfluss,orthography:wordlist
Ps.37.17,63,69,63,67,Jehova,HERR,name:unresolved-case
Ps.37.18,9,15,9,17,Jehova,Der HERR,name:subject-before-finite-verb
Ps.37.20,55,62,55,64,Jehovas,des HERRN,name:genitive
Ps.37.23,4,10,4,13,Jehova,dem HERRN,name:dative-preposition
Ps.37.24,56,62,56,60,Jehova,HERR,name:unresolved-case
Ps.37.28,5,11,5,9,Jehova,HERR,name:unresolved-case
Ps.37.33,9,15,9,17,Jehova,Der HERR,name:subject-before-finite-verb
Ps.37.34,37,43,37,41,Jehova,HERR,name:unresolved-case
Ps.37.39,40,46,40,49,Jehova,dem HERRN,name:dative-preposition
Ps.37.40,4,10,4,12,Jehova,der HERR,name:subject-before-finite-verb
Ps.38.2,9,15,9,13,Jehova,HERR,name:unresolved-case
Ps.38.16,15,21,15,19,Jehova,HERR,name:unresolved-case
Ps.38.17,18,21,18,22,Daß,Dass,orthography:wordlist
Ps.38.22,9,15,9,16,Verlaß,Verlass,orthography:wordlist
Ps.38.22,29,35,30,34,Jehova,HERR,name:unresolved-case
Ps.39.2,62,65,62,66,daß,dass,orthography:wordlist
Ps.39.5,15,21,15,19,Jehova,HERR,name:unresolved-case
Ps.39.5,79,82,77,81,daß,dass,orthography:wordlist
Ps.39.13,28,34,28,32,Jehova,HERR,name:unresolved-case
Ps.39.14,20,23,20,24,daß,dass,orthography:wordlist
Ps.40.2,24,30,24,28,Jehova,HERR,name:unresolved-case
Ps.40.4,143,149,143,147,Jehova,HERR,name:unresolved-case
Ps.40.5,26,32,26,30,Jehova,HERR,name:existing-nominative-article
Ps.40.6,76,82,76,80,Jehova,HERR,name:unresolved-case
Ps.40.10,106,112,106,110,Jehova,HERR,name:direct-address-pronoun
Ps.40.12,4,10,4,8,Jehova,HERR,name:direct-address
Ps.40.12,92,95,90,94,laß,lass,orthography:wordlist
Ps.40.13,92,95,92,96,daß,dass,orthography:wordlist
Ps.40.14,0,3,0,4,Laß,Lass,orthography:wordlist
Ps.40.14,19,25,20,24,Jehova,HERR,name:unresolved-case
Ps.40.14,47,53,46,50,Jehova,HERR,name:unresolved-case
Ps.40.15,0,3,0,4,Laß,Lass,orthography:wordlist
Ps.40.15,108,111,109,113,laß,lass,orthography:wordlist
Ps.40.16,0,3,0,4,Laß,Lass,orthography:wordlist
Ps.40.17,0,3,0,4,Laß,Lass,orthography:wordlist
Ps.40.17,94,97,95,99,laß,lass,orthography:wordlist
Ps.40.17,124,130,126,134,Jehova,der HERR,name:subject-after-auxiliary
Ps.41.2,65,71,65,73,Jehova,der HERR,name:subject-after-auxiliary
Ps.41.3,9,15,9,17,Jehova,Der HERR,name:subject-before-finite-verb
Ps.41.4,9,15,9,17,Jehova,Der HERR,name:subject-before-finite-verb
Ps.41.5,13,19,13,21,Jehova,der HERR,name:subject-before-finite-verb
Ps.41.11,9,15,9,17,Jehova,der HERR,name:subject-before-finite-verb
Ps.41.11,56,59,58,62,daß,dass,orthography:wordlist
Ps.41.12,19,22,19,23,daß,dass,orthography:wordlist
Ps.41.12,49,52,50,54,daß,dass,orthography:wordlist
Ps.41.14,14,20,14,22,Jehova,der HERR,name:subject-after-auxiliary
Ps.42.9,16,22,16,24,Jehova,der HERR,name:subject-after-auxiliary
Ps.45.8,69,75,69,76,gehaßt,gehasst,orthography:wordlist
Ps.45.11,63,69,63,70,vergiß,vergiss,orthography:wordlist
Ps.46.7,53,57,53,58,läßt,lässt,orthography:wordlist
Ps.46.8,9,15,9,13,Jehova,HERR,name:unresolved-case
Ps.46.9,41,48,41,50,Jehovas,des HERRN,name:genitive
Ps.46.11,26,29,26,30,daß,dass,orthography:wordlist
Ps.46.12,9,15,9,13,Jehova,HERR,name:unresolved-case
Ps.47.3,5,11,5,9,Jehova,HERR,name:unresolved-case
Ps.47.6,51,57,51,55,Jehova,HERR,name:unresolved-case
Ps.48.2,19,25,19,27,Jehova,der HERR,name:subject-after-auxiliary
Ps.48.9,64,71,64,73,Jehovas,des HERRN,name:genitive
Ps.49.9,52,55,52,56,muß,muss,orthography:wordlist
Ps.49.10,0,3,0,4,daß,dass,orthography:wordlist
Ps.49.11,16,19,16,20,daß,dass,orthography:wordlist
Ps.49.11,41,44,42,46,daß,dass,orthography:wordlist
Ps.49.12,17,20,17,21,daß,dass,orthography:wordlist
Ps.50.1,45,51,45,53,Jehova,der HERR,name:subject-before-finite-verb
Ps.50.3,56,61,56,62,frißt,frisst,orthography:wordlist
Ps.50.17,22,28,22,29,gehaßt,gehasst,orthography:wordlist
Ps.51.10,0,3,0,4,Laß,Lass,orthography:wordlist
Ps.51.14,0,3,0,4,Laß,Lass,orthography:wordlist
Ps.53.6,46,49,46,50,daß,dass,orthography:wordlist
Ps.53.7,2,5,2,6,daß,dass,orthography:wordlist
Ps.54.8,83,89,83,87,Jehova,HERR,name:unresolved-case
Ps.55.3,72,75,72,76,muß,muss,orthography:wordlist
Ps.55.7,29,32,29,33,daß,dass,orthography:wordlist
Ps.55.17,34,40,34,42,Jehova,der HERR,name:subject-before-finite-verb
Ps.55.18,43,46,43,47,muß,muss,orthography:wordlist
Ps.55.23,19,25,19,23,Jehova,HERR,name:unresolved-case
Ps.55.23,109,112,107,111,daß,dass,orthography:wordlist
Ps.56.10,81,84,81,85,daß,dass,orthography:wordlist
Ps.56.11,41,47,41,50,Jehova,dem HERRN,name:dative-in-Lord
Ps.58.7,66,71,66,72,Gebiß,Gebiss,orthography:wordlist
Ps.58.7,92,98,93,97,Jehova,HERR,name:terminal-direct-address
Ps.58.8,0,3,0,4,Laß,Lass,orthography:wordlist
Ps.58.9,0,3,0,4,Laß,Lass,orthography:wordlist
Ps.58.9,86,91,87,92,eines,einer,grammar:Frau-determiner
Ps.58.9,92,98,93,97,Weibes,Frau,word:Weib-Frau
Ps.59.4,120,126,120,124,Jehova,HERR,name:terminal-direct-address
Ps.59.6,9,15,9,13,Jehova,HERR,name:direct-address
Ps.59.9,9,15,9,13,Jehova,HERR,name:unresolved-case
Ps.59.12,53,56,53,57,laß,lass,orthography:wordlist
Ps.59.13,62,65,62,66,laß,lass,orthography:wordlist
Ps.59.14,44,47,44,48,daß,dass,orthography:wordlist
Ps.59.14,85,88,86,90,daß,dass,orthography:wordlist
Ps.60.6,56,59,56,60,daß,dass,orthography:wordlist
Ps.61.8,83,86,83,87,daß,dass,orthography:wordlist
Ps.62.12,87,90,87,91,daß,dass,orthography:wordlist
Ps.64.11,27,33,27,36,Jehova,dem HERRN,name:dative-in-Lord
Ps.65.5,57,60,57,61,daß,dass,orthography:wordlist
Ps.65.10,39,47,39,48,Überfluß,Überfluss,orthography:wordlist
Ps.66.7,79,82,79,83,Daß,Dass,orthography:wordlist
Ps.66.9,64,67,64,68,daß,dass,orthography:wordlist
Ps.67.3,0,3,0,4,daß,dass,orthography:wordlist
Ps.68.7,15,19,15,20,läßt,lässt,orthography:wordlist
Ps.68.12,10,16,10,17,erläßt,erlässt,orthography:wordlist
Ps.68.17,123,129,123,131,Jehova,der HERR,name:subject-after-auxiliary
Ps.68.19,158,164,158,166,Jehova,der HERR,name:subject-subordinate-clause
Ps.68.21,57,63,57,66,Jehova,dem HERRN,name:dative-preposition
Ps.68.22,0,5,0,6,Gewiß,Gewiss,orthography:wordlist
Ps.68.24,4,7,4,8,daß,dass,orthography:wordlist
Ps.68.34,77,81,77,82,läßt,lässt,orthography:wordlist
Ps.69.5,171,174,171,175,muß,muss,orthography:wordlist
Ps.69.7,0,3,0,4,Laß,Lass,orthography:wordlist
Ps.69.7,69,75,70,74,Jehova,HERR,name:unresolved-case
Ps.69.7,94,97,93,97,Laß,Lass,orthography:wordlist
Ps.69.14,44,50,44,48,Jehova,HERR,name:unresolved-case
Ps.69.15,36,39,36,40,daß,dass,orthography:wordlist
Ps.69.15,61,64,62,66,Laß,Lass,orthography:wordlist
Ps.69.16,0,3,0,4,Laß,Lass,orthography:wordlist
Ps.69.16,94,97,95,99,laß,lass,orthography:wordlist
Ps.69.17,23,29,23,27,Jehova,HERR,name:unresolved-case
Ps.69.24,0,3,0,4,Laß,Lass,orthography:wordlist
Ps.69.24,32,35,33,37,daß,dass,orthography:wordlist
Ps.69.24,58,61,60,64,laß,lass,orthography:wordlist
Ps.69.28,53,56,53,57,laß,lass,orthography:wordlist
Ps.69.29,0,3,0,4,Laß,Lass,orthography:wordlist
Ps.69.32,13,19,13,21,Jehova,der HERR,name:subject-after-auxiliary
Ps.69.34,5,11,5,13,Jehova,der HERR,name:subject-before-finite-verb
Ps.70.2,42,48,42,46,Jehova,HERR,name:unresolved-case
Ps.70.3,0,3,0,4,Laß,Lass,orthography:wordlist
Ps.70.3,78,81,79,83,Laß,Lass,orthography:wordlist
Ps.70.4,0,3,0,4,Laß,Lass,orthography:wordlist
Ps.70.5,0,3,0,4,Laß,Lass,orthography:wordlist
Ps.70.5,98,101,99,103,laß,lass,orthography:wordlist
Ps.70.6,94,100,94,98,Jehova,HERR,name:unresolved-case
Ps.71.1,11,17,11,15,Jehova,HERR,name:direct-address-following-imperative
Ps.71.1,31,34,29,33,Laß,Lass,orthography:wordlist
Ps.71.5,37,43,37,41,Jehova,HERR,name:unresolved-case
Ps.71.9,79,85,79,86,verlaß,verlass,orthography:wordlist
Ps.71.13,0,3,0,4,Laß,Lass,orthography:wordlist
Ps.71.13,22,25,23,27,laß,lass,orthography:wordlist
Ps.71.13,65,68,67,71,Laß,Lass,orthography:wordlist
Ps.71.16,48,54,48,52,Jehova,HERR,name:unresolved-case
Ps.71.18,48,54,48,55,verlaß,verlass,orthography:wordlist
Ps.72.16,8,16,8,17,Überfluß,Überfluss,orthography:wordlist
Ps.72.18,14,20,14,22,Jehova,der HERR,name:subject-after-auxiliary
Ps.73.11,23,28,23,29,wüßte,wüsste,orthography:wordlist
Ps.73.22,20,25,20,26,wußte,wusste,orthography:wordlist
Ps.73.23,42,48,42,49,erfaßt,erfasst,orthography:wordlist
Ps.73.28,93,99,93,97,Jehova,HERR,name:unresolved-case
Ps.74.8,50,54,50,55,Laßt,Lasst,orthography:wordlist
Ps.74.18,41,47,41,49,Jehova,der HERR,name:subject-after-auxiliary
Ps.74.19,105,111,105,112,vergiß,vergiss,orthography:wordlist
Ps.74.21,46,49,46,50,laß,lass,orthography:wordlist
Ps.74.23,0,6,0,7,Vergiß,Vergiss,orthography:wordlist
Ps.75.9,33,40,33,42,Jehovas,des HERRN,name:genitive
Ps.76.7,85,88,85,89,Roß,Ross,orthography:wordlist
Ps.76.12,35,41,35,39,Jehova,HERR,name:unresolved-case
Ps.78.4,88,95,88,97,Jehovas,des HERRN,name:genitive
Ps.78.21,11,17,11,19,Jehova,der HERR,name:subject-with-intervening-object
Ps.78.35,26,29,26,30,daß,dass,orthography:wordlist
Ps.78.39,24,27,24,28,daß,dass,orthography:wordlist
Ps.78.44,41,44,41,45,daß,dass,orthography:wordlist
Ps.78.47,80,88,80,89,Schloßen,Schlossen,orthography:wordlist
Ps.78.53,31,34,31,35,daß,dass,orthography:wordlist
Ps.79.5,10,16,10,14,Jehova,HERR,name:unresolved-case
Ps.79.8,75,78,75,79,laß,lass,orthography:wordlist
Ps.79.10,52,55,52,56,Laß,Lass,orthography:wordlist
Ps.79.11,0,3,0,4,Laß,Lass,orthography:wordlist
Ps.79.11,81,84,82,86,laß,lass,orthography:wordlist
Ps.80.4,31,34,31,35,laß,lass,orthography:wordlist
Ps.80.5,9,15,9,13,Jehova,HERR,name:unresolved-case
Ps.80.8,48,51,48,52,laß,lass,orthography:wordlist
Ps.80.12,74,84,74,85,Schößlinge,Schösslinge,orthography:wordlist
Ps.80.13,47,50,47,51,daß,dass,orthography:wordlist
Ps.80.20,9,15,9,13,Jehova,HERR,name:unresolved-case
Ps.80.20,60,63,58,62,laß,lass,orthography:wordlist
Ps.81.11,8,14,8,12,Jehova,HERR,name:direct-address-pronoun
Ps.81.14,2,5,2,6,daß,dass,orthography:wordlist
Ps.81.14,36,39,37,41,daß,dass,orthography:wordlist
Ps.81.16,21,28,21,30,Jehovas,des HERRN,name:genitive
Ps.83.5,53,56,53,57,daß,dass,orthography:wordlist
Ps.83.5,86,89,87,91,daß,dass,orthography:wordlist
Ps.83.17,70,76,70,74,Jehova,HERR,name:unresolved-case
Ps.83.18,0,3,0,4,Laß,Lass,orthography:wordlist
Ps.83.19,15,18,15,19,daß,dass,orthography:wordlist
Ps.83.19,42,48,43,47,Jehova,HERR,name:quoted-name
Ps.84.2,37,43,37,41,Jehova,HERR,name:unresolved-case
Ps.84.3,65,72,65,74,Jehovas,des HERRN,name:genitive
Ps.84.4,132,138,132,136,Jehova,HERR,name:unresolved-case
Ps.84.9,9,15,9,13,Jehova,HERR,name:direct-address-following-imperative
Ps.84.12,5,11,5,13,Jehova,der HERR,name:subject-Lord-God
Ps.84.12,74,80,76,84,Jehova,der HERR,name:subject-after-auxiliary
Ps.84.13,9,15,9,13,Jehova,HERR,name:unresolved-case
Ps.85.2,9,15,9,13,Jehova,HERR,name:direct-address-pronoun
Ps.85.7,37,40,37,41,daß,dass,orthography:wordlist
Ps.85.8,0,3,0,4,Laß,Lass,orthography:wordlist
Ps.85.8,9,15,10,14,Jehova,HERR,name:direct-address-pronoun
Ps.85.9,37,43,37,41,Jehova,HERR,name:unresolved-case
Ps.85.9,132,135,130,134,daß,dass,orthography:wordlist
Ps.85.11,88,94,88,95,geküßt,geküsst,orthography:wordlist
Ps.85.13,10,16,10,18,Jehova,der HERR,name:subject-after-auxiliary
Ps.86.1,32,38,32,36,Jehova,HERR,name:direct-address-pronoun
Ps.86.6,15,21,15,19,Jehova,HERR,name:unresolved-case
Ps.86.11,13,19,13,17,Jehova,HERR,name:direct-address-pronoun
Ps.86.17,37,40,37,41,daß,dass,orthography:wordlist
Ps.86.17,96,102,97,101,Jehova,HERR,name:direct-address
Ps.87.2,9,15,9,13,Jehova,HERR,name:unresolved-case
Ps.87.6,9,15,9,17,Jehova,Der HERR,name:subject-before-finite-verb
Ps.88.2,9,15,9,13,Jehova,HERR,name:unresolved-case
Ps.88.9,63,69,63,69,Greuel,Gräuel,orthography:wordlist
Ps.88.10,44,50,44,48,Jehova,HERR,name:unresolved-case
Ps.88.14,10,16,10,14,Jehova,HERR,name:unresolved-case
Ps.88.15,7,13,7,11,Jehova,HERR,name:unresolved-case
Ps.89.2,16,23,16,25,Jehovas,des HERRN,name:genitive
Ps.89.6,46,52,46,50,Jehova,HERR,name:unresolved-case
Ps.89.7,32,38,32,41,Jehova,dem HERRN,name:dative-preposition
Ps.89.7,64,70,67,75,Jehova,der HERR,name:subject-after-auxiliary
Ps.89.9,9,15,9,13,Jehova,HERR,name:unresolved-case
Ps.89.16,50,56,50,54,Jehova,HERR,name:unresolved-case
Ps.89.19,5,11,5,13,Jehova,der HERR,name:subject-before-finite-verb
Ps.89.47,10,16,10,14,Jehova,HERR,name:unresolved-case
Ps.89.51,54,57,54,58,daß,dass,orthography:wordlist
Ps.89.52,36,42,36,40,Jehova,HERR,name:unresolved-case
Ps.89.53,14,20,14,22,Jehova,der HERR,name:subject-after-auxiliary
Ps.90.5,77,86,77,87,aufsproßt,aufsprosst,orthography:wordlist
Ps.90.6,24,30,24,31,sproßt,sprosst,orthography:wordlist
Ps.90.12,45,48,45,49,daß,dass,orthography:wordlist
Ps.90.13,15,21,15,19,Jehova,HERR,name:unresolved-case
Ps.90.13,38,41,36,40,laß,lass,orthography:wordlist
Ps.90.16,0,3,0,4,Laß,Lass,orthography:wordlist
Ps.91.2,32,38,32,41,Jehova,dem HERRN,name:dative-preposition
Ps.91.9,8,14,8,12,Jehova,HERR,name:direct-address
Ps.92.1,39,47,39,46,Sabbaths,Sabbats,orthography:wordlist
Ps.92.2,13,19,13,17,Jehova,HERR,name:unresolved-case
Ps.92.5,28,34,28,32,Jehova,HERR,name:unresolved-case
Ps.92.6,29,35,29,33,Jehova,HERR,name:unresolved-case
Ps.92.9,32,38,32,36,Jehova,HERR,name:terminal-direct-address
Ps.92.10,27,33,27,31,Jehova,HERR,name:unresolved-case
Ps.92.14,33,40,33,42,Jehovas,des HERRN,name:genitive
Ps.92.16,17,20,17,21,daß,dass,orthography:wordlist
Ps.92.16,21,27,22,30,Jehova,der HERR,name:subject-subordinate-clause
Ps.93.1,9,15,9,17,Jehova,Der HERR,name:subject-before-finite-verb
Ps.93.1,61,67,63,71,Jehova,der HERR,name:subject-before-finite-verb
Ps.93.3,16,22,16,20,Jehova,HERR,name:unresolved-case
Ps.93.4,9,15,9,13,Jehova,HERR,name:unresolved-case
Ps.93.5,76,82,76,80,Jehova,HERR,name:unresolved-case
Ps.94.1,27,33,27,31,Jehova,HERR,name:unresolved-case
Ps.94.3,33,39,33,37,Jehova,HERR,name:unresolved-case
Ps.94.5,12,18,12,16,Jehova,HERR,name:unresolved-case
Ps.94.11,9,15,9,17,Jehova,Der HERR,name:subject-before-finite-verb
Ps.94.11,61,64,63,67,daß,dass,orthography:wordlist
Ps.94.12,41,47,41,45,Jehova,HERR,name:unresolved-case
Ps.94.14,5,11,5,13,Jehova,der HERR,name:subject-before-finite-verb
Ps.94.17,11,17,11,15,Jehova,HERR,name:unresolved-case
Ps.94.18,68,74,68,72,Jehova,HERR,name:terminal-direct-address
Ps.94.22,5,11,5,13,Jehova,der HERR,name:subject-before-finite-verb
Ps.94.23,7,11,7,12,läßt,lässt,orthography:wordlist
Ps.94.23,123,129,124,128,Jehova,HERR,name:unresolved-case
Ps.95.1,29,35,29,33,Jehova,HERR,name:unresolved-case
Ps.95.3,26,32,26,34,Jehova,der HERR,name:subject-after-auxiliary
Ps.95.6,77,83,77,86,Jehova,dem HERRN,name:presence-before-Lord
Ps.95.11,3,6,3,7,daß,dass,orthography:wordlist
Ps.96.1,25,31,25,34,Jehova,dem HERRN,name:dative-verb
Ps.96.1,57,63,60,69,Jehova,dem HERRN,name:dative-verb
Ps.96.2,25,31,25,34,Jehova,dem HERRN,name:dative-verb
Ps.96.4,15,21,15,23,Jehova,der HERR,name:subject-after-auxiliary
Ps.96.5,55,61,55,63,Jehova,der HERR,name:subject-before-finite-verb
Ps.96.7,6,12,6,15,Jehova,dem HERRN,name:dative-give-imperative
Ps.96.7,40,46,43,52,Jehova,dem HERRN,name:dative-give-imperative
Ps.96.8,6,12,6,15,Jehova,dem HERRN,name:dative-give-imperative
Ps.96.9,6,12,6,10,Jehova,HERR,name:unresolved-case
Ps.96.10,26,32,26,34,Jehova,der HERR,name:subject-before-finite-verb
Ps.96.13,22,28,22,31,Jehova,dem HERRN,name:presence-before-Lord
Ps.97.1,9,15,9,17,Jehova,Der HERR,name:subject-before-finite-verb
Ps.97.5,40,46,40,49,Jehova,dem HERRN,name:presence-before-Lord
Ps.97.8,114,120,114,118,Jehova,HERR,name:terminal-direct-address
Ps.97.9,9,15,9,13,Jehova,HERR,name:direct-address
Ps.97.10,18,24,18,22,Jehova,HERR,name:unresolved-case
Ps.97.12,33,39,33,42,Jehova,dem HERRN,name:dative-in-Lord
Ps.98.1,19,25,19,28,Jehova,dem HERRN,name:dative-verb
Ps.98.2,9,15,9,17,Jehova,Der HERR,name:subject-before-finite-verb
Ps.98.4,27,33,27,36,Jehova,dem HERRN,name:dative-verb
Ps.98.5,15,21,15,19,Jehova,HERR,name:unresolved-case
Ps.98.6,66,72,66,70,Jehova,HERR,name:unresolved-case
Ps.98.9,22,28,22,31,Jehova,dem HERRN,name:presence-before-Lord
Ps.99.1,9,15,9,17,Jehova,Der HERR,name:subject-before-finite-verb
Ps.99.2,19,25,19,27,Jehova,der HERR,name:subject-after-auxiliary
Ps.99.5,26,32,26,35,Jehova,den HERRN,name:accusative-apposition
Ps.99.6,114,120,114,123,Jehova,dem HERRN,name:dative-preposition
Ps.99.8,9,15,9,13,Jehova,HERR,name:unresolved-case
Ps.99.9,26,32,26,35,Jehova,den HERRN,name:accusative-apposition
Ps.99.9,113,119,116,124,Jehova,der HERR,name:subject-after-auxiliary
Ps.100.1,27,33,27,36,Jehova,dem HERRN,name:dative-verb
Ps.100.2,25,31,25,34,Jehova,dem HERRN,name:dative-verb
Ps.100.3,10,13,10,14,daß,dass,orthography:wordlist
Ps.100.3,14,20,15,23,Jehova,der HERR,name:subject-subordinate-clause
Ps.100.5,14,20,14,22,Jehova,der HERR,name:subject-after-auxiliary
Ps.101.1,68,74,68,76,Jehova,der HERR,name:subject-before-finite-verb
Ps.101.8,82,89,82,91,Jehovas,des HERRN,name:genitive
Ps.102.1,75,81,75,84,Jehova,dem HERRN,name:presence-before-Lord
Ps.102.2,9,15,9,13,Jehova,HERR,name:direct-address-following-imperative
Ps.102.2,41,44,39,43,laß,lass,orthography:wordlist
Ps.102.5,50,53,50,54,daß,dass,orthography:wordlist
Ps.102.13,19,25,19,23,Jehova,HERR,name:unresolved-case
Ps.102.16,34,41,34,43,Jehovas,des HERRN,name:genitive
Ps.102.17,5,11,5,13,Jehova,der HERR,name:subject-before-finite-verb
Ps.102.19,111,117,111,119,Jehova,der HERR,name:subject-after-auxiliary
Ps.102.20,65,71,65,73,Jehova,der HERR,name:subject-before-finite-verb
Ps.102.22,20,27,20,29,Jehovas,des HERRN,name:genitive
Ps.102.23,75,81,75,84,Jehova,den HERRN,name:accusative-preposition
Ps.103.1,19,25,19,28,Jehova,den HERRN,name:accusative-verb
Ps.103.2,7,13,7,16,Jehova,den HERRN,name:accusative-verb
Ps.103.2,34,40,37,44,vergiß,vergiss,orthography:wordlist
Ps.103.6,9,15,9,13,Jehova,HERR,name:unresolved-case
Ps.103.8,37,43,37,45,Jehova,der HERR,name:subject-after-auxiliary
Ps.103.13,62,68,62,66,Jehova,HERR,name:unresolved-case
Ps.103.14,45,48,45,49,daß,dass,orthography:wordlist
Ps.103.17,9,16,9,18,Jehovas,des HERRN,name:genitive
Ps.103.19,9,15,9,17,Jehova,Der HERR,name:subject-before-finite-verb
Ps.103.20,8,14,8,17,Jehova,den HERRN,name:accusative-verb
Ps.103.21,8,14,8,17,Jehova,den HERRN,name:accusative-verb
Ps.103.22,8,14,8,17,Jehova,den HERRN,name:accusative-verb
Ps.103.22,79,85,82,91,Jehova,den HERRN,name:accusative-verb
Ps.104.1,7,13,7,16,Jehova,den HERRN,name:accusative-verb
Ps.104.1,30,36,33,37,Jehova,HERR,name:unresolved-case
Ps.104.14,25,29,25,30,läßt,lässt,orthography:wordlist
Ps.104.16,31,38,31,40,Jehovas,des HERRN,name:genitive
Ps.104.24,31,37,31,35,Jehova,HERR,name:direct-address-pronoun
Ps.104.27,37,40,37,41,daß,dass,orthography:wordlist
Ps.104.31,0,7,0,9,Jehovas,Des HERRN,name:genitive
Ps.104.31,39,45,41,49,Jehova,der HERR,name:subject-before-finite-verb
Ps.104.33,26,32,26,30,Jehova,HERR,name:unresolved-case
Ps.104.34,60,66,60,69,Jehova,dem HERRN,name:dative-in-Lord
Ps.104.35,89,95,89,98,Jehova,den HERRN,name:accusative-verb
Ps.104.35,119,125,122,131,Jehova,den HERRN,name:accusative-verb
Ps.105.1,8,14,8,17,Jehova,den HERRN,name:accusative-verb
Ps.105.3,83,89,83,87,Jehova,HERR,name:unresolved-case
Ps.105.4,14,20,14,23,Jehova,dem HERRN,name:dative-preposition
Ps.105.7,4,10,4,12,Jehova,der HERR,name:subject-before-finite-verb
Ps.105.18,4,10,4,11,preßte,presste,orthography:wordlist
Ps.105.19,57,64,57,66,Jehovas,des HERRN,name:genitive
Ps.105.22,51,54,51,55,daß,dass,orthography:wordlist
Ps.105.38,46,49,46,50,daß,dass,orthography:wordlist
Ps.105.45,79,85,79,88,Jehova,den HERRN,name:accusative-verb
Ps.106.1,24,30,24,33,Jehova,den HERRN,name:accusative-verb
Ps.106.1,41,47,44,53,Jehova,den HERRN,name:accusative-verb
Ps.106.4,26,32,26,30,Jehova,HERR,name:unresolved-case
Ps.106.5,0,3,0,4,Daß,Dass,orthography:wordlist
Ps.106.16,74,81,74,83,Jehovas,des HERRN,name:genitive
Ps.106.20,80,85,80,86,frißt,frisst,orthography:wordlist
Ps.106.23,15,18,15,19,daß,dass,orthography:wordlist
Ps.106.23,100,103,101,105,Riß,Riss,orthography:wordlist
Ps.106.25,63,70,63,72,Jehovas,des HERRN,name:genitive
Ps.106.33,35,38,35,39,daß,dass,orthography:wordlist
Ps.106.34,44,50,44,52,Jehova,der HERR,name:subject-with-intervening-object
Ps.106.40,23,30,23,32,Jehovas,des HERRN,name:genitive
Ps.106.47,11,17,11,15,Jehova,HERR,name:unresolved-case
Ps.106.47,67,70,65,69,daß,dass,orthography:wordlist
Ps.106.47,108,111,107,111,daß,dass,orthography:wordlist
Ps.106.48,14,20,14,22,Jehova,der HERR,name:subject-after-auxiliary
Ps.106.48,107,113,109,118,Jehova,den HERRN,name:accusative-verb
Ps.107.1,8,14,8,17,Jehova,den HERRN,name:accusative-verb
Ps.107.2,29,36,29,38,Jehovas,des HERRN,name:genitive
Ps.107.6,19,25,19,28,Jehova,dem HERRN,name:dative-preposition
Ps.107.7,39,42,39,43,daß,dass,orthography:wordlist
Ps.107.8,10,16,10,14,Jehova,HERR,name:unresolved-case
Ps.107.13,20,26,20,29,Jehova,dem HERRN,name:dative-preposition
Ps.107.14,69,75,69,76,zerriß,zerriss,orthography:wordlist
Ps.107.15,10,16,10,14,Jehova,HERR,name:unresolved-case
Ps.107.19,21,27,21,30,Jehova,dem HERRN,name:dative-preposition
Ps.107.21,10,16,10,14,Jehova,HERR,name:unresolved-case
Ps.107.24,23,30,23,32,Jehovas,des HERRN,name:genitive
Ps.107.28,22,28,22,31,Jehova,dem HERRN,name:dative-preposition
Ps.107.30,22,25,22,26,daß,dass,orthography:wordlist
Ps.107.31,10,16,10,14,Jehova,HERR,name:unresolved-case
Ps.107.36,7,11,7,12,läßt,lässt,orthography:wordlist
Ps.107.38,65,69,65,70,läßt,lässt,orthography:wordlist
Ps.107.40,42,46,42,47,läßt,lässt,orthography:wordlist
Ps.107.43,85,92,85,94,Jehovas,des HERRN,name:genitive
Ps.108.4,52,58,52,56,Jehova,HERR,name:unresolved-case
Ps.109.5,59,62,59,63,Haß,Hass,orthography:wordlist
Ps.109.9,32,36,32,37,sein,seine,grammar:Frau-determiner
Ps.109.9,37,41,38,42,Weib,Frau,word:Weib-Frau
Ps.109.14,37,43,37,46,Jehova,dem HERRN,name:presence-before-Lord
Ps.109.15,34,40,34,43,Jehova,dem HERRN,name:presence-before-Lord
Ps.109.16,6,9,6,10,daß,dass,orthography:wordlist
Ps.109.20,49,56,49,58,Jehovas,des HERRN,name:genitive
Ps.109.21,9,15,9,13,Jehova,HERR,name:unresolved-case
Ps.109.26,20,26,20,24,Jehova,HERR,name:direct-address-following-imperative
Ps.109.27,19,22,19,23,daß,dass,orthography:wordlist
Ps.109.27,45,48,46,50,daß,dass,orthography:wordlist
Ps.109.27,53,59,55,59,Jehova,HERR,name:direct-address
Ps.109.28,56,59,56,60,laß,lass,orthography:wordlist
Ps.109.29,0,3,0,4,Laß,Lass,orthography:wordlist
Ps.109.30,20,26,20,29,Jehova,den HERRN,name:object-before-infinitive
Ps.110.1,24,30,24,32,Jehova,Der HERR,name:subject-before-finite-verb
Ps.110.2,29,35,29,37,Jehova,der HERR,name:subject-after-auxiliary
Ps.110.4,15,21,15,23,Jehova,der HERR,name:subject-after-auxiliary
Ps.111.1,6,12,6,15,Jehova,den HERRN,name:accusative-verb
Ps.111.1,34,40,37,41,Jehova,HERR,name:unresolved-case
Ps.111.2,30,37,30,39,Jehovas,des HERRN,name:genitive
Ps.111.4,80,86,80,88,Jehova,der HERR,name:subject-after-auxiliary
Ps.111.10,11,18,11,20,Jehovas,des HERRN,name:genitive
Ps.112.1,24,30,24,33,Jehova,den HERRN,name:accusative-verb
Ps.112.1,59,65,62,66,Jehova,HERR,name:existing-nominative-article
Ps.112.7,93,99,93,97,Jehova,HERR,name:unresolved-case
Ps.113.1,16,22,16,25,Jehova,den HERRN,name:accusative-verb
Ps.113.1,45,52,48,57,Jehovas,des HERRN,name:genitive
Ps.113.1,72,79,77,86,Jehovas,des HERRN,name:genitive
Ps.113.2,24,31,24,33,Jehovas,des HERRN,name:genitive
Ps.113.3,70,77,70,79,Jehovas,des HERRN,name:genitive
Ps.113.4,38,44,38,46,Jehova,der HERR,name:subject-after-auxiliary
Ps.113.5,12,18,12,20,Jehova,der HERR,name:subject-subordinate-clause
Ps.113.9,41,45,41,46,läßt,lässt,orthography:wordlist
Ps.113.9,93,99,94,103,Jehova,den HERRN,name:accusative-verb
Ps.114.5,23,26,23,27,daß,dass,orthography:wordlist
Ps.114.5,52,55,53,57,daß,dass,orthography:wordlist
Ps.114.6,12,15,12,16,daß,dass,orthography:wordlist
Ps.115.1,11,17,11,15,Jehova,HERR,name:unresolved-case
Ps.115.9,31,37,31,40,Jehova,den HERRN,name:accusative-trust-in
Ps.115.10,45,51,45,54,Jehova,den HERRN,name:accusative-trust-in
Ps.115.11,13,19,13,17,Jehova,HERR,name:unresolved-case
Ps.115.11,45,51,43,52,Jehova,den HERRN,name:accusative-trust-in
Ps.115.12,9,15,9,17,Jehova,Der HERR,name:subject-before-finite-verb
Ps.115.13,21,27,21,25,Jehova,HERR,name:unresolved-case
Ps.115.14,9,15,9,17,Jehova,Der HERR,name:subject-before-finite-verb
Ps.115.15,32,38,32,41,Jehova,dem HERRN,name:dative-preposition
Ps.115.16,28,35,28,37,Jehovas,des HERRN,name:genitive
Ps.115.17,36,42,36,45,Jehova,den HERRN,name:object-before-infinitive
Ps.115.18,21,27,21,30,Jehova,den HERRN,name:object-before-infinitive
Ps.115.18,74,80,77,86,Jehova,den HERRN,name:accusative-verb
Ps.116.1,10,16,10,19,Jehova,den HERRN,name:accusative-verb
Ps.116.4,38,45,38,47,Jehovas,des HERRN,name:genitive
Ps.116.4,54,60,56,60,Jehova,HERR,name:unresolved-case
Ps.116.5,21,27,21,29,Jehova,der HERR,name:subject-after-auxiliary
Ps.116.6,9,15,9,17,Jehova,Der HERR,name:subject-before-finite-verb
Ps.116.7,51,57,51,59,Jehova,der HERR,name:subject-before-finite-verb
Ps.116.9,22,28,22,31,Jehova,dem HERRN,name:presence-before-Lord
Ps.116.12,13,19,13,17,Jehova,HERR,name:unresolved-case
Ps.116.13,65,72,65,74,Jehovas,des HERRN,name:genitive
Ps.116.14,9,15,9,13,Jehova,HERR,name:unresolved-case
Ps.116.15,25,32,25,34,Jehovas,des HERRN,name:genitive
Ps.116.16,7,13,7,11,Jehova,HERR,name:unresolved-case
Ps.116.17,62,69,62,71,Jehovas,des HERRN,name:genitive
Ps.116.18,9,15,9,13,Jehova,HERR,name:unresolved-case
Ps.116.19,39,46,39,48,Jehovas,des HERRN,name:genitive
Ps.116.19,84,90,86,95,Jehova,den HERRN,name:accusative-verb
Ps.117.1,6,12,6,15,Jehova,den HERRN,name:accusative-verb
Ps.117.2,58,65,58,67,Jehovas,des HERRN,name:genitive
Ps.117.2,90,96,92,101,Jehova,den HERRN,name:accusative-verb
Ps.118.1,8,14,8,17,Jehova,den HERRN,name:accusative-verb
Ps.118.4,20,26,20,24,Jehova,HERR,name:unresolved-case
Ps.118.6,9,15,9,17,Jehova,Der HERR,name:subject-before-finite-verb
Ps.118.7,9,15,9,17,Jehova,Der HERR,name:subject-before-finite-verb
Ps.118.8,20,26,20,24,Jehova,HERR,name:unresolved-case
Ps.118.9,20,26,20,24,Jehova,HERR,name:unresolved-case
Ps.118.10,36,41,36,42,gewiß,gewiss,orthography:wordlist
Ps.118.10,52,59,53,62,Jehovas,des HERRN,name:genitive
Ps.118.11,44,49,44,50,gewiß,gewiss,orthography:wordlist
Ps.118.11,60,67,61,70,Jehovas,des HERRN,name:genitive
Ps.118.12,92,97,92,98,gewiß,gewiss,orthography:wordlist
Ps.118.12,108,115,109,118,Jehovas,des HERRN,name:genitive
Ps.118.13,62,68,62,70,Jehova,der HERR,name:subject-before-finite-verb
Ps.118.15,85,92,85,94,Jehovas,des HERRN,name:genitive
Ps.118.16,11,18,11,20,Jehovas,des HERRN,name:genitive
Ps.118.16,44,51,46,55,Jehovas,des HERRN,name:genitive
Ps.118.20,17,24,17,26,Jehovas,des HERRN,name:genitive
Ps.118.23,4,10,4,13,Jehova,dem HERRN,name:dative-preposition
Ps.118.24,23,29,23,28,Jehova,HERRN,name:existing-oblique-article
Ps.118.25,7,13,7,11,Jehova,HERR,name:direct-address-following-imperative
Ps.118.25,35,41,33,37,Jehova,HERR,name:unresolved-case
Ps.118.26,43,50,43,52,Jehovas,des HERRN,name:genitive
Ps.118.26,67,74,69,78,Jehovas,des HERRN,name:genitive
Ps.118.27,9,15,9,17,Jehova,Der HERR,name:subject-before-finite-verb
Ps.118.29,8,14,8,17,Jehova,den HERRN,name:accusative-verb
Ps.119.1,68,75,68,77,Jehovas,des HERRN,name:genitive
Ps.119.5,2,5,2,6,daß,dass,orthography:wordlist
Ps.119.8,39,45,39,46,verlaß,verlass,orthography:wordlist
Ps.119.10,50,53,50,54,laß,lass,orthography:wordlist
Ps.119.11,52,55,52,56,daß,dass,orthography:wordlist
Ps.119.12,22,28,22,26,Jehova,HERR,name:direct-address
Ps.119.27,0,3,0,4,Laß,Lass,orthography:wordlist
Ps.119.31,34,40,34,38,Jehova,HERR,name:direct-address-following-imperative
Ps.119.31,43,46,41,45,laß,lass,orthography:wordlist
Ps.119.33,13,19,13,17,Jehova,HERR,name:unresolved-case
Ps.119.35,0,3,0,4,Laß,Lass,orthography:wordlist
Ps.119.37,23,26,23,27,daß,dass,orthography:wordlist
Ps.119.41,4,7,4,8,laß,lass,orthography:wordlist
Ps.119.41,45,51,46,50,Jehova,HERR,name:direct-address-pronoun
Ps.119.50,39,42,39,43,daß,dass,orthography:wordlist
Ps.119.52,33,39,33,37,Jehova,HERR,name:direct-address-pronoun
Ps.119.55,45,51,45,49,Jehova,HERR,name:unresolved-case
Ps.119.57,12,18,12,16,Jehova,HERR,name:unresolved-case
Ps.119.64,18,24,18,26,Jehova,der HERR,name:subject-before-finite-verb
Ps.119.65,41,47,41,45,Jehova,HERR,name:unresolved-case
Ps.119.71,22,25,22,26,daß,dass,orthography:wordlist
Ps.119.75,11,17,11,15,Jehova,HERR,name:unresolved-case
Ps.119.75,20,23,18,22,daß,dass,orthography:wordlist
Ps.119.75,63,66,62,66,daß,dass,orthography:wordlist
Ps.119.76,0,3,0,4,Laß,Lass,orthography:wordlist
Ps.119.77,0,3,0,4,Laß,Lass,orthography:wordlist
Ps.119.78,0,3,0,4,Laß,Lass,orthography:wordlist
Ps.119.79,0,3,0,4,Laß,Lass,orthography:wordlist
Ps.119.80,0,3,0,4,Laß,Lass,orthography:wordlist
Ps.119.89,14,20,14,22,Jehova,der HERR,name:subject-before-finite-verb
Ps.119.107,32,38,32,36,Jehova,HERR,name:direct-address-following-imperative
Ps.119.108,0,3,0,4,Laß,Lass,orthography:wordlist
Ps.119.108,28,34,29,33,Jehova,HERR,name:unresolved-case
Ps.119.116,63,66,63,67,laß,lass,orthography:wordlist
Ps.119.121,42,49,42,50,überlaß,überlass,orthography:wordlist
Ps.119.122,42,45,42,46,laß,lass,orthography:wordlist
Ps.119.126,17,23,17,26,Jehova,den HERRN,name:accusative-preposition
Ps.119.133,46,49,46,50,laß,lass,orthography:wordlist
Ps.119.135,0,3,0,4,Laß,Lass,orthography:wordlist
Ps.119.137,27,33,27,31,Jehova,HERR,name:direct-address
Ps.119.145,52,58,52,56,Jehova,HERR,name:unresolved-case
Ps.119.149,48,54,48,52,Jehova,HERR,name:direct-address-following-imperative
Ps.119.151,15,21,15,19,Jehova,HERR,name:unresolved-case
Ps.119.152,47,53,47,54,gewußt,gewusst,orthography:wordlist
Ps.119.152,56,59,57,61,daß,dass,orthography:wordlist
Ps.119.156,32,38,32,36,Jehova,HERR,name:unresolved-case
Ps.119.159,16,19,16,20,daß,dass,orthography:wordlist
Ps.119.159,74,80,75,79,Jehova,HERR,name:direct-address-following-imperative
Ps.119.166,37,43,37,41,Jehova,HERR,name:unresolved-case
Ps.119.169,0,3,0,4,Laß,Lass,orthography:wordlist
Ps.119.169,42,48,43,47,Jehova,HERR,name:unresolved-case
Ps.119.170,0,3,0,4,Laß,Lass,orthography:wordlist
Ps.119.173,0,3,0,4,Laß,Lass,orthography:wordlist
Ps.119.174,36,42,36,40,Jehova,HERR,name:unresolved-case
Ps.119.175,0,3,0,4,Laß,Lass,orthography:wordlist
Ps.120.1,19,25,19,28,Jehova,dem HERRN,name:dative-preposition
Ps.120.2,9,15,9,13,Jehova,HERR,name:unresolved-case
Ps.120.5,20,23,20,24,daß,dass,orthography:wordlist
Ps.120.5,46,49,47,51,daß,dass,orthography:wordlist
Ps.121.2,23,29,23,32,Jehova,dem HERRN,name:dative-preposition
Ps.121.3,35,38,35,39,daß,dass,orthography:wordlist
Ps.121.5,9,15,9,17,Jehova,Der HERR,name:subject-before-finite-verb
Ps.121.5,34,40,36,44,Jehova,der HERR,name:subject-before-finite-verb
Ps.121.7,9,15,9,17,Jehova,Der HERR,name:subject-before-finite-verb
Ps.121.8,9,15,9,17,Jehova,Der HERR,name:subject-before-finite-verb
Ps.122.1,91,98,91,100,Jehovas,des HERRN,name:genitive
Ps.122.4,98,105,98,107,Jehovas,des HERRN,name:genitive
Ps.122.9,14,21,14,23,Jehovas,des HERRN,name:genitive
Ps.123.2,158,164,158,162,Jehova,HERR,name:unresolved-case
Ps.123.3,17,23,17,25,Jehova,der HERR,name:subject-before-finite-verb
Ps.124.1,40,46,40,44,Jehova,HERR,name:unresolved-case
Ps.124.2,38,44,38,42,Jehova,HERR,name:unresolved-case
Ps.124.6,14,20,14,22,Jehova,der HERR,name:subject-after-auxiliary
Ps.124.8,27,34,27,36,Jehovas,des HERRN,name:genitive
Ps.125.1,24,30,24,28,Jehova,HERR,name:unresolved-case
Ps.125.2,69,75,69,77,Jehova,der HERR,name:subject-after-auxiliary
Ps.125.4,11,17,11,15,Jehova,HERR,name:unresolved-case
Ps.125.5,52,58,52,60,Jehova,der HERR,name:subject-after-auxiliary
Ps.126.1,20,26,20,24,Jehova,HERR,name:unresolved-case
Ps.126.2,99,105,99,107,Jehova,der HERR,name:subject-before-finite-verb
Ps.126.3,9,15,9,17,Jehova,Der HERR,name:subject-before-finite-verb
Ps.126.4,33,39,33,37,Jehova,HERR,name:unresolved-case
Ps.127.1,34,40,34,42,Jehova,der HERR,name:subject-subordinate-clause
Ps.127.1,111,117,113,121,Jehova,der HERR,name:subject-subordinate-clause
Ps.127.2,38,41,38,42,daß,dass,orthography:wordlist
Ps.127.3,19,26,19,28,Jehovas,des HERRN,name:genitive
Ps.128.1,42,48,42,46,Jehova,HERR,name:existing-nominative-article
Ps.128.3,0,4,0,5,Dein,Deine,grammar:Frau-determiner
Ps.128.3,5,9,6,10,Weib,Frau,word:Weib-Frau
Ps.128.4,47,53,47,51,Jehova,HERR,name:existing-nominative-article
Ps.128.5,27,33,27,31,Jehova,HERR,name:unresolved-case
Ps.129.4,9,15,9,17,Jehova,Der HERR,name:subject-before-finite-verb
Ps.129.8,38,45,38,47,Jehovas,des HERRN,name:genitive
Ps.129.8,90,97,92,101,Jehovas,des HERRN,name:genitive
Ps.130.1,49,55,49,53,Jehova,HERR,name:terminal-direct-address
Ps.130.2,41,44,41,45,Laß,Lass,orthography:wordlist
Ps.130.3,9,15,9,13,Jehova,HERR,name:direct-address
Ps.130.5,24,30,24,28,Jehova,HERR,name:unresolved-case
Ps.130.7,30,36,30,34,Jehova,HERR,name:unresolved-case
Ps.130.7,48,54,46,55,Jehova,dem HERRN,name:dative-preposition
Ps.131.1,28,34,28,32,Jehova,HERR,name:unresolved-case
Ps.131.3,30,36,30,34,Jehova,HERR,name:unresolved-case
Ps.132.1,26,32,26,30,Jehova,HERR,name:direct-address-imperative
Ps.132.2,8,14,8,12,Jehova,HERR,name:unresolved-case
Ps.132.5,31,37,31,40,Jehova,den HERRN,name:accusative-preposition
Ps.132.8,12,18,12,16,Jehova,HERR,name:unresolved-case
Ps.132.9,0,3,0,4,Laß,Lass,orthography:wordlist
Ps.132.11,9,15,9,17,Jehova,Der HERR,name:subject-before-finite-verb
Ps.132.13,5,11,5,13,Jehova,der HERR,name:subject-before-finite-verb
Ps.133.3,77,83,77,85,Jehova,der HERR,name:subject-after-auxiliary
Ps.134.1,41,47,41,50,Jehova,den HERRN,name:accusative-verb
Ps.134.1,67,74,70,79,Jehovas,des HERRN,name:genitive
Ps.134.1,101,108,106,115,Jehovas,des HERRN,name:genitive
Ps.134.2,46,52,46,55,Jehova,den HERRN,name:accusative-verb
Ps.134.3,9,15,9,17,Jehova,Der HERR,name:subject-before-finite-verb
Ps.135.1,16,22,16,25,Jehova,den HERRN,name:accusative-verb
Ps.135.1,42,49,45,54,Jehovas,des HERRN,name:genitive
Ps.135.1,72,79,77,86,Jehovas,des HERRN,name:genitive
Ps.135.2,25,32,25,34,Jehovas,des HERRN,name:genitive
Ps.135.3,24,30,24,33,Jehova,den HERRN,name:accusative-verb
Ps.135.3,47,53,50,58,Jehova,der HERR,name:subject-after-auxiliary
Ps.135.4,5,11,5,13,Jehova,der HERR,name:subject-before-finite-verb
Ps.135.5,16,19,16,20,daß,dass,orthography:wordlist
Ps.135.5,20,26,21,29,Jehova,der HERR,name:subject-subordinate-clause
Ps.135.6,11,17,11,19,Jehova,der HERR,name:subject-subordinate-clause
Ps.135.7,23,27,23,28,läßt,lässt,orthography:wordlist
Ps.135.13,9,15,9,13,Jehova,HERR,name:direct-address-pronoun
Ps.135.13,46,52,44,48,Jehova,HERR,name:direct-address-pronoun
Ps.135.14,5,11,5,13,Jehova,der HERR,name:subject-before-finite-verb
Ps.135.19,40,46,40,49,Jehova,den HERRN,name:accusative-verb
Ps.135.19,70,76,73,82,Jehova,den HERRN,name:accusative-verb
Ps.135.20,38,44,38,47,Jehova,den HERRN,name:accusative-verb
Ps.135.20,55,61,58,62,Jehova,HERR,name:unresolved-case
Ps.135.20,81,87,82,91,Jehova,den HERRN,name:accusative-verb
Ps.135.21,14,20,14,22,Jehova,der HERR,name:subject-after-auxiliary
Ps.135.21,69,75,71,80,Jehova,den HERRN,name:accusative-verb
Ps.136.1,8,14,8,17,Jehova,den HERRN,name:accusative-verb
Ps.137.4,25,32,25,34,Jehovas,des HERRN,name:genitive
Ps.137.7,19,25,19,23,Jehova,HERR,name:direct-address-imperative
Ps.138.4,45,51,45,49,Jehova,HERR,name:unresolved-case
Ps.138.5,24,31,24,33,Jehovas,des HERRN,name:genitive
Ps.138.5,75,82,77,86,Jehovas,des HERRN,name:genitive
Ps.138.6,5,11,5,13,Jehova,der HERR,name:subject-before-finite-verb
Ps.138.8,9,15,9,17,Jehova,Der HERR,name:subject-before-finite-verb
Ps.138.8,45,51,47,51,Jehova,HERR,name:direct-address-pronoun
Ps.138.8,83,86,83,87,Laß,Lass,orthography:wordlist
Ps.139.1,39,45,39,43,Jehova,HERR,name:direct-address-pronoun
Ps.139.4,56,62,56,60,Jehova,HERR,name:direct-address-pronoun
Ps.139.14,35,38,35,39,daß,dass,orthography:wordlist
Ps.139.21,17,23,17,21,Jehova,HERR,name:unresolved-case
Ps.140.2,14,20,14,18,Jehova,HERR,name:unresolved-case
Ps.140.5,15,21,15,19,Jehova,HERR,name:unresolved-case
Ps.140.7,15,21,15,24,Jehova,dem HERRN,name:dative-preposition
Ps.140.7,60,66,63,67,Jehova,HERR,name:unresolved-case
Ps.140.8,0,6,0,4,Jehova,HERR,name:unresolved-case
Ps.140.9,15,21,15,19,Jehova,HERR,name:direct-address-following-imperative
Ps.140.9,53,56,51,55,laß,lass,orthography:wordlist
Ps.140.11,87,90,87,91,daß,dass,orthography:wordlist
Ps.140.13,11,14,11,15,daß,dass,orthography:wordlist
Ps.140.13,15,21,16,24,Jehova,der HERR,name:subject-subordinate-clause
Ps.141.1,24,30,24,28,Jehova,HERR,name:unresolved-case
Ps.141.2,0,3,0,4,Laß,Lass,orthography:wordlist
Ps.141.3,7,13,7,11,Jehova,HERR,name:unresolved-case
Ps.141.6,87,90,87,91,daß,dass,orthography:wordlist
Ps.141.8,16,22,16,20,Jehova,HERR,name:unresolved-case
Ps.141.10,0,3,0,4,Laß,Lass,orthography:wordlist
Ps.142.2,34,40,34,43,Jehova,dem HERRN,name:dative-preposition
Ps.142.2,75,81,78,87,Jehova,dem HERRN,name:dative-preposition
Ps.142.6,29,35,29,33,Jehova,HERR,name:unresolved-case
Ps.143.1,24,30,24,28,Jehova,HERR,name:unresolved-case
Ps.143.7,22,28,22,26,Jehova,HERR,name:unresolved-case
Ps.143.8,0,3,0,4,Laß,Lass,orthography:wordlist
Ps.143.9,24,30,24,28,Jehova,HERR,name:unresolved-case
Ps.143.11,26,32,26,30,Jehova,HERR,name:direct-address-following-imperative
Ps.144.1,26,32,26,34,Jehova,der HERR,name:subject-after-auxiliary
Ps.144.3,9,15,9,13,Jehova,HERR,name:unresolved-case
Ps.144.3,40,43,38,42,daß,dass,orthography:wordlist
Ps.144.3,97,100,96,100,daß,dass,orthography:wordlist
Ps.144.5,9,15,9,13,Jehova,HERR,name:direct-address-following-imperative
Ps.144.5,81,84,79,83,daß,dass,orthography:wordlist
Ps.144.12,0,3,0,4,daß,dass,orthography:wordlist
Ps.144.13,0,3,0,4,daß,dass,orthography:wordlist
Ps.144.13,60,63,61,65,daß,dass,orthography:wordlist
Ps.144.14,0,3,0,4,daß,dass,orthography:wordlist
Ps.144.14,34,37,35,39,daß,dass,orthography:wordlist
Ps.144.15,71,77,71,79,Jehova,der HERR,name:subject-before-finite-verb
Ps.145.3,19,25,19,27,Jehova,der HERR,name:subject-after-auxiliary
Ps.145.8,37,43,37,45,Jehova,der HERR,name:subject-after-auxiliary
Ps.145.9,9,15,9,17,Jehova,Der HERR,name:subject-before-finite-verb
Ps.145.10,23,29,23,27,Jehova,HERR,name:unresolved-case
Ps.145.14,9,15,9,13,Jehova,HERR,name:unresolved-case
Ps.145.17,9,15,9,17,Jehova,Der HERR,name:subject-before-finite-verb
Ps.145.18,19,25,19,27,Jehova,der HERR,name:subject-after-auxiliary
Ps.145.20,9,15,9,17,Jehova,Der HERR,name:subject-before-finite-verb
Ps.145.21,24,31,24,33,Jehovas,des HERRN,name:genitive
Ps.146.1,24,30,24,33,Jehova,den HERRN,name:accusative-verb
Ps.146.1,39,45,42,51,Jehova,den HERRN,name:accusative-verb
Ps.146.2,25,31,25,29,Jehova,HERR,name:unresolved-case
Ps.146.5,69,75,69,73,Jehova,HERR,name:unresolved-case
Ps.146.7,66,72,66,70,Jehova,HERR,name:unresolved-case
Ps.146.8,9,15,9,13,Jehova,HERR,name:unresolved-case
Ps.146.8,48,54,46,54,Jehova,der HERR,name:subject-before-finite-verb
Ps.146.8,90,96,90,94,Jehova,HERR,name:unresolved-case
Ps.146.9,9,15,9,17,Jehova,Der HERR,name:subject-before-finite-verb
Ps.146.10,9,15,9,17,Jehova,Der HERR,name:subject-before-finite-verb
Ps.146.10,112,118,114,123,Jehova,den HERRN,name:accusative-verb
Ps.147.1,16,22,16,25,Jehova,den HERRN,name:accusative-verb
Ps.147.2,9,15,9,13,Jehova,HERR,name:unresolved-case
Ps.147.6,9,15,9,13,Jehova,HERR,name:unresolved-case
Ps.147.7,8,14,8,12,Jehova,HERR,name:unresolved-case
Ps.147.8,96,100,96,101,läßt,lässt,orthography:wordlist
Ps.147.11,9,15,9,17,Jehova,Der HERR,name:subject-before-finite-verb
Ps.147.12,19,25,19,23,Jehova,HERR,name:unresolved-case
Ps.147.18,43,47,43,48,läßt,lässt,orthography:wordlist
Ps.147.20,89,95,89,98,Jehova,den HERRN,name:accusative-verb
Ps.148.1,24,30,24,33,Jehova,den HERRN,name:accusative-verb
Ps.148.1,40,46,43,52,Jehova,den HERRN,name:accusative-verb
Ps.148.5,37,44,37,46,Jehovas,des HERRN,name:genitive
Ps.148.7,24,30,24,33,Jehova,den HERRN,name:accusative-verb
Ps.148.13,37,44,37,46,Jehovas,des HERRN,name:genitive
Ps.148.14,143,149,143,152,Jehova,den HERRN,name:accusative-verb
Ps.149.1,6,12,6,15,Jehova,den HERRN,name:accusative-verb
Ps.149.1,23,29,26,35,Jehova,dem HERRN,name:dative-verb
Ps.149.4,5,11,5,13,Jehova,der HERR,name:subject-before-finite-verb
Ps.149.9,94,100,94,103,Jehova,den HERRN,name:accusative-verb
Ps.150.1,16,22,16,25,Jehova,den HERRN,name:accusative-verb
Ps.150.6,40,46,40,49,Jehova,den HERRN,name:accusative-verb
Prov.1.7,11,18,11,20,Jehovas,des HERRN,name:genitive
Prov.1.8,65,71,65,72,verlaß,verlass,orthography:wordlist
Prov.1.20,37,41,37,42,läßt,lässt,orthography:wordlist
Prov.1.29,7,10,7,11,daß,dass,orthography:wordlist
Prov.1.29,27,33,28,35,gehaßt,gehasst,orthography:wordlist
Prov.1.29,49,56,51,60,Jehovas,des HERRN,name:genitive
Prov.2.2,3,6,3,7,daß,dass,orthography:wordlist
Prov.2.2,40,44,41,46,läßt,lässt,orthography:wordlist
Prov.2.5,26,33,26,35,Jehovas,des HERRN,name:genitive
Prov.2.6,5,11,5,13,Jehova,der HERR,name:subject-before-finite-verb
Prov.2.16,25,28,25,28,dem,der,grammar:Frau-determiner
Prov.2.16,37,42,37,41,Weibe,Frau,word:Weib-Frau
Prov.2.17,35,42,35,43,verläßt,verlässt,orthography:wordlist
Prov.2.17,71,78,72,80,vergißt,vergisst,orthography:wordlist
Prov.3.1,12,18,12,19,vergiß,vergiss,orthography:wordlist
Prov.3.5,13,19,13,22,Jehova,den HERRN,name:accusative-trust-in
Prov.3.7,43,49,43,52,Jehova,den HERRN,name:accusative-verb
Prov.3.9,23,29,23,32,Jehova,den HERRN,name:accusative-verb
Prov.3.10,43,51,43,52,Überfluß,Überfluss,orthography:wordlist
Prov.3.11,44,51,44,53,Jehovas,des HERRN,name:genitive
Prov.3.11,58,61,60,64,laß,lass,orthography:wordlist
Prov.3.12,9,15,9,13,Jehova,HERR,name:unresolved-case
Prov.3.19,9,15,9,17,Jehova,Der HERR,name:subject-before-finite-verb
Prov.3.21,12,15,12,16,laß,lass,orthography:wordlist
Prov.3.26,5,11,5,13,Jehova,der HERR,name:subject-before-finite-verb
Prov.3.32,23,29,23,31,Jehova,der HERR,name:subject-after-auxiliary
Prov.3.32,35,41,37,43,Greuel,Gräuel,orthography:wordlist
Prov.3.33,10,17,10,19,Jehovas,des HERRN,name:genitive
Prov.4.5,36,42,36,43,vergiß,vergiss,orthography:wordlist
Prov.4.6,0,6,0,7,Verlaß,Verlass,orthography:wordlist
Prov.4.13,32,35,32,36,laß,lass,orthography:wordlist
Prov.4.15,0,3,0,4,Laß,Lass,orthography:wordlist
Prov.4.21,0,3,0,4,Laß,Lass,orthography:wordlist
Prov.4.25,0,3,0,4,Laß,Lass,orthography:wordlist
Prov.5.6,78,81,78,82,daß,dass,orthography:wordlist
Prov.5.12,32,38,32,39,gehaßt,gehasst,orthography:wordlist
Prov.5.18,49,52,49,52,dem,der,grammar:Frau-determiner
Prov.5.18,53,58,53,57,Weibe,Frau,word:Weib-Frau
Prov.5.19,34,39,34,39,Gemse,Gämse,orthography:wordlist
Prov.5.21,20,27,20,29,Jehovas,des HERRN,name:genitive
Prov.6.16,29,35,29,33,Jehova,HERR,name:unresolved-case
Prov.6.16,36,40,34,39,haßt,hasst,orthography:wordlist
Prov.6.16,78,84,77,83,Greuel,Gräuel,orthography:wordlist
Prov.6.20,52,58,52,59,verlaß,verlass,orthography:wordlist
Prov.6.24,25,28,25,28,dem,der,grammar:Frau-determiner
Prov.6.24,35,40,35,39,Weibe,Frau,word:Weib-Frau
Prov.6.26,18,23,18,23,eines,einer,grammar:Frau-determiner
Prov.6.26,36,42,36,40,Weibes,Frau,word:Weib-Frau
Prov.6.26,104,108,102,106,Weib,Frau,word:Weib-Frau
Prov.6.27,51,54,51,55,daß,dass,orthography:wordlist
Prov.6.28,54,57,54,58,daß,dass,orthography:wordlist
Prov.6.29,19,22,19,22,dem,der,grammar:Frau-determiner
Prov.6.29,23,28,23,27,Weibe,Frau,word:Weib-Frau
Prov.6.32,8,13,8,13,einem,einer,grammar:Frau-determiner
Prov.6.32,14,19,14,18,Weibe,Frau,word:Weib-Frau
Prov.7.5,28,31,28,31,dem,der,grammar:Frau-determiner
Prov.7.5,40,45,40,44,Weibe,Frau,word:Weib-Frau
Prov.7.10,11,14,11,15,ein,eine,grammar:Frau-determiner
Prov.7.10,15,19,16,20,Weib,Frau,word:Weib-Frau
Prov.7.13,25,30,25,31,küßte,küsste,orthography:wordlist
Prov.7.21,46,49,46,50,riß,riss,orthography:wordlist
Prov.7.23,91,94,91,95,daß,dass,orthography:wordlist
Prov.8.1,40,44,40,45,läßt,lässt,orthography:wordlist
Prov.8.7,85,91,85,91,Greuel,Gräuel,orthography:wordlist
Prov.8.13,11,18,11,20,Jehovas,des HERRN,name:genitive
Prov.8.22,9,15,9,13,Jehova,HERR,name:unresolved-case
Prov.8.29,42,45,42,46,daß,dass,orthography:wordlist
Prov.8.35,78,84,78,87,Jehova,dem HERRN,name:dative-preposition
Prov.9.8,37,40,37,41,daß,dass,orthography:wordlist
Prov.9.10,11,18,11,20,Jehovas,des HERRN,name:genitive
Prov.9.18,20,23,20,24,daß,dass,orthography:wordlist
Prov.10.3,9,15,9,17,Jehova,Der HERR,name:subject-before-finite-verb
Prov.10.3,17,21,19,24,läßt,lässt,orthography:wordlist
Prov.10.12,9,12,9,13,Haß,Hass,orthography:wordlist
Prov.10.17,90,94,90,95,läßt,lässt,orthography:wordlist
Prov.10.18,4,7,4,8,Haß,Hass,orthography:wordlist
Prov.10.22,10,17,10,19,Jehovas,des HERRN,name:genitive
Prov.10.27,11,18,11,20,Jehovas,des HERRN,name:genitive
Prov.10.29,8,15,8,17,Jehovas,des HERRN,name:genitive
Prov.10.31,25,31,25,32,sproßt,sprosst,orthography:wordlist
Prov.11.1,29,35,29,37,Jehova,der HERR,name:subject-after-auxiliary
Prov.11.1,41,47,43,49,Greuel,Gräuel,orthography:wordlist
Prov.11.15,118,122,118,123,haßt,hasst,orthography:wordlist
Prov.11.16,0,3,0,4,Ein,Eine,grammar:Frau-determiner
Prov.11.16,4,13,5,13,anmutiges,anmutige,grammar:Frau-adjective
Prov.11.16,14,18,14,18,Weib,Frau,word:Weib-Frau
Prov.11.20,35,41,35,43,Jehova,der HERR,name:subject-after-auxiliary
Prov.11.20,47,53,49,55,Greuel,Gräuel,orthography:wordlist
Prov.11.22,74,77,74,78,ein,eine,grammar:Frau-determiner
Prov.11.22,78,85,79,85,schönes,schöne,grammar:Frau-adjective
Prov.11.22,86,90,86,90,Weib,Frau,word:Weib-Frau
Prov.11.31,49,56,49,57,wieviel,wie viel,orthography:wordlist
Prov.12.1,59,63,59,64,haßt,hasst,orthography:wordlist
Prov.12.2,47,53,47,56,Jehova,dem HERRN,name:dative-preposition
Prov.12.4,0,3,0,4,Ein,Eine,grammar:Frau-determiner
Prov.12.4,4,12,5,12,wackeres,wackere,grammar:Frau-adjective
Prov.12.4,13,17,13,17,Weib,Frau,word:Weib-Frau
Prov.12.22,27,33,27,35,Jehova,der HERR,name:subject-after-auxiliary
Prov.12.22,39,45,41,47,Greuel,Gräuel,orthography:wordlist
Prov.13.2,30,33,30,34,ißt,isst,orthography:wordlist
Prov.13.2,83,86,84,88,ißt,isst,orthography:wordlist
Prov.13.5,13,17,13,18,haßt,hasst,orthography:wordlist
Prov.13.19,81,87,81,87,Greuel,Gräuel,orthography:wordlist
Prov.13.24,23,27,23,28,haßt,hasst,orthography:wordlist
Prov.13.25,13,16,13,17,ißt,isst,orthography:wordlist
Prov.13.25,82,85,83,87,muß,muss,orthography:wordlist
Prov.14.1,4,10,4,10,Weiber,Frauen,word:Weib-Frau
Prov.14.2,43,49,43,52,Jehova,den HERRN,name:accusative-verb
Prov.14.17,64,70,64,71,gehaßt,gehasst,orthography:wordlist
Prov.14.20,43,49,43,50,gehaßt,gehasst,orthography:wordlist
Prov.14.26,14,21,14,23,Jehovas,des HERRN,name:genitive
Prov.14.27,11,18,11,20,Jehovas,des HERRN,name:genitive
Prov.15.3,10,17,10,19,Jehovas,des HERRN,name:genitive
Prov.15.8,31,37,31,39,Jehova,der HERR,name:subject-after-auxiliary
Prov.15.8,43,49,45,51,Greuel,Gräuel,orthography:wordlist
Prov.15.9,29,35,29,37,Jehova,der HERR,name:subject-after-auxiliary
Prov.15.9,41,47,43,49,Greuel,Gräuel,orthography:wordlist
Prov.15.10,50,57,50,58,verläßt,verlässt,orthography:wordlist
Prov.15.10,70,74,71,76,haßt,hasst,orthography:wordlist
Prov.15.11,29,35,29,38,Jehova,dem HERRN,name:presence-before-Lord
Prov.15.11,38,45,41,49,wieviel,wie viel,orthography:wordlist
Prov.15.12,30,33,30,34,daß,dass,orthography:wordlist
Prov.15.16,47,54,47,56,Jehovas,des HERRN,name:genitive
Prov.15.17,84,87,84,88,Haß,Hass,orthography:wordlist
Prov.15.25,33,39,33,37,Jehova,HERR,name:unresolved-case
Prov.15.26,39,45,39,47,Jehova,der HERR,name:subject-after-auxiliary
Prov.15.26,51,57,53,59,Greuel,Gräuel,orthography:wordlist
Prov.15.27,65,69,65,70,haßt,hasst,orthography:wordlist
Prov.15.29,9,15,9,17,Jehova,Der HERR,name:subject-before-finite-verb
Prov.15.33,11,18,11,20,Jehovas,des HERRN,name:genitive
Prov.16.1,85,91,85,94,Jehova,dem HERRN,name:dative-preposition
Prov.16.2,59,65,59,63,Jehova,HERR,name:unresolved-case
Prov.16.3,26,32,26,30,Jehova,HERR,name:unresolved-case
Prov.16.4,9,15,9,17,Jehova,Der HERR,name:subject-before-finite-verb
Prov.16.5,21,27,21,29,Jehova,der HERR,name:subject-after-auxiliary
Prov.16.5,33,39,35,41,Greuel,Gräuel,orthography:wordlist
Prov.16.6,75,82,75,84,Jehovas,des HERRN,name:genitive
Prov.16.7,23,29,23,27,Jehova,HERR,name:unresolved-case
Prov.16.7,48,52,46,51,läßt,lässt,orthography:wordlist
Prov.16.9,50,56,50,54,Jehova,HERR,name:unresolved-case
Prov.16.11,37,44,37,46,Jehovas,des HERRN,name:genitive
Prov.16.12,11,17,11,17,Greuel,Gräuel,orthography:wordlist
Prov.16.16,29,36,29,37,wieviel,wie viel,orthography:wordlist
Prov.16.16,94,101,95,103,wieviel,wie viel,orthography:wordlist
Prov.16.20,61,67,61,65,Jehova,HERR,name:unresolved-case
Prov.16.33,76,82,76,85,Jehova,dem HERRN,name:dative-preposition
Prov.17.3,92,98,92,100,Jehova,der HERR,name:subject-after-auxiliary
Prov.17.7,68,75,68,76,wieviel,wie viel,orthography:wordlist
Prov.17.14,68,71,68,72,laß,lass,orthography:wordlist
Prov.17.15,89,95,89,93,Jehova,HERR,name:unresolved-case
Prov.17.15,101,107,99,105,Greuel,Gräuel,orthography:wordlist
Prov.18.2,60,63,60,64,daß,dass,orthography:wordlist
Prov.18.10,9,16,9,18,Jehovas,des HERRN,name:genitive
Prov.18.22,4,7,4,8,ein,eine,grammar:Frau-determiner
Prov.18.22,8,12,9,13,Weib,Frau,word:Weib-Frau
Prov.18.22,78,84,79,88,Jehova,dem HERRN,name:dative-preposition
Prov.19.3,78,84,78,87,Jehova,den HERRN,name:accusative-preposition
Prov.19.7,36,43,36,44,wieviel,wie viel,orthography:wordlist
Prov.19.10,48,55,48,56,wieviel,wie viel,orthography:wordlist
Prov.19.13,72,77,72,77,eines,einer,grammar:Frau-determiner
Prov.19.13,78,84,78,82,Weibes,Frau,word:Weib-Frau
Prov.19.14,95,101,95,104,Jehova,dem HERRN,name:dative-preposition
Prov.19.17,35,41,35,39,Jehova,HERR,name:unresolved-case
Prov.19.19,20,23,20,24,muß,muss,orthography:wordlist
Prov.19.21,78,87,78,88,Ratschluß,Ratschluss,orthography:wordlist
Prov.19.21,88,95,89,98,Jehovas,des HERRN,name:genitive
Prov.19.23,11,18,11,20,Jehovas,des HERRN,name:genitive
Prov.19.27,0,3,0,4,Laß,Lass,orthography:wordlist
Prov.20.5,23,32,23,33,Ratschluß,Ratschluss,orthography:wordlist
Prov.20.10,61,67,61,65,Jehova,HERR,name:unresolved-case
Prov.20.10,73,79,71,77,Greuel,Gräuel,orthography:wordlist
Prov.20.12,40,46,40,48,Jehova,der HERR,name:subject-before-finite-verb
Prov.20.19,99,102,99,103,laß,lass,orthography:wordlist
Prov.20.22,53,59,53,57,Jehova,HERR,name:unresolved-case
Prov.20.23,29,35,29,37,Jehova,der HERR,name:subject-after-auxiliary
Prov.20.23,41,47,43,49,Greuel,Gräuel,orthography:wordlist
Prov.20.24,35,41,35,44,Jehova,dem HERRN,name:dative-preposition
Prov.20.27,42,49,42,51,Jehovas,des HERRN,name:genitive
Prov.21.1,56,63,56,65,Jehovas,des HERRN,name:genitive
Prov.21.2,60,66,60,64,Jehova,HERR,name:unresolved-case
Prov.21.3,61,67,61,69,Jehova,der HERR,name:subject-after-auxiliary
Prov.21.5,44,52,44,53,Überfluß,Überfluss,orthography:wordlist
Prov.21.9,60,63,60,64,ein,eine,grammar:Frau-determiner
Prov.21.9,64,74,65,74,zänkisches,zänkische,grammar:Frau-adjective
Prov.21.9,75,79,75,79,Weib,Frau,word:Weib-Frau
Prov.21.19,64,67,64,68,ein,eine,grammar:Frau-determiner
Prov.21.19,68,78,69,78,zänkisches,zänkische,grammar:Frau-adjective
Prov.21.19,79,83,79,83,Weib,Frau,word:Weib-Frau
Prov.21.27,35,41,35,41,Greuel,Gräuel,orthography:wordlist
Prov.21.27,44,51,44,52,wieviel,wie viel,orthography:wordlist
Prov.21.30,66,72,66,75,Jehova,dem HERRN,name:dative-preposition
Prov.21.31,4,7,4,8,Roß,Ross,orthography:wordlist
Prov.21.31,71,78,72,81,Jehovas,des HERRN,name:genitive
Prov.22.2,42,48,42,50,Jehova,der HERR,name:subject-before-finite-verb
Prov.22.4,33,40,33,42,Jehovas,des HERRN,name:genitive
Prov.22.12,10,17,10,19,Jehovas,des HERRN,name:genitive
Prov.22.14,18,24,18,24,Weiber,Frauen,word:Weib-Frau
Prov.22.14,52,58,52,56,Jehova,HERR,name:unresolved-case
Prov.22.19,25,31,25,34,Jehova,den HERRN,name:accusative-trust-in
Prov.22.23,5,11,5,13,Jehova,der HERR,name:subject-before-finite-verb
Prov.23.3,0,3,0,4,Laß,Lass,orthography:wordlist
Prov.23.4,56,59,56,60,laß,lass,orthography:wordlist
Prov.23.6,9,11,9,12,Iß,Iss,orthography:wordlist
Prov.23.6,62,65,63,67,laß,lass,orthography:wordlist
Prov.23.7,16,22,16,23,abmißt,abmisst,orthography:wordlist
Prov.23.7,54,56,55,58,Iß,Iss,orthography:wordlist
Prov.23.8,39,43,39,44,mußt,musst,orthography:wordlist
Prov.23.17,86,93,86,95,Jehovas,des HERRN,name:genitive
Prov.23.26,47,50,47,51,laß,lass,orthography:wordlist
Prov.23.32,16,19,16,20,daß,dass,orthography:wordlist
Prov.24.1,34,37,34,38,laß,lass,orthography:wordlist
Prov.24.9,82,88,82,88,Greuel,Gräuel,orthography:wordlist
Prov.24.12,30,36,30,37,wußten,wussten,orthography:wordlist
Prov.24.13,9,11,9,12,Iß,Iss,orthography:wordlist
Prov.24.18,6,12,6,14,Jehova,der HERR,name:subject-subordinate-clause
Prov.24.21,20,26,20,29,Jehova,den HERRN,name:accusative-verb
Prov.24.21,59,62,62,66,laß,lass,orthography:wordlist
Prov.24.26,12,16,12,17,küßt,küsst,orthography:wordlist
Prov.25.7,21,24,21,25,daß,dass,orthography:wordlist
Prov.25.7,63,66,64,68,daß,dass,orthography:wordlist
Prov.25.16,28,30,28,31,iß,iss,orthography:wordlist
Prov.25.22,59,65,59,67,Jehova,der HERR,name:subject-before-finite-verb
Prov.25.24,49,52,49,53,ein,eine,grammar:Frau-determiner
Prov.25.24,53,63,54,63,zänkisches,zänkische,grammar:Frau-adjective
Prov.25.24,64,68,64,68,Weib,Frau,word:Weib-Frau
Prov.26.6,69,73,69,74,läßt,lässt,orthography:wordlist
Prov.26.25,69,75,69,75,Greuel,Gräuel,orthography:wordlist
Prov.26.26,20,23,20,24,Haß,Hass,orthography:wordlist
Prov.26.28,16,20,16,21,haßt,hasst,orthography:wordlist
Prov.27.10,9,15,9,16,Verlaß,Verlass,orthography:wordlist
Prov.27.15,58,61,58,62,ein,eine,grammar:Frau-determiner
Prov.27.15,62,72,63,72,zänkisches,zänkische,grammar:Frau-adjective
Prov.27.15,73,77,73,77,Weib,Frau,word:Weib-Frau
Prov.28.5,79,85,79,83,Jehova,HERR,name:unresolved-case
Prov.28.9,76,82,76,82,Greuel,Gräuel,orthography:wordlist
Prov.28.13,89,93,89,94,läßt,lässt,orthography:wordlist
Prov.28.16,79,83,79,84,haßt,hasst,orthography:wordlist
Prov.28.22,71,74,71,75,daß,dass,orthography:wordlist
Prov.28.25,42,48,42,46,Jehova,HERR,name:unresolved-case
Prov.29.11,18,22,18,23,läßt,lässt,orthography:wordlist
Prov.29.13,44,50,44,48,Jehova,HERR,name:unresolved-case
Prov.29.24,28,32,28,33,haßt,hasst,orthography:wordlist
Prov.29.25,52,58,52,56,Jehova,HERR,name:unresolved-case
Prov.29.26,74,80,74,83,Jehova,dem HERRN,name:dative-preposition
Prov.29.27,29,35,29,35,Greuel,Gräuel,orthography:wordlist
Prov.29.27,93,99,93,99,Greuel,Gräuel,orthography:wordlist
Prov.30.3,39,42,39,43,daß,dass,orthography:wordlist
Prov.30.9,70,76,70,78,Jehova,der HERR,name:subject-after-auxiliary
Prov.30.14,64,69,64,70,Gebiß,Gebiss,orthography:wordlist
Prov.30.20,18,23,18,23,eines,einer,grammar:Frau-determiner
Prov.30.20,41,47,41,45,Weibes,Frau,word:Weib-Frau
Prov.30.20,55,58,53,57,ißt,isst,orthography:wordlist
Prov.30.23,6,11,6,11,einem,einer,grammar:Frau-determiner
Prov.30.23,25,30,25,29,Weibe,Frau,word:Weib-Frau
Prov.31.3,24,31,24,30,Weibern,Frauen,word:Weib-Frau
Prov.31.10,0,3,0,4,Ein,Eine,grammar:Frau-determiner
Prov.31.10,4,12,5,12,wackeres,wackere,grammar:Frau-adjective
Prov.31.10,13,17,13,17,Weib,Frau,word:Weib-Frau
Prov.31.18,13,16,13,17,daß,dass,orthography:wordlist
Prov.31.27,47,50,47,51,ißt,isst,orthography:wordlist
Prov.31.30,51,54,51,55,ein,eine,grammar:Frau-determiner
Prov.31.30,55,59,56,60,Weib,Frau,word:Weib-Frau
Prov.31.30,62,65,63,66,das,die,grammar:Frau-relative
Prov.31.30,66,72,67,71,Jehova,HERR,name:unresolved-case
Eccl.1.17,123,126,123,127,daß,dass,orthography:wordlist
Eccl.1.18,33,40,33,41,Verdruß,Verdruss,orthography:wordlist
Eccl.2.3,4,12,4,13,beschloß,beschloss,orthography:wordlist
Eccl.2.13,14,17,14,18,daß,dass,orthography:wordlist
Eccl.2.14,114,117,114,118,daß,dass,orthography:wordlist
Eccl.2.15,175,178,175,179,daß,dass,orthography:wordlist
Eccl.2.17,3,8,3,9,haßte,hasste,orthography:wordlist
Eccl.2.17,76,83,77,85,mißfiel,missfiel,orthography:wordlist
Eccl.2.18,9,14,9,15,haßte,hasste,orthography:wordlist
Eccl.2.18,115,118,116,120,muß,muss,orthography:wordlist
Eccl.2.21,110,113,110,114,muß,muss,orthography:wordlist
Eccl.2.23,64,71,64,72,Verdruß,Verdruss,orthography:wordlist
Eccl.2.24,49,52,49,53,daß,dass,orthography:wordlist
Eccl.2.24,147,150,148,152,daß,dass,orthography:wordlist
Eccl.3.11,98,101,98,102,daß,dass,orthography:wordlist
Eccl.3.12,19,22,19,23,daß,dass,orthography:wordlist
Eccl.3.13,10,13,10,14,daß,dass,orthography:wordlist
Eccl.3.14,19,22,19,23,daß,dass,orthography:wordlist
Eccl.3.18,117,120,117,121,daß,dass,orthography:wordlist
Eccl.3.22,26,29,26,30,daß,dass,orthography:wordlist
Eccl.3.22,54,57,55,59,daß,dass,orthography:wordlist
Eccl.3.22,158,161,160,164,daß,dass,orthography:wordlist
Eccl.4.4,72,75,72,76,daß,dass,orthography:wordlist
Eccl.4.10,113,116,113,117,daß,dass,orthography:wordlist
Eccl.4.17,170,173,170,174,daß,dass,orthography:wordlist
Eccl.5.4,18,21,18,22,daß,dass,orthography:wordlist
Eccl.5.4,45,48,46,50,daß,dass,orthography:wordlist
Eccl.5.5,30,33,30,34,daß,dass,orthography:wordlist
Eccl.5.11,77,85,77,86,Überfluß,Überfluss,orthography:wordlist
Eccl.5.11,99,103,100,105,läßt,lässt,orthography:wordlist
Eccl.5.13,48,59,48,60,Mißgeschick,Missgeschick,orthography:wordlist
Eccl.5.15,134,137,134,138,daß,dass,orthography:wordlist
Eccl.5.16,61,68,61,69,Verdruß,Verdruss,orthography:wordlist
Eccl.5.17,58,61,58,62,daß,dass,orthography:wordlist
Eccl.7.5,59,62,59,63,daß,dass,orthography:wordlist
Eccl.7.10,27,30,27,31,daß,dass,orthography:wordlist
Eccl.7.12,116,119,116,120,daß,dass,orthography:wordlist
Eccl.7.18,13,16,13,17,daß,dass,orthography:wordlist
Eccl.7.25,148,151,148,152,daß,dass,orthography:wordlist
Eccl.7.26,47,50,47,50,das,die,grammar:Frau-determiner
Eccl.7.26,51,55,51,55,Weib,Frau,word:Weib-Frau
Eccl.7.26,58,65,58,64,welches,welche,grammar:Frau-relative
Eccl.7.28,130,133,130,134,ein,eine,grammar:Frau-determiner
Eccl.7.28,134,138,135,139,Weib,Frau,word:Weib-Frau
Eccl.7.29,53,56,53,57,daß,dass,orthography:wordlist
Eccl.8.3,43,46,43,47,laß,lass,orthography:wordlist
Eccl.8.10,148,154,148,155,mußten,mussten,orthography:wordlist
Eccl.8.12,89,92,89,93,daß,dass,orthography:wordlist
Eccl.8.14,51,54,51,55,daß,dass,orthography:wordlist
Eccl.8.14,128,131,129,133,daß,dass,orthography:wordlist
Eccl.8.14,213,216,215,219,daß,dass,orthography:wordlist
Eccl.8.17,58,61,58,62,daß,dass,orthography:wordlist
Eccl.8.17,206,212,207,214,erfaßt,erfasst,orthography:wordlist
Eccl.9.1,86,89,86,90,daß,dass,orthography:wordlist
Eccl.9.1,181,184,182,186,Haß,Hass,orthography:wordlist
Eccl.9.1,207,213,209,215,voraus,Voraus,orthography:phrase
Eccl.9.3,60,63,60,64,daß,dass,orthography:wordlist
Eccl.9.5,37,40,37,41,daß,dass,orthography:wordlist
Eccl.9.6,32,35,32,36,Haß,Hass,orthography:wordlist
Eccl.9.7,5,7,5,8,iß,iss,orthography:wordlist
Eccl.9.9,23,26,23,26,dem,der,grammar:Frau-determiner
Eccl.9.9,27,32,27,31,Weibe,Frau,word:Weib-Frau
Eccl.9.9,35,38,34,37,das,die,grammar:Frau-relative
Eccl.9.11,43,46,43,47,daß,dass,orthography:wordlist
Eccl.10.4,56,62,56,63,verlaß,verlass,orthography:wordlist
Eccl.10.10,85,88,85,89,muß,muss,orthography:wordlist
Eccl.11.8,123,126,123,127,daß,dass,orthography:wordlist
Eccl.11.9,199,202,199,203,daß,dass,orthography:wordlist
Eccl.12.9,13,16,13,17,daß,dass,orthography:wordlist
Eccl.12.9,104,112,105,114,verfaßte,verfasste,orthography:wordlist
Eccl.12.12,36,39,36,40,laß,lass,orthography:wordlist
Eccl.12.13,37,41,37,42,laßt,lasst,orthography:wordlist
Song.2.6,57,63,57,64,umfaßt,umfasst,orthography:wordlist
Song.2.7,95,98,95,99,daß,dass,orthography:wordlist
Song.2.12,104,108,104,109,läßt,lässt,orthography:wordlist
Song.2.14,65,68,65,69,laß,lass,orthography:wordlist
Song.2.14,96,99,97,101,laß,lass,orthography:wordlist
Song.3.5,95,98,95,99,daß,dass,orthography:wordlist
Song.4.10,61,68,61,69,wieviel,wie viel,orthography:wordlist
Song.4.13,8,17,8,18,entsproßt,entsprosst,orthography:wordlist
Song.4.16,69,72,69,73,laß,lass,orthography:wordlist
Song.5.8,124,127,124,128,Daß,Dass,orthography:wordlist
Song.5.9,137,140,137,141,daß,dass,orthography:wordlist
Song.5.12,61,71,61,72,eingefaßte,eingefasste,orthography:wordlist
Song.6.11,7,16,7,17,Nußgarten,Nussgarten,orthography:wordlist
Song.6.12,0,8,0,9,Unbewußt,Unbewusst,orthography:wordlist
Song.7.1,54,57,54,58,daß,dass,orthography:wordlist
Song.7.12,32,35,32,36,laß,lass,orthography:wordlist
Song.8.4,42,45,42,46,daß,dass,orthography:wordlist
Song.8.13,65,68,65,69,laß,lass,orthography:wordlist
Isa.1.2,52,58,52,60,Jehova,der HERR,name:subject-before-finite-verb
Isa.1.4,151,157,151,155,Jehova,HERR,name:unresolved-case
Isa.1.9,23,29,23,31,Jehova,der HERR,name:subject-subordinate-clause
Isa.1.10,25,32,25,34,Jehovas,des HERRN,name:genitive
Isa.1.11,56,62,56,64,Jehova,der HERR,name:subject-after-speech-verb
Isa.1.13,61,67,61,67,Greuel,Gräuel,orthography:wordlist
Isa.1.13,83,90,83,89,Sabbath,Sabbat,orthography:wordlist
Isa.1.14,35,39,35,40,haßt,hasst,orthography:wordlist
Isa.1.18,25,29,25,30,laßt,lasst,orthography:wordlist
Isa.1.18,64,70,65,73,Jehova,der HERR,name:subject-after-speech-verb
Isa.1.20,111,118,111,120,Jehovas,des HERRN,name:genitive
Isa.1.24,26,32,26,30,Jehova,HERR,name:unresolved-case
Isa.1.28,71,77,71,75,Jehova,HERR,name:unresolved-case
Isa.2.2,81,88,81,90,Jehovas,des HERRN,name:genitive
Isa.2.3,57,61,57,62,laßt,lasst,orthography:wordlist
Isa.2.3,90,97,91,100,Jehovas,des HERRN,name:genitive
Isa.2.3,274,281,277,286,Jehovas,des HERRN,name:genitive
Isa.2.5,34,38,34,39,laßt,lasst,orthography:wordlist
Isa.2.5,62,69,63,72,Jehovas,des HERRN,name:genitive
Isa.2.10,78,85,78,87,Jehovas,des HERRN,name:genitive
Isa.2.11,109,115,109,117,Jehova,der HERR,name:subject-before-finite-verb
Isa.2.12,5,11,5,9,Jehova,HERR,name:unresolved-case
Isa.2.17,94,100,94,102,Jehova,der HERR,name:subject-before-finite-verb
Isa.2.19,102,109,102,111,Jehovas,des HERRN,name:genitive
Isa.2.21,94,101,94,103,Jehovas,des HERRN,name:genitive
Isa.3.1,23,29,23,27,Jehova,HERR,name:unresolved-case
Isa.3.8,88,94,88,97,Jehova,den HERRN,name:accusative-preposition
Isa.3.10,32,35,32,36,daß,dass,orthography:wordlist
Isa.3.12,44,50,44,50,Weiber,Frauen,word:Weib-Frau
Isa.3.13,9,15,9,17,Jehova,Der HERR,name:subject-before-finite-verb
Isa.3.14,9,15,9,17,Jehova,Der HERR,name:subject-before-finite-verb
Isa.3.15,14,17,14,18,daß,dass,orthography:wordlist
Isa.3.15,106,112,107,111,Jehova,HERR,name:unresolved-case
Isa.3.16,22,28,22,30,Jehova,der HERR,name:subject-before-finite-verb
Isa.3.17,70,76,70,74,Jehova,HERR,name:unresolved-case
Isa.4.1,32,38,32,38,Weiber,Frauen,word:Weib-Frau
Isa.4.1,165,168,165,169,laß,lass,orthography:wordlist
Isa.4.2,24,29,24,30,Sproß,Spross,orthography:wordlist
Isa.4.2,30,37,31,40,Jehovas,des HERRN,name:genitive
Isa.4.5,4,10,4,12,Jehova,der HERR,name:subject-before-finite-verb
Isa.5.2,191,194,191,195,daß,dass,orthography:wordlist
Isa.5.4,104,107,104,108,daß,dass,orthography:wordlist
Isa.5.5,109,112,109,113,daß,dass,orthography:wordlist
Isa.5.5,162,165,163,167,daß,dass,orthography:wordlist
Isa.5.6,173,176,173,177,daß,dass,orthography:wordlist
Isa.5.7,18,25,18,27,Jehovas,des HERRN,name:genitive
Isa.5.8,116,123,116,124,seßhaft,sesshaft,orthography:wordlist
Isa.5.9,22,28,22,30,Jehova,der HERR,name:subject-after-auxiliary
Isa.5.12,93,100,93,102,Jehovas,des HERRN,name:genitive
Isa.5.16,4,10,4,8,Jehova,HERR,name:unresolved-case
Isa.5.19,88,97,88,98,Ratschluß,Ratschluss,orthography:wordlist
Isa.5.24,204,211,204,213,Jehovas,des HERRN,name:genitive
Isa.5.25,20,27,20,29,Jehovas,des HERRN,name:genitive
Isa.6.3,74,80,74,82,Jehova,der HERR,name:subject-after-auxiliary
Isa.6.5,201,207,201,205,Jehova,HERR,name:unresolved-case
Isa.6.12,4,10,4,8,Jehova,HERR,name:unresolved-case
Isa.7.3,4,10,4,12,Jehova,der HERR,name:subject-before-finite-verb
Isa.7.5,7,10,7,11,daß,dass,orthography:wordlist
Isa.7.6,0,4,0,5,Laßt,Lasst,orthography:wordlist
Isa.7.7,40,46,40,48,Jehova,der HERR,name:subject-with-intervening-object
Isa.7.8,151,154,151,155,daß,dass,orthography:wordlist
Isa.7.10,4,10,4,12,Jehova,der HERR,name:subject-before-finite-verb
Isa.7.11,39,45,39,48,Jehova,dem HERRN,name:dative-preposition
Isa.7.12,78,84,78,87,Jehova,den HERRN,name:object-before-infinitive
Isa.7.13,86,89,86,90,daß,dass,orthography:wordlist
Isa.7.17,9,15,9,17,Jehova,Der HERR,name:subject-before-finite-verb
Isa.7.18,46,52,46,54,Jehova,der HERR,name:subject-after-auxiliary
Isa.7.21,39,42,39,43,daß,dass,orthography:wordlist
Isa.7.23,38,41,38,42,daß,dass,orthography:wordlist
Isa.8.1,4,10,4,12,Jehova,der HERR,name:subject-before-finite-verb
Isa.8.3,83,89,83,91,Jehova,der HERR,name:subject-before-finite-verb
Isa.8.5,4,10,4,12,Jehova,der HERR,name:subject-before-finite-verb
Isa.8.6,17,20,17,21,daß,dass,orthography:wordlist
Isa.8.7,14,18,14,19,läßt,lässt,orthography:wordlist
Isa.8.11,14,20,14,22,Jehova,der HERR,name:subject-after-auxiliary
Isa.8.13,9,15,9,13,Jehova,HERR,name:unresolved-case
Isa.8.17,18,24,18,22,Jehova,HERR,name:unresolved-case
Isa.8.18,32,38,32,40,Jehova,der HERR,name:subject-with-intervening-object
Isa.8.18,111,117,113,122,Jehova,dem HERRN,name:presence-before-Lord
Isa.9.6,235,242,235,244,Jehovas,des HERRN,name:genitive
Isa.9.10,5,11,5,13,Jehova,der HERR,name:subject-before-finite-verb
Isa.9.12,59,65,59,63,Jehova,HERR,name:unresolved-case
Isa.9.13,4,10,4,12,Jehova,der HERR,name:subject-before-finite-verb
Isa.9.17,122,125,122,126,daß,dass,orthography:wordlist
Isa.9.18,16,23,16,25,Jehovas,des HERRN,name:genitive
Isa.9.19,52,57,52,58,frißt,frisst,orthography:wordlist
Isa.10.16,23,29,23,27,Jehova,HERR,name:unresolved-case
Isa.10.18,115,118,115,119,daß,dass,orthography:wordlist
Isa.10.20,189,195,189,193,Jehova,HERR,name:unresolved-case
Isa.10.23,16,22,16,20,Jehova,HERR,name:unresolved-case
Isa.10.24,25,31,25,29,Jehova,HERR,name:unresolved-case
Isa.10.26,4,10,4,8,Jehova,HERR,name:unresolved-case
Isa.10.27,38,41,38,42,daß,dass,orthography:wordlist
Isa.10.29,21,24,21,25,Paß,Pass,orthography:wordlist
Isa.10.33,18,24,18,22,Jehova,HERR,name:unresolved-case
Isa.11.1,64,73,64,74,Schößling,Schössling,orthography:wordlist
Isa.11.2,44,51,44,53,Jehovas,des HERRN,name:genitive
Isa.11.2,175,182,177,186,Jehovas,des HERRN,name:genitive
Isa.11.3,57,64,57,66,Jehovas,des HERRN,name:genitive
Isa.11.9,130,137,130,139,Jehovas,des HERRN,name:genitive
Isa.11.10,42,53,42,54,Wurzelsproß,Wurzelspross,orthography:wordlist
Isa.11.15,4,10,4,12,Jehova,der HERR,name:subject-before-finite-verb
Isa.11.15,184,187,186,190,daß,dass,orthography:wordlist
Isa.12.1,55,61,55,59,Jehova,HERR,name:unresolved-case
Isa.12.2,80,86,80,88,Jehova,der HERR,name:subject-before-finite-verb
Isa.12.4,45,51,45,54,Jehova,den HERRN,name:accusative-verb
Isa.12.4,135,138,138,142,daß,dass,orthography:wordlist
Isa.12.5,9,15,9,13,Jehova,HERR,name:unresolved-case
Isa.13.2,95,98,95,99,daß,dass,orthography:wordlist
Isa.13.4,127,133,127,131,Jehova,HERR,name:unresolved-case
Isa.13.5,53,59,53,57,Jehova,HERR,name:unresolved-case
Isa.13.6,41,48,41,50,Jehovas,des HERRN,name:genitive
Isa.13.9,15,22,15,24,Jehovas,des HERRN,name:genitive
Isa.13.13,105,112,105,114,Jehovas,des HERRN,name:genitive
Isa.13.16,89,95,89,95,Weiber,Frauen,word:Weib-Frau
Isa.14.1,5,11,5,13,Jehova,der HERR,name:subject-before-finite-verb
Isa.14.2,153,160,153,162,Jehovas,des HERRN,name:genitive
Isa.14.3,47,53,47,55,Jehova,der HERR,name:subject-subordinate-clause
Isa.14.5,25,31,25,33,Jehova,der HERR,name:subject-after-auxiliary
Isa.14.6,52,60,52,61,Unterlaß,Unterlass,orthography:wordlist
Isa.14.9,148,152,148,153,läßt,lässt,orthography:wordlist
Isa.14.17,62,71,62,72,niederriß,niederriss,orthography:wordlist
Isa.14.19,76,85,76,86,Schößling,Schössling,orthography:wordlist
Isa.14.22,44,50,44,52,Jehova,der HERR,name:subject-after-speech-verb
Isa.14.22,153,159,155,163,Jehova,der HERR,name:subject-after-speech-verb
Isa.14.23,135,141,135,143,Jehova,der HERR,name:subject-after-speech-verb
Isa.14.24,9,15,9,13,Jehova,HERR,name:unresolved-case
Isa.14.25,0,3,0,4,daß,dass,orthography:wordlist
Isa.14.26,31,40,31,41,Ratschluß,Ratschluss,orthography:wordlist
Isa.14.27,5,11,5,9,Jehova,HERR,name:unresolved-case
Isa.14.29,39,42,39,43,daß,dass,orthography:wordlist
Isa.14.32,47,50,47,51,Daß,Dass,orthography:wordlist
Isa.14.32,51,57,52,60,Jehova,der HERR,name:subject-subordinate-clause
Isa.14.32,83,86,86,90,daß,dass,orthography:wordlist
Isa.16.4,0,3,0,4,Laß,Lass,orthography:wordlist
Isa.16.13,27,33,27,35,Jehova,der HERR,name:subject-subordinate-clause
Isa.16.14,17,23,17,21,Jehova,HERR,name:unresolved-case
Isa.17.3,170,176,170,178,Jehova,der HERR,name:subject-after-speech-verb
Isa.17.5,56,68,56,69,zusammenfaßt,zusammenfasst,orthography:wordlist
Isa.17.6,175,181,175,183,Jehova,der HERR,name:subject-after-speech-verb
Isa.18.4,15,21,15,23,Jehova,der HERR,name:subject-after-auxiliary
Isa.18.7,20,26,20,28,Jehova,der HERR,name:subject-after-auxiliary
Isa.18.7,320,327,322,331,Jehovas,des HERRN,name:genitive
Isa.19.1,32,38,32,40,Jehova,der HERR,name:subject-before-finite-verb
Isa.19.4,153,159,153,157,Jehova,HERR,name:unresolved-case
Isa.19.12,93,99,93,101,Jehova,der HERR,name:subject-subordinate-clause
Isa.19.14,9,15,9,17,Jehova,Der HERR,name:subject-before-finite-verb
Isa.19.14,80,83,82,86,daß,dass,orthography:wordlist
Isa.19.16,39,45,39,45,Weiber,Frauen,word:Weib-Frau
Isa.19.16,116,123,116,125,Jehovas,des HERRN,name:genitive
Isa.19.17,151,158,151,160,Jehovas,des HERRN,name:genitive
Isa.19.18,101,107,101,110,Jehova,dem HERRN,name:dative-preposition
Isa.19.19,74,80,74,79,Jehova,HERRN,name:existing-oblique-article
Isa.19.19,143,149,142,147,Jehova,HERRN,name:existing-oblique-article
Isa.19.20,65,71,65,70,Jehova,HERRN,name:existing-oblique-article
Isa.19.20,128,134,127,136,Jehova,dem HERRN,name:dative-preposition
Isa.19.21,4,10,4,12,Jehova,der HERR,name:subject-before-finite-verb
Isa.19.21,72,78,74,83,Jehova,den HERRN,name:object-before-infinitive
Isa.19.21,176,182,181,185,Jehova,HERR,name:unresolved-case
Isa.19.22,4,10,4,12,Jehova,der HERR,name:subject-before-finite-verb
Isa.19.22,86,92,88,97,Jehova,dem HERRN,name:dative-preposition
Isa.19.23,186,192,186,195,Jehova,dem HERRN,name:dative-before-infinitive
Isa.19.25,5,11,5,9,Jehova,HERR,name:unresolved-case
Isa.20.2,22,28,22,30,Jehova,der HERR,name:subject-after-speech-verb
Isa.20.3,4,10,4,12,Jehova,der HERR,name:subject-before-finite-verb
Isa.21.3,119,122,119,123,daß,dass,orthography:wordlist
Isa.21.3,155,158,156,160,daß,dass,orthography:wordlist
Isa.21.5,48,51,48,52,ißt,isst,orthography:wordlist
Isa.21.10,59,65,59,68,Jehova,dem HERRN,name:dative-preposition
Isa.21.13,53,57,53,58,müßt,müsst,orthography:wordlist
Isa.21.17,97,103,97,101,Jehova,HERR,name:unresolved-case
Isa.22.1,58,61,58,62,daß,dass,orthography:wordlist
Isa.22.4,39,42,39,43,daß,dass,orthography:wordlist
Isa.22.5,88,94,88,92,Jehova,HERR,name:unresolved-case
Isa.22.9,45,48,45,49,daß,dass,orthography:wordlist
Isa.22.12,24,30,24,28,Jehova,HERR,name:unresolved-case
Isa.22.13,97,101,97,102,Laßt,Lasst,orthography:wordlist
Isa.22.14,4,10,4,8,Jehova,HERR,name:unresolved-case
Isa.22.14,144,150,142,146,Jehova,HERR,name:unresolved-case
Isa.22.15,22,28,22,26,Jehova,HERR,name:unresolved-case
Isa.22.16,41,44,41,45,daß,dass,orthography:wordlist
Isa.22.17,7,13,7,15,Jehova,der HERR,name:subject-before-finite-verb
Isa.22.24,79,89,79,90,Sprößlinge,Sprösslinge,orthography:wordlist
Isa.22.25,24,30,24,32,Jehova,der HERR,name:subject-after-speech-verb
Isa.22.25,221,227,223,227,Jehova,HERR,name:unresolved-case
Isa.23.9,9,15,9,13,Jehova,HERR,name:unresolved-case
Isa.23.11,85,91,85,93,Jehova,der HERR,name:subject-before-finite-verb
Isa.23.16,120,123,120,124,daß,dass,orthography:wordlist
Isa.23.17,62,68,62,70,Jehova,der HERR,name:subject-after-auxiliary
Isa.23.18,40,46,40,44,Jehova,HERR,name:unresolved-case
Isa.23.18,162,168,160,169,Jehova,dem HERRN,name:presence-before-Lord
Isa.24.1,7,13,7,11,Jehova,HERR,name:unresolved-case
Isa.24.3,55,61,55,63,Jehova,der HERR,name:subject-before-finite-verb
Isa.24.10,66,69,66,70,daß,dass,orthography:wordlist
Isa.24.14,65,72,65,74,Jehovas,des HERRN,name:genitive
Isa.24.15,12,18,12,21,Jehova,dem HERRN,name:dative-give-imperative
Isa.24.15,74,81,77,86,Jehovas,des HERRN,name:genitive
Isa.24.21,47,53,47,55,Jehova,der HERR,name:subject-after-auxiliary
Isa.24.23,75,81,75,79,Jehova,HERR,name:unresolved-case
Isa.25.1,9,15,9,13,Jehova,HERR,name:direct-address-pronoun
Isa.25.2,126,129,126,130,daß,dass,orthography:wordlist
Isa.25.6,22,28,22,26,Jehova,HERR,name:unresolved-case
Isa.25.8,49,55,49,57,Jehova,der HERR,name:subject-before-finite-verb
Isa.25.8,183,189,185,193,Jehova,der HERR,name:subject-before-finite-verb
Isa.25.9,83,86,83,87,daß,dass,orthography:wordlist
Isa.25.9,116,122,117,125,Jehova,der HERR,name:subject-after-auxiliary
Isa.25.9,146,150,149,154,Laßt,Lasst,orthography:wordlist
Isa.25.10,14,21,14,23,Jehovas,des HERRN,name:genitive
Isa.26.2,22,25,22,26,daß,dass,orthography:wordlist
Isa.26.4,14,20,14,23,Jehova,den HERRN,name:accusative-trust-in
Isa.26.4,45,51,48,56,Jehova,der HERR,name:subject-before-finite-verb
Isa.26.8,21,27,21,25,Jehova,HERR,name:unresolved-case
Isa.26.10,153,160,153,162,Jehovas,des HERRN,name:genitive
Isa.26.11,9,15,9,13,Jehova,HERR,name:direct-address-pronoun
Isa.26.12,9,15,9,13,Jehova,HERR,name:direct-address-pronoun
Isa.26.13,9,15,9,13,Jehova,HERR,name:unresolved-case
Isa.26.15,29,35,29,33,Jehova,HERR,name:direct-address-pronoun
Isa.26.16,9,15,9,13,Jehova,HERR,name:unresolved-case
Isa.26.17,122,128,122,126,Jehova,HERR,name:unresolved-case
Isa.26.21,12,18,12,16,Jehova,HERR,name:unresolved-case
Isa.27.1,19,25,19,27,Jehova,der HERR,name:subject-after-auxiliary
Isa.27.3,15,21,15,23,Jehova,der HERR,name:first-person-apposition
Isa.27.3,69,72,71,75,daß,dass,orthography:wordlist
Isa.27.5,9,14,9,15,müßte,müsste,orthography:wordlist
Isa.27.11,63,69,63,69,Weiber,Frauen,word:Weib-Frau
Isa.27.12,56,62,56,64,Jehova,der HERR,name:subject-after-auxiliary
Isa.27.13,193,199,193,197,Jehova,HERR,name:unresolved-case
Isa.28.5,20,26,20,28,Jehova,der HERR,name:subject-after-auxiliary
Isa.28.8,50,53,50,54,daß,dass,orthography:wordlist
Isa.28.13,37,44,37,46,Jehovas,des HERRN,name:genitive
Isa.28.13,178,181,180,184,daß,dass,orthography:wordlist
Isa.28.14,22,29,22,31,Jehovas,des HERRN,name:genitive
Isa.28.16,30,36,30,34,Jehova,HERR,name:unresolved-case
Isa.28.21,5,11,5,13,Jehova,der HERR,name:subject-before-finite-verb
Isa.28.22,158,165,158,167,Jehovas,des HERRN,name:genitive
Isa.28.29,26,32,26,35,Jehova,dem HERRN,name:dative-preposition
Isa.29.1,88,92,88,93,laßt,lasst,orthography:wordlist
Isa.29.6,11,18,11,20,Jehovas,des HERRN,name:genitive
Isa.29.8,69,72,69,73,ißt,isst,orthography:wordlist
Isa.29.10,5,11,5,13,Jehova,der HERR,name:subject-before-finite-verb
Isa.29.15,60,66,60,69,Jehova,dem HERRN,name:presence-before-Lord
Isa.29.16,81,84,81,85,Daß,Dass,orthography:wordlist
Isa.29.17,50,53,50,54,daß,dass,orthography:wordlist
Isa.29.19,45,51,45,54,Jehova,dem HERRN,name:dative-in-Lord
Isa.29.22,18,24,18,26,Jehova,der HERR,name:subject-after-speech-verb
Isa.30.1,53,59,53,61,Jehova,der HERR,name:subject-after-speech-verb
Isa.30.9,86,93,86,95,Jehovas,des HERRN,name:genitive
Isa.30.13,56,59,56,60,Riß,Riss,orthography:wordlist
Isa.30.15,28,34,28,32,Jehova,HERR,name:unresolved-case
Isa.30.18,15,21,15,23,Jehova,der HERR,name:subject-after-auxiliary
Isa.30.18,127,133,129,137,Jehova,der HERR,name:subject-before-finite-verb
Isa.30.19,93,102,93,103,gewißlich,gewisslich,orthography:wordlist
Isa.30.22,95,104,95,105,Gußbilder,Gussbilder,orthography:wordlist
Isa.30.26,166,172,166,170,Jehova,HERR,name:unresolved-case
Isa.30.27,16,23,16,25,Jehovas,des HERRN,name:genitive
Isa.30.29,180,187,180,189,Jehovas,des HERRN,name:genitive
Isa.30.30,4,10,4,12,Jehova,der HERR,name:subject-before-finite-verb
Isa.30.30,184,192,186,195,Regenguß,Regenguss,orthography:wordlist
Isa.30.31,20,27,20,29,Jehovas,des HERRN,name:genitive
Isa.30.32,74,80,74,78,Jehova,HERR,name:unresolved-case
Isa.30.32,103,107,101,106,läßt,lässt,orthography:wordlist
Isa.30.33,208,215,208,217,Jehovas,des HERRN,name:genitive
Isa.31.1,251,257,251,260,Jehova,dem HERRN,name:dative-preposition
Isa.31.3,101,107,101,105,Jehova,HERR,name:unresolved-case
Isa.31.4,14,20,14,22,Jehova,der HERR,name:subject-after-auxiliary
Isa.31.4,240,246,242,250,Jehova,der HERR,name:subject-after-auxiliary
Isa.31.5,38,44,38,46,Jehova,der HERR,name:subject-after-auxiliary
Isa.31.9,107,113,107,115,Jehova,der HERR,name:subject-after-speech-verb
Isa.32.6,137,143,137,146,Jehova,den HERRN,name:accusative-preposition
Isa.32.9,45,51,45,51,Weiber,Frauen,word:Weib-Frau
Isa.33.2,9,15,9,17,Jehova,Der HERR,name:subject-before-finite-verb
Isa.33.5,9,15,9,17,Jehova,Der HERR,name:subject-before-finite-verb
Isa.33.6,104,111,104,113,Jehovas,des HERRN,name:genitive
Isa.33.10,33,39,33,41,Jehova,der HERR,name:subject-after-speech-verb
Isa.33.19,96,99,96,100,daß,dass,orthography:wordlist
Isa.33.21,36,42,36,40,Jehova,HERR,name:unresolved-case
Isa.33.22,5,11,5,13,Jehova,der HERR,name:subject-before-finite-verb
Isa.33.22,33,39,35,39,Jehova,HERR,name:unresolved-case
Isa.33.22,57,63,57,61,Jehova,HERR,name:unresolved-case
Isa.34.1,148,157,148,158,entsproßt,entsprosst,orthography:wordlist
Isa.34.2,14,21,14,23,Jehovas,des HERRN,name:genitive
Isa.34.6,13,20,13,22,Jehovas,des HERRN,name:genitive
Isa.34.6,135,141,137,145,Jehova,der HERR,name:subject-before-finite-verb
Isa.34.8,5,11,5,13,Jehova,der HERR,name:subject-before-finite-verb
Isa.34.11,102,111,102,112,Meßschnur,Messschnur,orthography:wordlist
Isa.34.16,23,30,23,32,Jehovas,des HERRN,name:genitive
Isa.34.16,85,92,87,95,vermißt,vermisst,orthography:wordlist
Isa.34.17,91,100,91,101,Meßschnur,Messschnur,orthography:wordlist
Isa.35.2,198,205,198,207,Jehovas,des HERRN,name:genitive
Isa.35.10,18,25,18,27,Jehovas,des HERRN,name:genitive
Isa.36.5,97,100,97,101,daß,dass,orthography:wordlist
Isa.36.7,34,40,34,38,Jehova,HERR,name:unresolved-case
Isa.36.8,19,22,19,23,laß,lass,orthography:wordlist
Isa.36.10,32,38,32,41,Jehova,den HERRN,name:accusative-preposition
Isa.36.10,94,100,97,105,Jehova,Der HERR,name:subject-before-finite-verb
Isa.36.14,23,26,23,27,Daß,Dass,orthography:wordlist
Isa.36.15,4,7,4,8,daß,dass,orthography:wordlist
Isa.36.15,31,37,32,36,Jehova,HERR,name:unresolved-case
Isa.36.15,69,75,68,76,Jehova,der HERR,name:subject-before-finite-verb
Isa.36.15,86,95,87,97,gewißlich,gewisslich,orthography:wordlist
Isa.36.18,0,3,0,4,Daß,Dass,orthography:wordlist
Isa.36.18,52,58,53,61,Jehova,der HERR,name:subject-before-finite-verb
Isa.36.20,99,102,99,103,daß,dass,orthography:wordlist
Isa.36.20,103,109,104,112,Jehova,der HERR,name:subject-subordinate-clause
Isa.37.1,52,58,52,59,zerriß,zerriss,orthography:wordlist
Isa.37.1,129,136,130,139,Jehovas,des HERRN,name:genitive
Isa.37.4,16,22,16,20,Jehova,HERR,name:direct-address-pronoun
Isa.37.4,201,207,199,203,Jehova,HERR,name:direct-address-pronoun
Isa.37.6,78,84,78,86,Jehova,der HERR,name:subject-after-speech-verb
Isa.37.7,43,46,43,47,daß,dass,orthography:wordlist
Isa.37.8,113,116,113,117,daß,dass,orthography:wordlist
Isa.37.10,69,72,69,73,Daß,Dass,orthography:wordlist
Isa.37.14,100,107,100,109,Jehovas,des HERRN,name:genitive
Isa.37.14,138,144,140,149,Jehova,dem HERRN,name:presence-before-Lord
Isa.37.15,22,28,22,31,Jehova,dem HERRN,name:dative-preposition
Isa.37.16,9,15,9,13,Jehova,HERR,name:unresolved-case
Isa.37.17,9,15,9,13,Jehova,HERR,name:direct-address-following-imperative
Isa.37.17,46,52,44,48,Jehova,HERR,name:direct-address-following-imperative
Isa.37.18,10,16,10,14,Jehova,HERR,name:unresolved-case
Isa.37.20,9,15,9,13,Jehova,HERR,name:direct-address-following-imperative
Isa.37.20,102,105,100,104,daß,dass,orthography:wordlist
Isa.37.20,116,122,115,119,Jehova,HERR,name:unresolved-case
Isa.37.21,80,86,80,88,Jehova,der HERR,name:subject-after-speech-verb
Isa.37.22,28,34,28,36,Jehova,der HERR,name:subject-subordinate-clause
Isa.37.26,41,44,41,45,daß,dass,orthography:wordlist
Isa.37.26,159,162,160,164,daß,dass,orthography:wordlist
Isa.37.29,146,151,146,152,Gebiß,Gebiss,orthography:wordlist
Isa.37.30,121,132,121,133,ausgesproßt,ausgesprosst,orthography:wordlist
Isa.37.32,95,102,95,104,Jehovas,des HERRN,name:genitive
Isa.37.33,18,24,18,26,Jehova,der HERR,name:subject-after-speech-verb
Isa.37.34,115,121,115,123,Jehova,der HERR,name:subject-after-speech-verb
Isa.37.36,14,21,14,23,Jehovas,des HERRN,name:genitive
Isa.38.1,137,143,137,145,Jehova,der HERR,name:subject-after-speech-verb
Isa.38.2,65,71,65,74,Jehova,dem HERRN,name:dative-preposition
Isa.38.3,15,21,15,19,Jehova,HERR,name:unresolved-case
Isa.38.3,39,42,37,41,daß,dass,orthography:wordlist
Isa.38.3,130,133,129,133,daß,dass,orthography:wordlist
Isa.38.4,20,27,20,29,Jehovas,des HERRN,name:genitive
Isa.38.5,41,47,41,49,Jehova,der HERR,name:subject-after-speech-verb
Isa.38.7,57,64,57,66,Jehovas,des HERRN,name:genitive
Isa.38.7,66,69,68,72,daß,dass,orthography:wordlist
Isa.38.7,70,76,73,81,Jehova,der HERR,name:subject-subordinate-clause
Isa.38.11,41,47,41,45,Jehova,HERR,name:unresolved-case
Isa.38.11,62,68,60,64,Jehova,HERR,name:unresolved-case
Isa.38.15,20,23,20,24,Daß,Dass,orthography:wordlist
Isa.38.20,0,6,0,8,Jehova,Der HERR,name:subject-before-finite-verb
Isa.38.20,114,121,116,125,Jehovas,des HERRN,name:genitive
Isa.38.21,37,40,37,41,daß,dass,orthography:wordlist
Isa.38.22,46,49,46,50,daß,dass,orthography:wordlist
Isa.38.22,66,73,67,76,Jehovas,des HERRN,name:genitive
Isa.39.1,139,142,139,143,daß,dass,orthography:wordlist
Isa.39.5,45,52,45,54,Jehovas,des HERRN,name:genitive
Isa.39.6,196,202,196,204,Jehova,der HERR,name:subject-after-speech-verb
Isa.39.8,40,47,40,49,Jehovas,des HERRN,name:genitive
Isa.40.2,48,51,48,52,daß,dass,orthography:wordlist
Isa.40.2,75,78,76,80,daß,dass,orthography:wordlist
Isa.40.2,109,112,111,115,daß,dass,orthography:wordlist
Isa.40.2,131,138,134,143,Jehovas,des HERRN,name:genitive
Isa.40.3,62,69,62,71,Jehovas,des HERRN,name:genitive
Isa.40.5,21,28,21,30,Jehovas,des HERRN,name:genitive
Isa.40.5,114,121,116,125,Jehovas,des HERRN,name:genitive
Isa.40.7,66,73,66,75,Jehovas,des HERRN,name:genitive
Isa.40.10,39,45,39,47,Jehova,der HERR,name:subject-before-finite-verb
Isa.40.12,137,143,137,144,gefaßt,gefasst,orthography:wordlist
Isa.40.13,19,26,19,28,Jehovas,des HERRN,name:genitive
Isa.40.14,25,28,25,29,daß,dass,orthography:wordlist
Isa.40.20,16,19,16,20,daß,dass,orthography:wordlist
Isa.40.27,82,88,82,91,Jehova,dem HERRN,name:presence-before-Lord
Isa.40.28,81,87,81,89,Jehova,der HERR,name:subject-after-auxiliary
Isa.40.31,13,19,13,17,Jehova,HERR,name:unresolved-case
Isa.41.1,142,146,142,147,laßt,lasst,orthography:wordlist
Isa.41.4,79,85,79,87,Jehova,der HERR,name:first-person-apposition
Isa.41.7,97,102,97,103,Amboß,Amboss,orthography:wordlist
Isa.41.7,191,194,192,196,daß,dass,orthography:wordlist
Isa.41.13,10,16,10,18,Jehova,der HERR,name:first-person-apposition
Isa.41.14,91,97,91,99,Jehova,der HERR,name:subject-after-speech-verb
Isa.41.16,22,25,22,26,daß,dass,orthography:wordlist
Isa.41.16,101,107,102,111,Jehova,dem HERRN,name:dative-in-Lord
Isa.41.17,118,124,118,126,Jehova,der HERR,name:first-person-apposition
Isa.41.20,76,79,76,80,daß,dass,orthography:wordlist
Isa.41.20,89,96,90,99,Jehovas,des HERRN,name:genitive
Isa.41.21,48,54,48,56,Jehova,der HERR,name:subject-after-speech-verb
Isa.41.23,5,9,5,10,laßt,lasst,orthography:wordlist
Isa.41.23,90,93,91,95,daß,dass,orthography:wordlist
Isa.41.24,60,66,60,66,Greuel,Gräuel,orthography:wordlist
Isa.41.26,37,40,37,41,daß,dass,orthography:wordlist
Isa.41.26,48,54,49,56,wüßten,wüssten,orthography:wordlist
Isa.41.26,72,75,74,78,daß,dass,orthography:wordlist
Isa.41.28,80,83,80,84,daß,dass,orthography:wordlist
Isa.42.5,18,24,18,22,Jehova,HERR,name:unresolved-case
Isa.42.6,5,11,5,13,Jehova,der HERR,name:first-person-apposition
Isa.42.8,8,14,8,16,Jehova,der HERR,name:predicate-name
Isa.42.9,77,89,77,90,hervorsproßt,hervorsprosst,orthography:wordlist
Isa.42.10,25,31,25,34,Jehova,dem HERRN,name:dative-verb
Isa.42.12,9,15,9,17,Jehova,der HERR,name:subject-after-auxiliary
Isa.42.13,9,15,9,17,Jehova,Der HERR,name:subject-before-finite-verb
Isa.42.19,140,147,140,149,Jehovas,des HERRN,name:genitive
Isa.42.21,9,15,9,13,Jehova,HERR,name:unresolved-case
Isa.42.24,71,77,71,75,Jehova,HERR,name:unresolved-case
Isa.43.1,20,26,20,28,Jehova,der HERR,name:subject-after-speech-verb
Isa.43.3,13,19,13,17,Jehova,HERR,name:direct-address-pronoun
Isa.43.9,230,233,230,234,daß,dass,orthography:wordlist
Isa.43.10,42,48,42,50,Jehova,der HERR,name:subject-after-speech-verb
Isa.43.10,142,145,144,148,daß,dass,orthography:wordlist
Isa.43.11,13,19,13,21,Jehova,der HERR,name:predicate-name
Isa.43.12,141,147,141,149,Jehova,der HERR,name:subject-after-speech-verb
Isa.43.14,11,17,11,19,Jehova,der HERR,name:subject-after-speech-verb
Isa.43.15,5,11,5,13,Jehova,der HERR,name:first-person-apposition
Isa.43.16,11,17,11,19,Jehova,der HERR,name:subject-after-speech-verb
Isa.43.17,15,19,15,20,läßt,lässt,orthography:wordlist
Isa.43.17,31,34,32,36,Roß,Ross,orthography:wordlist
Isa.43.19,31,37,31,38,sproßt,sprosst,orthography:wordlist
Isa.43.22,43,46,43,47,daß,dass,orthography:wordlist
Isa.44.2,11,17,11,19,Jehova,der HERR,name:subject-after-speech-verb
Isa.44.3,160,170,160,171,Sprößlinge,Sprösslinge,orthography:wordlist
Isa.44.5,28,35,28,37,Jehovas,des HERRN,name:genitive
Isa.44.5,130,137,132,141,Jehovas,des HERRN,name:genitive
Isa.44.6,11,17,11,19,Jehova,der HERR,name:subject-after-speech-verb
Isa.44.6,58,64,60,64,Jehova,HERR,name:unresolved-case
Isa.44.10,54,57,54,58,daß,dass,orthography:wordlist
Isa.44.16,68,71,68,72,ißt,isst,orthography:wordlist
Isa.44.18,82,85,82,86,daß,dass,orthography:wordlist
Isa.44.18,122,125,123,127,daß,dass,orthography:wordlist
Isa.44.19,96,99,96,100,daß,dass,orthography:wordlist
Isa.44.19,290,296,291,297,Greuel,Gräuel,orthography:wordlist
Isa.44.20,67,70,67,71,daß,dass,orthography:wordlist
Isa.44.23,26,32,26,34,Jehova,der HERR,name:subject-before-finite-verb
Isa.44.23,156,162,158,166,Jehova,der HERR,name:subject-before-finite-verb
Isa.44.24,11,17,11,15,Jehova,HERR,name:direct-address-pronoun
Isa.44.24,87,93,85,93,Jehova,der HERR,name:first-person-apposition
Isa.45.1,11,17,11,19,Jehova,der HERR,name:subject-after-speech-verb
Isa.45.3,76,79,76,80,daß,dass,orthography:wordlist
Isa.45.3,92,95,93,97,daß,dass,orthography:wordlist
Isa.45.3,100,106,102,106,Jehova,HERR,name:unresolved-case
Isa.45.5,8,14,8,16,Jehova,der HERR,name:predicate-name
Isa.45.6,4,7,4,8,daß,dass,orthography:wordlist
Isa.45.6,74,77,75,79,daß,dass,orthography:wordlist
Isa.45.6,114,120,116,124,Jehova,der HERR,name:predicate-name
Isa.45.7,105,111,105,113,Jehova,der HERR,name:first-person-apposition
Isa.45.8,192,198,192,200,Jehova,der HERR,name:first-person-apposition
Isa.45.10,66,69,66,69,zum,zur,grammar:Frau-determiner
Isa.45.10,70,75,70,74,Weibe,Frau,word:Weib-Frau
Isa.45.11,11,17,11,19,Jehova,der HERR,name:subject-after-speech-verb
Isa.45.13,196,202,196,204,Jehova,der HERR,name:subject-after-speech-verb
Isa.45.14,11,17,11,19,Jehova,der HERR,name:subject-after-speech-verb
Isa.45.17,37,43,37,46,Jehova,den HERRN,name:accusative-preposition
Isa.45.18,16,22,16,24,Jehova,der HERR,name:subject-after-speech-verb
Isa.45.18,233,239,235,243,Jehova,der HERR,name:predicate-name
Isa.45.19,158,164,158,166,Jehova,der HERR,name:predicate-name
Isa.45.21,152,158,152,160,Jehova,der HERR,name:first-person-apposition
Isa.45.23,141,144,141,145,daß,dass,orthography:wordlist
Isa.45.24,7,13,7,16,Jehova,dem HERRN,name:dative-in-Lord
Isa.45.25,3,9,3,12,Jehova,dem HERRN,name:dative-in-Lord
Isa.46.5,75,78,75,79,daß,dass,orthography:wordlist
Isa.46.6,102,105,102,106,daß,dass,orthography:wordlist
Isa.46.9,56,59,56,60,daß,dass,orthography:wordlist
Isa.46.9,98,101,99,103,daß,dass,orthography:wordlist
Isa.46.10,118,127,118,128,Ratschluß,Ratschluss,orthography:wordlist
Isa.47.4,16,22,16,20,Jehova,HERR,name:unresolved-case
Isa.47.7,76,79,76,80,daß,dass,orthography:wordlist
Isa.48.1,157,164,157,166,Jehovas,des HERRN,name:genitive
Isa.48.2,94,100,94,98,Jehova,HERR,name:unresolved-case
Isa.48.4,9,14,9,15,wußte,wusste,orthography:wordlist
Isa.48.4,16,19,17,21,daß,dass,orthography:wordlist
Isa.48.4,40,43,42,46,daß,dass,orthography:wordlist
Isa.48.6,161,167,161,168,gewußt,gewusst,orthography:wordlist
Isa.48.7,148,154,148,155,gewußt,gewusst,orthography:wordlist
Isa.48.8,39,45,39,46,gewußt,gewusst,orthography:wordlist
Isa.48.8,100,105,101,107,wußte,wusste,orthography:wordlist
Isa.48.8,108,111,110,114,daß,dass,orthography:wordlist
Isa.48.8,138,141,141,145,daß,dass,orthography:wordlist
Isa.48.14,92,98,92,97,Jehova,HERRN,name:existing-oblique-article
Isa.48.16,156,162,156,160,Jehova,HERR,name:unresolved-case
Isa.48.17,11,17,11,15,Jehova,HERR,name:direct-address-pronoun
Isa.48.17,65,71,63,67,Jehova,HERR,name:direct-address-pronoun
Isa.48.18,2,5,2,6,daß,dass,orthography:wordlist
Isa.48.19,57,67,57,68,Sprößlinge,Sprösslinge,orthography:wordlist
Isa.48.20,70,74,70,75,laßt,lasst,orthography:wordlist
Isa.48.20,144,150,145,153,Jehova,der HERR,name:subject-before-finite-verb
Isa.48.22,38,44,38,46,Jehova,der HERR,name:subject-after-speech-verb
Isa.49.1,80,86,80,88,Jehova,Der HERR,name:subject-before-finite-verb
Isa.49.4,126,132,126,135,Jehova,dem HERRN,name:dative-preposition
Isa.49.5,27,33,27,35,Jehova,der HERR,name:subject-after-speech-verb
Isa.49.5,209,216,211,220,Jehovas,des HERRN,name:genitive
Isa.49.6,36,39,36,40,daß,dass,orthography:wordlist
Isa.49.7,12,18,12,20,Jehova,der HERR,name:subject-after-speech-verb
Isa.49.7,240,247,242,251,Jehovas,des HERRN,name:genitive
Isa.49.8,11,17,11,19,Jehova,der HERR,name:subject-after-speech-verb
Isa.49.13,89,95,89,97,Jehova,der HERR,name:subject-before-finite-verb
Isa.49.14,18,24,18,26,Jehova,der HERR,name:subject-before-finite-verb
Isa.49.15,12,15,12,16,ein,eine,grammar:Frau-determiner
Isa.49.15,16,20,17,21,Weib,Frau,word:Weib-Frau
Isa.49.15,50,53,51,55,daß,dass,orthography:wordlist
Isa.49.18,108,114,108,112,Jehova,HERR,name:direct-address-pronoun
Isa.49.20,118,121,118,122,daß,dass,orthography:wordlist
Isa.49.22,23,29,23,27,Jehova,HERR,name:unresolved-case
Isa.49.23,199,202,199,203,daß,dass,orthography:wordlist
Isa.49.23,207,213,208,212,Jehova,HERR,name:unresolved-case
Isa.49.25,15,21,15,23,Jehova,der HERR,name:subject-after-speech-verb
Isa.49.26,165,168,165,169,daß,dass,orthography:wordlist
Isa.49.26,174,180,175,183,Jehova,der HERR,name:first-person-apposition
Isa.50.1,11,17,11,19,Jehova,der HERR,name:subject-after-speech-verb
Isa.50.4,11,17,11,19,Jehova,der HERR,name:subject-before-finite-verb
Isa.50.5,11,17,11,19,Jehova,der HERR,name:subject-before-finite-verb
Isa.50.7,16,22,16,24,Jehova,der HERR,name:subject-before-finite-verb
Isa.50.7,141,146,143,149,wußte,wusste,orthography:wordlist
Isa.50.7,149,152,152,156,daß,dass,orthography:wordlist
Isa.50.8,78,82,78,83,Laßt,Lasst,orthography:wordlist
Isa.50.9,18,24,18,26,Jehova,der HERR,name:subject-before-finite-verb
Isa.50.10,25,31,25,34,Jehova,den HERRN,name:accusative-verb
Isa.50.10,161,168,164,173,Jehovas,des HERRN,name:genitive
Isa.51.1,73,79,73,77,Jehova,HERR,name:unresolved-case
Isa.51.3,5,11,5,9,Jehova,HERR,name:unresolved-case
Isa.51.3,131,138,129,138,Jehovas,des HERRN,name:genitive
Isa.51.9,55,62,55,64,Jehovas,des HERRN,name:genitive
Isa.51.11,18,25,18,27,Jehovas,des HERRN,name:genitive
Isa.51.12,51,54,51,55,daß,dass,orthography:wordlist
Isa.51.13,4,7,4,8,daß,dass,orthography:wordlist
Isa.51.13,11,17,12,16,Jehova,HERR,name:direct-address
Isa.51.15,13,19,13,17,Jehova,HERR,name:direct-address-pronoun
Isa.51.15,82,88,80,84,Jehova,HERR,name:unresolved-case
Isa.51.17,63,70,63,72,Jehovas,des HERRN,name:genitive
Isa.51.20,133,140,133,142,Jehovas,des HERRN,name:genitive
Isa.51.22,11,17,11,15,Jehova,HERR,name:direct-address-pronoun
Isa.51.23,102,105,102,106,daß,dass,orthography:wordlist
Isa.52.3,16,22,16,24,Jehova,der HERR,name:subject-after-speech-verb
Isa.52.4,28,34,28,32,Jehova,HERR,name:unresolved-case
Isa.52.5,48,54,48,56,Jehova,der HERR,name:subject-after-speech-verb
Isa.52.5,137,143,139,147,Jehova,der HERR,name:subject-after-speech-verb
Isa.52.6,82,85,82,86,daß,dass,orthography:wordlist
Isa.52.8,120,126,120,124,Jehova,HERR,name:unresolved-case
Isa.52.9,72,78,72,80,Jehova,der HERR,name:subject-before-finite-verb
Isa.52.10,9,15,9,17,Jehova,Der HERR,name:subject-before-finite-verb
Isa.52.11,149,156,149,158,Jehovas,des HERRN,name:genitive
Isa.52.12,78,84,78,82,Jehova,HERR,name:unresolved-case
Isa.53.1,61,68,61,70,Jehovas,des HERRN,name:genitive
Isa.53.2,61,72,61,73,Wurzelsproß,Wurzelspross,orthography:wordlist
Isa.53.2,188,191,189,193,daß,dass,orthography:wordlist
Isa.53.6,93,99,93,101,Jehova,der HERR,name:subject-before-finite-verb
Isa.53.7,19,29,19,30,mißhandelt,misshandelt,orthography:wordlist
Isa.53.10,5,11,5,9,Jehova,HERR,name:unresolved-case
Isa.53.10,208,215,206,215,Jehovas,des HERRN,name:genitive
Isa.53.12,101,104,101,105,daß,dass,orthography:wordlist
Isa.54.1,191,197,191,199,Jehova,der HERR,name:subject-after-speech-verb
Isa.54.5,44,50,44,48,Jehova,HERR,name:unresolved-case
Isa.54.6,40,49,40,48,betrübtes,betrübte,grammar:Frau-adjective
Isa.54.6,50,54,49,53,Weib,Frau,word:Weib-Frau
Isa.54.6,66,72,65,69,Jehova,HERR,name:unresolved-case
Isa.54.6,83,86,80,84,ein,eine,grammar:Frau-determiner
Isa.54.6,87,91,85,89,Weib,Frau,word:Weib-Frau
Isa.54.8,3,14,3,15,Zorneserguß,Zorneserguss,orthography:wordlist
Isa.54.8,142,148,143,147,Jehova,HERR,name:direct-address-pronoun
Isa.54.9,66,69,66,70,daß,dass,orthography:wordlist
Isa.54.9,154,157,155,159,daß,dass,orthography:wordlist
Isa.54.10,143,149,143,147,Jehova,HERR,name:direct-address-pronoun
Isa.54.13,34,40,34,43,Jehova,dem HERRN,name:dative-preposition
Isa.54.17,184,191,184,193,Jehovas,des HERRN,name:genitive
Isa.54.17,239,245,241,249,Jehova,der HERR,name:subject-after-speech-verb
Isa.55.5,128,135,128,137,Jehovas,des HERRN,name:genitive
Isa.55.6,25,31,25,34,Jehova,den HERRN,name:accusative-verb
Isa.55.6,58,62,61,66,läßt,lässt,orthography:wordlist
Isa.55.7,99,105,99,108,Jehova,dem HERRN,name:dative-preposition
Isa.55.8,95,101,95,103,Jehova,der HERR,name:subject-after-speech-verb
Isa.55.13,122,128,122,130,Jehova,der HERR,name:subject-after-auxiliary
Isa.56.1,11,17,11,19,Jehova,der HERR,name:subject-after-speech-verb
Isa.56.2,97,104,97,103,Sabbath,Sabbat,orthography:wordlist
Isa.56.2,112,115,111,115,daß,dass,orthography:wordlist
Isa.56.3,46,52,46,50,Jehova,HERR,name:unresolved-case
Isa.56.3,99,105,97,105,Jehova,der HERR,name:subject-before-finite-verb
Isa.56.4,16,22,16,24,Jehova,der HERR,name:subject-after-speech-verb
Isa.56.4,59,67,61,68,Sabbathe,Sabbate,orthography:wordlist
Isa.56.6,47,53,47,51,Jehova,HERR,name:unresolved-case
Isa.56.6,109,116,107,116,Jehovas,des HERRN,name:genitive
Isa.56.6,177,184,177,183,Sabbath,Sabbat,orthography:wordlist
Isa.56.6,191,194,190,194,daß,dass,orthography:wordlist
Isa.56.8,23,29,23,27,Jehova,HERR,name:unresolved-case
Isa.56.12,50,54,50,55,laßt,lasst,orthography:wordlist
Isa.57.1,103,106,103,107,daß,dass,orthography:wordlist
Isa.57.1,127,130,128,132,daß,dass,orthography:wordlist
Isa.57.11,51,54,51,55,daß,dass,orthography:wordlist
Isa.57.19,43,49,43,51,Jehova,der HERR,name:subject-after-speech-verb
Isa.58.5,239,245,239,244,Jehova,HERRN,name:existing-oblique-article
Isa.58.6,57,60,57,61,daß,dass,orthography:wordlist
Isa.58.6,98,101,99,103,daß,dass,orthography:wordlist
Isa.58.6,189,192,191,195,daß,dass,orthography:wordlist
Isa.58.7,67,70,67,71,daß,dass,orthography:wordlist
Isa.58.7,140,143,141,145,daß,dass,orthography:wordlist
Isa.58.8,167,174,167,176,Jehovas,des HERRN,name:genitive
Isa.58.9,27,33,27,35,Jehova,der HERR,name:subject-before-finite-verb
Isa.58.11,19,25,19,27,Jehova,der HERR,name:subject-after-auxiliary
Isa.58.13,25,32,25,31,Sabbath,Sabbat,orthography:wordlist
Isa.58.13,47,50,46,50,daß,dass,orthography:wordlist
Isa.58.13,116,123,116,122,Sabbath,Sabbat,orthography:wordlist
Isa.58.13,159,166,158,167,Jehovas,des HERRN,name:genitive
Isa.58.13,214,217,215,219,daß,dass,orthography:wordlist
Isa.58.14,23,29,23,27,Jehova,HERR,name:unresolved-case
Isa.58.14,187,194,185,194,Jehovas,des HERRN,name:genitive
Isa.59.1,26,33,26,35,Jehovas,des HERRN,name:genitive
Isa.59.2,144,147,144,148,daß,dass,orthography:wordlist
Isa.59.5,100,103,100,104,ißt,isst,orthography:wordlist
Isa.59.5,106,109,107,111,muß,muss,orthography:wordlist
Isa.59.12,128,134,128,135,bewußt,bewusst,orthography:wordlist
Isa.59.13,13,19,13,22,Jehova,dem HERRN,name:dative-preposition
Isa.59.14,171,177,171,178,Einlaß,Einlass,orthography:wordlist
Isa.59.15,23,30,23,31,vermißt,vermisst,orthography:wordlist
Isa.59.15,92,98,93,101,Jehova,der HERR,name:subject-before-finite-verb
Isa.59.15,142,145,145,149,daß,dass,orthography:wordlist
Isa.59.16,13,16,13,17,daß,dass,orthography:wordlist
Isa.59.16,52,55,53,57,daß,dass,orthography:wordlist
Isa.59.19,25,32,25,34,Jehovas,des HERRN,name:genitive
Isa.59.19,172,179,174,183,Jehovas,des HERRN,name:genitive
Isa.59.20,109,115,109,117,Jehova,der HERR,name:subject-after-speech-verb
Isa.59.21,47,53,47,55,Jehova,der HERR,name:subject-after-speech-verb
Isa.59.21,286,292,288,296,Jehova,der HERR,name:subject-after-speech-verb
Isa.60.1,73,80,73,82,Jehovas,des HERRN,name:genitive
Isa.60.2,97,103,97,101,Jehova,HERR,name:unresolved-case
Isa.60.6,169,176,169,178,Jehovas,des HERRN,name:genitive
Isa.60.9,171,178,171,180,Jehovas,des HERRN,name:genitive
Isa.60.12,117,126,117,127,gewißlich,gewisslich,orthography:wordlist
Isa.60.14,173,180,173,182,Jehovas,des HERRN,name:genitive
Isa.60.15,16,19,16,20,daß,dass,orthography:wordlist
Isa.60.15,44,50,45,52,gehaßt,gehasst,orthography:wordlist
Isa.60.16,109,112,109,113,daß,dass,orthography:wordlist
Isa.60.16,118,124,119,127,Jehova,der HERR,name:first-person-apposition
Isa.60.19,109,115,109,117,Jehova,der HERR,name:subject-before-finite-verb
Isa.60.20,93,99,93,101,Jehova,der HERR,name:subject-before-finite-verb
Isa.60.21,94,99,94,100,Sproß,Spross,orthography:wordlist
Isa.60.22,96,102,96,104,Jehova,der HERR,name:first-person-apposition
Isa.61.1,23,30,23,32,Jehovas,des HERRN,name:genitive
Isa.61.1,50,56,52,60,Jehova,der HERR,name:subject-subordinate-clause
Isa.61.2,39,46,39,48,Jehovas,des HERRN,name:genitive
Isa.61.3,232,239,232,241,Jehovas,des HERRN,name:genitive
Isa.61.6,40,47,40,49,Jehovas,des HERRN,name:genitive
Isa.61.8,10,16,10,18,Jehova,der HERR,name:first-person-apposition
Isa.61.9,64,74,64,75,Sprößlinge,Sprösslinge,orthography:wordlist
Isa.61.9,140,143,141,145,daß,dass,orthography:wordlist
Isa.61.9,168,174,170,175,Jehova,HERRN,name:existing-oblique-article
Isa.61.10,26,32,26,35,Jehova,dem HERRN,name:dative-in-Lord
Isa.61.11,24,31,24,32,Gesproß,Gespross,orthography:wordlist
Isa.61.11,92,96,93,98,läßt,lässt,orthography:wordlist
Isa.61.11,119,125,121,125,Jehova,HERR,name:unresolved-case
Isa.62.2,161,168,161,170,Jehovas,des HERRN,name:genitive
Isa.62.3,54,61,54,63,Jehovas,des HERRN,name:genitive
Isa.62.4,178,184,178,186,Jehova,der HERR,name:subject-before-finite-verb
Isa.62.6,151,157,151,155,Jehova,HERR,name:unresolved-case
Isa.62.7,14,18,14,19,laßt,lasst,orthography:wordlist
Isa.62.8,9,15,9,17,Jehova,Der HERR,name:subject-before-finite-verb
Isa.62.9,49,55,49,58,Jehova,den HERRN,name:object-before-infinitive
Isa.62.11,7,13,7,15,Jehova,der HERR,name:subject-before-finite-verb
Isa.62.12,58,65,58,67,Jehovas,des HERRN,name:genitive
Isa.63.7,35,42,35,44,Jehovas,des HERRN,name:genitive
Isa.63.7,70,77,72,81,Jehovas,des HERRN,name:genitive
Isa.63.7,95,101,99,107,Jehova,der HERR,name:subject-subordinate-clause
Isa.63.13,77,80,77,81,daß,dass,orthography:wordlist
Isa.63.14,68,75,68,77,Jehovas,des HERRN,name:genitive
Isa.63.16,104,110,104,108,Jehova,HERR,name:direct-address
Isa.63.17,7,13,7,15,Jehova,der HERR,name:subject-before-finite-verb
Isa.63.17,16,20,18,23,läßt,lässt,orthography:wordlist
Isa.63.17,79,82,82,86,daß,dass,orthography:wordlist
Isa.64.1,4,7,4,8,daß,dass,orthography:wordlist
Isa.64.1,54,57,55,59,daß,dass,orthography:wordlist
Isa.64.3,68,71,68,72,daß,dass,orthography:wordlist
Isa.64.3,93,96,94,98,daß,dass,orthography:wordlist
Isa.64.5,202,205,202,206,laß,lass,orthography:wordlist
Isa.64.8,10,16,10,14,Jehova,HERR,name:direct-address-pronoun
Isa.64.9,9,15,9,13,Jehova,HERR,name:direct-address-following-imperative
Isa.64.11,155,161,155,159,Jehova,HERR,name:direct-address
Isa.65.4,93,96,93,97,ißt,isst,orthography:wordlist
Isa.65.7,111,117,111,119,Jehova,der HERR,name:subject-after-speech-verb
Isa.65.8,11,17,11,19,Jehova,der HERR,name:subject-after-speech-verb
Isa.65.8,174,177,176,180,daß,dass,orthography:wordlist
Isa.65.11,28,34,28,32,Jehova,HERR,name:unresolved-case
Isa.65.13,26,32,26,30,Jehova,HERR,name:unresolved-case
Isa.65.15,93,99,93,101,Jehova,der HERR,name:subject-before-finite-verb
Isa.65.16,3,6,3,7,daß,dass,orthography:wordlist
Isa.65.23,130,137,130,139,Jehovas,des HERRN,name:genitive
Isa.65.23,149,159,151,162,Sprößlinge,Sprösslinge,orthography:wordlist
Isa.65.25,258,264,258,266,Jehova,der HERR,name:subject-after-speech-verb
Isa.66.1,11,17,11,19,Jehova,der HERR,name:subject-after-speech-verb
Isa.66.2,83,89,83,91,Jehova,der HERR,name:subject-after-speech-verb
Isa.66.4,23,35,23,36,Mißgeschicke,Missgeschicke,orthography:wordlist
Isa.66.5,26,33,26,35,Jehovas,des HERRN,name:genitive
Isa.66.5,158,164,160,164,Jehova,HERR,name:unresolved-case
Isa.66.5,189,192,189,193,daß,dass,orthography:wordlist
Isa.66.6,83,90,83,92,Jehovas,des HERRN,name:genitive
Isa.66.9,71,77,71,79,Jehova,der HERR,name:subject-after-speech-verb
Isa.66.9,110,114,112,117,läßt,lässt,orthography:wordlist
Isa.66.11,4,7,4,8,daß,dass,orthography:wordlist
Isa.66.11,74,77,75,79,daß,dass,orthography:wordlist
Isa.66.12,16,22,16,24,Jehova,der HERR,name:subject-after-speech-verb
Isa.66.14,127,134,127,136,Jehovas,des HERRN,name:genitive
Isa.66.15,12,18,12,20,Jehova,der HERR,name:subject-before-finite-verb
Isa.66.16,47,53,47,55,Jehova,der HERR,name:subject-after-auxiliary
Isa.66.16,109,116,111,120,Jehovas,des HERRN,name:genitive
Isa.66.17,116,122,116,122,Greuel,Gräuel,orthography:wordlist
Isa.66.17,183,189,183,191,Jehova,der HERR,name:subject-after-speech-verb
Isa.66.20,80,86,80,89,Jehova,den HERRN,name:accusative-preposition
Isa.66.20,237,243,240,248,Jehova,der HERR,name:subject-after-speech-verb
Isa.66.20,324,331,329,338,Jehovas,des HERRN,name:genitive
Isa.66.21,75,81,75,83,Jehova,der HERR,name:subject-after-speech-verb
Isa.66.22,95,101,95,103,Jehova,der HERR,name:subject-after-speech-verb
Isa.66.23,66,73,66,72,Sabbath,Sabbat,orthography:wordlist
Isa.66.23,77,84,76,82,Sabbath,Sabbat,orthography:wordlist
Isa.66.23,144,150,142,150,Jehova,der HERR,name:subject-after-speech-verb
Jer.1.2,20,27,20,29,Jehovas,des HERRN,name:genitive
Jer.1.4,23,30,23,32,Jehovas,des HERRN,name:genitive
Jer.1.6,30,36,30,34,Jehova,HERR,name:unresolved-case
Jer.1.7,10,16,10,18,Jehova,der HERR,name:subject-after-speech-verb
Jer.1.8,92,98,92,100,Jehova,der HERR,name:subject-after-speech-verb
Jer.1.9,4,10,4,8,Jehova,HERR,name:unresolved-case
Jer.1.9,70,76,68,76,Jehova,der HERR,name:subject-before-finite-verb
Jer.1.11,13,20,13,22,Jehovas,des HERRN,name:genitive
Jer.1.12,4,10,4,12,Jehova,der HERR,name:subject-before-finite-verb
Jer.1.13,23,30,23,32,Jehovas,des HERRN,name:genitive
Jer.1.14,22,28,22,30,Jehova,der HERR,name:subject-before-finite-verb
Jer.1.15,81,87,81,89,Jehova,der HERR,name:subject-after-speech-verb
Jer.1.15,90,93,92,96,daß,dass,orthography:wordlist
Jer.1.16,75,78,75,79,daß,dass,orthography:wordlist
Jer.1.19,99,105,99,107,Jehova,der HERR,name:subject-after-speech-verb
Jer.2.1,23,30,23,32,Jehovas,des HERRN,name:genitive
Jer.2.2,64,70,64,72,Jehova,der HERR,name:subject-after-speech-verb
Jer.2.3,33,39,33,38,Jehova,HERRN,name:existing-oblique-article
Jer.2.3,159,165,158,166,Jehova,der HERR,name:subject-after-speech-verb
Jer.2.4,25,32,25,34,Jehovas,des HERRN,name:genitive
Jer.2.5,11,17,11,19,Jehova,der HERR,name:subject-after-speech-verb
Jer.2.5,71,74,73,77,daß,dass,orthography:wordlist
Jer.2.6,32,38,32,40,Jehova,der HERR,name:subject-after-auxiliary
Jer.2.7,192,198,192,198,Greuel,Gräuel,orthography:wordlist
Jer.2.8,37,43,37,45,Jehova,der HERR,name:subject-after-auxiliary
Jer.2.9,50,56,50,58,Jehova,der HERR,name:subject-after-speech-verb
Jer.2.12,75,81,75,83,Jehova,der HERR,name:subject-after-speech-verb
Jer.2.15,149,152,149,153,daß,dass,orthography:wordlist
Jer.2.17,29,36,29,38,Jehovas,des HERRN,name:genitive
Jer.2.19,92,95,92,96,daß,dass,orthography:wordlist
Jer.2.19,124,127,125,129,daß,dass,orthography:wordlist
Jer.2.19,131,137,133,137,Jehova,HERR,name:direct-address
Jer.2.19,169,172,169,173,daß,dass,orthography:wordlist
Jer.2.19,227,233,228,232,Jehova,HERR,name:unresolved-case
Jer.2.22,138,144,138,142,Jehova,HERR,name:terminal-direct-address
Jer.2.29,75,81,75,83,Jehova,der HERR,name:subject-after-speech-verb
Jer.2.31,46,53,46,55,Jehovas,des HERRN,name:genitive
Jer.2.32,9,16,9,17,Vergißt,Vergisst,orthography:wordlist
Jer.2.37,78,84,78,86,Jehova,der HERR,name:subject-before-finite-verb
Jer.3.1,46,50,46,51,sein,seine,grammar:Frau-determiner
Jer.3.1,51,55,52,56,Weib,Frau,word:Weib-Frau
Jer.3.1,57,64,58,66,entläßt,entlässt,orthography:wordlist
Jer.3.1,296,302,298,306,Jehova,der HERR,name:subject-after-speech-verb
Jer.3.6,4,10,4,12,Jehova,der HERR,name:subject-before-finite-verb
Jer.3.8,14,17,14,18,daß,dass,orthography:wordlist
Jer.3.8,33,36,34,38,daß,dass,orthography:wordlist
Jer.3.10,152,158,152,160,Jehova,der HERR,name:subject-after-speech-verb
Jer.3.11,4,10,4,12,Jehova,der HERR,name:subject-before-finite-verb
Jer.3.12,102,108,102,110,Jehova,der HERR,name:subject-after-speech-verb
Jer.3.12,182,188,184,192,Jehova,der HERR,name:subject-after-speech-verb
Jer.3.13,29,32,29,33,daß,dass,orthography:wordlist
Jer.3.13,40,46,41,50,Jehova,dem HERRN,name:dative-preposition
Jer.3.13,204,210,208,216,Jehova,der HERR,name:subject-after-speech-verb
Jer.3.14,45,51,45,53,Jehova,der HERR,name:subject-after-speech-verb
Jer.3.16,110,116,110,118,Jehova,der HERR,name:subject-after-speech-verb
Jer.3.16,167,174,169,178,Jehovas,des HERRN,name:genitive
Jer.3.17,45,52,45,54,Jehovas,des HERRN,name:genitive
Jer.3.17,129,136,131,140,Jehovas,des HERRN,name:genitive
Jer.3.20,14,17,14,18,ein,eine,grammar:Frau-determiner
Jer.3.20,18,22,19,23,Weib,Frau,word:Weib-Frau
Jer.3.20,46,53,47,55,verläßt,verlässt,orthography:wordlist
Jer.3.20,119,125,121,129,Jehova,der HERR,name:subject-after-speech-verb
Jer.3.21,123,130,123,132,Jehovas,des HERRN,name:genitive
Jer.3.22,124,130,124,132,Jehova,der HERR,name:predicate-name
Jer.3.23,95,101,95,104,Jehova,dem HERRN,name:dative-in-Lord
Jer.3.25,97,103,97,106,Jehova,den HERRN,name:accusative-preposition
Jer.3.25,237,244,240,249,Jehovas,des HERRN,name:genitive
Jer.4.1,36,42,36,44,Jehova,der HERR,name:subject-after-speech-verb
Jer.4.2,8,14,8,16,Jehova,der HERR,name:subject-before-finite-verb
Jer.4.3,16,22,16,24,Jehova,der HERR,name:subject-after-speech-verb
Jer.4.4,31,37,31,40,Jehova,den HERRN,name:accusative-preposition
Jer.4.5,61,65,61,66,laßt,lasst,orthography:wordlist
Jer.4.5,201,205,202,207,laßt,lasst,orthography:wordlist
Jer.4.7,159,162,159,163,daß,dass,orthography:wordlist
Jer.4.8,78,85,78,87,Jehovas,des HERRN,name:genitive
Jer.4.9,46,52,46,54,Jehova,der HERR,name:subject-after-speech-verb
Jer.4.10,29,35,29,33,Jehova,HERR,name:unresolved-case
Jer.4.17,108,114,108,116,Jehova,der HERR,name:subject-after-speech-verb
Jer.4.26,100,106,100,109,Jehova,dem HERRN,name:presence-before-Lord
Jer.4.27,16,22,16,24,Jehova,der HERR,name:subject-after-speech-verb
Jer.5.2,32,38,32,40,Jehova,der HERR,name:subject-before-finite-verb
Jer.5.3,9,15,9,13,Jehova,HERR,name:unresolved-case
Jer.5.4,72,79,72,81,Jehovas,des HERRN,name:genitive
Jer.5.5,81,88,81,90,Jehovas,des HERRN,name:genitive
Jer.5.8,90,95,90,94,Weibe,Frau,word:Weib-Frau
Jer.5.9,46,52,46,54,Jehova,der HERR,name:subject-after-speech-verb
Jer.5.10,117,124,117,126,Jehovas,des HERRN,name:genitive
Jer.5.11,89,95,89,97,Jehova,der HERR,name:subject-after-speech-verb
Jer.5.12,10,16,10,14,Jehova,HERR,name:unresolved-case
Jer.5.14,18,24,18,26,Jehova,der HERR,name:subject-after-speech-verb
Jer.5.15,80,86,80,88,Jehova,der HERR,name:subject-after-speech-verb
Jer.5.18,38,44,38,46,Jehova,der HERR,name:subject-after-speech-verb
Jer.5.19,59,65,59,67,Jehova,der HERR,name:subject-after-auxiliary
Jer.5.20,37,41,37,42,laßt,lasst,orthography:wordlist
Jer.5.22,40,46,40,48,Jehova,der HERR,name:subject-after-speech-verb
Jer.5.24,69,73,69,74,Laßt,Lasst,orthography:wordlist
Jer.5.24,83,89,84,93,Jehova,den HERRN,name:accusative-apposition
Jer.5.28,146,149,146,150,daß,dass,orthography:wordlist
Jer.5.29,46,52,46,54,Jehova,der HERR,name:subject-after-speech-verb
Jer.6.4,56,60,56,61,laßt,lasst,orthography:wordlist
Jer.6.5,21,25,21,26,laßt,lasst,orthography:wordlist
Jer.6.6,12,18,12,20,Jehova,der HERR,name:subject-after-auxiliary
Jer.6.7,38,42,38,43,läßt,lässt,orthography:wordlist
Jer.6.7,47,51,48,53,läßt,lässt,orthography:wordlist
Jer.6.8,0,3,0,4,Laß,Lass,orthography:wordlist
Jer.6.9,11,17,11,19,Jehova,der HERR,name:subject-after-speech-verb
Jer.6.10,48,51,48,52,daß,dass,orthography:wordlist
Jer.6.10,149,156,150,159,Jehovas,des HERRN,name:genitive
Jer.6.11,30,37,30,39,Jehovas,des HERRN,name:genitive
Jer.6.11,181,185,183,187,Weib,Frau,word:Weib-Frau
Jer.6.12,61,67,61,67,Weiber,Frauen,word:Weib-Frau
Jer.6.12,153,159,153,161,Jehova,der HERR,name:subject-after-speech-verb
Jer.6.15,39,45,39,45,Greuel,Gräuel,orthography:wordlist
Jer.6.15,250,256,250,258,Jehova,der HERR,name:subject-after-speech-verb
Jer.6.16,11,17,11,19,Jehova,der HERR,name:subject-after-speech-verb
Jer.6.21,18,24,18,26,Jehova,der HERR,name:subject-after-speech-verb
Jer.6.21,67,70,69,73,daß,dass,orthography:wordlist
Jer.6.21,111,114,114,118,daß,dass,orthography:wordlist
Jer.6.22,11,17,11,19,Jehova,der HERR,name:subject-after-speech-verb
Jer.6.30,41,47,41,49,Jehova,der HERR,name:subject-before-finite-verb
Jer.7.1,30,37,30,39,Jehovas,des HERRN,name:genitive
Jer.7.2,47,54,47,56,Jehovas,des HERRN,name:genitive
Jer.7.2,122,129,124,133,Jehovas,des HERRN,name:genitive
Jer.7.2,183,189,187,196,Jehova,den HERRN,name:accusative-preposition
Jer.7.3,11,17,11,19,Jehova,der HERR,name:subject-after-speech-verb
Jer.7.4,78,85,78,87,Jehovas,des HERRN,name:genitive
Jer.7.4,99,106,101,110,Jehovas,des HERRN,name:genitive
Jer.7.4,120,127,124,133,Jehovas,des HERRN,name:genitive
Jer.7.10,177,183,177,183,Greuel,Gräuel,orthography:wordlist
Jer.7.11,155,161,155,163,Jehova,der HERR,name:subject-after-speech-verb
Jer.7.13,57,63,57,65,Jehova,der HERR,name:subject-after-speech-verb
Jer.7.18,74,80,74,80,Weiber,Frauen,word:Weib-Frau
Jer.7.19,27,33,27,35,Jehova,der HERR,name:subject-after-speech-verb
Jer.7.20,25,31,25,29,Jehova,HERR,name:unresolved-case
Jer.7.21,11,17,11,19,Jehova,der HERR,name:subject-after-speech-verb
Jer.7.23,208,211,208,212,daß,dass,orthography:wordlist
Jer.7.28,70,77,70,79,Jehovas,des HERRN,name:genitive
Jer.7.29,99,105,99,107,Jehova,der HERR,name:subject-before-finite-verb
Jer.7.30,76,82,76,84,Jehova,der HERR,name:subject-after-speech-verb
Jer.7.32,35,41,35,43,Jehova,der HERR,name:subject-after-speech-verb
Jer.8.1,34,40,34,42,Jehova,der HERR,name:subject-after-speech-verb
Jer.8.3,202,208,202,210,Jehova,der HERR,name:subject-after-speech-verb
Jer.8.4,33,39,33,41,Jehova,der HERR,name:subject-after-speech-verb
Jer.8.6,216,219,216,220,Roß,Ross,orthography:wordlist
Jer.8.7,174,181,174,183,Jehovas,des HERRN,name:genitive
Jer.8.8,64,71,64,73,Jehovas,des HERRN,name:genitive
Jer.8.9,75,82,75,84,Jehovas,des HERRN,name:genitive
Jer.8.10,21,27,21,27,Weiber,Frauen,word:Weib-Frau
Jer.8.12,39,45,39,45,Greuel,Gräuel,orthography:wordlist
Jer.8.12,238,244,238,246,Jehova,der HERR,name:subject-after-speech-verb
Jer.8.13,34,40,34,42,Jehova,der HERR,name:subject-after-speech-verb
Jer.8.14,48,52,48,53,laßt,lasst,orthography:wordlist
Jer.8.14,112,118,113,117,Jehova,HERR,name:unresolved-case
Jer.8.14,220,226,219,228,Jehova,den HERRN,name:accusative-preposition
Jer.8.17,137,143,137,145,Jehova,der HERR,name:subject-after-speech-verb
Jer.8.19,92,98,92,100,Jehova,der HERR,name:subject-after-auxiliary
Jer.8.23,2,5,2,6,daß,dass,orthography:wordlist
Jer.9.1,2,5,2,6,daß,dass,orthography:wordlist
Jer.9.2,186,192,186,194,Jehova,der HERR,name:subject-after-speech-verb
Jer.9.5,94,100,94,102,Jehova,der HERR,name:subject-after-speech-verb
Jer.9.6,18,24,18,26,Jehova,der HERR,name:subject-after-speech-verb
Jer.9.8,55,61,55,63,Jehova,der HERR,name:subject-after-speech-verb
Jer.9.9,150,153,150,154,daß,dass,orthography:wordlist
Jer.9.11,26,29,26,30,daß,dass,orthography:wordlist
Jer.9.11,76,83,77,86,Jehovas,des HERRN,name:genitive
Jer.9.11,94,97,97,101,daß,dass,orthography:wordlist
Jer.9.11,186,189,190,194,daß,dass,orthography:wordlist
Jer.9.12,4,10,4,12,Jehova,der HERR,name:subject-before-finite-verb
Jer.9.14,18,24,18,26,Jehova,der HERR,name:subject-after-speech-verb
Jer.9.16,11,17,11,19,Jehova,der HERR,name:subject-after-speech-verb
Jer.9.16,73,76,75,79,daß,dass,orthography:wordlist
Jer.9.17,0,3,0,4,daß,dass,orthography:wordlist
Jer.9.19,17,23,17,23,Weiber,Frauen,word:Weib-Frau
Jer.9.19,35,42,35,44,Jehovas,des HERRN,name:genitive
Jer.9.21,27,33,27,35,Jehova,der HERR,name:subject-after-speech-verb
Jer.9.22,11,17,11,19,Jehova,der HERR,name:subject-after-speech-verb
Jer.9.23,85,88,85,89,daß,dass,orthography:wordlist
Jer.9.23,93,99,94,98,Jehova,HERR,name:unresolved-case
Jer.9.23,200,206,199,207,Jehova,der HERR,name:subject-after-speech-verb
Jer.9.24,29,35,29,37,Jehova,der HERR,name:subject-after-speech-verb
Jer.10.1,35,41,35,43,Jehova,der HERR,name:subject-subordinate-clause
Jer.10.2,11,17,11,19,Jehova,der HERR,name:subject-after-speech-verb
Jer.10.4,101,104,101,105,daß,dass,orthography:wordlist
Jer.10.6,28,34,28,32,Jehova,HERR,name:unresolved-case
Jer.10.10,5,11,5,13,Jehova,der HERR,name:subject-Lord-God
Jer.10.13,92,96,92,97,läßt,lässt,orthography:wordlist
Jer.10.16,140,146,140,144,Jehova,HERR,name:unresolved-case
Jer.10.18,16,22,16,24,Jehova,der HERR,name:subject-after-speech-verb
Jer.10.21,46,52,46,50,Jehova,HERR,name:unresolved-case
Jer.10.23,11,17,11,15,Jehova,HERR,name:unresolved-case
Jer.10.23,20,23,18,22,daß,dass,orthography:wordlist
Jer.10.24,25,31,25,29,Jehova,HERR,name:unresolved-case
Jer.10.24,76,79,74,78,daß,dass,orthography:wordlist
Jer.11.1,30,37,30,39,Jehovas,des HERRN,name:genitive
Jer.11.3,38,44,38,46,Jehova,der HERR,name:subject-after-speech-verb
Jer.11.5,4,7,4,8,daß,dass,orthography:wordlist
Jer.11.5,207,213,208,212,Jehova,HERR,name:terminal-direct-address
Jer.11.6,4,10,4,12,Jehova,der HERR,name:subject-before-finite-verb
Jer.11.9,4,10,4,12,Jehova,der HERR,name:subject-before-finite-verb
Jer.11.11,18,24,18,26,Jehova,der HERR,name:subject-after-speech-verb
Jer.11.16,62,68,62,70,Jehova,der HERR,name:subject-after-auxiliary
Jer.11.17,4,10,4,8,Jehova,HERR,name:unresolved-case
Jer.11.18,4,10,4,12,Jehova,der HERR,name:subject-before-finite-verb
Jer.11.19,77,82,77,83,wußte,wusste,orthography:wordlist
Jer.11.19,91,94,92,96,daß,dass,orthography:wordlist
Jer.11.19,132,136,134,139,Laßt,Lasst,orthography:wordlist
Jer.11.19,230,233,233,237,daß,dass,orthography:wordlist
Jer.11.20,10,16,10,14,Jehova,HERR,name:direct-address
Jer.11.20,87,90,85,89,laß,lass,orthography:wordlist
Jer.11.21,18,24,18,26,Jehova,der HERR,name:subject-after-speech-verb
Jer.11.21,145,152,147,156,Jehovas,des HERRN,name:genitive
Jer.11.22,18,24,18,26,Jehova,der HERR,name:subject-after-speech-verb
Jer.12.1,28,34,28,32,Jehova,HERR,name:unresolved-case
Jer.12.3,9,15,9,13,Jehova,HERR,name:direct-address-pronoun
Jer.12.8,116,122,116,123,gehaßt,gehasst,orthography:wordlist
Jer.12.9,44,47,44,48,daß,dass,orthography:wordlist
Jer.12.12,87,93,87,96,Jehova,dem HERRN,name:dative-preposition
Jer.12.12,94,99,97,103,frißt,frisst,orthography:wordlist
Jer.12.13,162,169,162,171,Jehovas,des HERRN,name:genitive
Jer.12.14,11,17,11,19,Jehova,der HERR,name:subject-after-speech-verb
Jer.12.16,89,92,89,93,daß,dass,orthography:wordlist
Jer.12.16,133,139,134,142,Jehova,der HERR,name:subject-before-finite-verb
Jer.12.17,101,107,101,109,Jehova,der HERR,name:subject-after-speech-verb
Jer.13.1,7,13,7,15,Jehova,der HERR,name:subject-after-auxiliary
Jer.13.2,44,51,44,53,Jehovas,des HERRN,name:genitive
Jer.13.3,23,30,23,32,Jehovas,des HERRN,name:genitive
Jer.13.5,50,56,50,58,Jehova,der HERR,name:subject-subordinate-clause
Jer.13.6,47,53,47,55,Jehova,der HERR,name:subject-after-speech-verb
Jer.13.8,23,30,23,32,Jehovas,des HERRN,name:genitive
Jer.13.9,11,17,11,19,Jehova,der HERR,name:subject-after-speech-verb
Jer.13.11,162,168,162,170,Jehova,der HERR,name:subject-after-speech-verb
Jer.13.12,46,52,46,54,Jehova,der HERR,name:subject-after-speech-verb
Jer.13.12,167,170,169,173,daß,dass,orthography:wordlist
Jer.13.13,34,40,34,42,Jehova,der HERR,name:subject-after-speech-verb
Jer.13.14,103,109,103,111,Jehova,der HERR,name:subject-after-speech-verb
Jer.13.14,179,182,181,185,daß,dass,orthography:wordlist
Jer.13.15,55,61,55,63,Jehova,der HERR,name:subject-before-finite-verb
Jer.13.16,6,12,6,15,Jehova,dem HERRN,name:dative-give-imperative
Jer.13.17,161,168,161,170,Jehovas,des HERRN,name:genitive
Jer.13.25,60,66,60,68,Jehova,der HERR,name:subject-after-speech-verb
Jer.13.26,69,72,69,73,daß,dass,orthography:wordlist
Jer.13.27,98,104,98,104,Greuel,Gräuel,orthography:wordlist
Jer.14.1,36,43,36,45,Jehovas,des HERRN,name:genitive
Jer.14.5,53,60,53,61,verläßt,verlässt,orthography:wordlist
Jer.14.7,42,48,42,46,Jehova,HERR,name:unresolved-case
Jer.14.9,124,130,124,128,Jehova,HERR,name:unresolved-case
Jer.14.9,174,180,172,179,verlaß,verlass,orthography:wordlist
Jer.14.10,11,17,11,19,Jehova,der HERR,name:subject-after-speech-verb
Jer.14.10,120,126,122,130,Jehova,der HERR,name:subject-before-finite-verb
Jer.14.11,4,10,4,12,Jehova,der HERR,name:subject-before-finite-verb
Jer.14.13,30,36,30,34,Jehova,HERR,name:unresolved-case
Jer.14.14,22,28,22,30,Jehova,der HERR,name:subject-before-finite-verb
Jer.14.15,14,20,14,22,Jehova,der HERR,name:subject-after-speech-verb
Jer.14.16,176,182,176,182,Weiber,Frauen,word:Weib-Frau
Jer.14.19,112,115,112,116,daß,dass,orthography:wordlist
Jer.14.20,9,15,9,13,Jehova,HERR,name:unresolved-case
Jer.14.22,118,124,118,122,Jehova,HERR,name:unresolved-case
Jer.15.1,22,28,22,30,Jehova,der HERR,name:subject-before-finite-verb
Jer.15.1,198,201,200,204,daß,dass,orthography:wordlist
Jer.15.2,102,108,102,110,Jehova,der HERR,name:subject-after-speech-verb
Jer.15.3,58,64,58,66,Jehova,der HERR,name:subject-after-speech-verb
Jer.15.4,21,32,21,33,Mißhandlung,Misshandlung,orthography:wordlist
Jer.15.6,33,39,33,37,Jehova,HERR,name:direct-address-pronoun
Jer.15.9,275,281,275,283,Jehova,der HERR,name:subject-after-speech-verb
Jer.15.10,36,39,36,40,daß,dass,orthography:wordlist
Jer.15.11,9,15,9,17,Jehova,Der HERR,name:subject-before-finite-verb
Jer.15.11,106,109,108,112,daß,dass,orthography:wordlist
Jer.15.15,9,15,9,13,Jehova,HERR,name:direct-address-pronoun
Jer.15.15,166,169,164,168,daß,dass,orthography:wordlist
Jer.15.16,170,176,170,174,Jehova,HERR,name:unresolved-case
Jer.15.19,14,20,14,22,Jehova,der HERR,name:subject-after-speech-verb
Jer.15.19,80,83,82,86,daß,dass,orthography:wordlist
Jer.15.20,230,236,230,238,Jehova,der HERR,name:subject-after-speech-verb
Jer.16.1,23,30,23,32,Jehovas,des HERRN,name:genitive
Jer.16.2,14,18,14,19,kein,keine,grammar:Frau-determiner
Jer.16.2,19,23,20,24,Weib,Frau,word:Weib-Frau
Jer.16.3,16,22,16,24,Jehova,der HERR,name:subject-after-speech-verb
Jer.16.5,16,22,16,24,Jehova,der HERR,name:subject-after-speech-verb
Jer.16.5,197,203,199,207,Jehova,der HERR,name:subject-after-speech-verb
Jer.16.9,16,22,16,24,Jehova,der HERR,name:subject-after-speech-verb
Jer.16.10,117,123,117,125,Jehova,der HERR,name:subject-after-auxiliary
Jer.16.10,235,241,237,246,Jehova,den HERRN,name:accusative-preposition
Jer.16.11,40,43,40,44,daß,dass,orthography:wordlist
Jer.16.11,86,92,87,95,Jehova,der HERR,name:subject-after-speech-verb
Jer.16.12,138,141,138,142,daß,dass,orthography:wordlist
Jer.16.14,35,41,35,43,Jehova,der HERR,name:subject-after-speech-verb
Jer.16.14,87,93,89,97,Jehova,der HERR,name:subject-before-finite-verb
Jer.16.15,17,23,17,25,Jehova,der HERR,name:subject-before-finite-verb
Jer.16.16,53,59,53,61,Jehova,der HERR,name:subject-after-speech-verb
Jer.16.16,62,65,64,68,daß,dass,orthography:wordlist
Jer.16.16,132,135,135,139,daß,dass,orthography:wordlist
Jer.16.18,169,176,169,176,Greueln,Gräueln,orthography:wordlist
Jer.16.19,9,15,9,13,Jehova,HERR,name:unresolved-case
Jer.16.21,124,127,124,128,daß,dass,orthography:wordlist
Jer.16.21,138,144,139,143,Jehova,HERR,name:quoted-name
Jer.17.5,11,17,11,19,Jehova,der HERR,name:subject-after-speech-verb
Jer.17.5,135,141,137,146,Jehova,dem HERRN,name:dative-preposition
Jer.17.6,69,72,69,73,daß,dass,orthography:wordlist
Jer.17.7,42,48,42,46,Jehova,HERR,name:unresolved-case
Jer.17.7,80,86,78,87,Jehova,dem HERRN,name:dative-verb
Jer.17.10,15,21,15,23,Jehova,der HERR,name:first-person-apposition
Jer.17.13,37,43,37,41,Jehova,HERR,name:unresolved-case
Jer.17.13,209,215,207,211,Jehova,HERR,name:unresolved-case
Jer.17.14,22,28,22,26,Jehova,HERR,name:direct-address-following-imperative
Jer.17.15,46,53,46,55,Jehovas,des HERRN,name:genitive
Jer.17.18,0,3,0,4,Laß,Lass,orthography:wordlist
Jer.17.18,43,46,44,48,laß,lass,orthography:wordlist
Jer.17.18,76,79,78,82,laß,lass,orthography:wordlist
Jer.17.18,106,109,109,113,laß,lass,orthography:wordlist
Jer.17.19,11,17,11,19,Jehova,der HERR,name:subject-after-speech-verb
Jer.17.20,25,32,25,34,Jehovas,des HERRN,name:genitive
Jer.17.21,11,17,11,19,Jehova,der HERR,name:subject-after-speech-verb
Jer.17.21,78,89,80,90,Sabbathtage,Sabbattage,orthography:wordlist
Jer.17.21,91,94,92,96,daß,dass,orthography:wordlist
Jer.17.22,27,38,27,37,Sabbathtage,Sabbattage,orthography:wordlist
Jer.17.22,141,151,140,149,Sabbathtag,Sabbattag,orthography:wordlist
Jer.17.24,85,91,85,93,Jehova,der HERR,name:subject-after-speech-verb
Jer.17.24,94,97,96,100,daß,dass,orthography:wordlist
Jer.17.24,106,117,109,119,Sabbathtage,Sabbattage,orthography:wordlist
Jer.17.24,180,183,182,186,daß,dass,orthography:wordlist
Jer.17.24,192,202,195,204,Sabbathtag,Sabbattag,orthography:wordlist
Jer.17.26,280,287,280,289,Jehovas,des HERRN,name:genitive
Jer.17.27,42,52,42,51,Sabbathtag,Sabbattag,orthography:wordlist
Jer.17.27,146,157,145,155,Sabbathtage,Sabbattage,orthography:wordlist
Jer.17.27,210,213,208,212,daß,dass,orthography:wordlist
Jer.18.1,30,37,30,39,Jehovas,des HERRN,name:genitive
Jer.18.4,54,61,54,62,mißriet,missriet,orthography:wordlist
Jer.18.5,23,30,23,32,Jehovas,des HERRN,name:genitive
Jer.18.6,82,88,82,90,Jehova,der HERR,name:subject-after-speech-verb
Jer.18.10,49,52,49,53,daß,dass,orthography:wordlist
Jer.18.11,106,112,106,114,Jehova,der HERR,name:subject-after-speech-verb
Jer.18.13,18,24,18,26,Jehova,der HERR,name:subject-after-speech-verb
Jer.18.14,9,16,9,17,Verläßt,Verlässt,orthography:wordlist
Jer.18.18,29,33,29,34,laßt,lasst,orthography:wordlist
Jer.18.18,192,196,193,198,laßt,lasst,orthography:wordlist
Jer.18.19,10,16,10,14,Jehova,HERR,name:direct-address
Jer.18.20,102,105,102,106,daß,dass,orthography:wordlist
Jer.18.21,98,104,98,104,Weiber,Frauen,word:Weib-Frau
Jer.18.23,18,24,18,22,Jehova,HERR,name:direct-address
Jer.18.23,168,171,166,170,laß,lass,orthography:wordlist
Jer.19.1,10,16,10,18,Jehova,der HERR,name:subject-after-speech-verb
Jer.19.3,48,55,48,57,Jehovas,des HERRN,name:genitive
Jer.19.3,124,130,126,134,Jehova,der HERR,name:subject-after-speech-verb
Jer.19.3,213,216,217,221,daß,dass,orthography:wordlist
Jer.19.4,7,10,7,11,daß,dass,orthography:wordlist
Jer.19.6,35,41,35,43,Jehova,der HERR,name:subject-after-speech-verb
Jer.19.11,45,51,45,53,Jehova,der HERR,name:subject-after-speech-verb
Jer.19.12,42,48,42,50,Jehova,der HERR,name:subject-after-speech-verb
Jer.19.14,55,61,55,59,Jehova,HERR,name:unresolved-case
Jer.19.14,136,143,134,143,Jehovas,des HERRN,name:genitive
Jer.19.15,11,17,11,19,Jehova,der HERR,name:subject-after-speech-verb
Jer.20.1,82,89,82,91,Jehovas,des HERRN,name:genitive
Jer.20.2,113,120,113,122,Jehovas,des HERRN,name:genitive
Jer.20.3,142,148,142,146,Jehova,HERR,name:unresolved-case
Jer.20.4,16,22,16,24,Jehova,der HERR,name:subject-after-speech-verb
Jer.20.7,9,15,9,13,Jehova,HERR,name:direct-address-pronoun
Jer.20.8,23,26,23,27,muß,muss,orthography:wordlist
Jer.20.8,89,96,90,99,Jehovas,des HERRN,name:genitive
Jer.20.10,165,169,165,170,läßt,lässt,orthography:wordlist
Jer.20.10,191,194,192,196,daß,dass,orthography:wordlist
Jer.20.11,5,11,5,13,Jehova,der HERR,name:subject-before-finite-verb
Jer.20.12,9,15,9,13,Jehova,HERR,name:direct-address
Jer.20.12,91,94,89,93,laß,lass,orthography:wordlist
Jer.20.13,25,31,25,34,Jehova,dem HERRN,name:dative-verb
Jer.20.13,42,48,45,54,Jehova,den HERRN,name:accusative-verb
Jer.20.16,47,53,47,51,Jehova,HERR,name:unresolved-case
Jer.20.17,47,50,47,51,daß,dass,orthography:wordlist
Jer.20.18,94,97,94,98,daß,dass,orthography:wordlist
Jer.21.1,30,37,30,39,Jehovas,des HERRN,name:genitive
Jer.21.2,13,19,13,17,Jehova,HERR,name:unresolved-case
Jer.21.2,110,116,108,116,Jehova,der HERR,name:subject-after-auxiliary
Jer.21.2,163,166,163,167,daß,dass,orthography:wordlist
Jer.21.4,11,17,11,19,Jehova,der HERR,name:subject-after-speech-verb
Jer.21.7,20,26,20,28,Jehova,der HERR,name:subject-after-speech-verb
Jer.21.8,50,56,50,58,Jehova,der HERR,name:subject-after-speech-verb
Jer.21.10,101,107,101,109,Jehova,der HERR,name:subject-after-speech-verb
Jer.21.12,15,22,15,24,Jehovas,des HERRN,name:genitive
Jer.21.12,49,55,51,59,Jehova,der HERR,name:subject-after-speech-verb
Jer.21.13,83,89,83,91,Jehova,der HERR,name:subject-after-speech-verb
Jer.21.14,83,89,83,91,Jehova,der HERR,name:subject-after-speech-verb
Jer.21.14,142,145,144,148,daß,dass,orthography:wordlist
Jer.22.1,10,16,10,18,Jehova,der HERR,name:subject-after-speech-verb
Jer.22.2,27,34,27,36,Jehovas,des HERRN,name:genitive
Jer.22.3,11,17,11,19,Jehova,der HERR,name:subject-after-speech-verb
Jer.22.5,85,91,85,93,Jehova,der HERR,name:subject-after-speech-verb
Jer.22.5,94,97,96,100,daß,dass,orthography:wordlist
Jer.22.6,18,24,18,26,Jehova,der HERR,name:subject-after-speech-verb
Jer.22.8,105,111,105,113,Jehova,der HERR,name:subject-after-auxiliary
Jer.22.9,39,46,39,48,Jehovas,des HERRN,name:genitive
Jer.22.11,16,22,16,24,Jehova,der HERR,name:subject-after-speech-verb
Jer.22.13,136,140,136,141,läßt,lässt,orthography:wordlist
Jer.22.16,120,126,120,128,Jehova,der HERR,name:subject-after-speech-verb
Jer.22.18,15,21,15,23,Jehova,der HERR,name:subject-after-speech-verb
Jer.22.21,120,123,120,124,daß,dass,orthography:wordlist
Jer.22.24,27,33,27,35,Jehova,der HERR,name:subject-after-speech-verb
Jer.22.29,38,45,38,47,Jehovas,des HERRN,name:genitive
Jer.22.30,11,17,11,19,Jehova,der HERR,name:subject-after-speech-verb
Jer.23.1,104,110,104,112,Jehova,der HERR,name:subject-after-speech-verb
Jer.23.2,14,20,14,22,Jehova,der HERR,name:subject-after-speech-verb
Jer.23.2,254,260,256,264,Jehova,der HERR,name:subject-after-speech-verb
Jer.23.3,154,157,154,158,daß,dass,orthography:wordlist
Jer.23.4,135,142,135,143,vermißt,vermisst,orthography:wordlist
Jer.23.4,159,165,160,168,Jehova,der HERR,name:subject-after-speech-verb
Jer.23.5,29,35,29,37,Jehova,der HERR,name:subject-after-speech-verb
Jer.23.5,73,78,75,81,Sproß,Spross,orthography:wordlist
Jer.23.6,139,145,139,143,Jehova,HERR,name:unresolved-case
Jer.23.7,35,41,35,43,Jehova,der HERR,name:subject-after-speech-verb
Jer.23.7,83,89,85,93,Jehova,der HERR,name:subject-before-finite-verb
Jer.23.8,17,23,17,25,Jehova,der HERR,name:subject-before-finite-verb
Jer.23.9,193,200,193,202,Jehovas,des HERRN,name:genitive
Jer.23.11,115,121,115,123,Jehova,der HERR,name:subject-after-speech-verb
Jer.23.12,191,197,191,199,Jehova,der HERR,name:subject-after-speech-verb
Jer.23.14,153,156,153,157,daß,dass,orthography:wordlist
Jer.23.15,14,20,14,22,Jehova,der HERR,name:subject-after-speech-verb
Jer.23.16,12,18,12,20,Jehova,der HERR,name:subject-after-speech-verb
Jer.23.16,183,190,185,194,Jehovas,des HERRN,name:genitive
Jer.23.17,49,55,49,57,Jehova,der HERR,name:subject-before-finite-verb
Jer.23.18,22,29,22,31,Jehovas,des HERRN,name:genitive
Jer.23.18,42,45,44,48,daß,dass,orthography:wordlist
Jer.23.19,21,28,21,30,Jehovas,des HERRN,name:genitive
Jer.23.20,43,50,43,52,Jehovas,des HERRN,name:genitive
Jer.23.23,40,46,40,48,Jehova,der HERR,name:subject-after-speech-verb
Jer.23.24,84,90,84,92,Jehova,der HERR,name:subject-after-speech-verb
Jer.23.24,146,152,148,156,Jehova,der HERR,name:subject-after-speech-verb
Jer.23.28,160,166,160,168,Jehova,der HERR,name:subject-after-speech-verb
Jer.23.29,48,54,48,56,Jehova,der HERR,name:subject-after-speech-verb
Jer.23.30,49,55,49,57,Jehova,der HERR,name:subject-after-speech-verb
Jer.23.31,43,49,43,51,Jehova,der HERR,name:subject-after-speech-verb
Jer.23.32,32,38,32,40,Jehova,der HERR,name:subject-after-speech-verb
Jer.23.32,247,253,249,257,Jehova,der HERR,name:subject-after-speech-verb
Jer.23.33,112,119,112,121,Jehovas,des HERRN,name:genitive
Jer.23.33,195,201,197,205,Jehova,der HERR,name:subject-after-speech-verb
Jer.23.34,78,85,78,87,Jehovas,des HERRN,name:genitive
Jer.23.35,99,105,99,107,Jehova,der HERR,name:subject-after-auxiliary
Jer.23.35,131,137,133,141,Jehova,der HERR,name:subject-after-auxiliary
Jer.23.36,13,20,13,22,Jehovas,des HERRN,name:genitive
Jer.23.36,169,176,171,180,Jehovas,des HERRN,name:genitive
Jer.23.37,48,54,48,56,Jehova,der HERR,name:subject-after-auxiliary
Jer.23.37,84,90,86,94,Jehova,der HERR,name:subject-after-auxiliary
Jer.23.38,47,54,47,56,Jehovas,des HERRN,name:genitive
Jer.23.38,76,82,78,86,Jehova,der HERR,name:subject-after-speech-verb
Jer.23.38,121,128,125,134,Jehovas,des HERRN,name:genitive
Jer.23.38,216,223,222,231,Jehovas,des HERRN,name:genitive
Jer.24.1,0,6,0,8,Jehova,Der HERR,name:subject-before-finite-verb
Jer.24.1,81,88,83,92,Jehovas,des HERRN,name:genitive
Jer.24.3,22,28,22,30,Jehova,der HERR,name:subject-before-finite-verb
Jer.24.3,177,180,179,183,daß,dass,orthography:wordlist
Jer.24.4,23,30,23,32,Jehovas,des HERRN,name:genitive
Jer.24.5,11,17,11,19,Jehova,der HERR,name:subject-after-speech-verb
Jer.24.7,56,59,56,60,daß,dass,orthography:wordlist
Jer.24.7,64,70,65,69,Jehova,HERR,name:unresolved-case
Jer.24.8,112,118,112,120,Jehova,der HERR,name:subject-after-speech-verb
Jer.24.9,23,34,23,35,Mißhandlung,Misshandlung,orthography:wordlist
Jer.25.3,138,145,138,147,Jehovas,des HERRN,name:genitive
Jer.25.4,22,28,22,30,Jehova,der HERR,name:subject-before-finite-verb
Jer.25.5,149,155,149,153,Jehova,HERR,name:unresolved-case
Jer.25.6,150,153,150,154,daß,dass,orthography:wordlist
Jer.25.7,46,52,46,54,Jehova,der HERR,name:subject-after-speech-verb
Jer.25.8,18,24,18,26,Jehova,der HERR,name:subject-after-speech-verb
Jer.25.9,74,80,74,82,Jehova,der HERR,name:subject-after-speech-verb
Jer.25.12,119,125,119,127,Jehova,der HERR,name:subject-after-speech-verb
Jer.25.15,12,18,12,20,Jehova,der HERR,name:subject-after-auxiliary
Jer.25.17,50,57,50,59,Jehovas,des HERRN,name:genitive
Jer.25.17,105,111,107,115,Jehova,der HERR,name:subject-subordinate-clause
Jer.25.27,33,39,33,41,Jehova,der HERR,name:subject-after-speech-verb
Jer.25.28,149,155,149,157,Jehova,der HERR,name:subject-after-speech-verb
Jer.25.29,239,245,239,247,Jehova,der HERR,name:subject-after-speech-verb
Jer.25.30,81,87,81,89,Jehova,der HERR,name:subject-before-finite-verb
Jer.25.31,51,57,51,55,Jehova,HERR,name:unresolved-case
Jer.25.31,175,181,173,181,Jehova,der HERR,name:subject-after-speech-verb
Jer.25.32,11,17,11,19,Jehova,der HERR,name:subject-after-speech-verb
Jer.25.33,21,28,21,30,Jehovas,des HERRN,name:genitive
Jer.25.34,188,191,188,192,daß,dass,orthography:wordlist
Jer.25.36,75,81,75,79,Jehova,HERR,name:unresolved-case
Jer.25.37,69,76,69,78,Jehovas,des HERRN,name:genitive
Jer.26.1,111,118,111,120,Jehovas,des HERRN,name:genitive
Jer.26.2,12,18,12,20,Jehova,der HERR,name:subject-after-speech-verb
Jer.26.2,53,60,55,64,Jehovas,des HERRN,name:genitive
Jer.26.2,131,138,135,144,Jehovas,des HERRN,name:genitive
Jer.26.4,33,39,33,41,Jehova,der HERR,name:subject-after-speech-verb
Jer.26.4,75,78,77,81,daß,dass,orthography:wordlist
Jer.26.5,0,3,0,4,daß,dass,orthography:wordlist
Jer.26.7,96,103,96,105,Jehovas,des HERRN,name:genitive
Jer.26.8,57,63,57,65,Jehova,der HERR,name:subject-subordinate-clause
Jer.26.8,196,200,198,203,mußt,musst,orthography:wordlist
Jer.26.8,202,211,205,215,gewißlich,gewisslich,orthography:wordlist
Jer.26.9,24,31,24,33,Jehovas,des HERRN,name:genitive
Jer.26.9,196,203,198,207,Jehovas,des HERRN,name:genitive
Jer.26.10,108,115,108,117,Jehovas,des HERRN,name:genitive
Jer.26.10,167,174,169,178,Jehovas,des HERRN,name:genitive
Jer.26.12,69,75,69,77,Jehova,der HERR,name:subject-before-finite-verb
Jer.26.13,88,95,88,97,Jehovas,des HERRN,name:genitive
Jer.26.13,120,126,122,130,Jehova,der HERR,name:subject-after-auxiliary
Jer.26.15,22,25,22,26,daß,dass,orthography:wordlist
Jer.26.15,161,167,162,170,Jehova,der HERR,name:subject-before-finite-verb
Jer.26.16,151,158,151,160,Jehovas,des HERRN,name:genitive
Jer.26.18,168,174,168,176,Jehova,der HERR,name:subject-after-speech-verb
Jer.26.19,85,91,85,89,Jehova,HERR,name:unresolved-case
Jer.26.19,108,114,106,110,Jehova,HERR,name:unresolved-case
Jer.26.19,130,133,126,130,daß,dass,orthography:wordlist
Jer.26.19,134,140,131,139,Jehova,der HERR,name:subject-subordinate-clause
Jer.26.20,40,47,40,49,Jehovas,des HERRN,name:genitive
Jer.26.24,67,70,67,71,daß,dass,orthography:wordlist
Jer.27.1,122,129,122,131,Jehovas,des HERRN,name:genitive
Jer.27.2,10,16,10,18,Jehova,der HERR,name:subject-after-speech-verb
Jer.27.4,18,21,18,22,daß,dass,orthography:wordlist
Jer.27.4,59,65,60,68,Jehova,der HERR,name:subject-after-speech-verb
Jer.27.6,171,174,171,175,daß,dass,orthography:wordlist
Jer.27.8,220,226,220,228,Jehova,der HERR,name:subject-after-speech-verb
Jer.27.11,161,167,161,169,Jehova,der HERR,name:subject-after-speech-verb
Jer.27.13,109,115,109,117,Jehova,der HERR,name:subject-subordinate-clause
Jer.27.15,43,49,43,51,Jehova,der HERR,name:subject-after-speech-verb
Jer.27.16,97,103,97,105,Jehova,der HERR,name:subject-after-speech-verb
Jer.27.16,217,224,219,228,Jehovas,des HERRN,name:genitive
Jer.27.18,52,59,52,61,Jehovas,des HERRN,name:genitive
Jer.27.18,98,104,100,109,Jehova,dem HERRN,name:dative-preposition
Jer.27.18,171,178,176,185,Jehovas,des HERRN,name:genitive
Jer.27.19,16,22,16,24,Jehova,der HERR,name:subject-after-speech-verb
Jer.27.21,17,23,17,25,Jehova,der HERR,name:subject-after-speech-verb
Jer.27.21,95,102,97,106,Jehovas,des HERRN,name:genitive
Jer.27.22,134,140,134,142,Jehova,der HERR,name:subject-after-speech-verb
Jer.28.1,233,240,233,242,Jehovas,des HERRN,name:genitive
Jer.28.2,41,47,41,49,Jehova,der HERR,name:subject-after-speech-verb
Jer.28.3,55,62,55,64,Jehovas,des HERRN,name:genitive
Jer.28.4,169,175,169,177,Jehova,der HERR,name:subject-after-speech-verb
Jer.28.5,134,141,134,143,Jehovas,des HERRN,name:genitive
Jer.28.6,50,56,50,54,Jehova,HERR,name:unresolved-case
Jer.28.6,68,74,66,70,Jehova,HERR,name:unresolved-case
Jer.28.6,125,128,121,125,daß,dass,orthography:wordlist
Jer.28.6,157,164,154,163,Jehovas,des HERRN,name:genitive
Jer.28.9,129,135,129,137,Jehova,der HERR,name:subject-subordinate-clause
Jer.28.11,100,106,100,108,Jehova,der HERR,name:subject-after-speech-verb
Jer.28.12,13,20,13,22,Jehovas,des HERRN,name:genitive
Jer.28.13,50,56,50,58,Jehova,der HERR,name:subject-after-speech-verb
Jer.28.14,16,22,16,24,Jehova,der HERR,name:subject-after-speech-verb
Jer.28.15,80,86,80,88,Jehova,Der HERR,name:subject-before-finite-verb
Jer.28.16,18,24,18,26,Jehova,der HERR,name:subject-after-speech-verb
Jer.28.16,139,145,141,150,Jehova,den HERRN,name:accusative-preposition
Jer.29.4,11,17,11,19,Jehova,der HERR,name:subject-after-speech-verb
Jer.29.6,25,31,25,31,Weiber,Frauen,word:Weib-Frau
Jer.29.6,76,82,76,82,Weiber,Frauen,word:Weib-Frau
Jer.29.7,92,98,92,101,Jehova,dem HERRN,name:dative-preposition
Jer.29.8,16,22,16,24,Jehova,der HERR,name:subject-after-speech-verb
Jer.29.8,61,65,63,68,Laßt,Lasst,orthography:wordlist
Jer.29.9,88,94,88,96,Jehova,der HERR,name:subject-after-speech-verb
Jer.29.10,16,22,16,24,Jehova,der HERR,name:subject-after-speech-verb
Jer.29.11,77,83,77,85,Jehova,der HERR,name:subject-after-speech-verb
Jer.29.14,53,59,53,61,Jehova,der HERR,name:subject-after-speech-verb
Jer.29.14,204,210,206,214,Jehova,der HERR,name:subject-after-speech-verb
Jer.29.15,17,23,17,25,Jehova,der HERR,name:subject-before-finite-verb
Jer.29.16,15,21,15,23,Jehova,der HERR,name:subject-after-speech-verb
Jer.29.17,11,17,11,19,Jehova,der HERR,name:subject-after-speech-verb
Jer.29.18,116,127,116,128,Mißhandlung,Misshandlung,orthography:wordlist
Jer.29.19,7,10,7,11,daß,dass,orthography:wordlist
Jer.29.19,62,68,63,71,Jehova,der HERR,name:subject-after-speech-verb
Jer.29.19,206,212,209,217,Jehova,der HERR,name:subject-after-speech-verb
Jer.29.20,25,32,25,34,Jehovas,des HERRN,name:genitive
Jer.29.21,11,17,11,19,Jehova,der HERR,name:subject-after-speech-verb
Jer.29.22,108,111,108,112,daß,dass,orthography:wordlist
Jer.29.22,129,135,130,134,Jehova,HERR,name:unresolved-case
Jer.29.23,87,94,87,93,Weibern,Frauen,word:Weib-Frau
Jer.29.23,243,249,242,250,Jehova,der HERR,name:subject-after-speech-verb
Jer.29.25,11,17,11,19,Jehova,der HERR,name:subject-after-speech-verb
Jer.29.26,2,8,2,10,Jehova,Der HERR,name:subject-before-finite-verb
Jer.29.26,104,111,106,115,Jehovas,des HERRN,name:genitive
Jer.29.30,23,30,23,32,Jehovas,des HERRN,name:genitive
Jer.29.31,58,64,58,66,Jehova,der HERR,name:subject-after-speech-verb
Jer.29.32,14,20,14,22,Jehova,der HERR,name:subject-after-speech-verb
Jer.29.32,243,249,245,253,Jehova,der HERR,name:subject-after-speech-verb
Jer.29.32,286,292,290,299,Jehova,den HERRN,name:accusative-preposition
Jer.30.1,30,37,30,39,Jehovas,des HERRN,name:genitive
Jer.30.2,11,17,11,19,Jehova,der HERR,name:subject-after-speech-verb
Jer.30.3,34,40,34,42,Jehova,der HERR,name:subject-after-speech-verb
Jer.30.3,123,129,125,133,Jehova,der HERR,name:subject-after-speech-verb
Jer.30.4,33,39,33,41,Jehova,der HERR,name:subject-subordinate-clause
Jer.30.5,16,22,16,24,Jehova,der HERR,name:subject-after-speech-verb
Jer.30.8,48,54,48,56,Jehova,der HERR,name:subject-after-speech-verb
Jer.30.8,74,77,76,80,daß,dass,orthography:wordlist
Jer.30.9,19,25,19,28,Jehova,dem HERRN,name:dative-apposition
Jer.30.10,57,63,57,65,Jehova,der HERR,name:subject-after-speech-verb
Jer.30.11,30,36,30,38,Jehova,der HERR,name:subject-after-speech-verb
Jer.30.12,16,22,16,24,Jehova,der HERR,name:subject-after-speech-verb
Jer.30.15,34,37,34,38,daß,dass,orthography:wordlist
Jer.30.17,85,91,85,93,Jehova,der HERR,name:subject-after-speech-verb
Jer.30.18,11,17,11,19,Jehova,der HERR,name:subject-after-speech-verb
Jer.30.21,148,151,148,152,daß,dass,orthography:wordlist
Jer.30.21,243,249,244,252,Jehova,der HERR,name:subject-after-speech-verb
Jer.30.23,21,28,21,30,Jehovas,des HERRN,name:genitive
Jer.30.24,54,61,54,63,Jehovas,des HERRN,name:genitive
Jer.31.1,24,30,24,32,Jehova,der HERR,name:subject-after-speech-verb
Jer.31.2,11,17,11,19,Jehova,der HERR,name:subject-after-speech-verb
Jer.31.3,9,15,9,17,Jehova,Der HERR,name:subject-before-finite-verb
Jer.31.6,140,146,140,149,Jehova,dem HERRN,name:dative-preposition
Jer.31.7,16,22,16,24,Jehova,der HERR,name:subject-after-speech-verb
Jer.31.7,147,153,149,153,Jehova,HERR,name:unresolved-case
Jer.31.10,15,22,15,24,Jehovas,des HERRN,name:genitive
Jer.31.11,5,11,5,13,Jehova,der HERR,name:subject-before-finite-verb
Jer.31.12,88,95,88,97,Jehovas,des HERRN,name:genitive
Jer.31.14,116,122,116,124,Jehova,der HERR,name:subject-after-speech-verb
Jer.31.15,11,17,11,19,Jehova,der HERR,name:subject-after-speech-verb
Jer.31.16,11,17,11,19,Jehova,der HERR,name:subject-after-speech-verb
Jer.31.16,135,141,137,145,Jehova,der HERR,name:subject-after-speech-verb
Jer.31.17,45,51,45,53,Jehova,der HERR,name:subject-after-speech-verb
Jer.31.18,151,154,151,155,daß,dass,orthography:wordlist
Jer.31.18,187,193,188,192,Jehova,HERR,name:unresolved-case
Jer.31.20,200,209,200,210,gewißlich,gewisslich,orthography:wordlist
Jer.31.20,236,242,237,245,Jehova,der HERR,name:subject-after-speech-verb
Jer.31.22,75,81,75,83,Jehova,der HERR,name:subject-before-finite-verb
Jer.31.22,124,127,126,129,Das,Die,grammar:Frau-determiner
Jer.31.22,128,132,130,134,Weib,Frau,word:Weib-Frau
Jer.31.23,11,17,11,19,Jehova,der HERR,name:subject-after-speech-verb
Jer.31.23,174,180,176,184,Jehova,der HERR,name:subject-before-finite-verb
Jer.31.27,29,35,29,37,Jehova,der HERR,name:subject-after-speech-verb
Jer.31.28,214,220,214,222,Jehova,der HERR,name:subject-after-speech-verb
Jer.31.30,81,84,81,85,ißt,isst,orthography:wordlist
Jer.31.31,29,35,29,37,Jehova,der HERR,name:subject-after-speech-verb
Jer.31.32,100,105,100,106,faßte,fasste,orthography:wordlist
Jer.31.32,249,255,250,258,Jehova,der HERR,name:subject-after-speech-verb
Jer.31.33,99,105,99,107,Jehova,der HERR,name:subject-after-speech-verb
Jer.31.34,115,121,115,124,Jehova,den HERRN,name:accusative-verb
Jer.31.34,210,216,213,221,Jehova,der HERR,name:subject-after-speech-verb
Jer.31.35,11,17,11,19,Jehova,der HERR,name:subject-after-speech-verb
Jer.31.35,183,189,185,189,Jehova,HERR,name:unresolved-case
Jer.31.36,68,74,68,76,Jehova,der HERR,name:subject-after-speech-verb
Jer.31.37,11,17,11,19,Jehova,der HERR,name:subject-after-speech-verb
Jer.31.37,217,223,219,227,Jehova,der HERR,name:subject-after-speech-verb
Jer.31.38,29,35,29,37,Jehova,der HERR,name:subject-after-speech-verb
Jer.31.38,58,64,60,65,Jehova,HERRN,name:existing-oblique-article
Jer.31.39,18,27,18,28,Meßschnur,Messschnur,orthography:wordlist
Jer.31.40,117,125,117,126,Roßtores,Rosstores,orthography:wordlist
Jer.31.40,145,151,146,154,Jehova,der HERR,name:subject-after-auxiliary
Jer.32.1,30,37,30,39,Jehovas,des HERRN,name:genitive
Jer.32.3,118,124,118,126,Jehova,der HERR,name:subject-after-speech-verb
Jer.32.3,194,197,196,200,daß,dass,orthography:wordlist
Jer.32.4,91,100,91,101,gewißlich,gewisslich,orthography:wordlist
Jer.32.5,104,110,104,112,Jehova,der HERR,name:subject-after-speech-verb
Jer.32.6,57,64,57,66,Jehovas,des HERRN,name:genitive
Jer.32.8,67,74,67,76,Jehovas,des HERRN,name:genitive
Jer.32.8,269,272,271,275,daß,dass,orthography:wordlist
Jer.32.8,285,292,288,297,Jehovas,des HERRN,name:genitive
Jer.32.14,11,17,11,19,Jehova,der HERR,name:subject-after-speech-verb
Jer.32.14,194,197,196,200,daß,dass,orthography:wordlist
Jer.32.15,16,22,16,24,Jehova,der HERR,name:subject-after-speech-verb
Jer.32.16,89,95,89,98,Jehova,dem HERRN,name:dative-preposition
Jer.32.17,22,28,22,26,Jehova,HERR,name:unresolved-case
Jer.32.18,161,167,161,165,Jehova,HERR,name:quoted-name
Jer.32.25,54,60,54,58,Jehova,HERR,name:unresolved-case
Jer.32.26,23,30,23,32,Jehovas,des HERRN,name:genitive
Jer.32.27,15,21,15,23,Jehova,der HERR,name:predicate-name
Jer.32.28,18,24,18,26,Jehova,der HERR,name:subject-after-speech-verb
Jer.32.28,140,143,142,146,daß,dass,orthography:wordlist
Jer.32.30,194,200,194,202,Jehova,der HERR,name:subject-after-speech-verb
Jer.32.31,140,143,140,144,daß,dass,orthography:wordlist
Jer.32.35,241,247,241,247,Greuel,Gräuel,orthography:wordlist
Jer.32.36,18,24,18,26,Jehova,der HERR,name:subject-after-speech-verb
Jer.32.40,52,55,52,56,daß,dass,orthography:wordlist
Jer.32.42,16,22,16,24,Jehova,der HERR,name:subject-after-speech-verb
Jer.32.44,340,346,340,348,Jehova,der HERR,name:subject-after-speech-verb
Jer.33.1,13,20,13,22,Jehovas,des HERRN,name:genitive
Jer.33.2,11,17,11,19,Jehova,der HERR,name:subject-after-speech-verb
Jer.33.2,33,39,35,39,Jehova,HERR,name:unresolved-case
Jer.33.2,82,88,82,90,Jehova,der HERR,name:subject-before-finite-verb
Jer.33.4,16,22,16,24,Jehova,der HERR,name:subject-after-speech-verb
Jer.33.10,11,17,11,19,Jehova,der HERR,name:subject-after-speech-verb
Jer.33.11,135,141,135,144,Jehova,den HERRN,name:accusative-verb
Jer.33.11,165,171,168,176,Jehova,der HERR,name:subject-before-finite-verb
Jer.33.11,262,269,267,276,Jehovas,des HERRN,name:genitive
Jer.33.11,359,365,366,374,Jehova,der HERR,name:subject-after-speech-verb
Jer.33.12,11,17,11,19,Jehova,der HERR,name:subject-after-speech-verb
Jer.33.13,270,276,270,278,Jehova,der HERR,name:subject-after-speech-verb
Jer.33.14,29,35,29,37,Jehova,der HERR,name:subject-after-speech-verb
Jer.33.15,72,77,72,78,Sproß,Spross,orthography:wordlist
Jer.33.16,144,150,144,148,Jehova,HERR,name:unresolved-case
Jer.33.17,16,22,16,24,Jehova,der HERR,name:subject-after-speech-verb
Jer.33.19,23,30,23,32,Jehovas,des HERRN,name:genitive
Jer.33.20,11,17,11,19,Jehova,der HERR,name:subject-after-speech-verb
Jer.33.20,117,120,119,123,daß,dass,orthography:wordlist
Jer.33.21,68,71,68,72,daß,dass,orthography:wordlist
Jer.33.23,23,30,23,32,Jehovas,des HERRN,name:genitive
Jer.33.24,98,104,98,106,Jehova,der HERR,name:subject-subordinate-clause
Jer.33.24,183,186,185,189,daß,dass,orthography:wordlist
Jer.33.25,11,17,11,19,Jehova,der HERR,name:subject-after-speech-verb
Jer.33.26,81,84,81,85,daß,dass,orthography:wordlist
Jer.34.1,30,37,30,39,Jehovas,des HERRN,name:genitive
Jer.34.2,11,17,11,19,Jehova,der HERR,name:subject-after-speech-verb
Jer.34.2,116,122,118,126,Jehova,der HERR,name:subject-after-speech-verb
Jer.34.2,192,195,196,200,daß,dass,orthography:wordlist
Jer.34.3,57,66,57,67,gewißlich,gewisslich,orthography:wordlist
Jer.34.4,21,28,21,30,Jehovas,des HERRN,name:genitive
Jer.34.4,69,75,71,79,Jehova,der HERR,name:subject-after-speech-verb
Jer.34.5,247,253,247,255,Jehova,der HERR,name:subject-after-speech-verb
Jer.34.8,30,37,30,39,Jehovas,des HERRN,name:genitive
Jer.34.9,111,114,111,115,daß,dass,orthography:wordlist
Jer.34.10,89,92,89,93,daß,dass,orthography:wordlist
Jer.34.12,23,30,23,32,Jehovas,des HERRN,name:genitive
Jer.34.12,51,58,53,62,Jehovas,des HERRN,name:genitive
Jer.34.13,11,17,11,19,Jehova,der HERR,name:subject-after-speech-verb
Jer.34.15,86,89,86,90,daß,dass,orthography:wordlist
Jer.34.16,231,234,231,235,daß,dass,orthography:wordlist
Jer.34.17,14,20,14,22,Jehova,der HERR,name:subject-after-speech-verb
Jer.34.17,191,197,193,201,Jehova,der HERR,name:subject-after-speech-verb
Jer.34.17,271,282,275,287,Mißhandlung,Misshandlung,orthography:wordlist
Jer.34.22,28,34,28,36,Jehova,der HERR,name:subject-after-speech-verb
Jer.35.1,30,37,30,39,Jehovas,des HERRN,name:genitive
Jer.35.2,78,85,78,87,Jehovas,des HERRN,name:genitive
Jer.35.4,33,40,33,42,Jehovas,des HERRN,name:genitive
Jer.35.7,163,166,163,167,daß,dass,orthography:wordlist
Jer.35.8,186,192,186,192,Weiber,Frauen,word:Weib-Frau
Jer.35.11,125,129,125,130,laßt,lasst,orthography:wordlist
Jer.35.12,23,30,23,32,Jehovas,des HERRN,name:genitive
Jer.35.13,11,17,11,19,Jehova,der HERR,name:subject-after-speech-verb
Jer.35.13,209,215,211,219,Jehova,der HERR,name:subject-after-speech-verb
Jer.35.17,14,20,14,22,Jehova,der HERR,name:subject-after-speech-verb
Jer.35.18,60,66,60,68,Jehova,der HERR,name:subject-after-speech-verb
Jer.35.19,14,20,14,22,Jehova,der HERR,name:subject-after-speech-verb
Jer.36.1,131,138,131,140,Jehovas,des HERRN,name:genitive
Jer.36.4,148,155,148,157,Jehovas,des HERRN,name:genitive
Jer.36.5,86,93,86,95,Jehovas,des HERRN,name:genitive
Jer.36.6,96,103,96,105,Jehovas,des HERRN,name:genitive
Jer.36.6,142,149,144,153,Jehovas,des HERRN,name:genitive
Jer.36.7,32,38,32,41,Jehova,dem HERRN,name:presence-before-Lord
Jer.36.7,51,54,54,58,daß,dass,orthography:wordlist
Jer.36.7,151,157,155,160,Jehova,HERRN,name:existing-oblique-article
Jer.36.8,125,132,125,134,Jehovas,des HERRN,name:genitive
Jer.36.8,143,150,145,154,Jehovas,des HERRN,name:genitive
Jer.36.9,231,237,231,240,Jehova,dem HERRN,name:presence-before-Lord
Jer.36.10,59,66,59,68,Jehovas,des HERRN,name:genitive
Jer.36.10,191,198,193,202,Jehovas,des HERRN,name:genitive
Jer.36.11,73,80,73,82,Jehovas,des HERRN,name:genitive
Jer.36.19,83,86,83,87,daß,dass,orthography:wordlist
Jer.36.25,67,70,67,71,daß,dass,orthography:wordlist
Jer.36.26,189,195,189,197,Jehova,der HERR,name:subject-before-finite-verb
Jer.36.27,49,56,49,58,Jehovas,des HERRN,name:genitive
Jer.36.29,83,89,83,91,Jehova,der HERR,name:subject-after-speech-verb
Jer.36.29,207,216,209,219,gewißlich,gewisslich,orthography:wordlist
Jer.36.30,14,20,14,22,Jehova,der HERR,name:subject-after-speech-verb
Jer.37.2,83,90,83,92,Jehovas,des HERRN,name:genitive
Jer.37.3,180,186,180,189,Jehova,dem HERRN,name:dative-preposition
Jer.37.6,23,30,23,32,Jehovas,des HERRN,name:genitive
Jer.37.7,11,17,11,19,Jehova,der HERR,name:subject-after-speech-verb
Jer.37.9,11,17,11,19,Jehova,der HERR,name:subject-after-speech-verb
Jer.37.9,50,53,52,56,daß,dass,orthography:wordlist
Jer.37.9,90,99,93,103,gewißlich,gewisslich,orthography:wordlist
Jer.37.17,149,156,149,158,Jehovas,des HERRN,name:genitive
Jer.37.18,123,126,123,127,daß,dass,orthography:wordlist
Jer.37.20,38,41,38,42,Laß,Lass,orthography:wordlist
Jer.38.2,11,17,11,19,Jehova,der HERR,name:subject-after-speech-verb
Jer.38.2,216,219,218,222,daß,dass,orthography:wordlist
Jer.38.3,11,17,11,19,Jehova,der HERR,name:subject-after-speech-verb
Jer.38.3,38,47,40,50,gewißlich,gewisslich,orthography:wordlist
Jer.38.7,83,86,83,87,daß,dass,orthography:wordlist
Jer.38.9,143,146,143,147,muß,muss,orthography:wordlist
Jer.38.14,120,127,120,129,Jehovas,des HERRN,name:genitive
Jer.38.16,73,79,73,81,Jehova,der HERR,name:subject-before-finite-verb
Jer.38.17,71,77,71,79,Jehova,der HERR,name:subject-after-speech-verb
Jer.38.19,118,121,118,122,daß,dass,orthography:wordlist
Jer.38.19,168,178,169,180,mißhandeln,misshandeln,orthography:wordlist
Jer.38.20,80,87,80,89,Jehovas,des HERRN,name:genitive
Jer.38.21,74,80,74,82,Jehova,der HERR,name:subject-subordinate-clause
Jer.38.22,12,18,12,18,Weiber,Frauen,word:Weib-Frau
Jer.38.23,15,21,15,21,Weiber,Frauen,word:Weib-Frau
Jer.38.25,29,32,29,33,daß,dass,orthography:wordlist
Jer.38.25,179,182,180,184,daß,dass,orthography:wordlist
Jer.38.26,73,76,73,77,daß,dass,orthography:wordlist
Jer.39.14,153,156,153,157,daß,dass,orthography:wordlist
Jer.39.15,13,20,13,22,Jehovas,des HERRN,name:genitive
Jer.39.16,68,74,68,76,Jehova,der HERR,name:subject-after-speech-verb
Jer.39.17,53,59,53,61,Jehova,der HERR,name:subject-after-speech-verb
Jer.39.18,21,30,21,31,gewißlich,gewisslich,orthography:wordlist
Jer.39.18,181,187,182,190,Jehova,der HERR,name:subject-after-speech-verb
Jer.40.1,30,37,30,39,Jehovas,des HERRN,name:genitive
Jer.40.2,71,77,71,75,Jehova,HERR,name:direct-address-pronoun
Jer.40.3,4,10,4,12,Jehova,der HERR,name:subject-before-finite-verb
Jer.40.3,93,99,95,104,Jehova,den HERRN,name:accusative-preposition
Jer.40.4,279,282,279,283,laß,lass,orthography:wordlist
Jer.40.7,91,94,91,95,daß,dass,orthography:wordlist
Jer.40.7,175,178,176,180,daß,dass,orthography:wordlist
Jer.40.7,199,205,201,207,Weiber,Frauen,word:Weib-Frau
Jer.40.11,133,136,133,137,daß,dass,orthography:wordlist
Jer.40.11,197,200,198,202,daß,dass,orthography:wordlist
Jer.40.14,42,45,42,46,daß,dass,orthography:wordlist
Jer.40.15,85,88,85,89,Laß,Lass,orthography:wordlist
Jer.40.15,216,219,217,221,daß,dass,orthography:wordlist
Jer.41.4,82,87,82,88,wußte,wusste,orthography:wordlist
Jer.41.5,223,230,223,232,Jehovas,des HERRN,name:genitive
Jer.41.16,298,304,298,304,Weiber,Frauen,word:Weib-Frau
Jer.42.2,41,44,41,45,Laß,Lass,orthography:wordlist
Jer.42.2,101,107,102,111,Jehova,dem HERRN,name:dative-preposition
Jer.42.3,6,12,6,10,Jehova,HERR,name:direct-address-pronoun
Jer.42.4,83,89,83,92,Jehova,dem HERRN,name:dative-preposition
Jer.42.4,171,177,174,182,Jehova,der HERR,name:subject-with-intervening-object
Jer.42.5,31,37,31,39,Jehova,der HERR,name:subject-before-finite-verb
Jer.42.5,137,143,139,143,Jehova,HERR,name:direct-address-pronoun
Jer.42.6,71,78,71,80,Jehovas,des HERRN,name:genitive
Jer.42.6,171,178,173,182,Jehovas,des HERRN,name:genitive
Jer.42.7,61,68,61,70,Jehovas,des HERRN,name:genitive
Jer.42.9,11,17,11,19,Jehova,der HERR,name:subject-after-speech-verb
Jer.42.11,149,155,149,157,Jehova,der HERR,name:subject-after-speech-verb
Jer.42.12,45,48,45,49,daß,dass,orthography:wordlist
Jer.42.13,71,74,71,75,daß,dass,orthography:wordlist
Jer.42.13,108,115,109,118,Jehovas,des HERRN,name:genitive
Jer.42.15,33,40,33,42,Jehovas,des HERRN,name:genitive
Jer.42.15,79,85,81,89,Jehova,der HERR,name:subject-after-speech-verb
Jer.42.16,22,25,22,26,daß,dass,orthography:wordlist
Jer.42.18,16,22,16,24,Jehova,der HERR,name:subject-after-speech-verb
Jer.42.19,9,15,9,17,Jehova,Der HERR,name:subject-before-finite-verb
Jer.42.19,117,120,119,123,daß,dass,orthography:wordlist
Jer.42.20,72,78,72,76,Jehova,HERR,name:unresolved-case
Jer.42.20,135,141,133,142,Jehova,dem HERRN,name:dative-preposition
Jer.42.20,179,185,180,188,Jehova,der HERR,name:subject-subordinate-clause
Jer.42.21,74,81,74,83,Jehovas,des HERRN,name:genitive
Jer.42.22,26,29,26,30,daß,dass,orthography:wordlist
Jer.43.1,72,79,72,81,Jehovas,des HERRN,name:genitive
Jer.43.1,124,130,126,130,Jehova,HERR,name:unresolved-case
Jer.43.2,148,154,148,152,Jehova,HERR,name:unresolved-case
Jer.43.4,118,125,118,127,Jehovas,des HERRN,name:genitive
Jer.43.6,38,44,38,44,Weiber,Frauen,word:Weib-Frau
Jer.43.7,68,75,68,77,Jehovas,des HERRN,name:genitive
Jer.43.8,23,30,23,32,Jehovas,des HERRN,name:genitive
Jer.43.10,33,39,33,41,Jehova,der HERR,name:subject-after-speech-verb
Jer.44.2,11,17,11,19,Jehova,der HERR,name:subject-after-speech-verb
Jer.44.4,145,151,145,151,Greuel,Gräuel,orthography:wordlist
Jer.44.5,92,95,92,96,daß,dass,orthography:wordlist
Jer.44.6,3,8,3,9,ergoß,ergoss,orthography:wordlist
Jer.44.7,30,36,30,38,Jehova,der HERR,name:subject-after-speech-verb
Jer.44.7,164,168,166,170,Weib,Frau,word:Weib-Frau
Jer.44.7,216,219,218,222,daß,dass,orthography:wordlist
Jer.44.8,61,64,61,65,daß,dass,orthography:wordlist
Jer.44.8,175,178,176,180,daß,dass,orthography:wordlist
Jer.44.9,110,116,110,116,Weiber,Frauen,word:Weib-Frau
Jer.44.9,161,167,161,167,Weiber,Frauen,word:Weib-Frau
Jer.44.11,18,24,18,26,Jehova,der HERR,name:subject-after-speech-verb
Jer.44.15,25,31,25,32,wußten,wussten,orthography:wordlist
Jer.44.15,34,37,35,39,daß,dass,orthography:wordlist
Jer.44.15,43,49,45,51,Weiber,Frauen,word:Weib-Frau
Jer.44.15,88,94,90,96,Weiber,Frauen,word:Weib-Frau
Jer.44.16,44,51,44,53,Jehovas,des HERRN,name:genitive
Jer.44.17,19,28,19,29,gewißlich,gewisslich,orthography:wordlist
Jer.44.20,69,76,69,75,Weibern,Frauen,word:Weib-Frau
Jer.44.21,194,200,194,198,Jehova,HERR,name:unresolved-case
Jer.44.22,22,28,22,26,Jehova,HERR,name:unresolved-case
Jer.44.22,118,124,116,122,Greuel,Gräuel,orthography:wordlist
Jer.44.23,6,9,6,10,daß,dass,orthography:wordlist
Jer.44.23,36,42,37,46,Jehova,den HERRN,name:accusative-preposition
Jer.44.23,74,81,78,87,Jehovas,des HERRN,name:genitive
Jer.44.24,54,61,54,60,Weibern,Frauen,word:Weib-Frau
Jer.44.24,80,87,79,88,Jehovas,des HERRN,name:genitive
Jer.44.25,11,17,11,19,Jehova,der HERR,name:subject-after-speech-verb
Jer.44.25,81,87,83,89,Weiber,Frauen,word:Weib-Frau
Jer.44.25,206,215,208,218,gewißlich,gewisslich,orthography:wordlist
Jer.44.26,23,30,23,32,Jehovas,des HERRN,name:genitive
Jer.44.26,142,148,144,152,Jehova,der HERR,name:subject-after-speech-verb
Jer.44.26,239,242,243,247,daß,dass,orthography:wordlist
Jer.44.26,276,282,281,289,Jehova,der HERR,name:subject-before-finite-verb
Jer.44.29,40,46,40,48,Jehova,der HERR,name:subject-after-speech-verb
Jer.44.29,49,52,51,55,daß,dass,orthography:wordlist
Jer.44.29,101,104,104,108,daß,dass,orthography:wordlist
Jer.44.29,118,121,122,126,daß,dass,orthography:wordlist
Jer.44.29,150,159,155,165,gewißlich,gewisslich,orthography:wordlist
Jer.44.30,11,17,11,19,Jehova,der HERR,name:subject-after-speech-verb
Jer.45.2,11,17,11,19,Jehova,der HERR,name:subject-after-speech-verb
Jer.45.3,39,45,39,47,Jehova,der HERR,name:subject-before-finite-verb
Jer.45.4,40,46,40,48,Jehova,der HERR,name:subject-after-speech-verb
Jer.45.5,136,142,136,144,Jehova,der HERR,name:subject-after-speech-verb
Jer.46.1,36,43,36,45,Jehovas,des HERRN,name:genitive
Jer.46.5,166,172,166,174,Jehova,der HERR,name:subject-after-speech-verb
Jer.46.10,35,41,35,39,Jehova,HERR,name:unresolved-case
Jer.46.10,223,229,221,225,Jehova,HERR,name:unresolved-case
Jer.46.13,19,25,19,27,Jehova,der HERR,name:subject-subordinate-clause
Jer.46.14,43,47,43,48,laßt,lasst,orthography:wordlist
Jer.46.14,74,78,75,80,laßt,lasst,orthography:wordlist
Jer.46.14,173,178,175,181,frißt,frisst,orthography:wordlist
Jer.46.15,68,74,68,76,Jehova,der HERR,name:subject-before-finite-verb
Jer.46.16,108,112,108,113,laßt,lasst,orthography:wordlist
Jer.46.18,40,46,40,44,Jehova,HERR,name:unresolved-case
Jer.46.23,43,49,43,51,Jehova,der HERR,name:subject-after-speech-verb
Jer.46.25,11,17,11,19,Jehova,der HERR,name:subject-after-speech-verb
Jer.46.26,255,261,255,263,Jehova,der HERR,name:subject-after-speech-verb
Jer.46.28,54,60,54,62,Jehova,der HERR,name:subject-after-speech-verb
Jer.47.1,9,16,9,18,Jehovas,des HERRN,name:genitive
Jer.47.2,11,17,11,19,Jehova,der HERR,name:subject-after-speech-verb
Jer.47.4,141,147,141,145,Jehova,HERR,name:unresolved-case
Jer.47.6,24,31,24,33,Jehovas,des HERRN,name:genitive
Jer.47.7,30,36,30,38,Jehova,der HERR,name:subject-with-intervening-object
Jer.48.1,23,29,23,31,Jehova,der HERR,name:subject-after-speech-verb
Jer.48.2,105,109,105,110,laßt,lasst,orthography:wordlist
Jer.48.2,129,132,130,134,daß,dass,orthography:wordlist
Jer.48.8,165,171,165,173,Jehova,der HERR,name:subject-subordinate-clause
Jer.48.9,101,104,101,105,daß,dass,orthography:wordlist
Jer.48.10,38,45,38,47,Jehovas,des HERRN,name:genitive
Jer.48.11,109,112,109,113,Faß,Fass,orthography:wordlist
Jer.48.11,117,120,118,122,Faß,Fass,orthography:wordlist
Jer.48.12,35,41,35,43,Jehova,der HERR,name:subject-after-speech-verb
Jer.48.15,158,164,158,162,Jehova,HERR,name:unresolved-case
Jer.48.20,107,110,107,111,daß,dass,orthography:wordlist
Jer.48.25,74,80,74,82,Jehova,der HERR,name:subject-after-speech-verb
Jer.48.26,25,31,25,34,Jehova,den HERRN,name:accusative-preposition
Jer.48.27,84,87,84,88,daß,dass,orthography:wordlist
Jer.48.30,35,41,35,43,Jehova,der HERR,name:subject-after-speech-verb
Jer.48.35,41,47,41,49,Jehova,der HERR,name:subject-after-speech-verb
Jer.48.38,154,160,154,162,Jehova,der HERR,name:subject-after-speech-verb
Jer.48.40,16,22,16,24,Jehova,der HERR,name:subject-after-speech-verb
Jer.48.41,130,135,130,135,eines,einer,grammar:Frau-determiner
Jer.48.41,136,142,136,140,Weibes,Frau,word:Weib-Frau
Jer.48.42,32,35,32,36,daß,dass,orthography:wordlist
Jer.48.42,88,94,89,98,Jehova,den HERRN,name:accusative-preposition
Jer.48.43,70,76,70,78,Jehova,der HERR,name:subject-after-speech-verb
Jer.48.44,212,218,212,220,Jehova,der HERR,name:subject-after-speech-verb
Jer.48.47,76,82,76,84,Jehova,der HERR,name:subject-after-speech-verb
Jer.49.1,35,41,35,43,Jehova,der HERR,name:subject-after-speech-verb
Jer.49.2,35,41,35,43,Jehova,der HERR,name:subject-after-speech-verb
Jer.49.2,266,272,268,276,Jehova,der HERR,name:subject-after-speech-verb
Jer.49.5,94,100,94,98,Jehova,HERR,name:unresolved-case
Jer.49.6,76,82,76,84,Jehova,der HERR,name:subject-after-speech-verb
Jer.49.7,23,29,23,31,Jehova,der HERR,name:subject-after-speech-verb
Jer.49.12,16,22,16,24,Jehova,der HERR,name:subject-after-speech-verb
Jer.49.13,43,49,43,51,Jehova,der HERR,name:subject-after-speech-verb
Jer.49.13,52,55,54,58,daß,dass,orthography:wordlist
Jer.49.14,35,41,35,44,Jehova,dem HERRN,name:dative-preposition
Jer.49.16,234,240,234,242,Jehova,der HERR,name:subject-after-speech-verb
Jer.49.18,84,90,84,92,Jehova,der HERR,name:subject-after-speech-verb
Jer.49.20,16,25,16,26,Ratschluß,Ratschluss,orthography:wordlist
Jer.49.20,26,33,27,36,Jehovas,des HERRN,name:genitive
Jer.49.22,169,174,169,174,eines,einer,grammar:Frau-determiner
Jer.49.22,175,181,175,179,Weibes,Frau,word:Weib-Frau
Jer.49.24,150,156,150,157,erfaßt,erfasst,orthography:wordlist
Jer.49.25,12,15,12,16,daß,dass,orthography:wordlist
Jer.49.26,114,120,114,122,Jehova,der HERR,name:subject-after-speech-verb
Jer.49.28,110,116,110,118,Jehova,der HERR,name:subject-after-speech-verb
Jer.49.30,85,91,85,93,Jehova,der HERR,name:subject-after-speech-verb
Jer.49.30,147,156,149,159,Ratschluß,Ratschluss,orthography:wordlist
Jer.49.31,95,101,95,103,Jehova,der HERR,name:subject-after-speech-verb
Jer.49.32,234,240,234,242,Jehova,der HERR,name:subject-after-speech-verb
Jer.49.34,9,16,9,18,Jehovas,des HERRN,name:genitive
Jer.49.35,11,17,11,19,Jehova,der HERR,name:subject-after-speech-verb
Jer.49.37,178,184,178,186,Jehova,der HERR,name:subject-after-speech-verb
Jer.49.38,115,121,115,123,Jehova,der HERR,name:subject-after-speech-verb
Jer.49.39,99,105,99,107,Jehova,der HERR,name:subject-after-speech-verb
Jer.50.1,19,25,19,27,Jehova,der HERR,name:subject-subordinate-clause
Jer.50.2,58,62,58,63,laßt,lasst,orthography:wordlist
Jer.50.2,100,104,101,106,laßt,lasst,orthography:wordlist
Jer.50.3,108,111,108,112,daß,dass,orthography:wordlist
Jer.50.4,54,60,54,62,Jehova,der HERR,name:subject-after-speech-verb
Jer.50.4,177,183,179,188,Jehova,den HERRN,name:accusative-apposition
Jer.50.5,101,107,101,105,Jehova,HERR,name:unresolved-case
Jer.50.7,105,111,105,114,Jehova,den HERRN,name:accusative-preposition
Jer.50.7,173,179,176,185,Jehova,den HERRN,name:accusative-preposition
Jer.50.10,90,96,90,98,Jehova,der HERR,name:subject-after-speech-verb
Jer.50.13,14,21,14,23,Jehovas,des HERRN,name:genitive
Jer.50.14,131,137,131,140,Jehova,den HERRN,name:accusative-preposition
Jer.50.15,164,171,164,173,Jehovas,des HERRN,name:genitive
Jer.50.18,14,20,14,22,Jehova,der HERR,name:subject-after-speech-verb
Jer.50.19,52,55,52,56,daß,dass,orthography:wordlist
Jer.50.20,53,59,53,61,Jehova,der HERR,name:subject-after-speech-verb
Jer.50.21,169,175,169,177,Jehova,der HERR,name:subject-after-speech-verb
Jer.50.24,86,89,86,90,daß,dass,orthography:wordlist
Jer.50.24,97,104,98,106,wußtest,wusstest,orthography:wordlist
Jer.50.24,166,172,168,177,Jehova,den HERRN,name:accusative-preposition
Jer.50.25,0,6,0,8,Jehova,Der HERR,name:subject-before-finite-verb
Jer.50.25,100,106,102,106,Jehova,HERR,name:unresolved-case
Jer.50.28,92,99,92,101,Jehovas,des HERRN,name:genitive
Jer.50.29,221,227,221,230,Jehova,den HERRN,name:accusative-preposition
Jer.50.30,122,128,122,130,Jehova,der HERR,name:subject-after-speech-verb
Jer.50.31,57,63,57,61,Jehova,HERR,name:unresolved-case
Jer.50.32,132,135,132,136,daß,dass,orthography:wordlist
Jer.50.33,11,17,11,19,Jehova,der HERR,name:subject-after-speech-verb
Jer.50.34,43,49,43,47,Jehova,HERR,name:unresolved-case
Jer.50.34,109,118,107,117,gewißlich,gewisslich,orthography:wordlist
Jer.50.34,132,135,131,135,daß,dass,orthography:wordlist
Jer.50.35,41,47,41,49,Jehova,der HERR,name:subject-after-speech-verb
Jer.50.36,33,36,33,37,daß,dass,orthography:wordlist
Jer.50.36,93,96,94,98,daß,dass,orthography:wordlist
Jer.50.37,113,116,113,117,daß,dass,orthography:wordlist
Jer.50.37,124,131,125,131,Weibern,Frauen,word:Weib-Frau
Jer.50.37,175,178,175,179,daß,dass,orthography:wordlist
Jer.50.38,38,41,38,42,daß,dass,orthography:wordlist
Jer.50.40,94,100,94,102,Jehova,der HERR,name:subject-after-speech-verb
Jer.50.45,16,25,16,26,Ratschluß,Ratschluss,orthography:wordlist
Jer.50.45,26,33,27,36,Jehovas,des HERRN,name:genitive
Jer.51.1,11,17,11,19,Jehova,der HERR,name:subject-after-speech-verb
Jer.51.5,66,72,66,75,Jehova,dem HERRN,name:dative-preposition
Jer.51.6,147,154,147,156,Jehovas,des HERRN,name:genitive
Jer.51.7,53,60,53,62,Jehovas,des HERRN,name:genitive
Jer.51.9,80,84,80,85,laßt,lasst,orthography:wordlist
Jer.51.10,0,6,0,8,Jehova,Der HERR,name:subject-before-finite-verb
Jer.51.10,67,71,69,74,laßt,lasst,orthography:wordlist
Jer.51.10,102,109,105,114,Jehovas,des HERRN,name:genitive
Jer.51.11,41,47,41,49,Jehova,Der HERR,name:subject-before-finite-verb
Jer.51.11,175,182,177,186,Jehovas,des HERRN,name:genitive
Jer.51.12,139,145,139,143,Jehova,HERR,name:unresolved-case
Jer.51.14,9,15,9,13,Jehova,HERR,name:unresolved-case
Jer.51.16,92,96,92,97,läßt,lässt,orthography:wordlist
Jer.51.19,127,133,127,131,Jehova,HERR,name:unresolved-case
Jer.51.21,35,38,35,39,Roß,Ross,orthography:wordlist
Jer.51.22,41,45,41,45,Weib,Frau,word:Weib-Frau
Jer.51.24,132,138,132,140,Jehova,der HERR,name:subject-after-speech-verb
Jer.51.25,33,39,33,37,Jehova,HERR,name:direct-address-pronoun
Jer.51.26,3,6,3,7,daß,dass,orthography:wordlist
Jer.51.26,115,121,116,124,Jehova,der HERR,name:subject-after-speech-verb
Jer.51.29,54,61,54,63,Jehovas,des HERRN,name:genitive
Jer.51.30,133,140,133,139,Weibern,Frauen,word:Weib-Frau
Jer.51.31,117,120,117,121,daß,dass,orthography:wordlist
Jer.51.33,16,22,16,24,Jehova,der HERR,name:subject-after-speech-verb
Jer.51.36,14,20,14,22,Jehova,der HERR,name:subject-after-speech-verb
Jer.51.39,84,87,84,88,daß,dass,orthography:wordlist
Jer.51.39,173,179,174,182,Jehova,der HERR,name:subject-after-speech-verb
Jer.51.45,95,102,95,104,Jehovas,des HERRN,name:genitive
Jer.51.46,14,17,14,18,daß,dass,orthography:wordlist
Jer.51.48,152,158,152,160,Jehova,der HERR,name:subject-after-speech-verb
Jer.51.49,45,48,45,49,daß,dass,orthography:wordlist
Jer.51.50,69,76,69,78,Jehovas,des HERRN,name:genitive
Jer.51.51,150,157,150,159,Jehovas,des HERRN,name:genitive
Jer.51.52,35,41,35,43,Jehova,der HERR,name:subject-after-speech-verb
Jer.51.53,137,143,137,145,Jehova,der HERR,name:subject-after-speech-verb
Jer.51.55,5,11,5,9,Jehova,HERR,name:unresolved-case
Jer.51.56,153,159,153,161,Jehova,der HERR,name:subject-after-auxiliary
Jer.51.56,171,180,173,183,gewißlich,gewisslich,orthography:wordlist
Jer.51.57,112,115,112,116,daß,dass,orthography:wordlist
Jer.51.57,198,204,199,203,Jehova,HERR,name:unresolved-case
Jer.51.58,38,44,38,46,Jehova,der HERR,name:subject-after-speech-verb
Jer.51.62,9,15,9,13,Jehova,HERR,name:direct-address-pronoun
Jer.51.62,54,57,52,56,daß,dass,orthography:wordlist
Jer.51.62,87,90,86,90,daß,dass,orthography:wordlist
Jer.51.62,156,159,156,160,daß,dass,orthography:wordlist
Jer.52.2,39,46,39,48,Jehovas,des HERRN,name:genitive
Jer.52.3,22,29,22,31,Jehovas,des HERRN,name:genitive
Jer.52.13,28,35,28,37,Jehovas,des HERRN,name:genitive
Jer.52.14,90,93,90,94,riß,riss,orthography:wordlist
Jer.52.17,74,81,74,83,Jehovas,des HERRN,name:genitive
Jer.52.17,146,153,148,157,Jehovas,des HERRN,name:genitive
Jer.52.20,152,159,152,161,Jehovas,des HERRN,name:genitive
Jer.52.21,97,104,97,105,umfaßte,umfasste,orthography:wordlist
Lam.1.5,77,83,77,85,Jehova,der HERR,name:subject-before-finite-verb
Lam.1.9,148,154,148,152,Jehova,HERR,name:direct-address-imperative
Lam.1.10,97,100,97,101,daß,dass,orthography:wordlist
Lam.1.11,118,124,118,122,Jehova,HERR,name:direct-address-imperative
Lam.1.11,140,143,138,142,daß,dass,orthography:wordlist
Lam.1.12,148,154,148,152,Jehova,HERR,name:unresolved-case
Lam.1.13,59,62,59,63,daß,dass,orthography:wordlist
Lam.1.14,197,200,197,201,daß,dass,orthography:wordlist
Lam.1.17,83,89,83,91,Jehova,Der HERR,name:subject-before-finite-verb
Lam.1.18,9,15,9,17,Jehova,Der HERR,name:subject-before-finite-verb
Lam.1.20,16,22,16,20,Jehova,HERR,name:direct-address-imperative
Lam.1.21,28,31,28,32,daß,dass,orthography:wordlist
Lam.1.21,149,152,150,154,daß,dass,orthography:wordlist
Lam.1.22,0,3,0,4,Laß,Lass,orthography:wordlist
Lam.2.3,181,186,181,187,frißt,frisst,orthography:wordlist
Lam.2.6,109,115,109,117,Jehova,der HERR,name:subject-before-finite-verb
Lam.2.6,143,150,145,151,Sabbath,Sabbat,orthography:wordlist
Lam.2.7,164,171,164,173,Jehovas,des HERRN,name:genitive
Lam.2.8,9,15,9,17,Jehova,Der HERR,name:subject-before-finite-verb
Lam.2.8,112,121,114,124,Meßschnur,Messschnur,orthography:wordlist
Lam.2.9,212,218,212,221,Jehova,dem HERRN,name:dative-preposition
Lam.2.13,113,116,113,117,daß,dass,orthography:wordlist
Lam.2.17,9,15,9,17,Jehova,Der HERR,name:subject-before-finite-verb
Lam.2.18,62,65,62,66,laß,lass,orthography:wordlist
Lam.2.20,16,22,16,20,Jehova,HERR,name:direct-address-imperative
Lam.2.20,70,76,68,74,Weiber,Frauen,word:Weib-Frau
Lam.2.22,144,151,144,153,Jehovas,des HERRN,name:genitive
Lam.3.7,40,43,40,44,daß,dass,orthography:wordlist
Lam.3.18,70,76,70,74,Jehova,HERR,name:unresolved-case
Lam.3.22,24,31,24,33,Jehovas,des HERRN,name:genitive
Lam.3.22,34,37,36,40,daß,dass,orthography:wordlist
Lam.3.24,9,15,9,17,Jehova,Der HERR,name:subject-before-finite-verb
Lam.3.25,20,26,20,28,Jehova,der HERR,name:subject-after-auxiliary
Lam.3.26,13,16,13,17,daß,dass,orthography:wordlist
Lam.3.26,49,56,50,59,Jehovas,des HERRN,name:genitive
Lam.3.27,23,26,23,27,daß,dass,orthography:wordlist
Lam.3.34,0,3,0,4,Daß,Dass,orthography:wordlist
Lam.3.37,46,49,46,50,daß,dass,orthography:wordlist
Lam.3.40,55,59,55,60,laßt,lasst,orthography:wordlist
Lam.3.40,67,73,68,77,Jehova,dem HERRN,name:dative-preposition
Lam.3.41,0,4,0,5,Laßt,Lasst,orthography:wordlist
Lam.3.44,41,44,41,45,daß,dass,orthography:wordlist
Lam.3.50,4,10,4,8,Jehova,HERR,name:unresolved-case
Lam.3.55,9,15,9,13,Jehova,HERR,name:unresolved-case
Lam.3.59,9,15,9,13,Jehova,HERR,name:direct-address-pronoun
Lam.3.61,9,15,9,13,Jehova,HERR,name:direct-address-pronoun
Lam.3.64,9,15,9,13,Jehova,HERR,name:unresolved-case
Lam.3.66,52,59,52,61,Jehovas,des HERRN,name:genitive
Lam.4.6,127,130,127,131,daß,dass,orthography:wordlist
Lam.4.10,24,30,24,30,Weiber,Frauen,word:Weib-Frau
Lam.4.11,9,15,9,17,Jehova,Der HERR,name:subject-before-finite-verb
Lam.4.12,102,105,102,106,daß,dass,orthography:wordlist
Lam.4.14,84,87,84,88,daß,dass,orthography:wordlist
Lam.4.16,9,16,9,18,Jehovas,Des HERRN,name:genitive
Lam.4.18,47,50,47,51,daß,dass,orthography:wordlist
Lam.4.20,31,38,31,40,Jehovas,des HERRN,name:genitive
Lam.5.1,19,25,19,23,Jehova,HERR,name:direct-address-imperative
Lam.5.5,61,65,61,66,läßt,lässt,orthography:wordlist
Lam.5.11,10,16,10,16,Weiber,Frauen,word:Weib-Frau
Lam.5.19,14,20,14,18,Jehova,HERR,name:direct-address
Lam.5.21,9,15,9,13,Jehova,HERR,name:unresolved-case
Lam.5.21,45,48,43,47,daß,dass,orthography:wordlist
Ezek.1.3,17,24,17,26,Jehovas,des HERRN,name:genitive
Ezek.1.3,155,162,157,166,Jehovas,des HERRN,name:genitive
Ezek.1.28,168,175,168,177,Jehovas,des HERRN,name:genitive
Ezek.2.4,150,156,150,154,Jehova,HERR,name:unresolved-case
Ezek.2.5,118,121,118,122,daß,dass,orthography:wordlist
Ezek.2.8,142,144,142,145,iß,iss,orthography:wordlist
Ezek.3.1,37,39,37,40,iß,iss,orthography:wordlist
Ezek.3.1,59,61,60,63,iß,iss,orthography:wordlist
Ezek.3.11,148,154,148,152,Jehova,HERR,name:unresolved-case
Ezek.3.12,125,132,125,134,Jehovas,des HERRN,name:genitive
Ezek.3.14,125,132,125,134,Jehovas,des HERRN,name:genitive
Ezek.3.16,73,80,73,82,Jehovas,des HERRN,name:genitive
Ezek.3.18,48,57,48,58,gewißlich,gewisslich,orthography:wordlist
Ezek.3.21,112,121,112,122,gewißlich,gewisslich,orthography:wordlist
Ezek.3.22,13,20,13,22,Jehovas,des HERRN,name:genitive
Ezek.3.23,109,116,109,118,Jehovas,des HERRN,name:genitive
Ezek.3.25,84,87,84,88,daß,dass,orthography:wordlist
Ezek.3.27,125,131,125,129,Jehova,HERR,name:unresolved-case
Ezek.3.27,173,177,171,176,läßt,lässt,orthography:wordlist
Ezek.4.3,149,152,149,153,daß,dass,orthography:wordlist
Ezek.4.8,37,40,37,41,daß,dass,orthography:wordlist
Ezek.4.13,4,10,4,12,Jehova,der HERR,name:subject-before-finite-verb
Ezek.4.14,29,35,29,33,Jehova,HERR,name:unresolved-case
Ezek.5.5,23,29,23,27,Jehova,HERR,name:unresolved-case
Ezek.5.7,26,32,26,30,Jehova,HERR,name:unresolved-case
Ezek.5.8,26,32,26,30,Jehova,HERR,name:unresolved-case
Ezek.5.9,111,117,111,117,Greuel,Gräuel,orthography:wordlist
Ezek.5.11,46,52,46,50,Jehova,HERR,name:unresolved-case
Ezek.5.11,154,160,152,158,Greuel,Gräuel,orthography:wordlist
Ezek.5.13,170,173,170,174,daß,dass,orthography:wordlist
Ezek.5.13,179,185,180,188,Jehova,der HERR,name:first-person-apposition
Ezek.5.15,220,226,220,228,Jehova,der HERR,name:first-person-apposition
Ezek.5.17,57,60,57,61,daß,dass,orthography:wordlist
Ezek.5.17,189,195,190,198,Jehova,der HERR,name:first-person-apposition
Ezek.6.1,23,30,23,32,Jehovas,des HERRN,name:genitive
Ezek.6.3,63,70,63,72,Jehovas,des HERRN,name:genitive
Ezek.6.3,95,101,97,101,Jehova,HERR,name:unresolved-case
Ezek.6.6,92,95,92,96,daß,dass,orthography:wordlist
Ezek.6.7,73,76,73,77,daß,dass,orthography:wordlist
Ezek.6.7,81,87,82,86,Jehova,HERR,name:unresolved-case
Ezek.6.9,357,364,357,364,Greueln,Gräueln,orthography:wordlist
Ezek.6.10,24,27,24,28,daß,dass,orthography:wordlist
Ezek.6.10,32,38,33,37,Jehova,HERR,name:unresolved-case
Ezek.6.10,78,81,77,81,daß,dass,orthography:wordlist
Ezek.6.11,23,29,23,27,Jehova,HERR,name:unresolved-case
Ezek.6.11,118,124,116,122,Greuel,Gräuel,orthography:wordlist
Ezek.6.13,34,37,34,38,daß,dass,orthography:wordlist
Ezek.6.13,42,48,43,47,Jehova,HERR,name:unresolved-case
Ezek.6.14,178,181,178,182,daß,dass,orthography:wordlist
Ezek.6.14,186,192,187,191,Jehova,HERR,name:unresolved-case
Ezek.7.1,23,30,23,32,Jehovas,des HERRN,name:genitive
Ezek.7.2,63,69,63,67,Jehova,HERR,name:unresolved-case
Ezek.7.3,130,136,130,136,Greuel,Gräuel,orthography:wordlist
Ezek.7.4,137,143,137,143,Greuel,Gräuel,orthography:wordlist
Ezek.7.4,199,202,199,203,daß,dass,orthography:wordlist
Ezek.7.4,208,214,209,213,Jehova,HERR,name:unresolved-case
Ezek.7.5,22,28,22,26,Jehova,HERR,name:unresolved-case
Ezek.7.8,145,151,145,151,Greuel,Gräuel,orthography:wordlist
Ezek.7.9,132,138,132,138,Greuel,Gräuel,orthography:wordlist
Ezek.7.9,194,197,194,198,daß,dass,orthography:wordlist
Ezek.7.9,204,210,205,213,Jehova,der HERR,name:first-person-apposition
Ezek.7.10,90,96,90,97,sproßt,sprosst,orthography:wordlist
Ezek.7.19,166,173,166,175,Jehovas,des HERRN,name:genitive
Ezek.7.21,98,101,98,102,daß,dass,orthography:wordlist
Ezek.7.22,50,53,50,54,daß,dass,orthography:wordlist
Ezek.7.24,56,59,56,60,daß,dass,orthography:wordlist
Ezek.7.24,154,157,155,159,daß,dass,orthography:wordlist
Ezek.7.27,245,248,245,249,daß,dass,orthography:wordlist
Ezek.7.27,253,259,254,258,Jehova,HERR,name:unresolved-case
Ezek.8.1,188,195,188,197,Jehovas,des HERRN,name:genitive
Ezek.8.6,74,80,74,80,Greuel,Gräuel,orthography:wordlist
Ezek.8.6,200,206,200,206,Greuel,Gräuel,orthography:wordlist
Ezek.8.9,54,60,54,60,Greuel,Gräuel,orthography:wordlist
Ezek.8.11,188,198,188,199,Räucherfaß,Räucherfass,orthography:wordlist
Ezek.8.12,162,168,162,170,Jehova,der HERR,name:subject-before-finite-verb
Ezek.8.12,187,193,189,197,Jehova,der HERR,name:subject-before-finite-verb
Ezek.8.13,52,58,52,58,Greuel,Gräuel,orthography:wordlist
Ezek.8.14,77,84,77,86,Jehovas,des HERRN,name:genitive
Ezek.8.14,135,141,137,143,Weiber,Frauen,word:Weib-Frau
Ezek.8.15,86,92,86,92,Greuel,Gräuel,orthography:wordlist
Ezek.8.16,74,81,74,83,Jehovas,des HERRN,name:genitive
Ezek.8.16,118,125,120,129,Jehovas,des HERRN,name:genitive
Ezek.8.16,224,231,228,237,Jehovas,des HERRN,name:genitive
Ezek.8.17,94,100,94,100,Greuel,Gräuel,orthography:wordlist
Ezek.8.17,136,139,136,140,daß,dass,orthography:wordlist
Ezek.9.4,4,10,4,12,Jehova,der HERR,name:subject-before-finite-verb
Ezek.9.4,176,182,178,184,Greuel,Gräuel,orthography:wordlist
Ezek.9.6,77,83,77,83,Weiber,Frauen,word:Weib-Frau
Ezek.9.8,149,155,149,153,Jehova,HERR,name:unresolved-case
Ezek.9.9,192,198,192,200,Jehova,der HERR,name:subject-before-finite-verb
Ezek.9.9,229,235,231,239,Jehova,der HERR,name:subject-before-finite-verb
Ezek.10.4,21,28,21,30,Jehovas,des HERRN,name:genitive
Ezek.10.4,200,207,202,211,Jehovas,des HERRN,name:genitive
Ezek.10.18,21,28,21,30,Jehovas,des HERRN,name:genitive
Ezek.10.19,228,235,228,237,Jehovas,des HERRN,name:genitive
Ezek.10.20,118,121,118,122,daß,dass,orthography:wordlist
Ezek.11.1,79,86,79,88,Jehovas,des HERRN,name:genitive
Ezek.11.5,25,32,25,34,Jehovas,des HERRN,name:genitive
Ezek.11.5,89,95,91,99,Jehova,der HERR,name:subject-after-speech-verb
Ezek.11.7,30,36,30,34,Jehova,HERR,name:unresolved-case
Ezek.11.8,104,110,104,108,Jehova,HERR,name:terminal-direct-address
Ezek.11.10,110,113,110,114,daß,dass,orthography:wordlist
Ezek.11.10,118,124,119,123,Jehova,HERR,name:unresolved-case
Ezek.11.12,24,27,24,28,daß,dass,orthography:wordlist
Ezek.11.12,32,38,33,37,Jehova,HERR,name:unresolved-case
Ezek.11.13,180,186,180,184,Jehova,HERR,name:unresolved-case
Ezek.11.14,23,30,23,32,Jehovas,des HERRN,name:genitive
Ezek.11.15,192,198,192,201,Jehova,dem HERRN,name:dative-preposition
Ezek.11.16,38,44,38,42,Jehova,HERR,name:unresolved-case
Ezek.11.17,38,44,38,42,Jehova,HERR,name:unresolved-case
Ezek.11.18,72,78,72,78,Greuel,Gräuel,orthography:wordlist
Ezek.11.20,4,7,4,8,daß,dass,orthography:wordlist
Ezek.11.21,60,66,60,66,Greuel,Gräuel,orthography:wordlist
Ezek.11.21,149,155,149,153,Jehova,HERR,name:terminal-direct-address
Ezek.11.23,21,28,21,30,Jehovas,des HERRN,name:genitive
Ezek.11.25,47,54,47,56,Jehovas,des HERRN,name:genitive
Ezek.12.1,23,30,23,32,Jehovas,des HERRN,name:genitive
Ezek.12.8,23,30,23,32,Jehovas,des HERRN,name:genitive
Ezek.12.10,50,56,50,54,Jehova,HERR,name:unresolved-case
Ezek.12.12,228,231,228,232,daß,dass,orthography:wordlist
Ezek.12.15,24,27,24,28,daß,dass,orthography:wordlist
Ezek.12.15,32,38,33,37,Jehova,HERR,name:unresolved-case
Ezek.12.16,98,101,98,102,daß,dass,orthography:wordlist
Ezek.12.16,116,122,117,123,Greuel,Gräuel,orthography:wordlist
Ezek.12.16,203,206,204,208,daß,dass,orthography:wordlist
Ezek.12.16,211,217,213,217,Jehova,HERR,name:unresolved-case
Ezek.12.17,23,30,23,32,Jehovas,des HERRN,name:genitive
Ezek.12.19,62,68,62,66,Jehova,HERR,name:unresolved-case
Ezek.12.20,104,107,104,108,daß,dass,orthography:wordlist
Ezek.12.20,112,118,113,117,Jehova,HERR,name:unresolved-case
Ezek.12.21,23,30,23,32,Jehovas,des HERRN,name:genitive
Ezek.12.23,47,53,47,51,Jehova,HERR,name:unresolved-case
Ezek.12.25,13,19,13,21,Jehova,der HERR,name:predicate-name
Ezek.12.25,226,232,228,232,Jehova,HERR,name:terminal-direct-address
Ezek.12.26,23,30,23,32,Jehovas,des HERRN,name:genitive
Ezek.12.28,47,53,47,51,Jehova,HERR,name:unresolved-case
Ezek.12.28,177,183,175,179,Jehova,HERR,name:terminal-direct-address
Ezek.13.1,23,30,23,32,Jehovas,des HERRN,name:genitive
Ezek.13.2,145,152,145,154,Jehovas,des HERRN,name:genitive
Ezek.13.3,23,29,23,27,Jehova,HERR,name:unresolved-case
Ezek.13.5,141,148,141,150,Jehovas,des HERRN,name:genitive
Ezek.13.6,75,82,75,84,Jehovas,des HERRN,name:genitive
Ezek.13.6,93,99,95,99,Jehova,HERR,name:unresolved-case
Ezek.13.6,148,151,148,152,daß,dass,orthography:wordlist
Ezek.13.7,106,113,106,115,Jehovas,des HERRN,name:genitive
Ezek.13.8,26,32,26,30,Jehova,HERR,name:unresolved-case
Ezek.13.8,135,141,133,137,Jehova,HERR,name:terminal-direct-address
Ezek.13.9,276,279,276,280,daß,dass,orthography:wordlist
Ezek.13.9,295,301,296,300,Jehova,HERR,name:unresolved-case
Ezek.13.10,17,20,17,21,daß,dass,orthography:wordlist
Ezek.13.13,30,36,30,34,Jehova,HERR,name:unresolved-case
Ezek.13.14,105,108,105,109,daß,dass,orthography:wordlist
Ezek.13.14,225,228,226,230,daß,dass,orthography:wordlist
Ezek.13.14,233,239,235,239,Jehova,HERR,name:unresolved-case
Ezek.13.16,154,160,154,158,Jehova,HERR,name:terminal-direct-address
Ezek.13.18,59,65,59,63,Jehova,HERR,name:unresolved-case
Ezek.13.20,26,32,26,30,Jehova,HERR,name:unresolved-case
Ezek.13.20,235,238,233,237,daß,dass,orthography:wordlist
Ezek.13.21,161,164,161,165,daß,dass,orthography:wordlist
Ezek.13.21,169,175,170,174,Jehova,HERR,name:unresolved-case
Ezek.13.23,158,161,158,162,daß,dass,orthography:wordlist
Ezek.13.23,166,172,167,171,Jehova,HERR,name:unresolved-case
Ezek.14.2,23,30,23,32,Jehovas,des HERRN,name:genitive
Ezek.14.4,67,73,67,71,Jehova,HERR,name:unresolved-case
Ezek.14.4,156,160,154,159,läßt,lässt,orthography:wordlist
Ezek.14.4,259,265,258,266,Jehova,der HERR,name:first-person-apposition
Ezek.14.6,56,62,56,60,Jehova,HERR,name:unresolved-case
Ezek.14.6,143,150,141,148,Greueln,Gräueln,orthography:wordlist
Ezek.14.7,163,167,163,168,läßt,lässt,orthography:wordlist
Ezek.14.7,296,302,297,305,Jehova,der HERR,name:first-person-apposition
Ezek.14.8,208,211,208,212,daß,dass,orthography:wordlist
Ezek.14.8,216,222,217,221,Jehova,HERR,name:unresolved-case
Ezek.14.9,36,40,36,41,läßt,lässt,orthography:wordlist
Ezek.14.9,77,83,78,86,Jehova,der HERR,name:first-person-apposition
Ezek.14.11,197,203,197,201,Jehova,HERR,name:terminal-direct-address
Ezek.14.12,23,30,23,32,Jehovas,des HERRN,name:genitive
Ezek.14.14,160,166,160,164,Jehova,HERR,name:unresolved-case
Ezek.14.15,106,109,106,110,daß,dass,orthography:wordlist
Ezek.14.16,78,84,78,82,Jehova,HERR,name:unresolved-case
Ezek.14.18,83,89,83,87,Jehova,HERR,name:unresolved-case
Ezek.14.20,89,95,89,93,Jehova,HERR,name:unresolved-case
Ezek.14.21,28,34,28,32,Jehova,HERR,name:unresolved-case
Ezek.14.21,36,43,34,42,Wieviel,Wie viel,orthography:wordlist
Ezek.14.23,112,115,112,116,daß,dass,orthography:wordlist
Ezek.14.23,202,208,203,207,Jehova,HERR,name:terminal-direct-address
Ezek.15.1,23,30,23,32,Jehovas,des HERRN,name:genitive
Ezek.15.5,69,76,69,77,wieviel,wie viel,orthography:wordlist
Ezek.15.6,30,36,30,34,Jehova,HERR,name:unresolved-case
Ezek.15.7,140,143,140,144,daß,dass,orthography:wordlist
Ezek.15.7,148,154,149,153,Jehova,HERR,name:unresolved-case
Ezek.15.8,114,120,114,118,Jehova,HERR,name:terminal-direct-address
Ezek.16.1,23,30,23,32,Jehovas,des HERRN,name:genitive
Ezek.16.2,35,41,35,41,Greuel,Gräuel,orthography:wordlist
Ezek.16.3,23,29,23,27,Jehova,HERR,name:unresolved-case
Ezek.16.8,242,248,242,246,Jehova,HERR,name:unresolved-case
Ezek.16.14,169,175,169,173,Jehova,HERR,name:terminal-direct-address
Ezek.16.19,198,204,198,202,Jehova,HERR,name:unresolved-case
Ezek.16.21,35,38,35,39,daß,dass,orthography:wordlist
Ezek.16.22,21,28,21,28,Greueln,Gräueln,orthography:wordlist
Ezek.16.23,82,88,82,86,Jehova,HERR,name:unresolved-case
Ezek.16.30,62,68,62,66,Jehova,HERR,name:unresolved-case
Ezek.16.32,0,3,0,3,das,die,grammar:Frau-determiner
Ezek.16.32,20,24,20,24,Weib,Frau,word:Weib-Frau
Ezek.16.34,47,54,47,53,Weibern,Frauen,word:Weib-Frau
Ezek.16.34,78,81,77,81,daß,dass,orthography:wordlist
Ezek.16.35,29,36,29,38,Jehovas,des HERRN,name:genitive
Ezek.16.36,22,28,22,26,Jehova,HERR,name:unresolved-case
Ezek.16.37,119,125,119,126,gehaßt,gehasst,orthography:wordlist
Ezek.16.37,229,232,230,234,daß,dass,orthography:wordlist
Ezek.16.41,99,105,99,105,Weiber,Frauen,word:Weib-Frau
Ezek.16.43,7,10,7,11,daß,dass,orthography:wordlist
Ezek.16.43,187,193,188,192,Jehova,HERR,name:unresolved-case
Ezek.16.43,257,264,256,263,Greueln,Gräueln,orthography:wordlist
Ezek.16.47,83,90,83,90,Greueln,Gräueln,orthography:wordlist
Ezek.16.48,39,45,39,43,Jehova,HERR,name:unresolved-case
Ezek.16.50,38,44,38,44,Greuel,Gräuel,orthography:wordlist
Ezek.16.51,88,94,88,94,Greuel,Gräuel,orthography:wordlist
Ezek.16.51,178,184,178,184,Greuel,Gräuel,orthography:wordlist
Ezek.16.52,108,118,108,118,greulicher,gräulicher,orthography:wordlist
Ezek.16.54,4,7,4,8,daß,dass,orthography:wordlist
Ezek.16.58,24,30,24,30,Greuel,Gräuel,orthography:wordlist
Ezek.16.58,63,69,63,71,Jehova,der HERR,name:subject-after-speech-verb
Ezek.16.59,27,33,27,31,Jehova,HERR,name:unresolved-case
Ezek.16.62,68,71,68,72,daß,dass,orthography:wordlist
Ezek.16.62,76,82,77,81,Jehova,HERR,name:unresolved-case
Ezek.16.63,14,17,14,18,daß,dass,orthography:wordlist
Ezek.16.63,182,188,183,187,Jehova,HERR,name:terminal-direct-address
Ezek.17.1,23,30,23,32,Jehovas,des HERRN,name:genitive
Ezek.17.3,36,42,36,40,Jehova,HERR,name:unresolved-case
Ezek.17.4,29,39,29,40,Schößlinge,Schösslinge,orthography:wordlist
Ezek.17.9,30,36,30,38,Jehova,der HERR,name:subject-before-finite-verb
Ezek.17.9,132,135,134,138,daß,dass,orthography:wordlist
Ezek.17.11,23,30,23,32,Jehovas,des HERRN,name:genitive
Ezek.17.14,41,44,41,45,daß,dass,orthography:wordlist
Ezek.17.14,106,109,107,111,daß,dass,orthography:wordlist
Ezek.17.16,39,45,39,43,Jehova,HERR,name:unresolved-case
Ezek.17.19,25,31,25,29,Jehova,HERR,name:unresolved-case
Ezek.17.21,173,176,173,177,daß,dass,orthography:wordlist
Ezek.17.21,183,189,184,192,Jehova,der HERR,name:first-person-apposition
Ezek.17.22,23,29,23,27,Jehova,HERR,name:unresolved-case
Ezek.17.22,84,93,82,92,Schößling,Schössling,orthography:wordlist
Ezek.17.22,142,152,141,152,Schößlinge,Schösslinge,orthography:wordlist
Ezek.17.24,46,49,46,50,daß,dass,orthography:wordlist
Ezek.17.24,55,61,56,64,Jehova,der HERR,name:first-person-apposition
Ezek.17.24,192,198,195,203,Jehova,der HERR,name:first-person-apposition
Ezek.18.1,23,30,23,32,Jehovas,des HERRN,name:genitive
Ezek.18.2,15,18,15,19,daß,dass,orthography:wordlist
Ezek.18.3,49,55,49,53,Jehova,HERR,name:unresolved-case
Ezek.18.6,99,102,99,102,das,die,grammar:Frau-determiner
Ezek.18.6,103,107,103,107,Weib,Frau,word:Weib-Frau
Ezek.18.6,150,153,150,153,dem,der,grammar:Frau-determiner
Ezek.18.6,154,159,154,158,Weibe,Frau,word:Weib-Frau
Ezek.18.9,110,119,110,120,gewißlich,gewisslich,orthography:wordlist
Ezek.18.9,148,154,149,153,Jehova,HERR,name:unresolved-case
Ezek.18.11,86,89,86,89,das,die,grammar:Frau-determiner
Ezek.18.11,90,94,90,94,Weib,Frau,word:Weib-Frau
Ezek.18.13,9,15,9,15,Greuel,Gräuel,orthography:wordlist
Ezek.18.13,110,116,110,116,Greuel,Gräuel,orthography:wordlist
Ezek.18.13,142,151,142,152,gewißlich,gewisslich,orthography:wordlist
Ezek.18.15,120,123,120,123,das,die,grammar:Frau-determiner
Ezek.18.15,124,128,124,128,Weib,Frau,word:Weib-Frau
Ezek.18.17,215,224,215,225,gewißlich,gewisslich,orthography:wordlist
Ezek.18.19,205,214,205,215,gewißlich,gewisslich,orthography:wordlist
Ezek.18.21,156,165,156,166,gewißlich,gewisslich,orthography:wordlist
Ezek.18.23,88,94,88,92,Jehova,HERR,name:unresolved-case
Ezek.18.23,119,122,117,121,daß,dass,orthography:wordlist
Ezek.18.24,89,96,89,96,Greueln,Gräueln,orthography:wordlist
Ezek.18.28,101,110,101,111,gewißlich,gewisslich,orthography:wordlist
Ezek.18.30,97,103,97,101,Jehova,HERR,name:unresolved-case
Ezek.18.30,169,172,167,171,daß,dass,orthography:wordlist
Ezek.18.32,75,81,75,79,Jehova,HERR,name:unresolved-case
Ezek.19.5,18,21,18,22,daß,dass,orthography:wordlist
Ezek.19.9,137,140,137,141,daß,dass,orthography:wordlist
Ezek.20.1,124,130,124,133,Jehova,den HERRN,name:accusative-preposition
Ezek.20.2,23,30,23,32,Jehovas,des HERRN,name:genitive
Ezek.20.3,90,96,90,94,Jehova,HERR,name:unresolved-case
Ezek.20.3,217,223,215,219,Jehova,HERR,name:terminal-direct-address
Ezek.20.4,78,84,78,84,Greuel,Gräuel,orthography:wordlist
Ezek.20.5,23,29,23,27,Jehova,HERR,name:unresolved-case
Ezek.20.5,220,226,218,226,Jehova,der HERR,name:predicate-name
Ezek.20.6,44,47,44,48,daß,dass,orthography:wordlist
Ezek.20.7,141,147,141,149,Jehova,der HERR,name:predicate-name
Ezek.20.9,48,51,48,52,daß,dass,orthography:wordlist
Ezek.20.12,25,33,25,32,Sabbathe,Sabbate,orthography:wordlist
Ezek.20.12,110,113,109,113,daß,dass,orthography:wordlist
Ezek.20.12,135,138,135,139,daß,dass,orthography:wordlist
Ezek.20.12,143,149,144,148,Jehova,HERR,name:unresolved-case
Ezek.20.13,219,227,219,226,Sabbathe,Sabbate,orthography:wordlist
Ezek.20.14,48,51,48,52,daß,dass,orthography:wordlist
Ezek.20.15,53,56,53,57,daß,dass,orthography:wordlist
Ezek.20.16,87,95,87,94,Sabbathe,Sabbate,orthography:wordlist
Ezek.20.17,31,34,31,35,daß,dass,orthography:wordlist
Ezek.20.19,8,14,8,16,Jehova,der HERR,name:predicate-name
Ezek.20.20,29,37,29,36,Sabbathe,Sabbate,orthography:wordlist
Ezek.20.20,99,102,98,102,daß,dass,orthography:wordlist
Ezek.20.20,116,119,116,120,daß,dass,orthography:wordlist
Ezek.20.20,124,130,125,129,Jehova,HERR,name:unresolved-case
Ezek.20.21,218,226,218,225,Sabbathe,Sabbate,orthography:wordlist
Ezek.20.22,78,81,78,82,daß,dass,orthography:wordlist
Ezek.20.23,49,52,49,53,daß,dass,orthography:wordlist
Ezek.20.24,78,86,78,85,Sabbathe,Sabbate,orthography:wordlist
Ezek.20.26,132,135,132,136,daß,dass,orthography:wordlist
Ezek.20.26,183,186,184,188,daß,dass,orthography:wordlist
Ezek.20.26,191,197,193,197,Jehova,HERR,name:unresolved-case
Ezek.20.27,89,95,89,93,Jehova,HERR,name:unresolved-case
Ezek.20.30,56,62,56,60,Jehova,HERR,name:unresolved-case
Ezek.20.31,260,266,260,264,Jehova,HERR,name:unresolved-case
Ezek.20.32,71,74,71,75,daß,dass,orthography:wordlist
Ezek.20.33,39,45,39,43,Jehova,HERR,name:unresolved-case
Ezek.20.36,131,137,131,135,Jehova,HERR,name:terminal-direct-address
Ezek.20.38,224,227,224,228,daß,dass,orthography:wordlist
Ezek.20.38,232,238,233,237,Jehova,HERR,name:unresolved-case
Ezek.20.39,47,53,47,51,Jehova,HERR,name:unresolved-case
Ezek.20.40,83,89,83,87,Jehova,HERR,name:unresolved-case
Ezek.20.42,24,27,24,28,daß,dass,orthography:wordlist
Ezek.20.42,32,38,33,37,Jehova,HERR,name:unresolved-case
Ezek.20.44,60,63,60,64,daß,dass,orthography:wordlist
Ezek.20.44,68,74,69,73,Jehova,HERR,name:unresolved-case
Ezek.20.44,238,244,237,241,Jehova,HERR,name:terminal-direct-address
Ezek.21.1,23,30,23,32,Jehovas,des HERRN,name:genitive
Ezek.21.3,72,79,72,81,Jehovas,des HERRN,name:genitive
Ezek.21.3,104,110,106,110,Jehova,HERR,name:unresolved-case
Ezek.21.4,31,34,31,35,daß,dass,orthography:wordlist
Ezek.21.4,40,46,41,49,Jehova,der HERR,name:first-person-apposition
Ezek.21.5,30,36,30,34,Jehova,HERR,name:unresolved-case
Ezek.21.6,23,30,23,32,Jehovas,des HERRN,name:genitive
Ezek.21.8,45,51,45,53,Jehova,der HERR,name:subject-after-speech-verb
Ezek.21.10,33,36,33,37,daß,dass,orthography:wordlist
Ezek.21.10,42,48,43,51,Jehova,der HERR,name:first-person-apposition
Ezek.21.11,31,34,31,35,daß,dass,orthography:wordlist
Ezek.21.12,342,348,342,346,Jehova,HERR,name:terminal-direct-address
Ezek.21.13,23,30,23,32,Jehovas,des HERRN,name:genitive
Ezek.21.18,114,120,114,118,Jehova,HERR,name:unresolved-case
Ezek.21.22,80,86,80,88,Jehova,der HERR,name:first-person-apposition
Ezek.21.23,23,30,23,32,Jehovas,des HERRN,name:genitive
Ezek.21.27,52,55,52,56,daß,dass,orthography:wordlist
Ezek.21.28,154,157,154,158,daß,dass,orthography:wordlist
Ezek.21.29,30,36,30,34,Jehova,HERR,name:unresolved-case
Ezek.21.29,140,143,138,142,daß,dass,orthography:wordlist
Ezek.21.31,23,29,23,27,Jehova,HERR,name:unresolved-case
Ezek.21.33,68,74,68,72,Jehova,HERR,name:unresolved-case
Ezek.21.37,131,137,131,139,Jehova,der HERR,name:first-person-apposition
Ezek.22.1,23,30,23,32,Jehovas,des HERRN,name:genitive
Ezek.22.2,116,122,116,122,Greuel,Gräuel,orthography:wordlist
Ezek.22.3,23,29,23,27,Jehova,HERR,name:unresolved-case
Ezek.22.8,51,59,51,58,Sabbathe,Sabbate,orthography:wordlist
Ezek.22.11,27,33,27,33,Greuel,Gräuel,orthography:wordlist
Ezek.22.11,46,49,46,49,dem,der,grammar:Frau-determiner
Ezek.22.11,50,55,50,54,Weibe,Frau,word:Weib-Frau
Ezek.22.12,195,201,195,199,Jehova,HERR,name:terminal-direct-address
Ezek.22.14,114,120,114,122,Jehova,der HERR,name:first-person-apposition
Ezek.22.16,99,102,99,103,daß,dass,orthography:wordlist
Ezek.22.16,107,113,108,112,Jehova,HERR,name:unresolved-case
Ezek.22.17,23,30,23,32,Jehovas,des HERRN,name:genitive
Ezek.22.19,30,36,30,34,Jehova,HERR,name:unresolved-case
Ezek.22.21,79,82,79,83,daß,dass,orthography:wordlist
Ezek.22.22,113,116,113,117,daß,dass,orthography:wordlist
Ezek.22.22,122,128,123,131,Jehova,der HERR,name:first-person-apposition
Ezek.22.23,23,30,23,32,Jehovas,des HERRN,name:genitive
Ezek.22.26,231,240,231,239,Sabbathen,Sabbaten,orthography:wordlist
Ezek.22.28,147,153,147,151,Jehova,HERR,name:unresolved-case
Ezek.22.28,170,176,168,176,Jehova,der HERR,name:subject-after-auxiliary
Ezek.22.30,84,87,84,88,Riß,Riss,orthography:wordlist
Ezek.22.30,123,126,124,128,daß,dass,orthography:wordlist
Ezek.22.31,149,155,149,153,Jehova,HERR,name:terminal-direct-address
Ezek.23.1,23,30,23,32,Jehovas,des HERRN,name:genitive
Ezek.23.2,28,34,28,34,Weiber,Frauen,word:Weib-Frau
Ezek.23.10,166,173,166,172,Weibern,Frauen,word:Weib-Frau
Ezek.23.13,14,17,14,18,daß,dass,orthography:wordlist
Ezek.23.17,144,147,144,148,riß,riss,orthography:wordlist
Ezek.23.18,68,71,68,72,riß,riss,orthography:wordlist
Ezek.23.20,105,110,105,111,Erguß,Erguss,orthography:wordlist
Ezek.23.20,119,124,120,126,Erguß,Erguss,orthography:wordlist
Ezek.23.22,39,45,39,43,Jehova,HERR,name:unresolved-case
Ezek.23.27,22,25,22,26,daß,dass,orthography:wordlist
Ezek.23.27,50,56,51,58,abläßt,ablässt,orthography:wordlist
Ezek.23.27,100,103,102,106,daß,dass,orthography:wordlist
Ezek.23.28,27,33,27,31,Jehova,HERR,name:unresolved-case
Ezek.23.29,37,40,37,41,Haß,Hass,orthography:wordlist
Ezek.23.32,22,28,22,26,Jehova,HERR,name:unresolved-case
Ezek.23.32,166,170,164,169,faßt,fasst,orthography:wordlist
Ezek.23.34,151,157,151,155,Jehova,HERR,name:unresolved-case
Ezek.23.35,29,35,29,33,Jehova,HERR,name:unresolved-case
Ezek.23.36,4,10,4,12,Jehova,der HERR,name:subject-before-finite-verb
Ezek.23.36,107,113,109,115,Greuel,Gräuel,orthography:wordlist
Ezek.23.38,101,109,101,108,Sabbathe,Sabbate,orthography:wordlist
Ezek.23.44,122,129,122,128,Weibern,Frauen,word:Weib-Frau
Ezek.23.46,28,34,28,32,Jehova,HERR,name:unresolved-case
Ezek.23.46,100,111,98,110,Mißhandlung,Misshandlung,orthography:wordlist
Ezek.23.48,71,77,71,77,Weiber,Frauen,word:Weib-Frau
Ezek.23.49,123,126,123,127,daß,dass,orthography:wordlist
Ezek.23.49,142,148,143,147,Jehova,HERR,name:unresolved-case
Ezek.24.1,23,30,23,32,Jehovas,des HERRN,name:genitive
Ezek.24.3,109,115,109,113,Jehova,HERR,name:unresolved-case
Ezek.24.5,88,91,88,92,laß,lass,orthography:wordlist
Ezek.24.5,112,115,113,117,daß,dass,orthography:wordlist
Ezek.24.6,26,32,26,30,Jehova,HERR,name:unresolved-case
Ezek.24.7,122,125,122,126,daß,dass,orthography:wordlist
Ezek.24.9,30,36,30,34,Jehova,HERR,name:unresolved-case
Ezek.24.10,66,69,66,70,laß,lass,orthography:wordlist
Ezek.24.14,5,11,5,13,Jehova,der HERR,name:first-person-apposition
Ezek.24.14,245,251,247,251,Jehova,HERR,name:terminal-direct-address
Ezek.24.15,23,30,23,32,Jehovas,des HERRN,name:genitive
Ezek.24.18,62,66,62,67,mein,meine,grammar:Frau-determiner
Ezek.24.18,67,71,68,72,Weib,Frau,word:Weib-Frau
Ezek.24.19,86,89,86,90,daß,dass,orthography:wordlist
Ezek.24.20,45,52,45,54,Jehovas,des HERRN,name:genitive
Ezek.24.21,59,65,59,63,Jehova,HERR,name:unresolved-case
Ezek.24.24,142,145,142,146,daß,dass,orthography:wordlist
Ezek.24.24,161,167,162,166,Jehova,HERR,name:unresolved-case
Ezek.24.27,194,197,194,198,daß,dass,orthography:wordlist
Ezek.24.27,202,208,203,207,Jehova,HERR,name:unresolved-case
Ezek.25.1,23,30,23,32,Jehovas,des HERRN,name:genitive
Ezek.25.3,64,71,64,73,Jehovas,des HERRN,name:genitive
Ezek.25.3,96,102,98,102,Jehova,HERR,name:unresolved-case
Ezek.25.3,150,153,150,154,daß,dass,orthography:wordlist
Ezek.25.3,199,202,200,204,daß,dass,orthography:wordlist
Ezek.25.3,247,250,249,253,daß,dass,orthography:wordlist
Ezek.25.5,125,128,125,129,daß,dass,orthography:wordlist
Ezek.25.5,133,139,134,138,Jehova,HERR,name:unresolved-case
Ezek.25.6,27,33,27,31,Jehova,HERR,name:unresolved-case
Ezek.25.7,232,235,232,236,daß,dass,orthography:wordlist
Ezek.25.7,240,246,241,245,Jehova,HERR,name:unresolved-case
Ezek.25.8,23,29,23,27,Jehova,HERR,name:unresolved-case
Ezek.25.10,100,103,100,104,daß,dass,orthography:wordlist
Ezek.25.11,72,75,72,76,daß,dass,orthography:wordlist
Ezek.25.11,80,86,81,85,Jehova,HERR,name:unresolved-case
Ezek.25.12,23,29,23,27,Jehova,HERR,name:unresolved-case
Ezek.25.13,30,36,30,34,Jehova,HERR,name:unresolved-case
Ezek.25.14,233,239,233,237,Jehova,HERR,name:terminal-direct-address
Ezek.25.15,23,29,23,27,Jehova,HERR,name:unresolved-case
Ezek.25.16,30,36,30,34,Jehova,HERR,name:unresolved-case
Ezek.25.17,108,111,108,112,daß,dass,orthography:wordlist
Ezek.25.17,116,122,117,121,Jehova,HERR,name:unresolved-case
Ezek.26.1,87,94,87,96,Jehovas,des HERRN,name:genitive
Ezek.26.2,21,24,21,25,daß,dass,orthography:wordlist
Ezek.26.3,30,36,30,34,Jehova,HERR,name:unresolved-case
Ezek.26.5,108,114,108,112,Jehova,HERR,name:unresolved-case
Ezek.26.6,112,115,112,116,daß,dass,orthography:wordlist
Ezek.26.6,120,126,121,125,Jehova,HERR,name:unresolved-case
Ezek.26.7,28,34,28,32,Jehova,HERR,name:unresolved-case
Ezek.26.14,151,157,151,159,Jehova,der HERR,name:first-person-apposition
Ezek.26.14,194,200,196,200,Jehova,HERR,name:unresolved-case
Ezek.26.15,41,47,41,45,Jehova,HERR,name:unresolved-case
Ezek.26.19,28,34,28,32,Jehova,HERR,name:unresolved-case
Ezek.26.20,269,272,269,273,daß,dass,orthography:wordlist
Ezek.26.21,157,163,157,161,Jehova,HERR,name:terminal-direct-address
Ezek.27.1,23,30,23,32,Jehovas,des HERRN,name:genitive
Ezek.27.3,128,134,128,132,Jehova,HERR,name:unresolved-case
Ezek.27.6,91,100,91,101,eingefaßt,eingefasst,orthography:wordlist
Ezek.28.1,23,30,23,32,Jehovas,des HERRN,name:genitive
Ezek.28.2,72,78,72,76,Jehova,HERR,name:unresolved-case
Ezek.28.6,29,35,29,33,Jehova,HERR,name:unresolved-case
Ezek.28.10,124,130,124,128,Jehova,HERR,name:terminal-direct-address
Ezek.28.11,23,30,23,32,Jehovas,des HERRN,name:genitive
Ezek.28.12,104,110,104,108,Jehova,HERR,name:unresolved-case
Ezek.28.20,23,30,23,32,Jehovas,des HERRN,name:genitive
Ezek.28.22,23,29,23,27,Jehova,HERR,name:unresolved-case
Ezek.28.22,138,141,136,140,daß,dass,orthography:wordlist
Ezek.28.22,146,152,145,149,Jehova,HERR,name:unresolved-case
Ezek.28.23,212,215,212,216,daß,dass,orthography:wordlist
Ezek.28.23,220,226,221,225,Jehova,HERR,name:unresolved-case
Ezek.28.24,172,175,172,176,daß,dass,orthography:wordlist
Ezek.28.24,191,197,192,196,Jehova,HERR,name:unresolved-case
Ezek.28.25,23,29,23,27,Jehova,HERR,name:unresolved-case
Ezek.28.26,241,244,241,245,daß,dass,orthography:wordlist
Ezek.28.26,249,255,250,254,Jehova,HERR,name:unresolved-case
Ezek.29.1,80,87,80,89,Jehovas,des HERRN,name:genitive
Ezek.29.3,41,47,41,45,Jehova,HERR,name:unresolved-case
Ezek.29.6,47,50,47,51,daß,dass,orthography:wordlist
Ezek.29.6,55,61,56,60,Jehova,HERR,name:unresolved-case
Ezek.29.7,29,37,29,38,erfaßten,erfassten,orthography:wordlist
Ezek.29.8,30,36,30,34,Jehova,HERR,name:unresolved-case
Ezek.29.9,91,94,91,95,daß,dass,orthography:wordlist
Ezek.29.9,99,105,100,104,Jehova,HERR,name:unresolved-case
Ezek.29.13,28,34,28,32,Jehova,HERR,name:unresolved-case
Ezek.29.15,133,136,133,137,daß,dass,orthography:wordlist
Ezek.29.16,172,175,172,176,daß,dass,orthography:wordlist
Ezek.29.16,191,197,192,196,Jehova,HERR,name:unresolved-case
Ezek.29.17,118,125,118,127,Jehovas,des HERRN,name:genitive
Ezek.29.19,29,35,29,33,Jehova,HERR,name:unresolved-case
Ezek.29.20,148,154,148,152,Jehova,HERR,name:unresolved-case
Ezek.29.21,153,156,153,157,daß,dass,orthography:wordlist
Ezek.29.21,161,167,162,166,Jehova,HERR,name:unresolved-case
Ezek.30.1,23,30,23,32,Jehovas,des HERRN,name:genitive
Ezek.30.2,60,66,60,64,Jehova,HERR,name:unresolved-case
Ezek.30.3,60,67,60,69,Jehovas,des HERRN,name:genitive
Ezek.30.6,12,18,12,20,Jehova,der HERR,name:subject-after-speech-verb
Ezek.30.6,205,211,207,211,Jehova,HERR,name:terminal-direct-address
Ezek.30.8,24,27,24,28,daß,dass,orthography:wordlist
Ezek.30.8,32,38,33,37,Jehova,HERR,name:unresolved-case
Ezek.30.10,23,29,23,27,Jehova,HERR,name:unresolved-case
Ezek.30.12,167,173,167,175,Jehova,der HERR,name:first-person-apposition
Ezek.30.13,23,29,23,27,Jehova,HERR,name:unresolved-case
Ezek.30.19,79,82,79,83,daß,dass,orthography:wordlist
Ezek.30.19,87,93,88,92,Jehova,HERR,name:unresolved-case
Ezek.30.20,104,111,104,113,Jehovas,des HERRN,name:genitive
Ezek.30.21,128,131,128,132,daß,dass,orthography:wordlist
Ezek.30.21,158,161,159,163,daß,dass,orthography:wordlist
Ezek.30.22,26,32,26,30,Jehova,HERR,name:unresolved-case
Ezek.30.24,143,146,143,147,daß,dass,orthography:wordlist
Ezek.30.25,123,126,123,127,daß,dass,orthography:wordlist
Ezek.30.25,131,137,132,136,Jehova,HERR,name:unresolved-case
Ezek.30.26,117,120,117,121,daß,dass,orthography:wordlist
Ezek.30.26,125,131,126,130,Jehova,HERR,name:unresolved-case
Ezek.31.1,104,111,104,113,Jehovas,des HERRN,name:genitive
Ezek.31.7,59,69,59,70,Schößlinge,Schösslinge,orthography:wordlist
Ezek.31.9,51,61,51,62,Schößlinge,Schösslinge,orthography:wordlist
Ezek.31.10,29,35,29,33,Jehova,HERR,name:unresolved-case
Ezek.31.12,88,98,88,99,Schößlinge,Schösslinge,orthography:wordlist
Ezek.31.14,14,17,14,18,daß,dass,orthography:wordlist
Ezek.31.15,22,28,22,26,Jehova,HERR,name:unresolved-case
Ezek.31.18,314,320,314,318,Jehova,HERR,name:terminal-direct-address
Ezek.32.1,109,116,109,118,Jehovas,des HERRN,name:genitive
Ezek.32.3,23,29,23,27,Jehova,HERR,name:unresolved-case
Ezek.32.4,107,110,107,111,daß,dass,orthography:wordlist
Ezek.32.8,143,149,143,147,Jehova,HERR,name:terminal-direct-address
Ezek.32.10,32,35,32,36,daß,dass,orthography:wordlist
Ezek.32.11,28,34,28,32,Jehova,HERR,name:unresolved-case
Ezek.32.13,64,67,64,68,daß,dass,orthography:wordlist
Ezek.32.14,101,107,101,105,Jehova,HERR,name:terminal-direct-address
Ezek.32.15,160,163,160,164,daß,dass,orthography:wordlist
Ezek.32.15,168,174,169,173,Jehova,HERR,name:unresolved-case
Ezek.32.16,210,216,210,214,Jehova,HERR,name:terminal-direct-address
Ezek.32.17,94,101,94,103,Jehovas,des HERRN,name:genitive
Ezek.32.31,154,160,154,158,Jehova,HERR,name:terminal-direct-address
Ezek.32.32,227,233,227,231,Jehova,HERR,name:terminal-direct-address
Ezek.33.1,23,30,23,32,Jehovas,des HERRN,name:genitive
Ezek.33.4,64,68,64,69,läßt,lässt,orthography:wordlist
Ezek.33.4,73,76,74,78,daß,dass,orthography:wordlist
Ezek.33.6,127,130,127,131,daß,dass,orthography:wordlist
Ezek.33.8,61,70,61,71,gewißlich,gewisslich,orthography:wordlist
Ezek.33.11,67,73,67,71,Jehova,HERR,name:unresolved-case
Ezek.33.11,132,135,130,134,daß,dass,orthography:wordlist
Ezek.33.13,31,34,31,35,daß,dass,orthography:wordlist
Ezek.33.13,39,48,40,50,gewißlich,gewisslich,orthography:wordlist
Ezek.33.13,70,77,72,80,verläßt,verlässt,orthography:wordlist
Ezek.33.14,54,63,54,64,gewißlich,gewisslich,orthography:wordlist
Ezek.33.15,3,6,3,7,daß,dass,orthography:wordlist
Ezek.33.15,140,149,141,151,gewißlich,gewisslich,orthography:wordlist
Ezek.33.16,124,133,124,134,gewißlich,gewisslich,orthography:wordlist
Ezek.33.20,33,40,33,42,Jehovas,des HERRN,name:genitive
Ezek.33.22,13,20,13,22,Jehovas,des HERRN,name:genitive
Ezek.33.23,23,30,23,32,Jehovas,des HERRN,name:genitive
Ezek.33.25,47,53,47,51,Jehova,HERR,name:unresolved-case
Ezek.33.26,45,51,45,51,Greuel,Gräuel,orthography:wordlist
Ezek.33.26,90,94,90,94,Weib,Frau,word:Weib-Frau
Ezek.33.27,56,62,56,60,Jehova,HERR,name:unresolved-case
Ezek.33.27,215,218,213,217,daß,dass,orthography:wordlist
Ezek.33.28,154,157,154,158,daß,dass,orthography:wordlist
Ezek.33.29,25,28,25,29,daß,dass,orthography:wordlist
Ezek.33.29,33,39,34,38,Jehova,HERR,name:unresolved-case
Ezek.33.29,114,120,113,119,Greuel,Gräuel,orthography:wordlist
Ezek.33.30,248,254,248,257,Jehova,dem HERRN,name:dative-preposition
Ezek.33.33,62,65,62,66,daß,dass,orthography:wordlist
Ezek.34.1,23,30,23,32,Jehovas,des HERRN,name:genitive
Ezek.34.2,119,125,119,123,Jehova,HERR,name:unresolved-case
Ezek.34.7,36,43,36,45,Jehovas,des HERRN,name:genitive
Ezek.34.8,39,45,39,43,Jehova,HERR,name:unresolved-case
Ezek.34.9,36,43,36,45,Jehovas,des HERRN,name:genitive
Ezek.34.10,23,29,23,27,Jehova,HERR,name:unresolved-case
Ezek.34.10,127,130,125,129,daß,dass,orthography:wordlist
Ezek.34.10,275,278,274,278,daß,dass,orthography:wordlist
Ezek.34.11,28,34,28,32,Jehova,HERR,name:unresolved-case
Ezek.34.15,77,83,77,81,Jehova,HERR,name:terminal-direct-address
Ezek.34.17,47,53,47,51,Jehova,HERR,name:unresolved-case
Ezek.34.18,33,36,33,37,daß,dass,orthography:wordlist
Ezek.34.18,127,130,128,132,daß,dass,orthography:wordlist
Ezek.34.20,30,36,30,34,Jehova,HERR,name:unresolved-case
Ezek.34.24,9,15,9,17,Jehova,der HERR,name:first-person-apposition
Ezek.34.24,102,108,104,112,Jehova,der HERR,name:first-person-apposition
Ezek.34.27,162,165,162,166,daß,dass,orthography:wordlist
Ezek.34.27,170,176,171,175,Jehova,HERR,name:unresolved-case
Ezek.34.30,24,27,24,28,daß,dass,orthography:wordlist
Ezek.34.30,33,39,34,42,Jehova,der HERR,name:first-person-apposition
Ezek.34.30,71,74,74,78,daß,dass,orthography:wordlist
Ezek.34.30,135,141,139,143,Jehova,HERR,name:terminal-direct-address
Ezek.34.31,106,112,106,110,Jehova,HERR,name:terminal-direct-address
Ezek.35.1,23,30,23,32,Jehovas,des HERRN,name:genitive
Ezek.35.3,71,77,71,75,Jehova,HERR,name:unresolved-case
Ezek.35.4,120,123,120,124,daß,dass,orthography:wordlist
Ezek.35.4,128,134,129,133,Jehova,HERR,name:unresolved-case
Ezek.35.6,46,52,46,50,Jehova,HERR,name:unresolved-case
Ezek.35.6,138,144,136,143,gehaßt,gehasst,orthography:wordlist
Ezek.35.9,124,127,124,128,daß,dass,orthography:wordlist
Ezek.35.9,132,138,133,137,Jehova,HERR,name:unresolved-case
Ezek.35.10,126,132,126,130,Jehova,HERR,name:unresolved-case
Ezek.35.11,46,52,46,50,Jehova,HERR,name:unresolved-case
Ezek.35.12,23,26,23,27,daß,dass,orthography:wordlist
Ezek.35.12,32,38,33,41,Jehova,der HERR,name:first-person-apposition
Ezek.35.14,23,29,23,27,Jehova,HERR,name:unresolved-case
Ezek.35.15,71,74,71,75,daß,dass,orthography:wordlist
Ezek.35.15,215,218,216,220,daß,dass,orthography:wordlist
Ezek.35.15,223,229,225,229,Jehova,HERR,name:unresolved-case
Ezek.36.1,101,108,101,110,Jehovas,des HERRN,name:genitive
Ezek.36.2,23,29,23,27,Jehova,HERR,name:unresolved-case
Ezek.36.3,51,57,51,55,Jehova,HERR,name:unresolved-case
Ezek.36.3,76,79,74,78,daß,dass,orthography:wordlist
Ezek.36.3,148,151,147,151,daß,dass,orthography:wordlist
Ezek.36.4,55,62,55,64,Jehovas,des HERRN,name:genitive
Ezek.36.4,87,93,89,93,Jehova,HERR,name:unresolved-case
Ezek.36.5,30,36,30,34,Jehova,HERR,name:unresolved-case
Ezek.36.6,151,157,151,155,Jehova,HERR,name:unresolved-case
Ezek.36.7,30,36,30,34,Jehova,HERR,name:unresolved-case
Ezek.36.11,239,242,239,243,daß,dass,orthography:wordlist
Ezek.36.11,247,253,248,252,Jehova,HERR,name:unresolved-case
Ezek.36.13,22,28,22,26,Jehova,HERR,name:unresolved-case
Ezek.36.14,121,127,121,125,Jehova,HERR,name:terminal-direct-address
Ezek.36.15,215,221,215,219,Jehova,HERR,name:terminal-direct-address
Ezek.36.16,23,30,23,32,Jehovas,des HERRN,name:genitive
Ezek.36.17,171,176,171,176,eines,einer,grammar:Frau-determiner
Ezek.36.17,186,192,186,190,Weibes,Frau,word:Weib-Frau
Ezek.36.18,3,6,3,7,goß,goss,orthography:wordlist
Ezek.36.20,125,132,125,134,Jehovas,des HERRN,name:genitive
Ezek.36.22,56,62,56,60,Jehova,HERR,name:unresolved-case
Ezek.36.23,159,162,159,163,daß,dass,orthography:wordlist
Ezek.36.23,167,173,168,172,Jehova,HERR,name:unresolved-case
Ezek.36.23,199,205,198,202,Jehova,HERR,name:unresolved-case
Ezek.36.27,75,78,75,79,daß,dass,orthography:wordlist
Ezek.36.30,87,90,87,91,daß,dass,orthography:wordlist
Ezek.36.31,162,168,162,168,Greuel,Gräuel,orthography:wordlist
Ezek.36.32,54,60,54,58,Jehova,HERR,name:unresolved-case
Ezek.36.33,23,29,23,27,Jehova,HERR,name:unresolved-case
Ezek.36.34,52,55,52,56,daß,dass,orthography:wordlist
Ezek.36.36,82,85,82,86,daß,dass,orthography:wordlist
Ezek.36.36,91,97,92,100,Jehova,der HERR,name:first-person-apposition
Ezek.36.36,155,161,158,166,Jehova,der HERR,name:first-person-apposition
Ezek.36.37,23,29,23,27,Jehova,HERR,name:unresolved-case
Ezek.36.37,102,105,100,104,daß,dass,orthography:wordlist
Ezek.36.38,158,161,158,162,daß,dass,orthography:wordlist
Ezek.36.38,166,172,167,171,Jehova,HERR,name:unresolved-case
Ezek.37.1,10,17,10,19,Jehovas,des HERRN,name:genitive
Ezek.37.1,38,44,40,44,Jehova,HERR,name:unresolved-case
Ezek.37.3,100,106,100,104,Jehova,HERR,name:direct-address-pronoun
Ezek.37.4,114,121,114,123,Jehovas,des HERRN,name:genitive
Ezek.37.5,23,29,23,27,Jehova,HERR,name:unresolved-case
Ezek.37.5,85,88,83,87,daß,dass,orthography:wordlist
Ezek.37.6,144,147,144,148,daß,dass,orthography:wordlist
Ezek.37.6,194,197,195,199,daß,dass,orthography:wordlist
Ezek.37.6,202,208,204,208,Jehova,HERR,name:unresolved-case
Ezek.37.9,142,148,142,146,Jehova,HERR,name:unresolved-case
Ezek.37.9,223,226,221,225,daß,dass,orthography:wordlist
Ezek.37.12,70,76,70,74,Jehova,HERR,name:unresolved-case
Ezek.37.13,24,27,24,28,daß,dass,orthography:wordlist
Ezek.37.13,32,38,33,37,Jehova,HERR,name:unresolved-case
Ezek.37.14,44,47,44,48,daß,dass,orthography:wordlist
Ezek.37.14,121,124,122,126,daß,dass,orthography:wordlist
Ezek.37.14,130,136,132,140,Jehova,der HERR,name:first-person-apposition
Ezek.37.14,175,181,179,187,Jehova,der HERR,name:subject-after-speech-verb
Ezek.37.15,23,30,23,32,Jehovas,des HERRN,name:genitive
Ezek.37.17,79,82,79,83,daß,dass,orthography:wordlist
Ezek.37.19,40,46,40,44,Jehova,HERR,name:unresolved-case
Ezek.37.19,262,265,260,264,daß,dass,orthography:wordlist
Ezek.37.21,61,67,61,65,Jehova,HERR,name:unresolved-case
Ezek.37.28,33,36,33,37,daß,dass,orthography:wordlist
Ezek.37.28,41,47,42,46,Jehova,HERR,name:unresolved-case
Ezek.38.1,23,30,23,32,Jehovas,des HERRN,name:genitive
Ezek.38.3,23,29,23,27,Jehova,HERR,name:unresolved-case
Ezek.38.10,22,28,22,26,Jehova,HERR,name:unresolved-case
Ezek.38.14,84,90,84,88,Jehova,HERR,name:unresolved-case
Ezek.38.16,135,138,135,139,daß,dass,orthography:wordlist
Ezek.38.16,190,193,191,195,daß,dass,orthography:wordlist
Ezek.38.17,22,28,22,26,Jehova,HERR,name:unresolved-case
Ezek.38.17,189,192,187,191,daß,dass,orthography:wordlist
Ezek.38.18,112,118,112,116,Jehova,HERR,name:unresolved-case
Ezek.38.21,99,105,99,103,Jehova,HERR,name:unresolved-case
Ezek.38.23,126,129,126,130,daß,dass,orthography:wordlist
Ezek.38.23,134,140,135,139,Jehova,HERR,name:unresolved-case
Ezek.39.1,79,85,79,83,Jehova,HERR,name:unresolved-case
Ezek.39.5,95,101,95,99,Jehova,HERR,name:terminal-direct-address
Ezek.39.6,118,121,118,122,daß,dass,orthography:wordlist
Ezek.39.6,126,132,127,131,Jehova,HERR,name:unresolved-case
Ezek.39.7,173,176,173,177,daß,dass,orthography:wordlist
Ezek.39.7,181,187,182,186,Jehova,HERR,name:unresolved-case
Ezek.39.8,58,64,58,62,Jehova,HERR,name:unresolved-case
Ezek.39.10,217,223,217,221,Jehova,HERR,name:terminal-direct-address
Ezek.39.13,153,159,153,157,Jehova,HERR,name:terminal-direct-address
Ezek.39.17,63,69,63,67,Jehova,HERR,name:unresolved-case
Ezek.39.20,142,148,142,146,Jehova,HERR,name:terminal-direct-address
Ezek.39.22,66,69,66,70,daß,dass,orthography:wordlist
Ezek.39.22,75,81,76,84,Jehova,der HERR,name:first-person-apposition
Ezek.39.23,33,36,33,37,daß,dass,orthography:wordlist
Ezek.39.23,249,252,250,254,daß,dass,orthography:wordlist
Ezek.39.25,30,36,30,34,Jehova,HERR,name:unresolved-case
Ezek.39.28,24,27,24,28,daß,dass,orthography:wordlist
Ezek.39.28,33,39,34,42,Jehova,der HERR,name:first-person-apposition
Ezek.39.29,147,153,147,151,Jehova,HERR,name:terminal-direct-address
Ezek.40.1,194,201,194,203,Jehovas,des HERRN,name:genitive
Ezek.40.3,175,182,175,183,Meßrute,Messrute,orthography:wordlist
Ezek.40.5,100,107,100,108,Meßrute,Messrute,orthography:wordlist
Ezek.40.46,179,185,179,183,Jehova,HERR,name:unresolved-case
Ezek.41.22,202,208,202,211,Jehova,dem HERRN,name:presence-before-Lord
Ezek.42.13,175,181,175,183,Jehova,der HERR,name:subject-subordinate-clause
Ezek.42.16,29,36,29,37,Meßrute,Messrute,orthography:wordlist
Ezek.42.16,66,73,67,75,Meßrute,Messrute,orthography:wordlist
Ezek.42.17,50,57,50,58,Meßrute,Messrute,orthography:wordlist
Ezek.42.18,49,56,49,57,Meßrute,Messrute,orthography:wordlist
Ezek.42.19,74,81,74,82,Meßrute,Messrute,orthography:wordlist
Ezek.43.4,31,38,31,40,Jehovas,des HERRN,name:genitive
Ezek.43.5,100,107,100,109,Jehovas,des HERRN,name:genitive
Ezek.43.8,99,102,99,103,daß,dass,orthography:wordlist
Ezek.43.8,200,206,201,207,Greuel,Gräuel,orthography:wordlist
Ezek.43.8,230,233,231,235,daß,dass,orthography:wordlist
Ezek.43.18,59,65,59,63,Jehova,HERR,name:unresolved-case
Ezek.43.19,111,117,111,115,Jehova,HERR,name:unresolved-case
Ezek.43.24,19,25,19,28,Jehova,dem HERRN,name:presence-before-Lord
Ezek.43.24,99,105,102,107,Jehova,HERRN,name:existing-oblique-article
Ezek.43.27,90,93,90,94,daß,dass,orthography:wordlist
Ezek.43.27,234,240,235,239,Jehova,HERR,name:terminal-direct-address
Ezek.44.2,4,10,4,12,Jehova,der HERR,name:subject-before-finite-verb
Ezek.44.2,145,151,147,155,Jehova,der HERR,name:subject-subordinate-clause
Ezek.44.3,81,87,81,90,Jehova,dem HERRN,name:presence-before-Lord
Ezek.44.4,125,132,125,134,Jehovas,des HERRN,name:genitive
Ezek.44.4,152,159,154,163,Jehovas,des HERRN,name:genitive
Ezek.44.5,14,20,14,22,Jehova,der HERR,name:subject-before-finite-verb
Ezek.44.5,199,206,201,210,Jehovas,des HERRN,name:genitive
Ezek.44.6,99,105,99,103,Jehova,HERR,name:unresolved-case
Ezek.44.6,107,111,105,110,Laßt,Lasst,orthography:wordlist
Ezek.44.6,142,149,141,148,Greueln,Gräueln,orthography:wordlist
Ezek.44.7,218,221,218,222,daß,dass,orthography:wordlist
Ezek.44.7,263,270,264,271,Greueln,Gräueln,orthography:wordlist
Ezek.44.9,23,29,23,27,Jehova,HERR,name:unresolved-case
Ezek.44.12,180,186,180,184,Jehova,HERR,name:unresolved-case
Ezek.44.12,188,191,186,190,daß,dass,orthography:wordlist
Ezek.44.13,181,187,181,187,Greuel,Gräuel,orthography:wordlist
Ezek.44.15,281,287,281,285,Jehova,HERR,name:terminal-direct-address
Ezek.44.22,62,69,62,68,Weibern,Frauen,word:Weib-Frau
Ezek.44.24,206,214,206,213,Sabbathe,Sabbate,orthography:wordlist
Ezek.44.25,56,59,56,60,daß,dass,orthography:wordlist
Ezek.44.27,166,172,166,170,Jehova,HERR,name:unresolved-case
Ezek.45.1,77,83,77,86,Jehova,den HERRN,name:accusative-preposition
Ezek.45.4,120,126,120,129,Jehova,den HERRN,name:accusative-preposition
Ezek.45.9,23,29,23,27,Jehova,HERR,name:unresolved-case
Ezek.45.9,31,35,29,34,Laßt,Lasst,orthography:wordlist
Ezek.45.9,230,236,229,233,Jehova,HERR,name:terminal-direct-address
Ezek.45.11,58,61,58,62,daß,dass,orthography:wordlist
Ezek.45.15,199,205,199,203,Jehova,HERR,name:terminal-direct-address
Ezek.45.17,147,156,147,155,Sabbathen,Sabbaten,orthography:wordlist
Ezek.45.18,22,28,22,26,Jehova,HERR,name:unresolved-case
Ezek.45.23,45,51,45,50,Jehova,HERRN,name:existing-oblique-article
Ezek.46.1,23,29,23,27,Jehova,HERR,name:unresolved-case
Ezek.46.1,141,152,139,149,Sabbathtage,Sabbattage,orthography:wordlist
Ezek.46.3,83,92,83,91,Sabbathen,Sabbaten,orthography:wordlist
Ezek.46.3,121,127,120,129,Jehova,dem HERRN,name:presence-before-Lord
Ezek.46.4,54,60,54,59,Jehova,HERRN,name:existing-oblique-article
Ezek.46.4,65,76,64,74,Sabbathtage,Sabbattage,orthography:wordlist
Ezek.46.9,59,65,59,68,Jehova,dem HERRN,name:presence-before-Lord
Ezek.46.12,95,101,95,100,Jehova,HERRN,name:existing-oblique-article
Ezek.46.12,255,266,254,264,Sabbathtage,Sabbattage,orthography:wordlist
Ezek.46.13,70,76,70,75,Jehova,HERRN,name:existing-oblique-article
Ezek.46.14,161,167,161,166,Jehova,HERRN,name:existing-oblique-article
Ezek.46.16,23,29,23,27,Jehova,HERR,name:unresolved-case
Ezek.46.18,67,70,67,71,daß,dass,orthography:wordlist
Ezek.46.18,168,171,169,173,daß,dass,orthography:wordlist
Ezek.47.3,51,60,51,61,Meßschnur,Messschnur,orthography:wordlist
Ezek.47.5,40,44,40,45,Fluß,Fluss,orthography:wordlist
Ezek.47.5,139,143,140,145,Fluß,Fluss,orthography:wordlist
Ezek.47.9,33,36,33,37,daß,dass,orthography:wordlist
Ezek.47.9,97,107,98,109,Doppelfluß,Doppelfluss,orthography:wordlist
Ezek.47.9,294,298,296,301,Fluß,Fluss,orthography:wordlist
Ezek.47.10,23,26,23,27,daß,dass,orthography:wordlist
Ezek.47.12,116,119,116,120,ißt,isst,orthography:wordlist
Ezek.47.13,23,29,23,27,Jehova,HERR,name:unresolved-case
Ezek.47.23,137,143,137,141,Jehova,HERR,name:terminal-direct-address
Ezek.48.9,31,37,31,40,Jehova,den HERRN,name:accusative-preposition
Ezek.48.10,292,299,292,301,Jehovas,des HERRN,name:genitive
Ezek.48.14,131,137,131,139,Jehova,der HERR,name:predicate-name
Ezek.48.29,127,133,127,131,Jehova,HERR,name:terminal-direct-address
Ezek.48.35,82,88,82,86,Jehova,HERR,name:unresolved-case
Dan.1.3,69,72,69,73,daß,dass,orthography:wordlist
Dan.1.4,201,204,201,205,daß,dass,orthography:wordlist
Dan.1.5,129,132,129,133,daß,dass,orthography:wordlist
Dan.1.8,207,210,207,211,daß,dass,orthography:wordlist
Dan.1.10,179,182,179,183,daß,dass,orthography:wordlist
Dan.1.10,258,261,259,263,daß,dass,orthography:wordlist
Dan.2.2,33,36,33,37,daß,dass,orthography:wordlist
Dan.2.8,57,60,57,61,daß,dass,orthography:wordlist
Dan.2.8,103,106,104,108,daß,dass,orthography:wordlist
Dan.2.9,9,12,9,13,daß,dass,orthography:wordlist
Dan.2.9,228,231,229,233,daß,dass,orthography:wordlist
Dan.2.16,56,59,56,60,daß,dass,orthography:wordlist
Dan.2.18,4,7,4,8,daß,dass,orthography:wordlist
Dan.2.23,49,52,49,53,daß,dass,orthography:wordlist
Dan.2.34,44,50,44,51,losriß,losriss,orthography:wordlist
Dan.2.41,4,7,4,8,daß,dass,orthography:wordlist
Dan.2.43,9,12,9,13,Daß,Dass,orthography:wordlist
Dan.2.45,42,45,42,46,daß,dass,orthography:wordlist
Dan.2.45,77,83,78,85,losriß,losriss,orthography:wordlist
Dan.2.45,265,270,267,273,gewiß,gewiss,orthography:wordlist
Dan.3.10,65,68,65,69,daß,dass,orthography:wordlist
Dan.3.14,101,104,101,105,daß,dass,orthography:wordlist
Dan.3.18,45,48,45,49,daß,dass,orthography:wordlist
Dan.3.24,217,222,217,223,Gewiß,Gewiss,orthography:wordlist
Dan.3.27,129,132,129,133,daß,dass,orthography:wordlist
Dan.3.29,62,65,62,66,daß,dass,orthography:wordlist
Dan.3.29,208,211,209,213,daß,dass,orthography:wordlist
Dan.4.3,84,87,84,88,daß,dass,orthography:wordlist
Dan.4.6,71,74,71,75,daß,dass,orthography:wordlist
Dan.4.6,124,127,125,129,daß,dass,orthography:wordlist
Dan.4.14,6,14,6,15,Beschluß,Beschluss,orthography:wordlist
Dan.4.14,101,104,102,106,daß,dass,orthography:wordlist
Dan.4.14,130,133,132,136,daß,dass,orthography:wordlist
Dan.4.20,22,25,22,26,daß,dass,orthography:wordlist
Dan.4.21,56,64,56,65,Beschluß,Beschluss,orthography:wordlist
Dan.4.22,290,293,290,294,daß,dass,orthography:wordlist
Dan.4.23,4,7,4,8,daß,dass,orthography:wordlist
Dan.4.23,135,138,136,140,daß,dass,orthography:wordlist
Dan.4.24,27,30,27,31,laß,lass,orthography:wordlist
Dan.4.29,237,240,237,241,daß,dass,orthography:wordlist
Dan.5.2,47,50,47,51,daß,dass,orthography:wordlist
Dan.5.2,195,198,196,200,daß,dass,orthography:wordlist
Dan.5.7,27,30,27,31,daß,dass,orthography:wordlist
Dan.5.10,157,160,157,161,Laß,Lass,orthography:wordlist
Dan.5.12,6,9,6,10,daß,dass,orthography:wordlist
Dan.5.14,39,42,39,43,daß,dass,orthography:wordlist
Dan.5.14,82,85,83,87,daß,dass,orthography:wordlist
Dan.5.16,41,44,41,45,daß,dass,orthography:wordlist
Dan.5.21,259,262,259,263,daß,dass,orthography:wordlist
Dan.5.22,108,114,108,115,gewußt,gewusst,orthography:wordlist
Dan.5.29,139,142,139,143,daß,dass,orthography:wordlist
Dan.6.6,120,123,120,124,daß,dass,orthography:wordlist
Dan.6.8,122,125,122,126,daß,dass,orthography:wordlist
Dan.6.8,188,191,189,193,daß,dass,orthography:wordlist
Dan.6.9,25,30,25,31,erlaß,erlass,orthography:wordlist
Dan.6.9,46,49,47,51,laß,lass,orthography:wordlist
Dan.6.11,34,37,34,38,daß,dass,orthography:wordlist
Dan.6.13,127,130,127,131,daß,dass,orthography:wordlist
Dan.6.16,92,95,92,96,daß,dass,orthography:wordlist
Dan.6.16,139,142,140,144,daß,dass,orthography:wordlist
Dan.6.17,154,162,154,163,Unterlaß,Unterlass,orthography:wordlist
Dan.6.21,195,203,195,204,Unterlaß,Unterlass,orthography:wordlist
Dan.6.23,82,85,82,86,daß,dass,orthography:wordlist
Dan.6.25,149,155,149,155,Weiber,Frauen,word:Weib-Frau
Dan.6.27,30,33,30,34,daß,dass,orthography:wordlist
Dan.7.5,233,237,233,238,friß,friss,orthography:wordlist
Dan.7.16,49,58,49,59,Gewißheit,Gewissheit,orthography:wordlist
Dan.7.16,107,110,108,112,daß,dass,orthography:wordlist
Dan.7.19,21,30,21,31,Gewißheit,Gewissheit,orthography:wordlist
Dan.8.22,4,7,4,8,daß,dass,orthography:wordlist
Dan.9.2,124,131,124,133,Jehovas,des HERRN,name:genitive
Dan.9.2,174,177,176,180,daß,dass,orthography:wordlist
Dan.9.4,19,25,19,28,Jehova,dem HERRN,name:dative-preposition
Dan.9.8,0,6,0,4,Jehova,HERR,name:unresolved-case
Dan.9.10,35,42,35,44,Jehovas,des HERRN,name:genitive
Dan.9.11,69,72,69,73,daß,dass,orthography:wordlist
Dan.9.12,189,192,189,193,daß,dass,orthography:wordlist
Dan.9.13,108,114,108,117,Jehova,den HERRN,name:accusative-apposition
Dan.9.13,142,145,145,149,daß,dass,orthography:wordlist
Dan.9.14,11,17,11,19,Jehova,der HERR,name:subject-after-auxiliary
Dan.9.14,81,87,83,87,Jehova,HERR,name:unresolved-case
Dan.9.16,50,53,50,54,laß,lass,orthography:wordlist
Dan.9.17,108,111,108,112,laß,lass,orthography:wordlist
Dan.9.20,122,128,122,131,Jehova,dem HERRN,name:presence-before-Lord
Dan.9.24,119,127,119,128,Abschluß,Abschluss,orthography:wordlist
Dan.9.27,198,204,198,204,Greuel,Gräuel,orthography:wordlist
Dan.10.10,49,52,49,53,daß,dass,orthography:wordlist
Dan.11.4,290,299,290,300,Ausschluß,Ausschluss,orthography:wordlist
Dan.11.7,19,30,19,31,Schößlingen,Schösslingen,orthography:wordlist
Dan.11.17,195,201,195,201,Weiber,Frauen,word:Weib-Frau
Dan.11.20,124,128,124,129,läßt,lässt,orthography:wordlist
Dan.11.31,164,170,164,170,Greuel,Gräuel,orthography:wordlist
Dan.11.37,88,94,88,94,Weiber,Frauen,word:Weib-Frau
Dan.12.11,104,110,104,110,Greuel,Gräuel,orthography:wordlist
Hos.1.1,9,16,9,18,Jehovas,des HERRN,name:genitive
Hos.1.2,4,10,4,8,Jehova,HERR,name:unresolved-case
Hos.1.2,51,57,49,57,Jehova,der HERR,name:subject-after-speech-verb
Hos.1.2,169,175,169,178,Jehova,dem HERRN,name:dative-preposition
Hos.1.4,4,10,4,12,Jehova,der HERR,name:subject-before-finite-verb
Hos.1.6,199,202,199,203,daß,dass,orthography:wordlist
Hos.1.7,68,74,68,77,Jehova,den HERRN,name:accusative-preposition
Hos.2.4,57,61,57,62,mein,meine,grammar:Frau-determiner
Hos.2.4,62,66,63,67,Weib,Frau,word:Weib-Frau
Hos.2.5,4,7,4,8,daß,dass,orthography:wordlist
Hos.2.8,97,100,97,101,daß,dass,orthography:wordlist
Hos.2.10,35,38,35,39,daß,dass,orthography:wordlist
Hos.2.13,85,94,85,93,Sabbathen,Sabbaten,orthography:wordlist
Hos.2.15,224,230,224,232,Jehova,der HERR,name:subject-after-speech-verb
Hos.2.18,48,54,48,56,Jehova,der HERR,name:subject-after-speech-verb
Hos.2.22,56,62,56,60,Jehova,HERR,name:unresolved-case
Hos.2.23,79,85,79,87,Jehova,der HERR,name:subject-after-speech-verb
Hos.3.1,4,10,4,12,Jehova,der HERR,name:subject-before-finite-verb
Hos.3.1,53,56,55,59,ein,eine,grammar:Frau-determiner
Hos.3.1,57,61,60,64,Weib,Frau,word:Weib-Frau
Hos.3.1,64,67,67,70,das,die,grammar:Frau-relative
Hos.3.1,126,132,129,133,Jehova,HERR,name:unresolved-case
Hos.3.5,46,52,46,55,Jehova,den HERRN,name:accusative-apposition
Hos.3.5,143,149,146,155,Jehova,dem HERRN,name:dative-preposition
Hos.4.1,16,23,16,25,Jehovas,des HERRN,name:genitive
Hos.4.1,50,56,52,60,Jehova,der HERR,name:subject-before-finite-verb
Hos.4.6,115,118,115,119,daß,dass,orthography:wordlist
Hos.4.10,142,148,142,146,Jehova,HERR,name:unresolved-case
Hos.4.14,61,64,61,65,daß,dass,orthography:wordlist
Hos.4.14,110,113,111,115,daß,dass,orthography:wordlist
Hos.4.15,156,162,156,164,Jehova,der HERR,name:subject-before-finite-verb
Hos.4.16,79,85,79,87,Jehova,der HERR,name:subject-after-auxiliary
Hos.4.17,45,48,45,49,laß,lass,orthography:wordlist
Hos.5.4,120,126,120,124,Jehova,HERR,name:unresolved-case
Hos.5.6,69,75,69,78,Jehova,den HERRN,name:accusative-preposition
Hos.5.7,24,30,24,33,Jehova,den HERRN,name:accusative-preposition
Hos.6.1,21,25,21,26,laßt,lasst,orthography:wordlist
Hos.6.1,33,39,34,43,Jehova,dem HERRN,name:dative-preposition
Hos.6.3,3,7,3,8,laßt,lasst,orthography:wordlist
Hos.6.3,12,18,13,17,Jehova,HERR,name:unresolved-case
Hos.6.3,34,38,33,38,laßt,lasst,orthography:wordlist
Hos.7.2,42,45,42,46,daß,dass,orthography:wordlist
Hos.7.10,89,95,89,98,Jehova,dem HERRN,name:dative-preposition
Hos.8.1,68,75,68,77,Jehovas,des HERRN,name:genitive
Hos.8.4,91,96,91,97,wußte,wusste,orthography:wordlist
Hos.8.7,71,83,71,84,Ausgesproßte,Ausgesprosste,orthography:wordlist
Hos.8.13,72,78,72,80,Jehova,der HERR,name:subject-before-finite-verb
Hos.9.3,45,52,45,54,Jehovas,des HERRN,name:genitive
Hos.9.4,11,17,11,15,Jehova,HERR,name:unresolved-case
Hos.9.4,248,255,246,255,Jehovas,des HERRN,name:genitive
Hos.9.5,63,70,63,72,Jehovas,des HERRN,name:genitive
Hos.9.10,208,214,208,214,Greuel,Gräuel,orthography:wordlist
Hos.9.12,90,93,90,94,daß,dass,orthography:wordlist
Hos.9.13,94,97,94,98,muß,muss,orthography:wordlist
Hos.9.14,21,27,21,25,Jehova,HERR,name:unresolved-case
Hos.9.15,62,68,62,69,gehaßt,gehasst,orthography:wordlist
Hos.10.3,66,72,66,70,Jehova,HERR,name:unresolved-case
Hos.10.12,114,120,114,118,Jehova,HERR,name:unresolved-case
Hos.11.3,88,91,88,92,daß,dass,orthography:wordlist
Hos.11.10,11,17,11,15,Jehova,HERR,name:unresolved-case
Hos.11.11,156,162,156,164,Jehova,der HERR,name:subject-after-speech-verb
Hos.12.3,19,25,19,27,Jehova,der HERR,name:subject-after-auxiliary
Hos.12.6,4,10,4,8,Jehova,HERR,name:unresolved-case
Hos.12.6,41,47,39,47,Jehova,der HERR,name:subject-before-finite-verb
Hos.12.10,13,19,13,17,Jehova,HERR,name:direct-address-pronoun
Hos.12.13,69,72,69,73,ein,eine,grammar:Frau-determiner
Hos.12.13,73,77,74,78,Weib,Frau,word:Weib-Frau
Hos.12.13,93,96,94,98,ein,eine,grammar:Frau-determiner
Hos.12.13,97,101,99,103,Weib,Frau,word:Weib-Frau
Hos.12.14,4,10,4,8,Jehova,HERR,name:unresolved-case
Hos.13.4,13,19,13,17,Jehova,HERR,name:direct-address-pronoun
Hos.13.8,85,94,85,95,Verschluß,Verschluss,orthography:wordlist
Hos.13.9,42,45,42,46,daß,dass,orthography:wordlist
Hos.13.10,25,28,25,29,daß,dass,orthography:wordlist
Hos.13.15,83,90,83,92,Jehovas,des HERRN,name:genitive
Hos.14.2,27,33,27,36,Jehova,dem HERRN,name:dative-preposition
Hos.14.3,51,57,51,60,Jehova,dem HERRN,name:dative-preposition
Hos.14.3,135,138,138,142,daß,dass,orthography:wordlist
Hos.14.7,6,16,6,17,Schößlinge,Schösslinge,orthography:wordlist
Hos.14.10,102,109,102,111,Jehovas,des HERRN,name:genitive
Joel.1.1,9,16,9,18,Jehovas,des HERRN,name:genitive
Joel.1.6,123,128,123,129,Gebiß,Gebiss,orthography:wordlist
Joel.1.9,65,72,65,74,Jehovas,des HERRN,name:genitive
Joel.1.9,113,120,115,124,Jehovas,des HERRN,name:genitive
Joel.1.14,129,136,129,138,Jehovas,des HERRN,name:genitive
Joel.1.14,170,176,172,181,Jehova,dem HERRN,name:dative-preposition
Joel.1.15,52,59,52,61,Jehovas,des HERRN,name:genitive
Joel.1.19,8,14,8,12,Jehova,HERR,name:unresolved-case
Joel.2.1,141,148,141,150,Jehovas,des HERRN,name:genitive
Joel.2.3,180,184,180,185,läßt,lässt,orthography:wordlist
Joel.2.11,14,20,14,22,Jehova,der HERR,name:subject-before-finite-verb
Joel.2.11,21,25,23,28,läßt,lässt,orthography:wordlist
Joel.2.11,186,193,189,198,Jehovas,des HERRN,name:genitive
Joel.2.12,30,36,30,38,Jehova,der HERR,name:subject-after-speech-verb
Joel.2.13,67,73,67,76,Jehova,dem HERRN,name:dative-preposition
Joel.2.13,168,172,171,176,läßt,lässt,orthography:wordlist
Joel.2.14,139,145,139,148,Jehova,den HERRN,name:accusative-preposition
Joel.2.17,27,34,27,36,Jehovas,des HERRN,name:genitive
Joel.2.17,109,115,111,115,Jehova,HERR,name:direct-address-pronoun
Joel.2.17,179,182,179,183,daß,dass,orthography:wordlist
Joel.2.18,12,18,12,16,Jehova,HERR,name:unresolved-case
Joel.2.19,22,28,22,30,Jehova,der HERR,name:subject-before-finite-verb
Joel.2.19,131,134,133,137,daß,dass,orthography:wordlist
Joel.2.21,77,83,77,85,Jehova,der HERR,name:subject-before-finite-verb
Joel.2.23,55,61,55,64,Jehova,dem HERRN,name:dative-in-Lord
Joel.2.23,136,140,139,144,läßt,lässt,orthography:wordlist
Joel.2.26,69,76,69,78,Jehovas,des HERRN,name:genitive
Joel.2.27,24,27,24,28,daß,dass,orthography:wordlist
Joel.2.27,59,62,60,64,daß,dass,orthography:wordlist
Joel.2.27,68,74,70,78,Jehova,der HERR,name:first-person-apposition
Joel.3.1,40,43,40,44,daß,dass,orthography:wordlist
Joel.3.4,85,92,85,94,Jehovas,des HERRN,name:genitive
Joel.3.5,59,66,59,68,Jehovas,des HERRN,name:genitive
Joel.3.5,173,179,175,183,Jehova,der HERR,name:subject-subordinate-clause
Joel.3.5,236,242,240,248,Jehova,der HERR,name:subject-subordinate-clause
Joel.4.5,0,3,0,4,daß,dass,orthography:wordlist
Joel.4.8,161,167,161,169,Jehova,der HERR,name:subject-before-finite-verb
Joel.4.11,80,86,80,84,Jehova,HERR,name:unresolved-case
Joel.4.14,79,86,79,88,Jehovas,des HERRN,name:genitive
Joel.4.16,4,10,4,8,Jehova,HERR,name:unresolved-case
Joel.4.16,33,37,31,36,läßt,lässt,orthography:wordlist
Joel.4.16,114,120,113,121,Jehova,der HERR,name:subject-before-finite-verb
Joel.4.17,27,30,27,31,daß,dass,orthography:wordlist
Joel.4.17,36,42,37,45,Jehova,der HERR,name:first-person-apposition
Joel.4.18,211,218,211,220,Jehovas,des HERRN,name:genitive
Joel.4.21,88,94,88,96,Jehova,der HERR,name:subject-before-finite-verb
Amos.1.2,16,22,16,24,Jehova,der HERR,name:subject-before-finite-verb
Amos.1.3,11,17,11,19,Jehova,der HERR,name:subject-after-speech-verb
Amos.1.5,215,221,215,223,Jehova,der HERR,name:subject-after-speech-verb
Amos.1.6,11,17,11,19,Jehova,der HERR,name:subject-after-speech-verb
Amos.1.8,212,218,212,216,Jehova,HERR,name:terminal-direct-address
Amos.1.9,11,17,11,19,Jehova,der HERR,name:subject-after-speech-verb
Amos.1.11,11,17,11,19,Jehova,der HERR,name:subject-after-speech-verb
Amos.1.13,11,17,11,19,Jehova,der HERR,name:subject-after-speech-verb
Amos.1.15,94,100,94,102,Jehova,der HERR,name:subject-after-speech-verb
Amos.2.1,11,17,11,19,Jehova,der HERR,name:subject-after-speech-verb
Amos.2.3,115,121,115,123,Jehova,der HERR,name:subject-after-speech-verb
Amos.2.4,12,18,12,20,Jehova,der HERR,name:subject-after-speech-verb
Amos.2.4,130,137,132,141,Jehovas,des HERRN,name:genitive
Amos.2.6,11,17,11,19,Jehova,der HERR,name:subject-after-speech-verb
Amos.2.11,139,145,139,147,Jehova,der HERR,name:subject-after-speech-verb
Amos.2.16,95,101,95,103,Jehova,der HERR,name:subject-after-speech-verb
Amos.3.1,34,40,34,38,Jehova,HERR,name:unresolved-case
Amos.3.3,56,59,56,60,daß,dass,orthography:wordlist
Amos.3.4,65,69,65,70,Läßt,Lässt,orthography:wordlist
Amos.3.6,136,142,136,140,Jehova,HERR,name:unresolved-case
Amos.3.7,16,22,16,24,Jehova,der HERR,name:subject-before-finite-verb
Amos.3.7,50,53,52,56,daß,dass,orthography:wordlist
Amos.3.8,68,74,68,76,Jehova,der HERR,name:subject-before-finite-verb
Amos.3.10,55,61,55,63,Jehova,der HERR,name:subject-after-speech-verb
Amos.3.11,29,35,29,33,Jehova,HERR,name:unresolved-case
Amos.3.12,11,17,11,19,Jehova,der HERR,name:subject-after-speech-verb
Amos.3.13,79,85,79,83,Jehova,HERR,name:unresolved-case
Amos.3.15,161,167,161,169,Jehova,der HERR,name:subject-after-speech-verb
Amos.4.1,131,141,131,142,mißhandelt,misshandelt,orthography:wordlist
Amos.4.1,187,190,188,192,daß,dass,orthography:wordlist
Amos.4.2,27,33,27,31,Jehova,HERR,name:unresolved-case
Amos.4.3,132,138,132,140,Jehova,der HERR,name:subject-after-speech-verb
Amos.4.5,156,162,156,160,Jehova,HERR,name:terminal-direct-address
Amos.4.6,170,176,170,178,Jehova,der HERR,name:subject-after-speech-verb
Amos.4.8,154,160,154,162,Jehova,der HERR,name:subject-after-speech-verb
Amos.4.9,228,234,228,236,Jehova,der HERR,name:subject-after-speech-verb
Amos.4.10,304,310,304,312,Jehova,der HERR,name:subject-after-speech-verb
Amos.4.11,224,230,224,232,Jehova,der HERR,name:subject-after-speech-verb
Amos.4.13,201,207,201,205,Jehova,HERR,name:unresolved-case
Amos.5.3,28,34,28,32,Jehova,HERR,name:unresolved-case
Amos.5.4,16,22,16,24,Jehova,der HERR,name:subject-after-speech-verb
Amos.5.5,119,128,119,129,gewißlich,gewisslich,orthography:wordlist
Amos.5.6,25,31,25,34,Jehova,den HERRN,name:accusative-verb
Amos.5.8,223,229,223,231,Jehova,der HERR,name:subject-before-finite-verb
Amos.5.9,27,31,27,32,läßt,lässt,orthography:wordlist
Amos.5.12,16,19,16,20,daß,dass,orthography:wordlist
Amos.5.12,52,55,53,57,daß,dass,orthography:wordlist
Amos.5.14,57,60,57,61,daß,dass,orthography:wordlist
Amos.5.14,77,83,78,82,Jehova,HERR,name:unresolved-case
Amos.5.15,103,109,103,111,Jehova,der HERR,name:subject-after-auxiliary
Amos.5.16,15,21,15,23,Jehova,der HERR,name:subject-after-speech-verb
Amos.5.17,95,101,95,103,Jehova,der HERR,name:subject-after-speech-verb
Amos.5.18,37,44,37,46,Jehovas,des HERRN,name:genitive
Amos.5.18,85,92,87,96,Jehovas,des HERRN,name:genitive
Amos.5.20,24,31,24,33,Jehovas,des HERRN,name:genitive
Amos.5.27,56,62,56,64,Jehova,der HERR,name:subject-after-speech-verb
Amos.6.8,11,17,11,19,Jehova,der HERR,name:subject-before-finite-verb
Amos.6.8,63,69,65,73,Jehova,der HERR,name:subject-after-speech-verb
Amos.6.10,270,277,270,279,Jehovas,des HERRN,name:genitive
Amos.6.11,12,18,12,20,Jehova,der HERR,name:subject-before-finite-verb
Amos.6.12,79,82,79,83,daß,dass,orthography:wordlist
Amos.6.14,80,86,80,88,Jehova,der HERR,name:subject-after-speech-verb
Amos.7.1,26,32,26,30,Jehova,HERR,name:unresolved-case
Amos.7.2,95,101,95,99,Jehova,HERR,name:direct-address-following-imperative
Amos.7.3,9,15,9,17,Jehova,Der HERR,name:subject-before-finite-verb
Amos.7.3,76,82,78,86,Jehova,der HERR,name:subject-after-speech-verb
Amos.7.4,26,32,26,30,Jehova,HERR,name:unresolved-case
Amos.7.4,60,66,58,66,Jehova,der HERR,name:subject-before-finite-verb
Amos.7.5,23,29,23,27,Jehova,HERR,name:direct-address-following-imperative
Amos.7.5,31,34,29,33,laß,lass,orthography:wordlist
Amos.7.6,0,6,0,8,Jehova,Der HERR,name:subject-before-finite-verb
Amos.7.6,85,91,87,91,Jehova,HERR,name:terminal-direct-address
Amos.7.8,4,10,4,12,Jehova,der HERR,name:subject-before-finite-verb
Amos.7.11,80,89,80,90,gewißlich,gewisslich,orthography:wordlist
Amos.7.12,102,104,102,105,iß,iss,orthography:wordlist
Amos.7.15,4,10,4,12,Jehova,der HERR,name:subject-before-finite-verb
Amos.7.15,54,60,56,64,Jehova,der HERR,name:subject-before-finite-verb
Amos.7.16,23,30,23,32,Jehovas,des HERRN,name:genitive
Amos.7.17,14,20,14,22,Jehova,der HERR,name:subject-after-speech-verb
Amos.7.17,28,32,30,35,Dein,Deine,grammar:Frau-determiner
Amos.7.17,33,37,36,40,Weib,Frau,word:Weib-Frau
Amos.7.17,188,197,191,201,Meßschnur,Messschnur,orthography:wordlist
Amos.7.17,271,280,275,285,gewißlich,gewisslich,orthography:wordlist
Amos.8.1,26,32,26,30,Jehova,HERR,name:unresolved-case
Amos.8.2,90,96,90,98,Jehova,der HERR,name:subject-before-finite-verb
Amos.8.3,99,105,99,103,Jehova,HERR,name:unresolved-case
Amos.8.5,32,35,32,36,daß,dass,orthography:wordlist
Amos.8.5,70,77,71,77,Sabbath,Sabbat,orthography:wordlist
Amos.8.5,79,82,79,83,daß,dass,orthography:wordlist
Amos.8.7,9,15,9,17,Jehova,Der HERR,name:subject-before-finite-verb
Amos.8.9,59,65,59,63,Jehova,HERR,name:unresolved-case
Amos.8.11,41,47,41,45,Jehova,HERR,name:unresolved-case
Amos.8.11,183,190,181,190,Jehovas,des HERRN,name:genitive
Amos.8.12,134,141,134,143,Jehovas,des HERRN,name:genitive
Amos.9.1,92,95,92,96,daß,dass,orthography:wordlist
Amos.9.5,15,21,15,19,Jehova,HERR,name:unresolved-case
Amos.9.6,170,176,170,178,Jehova,der HERR,name:subject-before-finite-verb
Amos.9.7,75,81,75,83,Jehova,der HERR,name:subject-after-speech-verb
Amos.9.8,30,37,30,39,Jehovas,des HERRN,name:genitive
Amos.9.8,130,133,132,136,daß,dass,orthography:wordlist
Amos.9.8,196,202,199,207,Jehova,der HERR,name:subject-after-speech-verb
Amos.9.12,4,7,4,8,daß,dass,orthography:wordlist
Amos.9.12,126,132,127,135,Jehova,der HERR,name:subject-after-speech-verb
Amos.9.13,29,35,29,37,Jehova,der HERR,name:subject-after-speech-verb
Amos.9.15,147,153,147,151,Jehova,HERR,name:direct-address-pronoun
Obad.1.1,59,65,59,63,Jehova,HERR,name:unresolved-case
Obad.1.1,105,111,103,112,Jehova,dem HERRN,name:dative-preposition
Obad.1.1,197,201,198,203,laßt,lasst,orthography:wordlist
Obad.1.4,145,151,145,153,Jehova,der HERR,name:subject-after-speech-verb
Obad.1.8,40,46,40,48,Jehova,der HERR,name:subject-after-speech-verb
Obad.1.9,48,51,48,52,daß,dass,orthography:wordlist
Obad.1.12,73,85,73,86,Mißgeschicks,Missgeschicks,orthography:wordlist
Obad.1.15,13,20,13,22,Jehovas,des HERRN,name:genitive
Obad.1.18,225,231,225,233,Jehova,der HERR,name:subject-before-finite-verb
Obad.1.21,105,111,105,113,Jehova,der HERR,name:subject-after-auxiliary
Jonah.1.1,23,30,23,32,Jehovas,des HERRN,name:genitive
Jonah.1.3,50,57,50,59,Jehovas,des HERRN,name:genitive
Jonah.1.3,277,284,279,288,Jehovas,des HERRN,name:genitive
Jonah.1.4,8,14,8,12,Jehova,HERR,name:unresolved-case
Jonah.1.4,105,108,103,107,daß,dass,orthography:wordlist
Jonah.1.6,169,172,169,173,daß,dass,orthography:wordlist
Jonah.1.7,58,62,58,63,laßt,lasst,orthography:wordlist
Jonah.1.9,63,69,63,72,Jehova,den HERRN,name:accusative-apposition
Jonah.1.10,111,117,111,118,wußten,wussten,orthography:wordlist
Jonah.1.10,119,122,120,124,daß,dass,orthography:wordlist
Jonah.1.10,145,152,147,156,Jehovas,des HERRN,name:genitive
Jonah.1.12,136,139,136,140,daß,dass,orthography:wordlist
Jonah.1.14,18,24,18,27,Jehova,dem HERRN,name:dative-preposition
Jonah.1.14,47,53,50,54,Jehova,HERR,name:unresolved-case
Jonah.1.14,56,59,57,61,Laß,Lass,orthography:wordlist
Jonah.1.14,174,180,176,180,Jehova,HERR,name:direct-address
Jonah.1.16,46,52,46,55,Jehova,dem HERRN,name:presence-before-Lord
Jonah.1.16,133,139,136,141,Jehova,HERRN,name:existing-oblique-article
Jonah.2.1,4,10,4,8,Jehova,HERR,name:unresolved-case
Jonah.2.2,20,26,20,29,Jehova,dem HERRN,name:dative-preposition
Jonah.2.3,35,41,35,44,Jehova,dem HERRN,name:dative-preposition
Jonah.2.4,86,94,86,95,umschloß,umschloss,orthography:wordlist
Jonah.2.6,56,64,56,65,umschloß,umschloss,orthography:wordlist
Jonah.2.7,139,145,139,143,Jehova,HERR,name:unresolved-case
Jonah.2.8,55,62,55,64,Jehovas,des HERRN,name:genitive
Jonah.2.10,101,107,101,110,Jehova,dem HERRN,name:dative-preposition
Jonah.2.11,4,10,4,12,Jehova,der HERR,name:subject-before-finite-verb
Jonah.3.1,23,30,23,32,Jehovas,des HERRN,name:genitive
Jonah.3.3,64,71,64,73,Jehovas,des HERRN,name:genitive
Jonah.3.9,108,111,108,112,daß,dass,orthography:wordlist
Jonah.3.10,53,56,53,57,daß,dass,orthography:wordlist
Jonah.3.10,166,169,167,171,daß,dass,orthography:wordlist
Jonah.4.1,8,15,8,16,verdroß,verdross,orthography:wordlist
Jonah.4.2,18,24,18,27,Jehova,dem HERRN,name:dative-preposition
Jonah.4.2,45,51,48,56,Jehova,der HERR,name:subject-before-finite-verb
Jonah.4.2,177,182,182,188,wußte,wusste,orthography:wordlist
Jonah.4.2,185,188,191,195,daß,dass,orthography:wordlist
Jonah.4.2,304,308,311,316,läßt,lässt,orthography:wordlist
Jonah.4.3,9,15,9,13,Jehova,HERR,name:unresolved-case
Jonah.4.3,71,74,69,73,daß,dass,orthography:wordlist
Jonah.4.3,91,94,90,94,daß,dass,orthography:wordlist
Jonah.4.4,4,10,4,12,Jehova,der HERR,name:subject-before-finite-verb
Jonah.4.4,35,38,37,41,daß,dass,orthography:wordlist
Jonah.4.6,4,10,4,8,Jehova,HERR,name:unresolved-case
Jonah.4.6,141,147,139,146,Mißmut,Missmut,orthography:wordlist
Jonah.4.7,117,120,117,121,daß,dass,orthography:wordlist
Jonah.4.8,124,127,124,128,daß,dass,orthography:wordlist
Jonah.4.8,170,173,171,175,daß,dass,orthography:wordlist
Jonah.4.8,224,227,226,230,daß,dass,orthography:wordlist
Jonah.4.8,245,248,248,252,daß,dass,orthography:wordlist
Jonah.4.9,42,45,42,46,daß,dass,orthography:wordlist
Jonah.4.10,4,10,4,12,Jehova,der HERR,name:subject-before-finite-verb
Mic.1.1,9,16,9,18,Jehovas,des HERRN,name:genitive
Mic.1.2,87,93,87,95,Jehova,der HERR,name:subject-before-finite-verb
Mic.1.3,12,18,12,20,Jehova,der HERR,name:subject-before-finite-verb
Mic.1.12,74,81,74,83,Jehovas,des HERRN,name:genitive
Mic.2.3,18,24,18,26,Jehova,der HERR,name:subject-after-speech-verb
Mic.2.5,53,60,53,62,Jehovas,des HERRN,name:genitive
Mic.2.5,66,75,68,78,Meßschnur,Messschnur,orthography:wordlist
Mic.2.7,39,45,39,47,Jehova,der HERR,name:subject-after-auxiliary
Mic.2.9,4,10,4,10,Weiber,Frauen,word:Weib-Frau
Mic.2.13,169,175,169,173,Jehova,HERR,name:unresolved-case
Mic.3.4,19,25,19,28,Jehova,dem HERRN,name:dative-preposition
Mic.3.5,11,17,11,19,Jehova,der HERR,name:subject-after-speech-verb
Mic.3.8,67,74,67,76,Jehovas,des HERRN,name:genitive
Mic.3.11,140,146,140,144,Jehova,HERR,name:unresolved-case
Mic.3.11,170,176,168,172,Jehova,HERR,name:unresolved-case
Mic.4.1,81,88,81,90,Jehovas,des HERRN,name:genitive
Mic.4.2,59,63,59,64,laßt,lasst,orthography:wordlist
Mic.4.2,91,98,92,101,Jehovas,des HERRN,name:genitive
Mic.4.2,279,286,282,291,Jehovas,des HERRN,name:genitive
Mic.4.4,139,146,139,148,Jehovas,des HERRN,name:genitive
Mic.4.5,106,113,106,115,Jehovas,des HERRN,name:genitive
Mic.4.6,24,30,24,32,Jehova,der HERR,name:subject-after-speech-verb
Mic.4.7,108,114,108,116,Jehova,der HERR,name:subject-before-finite-verb
Mic.4.9,98,101,98,102,daß,dass,orthography:wordlist
Mic.4.10,211,217,211,219,Jehova,der HERR,name:subject-after-auxiliary
Mic.4.12,35,42,35,44,Jehovas,des HERRN,name:genitive
Mic.4.12,71,80,73,83,Ratschluß,Ratschluss,orthography:wordlist
Mic.4.13,178,184,178,183,Jehova,HERRN,name:existing-oblique-article
Mic.5.3,59,66,59,68,Jehovas,des HERRN,name:genitive
Mic.5.3,94,101,96,105,Jehovas,des HERRN,name:genitive
Mic.5.6,76,82,76,85,Jehova,dem HERRN,name:dative-preposition
Mic.5.9,46,52,46,54,Jehova,der HERR,name:subject-after-speech-verb
Mic.6.1,26,32,26,34,Jehova,der HERR,name:subject-subordinate-clause
Mic.6.1,85,88,87,91,laß,lass,orthography:wordlist
Mic.6.2,36,43,36,45,Jehovas,des HERRN,name:genitive
Mic.6.2,102,108,104,112,Jehova,der HERR,name:subject-before-finite-verb
Mic.6.5,188,191,188,192,daß,dass,orthography:wordlist
Mic.6.5,215,222,216,225,Jehovas,des HERRN,name:genitive
Mic.6.6,20,26,20,29,Jehova,dem HERRN,name:presence-before-Lord
Mic.6.7,5,11,5,13,Jehova,der HERR,name:subject-after-auxiliary
Mic.6.8,82,88,82,86,Jehova,HERR,name:unresolved-case
Mic.6.9,11,18,11,20,Jehovas,des HERRN,name:genitive
Mic.6.16,134,137,134,138,daß,dass,orthography:wordlist
Mic.7.7,19,25,19,28,Jehova,dem HERRN,name:dative-preposition
Mic.7.8,133,139,133,141,Jehova,der HERR,name:subject-after-auxiliary
Mic.7.9,10,17,10,19,Jehovas,des HERRN,name:genitive
Mic.7.10,92,98,92,96,Jehova,HERR,name:direct-address-pronoun
Mic.7.14,132,135,132,136,laß,lass,orthography:wordlist
Mic.7.17,172,178,172,181,Jehova,dem HERRN,name:dative-preposition
Nah.1.2,38,44,38,46,Jehova,der HERR,name:subject-after-auxiliary
Nah.1.2,63,69,65,73,Jehova,der HERR,name:subject-after-auxiliary
Nah.1.2,92,98,96,100,Jehova,HERR,name:unresolved-case
Nah.1.3,9,15,9,17,Jehova,Der HERR,name:subject-before-finite-verb
Nah.1.3,113,119,115,119,Jehova,HERR,name:unresolved-case
Nah.1.7,9,15,9,17,Jehova,Der HERR,name:subject-before-finite-verb
Nah.1.9,21,27,21,30,Jehova,den HERRN,name:accusative-preposition
Nah.1.11,57,63,57,66,Jehova,den HERRN,name:accusative-preposition
Nah.1.12,11,17,11,19,Jehova,der HERR,name:subject-after-speech-verb
Nah.1.14,18,24,18,26,Jehova,der HERR,name:subject-after-auxiliary
Nah.1.14,35,38,37,41,daß,dass,orthography:wordlist
Nah.2.3,5,11,5,9,Jehova,HERR,name:unresolved-case
Nah.2.14,33,39,33,41,Jehova,der HERR,name:subject-after-speech-verb
Nah.3.5,33,39,33,41,Jehova,der HERR,name:subject-after-speech-verb
Nah.3.13,25,32,25,31,Weibern,Frauen,word:Weib-Frau
Hab.1.2,11,17,11,15,Jehova,HERR,name:unresolved-case
Hab.1.3,6,10,6,11,läßt,lässt,orthography:wordlist
Hab.1.12,31,37,31,35,Jehova,HERR,name:unresolved-case
Hab.1.12,95,101,93,97,Jehova,HERR,name:unresolved-case
Hab.2.2,19,25,19,23,Jehova,HERR,name:unresolved-case
Hab.2.13,24,30,24,33,Jehova,dem HERRN,name:dative-preposition
Hab.2.13,50,53,53,57,daß,dass,orthography:wordlist
Hab.2.14,69,76,69,78,Jehovas,des HERRN,name:genitive
Hab.2.16,130,137,130,139,Jehovas,des HERRN,name:genitive
Hab.2.18,35,38,35,39,daß,dass,orthography:wordlist
Hab.2.18,120,123,121,125,daß,dass,orthography:wordlist
Hab.2.20,5,11,5,13,Jehova,der HERR,name:subject-before-finite-verb
Hab.3.2,9,15,9,13,Jehova,HERR,name:unresolved-case
Hab.3.2,69,75,67,71,Jehova,HERR,name:direct-address-following-imperative
Hab.3.8,4,10,4,12,Jehova,der HERR,name:subject-after-auxiliary
Hab.3.8,107,110,109,113,daß,dass,orthography:wordlist
Hab.3.18,22,28,22,31,Jehova,dem HERRN,name:dative-in-Lord
Hab.3.19,0,6,0,4,Jehova,HERR,name:unresolved-case
Hab.3.19,91,95,89,94,läßt,lässt,orthography:wordlist
Zeph.1.1,9,16,9,18,Jehovas,des HERRN,name:genitive
Zeph.1.2,74,80,74,82,Jehova,der HERR,name:subject-after-speech-verb
Zeph.1.3,231,237,231,239,Jehova,der HERR,name:subject-after-speech-verb
Zeph.1.5,88,94,88,93,Jehova,HERRN,name:existing-oblique-article
Zeph.1.6,12,18,12,21,Jehova,dem HERRN,name:dative-preposition
Zeph.1.6,43,49,46,50,Jehova,HERR,name:unresolved-case
Zeph.1.7,40,46,40,44,Jehova,HERR,name:unresolved-case
Zeph.1.7,72,79,70,79,Jehovas,des HERRN,name:genitive
Zeph.1.7,86,92,86,94,Jehova,der HERR,name:subject-before-finite-verb
Zeph.1.8,55,62,55,64,Jehovas,des HERRN,name:genitive
Zeph.1.10,28,34,28,36,Jehova,der HERR,name:subject-after-speech-verb
Zeph.1.12,191,197,191,199,Jehova,der HERR,name:subject-before-finite-verb
Zeph.1.14,33,40,33,42,Jehovas,des HERRN,name:genitive
Zeph.1.14,88,95,90,99,Jehovas,des HERRN,name:genitive
Zeph.1.17,100,106,100,109,Jehova,den HERRN,name:accusative-preposition
Zeph.1.18,87,94,87,96,Jehovas,des HERRN,name:genitive
Zeph.2.2,18,26,18,27,Beschluß,Beschluss,orthography:wordlist
Zeph.2.2,116,123,117,126,Jehovas,des HERRN,name:genitive
Zeph.2.2,172,179,175,184,Jehovas,des HERRN,name:genitive
Zeph.2.3,17,23,17,26,Jehova,den HERRN,name:accusative-verb
Zeph.2.3,186,193,189,198,Jehovas,des HERRN,name:genitive
Zeph.2.5,92,99,92,101,Jehovas,des HERRN,name:genitive
Zeph.2.5,182,185,184,188,daß,dass,orthography:wordlist
Zeph.2.7,151,157,151,155,Jehova,HERR,name:unresolved-case
Zeph.2.9,34,40,34,42,Jehova,der HERR,name:subject-after-speech-verb
Zeph.2.9,89,98,91,101,gewißlich,gewisslich,orthography:wordlist
Zeph.2.10,66,73,66,75,Jehovas,des HERRN,name:genitive
Zeph.2.11,15,21,15,23,Jehova,der HERR,name:subject-after-auxiliary
Zeph.3.2,64,70,64,68,Jehova,HERR,name:unresolved-case
Zeph.3.5,9,15,9,17,Jehova,Der HERR,name:subject-before-finite-verb
Zeph.3.6,111,114,111,115,daß,dass,orthography:wordlist
Zeph.3.6,167,170,168,172,daß,dass,orthography:wordlist
Zeph.3.8,32,38,32,40,Jehova,der HERR,name:subject-after-speech-verb
Zeph.3.9,100,107,100,109,Jehovas,des HERRN,name:genitive
Zeph.3.12,101,108,101,110,Jehovas,des HERRN,name:genitive
Zeph.3.15,9,15,9,17,Jehova,Der HERR,name:subject-before-finite-verb
Zeph.3.15,94,100,96,104,Jehova,der HERR,name:subject-before-finite-verb
Zeph.3.16,77,80,77,81,laß,lass,orthography:wordlist
Zeph.3.17,9,15,9,13,Jehova,HERR,name:direct-address-pronoun
Zeph.3.20,239,245,239,247,Jehova,der HERR,name:subject-after-speech-verb
Hag.1.1,104,111,104,113,Jehovas,des HERRN,name:genitive
Hag.1.2,12,18,12,20,Jehova,der HERR,name:subject-after-speech-verb
Hag.1.2,110,113,112,116,daß,dass,orthography:wordlist
Hag.1.2,124,131,127,136,Jehovas,des HERRN,name:genitive
Hag.1.3,23,30,23,32,Jehovas,des HERRN,name:genitive
Hag.1.5,30,36,30,38,Jehova,der HERR,name:subject-after-speech-verb
Hag.1.7,11,17,11,19,Jehova,der HERR,name:subject-after-speech-verb
Hag.1.8,145,151,145,153,Jehova,der HERR,name:subject-after-speech-verb
Hag.1.9,142,148,142,150,Jehova,der HERR,name:subject-after-speech-verb
Hag.1.12,157,164,157,166,Jehovas,des HERRN,name:genitive
Hag.1.12,229,235,231,239,Jehova,der HERR,name:subject-subordinate-clause
Hag.1.12,301,307,305,314,Jehova,dem HERRN,name:presence-before-Lord
Hag.1.13,29,36,29,38,Jehovas,des HERRN,name:genitive
Hag.1.13,61,68,63,72,Jehovas,des HERRN,name:genitive
Hag.1.13,122,128,126,134,Jehova,der HERR,name:subject-after-speech-verb
Hag.1.14,14,20,14,22,Jehova,der HERR,name:subject-before-finite-verb
Hag.1.14,267,274,269,278,Jehovas,des HERRN,name:genitive
Hag.2.1,69,76,69,78,Jehovas,des HERRN,name:genitive
Hag.2.4,50,56,50,58,Jehova,der HERR,name:subject-after-speech-verb
Hag.2.4,168,174,170,178,Jehova,der HERR,name:subject-after-speech-verb
Hag.2.4,222,228,226,234,Jehova,der HERR,name:subject-after-speech-verb
Hag.2.6,16,22,16,24,Jehova,der HERR,name:subject-after-speech-verb
Hag.2.7,149,155,149,157,Jehova,der HERR,name:subject-after-speech-verb
Hag.2.8,49,55,49,57,Jehova,der HERR,name:subject-after-speech-verb
Hag.2.9,82,88,82,90,Jehova,der HERR,name:subject-after-speech-verb
Hag.2.9,160,166,162,170,Jehova,der HERR,name:subject-after-speech-verb
Hag.2.10,92,99,92,101,Jehovas,des HERRN,name:genitive
Hag.2.11,11,17,11,19,Jehova,der HERR,name:subject-after-speech-verb
Hag.2.14,97,103,97,105,Jehova,der HERR,name:subject-after-speech-verb
Hag.2.15,135,142,135,144,Jehovas,des HERRN,name:genitive
Hag.2.17,133,139,133,141,Jehova,der HERR,name:subject-after-speech-verb
Hag.2.18,160,167,160,169,Jehovas,des HERRN,name:genitive
Hag.2.20,23,30,23,32,Jehovas,des HERRN,name:genitive
Hag.2.23,24,30,24,32,Jehova,der HERR,name:subject-after-speech-verb
Hag.2.23,129,135,131,139,Jehova,der HERR,name:subject-after-speech-verb
Hag.2.23,220,226,224,232,Jehova,der HERR,name:subject-after-speech-verb
Zech.1.1,66,73,66,75,Jehovas,des HERRN,name:genitive
Zech.1.2,9,15,9,17,Jehova,Der HERR,name:subject-before-finite-verb
Zech.1.3,34,40,34,42,Jehova,der HERR,name:subject-after-speech-verb
Zech.1.3,87,93,89,97,Jehova,der HERR,name:subject-after-speech-verb
Zech.1.3,153,159,157,165,Jehova,der HERR,name:subject-after-speech-verb
Zech.1.4,93,99,93,101,Jehova,der HERR,name:subject-after-speech-verb
Zech.1.4,251,257,253,261,Jehova,der HERR,name:subject-after-speech-verb
Zech.1.6,174,180,174,178,Jehova,HERR,name:unresolved-case
Zech.1.7,123,130,123,132,Jehovas,des HERRN,name:genitive
Zech.1.10,106,112,106,114,Jehova,der HERR,name:subject-subordinate-clause
Zech.1.11,31,38,31,40,Jehovas,des HERRN,name:genitive
Zech.1.12,18,25,18,27,Jehovas,des HERRN,name:genitive
Zech.1.12,42,48,44,48,Jehova,HERR,name:unresolved-case
Zech.1.13,4,10,4,12,Jehova,der HERR,name:subject-before-finite-verb
Zech.1.14,87,93,87,95,Jehova,der HERR,name:subject-after-speech-verb
Zech.1.16,14,20,14,22,Jehova,der HERR,name:subject-after-speech-verb
Zech.1.16,105,111,107,115,Jehova,der HERR,name:subject-after-speech-verb
Zech.1.16,160,169,164,174,Meßschnur,Messschnur,orthography:wordlist
Zech.1.17,41,47,41,49,Jehova,der HERR,name:subject-after-speech-verb
Zech.1.17,121,127,123,131,Jehova,der HERR,name:subject-before-finite-verb
Zech.2.3,4,10,4,12,Jehova,der HERR,name:subject-before-finite-verb
Zech.2.4,164,167,164,168,daß,dass,orthography:wordlist
Zech.2.5,71,80,71,81,Meßschnur,Messschnur,orthography:wordlist
Zech.2.9,27,33,27,35,Jehova,der HERR,name:subject-after-speech-verb
Zech.2.10,66,72,66,74,Jehova,der HERR,name:subject-after-speech-verb
Zech.2.10,144,150,146,154,Jehova,der HERR,name:subject-after-speech-verb
Zech.2.12,16,22,16,24,Jehova,der HERR,name:subject-after-speech-verb
Zech.2.13,142,145,142,146,daß,dass,orthography:wordlist
Zech.2.13,146,152,147,155,Jehova,der HERR,name:subject-subordinate-clause
Zech.2.14,106,112,106,114,Jehova,der HERR,name:subject-after-speech-verb
Zech.2.15,50,56,50,54,Jehova,HERR,name:unresolved-case
Zech.2.15,168,171,166,170,daß,dass,orthography:wordlist
Zech.2.15,172,178,171,179,Jehova,der HERR,name:subject-subordinate-clause
Zech.2.16,4,10,4,12,Jehova,der HERR,name:subject-before-finite-verb
Zech.2.17,28,34,28,37,Jehova,dem HERRN,name:presence-before-Lord
Zech.3.1,68,75,68,77,Jehovas,des HERRN,name:genitive
Zech.3.2,4,10,4,12,Jehova,der HERR,name:subject-before-finite-verb
Zech.3.2,31,37,33,37,Jehova,HERR,name:unresolved-case
Zech.3.2,82,88,82,86,Jehova,HERR,name:unresolved-case
Zech.3.5,172,179,172,181,Jehovas,des HERRN,name:genitive
Zech.3.6,24,31,24,33,Jehovas,des HERRN,name:genitive
Zech.3.7,11,17,11,19,Jehova,der HERR,name:subject-after-speech-verb
Zech.3.8,164,169,164,170,Sproß,Spross,orthography:wordlist
Zech.3.9,138,144,138,146,Jehova,der HERR,name:subject-after-speech-verb
Zech.3.10,24,30,24,32,Jehova,der HERR,name:subject-after-speech-verb
Zech.4.6,67,74,67,76,Jehovas,des HERRN,name:genitive
Zech.4.6,171,177,173,181,Jehova,der HERR,name:subject-after-speech-verb
Zech.4.7,91,102,91,103,Schlußstein,Schlussstein,orthography:wordlist
Zech.4.8,23,30,23,32,Jehovas,des HERRN,name:genitive
Zech.4.9,115,118,115,119,daß,dass,orthography:wordlist
Zech.4.9,119,125,120,128,Jehova,der HERR,name:subject-subordinate-clause
Zech.4.10,136,143,136,145,Jehovas,des HERRN,name:genitive
Zech.5.4,39,45,39,47,Jehova,der HERR,name:subject-after-speech-verb
Zech.5.7,75,78,75,79,ein,eine,grammar:Frau-determiner
Zech.5.7,79,83,80,84,Weib,Frau,word:Weib-Frau
Zech.5.7,86,93,87,93,welches,welche,grammar:Frau-relative
Zech.5.9,65,71,65,71,Weiber,Frauen,word:Weib-Frau
Zech.6.9,23,30,23,32,Jehovas,des HERRN,name:genitive
Zech.6.12,12,18,12,20,Jehova,der HERR,name:subject-after-speech-verb
Zech.6.12,79,84,81,87,Sproß,Spross,orthography:wordlist
Zech.6.12,146,153,149,158,Jehovas,des HERRN,name:genitive
Zech.6.13,23,30,23,32,Jehovas,des HERRN,name:genitive
Zech.6.14,120,127,120,129,Jehovas,des HERRN,name:genitive
Zech.6.15,54,61,54,63,Jehovas,des HERRN,name:genitive
Zech.6.15,97,100,99,103,daß,dass,orthography:wordlist
Zech.6.15,101,107,104,112,Jehova,der HERR,name:subject-subordinate-clause
Zech.6.15,212,219,217,226,Jehovas,des HERRN,name:genitive
Zech.7.1,76,83,76,85,Jehovas,des HERRN,name:genitive
Zech.7.2,72,78,72,81,Jehova,den HERRN,name:accusative-preposition
Zech.7.3,33,40,33,42,Jehovas,des HERRN,name:genitive
Zech.7.4,23,30,23,32,Jehovas,des HERRN,name:genitive
Zech.7.7,37,43,37,45,Jehova,der HERR,name:subject-subordinate-clause
Zech.7.8,23,30,23,32,Jehovas,des HERRN,name:genitive
Zech.7.9,11,17,11,19,Jehova,der HERR,name:subject-after-speech-verb
Zech.7.12,112,118,112,120,Jehova,der HERR,name:subject-subordinate-clause
Zech.7.12,237,244,239,248,Jehovas,des HERRN,name:genitive
Zech.7.13,118,124,118,126,Jehova,der HERR,name:subject-after-speech-verb
Zech.7.14,131,134,131,135,daß,dass,orthography:wordlist
Zech.8.1,34,41,34,43,Jehovas,des HERRN,name:genitive
Zech.8.2,11,17,11,19,Jehova,der HERR,name:subject-after-speech-verb
Zech.8.3,12,18,12,20,Jehova,der HERR,name:subject-after-speech-verb
Zech.8.3,161,168,163,172,Jehovas,des HERRN,name:genitive
Zech.8.4,11,17,11,19,Jehova,der HERR,name:subject-after-speech-verb
Zech.8.6,11,17,11,19,Jehova,der HERR,name:subject-after-speech-verb
Zech.8.6,175,181,177,185,Jehova,der HERR,name:subject-after-speech-verb
Zech.8.7,11,17,11,19,Jehova,der HERR,name:subject-after-speech-verb
Zech.8.9,12,18,12,20,Jehova,der HERR,name:subject-after-speech-verb
Zech.8.9,186,193,188,197,Jehovas,des HERRN,name:genitive
Zech.8.11,93,99,93,101,Jehova,der HERR,name:subject-after-speech-verb
Zech.8.14,16,22,16,24,Jehova,der HERR,name:subject-after-speech-verb
Zech.8.14,126,132,128,136,Jehova,der HERR,name:subject-after-speech-verb
Zech.8.17,136,142,136,144,Jehova,der HERR,name:subject-after-speech-verb
Zech.8.18,23,30,23,32,Jehovas,des HERRN,name:genitive
Zech.8.19,11,17,11,19,Jehova,der HERR,name:subject-after-speech-verb
Zech.8.20,11,17,11,19,Jehova,der HERR,name:subject-after-speech-verb
Zech.8.20,61,64,63,67,daß,dass,orthography:wordlist
Zech.8.21,86,90,86,91,Laßt,Lasst,orthography:wordlist
Zech.8.21,114,120,115,124,Jehova,den HERRN,name:accusative-preposition
Zech.8.21,137,143,141,145,Jehova,HERR,name:unresolved-case
Zech.8.22,86,92,86,95,Jehova,den HERRN,name:accusative-preposition
Zech.8.22,140,146,143,147,Jehova,HERR,name:unresolved-case
Zech.8.23,11,17,11,19,Jehova,der HERR,name:subject-after-speech-verb
Zech.8.23,252,255,254,258,daß,dass,orthography:wordlist
Zech.9.1,21,28,21,30,Jehovas,des HERRN,name:genitive
Zech.9.1,72,76,74,79,läßt,lässt,orthography:wordlist
Zech.9.1,98,104,101,109,Jehova,der HERR,name:subject-before-finite-verb
Zech.9.7,60,66,60,66,Greuel,Gräuel,orthography:wordlist
Zech.9.12,88,91,88,92,daß,dass,orthography:wordlist
Zech.9.14,14,20,14,22,Jehova,der HERR,name:subject-before-finite-verb
Zech.9.14,114,120,116,124,Jehova,der HERR,name:subject-before-finite-verb
Zech.9.15,9,15,9,13,Jehova,HERR,name:unresolved-case
Zech.9.16,4,10,4,8,Jehova,HERR,name:unresolved-case
Zech.10.1,13,19,13,22,Jehova,dem HERRN,name:dative-preposition
Zech.10.1,53,59,56,64,Jehova,der HERR,name:subject-before-finite-verb
Zech.10.3,87,93,87,91,Jehova,HERR,name:unresolved-case
Zech.10.3,189,198,187,197,Prachtroß,Prachtross,orthography:wordlist
Zech.10.5,110,116,110,118,Jehova,der HERR,name:subject-before-finite-verb
Zech.10.6,203,209,203,211,Jehova,der HERR,name:predicate-name
Zech.10.7,165,171,165,174,Jehova,dem HERRN,name:dative-in-Lord
Zech.10.12,34,40,34,43,Jehova,dem HERRN,name:dative-in-Lord
Zech.10.12,93,99,96,104,Jehova,der HERR,name:subject-after-speech-verb
Zech.11.4,12,18,12,20,Jehova,der HERR,name:subject-after-speech-verb
Zech.11.5,93,99,93,101,Jehova,der HERR,name:subject-after-auxiliary
Zech.11.6,72,78,72,80,Jehova,der HERR,name:subject-after-speech-verb
Zech.11.11,109,112,109,113,daß,dass,orthography:wordlist
Zech.11.11,125,132,126,135,Jehovas,des HERRN,name:genitive
Zech.11.13,11,17,11,19,Jehova,der HERR,name:subject-after-speech-verb
Zech.11.13,182,189,184,193,Jehovas,des HERRN,name:genitive
Zech.11.15,4,10,4,12,Jehova,der HERR,name:subject-before-finite-verb
Zech.11.17,61,68,61,69,verläßt,verlässt,orthography:wordlist
Zech.12.1,22,29,22,31,Jehovas,des HERRN,name:genitive
Zech.12.1,56,62,58,66,Jehova,der HERR,name:subject-after-speech-verb
Zech.12.3,153,162,153,163,gewißlich,gewisslich,orthography:wordlist
Zech.12.4,24,30,24,32,Jehova,der HERR,name:subject-after-speech-verb
Zech.12.5,113,119,113,122,Jehova,dem HERRN,name:dative-in-Lord
Zech.12.7,4,10,4,12,Jehova,der HERR,name:subject-before-finite-verb
Zech.12.7,53,56,55,59,daß,dass,orthography:wordlist
Zech.12.8,20,26,20,28,Jehova,der HERR,name:subject-after-auxiliary
Zech.12.8,187,194,189,198,Jehovas,des HERRN,name:genitive
Zech.12.12,114,120,114,120,Weiber,Frauen,word:Weib-Frau
Zech.12.12,189,195,189,195,Weiber,Frauen,word:Weib-Frau
Zech.12.13,54,60,54,60,Weiber,Frauen,word:Weib-Frau
Zech.12.13,123,129,123,129,Weiber,Frauen,word:Weib-Frau
Zech.12.14,66,72,66,72,Weiber,Frauen,word:Weib-Frau
Zech.13.2,46,52,46,54,Jehova,der HERR,name:subject-after-speech-verb
Zech.13.3,192,199,192,201,Jehovas,des HERRN,name:genitive
Zech.13.7,100,106,100,108,Jehova,der HERR,name:subject-after-speech-verb
Zech.13.8,49,55,49,57,Jehova,der HERR,name:subject-after-speech-verb
Zech.13.9,269,275,269,277,Jehova,der HERR,name:subject-before-finite-verb
Zech.14.1,26,32,26,35,Jehova,den HERRN,name:accusative-preposition
Zech.14.2,142,148,142,148,Weiber,Frauen,word:Weib-Frau
Zech.14.3,4,10,4,12,Jehova,der HERR,name:subject-before-finite-verb
Zech.14.5,225,231,225,233,Jehova,der HERR,name:subject-after-auxiliary
Zech.14.7,44,50,44,52,Jehova,der HERR,name:predicate-name
Zech.14.9,4,10,4,12,Jehova,der HERR,name:subject-before-finite-verb
Zech.14.9,71,77,73,81,Jehova,der HERR,name:subject-after-auxiliary
Zech.14.12,36,42,36,44,Jehova,der HERR,name:subject-subordinate-clause
Zech.14.13,73,79,73,82,Jehova,dem HERRN,name:dative-preposition
Zech.14.16,23,26,23,27,daß,dass,orthography:wordlist
Zech.14.16,165,171,166,170,Jehova,HERR,name:unresolved-case
Zech.14.17,123,129,123,127,Jehova,HERR,name:unresolved-case
Zech.14.18,150,156,150,158,Jehova,der HERR,name:subject-subordinate-clause
Zech.14.20,70,76,70,75,Jehova,HERRN,name:existing-oblique-article
Zech.14.20,107,114,106,115,Jehovas,des HERRN,name:genitive
Zech.14.21,61,67,61,69,Jehova,der HERR,name:subject-after-auxiliary
Zech.14.21,242,249,244,253,Jehovas,des HERRN,name:genitive
Mal.1.1,21,28,21,30,Jehovas,des HERRN,name:genitive
Mal.1.2,32,38,32,40,Jehova,der HERR,name:subject-after-speech-verb
Mal.1.2,134,140,136,144,Jehova,der HERR,name:subject-after-speech-verb
Mal.1.3,30,36,30,37,gehaßt,gehasst,orthography:wordlist
Mal.1.4,98,104,98,106,Jehova,der HERR,name:subject-after-speech-verb
Mal.1.4,252,258,254,262,Jehova,der HERR,name:subject-subordinate-clause
Mal.1.5,68,74,68,76,Jehova,der HERR,name:subject-after-auxiliary
Mal.1.6,164,170,164,172,Jehova,der HERR,name:subject-after-speech-verb
Mal.1.7,113,116,113,117,daß,dass,orthography:wordlist
Mal.1.7,139,146,140,149,Jehovas,des HERRN,name:genitive
Mal.1.8,268,274,268,276,Jehova,der HERR,name:subject-after-speech-verb
Mal.1.9,41,44,41,45,daß,dass,orthography:wordlist
Mal.1.9,151,157,152,160,Jehova,der HERR,name:subject-after-speech-verb
Mal.1.10,161,167,161,169,Jehova,der HERR,name:subject-after-speech-verb
Mal.1.11,259,265,259,267,Jehova,der HERR,name:subject-after-speech-verb
Mal.1.13,77,83,77,85,Jehova,der HERR,name:subject-after-speech-verb
Mal.1.13,258,264,260,268,Jehova,der HERR,name:subject-after-speech-verb
Mal.1.14,191,197,191,199,Jehova,der HERR,name:subject-after-speech-verb
Mal.2.2,103,109,103,111,Jehova,der HERR,name:subject-after-speech-verb
Mal.2.4,24,27,24,28,daß,dass,orthography:wordlist
Mal.2.4,109,115,110,118,Jehova,der HERR,name:subject-after-speech-verb
Mal.2.7,127,134,127,136,Jehovas,des HERRN,name:genitive
Mal.2.8,126,132,126,134,Jehova,der HERR,name:subject-after-speech-verb
Mal.2.11,56,62,56,62,Greuel,Gräuel,orthography:wordlist
Mal.2.11,141,148,141,150,Jehovas,des HERRN,name:genitive
Mal.2.12,9,15,9,17,Jehova,Der HERR,name:subject-before-finite-verb
Mal.2.12,157,163,159,163,Jehova,HERR,name:unresolved-case
Mal.2.13,52,59,52,61,Jehovas,des HERRN,name:genitive
Mal.2.13,103,106,105,109,daß,dass,orthography:wordlist
Mal.2.14,41,47,41,49,Jehova,der HERR,name:subject-subordinate-clause
Mal.2.14,84,87,86,89,dem,der,grammar:Frau-determiner
Mal.2.14,88,93,90,94,Weibe,Frau,word:Weib-Frau
Mal.2.14,182,185,183,186,das,die,grammar:Frau-determiner
Mal.2.14,186,190,187,191,Weib,Frau,word:Weib-Frau
Mal.2.15,196,199,196,199,das,die,grammar:Frau-determiner
Mal.2.15,200,204,200,204,Weib,Frau,word:Weib-Frau
Mal.2.16,36,42,36,44,Jehova,der HERR,name:subject-after-speech-verb
Mal.2.16,116,122,118,126,Jehova,der HERR,name:subject-after-speech-verb
Mal.2.16,175,178,179,183,daß,dass,orthography:wordlist
Mal.2.17,28,34,28,32,Jehova,HERR,name:unresolved-case
Mal.2.17,118,121,116,120,daß,dass,orthography:wordlist
Mal.2.17,172,179,171,180,Jehovas,des HERRN,name:genitive
Mal.3.1,33,36,33,37,daß,dass,orthography:wordlist
Mal.3.1,218,224,219,227,Jehova,der HERR,name:subject-after-speech-verb
Mal.3.3,153,156,153,157,daß,dass,orthography:wordlist
Mal.3.3,177,183,178,183,Jehova,HERRN,name:existing-oblique-article
Mal.3.4,45,51,45,49,Jehova,HERR,name:unresolved-case
Mal.3.5,311,317,311,319,Jehova,der HERR,name:subject-after-speech-verb
Mal.3.6,10,16,10,18,Jehova,der HERR,name:first-person-apposition
Mal.3.7,160,166,160,168,Jehova,der HERR,name:subject-after-speech-verb
Mal.3.8,32,35,32,36,daß,dass,orthography:wordlist
Mal.3.10,54,57,54,58,daß,dass,orthography:wordlist
Mal.3.10,126,132,127,135,Jehova,der HERR,name:subject-after-speech-verb
Mal.3.11,52,55,52,56,daß,dass,orthography:wordlist
Mal.3.11,180,186,181,189,Jehova,der HERR,name:subject-after-speech-verb
Mal.3.12,109,115,109,117,Jehova,der HERR,name:subject-after-speech-verb
Mal.3.13,53,59,53,61,Jehova,der HERR,name:subject-after-speech-verb
Mal.3.14,84,87,84,88,daß,dass,orthography:wordlist
Mal.3.14,119,122,120,124,daß,dass,orthography:wordlist
Mal.3.14,154,160,156,165,Jehova,dem HERRN,name:presence-before-Lord
Mal.3.16,38,44,38,42,Jehova,HERR,name:unresolved-case
Mal.3.16,60,66,58,62,Jehova,HERR,name:unresolved-case
Mal.3.16,155,161,151,159,Jehova,der HERR,name:subject-subordinate-clause
Mal.3.17,29,35,29,37,Jehova,der HERR,name:subject-after-speech-verb
Mal.3.19,193,199,193,201,Jehova,der HERR,name:subject-after-speech-verb
Mal.3.19,221,224,223,227,daß,dass,orthography:wordlist
Mal.3.21,140,146,140,148,Jehova,der HERR,name:subject-after-speech-verb
Mal.3.23,58,65,58,67,Jehovas,des HERRN,name:genitive
Mal.3.24,106,109,106,110,daß,dass,orthography:wordlist
Matt.1.6,120,124,120,124,Weib,Frau,word:Weib-Frau
Matt.1.20,166,170,166,171,dein,deine,grammar:Frau-determiner
Matt.1.20,171,175,172,176,Weib,Frau,word:Weib-Frau
Matt.1.22,66,69,66,70,daß,dass,orthography:wordlist
Matt.1.24,117,121,117,122,sein,seine,grammar:Frau-determiner
Matt.1.24,122,126,123,127,Weib,Frau,word:Weib-Frau
Matt.2.15,59,62,59,63,daß,dass,orthography:wordlist
Matt.2.16,77,80,77,81,daß,dass,orthography:wordlist
Matt.2.22,20,23,20,24,daß,dass,orthography:wordlist
Matt.3.9,135,138,135,139,daß,dass,orthography:wordlist
Matt.3.15,70,73,70,74,Laß,Lass,orthography:wordlist
Matt.3.15,161,165,162,167,läßt,lässt,orthography:wordlist
Matt.4.3,99,102,99,103,daß,dass,orthography:wordlist
Matt.4.11,23,30,23,31,verläßt,verlässt,orthography:wordlist
Matt.4.12,46,49,46,50,daß,dass,orthography:wordlist
Matt.4.14,4,7,4,8,daß,dass,orthography:wordlist
Matt.5.17,33,36,33,37,daß,dass,orthography:wordlist
Matt.5.21,18,21,18,22,daß,dass,orthography:wordlist
Matt.5.22,57,60,57,61,daß,dass,orthography:wordlist
Matt.5.23,89,92,89,93,daß,dass,orthography:wordlist
Matt.5.24,3,6,3,7,laß,lass,orthography:wordlist
Matt.5.27,18,21,18,22,daß,dass,orthography:wordlist
Matt.5.28,57,60,57,61,daß,dass,orthography:wordlist
Matt.5.28,73,76,74,78,ein,eine,grammar:Frau-determiner
Matt.5.28,77,81,79,83,Weib,Frau,word:Weib-Frau
Matt.5.29,115,118,115,119,daß,dass,orthography:wordlist
Matt.5.30,168,171,168,172,daß,dass,orthography:wordlist
Matt.5.31,32,36,32,37,sein,seine,grammar:Frau-determiner
Matt.5.31,37,41,38,42,Weib,Frau,word:Weib-Frau
Matt.5.32,68,72,68,73,sein,seine,grammar:Frau-determiner
Matt.5.32,73,77,74,78,Weib,Frau,word:Weib-Frau
Matt.5.32,135,138,136,140,daß,dass,orthography:wordlist
Matt.5.33,37,40,37,41,daß,dass,orthography:wordlist
Matt.5.38,18,21,18,22,daß,dass,orthography:wordlist
Matt.5.40,88,91,88,92,laß,lass,orthography:wordlist
Matt.5.43,18,21,18,22,daß,dass,orthography:wordlist
Matt.5.45,81,85,81,86,läßt,lässt,orthography:wordlist
Matt.5.45,131,135,132,137,läßt,lässt,orthography:wordlist
Matt.6.1,13,16,13,17,daß,dass,orthography:wordlist
Matt.6.3,55,58,55,59,laß,lass,orthography:wordlist
Matt.6.7,95,98,95,99,daß,dass,orthography:wordlist
Matt.6.26,58,61,58,62,daß,dass,orthography:wordlist
Matt.6.29,21,24,21,25,daß,dass,orthography:wordlist
Matt.6.32,128,131,128,132,daß,dass,orthography:wordlist
Matt.7.1,38,41,38,42,daß,dass,orthography:wordlist
Matt.7.11,106,113,106,114,wieviel,wie viel,orthography:wordlist
Matt.7.12,53,56,53,57,daß,dass,orthography:wordlist
Matt.8.8,74,77,74,78,daß,dass,orthography:wordlist
Matt.8.11,21,24,21,25,daß,dass,orthography:wordlist
Matt.8.22,76,79,76,80,laß,lass,orthography:wordlist
Matt.8.24,83,86,83,87,daß,dass,orthography:wordlist
Matt.8.27,80,83,80,84,daß,dass,orthography:wordlist
Matt.8.28,176,179,176,180,daß,dass,orthography:wordlist
Matt.8.34,114,117,114,118,daß,dass,orthography:wordlist
Matt.9.6,4,7,4,8,daß,dass,orthography:wordlist
Matt.9.6,27,30,28,32,daß,dass,orthography:wordlist
Matt.9.16,158,161,158,162,Riß,Riss,orthography:wordlist
Matt.9.20,30,33,30,34,ein,eine,grammar:Frau-determiner
Matt.9.20,34,38,35,39,Weib,Frau,word:Weib-Frau
Matt.9.20,41,44,42,45,das,die,grammar:Frau-relative
Matt.9.22,154,157,154,157,das,die,grammar:Frau-determiner
Matt.9.22,158,162,158,162,Weib,Frau,word:Weib-Frau
Matt.9.28,114,117,114,118,daß,dass,orthography:wordlist
Matt.9.38,53,56,53,57,daß,dass,orthography:wordlist
Matt.10.22,35,41,35,42,gehaßt,gehasst,orthography:wordlist
Matt.10.25,26,29,26,30,daß,dass,orthography:wordlist
Matt.10.25,138,145,139,147,wieviel,wie viel,orthography:wordlist
Matt.10.34,33,36,33,37,daß,dass,orthography:wordlist
Matt.11.11,51,58,51,57,Weibern,Frauen,word:Weib-Frau
Matt.11.19,46,49,46,50,ißt,isst,orthography:wordlist
Matt.11.25,146,149,146,150,daß,dass,orthography:wordlist
Matt.12.1,74,81,74,80,Sabbath,Sabbat,orthography:wordlist
Matt.12.2,93,100,93,99,Sabbath,Sabbat,orthography:wordlist
Matt.12.5,55,58,55,59,daß,dass,orthography:wordlist
Matt.12.5,67,76,68,76,Sabbathen,Sabbaten,orthography:wordlist
Matt.12.5,111,118,111,117,Sabbath,Sabbat,orthography:wordlist
Matt.12.8,52,60,52,59,Sabbaths,Sabbats,orthography:wordlist
Matt.12.10,144,153,144,152,Sabbathen,Sabbaten,orthography:wordlist
Matt.12.10,171,174,170,174,daß,dass,orthography:wordlist
Matt.12.11,106,113,106,112,Sabbath,Sabbat,orthography:wordlist
Matt.12.12,0,7,0,8,Wieviel,Wie viel,orthography:wordlist
Matt.12.12,89,98,90,98,Sabbathen,Sabbaten,orthography:wordlist
Matt.12.16,32,35,32,36,daß,dass,orthography:wordlist
Matt.12.22,106,109,106,110,daß,dass,orthography:wordlist
Matt.12.25,25,30,25,31,wußte,wusste,orthography:wordlist
Matt.12.36,21,24,21,25,daß,dass,orthography:wordlist
Matt.13.2,66,69,66,70,daß,dass,orthography:wordlist
Matt.13.12,77,85,77,86,Überfluß,Überfluss,orthography:wordlist
Matt.13.16,65,68,65,69,daß,dass,orthography:wordlist
Matt.13.16,99,102,100,104,daß,dass,orthography:wordlist
Matt.13.26,37,47,37,48,aufsproßte,aufsprosste,orthography:wordlist
Matt.13.28,122,125,122,126,daß,dass,orthography:wordlist
Matt.13.30,9,13,9,14,Laßt,Lasst,orthography:wordlist
Matt.13.32,164,167,164,168,daß,dass,orthography:wordlist
Matt.13.33,105,108,105,109,ein,eine,grammar:Frau-determiner
Matt.13.33,109,113,110,114,Weib,Frau,word:Weib-Frau
Matt.13.54,80,83,80,84,daß,dass,orthography:wordlist
Matt.14.3,126,129,126,129,des,der,grammar:Frau-determiner
Matt.14.3,130,136,130,134,Weibes,Frau,word:Weib-Frau
Matt.14.15,142,148,142,149,entlaß,entlass,orthography:wordlist
Matt.14.15,172,175,173,177,daß,dass,orthography:wordlist
Matt.14.21,52,58,52,58,Weiber,Frauen,word:Weib-Frau
Matt.14.36,30,33,30,34,daß,dass,orthography:wordlist
Matt.15.12,102,105,102,106,daß,dass,orthography:wordlist
Matt.15.14,9,13,9,14,Laßt,Lasst,orthography:wordlist
Matt.15.17,63,66,63,67,daß,dass,orthography:wordlist
Matt.15.22,30,33,30,34,ein,eine,grammar:Frau-determiner
Matt.15.22,34,46,35,46,kananäisches,kananäische,grammar:Frau-adjective
Matt.15.22,47,51,47,51,Weib,Frau,word:Weib-Frau
Matt.15.22,54,57,54,57,das,die,grammar:Frau-relative
Matt.15.23,102,108,102,109,Entlaß,Entlass,orthography:wordlist
Matt.15.28,71,75,71,75,Weib,Frau,word:Weib-Frau
Matt.15.31,13,16,13,17,daß,dass,orthography:wordlist
Matt.15.31,70,73,71,75,daß,dass,orthography:wordlist
Matt.15.32,239,242,239,243,daß,dass,orthography:wordlist
Matt.15.38,48,54,48,54,Weiber,Frauen,word:Weib-Frau
Matt.16.11,38,41,38,42,daß,dass,orthography:wordlist
Matt.16.12,38,41,38,42,daß,dass,orthography:wordlist
Matt.16.13,133,136,133,137,daß,dass,orthography:wordlist
Matt.16.15,50,53,50,54,daß,dass,orthography:wordlist
Matt.16.18,44,47,44,48,daß,dass,orthography:wordlist
Matt.16.20,50,53,50,54,daß,dass,orthography:wordlist
Matt.16.20,76,79,77,81,daß,dass,orthography:wordlist
Matt.16.21,67,70,67,71,daß,dass,orthography:wordlist
Matt.17.4,89,92,89,93,daß,dass,orthography:wordlist
Matt.17.4,127,130,128,132,laß,lass,orthography:wordlist
Matt.17.10,96,99,96,100,daß,dass,orthography:wordlist
Matt.17.12,21,24,21,25,daß,dass,orthography:wordlist
Matt.17.13,46,49,46,50,daß,dass,orthography:wordlist
Matt.17.27,4,7,4,8,daß,dass,orthography:wordlist
Matt.18.6,93,96,93,97,daß,dass,orthography:wordlist
Matt.18.7,73,76,73,77,daß,dass,orthography:wordlist
Matt.18.10,20,23,20,24,daß,dass,orthography:wordlist
Matt.18.10,89,92,90,94,daß,dass,orthography:wordlist
Matt.18.12,121,125,121,126,läßt,lässt,orthography:wordlist
Matt.18.13,34,37,34,38,daß,dass,orthography:wordlist
Matt.18.14,80,83,80,84,daß,dass,orthography:wordlist
Matt.18.25,84,88,84,89,sein,seine,grammar:Frau-determiner
Matt.18.25,89,93,90,94,Weib,Frau,word:Weib-Frau
Matt.19.3,121,125,121,126,sein,seine,grammar:Frau-determiner
Matt.19.3,126,130,127,131,Weib,Frau,word:Weib-Frau
Matt.19.4,73,76,73,77,daß,dass,orthography:wordlist
Matt.19.4,129,133,130,134,Weib,Frau,word:Weib-Frau
Matt.19.5,93,99,93,99,seinem,seiner,grammar:Frau-determiner
Matt.19.5,100,105,100,104,Weibe,Frau,word:Weib-Frau
Matt.19.6,13,16,13,17,daß,dass,orthography:wordlist
Matt.19.8,86,92,86,92,Weiber,Frauen,word:Weib-Frau
Matt.19.9,21,24,21,25,daß,dass,orthography:wordlist
Matt.19.9,38,42,39,44,sein,seine,grammar:Frau-determiner
Matt.19.9,43,47,45,49,Weib,Frau,word:Weib-Frau
Matt.19.10,89,92,89,92,dem,der,grammar:Frau-determiner
Matt.19.10,93,98,93,97,Weibe,Frau,word:Weib-Frau
Matt.19.13,54,57,54,58,daß,dass,orthography:wordlist
Matt.19.16,111,114,111,115,daß,dass,orthography:wordlist
Matt.19.24,76,79,76,80,daß,dass,orthography:wordlist
Matt.19.24,126,129,127,131,daß,dass,orthography:wordlist
Matt.19.29,142,146,142,146,Weib,Frau,word:Weib-Frau
Matt.20.10,43,46,43,47,daß,dass,orthography:wordlist
Matt.20.21,69,72,69,73,daß,dass,orthography:wordlist
Matt.20.25,89,92,89,93,daß,dass,orthography:wordlist
Matt.20.30,81,84,81,85,daß,dass,orthography:wordlist
Matt.20.31,35,38,35,39,daß,dass,orthography:wordlist
Matt.20.32,85,88,85,89,daß,dass,orthography:wordlist
Matt.20.33,27,30,27,31,daß,dass,orthography:wordlist
Matt.21.4,55,58,55,59,daß,dass,orthography:wordlist
Matt.21.31,167,170,167,171,daß,dass,orthography:wordlist
Matt.21.38,114,118,114,119,laßt,lasst,orthography:wordlist
Matt.21.45,106,109,106,110,daß,dass,orthography:wordlist
Matt.22.6,43,55,43,56,mißhandelten,misshandelten,orthography:wordlist
Matt.22.16,101,104,101,105,daß,dass,orthography:wordlist
Matt.22.24,107,111,107,112,sein,seine,grammar:Frau-determiner
Matt.22.24,112,116,113,117,Weib,Frau,word:Weib-Frau
Matt.22.25,133,137,133,138,sein,seine,grammar:Frau-determiner
Matt.22.25,138,142,139,143,Weib,Frau,word:Weib-Frau
Matt.22.27,54,57,54,57,das,die,grammar:Frau-determiner
Matt.22.27,58,62,58,62,Weib,Frau,word:Weib-Frau
Matt.22.28,43,47,43,47,Weib,Frau,word:Weib-Frau
Matt.22.34,33,36,33,37,daß,dass,orthography:wordlist
Matt.23.8,11,15,11,16,laßt,lasst,orthography:wordlist
Matt.23.10,0,4,0,5,Laßt,Lasst,orthography:wordlist
Matt.23.13,189,193,189,194,laßt,lasst,orthography:wordlist
Matt.23.26,105,108,105,109,daß,dass,orthography:wordlist
Matt.23.31,47,50,47,51,daß,dass,orthography:wordlist
Matt.24.4,83,86,83,87,daß,dass,orthography:wordlist
Matt.24.6,105,108,105,109,muß,muss,orthography:wordlist
Matt.24.9,116,122,116,123,gehaßt,gehasst,orthography:wordlist
Matt.24.15,28,34,28,34,Greuel,Gräuel,orthography:wordlist
Matt.24.16,0,3,0,4,daß,dass,orthography:wordlist
Matt.24.20,31,34,31,35,daß,dass,orthography:wordlist
Matt.24.20,83,90,84,90,Sabbath,Sabbat,orthography:wordlist
Matt.24.32,150,153,150,154,daß,dass,orthography:wordlist
Matt.24.33,88,91,88,92,daß,dass,orthography:wordlist
Matt.24.41,15,21,15,21,Weiber,Frauen,word:Weib-Frau
Matt.24.43,68,74,68,75,gewußt,gewusst,orthography:wordlist
Matt.24.43,170,173,171,175,daß,dass,orthography:wordlist
Matt.24.49,68,71,68,72,ißt,isst,orthography:wordlist
Matt.25.24,102,105,102,106,daß,dass,orthography:wordlist
Matt.25.26,130,137,130,138,wußtest,wusstest,orthography:wordlist
Matt.25.26,140,143,141,145,daß,dass,orthography:wordlist
Matt.25.29,79,87,79,88,Überfluß,Überfluss,orthography:wordlist
Matt.26.2,13,16,13,17,daß,dass,orthography:wordlist
Matt.26.4,53,56,53,57,daß,dass,orthography:wordlist
Matt.26.5,44,47,44,48,daß,dass,orthography:wordlist
Matt.26.7,14,17,14,18,ein,eine,grammar:Frau-determiner
Matt.26.7,18,22,19,23,Weib,Frau,word:Weib-Frau
Matt.26.7,99,102,100,104,goß,goss,orthography:wordlist
Matt.26.10,78,81,78,81,dem,der,grammar:Frau-determiner
Matt.26.10,82,87,82,86,Weibe,Frau,word:Weib-Frau
Matt.26.16,71,74,71,75,daß,dass,orthography:wordlist
Matt.26.17,108,111,108,112,daß,dass,orthography:wordlist
Matt.26.29,21,24,21,25,daß,dass,orthography:wordlist
Matt.26.34,67,70,67,71,daß,dass,orthography:wordlist
Matt.26.35,76,81,76,82,müßte,müsste,orthography:wordlist
Matt.26.41,50,53,50,54,daß,dass,orthography:wordlist
Matt.26.42,152,155,152,156,daß,dass,orthography:wordlist
Matt.26.46,22,26,22,27,laßt,lasst,orthography:wordlist
Matt.26.49,96,101,96,102,küßte,küsste,orthography:wordlist
Matt.26.53,27,30,27,31,daß,dass,orthography:wordlist
Matt.26.54,59,62,59,63,daß,dass,orthography:wordlist
Matt.26.54,82,85,83,87,muß,muss,orthography:wordlist
Matt.26.56,72,75,72,76,daß,dass,orthography:wordlist
Matt.26.63,145,148,145,149,daß,dass,orthography:wordlist
Matt.26.65,21,27,21,28,zerriß,zerriss,orthography:wordlist
Matt.27.3,60,63,60,64,daß,dass,orthography:wordlist
Matt.27.14,72,75,72,76,daß,dass,orthography:wordlist
Matt.27.17,84,87,84,88,daß,dass,orthography:wordlist
Matt.27.18,18,23,18,24,wußte,wusste,orthography:wordlist
Matt.27.18,26,29,27,31,daß,dass,orthography:wordlist
Matt.27.19,51,55,51,56,sein,seine,grammar:Frau-determiner
Matt.27.19,56,60,57,61,Weib,Frau,word:Weib-Frau
Matt.27.20,82,85,82,86,daß,dass,orthography:wordlist
Matt.27.21,93,96,93,97,daß,dass,orthography:wordlist
Matt.27.24,23,26,23,27,daß,dass,orthography:wordlist
Matt.27.26,116,119,116,120,daß,dass,orthography:wordlist
Matt.27.32,108,111,108,112,daß,dass,orthography:wordlist
Matt.27.49,52,56,52,57,laßt,lasst,orthography:wordlist
Matt.27.51,55,61,55,62,zerriß,zerriss,orthography:wordlist
Matt.27.55,29,35,29,35,Weiber,Frauen,word:Weib-Frau
Matt.27.58,95,98,95,99,daß,dass,orthography:wordlist
Matt.27.63,47,50,47,51,daß,dass,orthography:wordlist
Matt.27.64,35,38,35,39,daß,dass,orthography:wordlist
Matt.28.1,32,39,32,38,Sabbath,Sabbat,orthography:wordlist
Matt.28.5,42,49,42,48,Weibern,Frauen,word:Weib-Frau
Matt.28.5,96,99,95,99,daß,dass,orthography:wordlist
Matt.28.7,77,80,77,81,daß,dass,orthography:wordlist
Matt.28.9,158,166,158,167,umfaßten,umfassten,orthography:wordlist
Matt.28.10,118,121,118,122,daß,dass,orthography:wordlist
Matt.28.14,166,169,166,170,daß,dass,orthography:wordlist
Mark.1.21,69,76,69,75,Sabbath,Sabbat,orthography:wordlist
Mark.1.24,13,16,13,17,Laß,Lass,orthography:wordlist
Mark.1.27,45,48,45,49,daß,dass,orthography:wordlist
Mark.1.38,37,41,37,42,Laßt,Lasst,orthography:wordlist
Mark.1.38,95,98,96,100,daß,dass,orthography:wordlist
Mark.1.45,86,89,86,90,daß,dass,orthography:wordlist
Mark.2.1,110,113,110,114,daß,dass,orthography:wordlist
Mark.2.2,69,72,69,73,daß,dass,orthography:wordlist
Mark.2.8,83,86,83,87,daß,dass,orthography:wordlist
Mark.2.10,4,7,4,8,daß,dass,orthography:wordlist
Mark.2.10,27,30,28,32,daß,dass,orthography:wordlist
Mark.2.12,110,113,110,114,daß,dass,orthography:wordlist
Mark.2.15,67,70,67,71,daß,dass,orthography:wordlist
Mark.2.16,147,150,147,151,ißt,isst,orthography:wordlist
Mark.2.21,158,161,158,162,Riß,Riss,orthography:wordlist
Mark.2.22,246,249,246,250,muß,muss,orthography:wordlist
Mark.2.23,27,30,27,31,daß,dass,orthography:wordlist
Mark.2.23,37,44,38,44,Sabbath,Sabbat,orthography:wordlist
Mark.2.24,71,78,71,77,Sabbath,Sabbat,orthography:wordlist
Mark.2.27,40,47,40,46,Sabbath,Sabbat,orthography:wordlist
Mark.2.27,105,113,104,111,Sabbaths,Sabbats,orthography:wordlist
Mark.2.28,66,74,66,73,Sabbaths,Sabbats,orthography:wordlist
Mark.3.2,53,60,53,59,Sabbath,Sabbat,orthography:wordlist
Mark.3.2,80,83,79,83,daß,dass,orthography:wordlist
Mark.3.4,61,70,61,69,Sabbathen,Sabbaten,orthography:wordlist
Mark.3.9,40,43,40,44,daß,dass,orthography:wordlist
Mark.3.9,129,132,130,134,daß,dass,orthography:wordlist
Mark.3.10,36,39,36,40,daß,dass,orthography:wordlist
Mark.3.10,91,94,92,96,daß,dass,orthography:wordlist
Mark.3.12,37,40,37,41,daß,dass,orthography:wordlist
Mark.3.14,39,42,39,43,daß,dass,orthography:wordlist
Mark.3.14,73,76,74,78,daß,dass,orthography:wordlist
Mark.3.20,90,93,90,94,daß,dass,orthography:wordlist
Mark.4.1,133,136,133,137,daß,dass,orthography:wordlist
Mark.4.12,5,8,5,9,daß,dass,orthography:wordlist
Mark.4.21,64,67,64,68,daß,dass,orthography:wordlist
Mark.4.21,137,140,138,142,daß,dass,orthography:wordlist
Mark.4.22,126,129,126,130,daß,dass,orthography:wordlist
Mark.4.32,110,113,110,114,daß,dass,orthography:wordlist
Mark.4.35,107,111,107,112,Laßt,Lasst,orthography:wordlist
Mark.4.37,100,103,100,104,daß,dass,orthography:wordlist
Mark.4.38,168,171,168,172,daß,dass,orthography:wordlist
Mark.4.41,102,105,102,106,daß,dass,orthography:wordlist
Mark.5.10,32,35,32,36,daß,dass,orthography:wordlist
Mark.5.12,101,104,101,105,daß,dass,orthography:wordlist
Mark.5.18,69,72,69,73,daß,dass,orthography:wordlist
Mark.5.19,150,157,150,158,wieviel,wie viel,orthography:wordlist
Mark.5.20,72,79,72,80,wieviel,wie viel,orthography:wordlist
Mark.5.23,102,105,102,106,daß,dass,orthography:wordlist
Mark.5.23,152,155,153,157,daß,dass,orthography:wordlist
Mark.5.25,22,25,22,26,ein,eine,grammar:Frau-determiner
Mark.5.25,35,39,36,40,Weib,Frau,word:Weib-Frau
Mark.5.25,42,45,43,46,das,die,grammar:Frau-relative
Mark.5.25,69,77,70,79,Blutfluß,Blutfluss,orthography:wordlist
Mark.5.29,106,109,106,110,daß,dass,orthography:wordlist
Mark.5.31,58,61,58,62,daß,dass,orthography:wordlist
Mark.5.33,0,3,0,3,Das,Die,grammar:Frau-determiner
Mark.5.33,4,8,4,8,Weib,Frau,word:Weib-Frau
Mark.5.43,40,43,40,44,daß,dass,orthography:wordlist
Mark.6.2,21,28,21,27,Sabbath,Sabbat,orthography:wordlist
Mark.6.5,62,65,62,66,daß,dass,orthography:wordlist
Mark.6.8,31,34,31,35,daß,dass,orthography:wordlist
Mark.6.12,46,49,46,50,daß,dass,orthography:wordlist
Mark.6.17,144,147,144,147,des,der,grammar:Frau-determiner
Mark.6.17,148,154,148,152,Weibes,Frau,word:Weib-Frau
Mark.6.18,87,90,87,90,das,die,grammar:Frau-determiner
Mark.6.18,91,95,91,95,Weib,Frau,word:Weib-Frau
Mark.6.20,72,77,72,78,wußte,wusste,orthography:wordlist
Mark.6.20,80,83,81,85,daß,dass,orthography:wordlist
Mark.6.25,94,97,94,98,daß,dass,orthography:wordlist
Mark.6.36,9,15,9,16,entlaß,entlass,orthography:wordlist
Mark.6.36,35,38,36,40,daß,dass,orthography:wordlist
Mark.6.38,97,103,97,104,wußten,wussten,orthography:wordlist
Mark.6.39,32,35,32,36,daß,dass,orthography:wordlist
Mark.6.41,150,153,150,154,daß,dass,orthography:wordlist
Mark.6.45,181,188,181,189,entläßt,entlässt,orthography:wordlist
Mark.6.55,123,126,123,127,daß,dass,orthography:wordlist
Mark.6.56,143,146,143,147,daß,dass,orthography:wordlist
Mark.7.3,65,68,65,69,daß,dass,orthography:wordlist
Mark.7.4,85,88,85,89,daß,dass,orthography:wordlist
Mark.7.9,84,87,84,88,daß,dass,orthography:wordlist
Mark.7.18,92,95,92,96,daß,dass,orthography:wordlist
Mark.7.24,144,147,144,148,daß,dass,orthography:wordlist
Mark.7.25,30,33,30,34,ein,eine,grammar:Frau-determiner
Mark.7.25,34,38,35,39,Weib,Frau,word:Weib-Frau
Mark.7.26,0,3,0,3,das,die,grammar:Frau-determiner
Mark.7.26,4,8,4,8,Weib,Frau,word:Weib-Frau
Mark.7.26,90,93,90,94,daß,dass,orthography:wordlist
Mark.7.27,30,34,30,35,Laßt,Lasst,orthography:wordlist
Mark.7.32,87,90,87,91,daß,dass,orthography:wordlist
Mark.7.36,31,34,31,35,daß,dass,orthography:wordlist
Mark.8.3,63,66,63,67,daß,dass,orthography:wordlist
Mark.8.6,160,163,160,164,daß,dass,orthography:wordlist
Mark.8.22,93,96,93,97,daß,dass,orthography:wordlist
Mark.8.23,17,22,17,23,faßte,fasste,orthography:wordlist
Mark.8.27,198,201,198,202,daß,dass,orthography:wordlist
Mark.8.29,57,60,57,61,daß,dass,orthography:wordlist
Mark.8.30,32,35,32,36,daß,dass,orthography:wordlist
Mark.8.31,44,47,44,48,daß,dass,orthography:wordlist
Mark.8.31,179,182,180,184,daß,dass,orthography:wordlist
Mark.9.5,90,93,90,94,daß,dass,orthography:wordlist
Mark.9.5,114,117,115,119,laß,lass,orthography:wordlist
Mark.9.6,18,23,18,24,wußte,wusste,orthography:wordlist
Mark.9.9,61,64,61,65,daß,dass,orthography:wordlist
Mark.9.11,80,83,80,84,daß,dass,orthography:wordlist
Mark.9.12,160,163,160,164,daß,dass,orthography:wordlist
Mark.9.13,31,34,31,35,daß,dass,orthography:wordlist
Mark.9.18,182,185,182,186,daß,dass,orthography:wordlist
Mark.9.21,64,67,64,68,daß,dass,orthography:wordlist
Mark.9.22,89,92,89,93,daß,dass,orthography:wordlist
Mark.9.25,31,34,31,35,daß,dass,orthography:wordlist
Mark.9.26,140,143,140,144,daß,dass,orthography:wordlist
Mark.9.30,94,97,94,98,daß,dass,orthography:wordlist
Mark.10.2,89,93,89,94,sein,seine,grammar:Frau-determiner
Mark.10.2,94,98,95,99,Weib,Frau,word:Weib-Frau
Mark.10.6,73,77,73,77,Weib,Frau,word:Weib-Frau
Mark.10.7,77,83,77,83,seinem,seiner,grammar:Frau-determiner
Mark.10.7,84,89,84,88,Weibe,Frau,word:Weib-Frau
Mark.10.11,48,52,48,53,sein,seine,grammar:Frau-determiner
Mark.10.11,53,57,54,58,Weib,Frau,word:Weib-Frau
Mark.10.12,28,31,28,32,ein,eine,grammar:Frau-determiner
Mark.10.12,32,36,33,37,Weib,Frau,word:Weib-Frau
Mark.10.13,50,53,50,54,daß,dass,orthography:wordlist
Mark.10.17,151,154,151,155,daß,dass,orthography:wordlist
Mark.10.24,138,141,138,142,daß,dass,orthography:wordlist
Mark.10.25,18,21,18,22,daß,dass,orthography:wordlist
Mark.10.25,69,72,70,74,daß,dass,orthography:wordlist
Mark.10.29,160,164,160,164,Weib,Frau,word:Weib-Frau
Mark.10.35,122,125,122,126,daß,dass,orthography:wordlist
Mark.10.36,43,46,43,47,daß,dass,orthography:wordlist
Mark.10.37,38,41,38,42,daß,dass,orthography:wordlist
Mark.10.42,85,88,85,89,daß,dass,orthography:wordlist
Mark.10.47,29,32,29,33,daß,dass,orthography:wordlist
Mark.10.48,62,65,62,66,daß,dass,orthography:wordlist
Mark.10.51,83,86,83,87,daß,dass,orthography:wordlist
Mark.10.51,150,153,151,155,daß,dass,orthography:wordlist
Mark.11.5,92,95,92,96,daß,dass,orthography:wordlist
Mark.11.16,34,37,34,38,daß,dass,orthography:wordlist
Mark.11.23,179,182,179,183,daß,dass,orthography:wordlist
Mark.11.24,98,101,98,102,daß,dass,orthography:wordlist
Mark.11.25,106,109,106,110,daß,dass,orthography:wordlist
Mark.11.28,118,121,118,122,daß,dass,orthography:wordlist
Mark.11.32,105,108,105,109,daß,dass,orthography:wordlist
Mark.12.2,86,89,86,90,daß,dass,orthography:wordlist
Mark.12.7,120,124,120,125,laßt,lasst,orthography:wordlist
Mark.12.12,104,107,104,108,daß,dass,orthography:wordlist
Mark.12.13,81,84,81,85,daß,dass,orthography:wordlist
Mark.12.14,59,62,59,63,daß,dass,orthography:wordlist
Mark.12.15,114,117,114,118,daß,dass,orthography:wordlist
Mark.12.19,79,89,79,90,hinterläßt,hinterlässt,orthography:wordlist
Mark.12.19,91,94,92,96,ein,eine,grammar:Frau-determiner
Mark.12.19,95,99,97,101,Weib,Frau,word:Weib-Frau
Mark.12.19,104,114,106,117,hinterläßt,hinterlässt,orthography:wordlist
Mark.12.19,130,133,133,137,daß,dass,orthography:wordlist
Mark.12.19,146,150,150,155,sein,seine,grammar:Frau-determiner
Mark.12.19,151,155,156,160,Weib,Frau,word:Weib-Frau
Mark.12.20,46,49,46,50,ein,eine,grammar:Frau-determiner
Mark.12.20,50,54,51,55,Weib,Frau,word:Weib-Frau
Mark.12.22,105,108,105,108,das,die,grammar:Frau-determiner
Mark.12.22,109,113,109,113,Weib,Frau,word:Weib-Frau
Mark.12.23,70,74,70,74,Weib,Frau,word:Weib-Frau
Mark.12.23,131,134,131,134,zum,zur,grammar:Frau-determiner
Mark.12.23,135,140,135,139,Weibe,Frau,word:Weib-Frau
Mark.12.26,31,34,31,35,daß,dass,orthography:wordlist
Mark.12.28,132,135,132,136,daß,dass,orthography:wordlist
Mark.12.34,30,33,30,34,daß,dass,orthography:wordlist
Mark.12.35,118,121,118,122,daß,dass,orthography:wordlist
Mark.12.44,80,88,80,89,Überfluß,Überfluss,orthography:wordlist
Mark.13.5,100,103,100,104,daß,dass,orthography:wordlist
Mark.13.7,106,109,106,110,muß,muss,orthography:wordlist
Mark.13.10,55,58,55,59,muß,muss,orthography:wordlist
Mark.13.13,35,41,35,42,gehaßt,gehasst,orthography:wordlist
Mark.13.14,29,35,29,35,Greuel,Gräuel,orthography:wordlist
Mark.13.14,119,122,119,123,daß,dass,orthography:wordlist
Mark.13.18,31,34,31,35,daß,dass,orthography:wordlist
Mark.13.28,150,153,150,154,daß,dass,orthography:wordlist
Mark.13.29,90,93,90,94,daß,dass,orthography:wordlist
Mark.13.34,174,177,174,178,daß,dass,orthography:wordlist
Mark.14.3,115,118,115,119,ein,eine,grammar:Frau-determiner
Mark.14.3,119,123,120,124,Weib,Frau,word:Weib-Frau
Mark.14.3,242,245,243,247,goß,goss,orthography:wordlist
Mark.14.10,112,115,112,116,daß,dass,orthography:wordlist
Mark.14.12,136,139,136,140,daß,dass,orthography:wordlist
Mark.14.12,173,176,174,178,daß,dass,orthography:wordlist
Mark.14.25,36,39,36,40,daß,dass,orthography:wordlist
Mark.14.30,81,84,81,85,daß,dass,orthography:wordlist
Mark.14.31,69,74,69,75,müßte,müsste,orthography:wordlist
Mark.14.35,83,86,83,87,daß,dass,orthography:wordlist
Mark.14.38,50,53,50,54,daß,dass,orthography:wordlist
Mark.14.40,110,116,110,117,wußten,wussten,orthography:wordlist
Mark.14.42,22,26,22,27,laßt,lasst,orthography:wordlist
Mark.14.45,87,92,87,93,küßte,küsste,orthography:wordlist
Mark.14.49,113,116,113,117,daß,dass,orthography:wordlist
Mark.14.63,22,28,22,29,zerriß,zerriss,orthography:wordlist
Mark.14.64,77,80,77,81,daß,dass,orthography:wordlist
Mark.15.5,89,92,89,93,daß,dass,orthography:wordlist
Mark.15.8,77,80,77,81,daß,dass,orthography:wordlist
Mark.15.9,92,95,92,96,daß,dass,orthography:wordlist
Mark.15.10,18,23,18,24,wußte,wusste,orthography:wordlist
Mark.15.10,26,29,27,31,daß,dass,orthography:wordlist
Mark.15.11,55,58,55,59,daß,dass,orthography:wordlist
Mark.15.12,106,109,106,110,daß,dass,orthography:wordlist
Mark.15.15,151,154,151,155,daß,dass,orthography:wordlist
Mark.15.20,162,165,162,166,daß,dass,orthography:wordlist
Mark.15.21,139,142,139,143,daß,dass,orthography:wordlist
Mark.15.32,72,75,72,76,daß,dass,orthography:wordlist
Mark.15.36,124,128,124,129,laßt,lasst,orthography:wordlist
Mark.15.38,39,45,39,46,zerriß,zerriss,orthography:wordlist
Mark.15.39,63,66,63,67,daß,dass,orthography:wordlist
Mark.15.40,19,25,19,25,Weiber,Frauen,word:Weib-Frau
Mark.15.44,56,59,56,60,daß,dass,orthography:wordlist
Mark.16.1,31,38,31,37,Sabbath,Sabbat,orthography:wordlist
Mark.16.1,160,163,159,163,daß,dass,orthography:wordlist
Mark.16.4,48,51,48,52,daß,dass,orthography:wordlist
Mark.16.7,69,72,69,73,daß,dass,orthography:wordlist
Mark.16.11,22,25,22,26,daß,dass,orthography:wordlist
Mark.16.14,133,136,133,137,daß,dass,orthography:wordlist
Luke.1.4,4,7,4,8,daß,dass,orthography:wordlist
Luke.1.5,133,137,133,138,sein,seine,grammar:Frau-determiner
Luke.1.5,138,142,139,143,Weib,Frau,word:Weib-Frau
Luke.1.13,99,103,99,104,dein,deine,grammar:Frau-determiner
Luke.1.13,104,108,105,109,Weib,Frau,word:Weib-Frau
Luke.1.18,140,144,140,145,mein,meine,grammar:Frau-determiner
Luke.1.18,145,149,146,150,Weib,Frau,word:Weib-Frau
Luke.1.21,82,85,82,86,daß,dass,orthography:wordlist
Luke.1.22,79,82,79,83,daß,dass,orthography:wordlist
Luke.1.24,78,82,78,83,sein,seine,grammar:Frau-determiner
Luke.1.24,83,87,84,88,Weib,Frau,word:Weib-Frau
Luke.1.28,137,144,137,143,Weibern,Frauen,word:Weib-Frau
Luke.1.42,84,91,84,90,Weibern,Frauen,word:Weib-Frau
Luke.1.43,59,62,59,63,daß,dass,orthography:wordlist
Luke.1.57,45,48,45,49,daß,dass,orthography:wordlist
Luke.1.58,96,99,96,100,daß,dass,orthography:wordlist
Luke.1.62,56,59,56,60,daß,dass,orthography:wordlist
Luke.1.68,54,57,54,58,daß,dass,orthography:wordlist
Luke.1.74,0,3,0,4,daß,dass,orthography:wordlist
Luke.2.1,33,36,33,37,daß,dass,orthography:wordlist
Luke.2.5,43,49,43,49,seinem,seiner,grammar:Frau-determiner
Luke.2.5,60,65,60,64,Weibe,Frau,word:Weib-Frau
Luke.2.6,79,82,79,83,daß,dass,orthography:wordlist
Luke.2.15,83,86,83,87,daß,dass,orthography:wordlist
Luke.2.15,118,122,119,124,Laßt,Lasst,orthography:wordlist
Luke.2.21,71,74,71,75,daß,dass,orthography:wordlist
Luke.2.26,86,89,86,90,daß,dass,orthography:wordlist
Luke.2.43,124,130,124,131,wußten,wussten,orthography:wordlist
Luke.2.49,48,51,48,52,daß,dass,orthography:wordlist
Luke.2.49,77,83,78,85,Wußtet,Wusstet,orthography:wordlist
Luke.2.49,97,100,99,103,daß,dass,orthography:wordlist
Luke.2.49,118,121,121,125,muß,muss,orthography:wordlist
Luke.3.8,161,164,161,165,daß,dass,orthography:wordlist
Luke.3.19,79,82,79,82,des,der,grammar:Frau-determiner
Luke.3.19,83,89,83,87,Weibes,Frau,word:Weib-Frau
Luke.3.20,75,78,75,79,daß,dass,orthography:wordlist
Luke.3.20,106,115,107,117,einschloß,einschloss,orthography:wordlist
Luke.3.21,90,93,90,94,daß,dass,orthography:wordlist
Luke.4.3,100,103,100,104,daß,dass,orthography:wordlist
Luke.4.10,81,84,81,85,daß,dass,orthography:wordlist
Luke.4.16,97,108,97,107,Sabbathtage,Sabbattage,orthography:wordlist
Luke.4.23,150,153,150,154,daß,dass,orthography:wordlist
Luke.4.24,44,47,44,48,daß,dass,orthography:wordlist
Luke.4.25,189,192,189,193,daß,dass,orthography:wordlist
Luke.4.26,113,118,113,118,einem,einer,grammar:Frau-determiner
Luke.4.26,119,124,119,123,Weibe,Frau,word:Weib-Frau
Luke.4.31,94,103,94,102,Sabbathen,Sabbaten,orthography:wordlist
Luke.4.34,13,16,13,17,Laß,Lass,orthography:wordlist
Luke.4.41,224,230,224,231,wußten,wussten,orthography:wordlist
Luke.4.41,233,236,234,238,daß,dass,orthography:wordlist
Luke.4.42,170,173,170,174,daß,dass,orthography:wordlist
Luke.4.43,30,33,30,34,muß,muss,orthography:wordlist
Luke.5.1,90,93,90,94,daß,dass,orthography:wordlist
Luke.5.6,98,101,98,102,riß,riss,orthography:wordlist
Luke.5.7,68,71,68,72,daß,dass,orthography:wordlist
Luke.5.7,156,159,157,161,daß,dass,orthography:wordlist
Luke.5.9,44,50,44,51,erfaßt,erfasst,orthography:wordlist
Luke.5.17,46,49,46,50,daß,dass,orthography:wordlist
Luke.5.24,4,7,4,8,daß,dass,orthography:wordlist
Luke.5.24,27,30,28,32,daß,dass,orthography:wordlist
Luke.6.1,41,48,41,47,Sabbath,Sabbat,orthography:wordlist
Luke.6.1,51,54,50,54,daß,dass,orthography:wordlist
Luke.6.2,102,109,102,108,Sabbath,Sabbat,orthography:wordlist
Luke.6.5,78,86,78,85,Sabbaths,Sabbats,orthography:wordlist
Luke.6.6,39,46,39,45,Sabbath,Sabbat,orthography:wordlist
Luke.6.6,49,52,48,52,daß,dass,orthography:wordlist
Luke.6.7,73,80,73,79,Sabbath,Sabbat,orthography:wordlist
Luke.6.7,101,104,100,104,daß,dass,orthography:wordlist
Luke.6.8,8,13,8,14,wußte,wusste,orthography:wordlist
Luke.6.9,119,126,119,125,Sabbath,Sabbat,orthography:wordlist
Luke.6.12,45,48,45,49,daß,dass,orthography:wordlist
Luke.6.31,39,42,39,43,daß,dass,orthography:wordlist
Luke.6.34,167,170,167,171,daß,dass,orthography:wordlist
Luke.7.3,81,84,81,85,daß,dass,orthography:wordlist
Luke.7.4,96,99,96,100,daß,dass,orthography:wordlist
Luke.7.6,254,257,254,258,daß,dass,orthography:wordlist
Luke.7.11,34,37,34,38,daß,dass,orthography:wordlist
Luke.7.20,111,115,111,116,läßt,lässt,orthography:wordlist
Luke.7.22,143,146,143,147,daß,dass,orthography:wordlist
Luke.7.28,46,53,46,52,Weibern,Frauen,word:Weib-Frau
Luke.7.30,86,95,86,96,Ratschluß,Ratschluss,orthography:wordlist
Luke.7.34,46,49,46,50,ißt,isst,orthography:wordlist
Luke.7.36,39,42,39,43,daß,dass,orthography:wordlist
Luke.7.37,37,40,37,41,ein,eine,grammar:Frau-determiner
Luke.7.37,41,45,42,46,Weib,Frau,word:Weib-Frau
Luke.7.37,116,119,117,121,daß,dass,orthography:wordlist
Luke.7.38,214,219,214,220,küßte,küsste,orthography:wordlist
Luke.7.39,171,174,171,175,ein,eine,grammar:Frau-determiner
Luke.7.39,175,179,176,180,Weib,Frau,word:Weib-Frau
Luke.7.44,23,26,23,26,dem,der,grammar:Frau-determiner
Luke.7.44,27,32,27,31,Weibe,Frau,word:Weib-Frau
Luke.7.44,75,81,74,79,dieses,diese,grammar:Frau-determiner
Luke.7.44,82,86,80,84,Weib,Frau,word:Weib-Frau
Luke.7.45,19,22,19,23,Kuß,Kuss,orthography:wordlist
Luke.7.50,19,22,19,22,dem,der,grammar:Frau-determiner
Luke.7.50,23,28,23,27,Weibe,Frau,word:Weib-Frau
Luke.8.1,34,37,34,38,daß,dass,orthography:wordlist
Luke.8.2,39,45,39,45,Weiber,Frauen,word:Weib-Frau
Luke.8.3,32,35,32,35,das,die,grammar:Frau-determiner
Luke.8.3,36,40,36,40,Weib,Frau,word:Weib-Frau
Luke.8.3,106,112,106,112,Weiber,Frauen,word:Weib-Frau
Luke.8.10,128,131,128,132,daß,dass,orthography:wordlist
Luke.8.12,118,121,118,122,daß,dass,orthography:wordlist
Luke.8.16,183,186,183,187,daß,dass,orthography:wordlist
Luke.8.22,46,49,46,50,daß,dass,orthography:wordlist
Luke.8.22,125,129,126,131,Laßt,Lasst,orthography:wordlist
Luke.8.25,128,131,128,132,daß,dass,orthography:wordlist
Luke.8.31,30,33,30,34,daß,dass,orthography:wordlist
Luke.8.32,104,107,104,108,daß,dass,orthography:wordlist
Luke.8.38,72,75,72,76,daß,dass,orthography:wordlist
Luke.8.39,103,110,103,111,wieviel,wie viel,orthography:wordlist
Luke.8.39,193,200,194,202,wieviel,wie viel,orthography:wordlist
Luke.8.43,14,17,14,18,ein,eine,grammar:Frau-determiner
Luke.8.43,18,22,19,23,Weib,Frau,word:Weib-Frau
Luke.8.43,25,28,26,29,das,die,grammar:Frau-relative
Luke.8.43,58,66,59,68,Blutfluß,Blutfluss,orthography:wordlist
Luke.8.44,98,102,98,103,Fluß,Fluss,orthography:wordlist
Luke.8.46,103,106,103,107,daß,dass,orthography:wordlist
Luke.8.47,4,7,4,7,das,die,grammar:Frau-determiner
Luke.8.47,8,12,8,12,Weib,Frau,word:Weib-Frau
Luke.8.47,24,27,24,28,daß,dass,orthography:wordlist
Luke.8.53,42,48,42,49,wußten,wussten,orthography:wordlist
Luke.8.53,51,54,52,56,daß,dass,orthography:wordlist
Luke.9.7,143,146,143,147,daß,dass,orthography:wordlist
Luke.9.8,47,50,47,51,daß,dass,orthography:wordlist
Luke.9.8,89,92,90,94,daß,dass,orthography:wordlist
Luke.9.12,92,98,92,99,Entlaß,Entlass,orthography:wordlist
Luke.9.12,121,124,122,126,daß,dass,orthography:wordlist
Luke.9.13,142,145,142,146,daß,dass,orthography:wordlist
Luke.9.14,82,86,82,87,Laßt,Lasst,orthography:wordlist
Luke.9.18,140,143,140,144,daß,dass,orthography:wordlist
Luke.9.19,96,99,96,100,daß,dass,orthography:wordlist
Luke.9.20,54,57,54,58,daß,dass,orthography:wordlist
Luke.9.22,36,39,36,40,muß,muss,orthography:wordlist
Luke.9.28,52,55,52,56,daß,dass,orthography:wordlist
Luke.9.33,101,104,101,105,daß,dass,orthography:wordlist
Luke.9.33,126,129,127,131,laß,lass,orthography:wordlist
Luke.9.33,203,208,205,211,wußte,wusste,orthography:wordlist
Luke.9.40,37,40,37,41,daß,dass,orthography:wordlist
Luke.9.42,32,35,32,36,riß,riss,orthography:wordlist
Luke.9.45,78,81,78,82,daß,dass,orthography:wordlist
Luke.9.51,65,68,65,69,daß,dass,orthography:wordlist
Luke.9.54,89,92,89,93,daß,dass,orthography:wordlist
Luke.9.60,55,58,55,59,Laß,Lass,orthography:wordlist
Luke.10.2,121,124,121,125,daß,dass,orthography:wordlist
Luke.10.11,125,128,125,129,daß,dass,orthography:wordlist
Luke.10.12,43,46,43,47,daß,dass,orthography:wordlist
Luke.10.20,61,64,61,65,daß,dass,orthography:wordlist
Luke.10.20,120,123,121,125,daß,dass,orthography:wordlist
Luke.10.21,165,168,165,169,daß,dass,orthography:wordlist
Luke.10.24,31,34,31,35,daß,dass,orthography:wordlist
Luke.10.25,116,119,116,120,muß,muss,orthography:wordlist
Luke.10.34,59,62,59,63,goß,goss,orthography:wordlist
Luke.10.38,47,50,47,51,daß,dass,orthography:wordlist
Luke.10.38,78,81,79,83,ein,eine,grammar:Frau-determiner
Luke.10.38,82,90,84,91,gewisses,gewisse,grammar:Frau-adjective
Luke.10.38,91,95,92,96,Weib,Frau,word:Weib-Frau
Luke.10.40,138,141,138,142,daß,dass,orthography:wordlist
Luke.10.40,212,215,213,217,daß,dass,orthography:wordlist
Luke.11.13,106,113,106,114,wieviel,wie viel,orthography:wordlist
Luke.11.17,25,30,25,31,wußte,wusste,orthography:wordlist
Luke.11.18,137,140,137,141,daß,dass,orthography:wordlist
Luke.11.27,47,50,47,51,ein,eine,grammar:Frau-determiner
Luke.11.27,51,59,52,59,gewisses,gewisse,grammar:Frau-adjective
Luke.11.27,60,64,60,64,Weib,Frau,word:Weib-Frau
Luke.11.33,158,161,158,162,daß,dass,orthography:wordlist
Luke.11.35,32,35,32,36,daß,dass,orthography:wordlist
Luke.11.37,67,70,67,71,daß,dass,orthography:wordlist
Luke.11.38,56,59,56,60,daß,dass,orthography:wordlist
Luke.11.50,4,7,4,8,daß,dass,orthography:wordlist
Luke.12.1,87,90,87,91,daß,dass,orthography:wordlist
Luke.12.13,96,99,96,100,daß,dass,orthography:wordlist
Luke.12.15,98,106,98,107,Überfluß,Überfluss,orthography:wordlist
Luke.12.19,113,115,113,116,iß,iss,orthography:wordlist
Luke.12.24,33,36,33,37,daß,dass,orthography:wordlist
Luke.12.24,138,145,139,147,wieviel,wie viel,orthography:wordlist
Luke.12.28,139,146,139,147,wieviel,wie viel,orthography:wordlist
Luke.12.30,91,94,91,95,daß,dass,orthography:wordlist
Luke.12.36,135,138,135,139,daß,dass,orthography:wordlist
Luke.12.39,68,74,68,75,gewußt,gewusst,orthography:wordlist
Luke.12.39,167,170,168,172,daß,dass,orthography:wordlist
Luke.12.44,29,32,29,33,daß,dass,orthography:wordlist
Luke.12.47,76,81,76,82,wußte,wusste,orthography:wordlist
Luke.12.48,19,24,19,25,wußte,wusste,orthography:wordlist
Luke.12.50,53,56,53,57,muß,muss,orthography:wordlist
Luke.12.51,13,16,13,17,daß,dass,orthography:wordlist
Luke.12.54,121,129,121,130,Regenguß,Regenguss,orthography:wordlist
Luke.12.56,108,111,108,112,daß,dass,orthography:wordlist
Luke.13.2,82,85,82,86,daß,dass,orthography:wordlist
Luke.13.4,114,117,114,118,daß,dass,orthography:wordlist
Luke.13.8,45,48,45,49,laß,lass,orthography:wordlist
Luke.13.10,18,25,18,24,Sabbath,Sabbat,orthography:wordlist
Luke.13.11,39,42,39,43,ein,eine,grammar:Frau-determiner
Luke.13.11,43,47,44,48,Weib,Frau,word:Weib-Frau
Luke.13.12,62,66,62,66,Weib,Frau,word:Weib-Frau
Luke.13.14,41,44,41,45,daß,dass,orthography:wordlist
Luke.13.14,55,62,56,62,Sabbath,Sabbat,orthography:wordlist
Luke.13.14,189,193,189,194,laßt,lasst,orthography:wordlist
Luke.13.14,232,240,233,240,Sabbaths,Sabbats,orthography:wordlist
Luke.13.15,88,95,88,94,Sabbath,Sabbat,orthography:wordlist
Luke.13.16,186,194,186,193,Sabbaths,Sabbats,orthography:wordlist
Luke.13.21,42,45,42,46,ein,eine,grammar:Frau-determiner
Luke.13.21,46,50,47,51,Weib,Frau,word:Weib-Frau
Luke.13.33,36,39,36,40,muß,muss,orthography:wordlist
Luke.13.33,152,155,153,157,daß,dass,orthography:wordlist
Luke.13.35,118,121,118,122,daß,dass,orthography:wordlist
Luke.14.1,38,45,38,44,Sabbath,Sabbat,orthography:wordlist
Luke.14.1,114,117,113,117,daß,dass,orthography:wordlist
Luke.14.3,120,127,120,126,Sabbath,Sabbat,orthography:wordlist
Luke.14.4,29,34,29,35,faßte,fasste,orthography:wordlist
Luke.14.5,174,182,174,181,Sabbaths,Sabbats,orthography:wordlist
Luke.14.10,99,102,99,103,daß,dass,orthography:wordlist
Luke.14.18,133,136,133,137,muß,muss,orthography:wordlist
Luke.14.20,44,47,44,48,ein,eine,grammar:Frau-determiner
Luke.14.20,48,52,49,53,Weib,Frau,word:Weib-Frau
Luke.14.23,128,131,128,132,daß,dass,orthography:wordlist
Luke.14.24,31,34,31,35,daß,dass,orthography:wordlist
Luke.14.26,29,33,29,34,haßt,hasst,orthography:wordlist
Luke.14.26,76,80,77,82,sein,seine,grammar:Frau-determiner
Luke.14.26,81,85,83,87,Weib,Frau,word:Weib-Frau
Luke.14.29,4,7,4,8,daß,dass,orthography:wordlist
Luke.15.4,123,127,123,128,läßt,lässt,orthography:wordlist
Luke.15.8,23,30,23,29,welches,welche,grammar:Frau-determiner
Luke.15.8,40,44,39,43,Weib,Frau,word:Weib-Frau
Luke.15.8,47,50,46,49,das,die,grammar:Frau-relative
Luke.15.17,88,96,88,97,Überfluß,Überfluss,orthography:wordlist
Luke.15.20,184,189,184,190,küßte,küsste,orthography:wordlist
Luke.15.29,194,197,194,198,daß,dass,orthography:wordlist
Luke.16.4,36,39,36,40,daß,dass,orthography:wordlist
Luke.16.5,101,108,101,109,Wieviel,Wie viel,orthography:wordlist
Luke.16.7,65,72,65,73,wieviel,wie viel,orthography:wordlist
Luke.16.9,74,77,74,78,daß,dass,orthography:wordlist
Luke.16.15,180,186,180,186,Greuel,Gräuel,orthography:wordlist
Luke.16.17,23,26,23,27,daß,dass,orthography:wordlist
Luke.16.17,67,70,68,72,daß,dass,orthography:wordlist
Luke.16.18,21,25,21,26,sein,seine,grammar:Frau-determiner
Luke.16.18,26,30,27,31,Weib,Frau,word:Weib-Frau
Luke.16.18,31,38,32,40,entläßt,entlässt,orthography:wordlist
Luke.16.22,18,21,18,22,daß,dass,orthography:wordlist
Luke.16.24,92,95,92,96,daß,dass,orthography:wordlist
Luke.16.25,66,69,66,70,daß,dass,orthography:wordlist
Luke.16.27,46,49,46,50,daß,dass,orthography:wordlist
Luke.16.28,84,87,84,88,daß,dass,orthography:wordlist
Luke.17.1,55,58,55,59,daß,dass,orthography:wordlist
Luke.17.2,106,109,106,110,daß,dass,orthography:wordlist
Luke.17.9,47,50,47,51,daß,dass,orthography:wordlist
Luke.17.11,58,61,58,62,daß,dass,orthography:wordlist
Luke.17.15,72,75,72,76,daß,dass,orthography:wordlist
Luke.17.20,156,159,156,160,daß,dass,orthography:wordlist
Luke.17.25,38,41,38,42,muß,muss,orthography:wordlist
Luke.17.32,27,31,27,31,Weib,Frau,word:Weib-Frau
Luke.17.35,15,21,15,21,Weiber,Frauen,word:Weib-Frau
Luke.18.1,48,51,48,52,daß,dass,orthography:wordlist
Luke.18.5,82,85,82,86,daß,dass,orthography:wordlist
Luke.18.8,16,19,16,20,daß,dass,orthography:wordlist
Luke.18.9,68,71,68,72,daß,dass,orthography:wordlist
Luke.18.11,81,84,81,85,daß,dass,orthography:wordlist
Luke.18.15,51,54,51,55,daß,dass,orthography:wordlist
Luke.18.18,85,88,85,89,muß,muss,orthography:wordlist
Luke.18.24,21,24,21,25,daß,dass,orthography:wordlist
Luke.18.25,33,36,33,37,daß,dass,orthography:wordlist
Luke.18.25,82,85,83,87,daß,dass,orthography:wordlist
Luke.18.29,109,113,109,113,Weib,Frau,word:Weib-Frau
Luke.18.37,27,30,27,31,daß,dass,orthography:wordlist
Luke.18.39,48,51,48,52,daß,dass,orthography:wordlist
Luke.18.41,26,29,26,30,daß,dass,orthography:wordlist
Luke.18.41,74,77,75,79,daß,dass,orthography:wordlist
Luke.19.4,76,79,76,80,daß,dass,orthography:wordlist
Luke.19.5,167,170,167,171,muß,muss,orthography:wordlist
Luke.19.11,123,126,123,127,daß,dass,orthography:wordlist
Luke.19.14,54,60,54,61,haßten,hassten,orthography:wordlist
Luke.19.14,180,183,181,185,daß,dass,orthography:wordlist
Luke.19.15,163,166,163,167,daß,dass,orthography:wordlist
Luke.19.22,103,110,103,111,wußtest,wusstest,orthography:wordlist
Luke.19.22,113,116,114,118,daß,dass,orthography:wordlist
Luke.19.27,65,68,65,69,daß,dass,orthography:wordlist
Luke.19.44,140,143,140,144,daß,dass,orthography:wordlist
Luke.20.6,111,114,111,115,daß,dass,orthography:wordlist
Luke.20.7,36,42,36,43,wüßten,wüssten,orthography:wordlist
Luke.20.10,94,97,94,98,daß,dass,orthography:wordlist
Luke.20.14,111,115,111,116,laßt,lasst,orthography:wordlist
Luke.20.14,136,139,137,141,daß,dass,orthography:wordlist
Luke.20.19,170,173,170,174,daß,dass,orthography:wordlist
Luke.20.20,118,121,118,122,daß,dass,orthography:wordlist
Luke.20.21,66,69,66,70,daß,dass,orthography:wordlist
Luke.20.28,85,88,85,89,ein,eine,grammar:Frau-determiner
Luke.20.28,89,93,90,94,Weib,Frau,word:Weib-Frau
Luke.20.28,130,133,131,135,daß,dass,orthography:wordlist
Luke.20.28,147,150,149,152,das,die,grammar:Frau-determiner
Luke.20.28,151,155,153,157,Weib,Frau,word:Weib-Frau
Luke.20.29,50,53,50,54,ein,eine,grammar:Frau-determiner
Luke.20.29,54,58,55,59,Weib,Frau,word:Weib-Frau
Luke.20.30,33,36,33,36,das,die,grammar:Frau-determiner
Luke.20.30,37,41,37,41,Weib,Frau,word:Weib-Frau
Luke.20.32,56,59,56,59,das,die,grammar:Frau-determiner
Luke.20.32,60,64,60,64,Weib,Frau,word:Weib-Frau
Luke.20.33,43,47,43,47,Weib,Frau,word:Weib-Frau
Luke.20.33,100,103,100,103,zum,zur,grammar:Frau-determiner
Luke.20.33,104,109,104,108,Weibe,Frau,word:Weib-Frau
Luke.20.37,9,12,9,13,Daß,Dass,orthography:wordlist
Luke.20.41,42,45,42,46,daß,dass,orthography:wordlist
Luke.21.3,55,58,55,59,daß,dass,orthography:wordlist
Luke.21.4,60,68,60,69,Überfluß,Überfluss,orthography:wordlist
Luke.21.5,51,54,51,55,daß,dass,orthography:wordlist
Luke.21.8,28,31,28,32,daß,dass,orthography:wordlist
Luke.21.9,100,103,100,104,muß,muss,orthography:wordlist
Luke.21.17,35,41,35,42,gehaßt,gehasst,orthography:wordlist
Luke.21.20,87,90,87,91,daß,dass,orthography:wordlist
Luke.21.21,0,3,0,4,Daß,Dass,orthography:wordlist
Luke.21.22,69,72,69,73,daß,dass,orthography:wordlist
Luke.21.30,90,93,90,94,daß,dass,orthography:wordlist
Luke.21.31,85,88,85,89,daß,dass,orthography:wordlist
Luke.21.32,36,39,36,40,daß,dass,orthography:wordlist
Luke.21.34,45,48,45,49,daß,dass,orthography:wordlist
Luke.21.36,58,61,58,62,daß,dass,orthography:wordlist
Luke.22.7,91,96,91,97,mußte,musste,orthography:wordlist
Luke.22.8,104,107,104,108,daß,dass,orthography:wordlist
Luke.22.9,44,47,44,48,daß,dass,orthography:wordlist
Luke.22.16,31,34,31,35,daß,dass,orthography:wordlist
Luke.22.18,31,34,31,35,daß,dass,orthography:wordlist
Luke.22.30,4,7,4,8,daß,dass,orthography:wordlist
Luke.22.32,56,59,56,60,daß,dass,orthography:wordlist
Luke.22.34,110,113,110,114,daß,dass,orthography:wordlist
Luke.22.37,31,34,31,35,daß,dass,orthography:wordlist
Luke.22.37,96,99,97,101,muß,muss,orthography:wordlist
Luke.22.40,70,73,70,74,daß,dass,orthography:wordlist
Luke.22.46,84,87,84,88,daß,dass,orthography:wordlist
Luke.22.48,114,117,114,118,Kuß,Kuss,orthography:wordlist
Luke.22.57,39,43,39,43,Weib,Frau,word:Weib-Frau
Luke.22.70,95,98,95,99,daß,dass,orthography:wordlist
Luke.23.2,184,187,184,188,daß,dass,orthography:wordlist
Luke.23.7,38,41,38,42,daß,dass,orthography:wordlist
Luke.23.17,4,9,4,10,mußte,musste,orthography:wordlist
Luke.23.23,61,64,61,65,daß,dass,orthography:wordlist
Luke.23.24,51,54,51,55,daß,dass,orthography:wordlist
Luke.23.27,47,53,47,53,Weiber,Frauen,word:Weib-Frau
Luke.23.45,74,77,74,78,riß,riss,orthography:wordlist
Luke.23.49,102,108,102,108,Weiber,Frauen,word:Weib-Frau
Luke.23.54,40,47,40,46,Sabbath,Sabbat,orthography:wordlist
Luke.23.55,21,27,21,27,Weiber,Frauen,word:Weib-Frau
Luke.23.56,85,92,85,91,Sabbath,Sabbat,orthography:wordlist
Luke.24.7,40,43,40,44,muß,muss,orthography:wordlist
Luke.24.15,86,89,86,90,daß,dass,orthography:wordlist
Luke.24.21,46,49,46,50,daß,dass,orthography:wordlist
Luke.24.22,54,60,54,60,Weiber,Frauen,word:Weib-Frau
Luke.24.23,70,73,70,74,daß,dass,orthography:wordlist
Luke.24.23,140,143,141,145,daß,dass,orthography:wordlist
Luke.24.24,108,114,108,114,Weiber,Frauen,word:Weib-Frau
Luke.24.26,9,14,9,15,Mußte,Musste,orthography:wordlist
Luke.24.39,89,92,89,93,daß,dass,orthography:wordlist
Luke.24.39,202,205,203,207,daß,dass,orthography:wordlist
Luke.24.44,104,107,104,108,daß,dass,orthography:wordlist
Luke.24.44,130,133,131,135,muß,muss,orthography:wordlist
Luke.24.46,76,81,76,82,mußte,musste,orthography:wordlist
John.1.5,87,93,87,94,erfaßt,erfasst,orthography:wordlist
John.1.7,65,68,65,69,daß,dass,orthography:wordlist
John.1.8,38,41,38,42,daß,dass,orthography:wordlist
John.1.22,46,49,46,50,daß,dass,orthography:wordlist
John.1.31,37,40,37,41,daß,dass,orthography:wordlist
John.1.34,42,45,42,46,daß,dass,orthography:wordlist
John.2.4,79,83,79,83,Weib,Frau,word:Weib-Frau
John.2.6,135,140,135,141,faßte,fasste,orthography:wordlist
John.2.9,114,119,114,120,wußte,wusste,orthography:wordlist
John.2.9,201,207,202,209,wußten,wussten,orthography:wordlist
John.2.17,57,60,57,61,daß,dass,orthography:wordlist
John.2.18,87,90,87,91,daß,dass,orthography:wordlist
John.2.22,111,114,111,115,daß,dass,orthography:wordlist
John.2.25,48,51,48,52,daß,dass,orthography:wordlist
John.2.25,109,114,110,116,wußte,wusste,orthography:wordlist
John.3.2,107,110,107,111,daß,dass,orthography:wordlist
John.3.3,125,128,125,129,daß,dass,orthography:wordlist
John.3.5,88,91,88,92,daß,dass,orthography:wordlist
John.3.7,24,27,24,28,daß,dass,orthography:wordlist
John.3.14,99,102,99,103,muß,muss,orthography:wordlist
John.3.15,4,7,4,8,daß,dass,orthography:wordlist
John.3.16,58,61,58,62,daß,dass,orthography:wordlist
John.3.16,101,104,102,106,daß,dass,orthography:wordlist
John.3.17,122,125,122,126,daß,dass,orthography:wordlist
John.3.17,161,164,162,166,daß,dass,orthography:wordlist
John.3.19,56,59,56,60,daß,dass,orthography:wordlist
John.3.20,47,51,47,52,haßt,hasst,orthography:wordlist
John.3.20,100,103,101,105,daß,dass,orthography:wordlist
John.3.21,74,77,74,78,daß,dass,orthography:wordlist
John.3.21,109,112,110,114,daß,dass,orthography:wordlist
John.3.28,76,79,76,80,daß,dass,orthography:wordlist
John.3.28,131,134,132,136,daß,dass,orthography:wordlist
John.3.30,21,24,21,25,muß,muss,orthography:wordlist
John.3.33,78,81,78,82,daß,dass,orthography:wordlist
John.4.1,47,50,47,51,daß,dass,orthography:wordlist
John.4.1,82,85,83,87,daß,dass,orthography:wordlist
John.4.4,3,8,3,9,mußte,musste,orthography:wordlist
John.4.7,10,13,10,14,ein,eine,grammar:Frau-determiner
John.4.7,14,18,15,19,Weib,Frau,word:Weib-Frau
John.4.9,0,3,0,3,Das,Die,grammar:Frau-determiner
John.4.9,17,21,17,21,Weib,Frau,word:Weib-Frau
John.4.9,114,117,114,118,ein,eine,grammar:Frau-determiner
John.4.9,118,131,119,131,samaritisches,samaritische,grammar:Frau-adjective
John.4.9,132,136,132,136,Weib,Frau,word:Weib-Frau
John.4.11,0,3,0,3,Das,Die,grammar:Frau-determiner
John.4.11,4,8,4,8,Weib,Frau,word:Weib-Frau
John.4.15,0,3,0,3,Das,Die,grammar:Frau-determiner
John.4.15,4,8,4,8,Weib,Frau,word:Weib-Frau
John.4.17,0,3,0,3,Das,Die,grammar:Frau-determiner
John.4.17,4,8,4,8,Weib,Frau,word:Weib-Frau
John.4.19,0,3,0,3,Das,Die,grammar:Frau-determiner
John.4.19,4,8,4,8,Weib,Frau,word:Weib-Frau
John.4.19,45,48,45,49,daß,dass,orthography:wordlist
John.4.20,127,130,127,131,daß,dass,orthography:wordlist
John.4.21,42,46,42,46,Weib,Frau,word:Weib-Frau
John.4.25,0,3,0,3,Das,Die,grammar:Frau-determiner
John.4.25,4,8,4,8,Weib,Frau,word:Weib-Frau
John.4.25,38,41,38,42,daß,dass,orthography:wordlist
John.4.27,131,134,131,135,daß,dass,orthography:wordlist
John.4.27,143,148,144,149,einem,einer,grammar:Frau-determiner
John.4.27,149,154,150,154,Weibe,Frau,word:Weib-Frau
John.4.28,0,3,0,3,Das,Die,grammar:Frau-determiner
John.4.28,4,8,4,8,Weib,Frau,word:Weib-Frau
John.4.31,84,86,84,87,iß,iss,orthography:wordlist
John.4.34,63,66,63,67,daß,dass,orthography:wordlist
John.4.36,72,75,72,76,daß,dass,orthography:wordlist
John.4.39,133,136,133,136,des,der,grammar:Frau-determiner
John.4.39,137,143,137,141,Weibes,Frau,word:Weib-Frau
John.4.42,29,32,29,32,dem,der,grammar:Frau-determiner
John.4.42,33,38,33,37,Weibe,Frau,word:Weib-Frau
John.4.42,135,138,134,138,daß,dass,orthography:wordlist
John.4.44,65,68,65,69,daß,dass,orthography:wordlist
John.4.47,26,29,26,30,daß,dass,orthography:wordlist
John.4.47,111,114,112,116,daß,dass,orthography:wordlist
John.4.51,92,95,92,96,daß,dass,orthography:wordlist
John.4.53,43,46,43,47,daß,dass,orthography:wordlist
John.5.6,34,39,34,40,wußte,wusste,orthography:wordlist
John.5.6,42,45,43,47,daß,dass,orthography:wordlist
John.5.7,62,65,62,66,daß,dass,orthography:wordlist
John.5.9,127,134,127,133,Sabbath,Sabbat,orthography:wordlist
John.5.10,52,59,52,58,Sabbath,Sabbat,orthography:wordlist
John.5.13,18,23,18,24,wußte,wusste,orthography:wordlist
John.5.14,175,178,175,179,daß,dass,orthography:wordlist
John.5.15,49,52,49,53,daß,dass,orthography:wordlist
John.5.16,113,120,113,119,Sabbath,Sabbat,orthography:wordlist
John.5.18,111,118,111,117,Sabbath,Sabbat,orthography:wordlist
John.5.20,141,144,141,145,daß,dass,orthography:wordlist
John.5.23,4,7,4,8,daß,dass,orthography:wordlist
John.5.25,47,50,47,51,daß,dass,orthography:wordlist
John.5.32,57,60,57,61,daß,dass,orthography:wordlist
John.5.34,134,137,134,138,daß,dass,orthography:wordlist
John.5.36,154,157,154,158,daß,dass,orthography:wordlist
John.5.36,230,233,231,235,daß,dass,orthography:wordlist
John.5.40,50,53,50,54,daß,dass,orthography:wordlist
John.5.42,35,38,35,39,daß,dass,orthography:wordlist
John.5.45,33,36,33,37,daß,dass,orthography:wordlist
John.6.5,42,45,42,46,daß,dass,orthography:wordlist
John.6.5,148,151,149,153,daß,dass,orthography:wordlist
John.6.6,76,81,76,82,wußte,wusste,orthography:wordlist
John.6.7,116,119,116,120,daß,dass,orthography:wordlist
John.6.10,41,44,41,45,daß,dass,orthography:wordlist
John.6.12,119,122,119,123,daß,dass,orthography:wordlist
John.6.15,24,27,24,28,daß,dass,orthography:wordlist
John.6.15,72,75,73,77,daß,dass,orthography:wordlist
John.6.22,89,92,89,93,daß,dass,orthography:wordlist
John.6.22,195,198,196,200,daß,dass,orthography:wordlist
John.6.24,47,50,47,51,daß,dass,orthography:wordlist
John.6.28,70,73,70,74,daß,dass,orthography:wordlist
John.6.29,104,107,104,108,daß,dass,orthography:wordlist
John.6.30,83,86,83,87,daß,dass,orthography:wordlist
John.6.36,38,41,38,42,daß,dass,orthography:wordlist
John.6.38,65,68,65,69,daß,dass,orthography:wordlist
John.6.39,85,88,85,89,daß,dass,orthography:wordlist
John.6.40,68,71,68,72,daß,dass,orthography:wordlist
John.6.44,88,91,88,92,daß,dass,orthography:wordlist
John.6.46,24,27,24,28,daß,dass,orthography:wordlist
John.6.50,80,83,80,84,daß,dass,orthography:wordlist
John.6.51,122,125,122,126,ißt,isst,orthography:wordlist
John.6.53,107,110,107,111,daß,dass,orthography:wordlist
John.6.54,17,20,17,21,ißt,isst,orthography:wordlist
John.6.56,17,20,17,21,ißt,isst,orthography:wordlist
John.6.57,110,113,110,114,ißt,isst,orthography:wordlist
John.6.58,139,142,139,143,ißt,isst,orthography:wordlist
John.6.61,31,36,31,37,wußte,wusste,orthography:wordlist
John.6.61,39,42,40,44,daß,dass,orthography:wordlist
John.6.64,75,80,75,81,wußte,wusste,orthography:wordlist
John.6.65,56,59,56,60,daß,dass,orthography:wordlist
John.6.69,56,59,56,60,daß,dass,orthography:wordlist
John.7.3,81,84,81,85,daß,dass,orthography:wordlist
John.7.7,45,49,45,50,haßt,hasst,orthography:wordlist
John.7.7,81,84,82,86,daß,dass,orthography:wordlist
John.7.22,87,90,87,91,daß,dass,orthography:wordlist
John.7.22,146,153,147,153,Sabbath,Sabbat,orthography:wordlist
John.7.23,47,54,47,53,Sabbath,Sabbat,orthography:wordlist
John.7.23,70,73,69,73,daß,dass,orthography:wordlist
John.7.23,135,138,135,139,daß,dass,orthography:wordlist
John.7.23,188,195,189,195,Sabbath,Sabbat,orthography:wordlist
John.7.26,134,137,134,138,daß,dass,orthography:wordlist
John.7.32,120,123,120,124,daß,dass,orthography:wordlist
John.7.35,66,69,66,70,daß,dass,orthography:wordlist
John.7.52,90,93,90,94,daß,dass,orthography:wordlist
John.8.3,54,57,54,58,ein,eine,grammar:Frau-determiner
John.8.3,58,62,59,63,Weib,Frau,word:Weib-Frau
John.8.4,29,35,29,34,dieses,diese,grammar:Frau-determiner
John.8.4,36,40,35,39,Weib,Frau,word:Weib-Frau
John.8.6,66,69,66,70,daß,dass,orthography:wordlist
John.8.9,161,164,161,164,dem,der,grammar:Frau-determiner
John.8.9,165,170,165,169,Weibe,Frau,word:Weib-Frau
John.8.10,46,49,46,49,dem,der,grammar:Frau-determiner
John.8.10,50,55,50,54,Weibe,Frau,word:Weib-Frau
John.8.10,91,95,90,94,Weib,Frau,word:Weib-Frau
John.8.17,109,112,109,113,daß,dass,orthography:wordlist
John.8.22,80,83,80,84,daß,dass,orthography:wordlist
John.8.24,42,45,42,46,daß,dass,orthography:wordlist
John.8.24,123,126,124,128,daß,dass,orthography:wordlist
John.8.27,22,25,22,26,daß,dass,orthography:wordlist
John.8.28,138,141,138,142,daß,dass,orthography:wordlist
John.8.28,161,164,162,166,daß,dass,orthography:wordlist
John.8.37,11,14,11,15,daß,dass,orthography:wordlist
John.8.48,114,117,114,118,daß,dass,orthography:wordlist
John.8.52,56,59,56,60,daß,dass,orthography:wordlist
John.8.56,45,48,45,49,daß,dass,orthography:wordlist
John.9.2,144,147,144,148,daß,dass,orthography:wordlist
John.9.3,100,103,100,104,daß,dass,orthography:wordlist
John.9.4,22,25,22,26,muß,muss,orthography:wordlist
John.9.8,55,58,55,59,daß,dass,orthography:wordlist
John.9.14,12,19,12,18,Sabbath,Sabbat,orthography:wordlist
John.9.16,132,139,132,138,Sabbath,Sabbat,orthography:wordlist
John.9.18,43,46,43,47,daß,dass,orthography:wordlist
John.9.19,89,92,89,93,daß,dass,orthography:wordlist
John.9.20,89,92,89,93,daß,dass,orthography:wordlist
John.9.20,121,124,122,126,daß,dass,orthography:wordlist
John.9.22,143,146,143,147,daß,dass,orthography:wordlist
John.9.24,122,125,122,126,daß,dass,orthography:wordlist
John.9.25,105,108,105,109,daß,dass,orthography:wordlist
John.9.29,31,34,31,35,daß,dass,orthography:wordlist
John.9.30,78,81,78,82,daß,dass,orthography:wordlist
John.9.31,21,24,21,25,daß,dass,orthography:wordlist
John.9.32,59,62,59,63,daß,dass,orthography:wordlist
John.9.35,32,35,32,36,daß,dass,orthography:wordlist
John.9.36,92,95,92,96,daß,dass,orthography:wordlist
John.9.39,97,100,97,101,daß,dass,orthography:wordlist
John.10.10,99,102,99,103,daß,dass,orthography:wordlist
John.10.10,131,139,132,141,Überfluß,Überfluss,orthography:wordlist
John.10.11,59,63,59,64,läßt,lässt,orthography:wordlist
John.10.12,107,114,107,115,verläßt,verlässt,orthography:wordlist
John.10.16,84,87,84,88,muß,muss,orthography:wordlist
John.10.17,89,92,89,93,daß,dass,orthography:wordlist
John.10.31,64,67,64,68,daß,dass,orthography:wordlist
John.10.38,97,100,97,101,daß,dass,orthography:wordlist
John.10.38,129,132,130,134,daß,dass,orthography:wordlist
John.11.4,135,138,135,139,daß,dass,orthography:wordlist
John.11.6,29,32,29,33,daß,dass,orthography:wordlist
John.11.7,60,64,60,65,Laßt,Lasst,orthography:wordlist
John.11.11,145,148,145,149,daß,dass,orthography:wordlist
John.11.15,45,48,45,49,daß,dass,orthography:wordlist
John.11.15,75,78,76,80,daß,dass,orthography:wordlist
John.11.15,100,104,102,107,laßt,lasst,orthography:wordlist
John.11.16,93,97,93,98,Laßt,Lasst,orthography:wordlist
John.11.16,120,123,121,125,daß,dass,orthography:wordlist
John.11.19,94,97,94,98,daß,dass,orthography:wordlist
John.11.20,48,51,48,52,daß,dass,orthography:wordlist
John.11.22,29,32,29,33,daß,dass,orthography:wordlist
John.11.24,54,57,54,58,daß,dass,orthography:wordlist
John.11.27,47,50,47,51,daß,dass,orthography:wordlist
John.11.31,76,79,76,80,daß,dass,orthography:wordlist
John.11.31,183,186,184,188,daß,dass,orthography:wordlist
John.11.35,24,30,24,31,vergoß,vergoss,orthography:wordlist
John.11.37,145,148,145,149,daß,dass,orthography:wordlist
John.11.41,101,104,101,105,daß,dass,orthography:wordlist
John.11.42,36,41,36,42,wußte,wusste,orthography:wordlist
John.11.42,44,47,45,49,daß,dass,orthography:wordlist
John.11.42,151,154,153,157,daß,dass,orthography:wordlist
John.11.42,170,173,173,177,daß,dass,orthography:wordlist
John.11.44,191,195,191,196,laßt,lasst,orthography:wordlist
John.11.50,46,49,46,50,daß,dass,orthography:wordlist
John.11.50,74,77,75,79,daß,dass,orthography:wordlist
John.11.51,133,136,133,137,daß,dass,orthography:wordlist
John.11.52,75,78,75,79,daß,dass,orthography:wordlist
John.11.53,74,77,74,78,daß,dass,orthography:wordlist
John.11.55,119,122,119,123,daß,dass,orthography:wordlist
John.11.56,90,93,90,94,Daß,Dass,orthography:wordlist
John.11.57,70,73,70,74,daß,dass,orthography:wordlist
John.12.9,50,53,50,54,daß,dass,orthography:wordlist
John.12.10,42,45,42,46,daß,dass,orthography:wordlist
John.12.12,91,94,91,95,daß,dass,orthography:wordlist
John.12.16,124,127,124,128,daß,dass,orthography:wordlist
John.12.17,52,55,52,56,daß,dass,orthography:wordlist
John.12.18,102,105,102,106,daß,dass,orthography:wordlist
John.12.19,70,73,70,74,daß,dass,orthography:wordlist
John.12.20,67,70,67,71,daß,dass,orthography:wordlist
John.12.23,105,108,105,109,daß,dass,orthography:wordlist
John.12.25,78,82,78,83,haßt,hasst,orthography:wordlist
John.12.34,67,70,67,71,daß,dass,orthography:wordlist
John.12.34,125,128,126,130,daß,dass,orthography:wordlist
John.12.35,150,153,150,154,daß,dass,orthography:wordlist
John.12.36,67,70,67,71,daß,dass,orthography:wordlist
John.12.38,4,7,4,8,daß,dass,orthography:wordlist
John.12.40,60,63,60,64,daß,dass,orthography:wordlist
John.12.42,127,130,127,131,daß,dass,orthography:wordlist
John.12.46,56,59,56,60,daß,dass,orthography:wordlist
John.12.47,195,198,195,199,daß,dass,orthography:wordlist
John.12.47,235,238,236,240,daß,dass,orthography:wordlist
John.12.50,25,28,25,29,daß,dass,orthography:wordlist
John.13.1,53,58,53,59,wußte,wusste,orthography:wordlist
John.13.1,61,64,62,66,daß,dass,orthography:wordlist
John.13.1,93,96,95,99,daß,dass,orthography:wordlist
John.13.2,140,143,140,144,daß,dass,orthography:wordlist
John.13.3,36,39,36,40,daß,dass,orthography:wordlist
John.13.3,90,93,91,95,daß,dass,orthography:wordlist
John.13.15,57,60,57,61,daß,dass,orthography:wordlist
John.13.18,83,86,83,87,daß,dass,orthography:wordlist
John.13.18,139,142,140,144,ißt,isst,orthography:wordlist
John.13.19,57,60,57,61,daß,dass,orthography:wordlist
John.13.19,98,101,99,103,daß,dass,orthography:wordlist
John.13.29,80,83,80,84,daß,dass,orthography:wordlist
John.13.29,152,155,153,157,daß,dass,orthography:wordlist
John.13.34,33,36,33,37,daß,dass,orthography:wordlist
John.13.34,64,67,65,69,daß,dass,orthography:wordlist
John.13.35,65,68,65,69,daß,dass,orthography:wordlist
John.14.3,129,132,129,133,daß,dass,orthography:wordlist
John.14.10,29,32,29,33,daß,dass,orthography:wordlist
John.14.11,32,35,32,36,daß,dass,orthography:wordlist
John.14.13,105,108,105,109,daß,dass,orthography:wordlist
John.14.16,104,107,104,108,daß,dass,orthography:wordlist
John.14.20,64,67,64,68,daß,dass,orthography:wordlist
John.14.22,77,80,77,81,daß,dass,orthography:wordlist
John.14.28,18,21,18,22,daß,dass,orthography:wordlist
John.14.28,139,142,140,144,daß,dass,orthography:wordlist
John.14.29,79,82,79,83,daß,dass,orthography:wordlist
John.14.31,19,22,19,23,daß,dass,orthography:wordlist
John.14.31,43,46,44,48,daß,dass,orthography:wordlist
John.15.2,152,155,152,156,daß,dass,orthography:wordlist
John.15.8,83,86,83,87,daß,dass,orthography:wordlist
John.15.11,55,58,55,59,daß,dass,orthography:wordlist
John.15.12,58,61,58,62,daß,dass,orthography:wordlist
John.15.13,76,79,76,80,daß,dass,orthography:wordlist
John.15.13,98,102,99,104,läßt,lässt,orthography:wordlist
John.15.16,135,138,135,139,daß,dass,orthography:wordlist
John.15.16,202,205,203,207,daß,dass,orthography:wordlist
John.15.17,43,46,43,47,daß,dass,orthography:wordlist
John.15.18,29,33,29,34,haßt,hasst,orthography:wordlist
John.15.18,48,51,49,53,daß,dass,orthography:wordlist
John.15.18,71,77,73,80,gehaßt,gehasst,orthography:wordlist
John.15.19,176,180,176,181,haßt,hasst,orthography:wordlist
John.15.23,9,13,9,14,haßt,hasst,orthography:wordlist
John.15.23,16,20,17,22,haßt,hasst,orthography:wordlist
John.15.24,154,160,154,161,gehaßt,gehasst,orthography:wordlist
John.15.25,19,22,19,23,daß,dass,orthography:wordlist
John.15.25,119,125,120,127,gehaßt,gehasst,orthography:wordlist
John.16.1,48,51,48,52,daß,dass,orthography:wordlist
John.16.2,77,80,77,81,daß,dass,orthography:wordlist
John.16.4,71,74,71,75,daß,dass,orthography:wordlist
John.16.4,130,133,131,135,daß,dass,orthography:wordlist
John.16.7,94,97,94,98,daß,dass,orthography:wordlist
John.16.15,67,70,67,71,daß,dass,orthography:wordlist
John.16.19,22,25,22,26,daß,dass,orthography:wordlist
John.16.19,113,116,114,118,daß,dass,orthography:wordlist
John.16.20,47,50,47,51,daß,dass,orthography:wordlist
John.16.21,0,3,0,3,Das,Die,grammar:Frau-determiner
John.16.21,4,8,4,8,Weib,Frau,word:Weib-Frau
John.16.21,184,187,184,188,daß,dass,orthography:wordlist
John.16.24,121,124,121,125,daß,dass,orthography:wordlist
John.16.26,105,108,105,109,daß,dass,orthography:wordlist
John.16.27,90,93,90,94,daß,dass,orthography:wordlist
John.16.30,29,32,29,33,daß,dass,orthography:wordlist
John.16.30,72,75,73,77,daß,dass,orthography:wordlist
John.16.30,121,124,123,127,daß,dass,orthography:wordlist
John.16.32,57,60,57,61,daß,dass,orthography:wordlist
John.16.33,48,51,48,52,daß,dass,orthography:wordlist
John.17.1,242,245,242,246,daß,dass,orthography:wordlist
John.17.2,73,76,73,77,daß,dass,orthography:wordlist
John.17.3,60,63,60,64,daß,dass,orthography:wordlist
John.17.4,116,119,116,120,daß,dass,orthography:wordlist
John.17.7,36,39,36,40,daß,dass,orthography:wordlist
John.17.8,134,137,134,138,daß,dass,orthography:wordlist
John.17.8,191,194,192,196,daß,dass,orthography:wordlist
John.17.11,179,182,179,183,daß,dass,orthography:wordlist
John.17.12,200,203,200,204,daß,dass,orthography:wordlist
John.17.13,98,101,98,102,daß,dass,orthography:wordlist
John.17.14,68,74,68,75,gehaßt,gehasst,orthography:wordlist
John.17.15,18,21,18,22,daß,dass,orthography:wordlist
John.17.15,65,68,66,70,daß,dass,orthography:wordlist
John.17.19,70,73,70,74,daß,dass,orthography:wordlist
John.17.21,4,7,4,8,daß,dass,orthography:wordlist
John.17.21,83,86,84,88,daß,dass,orthography:wordlist
John.17.21,120,123,122,126,daß,dass,orthography:wordlist
John.17.21,143,146,146,150,daß,dass,orthography:wordlist
John.17.22,89,92,89,93,daß,dass,orthography:wordlist
John.17.23,96,99,96,100,daß,dass,orthography:wordlist
John.17.23,141,144,142,146,daß,dass,orthography:wordlist
John.17.23,165,168,167,171,daß,dass,orthography:wordlist
John.17.24,28,31,28,32,daß,dass,orthography:wordlist
John.17.24,106,109,107,111,daß,dass,orthography:wordlist
John.17.25,131,134,131,135,daß,dass,orthography:wordlist
John.17.26,81,84,81,85,daß,dass,orthography:wordlist
John.18.2,68,73,68,74,wußte,wusste,orthography:wordlist
John.18.4,40,45,40,46,wußte,wusste,orthography:wordlist
John.18.8,60,63,60,64,daß,dass,orthography:wordlist
John.18.8,109,113,110,115,laßt,lasst,orthography:wordlist
John.18.9,4,7,4,8,daß,dass,orthography:wordlist
John.18.14,100,103,100,104,daß,dass,orthography:wordlist
John.18.28,132,135,132,136,daß,dass,orthography:wordlist
John.18.32,4,7,4,8,daß,dass,orthography:wordlist
John.18.36,153,156,153,157,daß,dass,orthography:wordlist
John.18.37,114,117,114,118,daß,dass,orthography:wordlist
John.18.37,197,200,198,202,daß,dass,orthography:wordlist
John.18.39,60,63,60,64,daß,dass,orthography:wordlist
John.18.39,121,124,122,126,daß,dass,orthography:wordlist
John.19.4,162,165,162,166,daß,dass,orthography:wordlist
John.19.4,180,183,181,185,daß,dass,orthography:wordlist
John.19.7,80,83,80,84,muß,muss,orthography:wordlist
John.19.10,101,104,101,105,daß,dass,orthography:wordlist
John.19.16,73,76,73,77,daß,dass,orthography:wordlist
John.19.21,102,105,102,106,daß,dass,orthography:wordlist
John.19.24,39,43,39,44,Laßt,Lasst,orthography:wordlist
John.19.24,121,124,122,126,daß,dass,orthography:wordlist
John.19.25,105,109,105,109,Weib,Frau,word:Weib-Frau
John.19.26,114,118,114,118,Weib,Frau,word:Weib-Frau
John.19.28,27,32,27,33,wußte,wusste,orthography:wordlist
John.19.28,35,38,36,40,daß,dass,orthography:wordlist
John.19.28,86,89,88,92,daß,dass,orthography:wordlist
John.19.31,62,69,62,68,Sabbath,Sabbat,orthography:wordlist
John.19.31,134,142,133,140,Sabbaths,Sabbats,orthography:wordlist
John.19.31,155,158,153,157,daß,dass,orthography:wordlist
John.19.33,50,53,50,54,daß,dass,orthography:wordlist
John.19.35,100,103,100,104,daß,dass,orthography:wordlist
John.19.35,134,137,135,139,daß,dass,orthography:wordlist
John.19.36,51,54,51,55,daß,dass,orthography:wordlist
John.19.38,197,200,197,201,daß,dass,orthography:wordlist
John.20.9,54,57,54,58,daß,dass,orthography:wordlist
John.20.9,89,94,90,96,mußte,musste,orthography:wordlist
John.20.13,52,56,52,56,Weib,Frau,word:Weib-Frau
John.20.14,96,101,96,102,wußte,wusste,orthography:wordlist
John.20.14,110,113,111,115,daß,dass,orthography:wordlist
John.20.15,42,46,42,46,Weib,Frau,word:Weib-Frau
John.20.18,79,82,79,83,daß,dass,orthography:wordlist
John.20.25,129,132,129,133,daß,dass,orthography:wordlist
John.20.31,53,56,53,57,daß,dass,orthography:wordlist
John.20.31,72,75,73,77,daß,dass,orthography:wordlist
John.20.31,129,132,131,135,daß,dass,orthography:wordlist
John.21.4,70,76,70,77,wußten,wussten,orthography:wordlist
John.21.4,97,100,98,102,daß,dass,orthography:wordlist
John.21.7,147,150,147,151,daß,dass,orthography:wordlist
John.21.11,143,149,143,150,zerriß,zerriss,orthography:wordlist
John.21.12,143,149,143,150,wußten,wussten,orthography:wordlist
John.21.12,152,155,153,157,daß,dass,orthography:wordlist
John.21.14,60,63,60,64,daß,dass,orthography:wordlist
John.21.15,177,180,177,181,daß,dass,orthography:wordlist
John.21.16,150,153,150,154,daß,dass,orthography:wordlist
John.21.17,105,108,105,109,daß,dass,orthography:wordlist
John.21.17,225,228,226,230,daß,dass,orthography:wordlist
John.21.22,59,62,59,63,daß,dass,orthography:wordlist
John.21.23,109,112,109,113,daß,dass,orthography:wordlist
John.21.23,159,162,160,164,daß,dass,orthography:wordlist
John.21.24,124,127,124,128,daß,dass,orthography:wordlist
Acts.1.1,29,36,29,37,verfaßt,verfasst,orthography:wordlist
Acts.1.14,91,98,91,97,Weibern,Frauen,word:Weib-Frau
Acts.1.16,21,26,21,27,mußte,musste,orthography:wordlist
Acts.1.19,70,73,70,74,daß,dass,orthography:wordlist
Acts.1.21,3,6,3,7,muß,muss,orthography:wordlist
Acts.1.22,122,125,122,126,muß,muss,orthography:wordlist
Acts.2.17,64,67,64,68,daß,dass,orthography:wordlist
Acts.2.23,49,58,49,59,Ratschluß,Ratschluss,orthography:wordlist
Acts.2.24,144,147,144,148,daß,dass,orthography:wordlist
Acts.2.25,148,151,148,152,daß,dass,orthography:wordlist
Acts.2.27,81,84,81,85,daß,dass,orthography:wordlist
Acts.2.29,101,104,101,105,daß,dass,orthography:wordlist
Acts.2.30,31,36,31,37,wußte,wusste,orthography:wordlist
Acts.2.30,39,42,40,44,daß,dass,orthography:wordlist
Acts.2.31,79,82,79,83,daß,dass,orthography:wordlist
Acts.2.36,46,49,46,50,daß,dass,orthography:wordlist
Acts.2.40,88,92,88,93,Laßt,Lasst,orthography:wordlist
Acts.3.3,89,92,89,93,daß,dass,orthography:wordlist
Acts.3.10,34,37,34,38,daß,dass,orthography:wordlist
Acts.3.14,94,97,94,98,daß,dass,orthography:wordlist
Acts.3.17,50,53,50,54,daß,dass,orthography:wordlist
Acts.3.18,138,141,138,142,daß,dass,orthography:wordlist
Acts.3.19,37,40,37,41,daß,dass,orthography:wordlist
Acts.3.21,57,60,57,61,muß,muss,orthography:wordlist
Acts.4.2,10,17,10,18,verdroß,verdross,orthography:wordlist
Acts.4.2,20,23,21,25,daß,dass,orthography:wordlist
Acts.4.5,39,42,39,43,daß,dass,orthography:wordlist
Acts.4.10,54,57,54,58,daß,dass,orthography:wordlist
Acts.4.10,175,178,176,180,daß,dass,orthography:wordlist
Acts.4.13,81,84,81,85,daß,dass,orthography:wordlist
Acts.4.13,179,182,180,184,daß,dass,orthography:wordlist
Acts.4.16,61,64,61,65,daß,dass,orthography:wordlist
Acts.4.17,19,22,19,23,daß,dass,orthography:wordlist
Acts.4.17,77,81,78,83,laßt,lasst,orthography:wordlist
Acts.4.17,112,115,114,118,daß,dass,orthography:wordlist
Acts.4.28,39,48,39,49,Ratschluß,Ratschluss,orthography:wordlist
Acts.4.28,69,72,70,74,daß,dass,orthography:wordlist
Acts.4.30,114,117,114,118,daß,dass,orthography:wordlist
Acts.4.32,107,110,107,111,daß,dass,orthography:wordlist
Acts.5.1,60,66,60,66,seinem,seiner,grammar:Frau-determiner
Acts.5.1,67,72,67,71,Weibe,Frau,word:Weib-Frau
Acts.5.2,81,84,81,84,das,die,grammar:Frau-determiner
Acts.5.2,85,89,85,89,Weib,Frau,word:Weib-Frau
Acts.5.2,90,95,90,96,wußte,wusste,orthography:wordlist
Acts.5.3,99,102,99,103,daß,dass,orthography:wordlist
Acts.5.4,129,132,129,133,daß,dass,orthography:wordlist
Acts.5.7,54,57,54,58,daß,dass,orthography:wordlist
Acts.5.7,58,62,59,64,sein,seine,grammar:Frau-determiner
Acts.5.7,63,67,65,69,Weib,Frau,word:Weib-Frau
Acts.5.9,62,65,62,66,daß,dass,orthography:wordlist
Acts.5.14,98,105,98,104,Weibern,Frauen,word:Weib-Frau
Acts.5.15,3,6,3,7,daß,dass,orthography:wordlist
Acts.5.15,92,95,93,97,daß,dass,orthography:wordlist
Acts.5.21,260,263,260,264,daß,dass,orthography:wordlist
Acts.5.29,70,73,70,74,muß,muss,orthography:wordlist
Acts.5.36,116,119,116,120,daß,dass,orthography:wordlist
Acts.5.41,57,60,57,61,daß,dass,orthography:wordlist
Acts.6.2,83,86,83,87,daß,dass,orthography:wordlist
Acts.7.6,146,156,146,157,mißhandeln,misshandeln,orthography:wordlist
Acts.7.12,23,26,23,27,daß,dass,orthography:wordlist
Acts.7.19,64,75,64,76,mißhandelte,misshandelte,orthography:wordlist
Acts.7.19,91,94,92,96,daß,dass,orthography:wordlist
Acts.7.19,125,131,127,134,mußten,mussten,orthography:wordlist
Acts.7.25,50,53,50,54,daß,dass,orthography:wordlist
Acts.7.34,31,42,31,43,Mißhandlung,Misshandlung,orthography:wordlist
Acts.8.3,150,156,150,156,Weiber,Frauen,word:Weib-Frau
Acts.8.9,179,182,179,183,daß,dass,orthography:wordlist
Acts.8.12,172,178,172,178,Weiber,Frauen,word:Weib-Frau
Acts.8.14,68,71,68,72,daß,dass,orthography:wordlist
Acts.8.18,21,24,21,25,daß,dass,orthography:wordlist
Acts.8.19,47,50,47,51,daß,dass,orthography:wordlist
Acts.8.20,138,141,138,142,daß,dass,orthography:wordlist
Acts.8.23,26,29,26,30,daß,dass,orthography:wordlist
Acts.8.31,103,106,103,107,daß,dass,orthography:wordlist
Acts.9.2,139,145,139,145,Weiber,Frauen,word:Weib-Frau
Acts.9.3,34,37,34,38,daß,dass,orthography:wordlist
Acts.9.16,111,114,111,115,muß,muss,orthography:wordlist
Acts.9.20,78,81,78,82,daß,dass,orthography:wordlist
Acts.9.21,205,208,205,209,daß,dass,orthography:wordlist
Acts.9.22,146,149,146,150,daß,dass,orthography:wordlist
Acts.9.26,152,155,152,156,daß,dass,orthography:wordlist
Acts.9.27,167,170,167,171,daß,dass,orthography:wordlist
Acts.9.32,18,21,18,22,daß,dass,orthography:wordlist
Acts.9.37,33,36,33,37,daß,dass,orthography:wordlist
Acts.9.38,118,121,118,122,daß,dass,orthography:wordlist
Acts.9.43,18,21,18,22,daß,dass,orthography:wordlist
Acts.10.5,110,113,110,114,laß,lass,orthography:wordlist
Acts.10.13,78,80,78,81,iß,iss,orthography:wordlist
Acts.10.25,32,35,32,36,daß,dass,orthography:wordlist
Acts.10.32,79,82,79,83,laß,lass,orthography:wordlist
Acts.10.33,84,87,84,88,daß,dass,orthography:wordlist
Acts.10.34,98,101,98,102,daß,dass,orthography:wordlist
Acts.10.42,88,91,88,92,daß,dass,orthography:wordlist
Acts.10.43,83,86,83,87,daß,dass,orthography:wordlist
Acts.10.45,117,120,117,121,daß,dass,orthography:wordlist
Acts.10.47,95,98,95,99,daß,dass,orthography:wordlist
Acts.10.48,26,29,26,30,daß,dass,orthography:wordlist
Acts.11.1,65,68,65,69,daß,dass,orthography:wordlist
Acts.11.7,89,91,89,92,iß,iss,orthography:wordlist
Acts.11.13,130,133,130,134,laß,lass,orthography:wordlist
Acts.11.17,170,173,170,174,daß,dass,orthography:wordlist
Acts.11.22,120,123,120,124,daß,dass,orthography:wordlist
Acts.11.23,107,123,107,124,Herzensentschluß,Herzensentschluss,orthography:wordlist
Acts.11.26,25,28,25,29,daß,dass,orthography:wordlist
Acts.11.26,125,128,126,130,daß,dass,orthography:wordlist
Acts.12.1,151,161,151,162,mißhandeln,misshandeln,orthography:wordlist
Acts.12.3,27,30,27,31,daß,dass,orthography:wordlist
Acts.12.9,52,57,52,58,wußte,wusste,orthography:wordlist
Acts.12.9,66,69,67,71,daß,dass,orthography:wordlist
Acts.12.11,87,90,87,91,daß,dass,orthography:wordlist
Acts.12.15,69,72,69,73,daß,dass,orthography:wordlist
Acts.12.23,90,93,90,94,daß,dass,orthography:wordlist
Acts.13.14,111,119,111,118,Sabbaths,Sabbats,orthography:wordlist
Acts.13.25,98,101,98,102,daß,dass,orthography:wordlist
Acts.13.27,157,164,157,163,Sabbath,Sabbat,orthography:wordlist
Acts.13.28,85,88,85,89,daß,dass,orthography:wordlist
Acts.13.33,0,3,0,4,daß,dass,orthography:wordlist
Acts.13.34,9,12,9,13,Daß,Dass,orthography:wordlist
Acts.13.35,93,96,93,97,daß,dass,orthography:wordlist
Acts.13.38,36,39,36,40,daß,dass,orthography:wordlist
Acts.13.40,42,45,42,46,daß,dass,orthography:wordlist
Acts.13.42,40,43,40,44,daß,dass,orthography:wordlist
Acts.13.42,62,69,63,69,Sabbath,Sabbat,orthography:wordlist
Acts.13.44,12,19,12,18,Sabbath,Sabbat,orthography:wordlist
Acts.13.46,112,117,112,118,mußte,musste,orthography:wordlist
Acts.13.47,127,130,127,131,daß,dass,orthography:wordlist
Acts.14.1,29,32,29,33,daß,dass,orthography:wordlist
Acts.14.1,100,103,101,105,daß,dass,orthography:wordlist
Acts.14.5,154,164,154,165,mißhandeln,misshandeln,orthography:wordlist
Acts.14.9,122,125,122,126,daß,dass,orthography:wordlist
Acts.14.15,149,152,149,153,daß,dass,orthography:wordlist
Acts.14.18,74,77,74,78,daß,dass,orthography:wordlist
Acts.14.22,98,101,98,102,daß,dass,orthography:wordlist
Acts.14.27,132,135,132,136,daß,dass,orthography:wordlist
Acts.15.2,132,135,132,136,daß,dass,orthography:wordlist
Acts.15.5,117,120,117,121,muß,muss,orthography:wordlist
Acts.15.7,103,106,103,107,daß,dass,orthography:wordlist
Acts.15.7,164,167,165,169,daß,dass,orthography:wordlist
Acts.15.19,49,52,49,53,daß,dass,orthography:wordlist
Acts.15.20,52,55,52,56,daß,dass,orthography:wordlist
Acts.15.21,161,168,161,167,Sabbath,Sabbat,orthography:wordlist
Acts.15.24,34,37,34,38,daß,dass,orthography:wordlist
Acts.15.24,176,182,177,184,müßtet,müsstet,orthography:wordlist
Acts.15.36,125,128,125,129,Laß,Lass,orthography:wordlist
Acts.15.39,39,42,39,43,daß,dass,orthography:wordlist
Acts.15.39,81,84,82,86,daß,dass,orthography:wordlist
Acts.16.1,120,125,120,125,eines,einer,grammar:Frau-determiner
Acts.16.1,146,152,146,150,Weibes,Frau,word:Weib-Frau
Acts.16.3,34,37,34,38,daß,dass,orthography:wordlist
Acts.16.3,183,186,184,188,daß,dass,orthography:wordlist
Acts.16.10,123,126,123,127,daß,dass,orthography:wordlist
Acts.16.13,27,35,27,34,Sabbaths,Sabbats,orthography:wordlist
Acts.16.13,78,82,77,82,Fluß,Fluss,orthography:wordlist
Acts.16.13,186,193,186,192,Weibern,Frauen,word:Weib-Frau
Acts.16.14,14,17,14,18,ein,eine,grammar:Frau-determiner
Acts.16.14,18,26,19,26,gewisses,gewisse,grammar:Frau-adjective
Acts.16.14,27,31,27,31,Weib,Frau,word:Weib-Frau
Acts.16.14,162,165,162,166,daß,dass,orthography:wordlist
Acts.16.15,100,103,100,104,daß,dass,orthography:wordlist
Acts.16.16,45,48,45,49,daß,dass,orthography:wordlist
Acts.16.19,29,32,29,33,daß,dass,orthography:wordlist
Acts.16.26,76,79,76,80,daß,dass,orthography:wordlist
Acts.16.30,66,69,66,70,muß,muss,orthography:wordlist
Acts.16.30,84,87,85,89,daß,dass,orthography:wordlist
Acts.16.35,86,89,86,90,Laß,Lass,orthography:wordlist
Acts.16.36,91,94,91,95,daß,dass,orthography:wordlist
Acts.16.37,253,256,253,257,laß,lass,orthography:wordlist
Acts.16.38,105,108,105,109,daß,dass,orthography:wordlist
Acts.16.39,93,96,93,97,daß,dass,orthography:wordlist
Acts.17.2,96,105,96,104,Sabbathen,Sabbaten,orthography:wordlist
Acts.17.3,34,37,34,38,daß,dass,orthography:wordlist
Acts.17.3,90,95,91,97,mußte,musste,orthography:wordlist
Acts.17.3,102,105,104,108,daß,dass,orthography:wordlist
Acts.17.7,137,140,137,141,daß,dass,orthography:wordlist
Acts.17.12,112,119,112,118,Weibern,Frauen,word:Weib-Frau
Acts.17.13,66,69,66,70,daß,dass,orthography:wordlist
Acts.17.15,128,131,128,132,daß,dass,orthography:wordlist
Acts.17.22,132,135,132,136,daß,dass,orthography:wordlist
Acts.17.27,0,3,0,4,daß,dass,orthography:wordlist
Acts.17.29,66,69,66,70,daß,dass,orthography:wordlist
Acts.17.30,98,101,98,102,daß,dass,orthography:wordlist
Acts.17.34,142,145,142,146,ein,eine,grammar:Frau-determiner
Acts.17.34,146,150,147,151,Weib,Frau,word:Weib-Frau
Acts.18.2,146,150,146,151,sein,seine,grammar:Frau-determiner
Acts.18.2,151,155,152,156,Weib,Frau,word:Weib-Frau
Acts.18.2,191,194,192,196,daß,dass,orthography:wordlist
Acts.18.4,51,58,51,57,Sabbath,Sabbat,orthography:wordlist
Acts.18.5,219,222,219,223,daß,dass,orthography:wordlist
Acts.18.20,25,28,25,29,daß,dass,orthography:wordlist
Acts.18.21,61,64,61,65,muß,muss,orthography:wordlist
Acts.18.28,117,120,117,121,daß,dass,orthography:wordlist
Acts.19.1,51,54,51,55,daß,dass,orthography:wordlist
Acts.19.4,123,126,123,127,daß,dass,orthography:wordlist
Acts.19.10,93,96,93,97,daß,dass,orthography:wordlist
Acts.19.12,3,6,3,7,daß,dass,orthography:wordlist
Acts.19.16,135,138,135,139,daß,dass,orthography:wordlist
Acts.19.21,230,233,230,234,muß,muss,orthography:wordlist
Acts.19.25,121,124,121,125,daß,dass,orthography:wordlist
Acts.19.26,36,39,36,40,daß,dass,orthography:wordlist
Acts.19.26,184,187,185,189,daß,dass,orthography:wordlist
Acts.19.27,67,70,67,71,daß,dass,orthography:wordlist
Acts.19.27,124,127,125,129,daß,dass,orthography:wordlist
Acts.19.32,112,118,112,119,wußten,wussten,orthography:wordlist
Acts.19.34,25,28,25,29,daß,dass,orthography:wordlist
Acts.19.35,141,144,141,145,daß,dass,orthography:wordlist
Acts.20.20,74,77,74,78,daß,dass,orthography:wordlist
Acts.20.23,24,27,24,28,daß,dass,orthography:wordlist
Acts.20.23,92,95,93,97,daß,dass,orthography:wordlist
Acts.20.24,92,95,92,96,daß,dass,orthography:wordlist
Acts.20.25,54,57,54,58,daß,dass,orthography:wordlist
Acts.20.26,68,71,68,72,daß,dass,orthography:wordlist
Acts.20.27,64,73,64,74,Ratschluß,Ratschluss,orthography:wordlist
Acts.20.29,28,31,28,32,daß,dass,orthography:wordlist
Acts.20.31,47,50,47,51,daß,dass,orthography:wordlist
Acts.20.34,20,23,20,24,daß,dass,orthography:wordlist
Acts.20.35,30,33,30,34,daß,dass,orthography:wordlist
Acts.20.37,84,90,84,91,küßten,küssten,orthography:wordlist
Acts.21.1,22,25,22,26,daß,dass,orthography:wordlist
Acts.21.5,22,25,22,26,daß,dass,orthography:wordlist
Acts.21.5,128,135,129,135,Weibern,Frauen,word:Weib-Frau
Acts.21.12,90,93,90,94,daß,dass,orthography:wordlist
Acts.21.13,69,72,69,73,daß,dass,orthography:wordlist
Acts.21.21,47,50,47,51,daß,dass,orthography:wordlist
Acts.21.22,47,50,47,51,muß,muss,orthography:wordlist
Acts.21.22,105,108,106,110,daß,dass,orthography:wordlist
Acts.21.24,154,157,154,158,daß,dass,orthography:wordlist
Acts.21.24,228,231,229,233,daß,dass,orthography:wordlist
Acts.21.25,93,96,93,97,daß,dass,orthography:wordlist
Acts.21.25,147,150,148,152,daß,dass,orthography:wordlist
Acts.21.29,123,126,123,127,daß,dass,orthography:wordlist
Acts.21.31,88,91,88,92,daß,dass,orthography:wordlist
Acts.21.35,56,59,56,60,daß,dass,orthography:wordlist
Acts.22.2,22,25,22,26,daß,dass,orthography:wordlist
Acts.22.4,77,83,77,83,Weiber,Frauen,word:Weib-Frau
Acts.22.5,251,254,251,255,daß,dass,orthography:wordlist
Acts.22.6,59,62,59,63,daß,dass,orthography:wordlist
Acts.22.16,57,60,57,61,laß,lass,orthography:wordlist
Acts.22.17,93,96,93,97,daß,dass,orthography:wordlist
Acts.22.19,44,47,44,48,daß,dass,orthography:wordlist
Acts.22.22,155,158,155,159,daß,dass,orthography:wordlist
Acts.22.24,31,34,31,35,daß,dass,orthography:wordlist
Acts.22.24,131,134,132,136,daß,dass,orthography:wordlist
Acts.22.29,174,177,174,178,daß,dass,orthography:wordlist
Acts.22.30,37,46,37,47,Gewißheit,Gewissheit,orthography:wordlist
Acts.22.30,140,143,141,145,daß,dass,orthography:wordlist
Acts.23.5,51,56,51,57,wußte,wusste,orthography:wordlist
Acts.23.5,74,77,75,79,daß,dass,orthography:wordlist
Acts.23.6,15,20,15,21,wußte,wusste,orthography:wordlist
Acts.23.6,23,26,24,28,daß,dass,orthography:wordlist
Acts.23.10,123,126,123,127,daß,dass,orthography:wordlist
Acts.23.11,136,140,136,141,mußt,musst,orthography:wordlist
Acts.23.12,97,100,97,101,daß,dass,orthography:wordlist
Acts.23.20,69,72,69,73,daß,dass,orthography:wordlist
Acts.23.21,27,30,27,31,laß,lass,orthography:wordlist
Acts.23.22,71,74,71,75,daß,dass,orthography:wordlist
Acts.23.24,53,56,53,57,daß,dass,orthography:wordlist
Acts.23.27,204,207,204,208,daß,dass,orthography:wordlist
Acts.23.29,32,35,32,36,daß,dass,orthography:wordlist
Acts.23.29,89,92,90,94,daß,dass,orthography:wordlist
Acts.23.34,89,92,89,93,daß,dass,orthography:wordlist
Acts.23.35,114,117,114,118,daß,dass,orthography:wordlist
Acts.24.4,4,7,4,8,daß,dass,orthography:wordlist
Acts.24.8,128,137,128,138,Gewißheit,Gewissheit,orthography:wordlist
Acts.24.9,76,79,76,80,daß,dass,orthography:wordlist
Acts.24.10,121,124,121,125,daß,dass,orthography:wordlist
Acts.24.11,27,30,27,31,daß,dass,orthography:wordlist
Acts.24.14,56,59,56,60,daß,dass,orthography:wordlist
Acts.24.15,68,71,68,72,daß,dass,orthography:wordlist
Acts.24.20,23,26,23,27,laß,lass,orthography:wordlist
Acts.24.24,122,128,122,128,seinem,seiner,grammar:Frau-determiner
Acts.24.24,129,134,129,133,Weibe,Frau,word:Weib-Frau
Acts.24.26,39,42,39,43,daß,dass,orthography:wordlist
Acts.25.3,56,59,56,60,daß,dass,orthography:wordlist
Acts.25.10,120,123,120,124,muß,muss,orthography:wordlist
Acts.25.21,50,53,50,54,daß,dass,orthography:wordlist
Acts.25.25,25,28,25,29,daß,dass,orthography:wordlist
Acts.26.2,45,48,45,49,daß,dass,orthography:wordlist
Acts.26.5,76,79,76,80,daß,dass,orthography:wordlist
Acts.26.18,53,56,53,57,daß,dass,orthography:wordlist
Acts.26.18,151,154,152,156,daß,dass,orthography:wordlist
Acts.26.22,204,207,204,208,daß,dass,orthography:wordlist
Acts.26.23,9,12,9,13,daß,dass,orthography:wordlist
Acts.26.23,43,46,44,48,daß,dass,orthography:wordlist
Acts.26.26,120,123,120,124,daß,dass,orthography:wordlist
Acts.26.27,65,68,65,69,daß,dass,orthography:wordlist
Acts.26.29,66,69,66,70,daß,dass,orthography:wordlist
Acts.27.1,40,43,40,44,daß,dass,orthography:wordlist
Acts.27.10,43,46,43,47,daß,dass,orthography:wordlist
Acts.27.24,46,50,46,51,mußt,musst,orthography:wordlist
Acts.27.25,76,79,76,80,daß,dass,orthography:wordlist
Acts.27.27,156,159,156,160,daß,dass,orthography:wordlist
Acts.27.29,151,154,151,155,daß,dass,orthography:wordlist
Acts.27.33,130,133,130,134,daß,dass,orthography:wordlist
Acts.27.40,132,138,132,139,hißten,hissten,orthography:wordlist
Acts.27.42,33,36,33,37,daß,dass,orthography:wordlist
Acts.27.43,97,100,97,101,daß,dass,orthography:wordlist
Acts.27.44,101,104,101,105,daß,dass,orthography:wordlist
Acts.28.1,57,60,57,61,daß,dass,orthography:wordlist
Acts.28.4,221,225,221,226,läßt,lässt,orthography:wordlist
Acts.28.6,22,25,22,26,daß,dass,orthography:wordlist
Acts.28.6,119,122,120,124,daß,dass,orthography:wordlist
Acts.28.8,18,21,18,22,daß,dass,orthography:wordlist
Acts.28.15,159,164,159,165,faßte,fasste,orthography:wordlist
Acts.28.17,34,37,34,38,daß,dass,orthography:wordlist
Acts.28.22,116,119,116,120,daß,dass,orthography:wordlist
Acts.28.28,68,71,68,72,daß,dass,orthography:wordlist
Rom.1.8,102,105,102,106,daß,dass,orthography:wordlist
Rom.1.11,57,60,57,61,daß,dass,orthography:wordlist
Rom.1.13,22,25,22,26,daß,dass,orthography:wordlist
Rom.1.13,56,59,57,61,daß,dass,orthography:wordlist
Rom.1.13,156,159,158,162,daß,dass,orthography:wordlist
Rom.1.26,94,100,94,100,Weiber,Frauen,word:Weib-Frau
Rom.1.27,90,93,90,93,des,der,grammar:Frau-determiner
Rom.1.27,94,100,94,98,Weibes,Frau,word:Weib-Frau
Rom.1.30,36,48,36,49,Gottverhaßte,Gottverhasste,orthography:wordlist
Rom.1.32,63,66,63,67,daß,dass,orthography:wordlist
Rom.2.2,18,21,18,22,daß,dass,orthography:wordlist
Rom.2.3,106,109,106,110,daß,dass,orthography:wordlist
Rom.2.4,109,112,109,113,daß,dass,orthography:wordlist
Rom.2.22,95,101,95,101,Greuel,Gräuel,orthography:wordlist
Rom.3.8,80,83,80,84,daß,dass,orthography:wordlist
Rom.3.8,99,103,100,105,Laßt,Lasst,orthography:wordlist
Rom.3.9,133,136,133,137,daß,dass,orthography:wordlist
Rom.3.19,18,21,18,22,daß,dass,orthography:wordlist
Rom.3.19,101,104,102,106,daß,dass,orthography:wordlist
Rom.3.26,104,107,104,108,daß,dass,orthography:wordlist
Rom.3.28,30,33,30,34,daß,dass,orthography:wordlist
Rom.4.1,38,41,38,42,daß,dass,orthography:wordlist
Rom.4.9,134,137,134,138,daß,dass,orthography:wordlist
Rom.4.13,114,117,114,118,daß,dass,orthography:wordlist
Rom.4.16,41,44,41,45,daß,dass,orthography:wordlist
Rom.4.18,105,108,105,109,daß,dass,orthography:wordlist
Rom.4.21,29,38,29,39,Gewißheit,Gewissheit,orthography:wordlist
Rom.4.21,41,44,42,46,daß,dass,orthography:wordlist
Rom.4.23,51,54,51,55,daß,dass,orthography:wordlist
Rom.5.3,112,115,112,116,daß,dass,orthography:wordlist
Rom.5.8,120,123,120,124,daß,dass,orthography:wordlist
Rom.5.20,39,42,39,43,daß,dass,orthography:wordlist
Rom.5.21,4,7,4,8,daß,dass,orthography:wordlist
Rom.6.1,78,81,78,82,daß,dass,orthography:wordlist
Rom.6.3,34,37,34,38,daß,dass,orthography:wordlist
Rom.6.4,96,99,96,100,daß,dass,orthography:wordlist
Rom.6.6,26,29,26,30,daß,dass,orthography:wordlist
Rom.6.6,80,83,81,85,daß,dass,orthography:wordlist
Rom.6.6,119,122,121,125,daß,dass,orthography:wordlist
Rom.6.8,70,73,70,74,daß,dass,orthography:wordlist
Rom.6.9,16,19,16,20,daß,dass,orthography:wordlist
Rom.6.16,29,32,29,33,daß,dass,orthography:wordlist
Rom.6.17,40,43,40,44,daß,dass,orthography:wordlist
Rom.7.1,91,94,91,95,daß,dass,orthography:wordlist
Rom.7.2,15,18,15,18,das,die,grammar:Frau-determiner
Rom.7.2,32,36,32,36,Weib,Frau,word:Weib-Frau
Rom.7.3,191,194,191,195,daß,dass,orthography:wordlist
Rom.7.4,174,177,174,178,daß,dass,orthography:wordlist
Rom.7.6,137,140,137,141,daß,dass,orthography:wordlist
Rom.7.7,193,199,193,200,gewußt,gewusst,orthography:wordlist
Rom.7.7,241,244,242,246,Laß,Lass,orthography:wordlist
Rom.7.8,34,39,34,40,Anlaß,Anlass,orthography:wordlist
Rom.7.11,44,49,44,50,Anlaß,Anlass,orthography:wordlist
Rom.7.13,99,102,99,103,daß,dass,orthography:wordlist
Rom.7.13,184,187,185,189,daß,dass,orthography:wordlist
Rom.7.14,28,31,28,32,daß,dass,orthography:wordlist
Rom.7.16,93,96,93,97,daß,dass,orthography:wordlist
Rom.7.18,26,29,26,30,daß,dass,orthography:wordlist
Rom.7.21,91,94,91,95,daß,dass,orthography:wordlist
Rom.8.4,4,7,4,8,daß,dass,orthography:wordlist
Rom.8.16,45,48,45,49,daß,dass,orthography:wordlist
Rom.8.17,128,131,128,132,daß,dass,orthography:wordlist
Rom.8.18,33,36,33,37,daß,dass,orthography:wordlist
Rom.8.21,9,12,9,13,daß,dass,orthography:wordlist
Rom.8.22,28,31,28,32,daß,dass,orthography:wordlist
Rom.8.28,18,21,18,22,daß,dass,orthography:wordlist
Rom.8.38,35,38,35,39,daß,dass,orthography:wordlist
Rom.9.2,9,12,9,13,daß,dass,orthography:wordlist
Rom.9.11,101,104,101,105,daß,dass,orthography:wordlist
Rom.9.13,90,96,90,97,gehaßt,gehasst,orthography:wordlist
Rom.9.23,18,21,18,22,daß,dass,orthography:wordlist
Rom.9.30,37,40,37,41,Daß,Dass,orthography:wordlist
Rom.10.1,89,92,89,93,daß,dass,orthography:wordlist
Rom.10.2,40,43,40,44,daß,dass,orthography:wordlist
Rom.10.9,9,12,9,13,daß,dass,orthography:wordlist
Rom.10.9,104,107,105,109,daß,dass,orthography:wordlist
Rom.11.11,48,51,48,52,daß,dass,orthography:wordlist
Rom.11.12,131,138,131,139,wieviel,wie viel,orthography:wordlist
Rom.11.19,64,67,64,68,daß,dass,orthography:wordlist
Rom.11.21,87,90,87,91,daß,dass,orthography:wordlist
Rom.11.24,166,173,166,174,wieviel,wie viel,orthography:wordlist
Rom.11.25,41,44,41,45,daß,dass,orthography:wordlist
Rom.11.25,87,90,88,92,daß,dass,orthography:wordlist
Rom.11.25,128,131,130,134,daß,dass,orthography:wordlist
Rom.11.31,116,119,116,120,daß,dass,orthography:wordlist
Rom.11.32,104,107,104,108,daß,dass,orthography:wordlist
Rom.12.2,163,166,163,167,daß,dass,orthography:wordlist
Rom.12.3,186,189,186,190,daß,dass,orthography:wordlist
Rom.12.6,102,106,102,107,laßt,lasst,orthography:wordlist
Rom.12.7,19,23,19,24,laßt,lasst,orthography:wordlist
Rom.12.21,9,12,9,13,Laß,Lass,orthography:wordlist
Rom.13.9,100,103,100,104,laß,lass,orthography:wordlist
Rom.13.9,187,201,188,203,zusammengefaßt,zusammengefasst,orthography:wordlist
Rom.13.11,63,66,63,67,daß,dass,orthography:wordlist
Rom.13.11,94,97,95,99,daß,dass,orthography:wordlist
Rom.13.12,58,62,58,63,Laßt,Lasst,orthography:wordlist
Rom.13.13,0,4,0,5,Laßt,Lasst,orthography:wordlist
Rom.14.2,74,77,74,78,ißt,isst,orthography:wordlist
Rom.14.3,4,7,4,8,ißt,isst,orthography:wordlist
Rom.14.3,42,45,43,47,ißt,isst,orthography:wordlist
Rom.14.3,63,66,65,69,ißt,isst,orthography:wordlist
Rom.14.3,93,96,96,100,ißt,isst,orthography:wordlist
Rom.14.6,54,57,54,58,ißt,isst,orthography:wordlist
Rom.14.6,60,63,61,65,ißt,isst,orthography:wordlist
Rom.14.6,117,120,119,123,ißt,isst,orthography:wordlist
Rom.14.6,123,126,126,130,ißt,isst,orthography:wordlist
Rom.14.8,32,35,32,36,daß,dass,orthography:wordlist
Rom.14.8,81,84,82,86,daß,dass,orthography:wordlist
Rom.14.8,139,142,141,145,daß,dass,orthography:wordlist
Rom.14.8,165,168,168,172,daß,dass,orthography:wordlist
Rom.14.9,90,93,90,94,daß,dass,orthography:wordlist
Rom.14.13,9,13,9,14,Laßt,Lasst,orthography:wordlist
Rom.14.14,50,53,50,54,daß,dass,orthography:wordlist
Rom.14.16,9,13,9,14,Laßt,Lasst,orthography:wordlist
Rom.14.19,23,27,23,28,laßt,lasst,orthography:wordlist
Rom.15.4,102,105,102,106,daß,dass,orthography:wordlist
Rom.15.6,4,7,4,8,daß,dass,orthography:wordlist
Rom.15.8,26,29,26,30,daß,dass,orthography:wordlist
Rom.15.9,4,7,4,8,daß,dass,orthography:wordlist
Rom.15.14,78,81,78,82,daß,dass,orthography:wordlist
Rom.15.16,119,122,119,123,daß,dass,orthography:wordlist
Rom.15.19,92,95,92,96,daß,dass,orthography:wordlist
Rom.15.20,112,115,112,116,daß,dass,orthography:wordlist
Rom.15.29,16,19,16,20,daß,dass,orthography:wordlist
Rom.15.31,4,7,4,8,daß,dass,orthography:wordlist
Rom.15.31,70,73,71,75,daß,dass,orthography:wordlist
Rom.15.32,4,7,4,8,daß,dass,orthography:wordlist
Rom.16.2,4,7,4,8,daß,dass,orthography:wordlist
Rom.16.16,74,77,74,78,Kuß,Kuss,orthography:wordlist
Rom.16.17,33,36,33,37,daß,dass,orthography:wordlist
Rom.16.19,125,128,125,129,daß,dass,orthography:wordlist
1Cor.1.5,9,12,9,13,daß,dass,orthography:wordlist
1Cor.1.7,3,6,3,7,daß,dass,orthography:wordlist
1Cor.1.8,87,90,87,91,daß,dass,orthography:wordlist
1Cor.1.10,81,84,81,85,daß,dass,orthography:wordlist
1Cor.1.10,159,162,160,164,daß,dass,orthography:wordlist
1Cor.1.11,102,105,102,106,daß,dass,orthography:wordlist
1Cor.1.12,23,26,23,27,daß,dass,orthography:wordlist
1Cor.1.14,17,20,17,21,daß,dass,orthography:wordlist
1Cor.1.15,4,7,4,8,daß,dass,orthography:wordlist
1Cor.1.15,28,31,29,33,daß,dass,orthography:wordlist
1Cor.1.17,176,179,176,180,daß,dass,orthography:wordlist
1Cor.1.26,72,75,72,76,daß,dass,orthography:wordlist
1Cor.1.27,67,70,67,71,daß,dass,orthography:wordlist
1Cor.1.27,161,164,162,166,daß,dass,orthography:wordlist
1Cor.1.28,109,112,109,113,daß,dass,orthography:wordlist
1Cor.1.31,4,7,4,8,daß,dass,orthography:wordlist
1Cor.2.5,4,7,4,8,daß,dass,orthography:wordlist
1Cor.2.12,134,137,134,138,daß,dass,orthography:wordlist
1Cor.3.16,29,32,29,33,daß,dass,orthography:wordlist
1Cor.3.18,149,152,149,153,daß,dass,orthography:wordlist
1Cor.3.20,81,84,81,85,daß,dass,orthography:wordlist
1Cor.4.2,64,67,64,68,daß,dass,orthography:wordlist
1Cor.4.3,60,63,60,64,daß,dass,orthography:wordlist
1Cor.4.4,42,48,42,49,bewußt,bewusst,orthography:wordlist
1Cor.4.6,100,103,100,104,daß,dass,orthography:wordlist
1Cor.4.6,188,191,189,193,daß,dass,orthography:wordlist
1Cor.4.8,133,136,133,137,daß,dass,orthography:wordlist
1Cor.4.8,158,161,159,163,daß,dass,orthography:wordlist
1Cor.4.9,28,31,28,32,daß,dass,orthography:wordlist
1Cor.5.1,39,42,39,43,daß,dass,orthography:wordlist
1Cor.5.1,146,149,147,151,daß,dass,orthography:wordlist
1Cor.5.1,171,175,173,177,Weib,Frau,word:Weib-Frau
1Cor.5.2,142,145,142,146,daß,dass,orthography:wordlist
1Cor.5.5,76,79,76,80,daß,dass,orthography:wordlist
1Cor.5.6,93,96,93,97,daß,dass,orthography:wordlist
1Cor.5.7,46,49,46,50,daß,dass,orthography:wordlist
1Cor.5.8,16,20,16,21,laßt,lasst,orthography:wordlist
1Cor.5.10,123,129,123,130,müßtet,müsstet,orthography:wordlist
1Cor.6.2,25,28,25,29,daß,dass,orthography:wordlist
1Cor.6.3,29,32,29,33,daß,dass,orthography:wordlist
1Cor.6.7,49,52,49,53,daß,dass,orthography:wordlist
1Cor.6.7,96,100,97,102,laßt,lasst,orthography:wordlist
1Cor.6.7,145,149,147,152,laßt,lasst,orthography:wordlist
1Cor.6.9,43,46,43,47,daß,dass,orthography:wordlist
1Cor.6.15,29,32,29,33,daß,dass,orthography:wordlist
1Cor.6.16,43,46,43,47,daß,dass,orthography:wordlist
1Cor.6.19,43,46,43,47,daß,dass,orthography:wordlist
1Cor.6.19,147,150,148,152,daß,dass,orthography:wordlist
1Cor.7.1,95,99,95,100,kein,keine,grammar:Frau-determiner
1Cor.7.1,100,104,101,105,Weib,Frau,word:Weib-Frau
1Cor.7.2,63,67,63,68,sein,seine,grammar:Frau-determiner
1Cor.7.2,68,75,69,75,eigenes,eigene,grammar:Frau-adjective
1Cor.7.2,76,80,76,80,Weib,Frau,word:Weib-Frau
1Cor.7.3,17,20,17,20,dem,der,grammar:Frau-determiner
1Cor.7.3,21,26,21,25,Weibe,Frau,word:Weib-Frau
1Cor.7.3,76,79,75,78,das,die,grammar:Frau-determiner
1Cor.7.3,80,84,79,83,Weib,Frau,word:Weib-Frau
1Cor.7.4,0,3,0,3,Das,Die,grammar:Frau-determiner
1Cor.7.4,4,8,4,8,Weib,Frau,word:Weib-Frau
1Cor.7.4,159,162,159,162,das,die,grammar:Frau-determiner
1Cor.7.4,163,167,163,167,Weib,Frau,word:Weib-Frau
1Cor.7.5,87,90,87,91,daß,dass,orthography:wordlist
1Cor.7.5,153,156,154,158,daß,dass,orthography:wordlist
1Cor.7.9,57,61,57,62,laßt,lasst,orthography:wordlist
1Cor.7.10,63,66,63,67,daß,dass,orthography:wordlist
1Cor.7.10,67,70,68,72,ein,eine,grammar:Frau-determiner
1Cor.7.10,71,75,73,77,Weib,Frau,word:Weib-Frau
1Cor.7.11,113,116,113,117,daß,dass,orthography:wordlist
1Cor.7.11,127,131,128,133,sein,seine,grammar:Frau-determiner
1Cor.7.11,132,136,134,138,Weib,Frau,word:Weib-Frau
1Cor.7.12,63,66,63,67,ein,eine,grammar:Frau-determiner
1Cor.7.12,67,78,68,78,ungläubiges,ungläubige,grammar:Frau-adjective
1Cor.7.12,79,83,79,83,Weib,Frau,word:Weib-Frau
1Cor.7.13,14,17,14,18,ein,eine,grammar:Frau-determiner
1Cor.7.13,18,22,19,23,Weib,Frau,word:Weib-Frau
1Cor.7.13,25,28,26,29,das,die,grammar:Frau-relative
1Cor.7.14,57,60,57,60,das,die,grammar:Frau-determiner
1Cor.7.14,61,65,61,65,Weib,Frau,word:Weib-Frau
1Cor.7.14,73,76,73,76,das,die,grammar:Frau-determiner
1Cor.7.14,88,92,88,92,Weib,Frau,word:Weib-Frau
1Cor.7.16,47,51,47,51,Weib,Frau,word:Weib-Frau
1Cor.7.16,121,124,121,124,das,die,grammar:Frau-determiner
1Cor.7.16,125,129,125,129,Weib,Frau,word:Weib-Frau
1Cor.7.21,49,52,49,53,laß,lass,orthography:wordlist
1Cor.7.26,16,19,16,20,daß,dass,orthography:wordlist
1Cor.7.26,68,71,69,73,daß,dass,orthography:wordlist
1Cor.7.27,12,15,12,16,ein,eine,grammar:Frau-determiner
1Cor.7.27,16,20,17,21,Weib,Frau,word:Weib-Frau
1Cor.7.27,82,87,83,88,einem,einer,grammar:Frau-determiner
1Cor.7.27,88,93,89,93,Weibe,Frau,word:Weib-Frau
1Cor.7.27,105,109,105,110,kein,keine,grammar:Frau-determiner
1Cor.7.27,110,114,111,115,Weib,Frau,word:Weib-Frau
1Cor.7.29,93,96,93,97,daß,dass,orthography:wordlist
1Cor.7.29,115,121,116,122,Weiber,Frauen,word:Weib-Frau
1Cor.7.32,16,19,16,20,daß,dass,orthography:wordlist
1Cor.7.33,69,72,69,72,dem,der,grammar:Frau-determiner
1Cor.7.33,73,78,73,77,Weibe,Frau,word:Weib-Frau
1Cor.7.34,33,36,33,36,dem,der,grammar:Frau-determiner
1Cor.7.34,37,42,37,41,Weibe,Frau,word:Weib-Frau
1Cor.7.34,126,129,125,129,daß,dass,orthography:wordlist
1Cor.7.35,84,87,84,88,daß,dass,orthography:wordlist
1Cor.7.36,131,134,131,135,muß,muss,orthography:wordlist
1Cor.7.39,0,3,0,4,Ein,Eine,grammar:Frau-determiner
1Cor.7.39,4,8,5,9,Weib,Frau,word:Weib-Frau
1Cor.7.40,110,113,110,114,daß,dass,orthography:wordlist
1Cor.8.4,63,66,63,67,daß,dass,orthography:wordlist
1Cor.8.4,114,117,115,119,daß,dass,orthography:wordlist
1Cor.8.9,43,46,43,47,daß,dass,orthography:wordlist
1Cor.9.5,64,68,64,68,Weib,Frau,word:Weib-Frau
1Cor.9.7,117,120,117,121,ißt,isst,orthography:wordlist
1Cor.9.7,182,185,183,187,ißt,isst,orthography:wordlist
1Cor.9.10,113,116,113,117,daß,dass,orthography:wordlist
1Cor.9.12,174,177,174,178,daß,dass,orthography:wordlist
1Cor.9.13,29,32,29,33,daß,dass,orthography:wordlist
1Cor.9.15,130,133,130,134,daß,dass,orthography:wordlist
1Cor.9.15,205,208,206,210,daß,dass,orthography:wordlist
1Cor.9.18,69,72,69,73,Daß,Dass,orthography:wordlist
1Cor.9.18,146,149,147,151,daß,dass,orthography:wordlist
1Cor.9.19,96,99,96,100,daß,dass,orthography:wordlist
1Cor.9.20,62,65,62,66,daß,dass,orthography:wordlist
1Cor.9.20,182,185,183,187,daß,dass,orthography:wordlist
1Cor.9.21,136,139,136,140,daß,dass,orthography:wordlist
1Cor.9.22,57,60,57,61,daß,dass,orthography:wordlist
1Cor.9.22,125,128,126,130,daß,dass,orthography:wordlist
1Cor.9.23,52,55,52,56,daß,dass,orthography:wordlist
1Cor.9.24,29,32,29,33,daß,dass,orthography:wordlist
1Cor.9.24,142,145,143,147,daß,dass,orthography:wordlist
1Cor.9.25,91,94,91,95,daß,dass,orthography:wordlist
1Cor.9.27,82,85,82,86,daß,dass,orthography:wordlist
1Cor.10.1,32,35,32,36,daß,dass,orthography:wordlist
1Cor.10.1,65,68,66,70,daß,dass,orthography:wordlist
1Cor.10.6,58,61,58,62,daß,dass,orthography:wordlist
1Cor.10.8,5,9,5,10,laßt,lasst,orthography:wordlist
1Cor.10.9,9,13,9,14,Laßt,Lasst,orthography:wordlist
1Cor.10.12,55,58,55,59,daß,dass,orthography:wordlist
1Cor.10.13,159,162,159,163,daß,dass,orthography:wordlist
1Cor.10.13,269,272,270,274,daß,dass,orthography:wordlist
1Cor.10.19,38,41,38,42,Daß,Dass,orthography:wordlist
1Cor.10.19,88,91,89,93,daß,dass,orthography:wordlist
1Cor.10.20,26,29,26,30,daß,dass,orthography:wordlist
1Cor.10.20,127,130,128,132,daß,dass,orthography:wordlist
1Cor.10.33,144,147,144,148,daß,dass,orthography:wordlist
1Cor.11.2,21,24,21,25,daß,dass,orthography:wordlist
1Cor.11.3,16,19,16,20,daß,dass,orthography:wordlist
1Cor.11.3,33,36,34,38,daß,dass,orthography:wordlist
1Cor.11.3,88,91,90,93,des,der,grammar:Frau-determiner
1Cor.11.3,92,98,94,98,Weibes,Frau,word:Weib-Frau
1Cor.11.5,9,14,9,13,Jedes,Jede,grammar:Frau-determiner
1Cor.11.5,24,28,23,27,Weib,Frau,word:Weib-Frau
1Cor.11.6,29,32,29,33,ein,eine,grammar:Frau-determiner
1Cor.11.6,33,37,34,38,Weib,Frau,word:Weib-Frau
1Cor.11.6,122,125,123,127,ein,eine,grammar:Frau-determiner
1Cor.11.6,126,130,128,132,Weib,Frau,word:Weib-Frau
1Cor.11.6,148,151,150,154,daß,dass,orthography:wordlist
1Cor.11.6,210,213,213,217,laß,lass,orthography:wordlist
1Cor.11.7,107,110,107,110,das,die,grammar:Frau-determiner
1Cor.11.7,111,115,111,115,Weib,Frau,word:Weib-Frau
1Cor.11.8,34,37,34,41,vom,von der,grammar:Frau-determiner
1Cor.11.8,38,43,42,46,Weibe,Frau,word:Weib-Frau
1Cor.11.8,55,58,58,61,das,die,grammar:Frau-determiner
1Cor.11.8,59,63,62,66,Weib,Frau,word:Weib-Frau
1Cor.11.9,45,48,45,48,des,der,grammar:Frau-determiner
1Cor.11.9,49,55,49,53,Weibes,Frau,word:Weib-Frau
1Cor.11.9,85,88,83,86,das,die,grammar:Frau-determiner
1Cor.11.9,89,93,87,91,Weib,Frau,word:Weib-Frau
1Cor.11.10,30,33,30,33,das,die,grammar:Frau-determiner
1Cor.11.10,34,38,34,38,Weib,Frau,word:Weib-Frau
1Cor.11.11,29,32,29,32,das,die,grammar:Frau-determiner
1Cor.11.11,33,37,33,37,Weib,Frau,word:Weib-Frau
1Cor.11.11,76,79,76,79,das,die,grammar:Frau-determiner
1Cor.11.11,80,84,80,84,Weib,Frau,word:Weib-Frau
1Cor.11.12,34,37,34,37,das,die,grammar:Frau-determiner
1Cor.11.12,38,42,38,42,Weib,Frau,word:Weib-Frau
1Cor.11.12,91,94,91,94,das,die,grammar:Frau-determiner
1Cor.11.12,95,99,95,99,Weib,Frau,word:Weib-Frau
1Cor.11.13,83,86,83,87,daß,dass,orthography:wordlist
1Cor.11.13,87,90,88,92,ein,eine,grammar:Frau-determiner
1Cor.11.13,91,95,93,97,Weib,Frau,word:Weib-Frau
1Cor.11.14,75,78,75,79,daß,dass,orthography:wordlist
1Cor.11.15,29,32,29,33,ein,eine,grammar:Frau-determiner
1Cor.11.15,33,37,34,38,Weib,Frau,word:Weib-Frau
1Cor.11.17,54,57,54,58,daß,dass,orthography:wordlist
1Cor.11.19,64,67,64,68,daß,dass,orthography:wordlist
1Cor.11.23,115,118,115,119,daß,dass,orthography:wordlist
1Cor.11.27,79,82,79,83,ißt,isst,orthography:wordlist
1Cor.11.29,32,35,32,36,ißt,isst,orthography:wordlist
1Cor.11.29,49,52,50,54,ißt,isst,orthography:wordlist
1Cor.11.32,75,78,75,79,daß,dass,orthography:wordlist
1Cor.11.34,44,47,44,48,daß,dass,orthography:wordlist
1Cor.12.1,73,76,73,77,daß,dass,orthography:wordlist
1Cor.12.2,13,16,13,17,daß,dass,orthography:wordlist
1Cor.12.3,47,50,47,51,daß,dass,orthography:wordlist
1Cor.12.25,4,7,4,8,daß,dass,orthography:wordlist
1Cor.13.2,136,139,136,140,daß,dass,orthography:wordlist
1Cor.13.3,130,133,130,134,daß,dass,orthography:wordlist
1Cor.13.5,72,76,72,77,läßt,lässt,orthography:wordlist
1Cor.14.1,91,94,91,95,daß,dass,orthography:wordlist
1Cor.14.5,18,21,18,22,daß,dass,orthography:wordlist
1Cor.14.5,70,73,71,75,daß,dass,orthography:wordlist
1Cor.14.5,168,171,170,174,daß,dass,orthography:wordlist
1Cor.14.5,192,195,195,199,daß,dass,orthography:wordlist
1Cor.14.12,93,96,93,97,daß,dass,orthography:wordlist
1Cor.14.13,57,60,57,61,daß,dass,orthography:wordlist
1Cor.14.19,104,107,104,108,daß,dass,orthography:wordlist
1Cor.14.23,185,188,185,189,daß,dass,orthography:wordlist
1Cor.14.25,128,131,128,132,daß,dass,orthography:wordlist
1Cor.14.29,42,46,42,47,laßt,lasst,orthography:wordlist
1Cor.14.29,124,128,125,130,laßt,lasst,orthography:wordlist
1Cor.14.31,70,73,70,74,daß,dass,orthography:wordlist
1Cor.14.34,7,13,7,13,Weiber,Frauen,word:Weib-Frau
1Cor.14.35,127,130,127,131,ein,eine,grammar:Frau-determiner
1Cor.14.35,131,135,132,136,Weib,Frau,word:Weib-Frau
1Cor.14.37,105,108,105,109,daß,dass,orthography:wordlist
1Cor.15.2,143,146,143,147,daß,dass,orthography:wordlist
1Cor.15.3,81,84,81,85,daß,dass,orthography:wordlist
1Cor.15.4,4,7,4,8,daß,dass,orthography:wordlist
1Cor.15.4,33,36,34,38,daß,dass,orthography:wordlist
1Cor.15.5,22,25,22,26,daß,dass,orthography:wordlist
1Cor.15.12,72,75,72,76,daß,dass,orthography:wordlist
1Cor.15.12,143,146,144,148,daß,dass,orthography:wordlist
1Cor.15.15,103,106,103,107,daß,dass,orthography:wordlist
1Cor.15.25,35,38,35,39,muß,muss,orthography:wordlist
1Cor.15.27,70,73,70,74,daß,dass,orthography:wordlist
1Cor.15.27,119,122,120,124,daß,dass,orthography:wordlist
1Cor.15.28,181,184,181,185,daß,dass,orthography:wordlist
1Cor.15.32,153,157,153,158,Laßt,Lasst,orthography:wordlist
1Cor.15.33,9,13,9,14,Laßt,Lasst,orthography:wordlist
1Cor.15.50,57,60,57,61,daß,dass,orthography:wordlist
1Cor.15.53,60,63,60,64,muß,muss,orthography:wordlist
1Cor.15.58,133,136,133,137,daß,dass,orthography:wordlist
1Cor.16.2,131,134,131,135,daß,dass,orthography:wordlist
1Cor.16.3,129,132,129,133,daß,dass,orthography:wordlist
1Cor.16.4,40,43,40,44,daß,dass,orthography:wordlist
1Cor.16.6,99,102,99,103,daß,dass,orthography:wordlist
1Cor.16.10,78,81,78,82,daß,dass,orthography:wordlist
1Cor.16.11,65,68,65,69,daß,dass,orthography:wordlist
1Cor.16.12,74,77,74,78,daß,dass,orthography:wordlist
1Cor.16.15,71,74,71,75,daß,dass,orthography:wordlist
1Cor.16.15,115,118,116,120,daß,dass,orthography:wordlist
1Cor.16.16,9,12,9,13,daß,dass,orthography:wordlist
1Cor.16.20,63,66,63,67,Kuß,Kuss,orthography:wordlist
2Cor.1.4,109,112,109,113,daß,dass,orthography:wordlist
2Cor.1.7,144,147,144,148,daß,dass,orthography:wordlist
2Cor.1.8,34,37,34,38,daß,dass,orthography:wordlist
2Cor.1.8,136,139,137,141,daß,dass,orthography:wordlist
2Cor.1.8,193,196,195,199,daß,dass,orthography:wordlist
2Cor.1.9,67,70,67,71,daß,dass,orthography:wordlist
2Cor.1.10,137,140,137,141,daß,dass,orthography:wordlist
2Cor.1.11,57,60,57,61,daß,dass,orthography:wordlist
2Cor.1.12,108,111,108,112,daß,dass,orthography:wordlist
2Cor.1.13,111,114,111,115,daß,dass,orthography:wordlist
2Cor.1.14,59,62,59,63,daß,dass,orthography:wordlist
2Cor.1.15,74,77,74,78,daß,dass,orthography:wordlist
2Cor.1.17,176,179,176,180,daß,dass,orthography:wordlist
2Cor.1.18,40,43,40,44,daß,dass,orthography:wordlist
2Cor.1.23,88,91,88,92,daß,dass,orthography:wordlist
2Cor.1.24,24,27,24,28,daß,dass,orthography:wordlist
2Cor.2.3,87,90,87,91,daß,dass,orthography:wordlist
2Cor.2.3,215,218,216,220,daß,dass,orthography:wordlist
2Cor.2.4,154,157,154,158,daß,dass,orthography:wordlist
2Cor.2.4,209,212,210,214,daß,dass,orthography:wordlist
2Cor.2.5,144,147,144,148,daß,dass,orthography:wordlist
2Cor.2.7,3,6,3,7,daß,dass,orthography:wordlist
2Cor.2.9,70,73,70,74,daß,dass,orthography:wordlist
2Cor.2.11,4,7,4,8,daß,dass,orthography:wordlist
2Cor.3.3,28,31,28,32,daß,dass,orthography:wordlist
2Cor.3.5,24,27,24,28,daß,dass,orthography:wordlist
2Cor.3.7,104,107,104,108,daß,dass,orthography:wordlist
2Cor.3.11,102,109,102,110,wieviel,wie viel,orthography:wordlist
2Cor.3.13,89,92,89,93,daß,dass,orthography:wordlist
2Cor.4.7,54,57,54,58,daß,dass,orthography:wordlist
2Cor.4.10,64,67,64,68,daß,dass,orthography:wordlist
2Cor.4.11,86,89,86,90,daß,dass,orthography:wordlist
2Cor.4.14,19,22,19,23,daß,dass,orthography:wordlist
2Cor.4.15,55,58,55,59,daß,dass,orthography:wordlist
2Cor.5.1,28,31,28,32,daß,dass,orthography:wordlist
2Cor.5.6,53,56,53,57,daß,dass,orthography:wordlist
2Cor.5.10,124,127,124,128,daß,dass,orthography:wordlist
2Cor.5.12,74,79,74,80,Anlaß,Anlass,orthography:wordlist
2Cor.5.12,110,113,111,115,daß,dass,orthography:wordlist
2Cor.5.13,24,27,24,28,daß,dass,orthography:wordlist
2Cor.5.13,79,82,80,84,daß,dass,orthography:wordlist
2Cor.5.14,85,88,85,89,daß,dass,orthography:wordlist
2Cor.5.15,46,49,46,50,daß,dass,orthography:wordlist
2Cor.5.19,26,29,26,30,daß,dass,orthography:wordlist
2Cor.5.20,103,107,103,108,Laßt,Lasst,orthography:wordlist
2Cor.5.21,71,74,71,75,daß,dass,orthography:wordlist
2Cor.6.1,66,69,66,70,daß,dass,orthography:wordlist
2Cor.6.3,60,63,60,64,daß,dass,orthography:wordlist
2Cor.7.1,52,56,52,57,laßt,lasst,orthography:wordlist
2Cor.7.3,101,104,101,105,daß,dass,orthography:wordlist
2Cor.7.7,245,248,245,249,daß,dass,orthography:wordlist
2Cor.7.8,148,151,148,152,daß,dass,orthography:wordlist
2Cor.7.9,39,42,39,43,daß,dass,orthography:wordlist
2Cor.7.9,73,76,74,78,daß,dass,orthography:wordlist
2Cor.7.9,160,163,162,166,daß,dass,orthography:wordlist
2Cor.7.11,45,48,45,49,daß,dass,orthography:wordlist
2Cor.7.11,87,94,88,96,wieviel,wie viel,orthography:wordlist
2Cor.7.11,267,270,269,273,daß,dass,orthography:wordlist
2Cor.7.16,17,20,17,21,daß,dass,orthography:wordlist
2Cor.8.2,9,12,9,13,daß,dass,orthography:wordlist
2Cor.8.6,3,6,3,7,daß,dass,orthography:wordlist
2Cor.8.6,35,38,36,40,daß,dass,orthography:wordlist
2Cor.8.7,135,138,135,139,daß,dass,orthography:wordlist
2Cor.8.9,68,71,68,72,daß,dass,orthography:wordlist
2Cor.8.9,127,130,128,132,daß,dass,orthography:wordlist
2Cor.8.13,34,37,34,38,daß,dass,orthography:wordlist
2Cor.8.14,43,51,43,52,Überfluß,Überfluss,orthography:wordlist
2Cor.8.14,80,83,81,85,daß,dass,orthography:wordlist
2Cor.8.14,95,103,97,106,Überfluß,Überfluss,orthography:wordlist
2Cor.8.15,34,42,34,43,Überfluß,Überfluss,orthography:wordlist
2Cor.8.20,26,29,26,30,daß,dass,orthography:wordlist
2Cor.8.22,99,102,99,103,daß,dass,orthography:wordlist
2Cor.9.2,102,105,102,106,daß,dass,orthography:wordlist
2Cor.9.3,40,43,40,44,daß,dass,orthography:wordlist
2Cor.9.3,114,117,115,119,daß,dass,orthography:wordlist
2Cor.9.4,88,91,88,92,daß,dass,orthography:wordlist
2Cor.9.5,57,60,57,61,daß,dass,orthography:wordlist
2Cor.9.5,153,156,154,158,daß,dass,orthography:wordlist
2Cor.9.7,64,71,64,72,Verdruß,Verdruss,orthography:wordlist
2Cor.9.8,93,96,93,97,daß,dass,orthography:wordlist
2Cor.10.2,17,20,17,21,daß,dass,orthography:wordlist
2Cor.10.7,75,78,75,79,daß,dass,orthography:wordlist
2Cor.10.7,141,144,142,146,daß,dass,orthography:wordlist
2Cor.10.9,4,7,4,8,daß,dass,orthography:wordlist
2Cor.10.11,27,30,27,31,daß,dass,orthography:wordlist
2Cor.11.3,19,22,19,23,daß,dass,orthography:wordlist
2Cor.11.5,27,30,27,31,daß,dass,orthography:wordlist
2Cor.11.7,96,99,96,100,daß,dass,orthography:wordlist
2Cor.11.10,34,37,34,38,daß,dass,orthography:wordlist
2Cor.11.12,55,58,55,59,daß,dass,orthography:wordlist
2Cor.11.12,133,136,134,138,daß,dass,orthography:wordlist
2Cor.11.16,142,145,142,146,daß,dass,orthography:wordlist
2Cor.11.30,32,35,32,36,muß,muss,orthography:wordlist
2Cor.11.31,77,80,77,81,daß,dass,orthography:wordlist
2Cor.12.4,9,12,9,13,daß,dass,orthography:wordlist
2Cor.12.6,158,161,158,162,daß,dass,orthography:wordlist
2Cor.12.7,18,21,18,22,daß,dass,orthography:wordlist
2Cor.12.7,169,172,170,174,daß,dass,orthography:wordlist
2Cor.12.7,209,212,211,215,daß,dass,orthography:wordlist
2Cor.12.8,75,78,75,79,daß,dass,orthography:wordlist
2Cor.12.9,194,197,194,198,daß,dass,orthography:wordlist
2Cor.12.13,126,129,126,130,daß,dass,orthography:wordlist
2Cor.12.19,36,39,36,40,daß,dass,orthography:wordlist
2Cor.12.20,29,32,29,33,daß,dass,orthography:wordlist
2Cor.12.20,111,114,112,116,daß,dass,orthography:wordlist
2Cor.12.20,182,185,184,188,daß,dass,orthography:wordlist
2Cor.12.21,9,12,9,13,daß,dass,orthography:wordlist
2Cor.13.2,154,157,154,158,daß,dass,orthography:wordlist
2Cor.13.3,41,44,41,45,daß,dass,orthography:wordlist
2Cor.13.5,117,120,117,121,daß,dass,orthography:wordlist
2Cor.13.5,164,167,165,169,daß,dass,orthography:wordlist
2Cor.13.6,17,20,17,21,daß,dass,orthography:wordlist
2Cor.13.6,44,47,45,49,daß,dass,orthography:wordlist
2Cor.13.7,25,28,25,29,daß,dass,orthography:wordlist
2Cor.13.7,69,72,70,74,daß,dass,orthography:wordlist
2Cor.13.7,111,114,113,117,daß,dass,orthography:wordlist
2Cor.13.10,63,66,63,67,daß,dass,orthography:wordlist
2Cor.13.12,74,77,74,78,Kuß,Kuss,orthography:wordlist
Gal.1.6,19,22,19,23,daß,dass,orthography:wordlist
Gal.1.7,67,70,67,71,daß,dass,orthography:wordlist
Gal.1.11,34,37,34,38,daß,dass,orthography:wordlist
Gal.1.13,80,83,80,84,daß,dass,orthography:wordlist
Gal.1.16,76,79,76,80,daß,dass,orthography:wordlist
Gal.2.4,168,171,168,172,daß,dass,orthography:wordlist
Gal.2.5,91,94,91,95,daß,dass,orthography:wordlist
Gal.2.7,49,52,49,53,daß,dass,orthography:wordlist
Gal.2.9,194,197,194,198,daß,dass,orthography:wordlist
Gal.2.10,22,25,22,26,daß,dass,orthography:wordlist
Gal.2.13,62,65,62,66,daß,dass,orthography:wordlist
Gal.2.14,29,32,29,33,daß,dass,orthography:wordlist
Gal.2.16,15,18,15,19,daß,dass,orthography:wordlist
Gal.2.16,179,182,180,184,daß,dass,orthography:wordlist
Gal.2.19,100,103,100,104,daß,dass,orthography:wordlist
Gal.3.8,34,37,34,38,daß,dass,orthography:wordlist
Gal.3.11,9,12,9,13,Daß,Dass,orthography:wordlist
Gal.3.14,4,7,4,8,daß,dass,orthography:wordlist
Gal.3.14,72,75,73,77,daß,dass,orthography:wordlist
Gal.3.22,65,68,65,69,daß,dass,orthography:wordlist
Gal.3.24,89,92,89,93,daß,dass,orthography:wordlist
Gal.3.28,89,93,89,93,Weib,Frau,word:Weib-Frau
Gal.4.4,102,107,102,107,einem,einer,grammar:Frau-determiner
Gal.4.4,108,113,108,112,Weibe,Frau,word:Weib-Frau
Gal.4.5,4,7,4,8,daß,dass,orthography:wordlist
Gal.4.5,61,64,62,66,daß,dass,orthography:wordlist
Gal.4.13,18,21,18,22,daß,dass,orthography:wordlist
Gal.4.15,110,113,110,114,daß,dass,orthography:wordlist
Gal.4.17,76,79,76,80,daß,dass,orthography:wordlist
Gal.4.22,38,41,38,42,daß,dass,orthography:wordlist
Gal.5.2,44,47,44,48,daß,dass,orthography:wordlist
Gal.5.3,66,69,66,70,daß,dass,orthography:wordlist
Gal.5.7,44,47,44,48,daß,dass,orthography:wordlist
Gal.5.10,48,51,48,52,daß,dass,orthography:wordlist
Gal.5.12,13,16,13,17,daß,dass,orthography:wordlist
Gal.5.13,156,161,156,162,Anlaß,Anlass,orthography:wordlist
Gal.5.15,68,71,68,72,daß,dass,orthography:wordlist
Gal.5.17,138,141,138,142,daß,dass,orthography:wordlist
Gal.5.21,140,143,140,144,daß,dass,orthography:wordlist
Gal.5.25,46,50,46,51,laßt,lasst,orthography:wordlist
Gal.5.26,9,13,9,14,Laßt,Lasst,orthography:wordlist
Gal.6.1,202,205,202,206,daß,dass,orthography:wordlist
Gal.6.7,34,38,34,39,läßt,lässt,orthography:wordlist
Gal.6.9,9,13,9,14,Laßt,Lasst,orthography:wordlist
Gal.6.10,58,62,58,63,laßt,lasst,orthography:wordlist
Gal.6.12,104,107,104,108,daß,dass,orthography:wordlist
Gal.6.13,126,129,126,130,daß,dass,orthography:wordlist
Gal.6.13,159,162,160,164,daß,dass,orthography:wordlist
Eph.1.4,72,75,72,76,daß,dass,orthography:wordlist
Eph.1.17,4,7,4,8,daß,dass,orthography:wordlist
Eph.2.7,4,7,4,8,daß,dass,orthography:wordlist
Eph.2.9,50,53,50,54,daß,dass,orthography:wordlist
Eph.2.10,120,123,120,124,daß,dass,orthography:wordlist
Eph.2.11,35,38,35,39,daß,dass,orthography:wordlist
Eph.2.12,9,12,9,13,daß,dass,orthography:wordlist
Eph.2.15,111,114,111,115,daß,dass,orthography:wordlist
Eph.3.3,9,12,9,13,daß,dass,orthography:wordlist
Eph.3.6,0,3,0,4,daß,dass,orthography:wordlist
Eph.3.10,4,7,4,8,daß,dass,orthography:wordlist
Eph.3.11,44,50,44,51,gefaßt,gefasst,orthography:wordlist
Eph.3.16,4,7,4,8,daß,dass,orthography:wordlist
Eph.3.17,0,3,0,4,daß,dass,orthography:wordlist
Eph.3.18,4,7,4,8,daß,dass,orthography:wordlist
Eph.3.19,86,89,86,90,daß,dass,orthography:wordlist
Eph.4.1,89,92,89,93,daß,dass,orthography:wordlist
Eph.4.9,60,63,60,64,daß,dass,orthography:wordlist
Eph.4.10,93,96,93,97,daß,dass,orthography:wordlist
Eph.4.14,4,7,4,8,daß,dass,orthography:wordlist
Eph.4.15,54,58,54,59,laßt,lasst,orthography:wordlist
Eph.4.17,89,92,89,93,daß,dass,orthography:wordlist
Eph.4.22,0,3,0,4,daß,dass,orthography:wordlist
Eph.4.28,112,115,112,116,daß,dass,orthography:wordlist
Eph.4.29,163,166,163,167,daß,dass,orthography:wordlist
Eph.5.5,57,60,57,61,daß,dass,orthography:wordlist
Eph.5.22,4,10,4,10,Weiber,Frauen,word:Weib-Frau
Eph.5.23,40,43,40,43,des,der,grammar:Frau-determiner
Eph.5.23,44,50,44,48,Weibes,Frau,word:Weib-Frau
Eph.5.24,97,103,97,103,Weiber,Frauen,word:Weib-Frau
Eph.5.25,25,31,25,31,Weiber,Frauen,word:Weib-Frau
Eph.5.26,4,7,4,8,daß,dass,orthography:wordlist
Eph.5.27,4,7,4,8,daß,dass,orthography:wordlist
Eph.5.27,134,137,135,139,daß,dass,orthography:wordlist
Eph.5.28,61,67,61,67,Weiber,Frauen,word:Weib-Frau
Eph.5.28,110,114,110,115,sein,seine,grammar:Frau-determiner
Eph.5.28,115,119,116,120,Weib,Frau,word:Weib-Frau
Eph.5.29,82,88,82,89,gehaßt,gehasst,orthography:wordlist
Eph.5.31,73,79,73,79,seinem,seiner,grammar:Frau-determiner
Eph.5.31,80,85,80,84,Weibe,Frau,word:Weib-Frau
Eph.5.33,59,63,59,64,sein,seine,grammar:Frau-determiner
Eph.5.33,64,68,65,69,Weib,Frau,word:Weib-Frau
Eph.5.33,93,96,94,97,das,die,grammar:Frau-determiner
Eph.5.33,97,101,98,102,Weib,Frau,word:Weib-Frau
Eph.5.33,109,112,110,114,daß,dass,orthography:wordlist
Eph.6.3,5,8,5,9,daß,dass,orthography:wordlist
Eph.6.8,16,19,16,20,daß,dass,orthography:wordlist
Eph.6.9,92,95,92,96,daß,dass,orthography:wordlist
Eph.6.9,149,152,150,154,daß,dass,orthography:wordlist
Eph.6.13,71,74,71,75,daß,dass,orthography:wordlist
Eph.6.19,46,49,46,50,daß,dass,orthography:wordlist
Eph.6.21,4,7,4,8,daß,dass,orthography:wordlist
Eph.6.22,58,61,58,62,daß,dass,orthography:wordlist
Phil.1.6,49,52,49,53,daß,dass,orthography:wordlist
Phil.1.7,38,41,38,42,daß,dass,orthography:wordlist
Phil.1.9,36,39,36,40,daß,dass,orthography:wordlist
Phil.1.10,84,87,84,88,daß,dass,orthography:wordlist
Phil.1.12,16,19,16,20,daß,dass,orthography:wordlist
Phil.1.12,42,45,43,47,daß,dass,orthography:wordlist
Phil.1.13,13,16,13,17,daß,dass,orthography:wordlist
Phil.1.14,14,17,14,18,daß,dass,orthography:wordlist
Phil.1.16,37,40,37,41,daß,dass,orthography:wordlist
Phil.1.19,26,29,26,30,daß,dass,orthography:wordlist
Phil.1.20,67,70,67,71,daß,dass,orthography:wordlist
Phil.1.25,47,50,47,51,daß,dass,orthography:wordlist
Phil.1.26,4,7,4,8,daß,dass,orthography:wordlist
Phil.1.27,83,86,83,87,daß,dass,orthography:wordlist
Phil.1.27,96,99,97,101,daß,dass,orthography:wordlist
Phil.1.27,168,171,170,174,daß,dass,orthography:wordlist
Phil.2.2,27,30,27,31,daß,dass,orthography:wordlist
Phil.2.10,4,7,4,8,daß,dass,orthography:wordlist
Phil.2.11,61,64,61,65,daß,dass,orthography:wordlist
Phil.2.15,4,7,4,8,daß,dass,orthography:wordlist
Phil.2.16,82,85,82,86,daß,dass,orthography:wordlist
Phil.2.19,78,81,78,82,daß,dass,orthography:wordlist
Phil.2.22,34,37,34,38,daß,dass,orthography:wordlist
Phil.2.24,29,32,29,33,daß,dass,orthography:wordlist
Phil.2.26,121,124,121,125,daß,dass,orthography:wordlist
Phil.2.27,151,154,151,155,daß,dass,orthography:wordlist
Phil.2.28,47,50,47,51,daß,dass,orthography:wordlist
Phil.2.30,111,114,111,115,daß,dass,orthography:wordlist
Phil.3.8,207,210,207,211,daß,dass,orthography:wordlist
Phil.3.12,24,27,24,28,daß,dass,orthography:wordlist
Phil.3.15,31,35,31,36,laßt,lasst,orthography:wordlist
Phil.3.16,48,52,48,53,laßt,lasst,orthography:wordlist
Phil.3.18,120,123,120,124,daß,dass,orthography:wordlist
Phil.4.5,9,13,9,14,Laßt,Lasst,orthography:wordlist
Phil.4.10,44,47,44,48,daß,dass,orthography:wordlist
Phil.4.11,24,27,24,28,daß,dass,orthography:wordlist
Phil.4.12,53,61,53,62,Überfluß,Überfluss,orthography:wordlist
Phil.4.12,165,173,166,175,Überfluß,Überfluss,orthography:wordlist
Phil.4.14,36,39,36,40,daß,dass,orthography:wordlist
Phil.4.15,39,42,39,43,daß,dass,orthography:wordlist
Phil.4.17,24,27,24,28,daß,dass,orthography:wordlist
Phil.4.18,40,48,40,49,Überfluß,Überfluss,orthography:wordlist
Col.1.9,173,176,173,177,daß,dass,orthography:wordlist
Col.1.18,128,131,128,132,daß,dass,orthography:wordlist
Col.1.28,133,136,133,137,daß,dass,orthography:wordlist
Col.2.1,26,29,26,30,daß,dass,orthography:wordlist
Col.2.2,4,7,4,8,daß,dass,orthography:wordlist
Col.2.2,96,105,97,107,Gewißheit,Gewissheit,orthography:wordlist
Col.2.4,44,47,44,48,daß,dass,orthography:wordlist
Col.2.8,11,14,11,15,daß,dass,orthography:wordlist
Col.2.16,108,117,108,116,Sabbathen,Sabbaten,orthography:wordlist
Col.2.18,9,13,9,14,Laßt,Lasst,orthography:wordlist
Col.3.16,9,13,9,14,Laßt,Lasst,orthography:wordlist
Col.3.18,4,10,4,10,Weiber,Frauen,word:Weib-Frau
Col.3.19,26,32,26,32,Weiber,Frauen,word:Weib-Frau
Col.3.21,43,46,43,47,daß,dass,orthography:wordlist
Col.3.24,16,19,16,20,daß,dass,orthography:wordlist
Col.4.1,83,86,83,87,daß,dass,orthography:wordlist
Col.4.3,38,41,38,42,daß,dass,orthography:wordlist
Col.4.4,4,7,4,8,daß,dass,orthography:wordlist
Col.4.8,61,64,61,65,daß,dass,orthography:wordlist
Col.4.12,120,123,120,124,daß,dass,orthography:wordlist
Col.4.13,38,41,38,42,daß,dass,orthography:wordlist
Col.4.16,73,76,73,77,daß,dass,orthography:wordlist
Col.4.16,141,144,142,146,daß,dass,orthography:wordlist
Col.4.17,106,109,106,110,daß,dass,orthography:wordlist
1Thess.1.5,208,217,208,218,Gewißheit,Gewissheit,orthography:wordlist
1Thess.1.7,3,6,3,7,daß,dass,orthography:wordlist
1Thess.1.8,216,219,216,220,daß,dass,orthography:wordlist
1Thess.2.1,71,74,71,75,daß,dass,orthography:wordlist
1Thess.2.2,70,80,70,81,mißhandelt,misshandelt,orthography:wordlist
1Thess.2.12,35,38,35,39,daß,dass,orthography:wordlist
1Thess.2.13,44,47,44,48,daß,dass,orthography:wordlist
1Thess.2.16,55,58,55,59,daß,dass,orthography:wordlist
1Thess.3.3,4,7,4,8,daß,dass,orthography:wordlist
1Thess.3.3,82,85,83,87,daß,dass,orthography:wordlist
1Thess.3.4,89,92,89,93,daß,dass,orthography:wordlist
1Thess.3.6,139,142,139,143,daß,dass,orthography:wordlist
1Thess.3.10,49,52,49,53,daß,dass,orthography:wordlist
1Thess.4.1,205,208,205,209,daß,dass,orthography:wordlist
1Thess.4.3,92,95,92,96,daß,dass,orthography:wordlist
1Thess.4.4,0,3,0,4,daß,dass,orthography:wordlist
1Thess.4.6,0,3,0,4,daß,dass,orthography:wordlist
1Thess.4.9,64,67,64,68,daß,dass,orthography:wordlist
1Thess.4.12,4,7,4,8,daß,dass,orthography:wordlist
1Thess.4.13,33,36,33,37,daß,dass,orthography:wordlist
1Thess.4.13,96,99,97,101,daß,dass,orthography:wordlist
1Thess.4.14,43,46,43,47,daß,dass,orthography:wordlist
1Thess.4.15,52,55,52,56,daß,dass,orthography:wordlist
1Thess.5.1,101,104,101,105,daß,dass,orthography:wordlist
1Thess.5.2,41,44,41,45,daß,dass,orthography:wordlist
1Thess.5.4,72,75,72,76,daß,dass,orthography:wordlist
1Thess.5.6,23,27,23,28,laßt,lasst,orthography:wordlist
1Thess.5.8,35,39,35,40,laßt,lasst,orthography:wordlist
1Thess.5.10,68,71,68,72,daß,dass,orthography:wordlist
1Thess.5.10,85,88,86,90,daß,dass,orthography:wordlist
1Thess.5.12,32,35,32,36,daß,dass,orthography:wordlist
1Thess.5.13,14,17,14,18,daß,dass,orthography:wordlist
1Thess.5.15,11,14,11,15,daß,dass,orthography:wordlist
1Thess.5.26,86,89,86,90,Kuß,Kuss,orthography:wordlist
1Thess.5.27,36,39,36,40,daß,dass,orthography:wordlist
2Thess.1.4,3,6,3,7,daß,dass,orthography:wordlist
2Thess.1.5,56,59,56,60,daß,dass,orthography:wordlist
2Thess.1.11,57,60,57,61,daß,dass,orthography:wordlist
2Thess.2.2,9,12,9,13,daß,dass,orthography:wordlist
2Thess.2.3,9,13,9,14,Laßt,Lasst,orthography:wordlist
2Thess.2.3,120,123,121,125,daß,dass,orthography:wordlist
2Thess.2.4,142,145,142,146,daß,dass,orthography:wordlist
2Thess.2.4,211,214,212,216,daß,dass,orthography:wordlist
2Thess.2.5,36,39,36,40,daß,dass,orthography:wordlist
2Thess.2.6,67,70,67,71,daß,dass,orthography:wordlist
2Thess.2.10,112,115,112,116,daß,dass,orthography:wordlist
2Thess.2.11,112,115,112,116,daß,dass,orthography:wordlist
2Thess.2.12,4,7,4,8,daß,dass,orthography:wordlist
2Thess.2.13,108,111,108,112,daß,dass,orthography:wordlist
2Thess.3.1,45,48,45,49,daß,dass,orthography:wordlist
2Thess.3.2,22,25,22,26,daß,dass,orthography:wordlist
2Thess.3.4,49,52,49,53,daß,dass,orthography:wordlist
2Thess.3.6,74,77,74,78,daß,dass,orthography:wordlist
2Thess.3.9,24,27,24,28,daß,dass,orthography:wordlist
2Thess.3.9,77,80,78,82,daß,dass,orthography:wordlist
2Thess.3.11,27,30,27,31,daß,dass,orthography:wordlist
2Thess.3.12,103,106,103,107,daß,dass,orthography:wordlist
2Thess.3.14,118,121,118,122,daß,dass,orthography:wordlist
1Tim.1.3,85,88,85,89,daß,dass,orthography:wordlist
1Tim.1.8,18,21,18,22,daß,dass,orthography:wordlist
1Tim.1.9,21,24,21,25,daß,dass,orthography:wordlist
1Tim.1.12,74,77,74,78,daß,dass,orthography:wordlist
1Tim.1.15,14,19,14,20,gewiß,gewiss,orthography:wordlist
1Tim.1.15,45,48,46,50,daß,dass,orthography:wordlist
1Tim.1.16,75,78,75,79,daß,dass,orthography:wordlist
1Tim.1.18,140,143,140,144,daß,dass,orthography:wordlist
1Tim.1.20,85,88,85,89,daß,dass,orthography:wordlist
1Tim.2.1,35,38,35,39,daß,dass,orthography:wordlist
1Tim.2.2,83,86,83,87,daß,dass,orthography:wordlist
1Tim.2.4,33,36,33,37,daß,dass,orthography:wordlist
1Tim.2.8,15,18,15,19,daß,dass,orthography:wordlist
1Tim.2.9,37,40,37,41,daß,dass,orthography:wordlist
1Tim.2.9,45,51,46,52,Weiber,Frauen,word:Weib-Frau
1Tim.2.10,39,46,39,45,Weibern,Frauen,word:Weib-Frau
1Tim.2.11,0,3,0,4,Ein,Eine,grammar:Frau-determiner
1Tim.2.11,4,8,5,9,Weib,Frau,word:Weib-Frau
1Tim.2.12,18,23,18,23,einem,einer,grammar:Frau-determiner
1Tim.2.12,24,29,24,28,Weibe,Frau,word:Weib-Frau
1Tim.2.14,77,80,77,80,das,die,grammar:Frau-determiner
1Tim.2.14,81,85,81,85,Weib,Frau,word:Weib-Frau
1Tim.3.1,14,19,14,20,gewiß,gewiss,orthography:wordlist
1Tim.3.2,17,20,17,21,muß,muss,orthography:wordlist
1Tim.3.2,38,43,39,44,eines,einer,grammar:Frau-determiner
1Tim.3.2,44,50,45,49,Weibes,Frau,word:Weib-Frau
1Tim.3.6,34,37,34,38,daß,dass,orthography:wordlist
1Tim.3.7,21,24,21,25,muß,muss,orthography:wordlist
1Tim.3.7,113,116,114,118,daß,dass,orthography:wordlist
1Tim.3.10,9,12,9,13,Laß,Lass,orthography:wordlist
1Tim.3.10,90,93,91,95,laß,lass,orthography:wordlist
1Tim.3.11,4,10,4,10,Weiber,Frauen,word:Weib-Frau
1Tim.3.12,17,22,17,22,eines,einer,grammar:Frau-determiner
1Tim.3.12,23,29,23,27,Weibes,Frau,word:Weib-Frau
1Tim.3.15,37,40,37,41,daß,dass,orthography:wordlist
1Tim.4.1,35,38,35,39,daß,dass,orthography:wordlist
1Tim.4.9,14,19,14,20,gewiß,gewiss,orthography:wordlist
1Tim.4.15,72,75,72,76,daß,dass,orthography:wordlist
1Tim.5.7,50,53,50,54,daß,dass,orthography:wordlist
1Tim.5.9,98,102,98,102,Weib,Frau,word:Weib-Frau
1Tim.5.14,15,18,15,19,daß,dass,orthography:wordlist
1Tim.5.14,107,112,108,114,Anlaß,Anlass,orthography:wordlist
1Tim.5.16,129,132,129,133,daß,dass,orthography:wordlist
1Tim.5.17,39,42,39,43,laß,lass,orthography:wordlist
1Tim.5.20,44,47,44,48,daß,dass,orthography:wordlist
1Tim.5.21,79,82,79,83,daß,dass,orthography:wordlist
1Tim.6.1,114,117,114,118,daß,dass,orthography:wordlist
1Tim.6.7,85,88,85,89,daß,dass,orthography:wordlist
1Tim.6.14,0,3,0,4,daß,dass,orthography:wordlist
1Tim.6.17,93,104,93,105,Ungewißheit,Ungewissheit,orthography:wordlist
1Tim.6.17,199,204,200,206,Genuß,Genuss,orthography:wordlist
1Tim.6.19,74,77,74,78,daß,dass,orthography:wordlist
2Tim.1.4,79,82,79,83,daß,dass,orthography:wordlist
2Tim.1.12,179,182,179,183,daß,dass,orthography:wordlist
2Tim.1.15,18,21,18,22,daß,dass,orthography:wordlist
2Tim.1.18,20,23,20,24,daß,dass,orthography:wordlist
2Tim.1.18,90,97,91,99,wieviel,wie viel,orthography:wordlist
2Tim.2.4,101,104,101,105,daß,dass,orthography:wordlist
2Tim.2.6,15,18,15,19,muß,muss,orthography:wordlist
2Tim.2.10,80,83,80,84,daß,dass,orthography:wordlist
2Tim.2.11,14,19,14,20,gewiß,gewiss,orthography:wordlist
2Tim.2.18,74,77,74,78,daß,dass,orthography:wordlist
2Tim.2.23,84,87,84,88,daß,dass,orthography:wordlist
2Tim.3.1,47,50,47,51,daß,dass,orthography:wordlist
2Tim.3.17,4,7,4,8,daß,dass,orthography:wordlist
2Tim.4.17,51,54,51,55,daß,dass,orthography:wordlist
Titus.1.5,53,56,53,57,daß,dass,orthography:wordlist
Titus.1.6,28,33,28,33,eines,einer,grammar:Frau-determiner
Titus.1.6,34,40,34,38,Weibes,Frau,word:Weib-Frau
Titus.1.7,28,31,28,32,muß,muss,orthography:wordlist
Titus.1.9,66,69,66,70,daß,dass,orthography:wordlist
Titus.1.11,37,40,37,41,muß,muss,orthography:wordlist
Titus.1.13,119,122,119,123,daß,dass,orthography:wordlist
Titus.1.16,83,91,83,91,greulich,gräulich,orthography:wordlist
Titus.2.2,0,3,0,4,daß,dass,orthography:wordlist
Titus.2.4,4,7,4,8,daß,dass,orthography:wordlist
Titus.2.5,121,124,121,125,daß,dass,orthography:wordlist
Titus.2.8,53,56,53,57,daß,dass,orthography:wordlist
Titus.2.10,82,85,82,86,daß,dass,orthography:wordlist
Titus.2.12,25,28,25,29,daß,dass,orthography:wordlist
Titus.2.14,52,55,52,56,daß,dass,orthography:wordlist
Titus.2.15,151,154,151,155,Laß,Lass,orthography:wordlist
Titus.3.3,208,215,208,216,verhaßt,verhasst,orthography:wordlist
Titus.3.7,4,7,4,8,daß,dass,orthography:wordlist
Titus.3.8,14,19,14,20,gewiß,gewiss,orthography:wordlist
Titus.3.8,38,41,39,43,daß,dass,orthography:wordlist
Titus.3.8,85,88,87,91,daß,dass,orthography:wordlist
Titus.3.11,14,17,14,18,daß,dass,orthography:wordlist
Titus.3.13,87,90,87,91,daß,dass,orthography:wordlist
Titus.3.14,9,12,9,13,Laß,Lass,orthography:wordlist
Titus.3.14,128,131,129,133,daß,dass,orthography:wordlist
Phlm.1.6,9,12,9,13,daß,dass,orthography:wordlist
Phlm.1.13,96,99,96,100,daß,dass,orthography:wordlist
Phlm.1.14,98,101,98,102,daß,dass,orthography:wordlist
Phlm.1.15,107,110,107,111,daß,dass,orthography:wordlist
Phlm.1.16,120,127,120,128,wieviel,wie viel,orthography:wordlist
Phlm.1.19,84,87,84,88,daß,dass,orthography:wordlist
Phlm.1.19,110,113,111,115,daß,dass,orthography:wordlist
Phlm.1.21,82,85,82,86,daß,dass,orthography:wordlist
Phlm.1.22,111,114,111,115,daß,dass,orthography:wordlist
Heb.1.9,50,56,50,57,gehaßt,gehasst,orthography:wordlist
Heb.2.6,73,76,73,77,daß,dass,orthography:wordlist
Heb.2.6,125,128,126,130,daß,dass,orthography:wordlist
Heb.2.9,138,141,138,142,daß,dass,orthography:wordlist
Heb.2.14,142,145,142,146,daß,dass,orthography:wordlist
Heb.2.17,24,29,24,30,mußte,musste,orthography:wordlist
Heb.2.17,76,79,77,81,daß,dass,orthography:wordlist
Heb.3.12,20,23,20,24,daß,dass,orthography:wordlist
Heb.3.13,94,97,94,98,daß,dass,orthography:wordlist
Heb.3.18,52,55,52,56,daß,dass,orthography:wordlist
Heb.3.19,26,29,26,30,daß,dass,orthography:wordlist
Heb.4.1,33,36,33,37,daß,dass,orthography:wordlist
Heb.4.6,50,53,50,54,daß,dass,orthography:wordlist
Heb.4.11,9,13,9,14,Laßt,Lasst,orthography:wordlist
Heb.4.11,71,74,72,76,daß,dass,orthography:wordlist
Heb.4.14,113,117,113,118,laßt,lasst,orthography:wordlist
Heb.4.16,9,13,9,14,Laßt,Lasst,orthography:wordlist
Heb.4.16,84,87,85,89,daß,dass,orthography:wordlist
Heb.5.1,194,197,194,198,daß,dass,orthography:wordlist
Heb.5.3,66,69,66,70,muß,muss,orthography:wordlist
Heb.5.12,83,86,83,87,daß,dass,orthography:wordlist
Heb.6.1,68,72,68,73,laßt,lasst,orthography:wordlist
Heb.6.11,25,28,25,29,daß,dass,orthography:wordlist
Heb.6.11,85,94,86,96,Gewißheit,Gewissheit,orthography:wordlist
Heb.6.12,4,7,4,8,daß,dass,orthography:wordlist
Heb.6.18,4,7,4,8,daß,dass,orthography:wordlist
Heb.6.18,74,77,75,79,daß,dass,orthography:wordlist
Heb.7.8,156,159,156,160,daß,dass,orthography:wordlist
Heb.7.11,202,205,202,206,daß,dass,orthography:wordlist
Heb.7.14,33,36,33,37,daß,dass,orthography:wordlist
Heb.8.3,149,152,149,153,daß,dass,orthography:wordlist
Heb.8.5,197,200,197,201,daß,dass,orthography:wordlist
Heb.9.4,17,27,17,28,Räucherfaß,Räucherfass,orthography:wordlist
Heb.9.4,179,187,180,189,gesproßt,gesprosst,orthography:wordlist
Heb.9.5,132,141,132,141,einzelnen,Einzelnen,orthography:phrase
Heb.9.8,43,46,43,47,daß,dass,orthography:wordlist
Heb.9.14,9,16,9,17,wieviel,wie viel,orthography:wordlist
Heb.9.16,34,37,34,38,muß,muss,orthography:wordlist
Heb.9.23,19,22,19,23,daß,dass,orthography:wordlist
Heb.9.25,17,20,17,21,daß,dass,orthography:wordlist
Heb.10.9,79,82,79,83,daß,dass,orthography:wordlist
Heb.10.22,3,7,3,8,laßt,lasst,orthography:wordlist
Heb.10.22,61,70,62,72,Gewißheit,Gewissheit,orthography:wordlist
Heb.10.23,9,13,9,14,Laßt,Lasst,orthography:wordlist
Heb.10.24,22,26,22,27,laßt,lasst,orthography:wordlist
Heb.10.29,9,16,9,17,wieviel,wie viel,orthography:wordlist
Heb.10.34,141,144,141,145,daß,dass,orthography:wordlist
Heb.10.36,50,53,50,54,daß,dass,orthography:wordlist
Heb.11.3,30,33,30,34,daß,dass,orthography:wordlist
Heb.11.3,90,93,91,95,daß,dass,orthography:wordlist
Heb.11.4,110,113,110,114,daß,dass,orthography:wordlist
Heb.11.5,190,193,190,194,daß,dass,orthography:wordlist
Heb.11.6,108,111,108,112,muß,muss,orthography:wordlist
Heb.11.6,122,125,123,127,daß,dass,orthography:wordlist
Heb.11.13,202,205,202,206,daß,dass,orthography:wordlist
Heb.11.14,53,56,53,57,daß,dass,orthography:wordlist
Heb.11.19,20,23,20,24,daß,dass,orthography:wordlist
Heb.11.23,111,114,111,115,daß,dass,orthography:wordlist
Heb.11.28,81,84,81,85,daß,dass,orthography:wordlist
Heb.11.35,9,15,9,15,Weiber,Frauen,word:Weib-Frau
Heb.11.35,193,196,193,197,daß,dass,orthography:wordlist
Heb.11.40,52,55,52,56,daß,dass,orthography:wordlist
Heb.12.1,78,82,78,83,laßt,lasst,orthography:wordlist
Heb.12.3,113,116,113,117,daß,dass,orthography:wordlist
Heb.12.13,58,61,58,62,daß,dass,orthography:wordlist
Heb.12.15,26,29,26,30,daß,dass,orthography:wordlist
Heb.12.15,80,83,81,85,daß,dass,orthography:wordlist
Heb.12.16,0,3,0,4,daß,dass,orthography:wordlist
Heb.12.17,28,31,28,32,daß,dass,orthography:wordlist
Heb.12.19,84,87,84,88,daß,dass,orthography:wordlist
Heb.12.21,76,79,76,80,daß,dass,orthography:wordlist
Heb.12.25,11,14,11,15,daß,dass,orthography:wordlist
Heb.12.25,154,161,155,163,wieviel,wie viel,orthography:wordlist
Heb.12.27,134,137,134,138,daß,dass,orthography:wordlist
Heb.12.28,67,71,67,72,laßt,lasst,orthography:wordlist
Heb.13.6,3,6,3,7,daß,dass,orthography:wordlist
Heb.13.9,9,13,9,14,Laßt,Lasst,orthography:wordlist
Heb.13.9,94,97,95,99,daß,dass,orthography:wordlist
Heb.13.12,63,66,63,67,daß,dass,orthography:wordlist
Heb.13.13,26,30,26,31,laßt,lasst,orthography:wordlist
Heb.13.15,50,54,50,55,laßt,lasst,orthography:wordlist
Heb.13.17,165,168,165,169,daß,dass,orthography:wordlist
Heb.13.18,68,71,68,72,daß,dass,orthography:wordlist
Heb.13.19,54,57,54,58,daß,dass,orthography:wordlist
Heb.13.23,18,21,18,22,daß,dass,orthography:wordlist
Jas.1.3,16,19,16,20,daß,dass,orthography:wordlist
Jas.1.4,53,56,53,57,daß,dass,orthography:wordlist
Jas.1.7,77,80,77,81,daß,dass,orthography:wordlist
Jas.1.18,83,86,83,87,daß,dass,orthography:wordlist
Jas.1.25,123,135,123,136,vergeßlicher,vergesslicher,orthography:wordlist
Jas.2.19,31,34,31,35,daß,dass,orthography:wordlist
Jas.2.20,52,55,52,56,daß,dass,orthography:wordlist
Jas.2.22,12,15,12,16,daß,dass,orthography:wordlist
Jas.2.22,63,66,64,68,daß,dass,orthography:wordlist
Jas.2.24,17,20,17,21,daß,dass,orthography:wordlist
Jas.3.1,93,96,93,97,daß,dass,orthography:wordlist
Jas.4.3,62,65,62,66,daß,dass,orthography:wordlist
Jas.4.4,42,45,42,46,daß,dass,orthography:wordlist
Jas.4.5,36,39,36,40,daß,dass,orthography:wordlist
Jas.4.15,6,9,6,10,daß,dass,orthography:wordlist
Jas.5.9,70,73,70,74,daß,dass,orthography:wordlist
Jas.5.11,160,163,160,164,daß,dass,orthography:wordlist
Jas.5.12,210,213,210,214,daß,dass,orthography:wordlist
Jas.5.17,109,112,109,113,daß,dass,orthography:wordlist
Jas.5.20,14,17,14,18,daß,dass,orthography:wordlist
1Pet.1.7,4,7,4,8,daß,dass,orthography:wordlist
1Pet.1.12,41,44,41,45,daß,dass,orthography:wordlist
1Pet.1.18,19,22,19,23,daß,dass,orthography:wordlist
1Pet.1.21,119,122,119,123,daß,dass,orthography:wordlist
1Pet.2.2,96,99,96,100,daß,dass,orthography:wordlist
1Pet.2.3,44,47,44,48,daß,dass,orthography:wordlist
1Pet.2.11,94,97,94,98,daß,dass,orthography:wordlist
1Pet.2.12,63,66,63,67,daß,dass,orthography:wordlist
1Pet.2.15,64,67,64,68,daß,dass,orthography:wordlist
1Pet.2.21,139,142,139,143,daß,dass,orthography:wordlist
1Pet.2.24,151,154,151,155,daß,dass,orthography:wordlist
1Pet.3.1,28,34,28,34,Weiber,Frauen,word:Weib-Frau
1Pet.3.1,83,86,83,87,daß,dass,orthography:wordlist
1Pet.3.1,164,170,165,171,Weiber,Frauen,word:Weib-Frau
1Pet.3.5,105,111,105,111,Weiber,Frauen,word:Weib-Frau
1Pet.3.7,193,196,193,197,daß,dass,orthography:wordlist
1Pet.3.9,139,142,139,143,daß,dass,orthography:wordlist
1Pet.3.10,112,115,112,116,daß,dass,orthography:wordlist
1Pet.3.16,40,43,40,44,daß,dass,orthography:wordlist
1Pet.3.18,104,107,104,108,daß,dass,orthography:wordlist
1Pet.4.4,35,38,35,39,daß,dass,orthography:wordlist
1Pet.4.6,106,109,106,110,daß,dass,orthography:wordlist
1Pet.4.11,131,134,131,135,daß,dass,orthography:wordlist
1Pet.4.12,20,24,20,25,laßt,lasst,orthography:wordlist
1Pet.4.13,101,104,101,105,daß,dass,orthography:wordlist
1Pet.4.15,0,3,0,4,Daß,Dass,orthography:wordlist
1Pet.4.17,39,42,39,43,daß,dass,orthography:wordlist
1Pet.5.6,79,82,79,83,daß,dass,orthography:wordlist
1Pet.5.9,83,86,83,87,daß,dass,orthography:wordlist
1Pet.5.12,150,153,150,154,daß,dass,orthography:wordlist
1Pet.5.14,52,55,52,56,Kuß,Kuss,orthography:wordlist
2Pet.1.4,99,102,99,103,daß,dass,orthography:wordlist
2Pet.1.14,14,17,14,18,daß,dass,orthography:wordlist
2Pet.1.15,34,37,34,38,daß,dass,orthography:wordlist
2Pet.1.20,31,34,31,35,daß,dass,orthography:wordlist
2Pet.3.3,33,36,33,37,daß,dass,orthography:wordlist
2Pet.3.5,69,72,69,73,daß,dass,orthography:wordlist
2Pet.3.8,116,119,116,120,daß,dass,orthography:wordlist
2Pet.3.9,144,147,144,148,daß,dass,orthography:wordlist
2Pet.3.9,188,191,189,193,daß,dass,orthography:wordlist
2Pet.3.17,81,84,81,85,daß,dass,orthography:wordlist
1John.1.3,73,76,73,77,daß,dass,orthography:wordlist
1John.1.4,62,65,62,66,daß,dass,orthography:wordlist
1John.1.5,111,114,111,115,daß,dass,orthography:wordlist
1John.1.6,27,30,27,31,daß,dass,orthography:wordlist
1John.1.8,27,30,27,31,daß,dass,orthography:wordlist
1John.1.9,74,77,74,78,daß,dass,orthography:wordlist
1John.1.10,27,30,27,31,daß,dass,orthography:wordlist
1John.2.1,64,67,64,68,daß,dass,orthography:wordlist
1John.2.3,51,54,51,55,daß,dass,orthography:wordlist
1John.2.5,162,165,162,166,daß,dass,orthography:wordlist
1John.2.6,14,17,14,18,daß,dass,orthography:wordlist
1John.2.9,14,17,14,18,daß,dass,orthography:wordlist
1John.2.9,44,48,45,50,haßt,hasst,orthography:wordlist
1John.2.11,23,27,23,28,haßt,hasst,orthography:wordlist
1John.2.18,75,78,75,79,daß,dass,orthography:wordlist
1John.2.18,171,174,172,176,daß,dass,orthography:wordlist
1John.2.19,157,160,157,161,daß,dass,orthography:wordlist
1John.2.19,184,187,185,189,daß,dass,orthography:wordlist
1John.2.21,107,110,107,111,daß,dass,orthography:wordlist
1John.2.22,74,77,74,78,daß,dass,orthography:wordlist
1John.2.27,109,112,109,113,daß,dass,orthography:wordlist
1John.2.28,58,61,58,62,daß,dass,orthography:wordlist
1John.2.29,28,31,28,32,daß,dass,orthography:wordlist
1John.2.29,64,67,65,69,daß,dass,orthography:wordlist
1John.3.1,64,67,64,68,daß,dass,orthography:wordlist
1John.3.2,132,135,132,136,daß,dass,orthography:wordlist
1John.3.5,27,30,27,31,daß,dass,orthography:wordlist
1John.3.5,63,66,64,68,daß,dass,orthography:wordlist
1John.3.7,18,21,18,22,daß,dass,orthography:wordlist
1John.3.8,133,136,133,137,daß,dass,orthography:wordlist
1John.3.11,92,95,92,96,daß,dass,orthography:wordlist
1John.3.13,60,64,60,65,haßt,hasst,orthography:wordlist
1John.3.14,13,16,13,17,daß,dass,orthography:wordlist
1John.3.15,35,39,35,40,haßt,hasst,orthography:wordlist
1John.3.15,86,89,87,91,daß,dass,orthography:wordlist
1John.3.16,56,59,56,60,daß,dass,orthography:wordlist
1John.3.18,18,22,18,23,laßt,lasst,orthography:wordlist
1John.3.19,52,55,52,56,daß,dass,orthography:wordlist
1John.3.20,9,12,9,13,daß,dass,orthography:wordlist
1John.3.23,71,74,71,75,daß,dass,orthography:wordlist
1John.3.24,96,99,96,100,daß,dass,orthography:wordlist
1John.4.3,195,198,195,199,daß,dass,orthography:wordlist
1John.4.7,20,24,20,25,laßt,lasst,orthography:wordlist
1John.4.9,75,78,75,79,daß,dass,orthography:wordlist
1John.4.9,140,143,141,145,daß,dass,orthography:wordlist
1John.4.10,48,51,48,52,daß,dass,orthography:wordlist
1John.4.10,85,88,86,90,daß,dass,orthography:wordlist
1John.4.13,40,43,40,44,daß,dass,orthography:wordlist
1John.4.13,80,83,81,85,daß,dass,orthography:wordlist
1John.4.14,56,59,56,60,daß,dass,orthography:wordlist
1John.4.15,48,51,48,52,daß,dass,orthography:wordlist
1John.4.17,127,130,127,131,daß,dass,orthography:wordlist
1John.4.20,67,71,67,72,haßt,hasst,orthography:wordlist
1John.4.21,74,77,74,78,daß,dass,orthography:wordlist
1John.5.1,33,36,33,37,daß,dass,orthography:wordlist
1John.5.2,38,41,38,42,daß,dass,orthography:wordlist
1John.5.3,61,64,61,65,daß,dass,orthography:wordlist
1John.5.5,91,94,91,95,daß,dass,orthography:wordlist
1John.5.11,55,58,55,59,daß,dass,orthography:wordlist
1John.5.13,56,59,56,60,daß,dass,orthography:wordlist
1John.5.13,74,77,75,79,daß,dass,orthography:wordlist
1John.5.14,82,85,82,86,daß,dass,orthography:wordlist
1John.5.15,41,44,41,45,daß,dass,orthography:wordlist
1John.5.15,104,107,105,109,daß,dass,orthography:wordlist
1John.5.16,270,273,270,274,daß,dass,orthography:wordlist
1John.5.18,13,16,13,17,daß,dass,orthography:wordlist
1John.5.19,13,16,13,17,daß,dass,orthography:wordlist
1John.5.20,18,21,18,22,daß,dass,orthography:wordlist
1John.5.20,96,99,97,101,daß,dass,orthography:wordlist
2John.1.4,24,27,24,28,daß,dass,orthography:wordlist
2John.1.5,164,167,164,168,daß,dass,orthography:wordlist
2John.1.6,53,56,53,57,daß,dass,orthography:wordlist
2John.1.6,148,151,149,153,daß,dass,orthography:wordlist
2John.1.8,38,41,38,42,daß,dass,orthography:wordlist
2John.1.12,166,169,166,170,daß,dass,orthography:wordlist
3John.1.2,35,38,35,39,daß,dass,orthography:wordlist
3John.1.4,42,45,42,46,daß,dass,orthography:wordlist
3John.1.4,58,61,59,63,daß,dass,orthography:wordlist
3John.1.8,68,71,68,72,daß,dass,orthography:wordlist
3John.1.12,124,127,124,128,daß,dass,orthography:wordlist
Jude.1.5,42,48,42,49,wußtet,wusstet,orthography:wordlist
Jude.1.5,68,71,69,73,daß,dass,orthography:wordlist
Jude.1.18,9,12,9,13,daß,dass,orthography:wordlist
Jude.1.18,32,35,33,37,daß,dass,orthography:wordlist
Rev.1.1,127,130,127,131,muß,muss,orthography:wordlist
Rev.2.2,64,67,64,68,daß,dass,orthography:wordlist
Rev.2.4,37,40,37,41,daß,dass,orthography:wordlist
Rev.2.6,49,52,49,53,daß,dass,orthography:wordlist
Rev.2.10,135,138,135,139,daß,dass,orthography:wordlist
Rev.2.14,50,53,50,54,daß,dass,orthography:wordlist
Rev.2.19,110,113,110,114,daß,dass,orthography:wordlist
Rev.2.20,37,40,37,41,daß,dass,orthography:wordlist
Rev.2.20,45,48,46,49,das,die,grammar:Frau-determiner
Rev.2.20,49,53,50,54,Weib,Frau,word:Weib-Frau
Rev.2.21,37,40,37,41,daß,dass,orthography:wordlist
Rev.2.23,121,124,121,125,daß,dass,orthography:wordlist
Rev.3.1,159,162,159,163,daß,dass,orthography:wordlist
Rev.3.1,184,187,185,189,daß,dass,orthography:wordlist
Rev.3.9,170,173,170,174,daß,dass,orthography:wordlist
Rev.3.9,240,243,241,245,daß,dass,orthography:wordlist
Rev.3.11,49,52,49,53,daß,dass,orthography:wordlist
Rev.3.15,24,27,24,28,daß,dass,orthography:wordlist
Rev.3.15,66,69,67,71,daß,dass,orthography:wordlist
Rev.3.17,102,105,102,106,daß,dass,orthography:wordlist
Rev.3.18,66,69,66,70,daß,dass,orthography:wordlist
Rev.3.18,114,117,115,119,daß,dass,orthography:wordlist
Rev.3.18,242,245,244,248,daß,dass,orthography:wordlist
Rev.4.1,269,272,269,273,muß,muss,orthography:wordlist
Rev.6.2,167,170,167,171,daß,dass,orthography:wordlist
Rev.6.4,150,153,150,154,daß,dass,orthography:wordlist
Rev.6.11,100,103,100,104,daß,dass,orthography:wordlist
Rev.7.1,161,164,161,165,daß,dass,orthography:wordlist
Rev.8.3,97,107,97,108,Räucherfaß,Räucherfass,orthography:wordlist
Rev.8.3,159,162,160,164,daß,dass,orthography:wordlist
Rev.8.5,34,44,34,45,Räucherfaß,Räucherfass,orthography:wordlist
Rev.8.6,92,95,92,96,daß,dass,orthography:wordlist
Rev.8.12,167,170,167,171,daß,dass,orthography:wordlist
Rev.9.4,38,41,38,42,daß,dass,orthography:wordlist
Rev.9.5,39,42,39,43,daß,dass,orthography:wordlist
Rev.9.5,76,79,77,81,daß,dass,orthography:wordlist
Rev.9.15,113,116,113,117,daß,dass,orthography:wordlist
Rev.9.16,44,47,44,48,Roß,Ross,orthography:wordlist
Rev.9.20,138,141,138,142,daß,dass,orthography:wordlist
Rev.10.6,210,213,210,214,daß,dass,orthography:wordlist
Rev.10.9,127,129,127,130,iß,iss,orthography:wordlist
Rev.10.11,39,43,39,44,mußt,musst,orthography:wordlist
Rev.11.1,96,99,96,100,miß,miss,orthography:wordlist
Rev.11.2,73,76,73,77,miß,miss,orthography:wordlist
Rev.11.5,149,152,149,153,muß,muss,orthography:wordlist
Rev.11.6,78,81,78,82,daß,dass,orthography:wordlist
Rev.11.17,91,94,91,95,daß,dass,orthography:wordlist
Rev.12.1,59,62,59,63,Ein,Eine,grammar:Frau-determiner
Rev.12.1,63,67,64,68,Weib,Frau,word:Weib-Frau
Rev.12.4,179,182,179,182,dem,der,grammar:Frau-determiner
Rev.12.4,183,188,183,187,Weibe,Frau,word:Weib-Frau
Rev.12.4,191,194,190,193,das,die,grammar:Frau-relative
Rev.12.4,229,232,228,232,daß,dass,orthography:wordlist
Rev.12.6,14,17,14,17,das,die,grammar:Frau-determiner
Rev.12.6,18,22,18,22,Weib,Frau,word:Weib-Frau
Rev.12.6,99,102,99,103,daß,dass,orthography:wordlist
Rev.12.12,183,186,183,187,daß,dass,orthography:wordlist
Rev.12.13,44,47,44,48,daß,dass,orthography:wordlist
Rev.12.13,95,98,96,99,das,die,grammar:Frau-determiner
Rev.12.13,99,103,100,104,Weib,Frau,word:Weib-Frau
Rev.12.13,106,113,107,113,welches,welche,grammar:Frau-relative
Rev.12.14,25,28,25,28,dem,der,grammar:Frau-determiner
Rev.12.14,29,34,29,33,Weibe,Frau,word:Weib-Frau
Rev.12.14,85,88,84,88,daß,dass,orthography:wordlist
Rev.12.15,84,87,84,87,dem,der,grammar:Frau-determiner
Rev.12.15,88,93,88,92,Weibe,Frau,word:Weib-Frau
Rev.12.15,104,107,103,107,daß,dass,orthography:wordlist
Rev.12.16,29,32,29,32,dem,der,grammar:Frau-determiner
Rev.12.16,33,38,33,37,Weibe,Frau,word:Weib-Frau
Rev.12.17,44,47,44,47,das,die,grammar:Frau-determiner
Rev.12.17,48,52,48,52,Weib,Frau,word:Weib-Frau
Rev.13.10,120,123,120,124,muß,muss,orthography:wordlist
Rev.13.12,88,91,88,92,daß,dass,orthography:wordlist
Rev.13.13,37,40,37,41,daß,dass,orthography:wordlist
Rev.13.13,96,100,97,102,läßt,lässt,orthography:wordlist
Rev.13.15,80,83,80,84,daß,dass,orthography:wordlist
Rev.13.15,133,136,134,138,daß,dass,orthography:wordlist
Rev.13.16,136,139,136,140,daß,dass,orthography:wordlist
Rev.13.17,14,17,14,18,daß,dass,orthography:wordlist
Rev.14.4,47,54,47,53,Weibern,Frauen,word:Weib-Frau
Rev.14.13,162,165,162,166,daß,dass,orthography:wordlist
Rev.16.2,38,41,38,42,goß,goss,orthography:wordlist
Rev.16.3,25,28,25,29,goß,goss,orthography:wordlist
Rev.16.4,25,28,25,29,goß,goss,orthography:wordlist
Rev.16.5,117,120,117,121,daß,dass,orthography:wordlist
Rev.16.8,25,28,25,29,goß,goss,orthography:wordlist
Rev.16.10,25,28,25,29,goß,goss,orthography:wordlist
Rev.16.12,26,29,26,30,goß,goss,orthography:wordlist
Rev.16.12,114,117,115,119,daß,dass,orthography:wordlist
Rev.16.15,94,97,94,98,daß,dass,orthography:wordlist
Rev.16.17,25,28,25,29,goß,goss,orthography:wordlist
Rev.17.3,77,80,77,81,ein,eine,grammar:Frau-determiner
Rev.17.3,81,85,82,86,Weib,Frau,word:Weib-Frau
Rev.17.4,14,17,14,17,das,die,grammar:Frau-determiner
Rev.17.4,18,22,18,22,Weib,Frau,word:Weib-Frau
Rev.17.4,176,182,176,182,Greuel,Gräuel,orthography:wordlist
Rev.17.5,147,153,147,153,Greuel,Gräuel,orthography:wordlist
Rev.17.6,23,26,23,26,das,die,grammar:Frau-determiner
Rev.17.6,27,31,27,31,Weib,Frau,word:Weib-Frau
Rev.17.7,101,104,101,104,des,der,grammar:Frau-determiner
Rev.17.7,105,111,105,109,Weibes,Frau,word:Weib-Frau
Rev.17.8,292,295,292,296,daß,dass,orthography:wordlist
Rev.17.9,103,106,103,106,das,die,grammar:Frau-determiner
Rev.17.9,107,111,107,111,Weib,Frau,word:Weib-Frau
Rev.17.10,144,147,144,148,muß,muss,orthography:wordlist
Rev.17.18,14,17,14,17,das,die,grammar:Frau-determiner
Rev.17.18,18,22,18,22,Weib,Frau,word:Weib-Frau
Rev.17.18,25,28,25,28,das,die,grammar:Frau-relative
Rev.18.2,228,236,228,237,gehaßten,gehassten,orthography:wordlist
Rev.18.4,107,110,107,111,daß,dass,orthography:wordlist
Rev.18.4,166,169,167,171,daß,dass,orthography:wordlist
Rev.18.7,9,16,9,17,Wieviel,Wie viel,orthography:wordlist
Rev.19.7,0,4,0,5,Laßt,Lasst,orthography:wordlist
Rev.19.7,110,114,111,116,sein,seine,grammar:Frau-determiner
Rev.19.7,115,119,117,121,Weib,Frau,word:Weib-Frau
Rev.19.8,36,39,36,40,daß,dass,orthography:wordlist
Rev.19.15,117,120,117,121,daß,dass,orthography:wordlist
Rev.19.18,4,7,4,8,daß,dass,orthography:wordlist
Rev.20.3,70,76,70,77,schloß,schloss,orthography:wordlist
Rev.20.3,111,114,112,116,daß,dass,orthography:wordlist
Rev.20.3,207,210,209,213,muß,muss,orthography:wordlist
Rev.21.5,140,145,140,146,gewiß,gewiss,orthography:wordlist
Rev.21.8,41,48,41,48,Greueln,Gräueln,orthography:wordlist
Rev.21.9,192,195,192,195,das,die,grammar:Frau-determiner
Rev.21.9,196,200,196,200,Weib,Frau,word:Weib-Frau
Rev.21.15,73,76,73,77,daß,dass,orthography:wordlist
Rev.21.23,73,76,73,77,daß,dass,orthography:wordlist
Rev.21.27,126,132,126,132,Greuel,Gräuel,orthography:wordlist
Rev.22.6,52,57,52,58,gewiß,gewiss,orthography:wordlist
Rev.22.6,206,209,207,211,muß,muss,orthography:wordlist
Rev.22.14,53,56,53,57,daß,dass,orthography:wordlist
