ref,start,end,new_start,new_end,before,after,rule
Gen.1.4,41,44,41,45,daß,dass,orthography:wordlist
Gen.1.7,95,98,95,99,daß,dass,orthography:wordlist
Gen.1.9,74,77,74,78,daß,dass,orthography:wordlist
Gen.1.10,94,97,94,98,daß,dass,orthography:wordlist
Gen.1.12,177,180,177,181,daß,dass,orthography:wordlist
Gen.1.15,38,41,38,42,daß,dass,orthography:wordlist
Gen.1.18,93,96,93,97,daß,dass,orthography:wordlist
Gen.1.21,197,200,197,201,daß,dass,orthography:wordlist
Gen.1.25,96,99,96,100,daß,dass,orthography:wordlist
Gen.2.2,3,6,3,7,daß,dass,orthography:wordlist
Gen.2.15,71,74,71,75,daß,dass,orthography:wordlist
Gen.2.17,116,120,116,121,mußt,musst,orthography:wordlist
Gen.2.18,44,47,44,48,daß,dass,orthography:wordlist
Gen.2.19,117,120,117,121,daß,dass,orthography:wordlist
Gen.2.21,122,131,122,132,verschloß,verschloss,orthography:wordlist
Gen.2.22,79,82,79,83,ein,eine,grammar:Frau-determiner
Gen.2.22,83,87,84,88,Weib,Frau,word:Weib-Frau
Gen.2.24,75,81,75,81,seinem,seiner,grammar:Frau-determiner
Gen.2.24,82,87,82,86,Weibe,Frau,word:Weib-Frau
Gen.2.24,98,101,97,101,daß,dass,orthography:wordlist
Gen.2.25,42,46,42,47,sein,seine,grammar:Frau-determiner
Gen.2.25,47,51,48,52,Weib,Frau,word:Weib-Frau
Gen.3.1,106,109,106,109,zum,zur,grammar:Frau-determiner
Gen.3.1,110,115,110,114,Weibe,Frau,word:Weib-Frau
Gen.3.2,10,13,10,13,das,die,grammar:Frau-determiner
Gen.3.2,14,18,14,18,Weib,Frau,word:Weib-Frau
Gen.3.4,23,26,23,26,zum,zur,grammar:Frau-determiner
Gen.3.4,27,32,27,31,Weibe,Frau,word:Weib-Frau
Gen.3.6,8,11,8,11,das,die,grammar:Frau-determiner
Gen.3.6,12,16,12,16,Weib,Frau,word:Weib-Frau
Gen.3.6,22,25,22,26,daß,dass,orthography:wordlist
Gen.3.6,62,65,63,67,daß,dass,orthography:wordlist
Gen.3.7,71,74,71,75,daß,dass,orthography:wordlist
Gen.3.8,115,119,115,120,sein,seine,grammar:Frau-determiner
Gen.3.8,120,124,121,125,Weib,Frau,word:Weib-Frau
Gen.3.11,34,37,34,38,daß,dass,orthography:wordlist
Gen.3.12,22,25,22,25,Das,Die,grammar:Frau-determiner
Gen.3.12,26,30,26,30,Weib,Frau,word:Weib-Frau
Gen.3.12,32,35,32,35,das,die,grammar:Frau-relative
Gen.3.13,24,27,24,27,zum,zur,grammar:Frau-determiner
Gen.3.13,28,33,28,32,Weibe,Frau,word:Weib-Frau
Gen.3.13,60,63,59,62,Das,Die,grammar:Frau-determiner
Gen.3.13,64,68,63,67,Weib,Frau,word:Weib-Frau
Gen.3.13,110,113,109,113,daß,dass,orthography:wordlist
Gen.3.15,49,52,49,52,dem,der,grammar:Frau-determiner
Gen.3.15,53,58,53,57,Weibe,Frau,word:Weib-Frau
Gen.3.16,4,7,4,7,zum,zur,grammar:Frau-determiner
Gen.3.16,8,13,8,12,Weibe,Frau,word:Weib-Frau
Gen.3.17,59,65,59,65,deines,deiner,grammar:Frau-determiner
Gen.3.17,66,72,66,70,Weibes,Frau,word:Weib-Frau
Gen.3.19,62,65,62,66,daß,dass,orthography:wordlist
Gen.3.20,16,20,16,21,sein,seine,grammar:Frau-determiner
Gen.3.20,21,25,22,26,Weib,Frau,word:Weib-Frau
Gen.3.21,34,40,34,40,seinem,seiner,grammar:Frau-determiner
Gen.3.21,41,46,41,45,Weibe,Frau,word:Weib-Frau
Gen.4.1,45,49,45,50,sein,seine,grammar:Frau-determiner
Gen.4.1,50,54,51,55,Weib,Frau,word:Weib-Frau
Gen.4.3,44,47,44,48,daß,dass,orthography:wordlist
Gen.4.14,52,55,52,56,muß,muss,orthography:wordlist
Gen.4.14,155,158,156,160,daß,dass,orthography:wordlist
Gen.4.15,122,125,122,126,daß,dass,orthography:wordlist
Gen.4.17,18,22,18,23,sein,seine,grammar:Frau-determiner
Gen.4.17,23,27,24,28,Weib,Frau,word:Weib-Frau
Gen.4.19,36,42,36,42,Weiber,Frauen,word:Weib-Frau
Gen.4.23,28,35,28,34,Weibern,Frauen,word:Weib-Frau
Gen.4.23,76,82,75,81,Weiber,Frauen,word:Weib-Frau
Gen.4.25,18,22,18,23,sein,seine,grammar:Frau-determiner
Gen.4.25,23,27,24,28,Weib,Frau,word:Weib-Frau
Gen.5.5,5,8,5,9,daß,dass,orthography:wordlist
Gen.5.8,5,8,5,9,daß,dass,orthography:wordlist
Gen.5.11,5,8,5,9,daß,dass,orthography:wordlist
Gen.5.14,5,8,5,9,daß,dass,orthography:wordlist
Gen.5.17,5,8,5,9,daß,dass,orthography:wordlist
Gen.5.20,5,8,5,9,daß,dass,orthography:wordlist
Gen.5.23,5,8,5,9,daß,dass,orthography:wordlist
Gen.5.27,5,8,5,9,daß,dass,orthography:wordlist
Gen.5.31,5,8,5,9,daß,dass,orthography:wordlist
Gen.6.2,60,63,60,64,daß,dass,orthography:wordlist
Gen.6.2,141,148,142,148,Weibern,Frauen,word:Weib-Frau
Gen.6.3,75,78,75,79,daß,dass,orthography:wordlist
Gen.6.4,81,84,81,85,daß,dass,orthography:wordlist
Gen.6.5,23,26,23,27,daß,dass,orthography:wordlist
Gen.6.6,23,26,23,27,daß,dass,orthography:wordlist
Gen.6.7,203,206,203,207,daß,dass,orthography:wordlist
Gen.6.18,103,107,103,108,dein,deine,grammar:Frau-determiner
Gen.6.18,108,112,109,113,Weib,Frau,word:Weib-Frau
Gen.6.18,130,136,131,137,Weiber,Frauen,word:Weib-Frau
Gen.6.19,86,89,86,90,daß,dass,orthography:wordlist
Gen.6.21,99,102,99,103,daß,dass,orthography:wordlist
Gen.7.7,51,57,51,57,seinem,seiner,grammar:Frau-determiner
Gen.7.7,58,62,58,62,Weib,Frau,word:Weib-Frau
Gen.7.7,80,87,80,86,Weibern,Frauen,word:Weib-Frau
Gen.7.10,41,44,41,45,daß,dass,orthography:wordlist
Gen.7.13,106,112,106,112,seinem,seiner,grammar:Frau-determiner
Gen.7.13,113,118,113,117,Weibe,Frau,word:Weib-Frau
Gen.7.13,132,139,131,137,Weibern,Frauen,word:Weib-Frau
Gen.7.16,118,124,118,125,schloß,schloss,orthography:wordlist
Gen.7.17,52,57,52,58,ergoß,ergoss,orthography:wordlist
Gen.7.17,99,102,100,104,daß,dass,orthography:wordlist
Gen.7.18,53,56,53,57,daß,dass,orthography:wordlist
Gen.7.19,40,43,40,44,daß,dass,orthography:wordlist
Gen.8.1,138,141,138,142,daß,dass,orthography:wordlist
Gen.8.3,66,69,66,70,daß,dass,orthography:wordlist
Gen.8.6,47,50,47,51,daß,dass,orthography:wordlist
Gen.8.8,33,36,33,37,daß,dass,orthography:wordlist
Gen.8.11,132,135,132,136,daß,dass,orthography:wordlist
Gen.8.16,26,30,26,31,dein,deine,grammar:Frau-determiner
Gen.8.16,31,35,32,36,Weib,Frau,word:Weib-Frau
Gen.8.16,69,75,70,76,Weiber,Frauen,word:Weib-Frau
Gen.8.18,45,51,45,51,seinem,seiner,grammar:Frau-determiner
Gen.8.18,52,56,52,56,Weib,Frau,word:Weib-Frau
Gen.8.18,74,81,74,80,Weibern,Frauen,word:Weib-Frau
Gen.9.7,66,69,66,70,daß,dass,orthography:wordlist
Gen.9.11,57,60,57,61,daß,dass,orthography:wordlist
Gen.9.11,144,147,145,149,daß,dass,orthography:wordlist
Gen.9.14,23,26,23,27,daß,dass,orthography:wordlist
Gen.9.15,123,126,123,127,daß,dass,orthography:wordlist
Gen.9.16,41,44,41,45,daß,dass,orthography:wordlist
Gen.9.23,156,159,156,160,daß,dass,orthography:wordlist
Gen.9.29,5,8,5,9,daß,dass,orthography:wordlist
Gen.11.3,46,50,46,51,laßt,lasst,orthography:wordlist
Gen.11.4,26,30,26,31,laßt,lasst,orthography:wordlist
Gen.11.4,108,111,109,113,daß,dass,orthography:wordlist
Gen.11.5,24,27,24,28,daß,dass,orthography:wordlist
Gen.11.7,17,21,17,22,laßt,lasst,orthography:wordlist
Gen.11.7,75,78,76,80,daß,dass,orthography:wordlist
Gen.11.8,61,64,61,65,daß,dass,orthography:wordlist
Gen.11.29,37,43,37,43,Weiber,Frauen,word:Weib-Frau
Gen.11.29,52,56,52,56,Weib,Frau,word:Weib-Frau
Gen.11.29,76,80,76,80,Weib,Frau,word:Weib-Frau
Gen.11.31,121,124,121,124,das,die,grammar:Frau-determiner
Gen.11.31,125,129,125,129,Weib,Frau,word:Weib-Frau
Gen.12.5,15,19,15,20,sein,seine,grammar:Frau-determiner
Gen.12.5,20,24,21,25,Weib,Frau,word:Weib-Frau
Gen.12.8,93,96,93,97,daß,dass,orthography:wordlist
Gen.12.11,46,52,46,52,seinem,seiner,grammar:Frau-determiner
Gen.12.11,53,57,53,57,Weib,Frau,word:Weib-Frau
Gen.12.11,87,90,87,91,daß,dass,orthography:wordlist
Gen.12.11,94,97,95,99,ein,eine,grammar:Frau-determiner
Gen.12.11,98,102,100,104,Weib,Frau,word:Weib-Frau
Gen.12.12,62,66,62,67,sein,seine,grammar:Frau-determiner
Gen.12.12,67,71,68,72,Weib,Frau,word:Weib-Frau
Gen.12.13,41,44,41,45,daß,dass,orthography:wordlist
Gen.12.14,50,53,50,53,das,die,grammar:Frau-determiner
Gen.12.14,54,58,54,58,Weib,Frau,word:Weib-Frau
Gen.12.14,60,63,60,64,daß,dass,orthography:wordlist
Gen.12.15,95,98,95,98,das,die,grammar:Frau-determiner
Gen.12.15,99,103,99,103,Weib,Frau,word:Weib-Frau
Gen.12.17,75,78,75,78,des,der,grammar:Frau-determiner
Gen.12.17,79,85,79,83,Weibes,Frau,word:Weib-Frau
Gen.12.18,108,111,108,112,daß,dass,orthography:wordlist
Gen.12.18,116,120,117,122,dein,deine,grammar:Frau-determiner
Gen.12.18,121,125,123,127,Weib,Frau,word:Weib-Frau
Gen.12.19,50,53,50,54,daß,dass,orthography:wordlist
Gen.12.19,66,69,67,70,zum,zur,grammar:Frau-determiner
Gen.12.19,70,75,71,75,Weibe,Frau,word:Weib-Frau
Gen.12.19,113,117,113,118,dein,deine,grammar:Frau-determiner
Gen.12.19,118,122,119,123,Weib,Frau,word:Weib-Frau
Gen.12.20,75,81,75,81,seinem,seiner,grammar:Frau-determiner
Gen.12.20,82,86,82,86,Weib,Frau,word:Weib-Frau
Gen.13.1,18,24,18,24,seinem,seiner,grammar:Frau-determiner
Gen.13.1,25,29,25,29,Weib,Frau,word:Weib-Frau
Gen.13.6,39,42,39,43,daß,dass,orthography:wordlist
Gen.14.2,0,3,0,4,daß,dass,orthography:wordlist
Gen.14.14,21,24,21,25,daß,dass,orthography:wordlist
Gen.14.16,82,88,82,88,Weiber,Frauen,word:Weib-Frau
Gen.14.23,9,12,9,13,daß,dass,orthography:wordlist
Gen.14.23,99,102,100,104,daß,dass,orthography:wordlist
Gen.15.1,48,51,48,52,daß,dass,orthography:wordlist
Gen.15.7,88,91,88,92,daß,dass,orthography:wordlist
Gen.15.8,54,57,54,58,daß,dass,orthography:wordlist
Gen.15.13,39,44,39,45,gewiß,gewiss,orthography:wordlist
Gen.15.13,53,56,54,58,daß,dass,orthography:wordlist
Gen.15.18,108,112,108,113,Fluß,Fluss,orthography:wordlist
Gen.16.1,28,32,28,32,Weib,Frau,word:Weib-Frau
Gen.16.2,71,74,71,75,daß,dass,orthography:wordlist
Gen.16.3,22,26,22,26,Weib,Frau,word:Weib-Frau
Gen.16.3,149,152,149,152,zum,zur,grammar:Frau-determiner
Gen.16.3,153,158,153,157,Weibe,Frau,word:Weib-Frau
Gen.16.4,63,66,63,67,daß,dass,orthography:wordlist
Gen.16.5,140,143,140,144,daß,dass,orthography:wordlist
Gen.16.5,168,171,169,173,muß,muss,orthography:wordlist
Gen.16.10,81,84,81,85,daß,dass,orthography:wordlist
Gen.17.7,113,116,113,117,daß,dass,orthography:wordlist
Gen.17.7,147,150,148,152,daß,dass,orthography:wordlist
Gen.17.15,73,77,73,78,dein,deine,grammar:Frau-determiner
Gen.17.15,78,82,79,83,Weib,Frau,word:Weib-Frau
Gen.17.18,33,36,33,37,daß,dass,orthography:wordlist
Gen.17.19,37,41,37,42,dein,deine,grammar:Frau-determiner
Gen.17.19,42,46,43,47,Weib,Frau,word:Weib-Frau
Gen.18.4,35,38,35,39,daß,dass,orthography:wordlist
Gen.18.5,39,42,39,43,daß,dass,orthography:wordlist
Gen.18.9,31,35,31,36,dein,deine,grammar:Frau-determiner
Gen.18.9,36,40,37,41,Weib,Frau,word:Weib-Frau
Gen.18.10,14,19,14,20,Gewiß,Gewiss,orthography:wordlist
Gen.18.10,95,99,96,101,dein,deine,grammar:Frau-determiner
Gen.18.10,100,104,102,106,Weib,Frau,word:Weib-Frau
Gen.18.11,80,83,80,84,daß,dass,orthography:wordlist
Gen.18.11,113,119,114,120,Weiber,Frauen,word:Weib-Frau
Gen.18.18,11,16,11,17,gewiß,gewiss,orthography:wordlist
Gen.18.19,33,36,33,37,daß,dass,orthography:wordlist
Gen.18.21,133,136,133,137,daß,dass,orthography:wordlist
Gen.18.25,32,35,32,36,daß,dass,orthography:wordlist
Gen.18.25,107,110,108,112,daß,dass,orthography:wordlist
Gen.18.32,44,47,44,48,daß,dass,orthography:wordlist
Gen.19.5,120,123,120,124,daß,dass,orthography:wordlist
Gen.19.6,32,38,32,39,schloß,schloss,orthography:wordlist
Gen.19.8,101,104,101,105,daß,dass,orthography:wordlist
Gen.19.9,34,37,34,38,daß,dass,orthography:wordlist
Gen.19.11,78,81,78,82,daß,dass,orthography:wordlist
Gen.19.15,93,97,93,98,dein,deine,grammar:Frau-determiner
Gen.19.15,98,102,99,103,Weib,Frau,word:Weib-Frau
Gen.19.16,49,53,49,54,sein,seine,grammar:Frau-determiner
Gen.19.16,54,58,55,59,Weib,Frau,word:Weib-Frau
Gen.19.17,179,182,179,183,daß,dass,orthography:wordlist
Gen.19.19,108,111,108,112,daß,dass,orthography:wordlist
Gen.19.19,227,230,228,232,daß,dass,orthography:wordlist
Gen.19.20,31,34,31,35,daß,dass,orthography:wordlist
Gen.19.20,85,88,86,90,laß,lass,orthography:wordlist
Gen.19.20,146,149,148,152,daß,dass,orthography:wordlist
Gen.19.21,71,74,71,75,daß,dass,orthography:wordlist
Gen.19.26,4,8,4,9,sein,seine,grammar:Frau-determiner
Gen.19.26,9,13,10,14,Weib,Frau,word:Weib-Frau
Gen.19.34,143,146,143,147,daß,dass,orthography:wordlist
Gen.19.34,184,187,185,189,daß,dass,orthography:wordlist
Gen.20.2,59,65,59,65,seinem,seiner,grammar:Frau-determiner
Gen.20.2,66,71,66,70,Weibe,Frau,word:Weib-Frau
Gen.20.3,97,100,97,100,des,der,grammar:Frau-determiner
Gen.20.3,101,107,101,105,Weibes,Frau,word:Weib-Frau
Gen.20.3,164,171,162,169,Eheweib,Ehefrau,word:Weib-Frau
Gen.20.6,43,46,43,47,daß,dass,orthography:wordlist
Gen.20.6,127,130,128,132,daß,dass,orthography:wordlist
Gen.20.6,206,209,208,212,daß,dass,orthography:wordlist
Gen.20.7,21,25,21,26,sein,seine,grammar:Frau-determiner
Gen.20.7,26,30,27,31,Weib,Frau,word:Weib-Frau
Gen.20.7,169,172,170,174,daß,dass,orthography:wordlist
Gen.20.7,176,181,178,184,gewiß,gewiss,orthography:wordlist
Gen.20.7,190,194,193,198,mußt,musst,orthography:wordlist
Gen.20.9,110,113,110,114,daß,dass,orthography:wordlist
Gen.20.11,121,127,121,127,meines,meiner,grammar:Frau-determiner
Gen.20.11,128,134,128,132,Weibes,Frau,word:Weib-Frau
Gen.20.12,123,127,123,128,mein,meine,grammar:Frau-determiner
Gen.20.12,128,132,129,133,Weib,Frau,word:Weib-Frau
Gen.20.13,72,76,72,77,mußt,musst,orthography:wordlist
Gen.20.13,97,100,98,102,daß,dass,orthography:wordlist
Gen.20.14,128,132,128,133,sein,seine,grammar:Frau-determiner
Gen.20.14,133,137,134,138,Weib,Frau,word:Weib-Frau
Gen.20.15,81,84,81,85,laß,lass,orthography:wordlist
Gen.20.17,80,84,80,85,sein,seine,grammar:Frau-determiner
Gen.20.17,85,89,86,90,Weib,Frau,word:Weib-Frau
Gen.20.17,107,110,108,112,daß,dass,orthography:wordlist
Gen.20.18,93,96,93,96,des,der,grammar:Frau-determiner
Gen.20.18,97,103,97,101,Weibes,Frau,word:Weib-Frau
Gen.21.7,48,51,48,52,daß,dass,orthography:wordlist
Gen.21.7,72,75,73,77,daß,dass,orthography:wordlist
Gen.21.9,15,18,15,19,daß,dass,orthography:wordlist
Gen.21.11,12,19,12,20,mißfiel,missfiel,orthography:wordlist
Gen.21.16,42,52,42,53,Bogenschuß,Bogenschuss,orthography:wordlist
Gen.21.19,32,35,32,36,daß,dass,orthography:wordlist
Gen.21.21,60,63,60,64,ein,eine,grammar:Frau-determiner
Gen.21.21,64,68,65,69,Weib,Frau,word:Weib-Frau
Gen.21.23,34,37,34,38,daß,dass,orthography:wordlist
Gen.21.30,96,99,96,100,daß,dass,orthography:wordlist
Gen.22.10,40,45,40,46,faßte,fasste,orthography:wordlist
Gen.22.12,86,89,86,90,daß,dass,orthography:wordlist
Gen.22.14,59,62,59,63,daß,dass,orthography:wordlist
Gen.22.17,14,19,14,20,gewiß,gewiss,orthography:wordlist
Gen.23.2,95,98,95,99,daß,dass,orthography:wordlist
Gen.23.4,80,83,80,84,daß,dass,orthography:wordlist
Gen.23.6,159,162,159,163,daß,dass,orthography:wordlist
Gen.23.8,55,58,55,59,daß,dass,orthography:wordlist
Gen.23.9,0,3,0,4,daß,dass,orthography:wordlist
Gen.23.13,23,26,23,27,daß,dass,orthography:wordlist
Gen.23.19,61,65,61,66,sein,seine,grammar:Frau-determiner
Gen.23.19,66,70,67,71,Weib,Frau,word:Weib-Frau
Gen.24.3,0,3,0,4,daß,dass,orthography:wordlist
Gen.24.3,78,81,79,83,daß,dass,orthography:wordlist
Gen.24.3,98,102,100,105,kein,keine,grammar:Frau-determiner
Gen.24.3,103,107,106,110,Weib,Frau,word:Weib-Frau
Gen.24.4,8,11,8,12,daß,dass,orthography:wordlist
Gen.24.4,92,95,93,97,ein,eine,grammar:Frau-determiner
Gen.24.4,96,100,98,102,Weib,Frau,word:Weib-Frau
Gen.24.5,57,60,57,60,das,die,grammar:Frau-determiner
Gen.24.5,61,65,61,65,Weib,Frau,word:Weib-Frau
Gen.24.7,251,254,251,255,daß,dass,orthography:wordlist
Gen.24.7,279,282,280,284,ein,eine,grammar:Frau-determiner
Gen.24.7,283,287,285,289,Weib,Frau,word:Weib-Frau
Gen.24.8,5,8,5,8,das,die,grammar:Frau-determiner
Gen.24.8,9,13,9,13,Weib,Frau,word:Weib-Frau
Gen.24.12,53,56,53,57,laß,lass,orthography:wordlist
Gen.24.14,73,76,73,77,daß,dass,orthography:wordlist
Gen.24.14,249,252,250,254,daß,dass,orthography:wordlist
Gen.24.15,105,108,105,108,des,der,grammar:Frau-determiner
Gen.24.15,109,115,109,113,Weibes,Frau,word:Weib-Frau
Gen.24.17,44,47,44,48,Laß,Lass,orthography:wordlist
Gen.24.35,50,53,50,54,daß,dass,orthography:wordlist
Gen.24.36,29,33,29,33,Weib,Frau,word:Weib-Frau
Gen.24.37,89,93,89,94,kein,keine,grammar:Frau-determiner
Gen.24.37,94,98,95,99,Weib,Frau,word:Weib-Frau
Gen.24.38,101,104,101,105,ein,eine,grammar:Frau-determiner
Gen.24.38,105,109,106,110,Weib,Frau,word:Weib-Frau
Gen.24.39,47,50,47,50,das,die,grammar:Frau-determiner
Gen.24.39,51,55,51,55,Weib,Frau,word:Weib-Frau
Gen.24.40,116,119,116,120,daß,dass,orthography:wordlist
Gen.24.40,190,193,191,195,ein,eine,grammar:Frau-determiner
Gen.24.40,194,198,196,200,Weib,Frau,word:Weib-Frau
Gen.24.44,95,98,95,98,das,die,grammar:Frau-determiner
Gen.24.44,99,103,99,103,Weib,Frau,word:Weib-Frau
Gen.24.48,143,146,143,147,daß,dass,orthography:wordlist
Gen.24.49,104,107,104,108,daß,dass,orthography:wordlist
Gen.24.51,48,51,48,52,daß,dass,orthography:wordlist
Gen.24.51,56,59,57,60,das,die,grammar:Frau-determiner
Gen.24.51,60,64,61,65,Weib,Frau,word:Weib-Frau
Gen.24.55,42,45,42,46,Laß,Lass,orthography:wordlist
Gen.24.67,88,92,88,93,sein,seine,grammar:Frau-determiner
Gen.24.67,93,97,94,98,Weib,Frau,word:Weib-Frau
Gen.25.1,24,27,24,28,ein,eine,grammar:Frau-determiner
Gen.25.1,28,32,29,33,Weib,Frau,word:Weib-Frau
Gen.25.10,82,86,82,87,sein,seine,grammar:Frau-determiner
Gen.25.10,87,91,88,92,Weib,Frau,word:Weib-Frau
Gen.25.20,132,135,132,135,zum,zur,grammar:Frau-determiner
Gen.25.20,136,141,136,140,Weibe,Frau,word:Weib-Frau
Gen.25.21,38,42,38,43,sein,seine,grammar:Frau-determiner
Gen.25.21,43,47,44,48,Weib,Frau,word:Weib-Frau
Gen.25.21,120,124,121,126,sein,seine,grammar:Frau-determiner
Gen.25.21,125,129,127,131,Weib,Frau,word:Weib-Frau
Gen.25.24,21,24,21,25,daß,dass,orthography:wordlist
Gen.25.30,26,29,26,30,Laß,Lass,orthography:wordlist
Gen.25.32,37,40,37,41,muß,muss,orthography:wordlist
Gen.26.7,38,44,38,44,seinem,seiner,grammar:Frau-determiner
Gen.26.7,45,50,45,49,Weibe,Frau,word:Weib-Frau
Gen.26.7,140,144,139,144,mein,meine,grammar:Frau-determiner
Gen.26.7,145,149,145,149,Weib,Frau,word:Weib-Frau
Gen.26.8,113,116,113,117,daß,dass,orthography:wordlist
Gen.26.8,136,142,137,143,seinem,seiner,grammar:Frau-determiner
Gen.26.8,143,148,144,148,Weibe,Frau,word:Weib-Frau
Gen.26.9,55,59,55,60,dein,deine,grammar:Frau-determiner
Gen.26.9,60,64,61,65,Weib,Frau,word:Weib-Frau
Gen.26.10,106,112,106,112,deinem,deiner,grammar:Frau-determiner
Gen.26.10,113,118,113,117,Weibe,Frau,word:Weib-Frau
Gen.26.11,69,73,69,74,sein,seine,grammar:Frau-determiner
Gen.26.11,74,78,75,79,Weib,Frau,word:Weib-Frau
Gen.26.22,169,172,169,173,daß,dass,orthography:wordlist
Gen.26.28,42,45,42,46,daß,dass,orthography:wordlist
Gen.26.29,0,3,0,4,daß,dass,orthography:wordlist
Gen.26.34,40,46,40,46,Weiber,Frauen,word:Weib-Frau
Gen.26.35,35,42,35,43,Verdruß,Verdruss,orthography:wordlist
Gen.27.1,68,71,68,72,daß,dass,orthography:wordlist
Gen.27.4,87,90,87,91,daß,dass,orthography:wordlist
Gen.27.4,105,108,106,110,daß,dass,orthography:wordlist
Gen.27.6,56,59,56,60,daß,dass,orthography:wordlist
Gen.27.7,184,187,184,188,daß,dass,orthography:wordlist
Gen.27.9,66,69,66,70,daß,dass,orthography:wordlist
Gen.27.10,41,44,41,45,daß,dass,orthography:wordlist
Gen.27.11,99,103,99,102,rauh,rau,orthography:wordlist
Gen.27.19,148,150,148,151,iß,iss,orthography:wordlist
Gen.27.19,172,175,173,177,daß,dass,orthography:wordlist
Gen.27.21,77,80,77,81,daß,dass,orthography:wordlist
Gen.27.23,51,55,51,54,rauh,rau,orthography:wordlist
Gen.27.25,74,77,74,78,daß,dass,orthography:wordlist
Gen.27.27,22,27,22,28,küßte,küsste,orthography:wordlist
Gen.27.31,120,122,120,123,iß,iss,orthography:wordlist
Gen.27.31,155,158,156,160,daß,dass,orthography:wordlist
Gen.27.40,114,117,114,118,daß,dass,orthography:wordlist
Gen.27.45,45,52,45,53,vergißt,vergisst,orthography:wordlist
Gen.27.46,90,93,90,94,ein,eine,grammar:Frau-determiner
Gen.27.46,94,98,95,99,Weib,Frau,word:Weib-Frau
Gen.28.1,75,79,75,80,kein,keine,grammar:Frau-determiner
Gen.28.1,80,84,81,85,Weib,Frau,word:Weib-Frau
Gen.28.2,114,117,114,118,ein,eine,grammar:Frau-determiner
Gen.28.2,118,122,119,123,Weib,Frau,word:Weib-Frau
Gen.28.3,77,80,77,81,daß,dass,orthography:wordlist
Gen.28.4,63,66,63,67,daß,dass,orthography:wordlist
Gen.28.5,34,37,34,38,daß,dass,orthography:wordlist
Gen.28.6,18,21,18,22,daß,dass,orthography:wordlist
Gen.28.6,92,95,93,97,daß,dass,orthography:wordlist
Gen.28.6,113,116,115,119,ein,eine,grammar:Frau-determiner
Gen.28.6,117,121,120,124,Weib,Frau,word:Weib-Frau
Gen.28.6,132,135,135,139,daß,dass,orthography:wordlist
Gen.28.6,195,199,199,204,kein,keine,grammar:Frau-determiner
Gen.28.6,200,204,205,209,Weib,Frau,word:Weib-Frau
Gen.28.7,4,7,4,8,daß,dass,orthography:wordlist
Gen.28.8,19,22,19,23,daß,dass,orthography:wordlist
Gen.28.9,46,53,46,52,Weibern,Frauen,word:Weib-Frau
Gen.28.9,141,144,140,143,zum,zur,grammar:Frau-determiner
Gen.28.9,145,150,144,148,Weibe,Frau,word:Weib-Frau
Gen.28.16,52,57,52,58,Gewiß,Gewiss,orthography:wordlist
Gen.28.16,94,99,95,101,wußte,wusste,orthography:wordlist
Gen.28.18,137,140,137,141,goß,goss,orthography:wordlist
Gen.29.2,128,134,128,135,mußten,mussten,orthography:wordlist
Gen.29.11,10,15,10,16,küßte,küsste,orthography:wordlist
Gen.29.12,26,29,26,30,daß,dass,orthography:wordlist
Gen.29.13,103,108,103,109,küßte,küsste,orthography:wordlist
Gen.29.21,62,66,62,67,mein,meine,grammar:Frau-determiner
Gen.29.21,67,71,68,72,Weib,Frau,word:Weib-Frau
Gen.29.21,73,76,74,78,daß,dass,orthography:wordlist
Gen.29.26,63,66,63,67,daß,dass,orthography:wordlist
Gen.29.28,94,97,94,97,zum,zur,grammar:Frau-determiner
Gen.29.28,98,103,98,102,Weibe,Frau,word:Weib-Frau
Gen.29.31,23,26,23,27,daß,dass,orthography:wordlist
Gen.29.31,31,38,32,40,verhaßt,verhasst,orthography:wordlist
Gen.29.33,83,86,83,87,daß,dass,orthography:wordlist
Gen.29.33,91,98,92,100,verhaßt,verhasst,orthography:wordlist
Gen.30.1,20,23,20,24,daß,dass,orthography:wordlist
Gen.30.3,71,74,71,75,daß,dass,orthography:wordlist
Gen.30.4,32,35,32,35,zum,zur,grammar:Frau-determiner
Gen.30.4,36,41,36,40,Weibe,Frau,word:Weib-Frau
Gen.30.9,17,20,17,21,daß,dass,orthography:wordlist
Gen.30.9,91,94,92,95,zum,zur,grammar:Frau-determiner
Gen.30.9,95,100,96,100,Weibe,Frau,word:Weib-Frau
Gen.30.15,51,54,51,55,daß,dass,orthography:wordlist
Gen.30.18,37,40,37,41,daß,dass,orthography:wordlist
Gen.30.25,77,80,77,81,daß,dass,orthography:wordlist
Gen.30.26,23,29,23,29,Weiber,Frauen,word:Weib-Frau
Gen.30.26,74,77,74,78,daß,dass,orthography:wordlist
Gen.30.27,32,35,32,36,daß,dass,orthography:wordlist
Gen.31.2,15,18,15,19,daß,dass,orthography:wordlist
Gen.31.5,49,52,49,53,daß,dass,orthography:wordlist
Gen.31.7,109,112,109,113,daß,dass,orthography:wordlist
Gen.31.10,66,69,66,70,daß,dass,orthography:wordlist
Gen.31.17,56,62,56,62,Weiber,Frauen,word:Weib-Frau
Gen.31.20,83,86,83,87,daß,dass,orthography:wordlist
Gen.31.22,37,40,37,41,daß,dass,orthography:wordlist
Gen.31.29,111,114,111,115,daß,dass,orthography:wordlist
Gen.31.32,197,202,197,203,wußte,wusste,orthography:wordlist
Gen.31.32,218,221,219,223,daß,dass,orthography:wordlist
Gen.31.36,133,136,133,137,daß,dass,orthography:wordlist
Gen.31.39,53,58,53,59,mußte,musste,orthography:wordlist
Gen.31.52,60,63,60,64,daß,dass,orthography:wordlist
Gen.31.52,123,126,124,128,daß,dass,orthography:wordlist
Gen.32.1,36,41,36,42,küßte,küsste,orthography:wordlist
Gen.32.5,79,83,79,84,läßt,lässt,orthography:wordlist
Gen.32.23,64,70,64,70,Weiber,Frauen,word:Weib-Frau
Gen.32.24,36,40,36,41,Fluß,Fluss,orthography:wordlist
Gen.32.26,19,22,19,23,daß,dass,orthography:wordlist
Gen.32.26,85,88,86,90,daß,dass,orthography:wordlist
Gen.32.27,21,24,21,25,Laß,Lass,orthography:wordlist
Gen.33.4,65,70,65,71,küßte,küsste,orthography:wordlist
Gen.33.5,44,50,44,50,Weiber,Frauen,word:Weib-Frau
Gen.33.11,155,158,155,159,daß,dass,orthography:wordlist
Gen.33.12,17,20,17,21,Laß,Lass,orthography:wordlist
Gen.33.13,36,39,36,40,daß,dass,orthography:wordlist
Gen.34.4,93,96,93,96,zum,zur,grammar:Frau-determiner
Gen.34.4,97,102,97,101,Weibe,Frau,word:Weib-Frau
Gen.34.5,37,40,37,41,daß,dass,orthography:wordlist
Gen.34.7,121,124,121,125,daß,dass,orthography:wordlist
Gen.34.8,108,111,108,111,zum,zur,grammar:Frau-determiner
Gen.34.8,112,117,112,116,Weibe,Frau,word:Weib-Frau
Gen.34.11,55,59,55,60,Laßt,Lasst,orthography:wordlist
Gen.34.12,133,136,133,136,zum,zur,grammar:Frau-determiner
Gen.34.12,137,142,137,141,Weibe,Frau,word:Weib-Frau
Gen.34.14,49,52,49,53,daß,dass,orthography:wordlist
Gen.34.15,54,57,54,58,daß,dass,orthography:wordlist
Gen.34.17,36,39,36,40,daß,dass,orthography:wordlist
Gen.34.21,146,153,146,152,Weibern,Frauen,word:Weib-Frau
Gen.34.22,110,113,110,114,daß,dass,orthography:wordlist
Gen.34.25,59,62,59,63,daß,dass,orthography:wordlist
Gen.34.29,55,61,55,61,Weiber,Frauen,word:Weib-Frau
Gen.34.30,74,77,74,78,daß,dass,orthography:wordlist
Gen.34.30,87,94,88,96,verhaßt,verhasst,orthography:wordlist
Gen.35.3,58,61,58,62,daß,dass,orthography:wordlist
Gen.35.5,92,95,92,96,daß,dass,orthography:wordlist
Gen.35.14,95,98,95,99,goß,goss,orthography:wordlist
Gen.35.22,56,59,56,60,daß,dass,orthography:wordlist
Gen.36.2,34,40,34,40,Weiber,Frauen,word:Weib-Frau
Gen.36.6,20,26,20,26,Weiber,Frauen,word:Weib-Frau
Gen.36.7,28,31,28,32,daß,dass,orthography:wordlist
Gen.36.10,57,60,57,60,des,der,grammar:Frau-determiner
Gen.36.10,61,67,61,65,Weibes,Frau,word:Weib-Frau
Gen.36.10,102,105,100,103,des,der,grammar:Frau-determiner
Gen.36.10,106,112,104,108,Weibes,Frau,word:Weib-Frau
Gen.36.12,117,120,117,120,dem,der,grammar:Frau-determiner
Gen.36.12,121,126,121,125,Weibe,Frau,word:Weib-Frau
Gen.36.13,103,106,103,106,dem,der,grammar:Frau-determiner
Gen.36.13,107,112,107,111,Weibe,Frau,word:Weib-Frau
Gen.36.14,31,34,31,34,dem,der,grammar:Frau-determiner
Gen.36.14,35,40,35,39,Weibe,Frau,word:Weib-Frau
Gen.36.17,194,197,194,197,des,der,grammar:Frau-determiner
Gen.36.17,198,204,198,202,Weibes,Frau,word:Weib-Frau
Gen.36.18,32,35,32,35,des,der,grammar:Frau-determiner
Gen.36.18,36,42,36,40,Weibes,Frau,word:Weib-Frau
Gen.36.18,161,164,159,162,des,der,grammar:Frau-determiner
Gen.36.18,165,171,163,167,Weibes,Frau,word:Weib-Frau
Gen.36.39,98,102,98,103,sein,seine,grammar:Frau-determiner
Gen.36.39,103,107,104,108,Weib,Frau,word:Weib-Frau
Gen.37.2,173,179,173,179,Weiber,Frauen,word:Weib-Frau
Gen.37.4,28,31,28,32,daß,dass,orthography:wordlist
Gen.37.4,82,88,83,90,haßten,hassten,orthography:wordlist
Gen.37.5,78,84,78,85,haßten,hassten,orthography:wordlist
Gen.37.8,108,114,108,115,haßten,hassten,orthography:wordlist
Gen.37.17,103,107,103,108,laßt,lasst,orthography:wordlist
Gen.37.26,58,61,58,62,daß,dass,orthography:wordlist
Gen.37.29,89,95,89,96,zerriß,zerriss,orthography:wordlist
Gen.37.33,104,109,104,110,gewiß,gewiss,orthography:wordlist
Gen.37.34,10,16,10,17,zerriß,zerriss,orthography:wordlist
Gen.38.1,28,31,28,32,daß,dass,orthography:wordlist
Gen.38.6,41,44,41,45,ein,eine,grammar:Frau-determiner
Gen.38.6,45,49,46,50,Weib,Frau,word:Weib-Frau
Gen.38.8,47,51,47,51,Weib,Frau,word:Weib-Frau
Gen.38.8,90,93,90,94,daß,dass,orthography:wordlist
Gen.38.9,13,18,13,19,wußte,wusste,orthography:wordlist
Gen.38.9,20,23,21,25,daß,dass,orthography:wordlist
Gen.38.9,101,105,103,107,Weib,Frau,word:Weib-Frau
Gen.38.11,39,43,39,43,Weib,Frau,word:Weib-Frau
Gen.38.12,65,69,65,69,Weib,Frau,word:Weib-Frau
Gen.38.14,176,179,176,180,daß,dass,orthography:wordlist
Gen.38.14,217,220,218,221,zum,zur,grammar:Frau-determiner
Gen.38.14,221,226,222,226,Weibe,Frau,word:Weib-Frau
Gen.38.16,46,49,46,50,Laß,Lass,orthography:wordlist
Gen.38.16,83,88,84,90,wußte,wusste,orthography:wordlist
Gen.38.16,96,99,98,102,daß,dass,orthography:wordlist
Gen.38.16,118,122,121,125,Weib,Frau,word:Weib-Frau
Gen.38.16,169,172,172,176,daß,dass,orthography:wordlist
Gen.38.18,44,47,44,48,daß,dass,orthography:wordlist
Gen.38.20,96,99,96,99,dem,der,grammar:Frau-determiner
Gen.38.20,100,105,100,104,Weibe,Frau,word:Weib-Frau
Gen.38.24,170,173,170,174,daß,dass,orthography:wordlist
Gen.38.29,127,130,127,131,Riß,Riss,orthography:wordlist
Gen.39.3,36,39,36,40,daß,dass,orthography:wordlist
Gen.39.3,66,69,67,71,daß,dass,orthography:wordlist
Gen.39.5,146,149,146,150,daß,dass,orthography:wordlist
Gen.39.7,44,47,44,48,daß,dass,orthography:wordlist
Gen.39.7,61,65,62,66,Weib,Frau,word:Weib-Frau
Gen.39.8,36,39,36,39,dem,der,grammar:Frau-determiner
Gen.39.8,40,45,40,44,Weibe,Frau,word:Weib-Frau
Gen.39.8,77,84,76,84,verläßt,verlässt,orthography:wordlist
Gen.39.9,125,129,125,130,sein,seine,grammar:Frau-determiner
Gen.39.9,130,134,131,135,Weib,Frau,word:Weib-Frau
Gen.39.10,71,74,71,75,daß,dass,orthography:wordlist
Gen.39.12,0,3,0,4,daß,dass,orthography:wordlist
Gen.39.13,17,20,17,21,daß,dass,orthography:wordlist
Gen.39.14,120,123,120,124,daß,dass,orthography:wordlist
Gen.39.15,18,21,18,22,daß,dass,orthography:wordlist
Gen.39.19,27,33,27,33,seines,seiner,grammar:Frau-determiner
Gen.39.19,34,40,34,38,Weibes,Frau,word:Weib-Frau
Gen.39.19,48,51,46,50,daß,dass,orthography:wordlist
Gen.40.1,48,51,48,52,daß,dass,orthography:wordlist
Gen.40.13,88,91,88,92,daß,dass,orthography:wordlist
Gen.40.14,119,122,119,123,daß,dass,orthography:wordlist
Gen.40.16,31,34,31,35,daß,dass,orthography:wordlist
Gen.40.19,74,77,74,78,daß,dass,orthography:wordlist
Gen.40.20,115,118,115,119,daß,dass,orthography:wordlist
Gen.40.21,70,73,70,74,daß,dass,orthography:wordlist
Gen.41.4,24,33,24,34,häßlichen,hässlichen,orthography:wordlist
Gen.41.6,39,47,39,48,sproßten,sprossten,orthography:wordlist
Gen.41.19,175,184,175,185,häßlichen,hässlichen,orthography:wordlist
Gen.41.20,19,28,19,29,häßlichen,hässlichen,orthography:wordlist
Gen.41.21,81,88,81,89,häßlich,hässlich,orthography:wordlist
Gen.41.23,26,34,26,35,sproßten,sprossten,orthography:wordlist
Gen.41.27,23,32,23,33,häßlichen,hässlichen,orthography:wordlist
Gen.41.29,46,54,46,55,Überfluß,Überfluss,orthography:wordlist
Gen.41.30,75,83,75,84,Überfluß,Überfluss,orthography:wordlist
Gen.41.31,44,47,44,48,daß,dass,orthography:wordlist
Gen.41.31,84,92,85,94,Überfluß,Überfluss,orthography:wordlist
Gen.41.32,0,3,0,4,Daß,Dass,orthography:wordlist
Gen.41.32,66,69,67,71,daß,dass,orthography:wordlist
Gen.41.32,79,84,81,87,gewiß,gewiss,orthography:wordlist
Gen.41.32,105,108,108,112,daß,dass,orthography:wordlist
Gen.41.36,118,121,118,122,daß,dass,orthography:wordlist
Gen.41.45,124,127,124,127,zum,zur,grammar:Frau-determiner
Gen.41.45,128,133,128,132,Weibe,Frau,word:Weib-Frau
Gen.41.48,71,79,71,80,Überfluß,Überfluss,orthography:wordlist
Gen.42.1,20,23,20,24,daß,dass,orthography:wordlist
Gen.42.2,93,96,93,97,daß,dass,orthography:wordlist
Gen.42.16,28,31,28,32,daß,dass,orthography:wordlist
Gen.42.23,4,10,4,11,wußten,wussten,orthography:wordlist
Gen.42.23,23,26,24,28,daß,dass,orthography:wordlist
Gen.42.25,59,62,59,63,daß,dass,orthography:wordlist
Gen.42.33,94,98,94,99,Laßt,Lasst,orthography:wordlist
Gen.42.34,70,73,70,74,daß,dass,orthography:wordlist
Gen.43.6,55,58,55,59,daß,dass,orthography:wordlist
Gen.43.6,83,86,84,88,daß,dass,orthography:wordlist
Gen.43.7,231,234,231,235,daß,dass,orthography:wordlist
Gen.43.8,129,132,129,133,daß,dass,orthography:wordlist
Gen.43.11,37,40,37,41,Muß,Muss,orthography:wordlist
Gen.43.14,74,77,74,78,daß,dass,orthography:wordlist
Gen.43.18,185,188,185,189,daß,dass,orthography:wordlist
Gen.43.21,80,83,80,84,daß,dass,orthography:wordlist
Gen.43.24,69,72,69,73,daß,dass,orthography:wordlist
Gen.43.25,92,95,92,96,daß,dass,orthography:wordlist
Gen.43.32,182,188,182,188,Greuel,Gräuel,orthography:wordlist
Gen.43.33,13,19,13,20,mußten,mussten,orthography:wordlist
Gen.43.33,99,102,100,104,daß,dass,orthography:wordlist
Gen.44.15,87,93,87,94,Wußtet,Wusstet,orthography:wordlist
Gen.44.15,105,108,106,110,daß,dass,orthography:wordlist
Gen.44.18,62,65,62,66,laß,lass,orthography:wordlist
Gen.44.27,55,58,55,59,daß,dass,orthography:wordlist
Gen.44.27,63,67,64,69,mein,meine,grammar:Frau-determiner
Gen.44.27,68,72,70,74,Weib,Frau,word:Weib-Frau
Gen.44.28,90,93,90,94,daß,dass,orthography:wordlist
Gen.44.28,105,108,106,110,muß,muss,orthography:wordlist
Gen.44.31,37,40,37,41,daß,dass,orthography:wordlist
Gen.44.31,65,68,66,70,daß,dass,orthography:wordlist
Gen.44.34,55,58,55,59,daß,dass,orthography:wordlist
Gen.45.2,23,26,23,27,daß,dass,orthography:wordlist
Gen.45.5,60,63,60,64,daß,dass,orthography:wordlist
Gen.45.6,31,34,31,35,daß,dass,orthography:wordlist
Gen.45.12,70,73,70,74,daß,dass,orthography:wordlist
Gen.45.15,7,12,7,13,küßte,küsste,orthography:wordlist
Gen.45.19,93,99,93,99,Weiber,Frauen,word:Weib-Frau
Gen.45.28,35,38,35,39,daß,dass,orthography:wordlist
Gen.46.4,63,68,63,69,gewiß,gewiss,orthography:wordlist
Gen.46.5,111,118,111,117,Weibern,Frauen,word:Weib-Frau
Gen.46.10,78,81,78,81,dem,der,grammar:Frau-determiner
Gen.46.10,96,101,96,100,Weibe,Frau,word:Weib-Frau
Gen.46.19,19,22,19,22,des,der,grammar:Frau-determiner
Gen.46.19,23,29,23,27,Weibes,Frau,word:Weib-Frau
Gen.46.26,107,113,107,113,Weiber,Frauen,word:Weib-Frau
Gen.46.27,81,84,81,85,daß,dass,orthography:wordlist
Gen.46.28,64,67,64,68,daß,dass,orthography:wordlist
Gen.46.30,108,111,108,112,daß,dass,orthography:wordlist
Gen.46.33,32,36,32,37,läßt,lässt,orthography:wordlist
Gen.46.34,189,195,189,195,Greuel,Gräuel,orthography:wordlist
Gen.47.6,34,37,34,38,laß,lass,orthography:wordlist
Gen.47.6,154,157,155,159,daß,dass,orthography:wordlist
Gen.47.18,122,125,122,126,daß,dass,orthography:wordlist
Gen.47.19,100,103,100,104,daß,dass,orthography:wordlist
Gen.47.19,166,169,167,171,daß,dass,orthography:wordlist
Gen.47.19,203,206,205,209,daß,dass,orthography:wordlist
Gen.47.26,62,65,62,66,daß,dass,orthography:wordlist
Gen.47.28,57,60,57,61,daß,dass,orthography:wordlist
Gen.47.29,22,25,22,26,daß,dass,orthography:wordlist
Gen.48.9,120,123,120,124,daß,dass,orthography:wordlist
Gen.48.10,57,60,57,61,daß,dass,orthography:wordlist
Gen.48.10,120,125,121,127,küßte,küsste,orthography:wordlist
Gen.48.11,29,32,29,33,Daß,Dass,orthography:wordlist
Gen.48.17,21,24,21,25,daß,dass,orthography:wordlist
Gen.49.1,57,60,57,61,daß,dass,orthography:wordlist
Gen.49.10,88,91,88,92,daß,dass,orthography:wordlist
Gen.49.15,17,20,17,21,daß,dass,orthography:wordlist
Gen.49.17,79,82,79,83,Roß,Ross,orthography:wordlist
Gen.49.17,104,107,105,109,daß,dass,orthography:wordlist
Gen.49.31,29,33,29,34,sein,seine,grammar:Frau-determiner
Gen.49.31,34,38,35,39,Weib,Frau,word:Weib-Frau
Gen.49.31,77,81,78,83,sein,seine,grammar:Frau-determiner
Gen.49.31,82,86,84,88,Weib,Frau,word:Weib-Frau
Gen.50.1,67,72,67,73,küßte,küsste,orthography:wordlist
Gen.50.2,51,54,51,55,daß,dass,orthography:wordlist
Gen.50.5,155,158,155,159,laß,lass,orthography:wordlist
Gen.50.5,182,185,183,187,daß,dass,orthography:wordlist
Gen.50.9,45,48,45,49,daß,dass,orthography:wordlist
Gen.50.15,30,33,30,34,daß,dass,orthography:wordlist
Gen.50.17,95,98,95,99,daß,dass,orthography:wordlist
Gen.50.20,74,77,74,78,daß,dass,orthography:wordlist
Gen.50.24,69,74,69,75,gewiß,gewiss,orthography:wordlist
Exod.1.7,85,88,85,89,daß,dass,orthography:wordlist
Exod.1.8,63,68,63,69,wußte,wusste,orthography:wordlist
Exod.1.10,17,21,17,22,laßt,lasst,orthography:wordlist
Exod.1.10,63,66,64,68,daß,dass,orthography:wordlist
Exod.1.12,105,108,105,109,daß,dass,orthography:wordlist
Exod.1.18,72,75,72,76,daß,dass,orthography:wordlist
Exod.2.2,4,7,4,7,das,die,grammar:Frau-determiner
Exod.2.2,8,12,8,12,Weib,Frau,word:Weib-Frau
Exod.2.2,60,63,60,64,daß,dass,orthography:wordlist
Exod.2.7,107,110,107,111,daß,dass,orthography:wordlist
Exod.2.9,109,112,109,112,Das,Die,grammar:Frau-determiner
Exod.2.9,113,117,113,117,Weib,Frau,word:Weib-Frau
Exod.2.11,101,104,101,105,daß,dass,orthography:wordlist
Exod.2.12,66,69,66,70,daß,dass,orthography:wordlist
Exod.2.20,94,97,94,98,daß,dass,orthography:wordlist
Exod.3.4,23,26,23,27,daß,dass,orthography:wordlist
Exod.3.8,27,30,27,31,daß,dass,orthography:wordlist
Exod.3.10,52,55,52,56,daß,dass,orthography:wordlist
Exod.3.11,52,55,52,56,daß,dass,orthography:wordlist
Exod.3.11,81,84,82,86,daß,dass,orthography:wordlist
Exod.3.12,70,73,70,74,daß,dass,orthography:wordlist
Exod.3.18,180,183,180,184,laß,lass,orthography:wordlist
Exod.3.18,233,236,234,238,daß,dass,orthography:wordlist
Exod.3.19,15,18,15,19,daß,dass,orthography:wordlist
Exod.3.21,61,64,61,65,daß,dass,orthography:wordlist
Exod.3.21,110,114,111,116,müßt,müsst,orthography:wordlist
Exod.3.22,12,17,12,16,jedes,jede,grammar:Frau-determiner
Exod.3.22,18,22,17,21,Weib,Frau,word:Weib-Frau
Exod.4.5,26,29,26,30,daß,dass,orthography:wordlist
Exod.4.9,72,76,72,77,Fluß,Fluss,orthography:wordlist
Exod.4.14,72,75,72,76,daß,dass,orthography:wordlist
Exod.4.20,15,19,15,20,sein,seine,grammar:Frau-determiner
Exod.4.20,20,24,21,25,Weib,Frau,word:Weib-Frau
Exod.4.21,75,78,75,79,daß,dass,orthography:wordlist
Exod.4.21,195,198,196,200,daß,dass,orthography:wordlist
Exod.4.23,20,23,20,24,Laß,Lass,orthography:wordlist
Exod.4.23,43,46,44,48,daß,dass,orthography:wordlist
Exod.4.27,116,121,116,122,küßte,küsste,orthography:wordlist
Exod.4.31,42,45,42,46,daß,dass,orthography:wordlist
Exod.4.31,93,96,94,98,daß,dass,orthography:wordlist
Exod.5.1,149,152,149,153,Laß,Lass,orthography:wordlist
Exod.5.1,171,174,172,176,daß,dass,orthography:wordlist
Exod.5.3,139,142,139,143,daß,dass,orthography:wordlist
Exod.5.7,90,94,90,95,Laßt,Lasst,orthography:wordlist
Exod.5.9,37,40,37,41,daß,dass,orthography:wordlist
Exod.5.12,55,58,55,59,daß,dass,orthography:wordlist
Exod.5.19,41,44,41,45,daß,dass,orthography:wordlist
Exod.5.21,64,67,64,68,daß,dass,orthography:wordlist
Exod.5.21,111,118,112,120,verhaßt,verhasst,orthography:wordlist
Exod.6.4,50,53,50,54,daß,dass,orthography:wordlist
Exod.6.7,65,68,65,69,daß,dass,orthography:wordlist
Exod.6.7,89,92,90,94,daß,dass,orthography:wordlist
Exod.6.8,79,82,79,83,daß,dass,orthography:wordlist
Exod.6.9,91,97,91,98,Mißmut,Missmut,orthography:wordlist
Exod.6.11,52,55,52,56,daß,dass,orthography:wordlist
Exod.6.13,124,127,124,128,daß,dass,orthography:wordlist
Exod.6.15,85,88,85,88,des,der,grammar:Frau-determiner
Exod.6.15,103,109,103,107,Weibes,Frau,word:Weib-Frau
Exod.6.20,35,38,35,38,zum,zur,grammar:Frau-determiner
Exod.6.20,39,44,39,43,Weibe,Frau,word:Weib-Frau
Exod.6.23,25,28,25,28,zum,zur,grammar:Frau-determiner
Exod.6.23,29,34,29,33,Weibe,Frau,word:Weib-Frau
Exod.6.25,46,49,46,50,ein,eine,grammar:Frau-determiner
Exod.6.25,50,54,51,55,Weib,Frau,word:Weib-Frau
Exod.6.27,74,77,74,78,daß,dass,orthography:wordlist
Exod.7.2,51,54,51,55,daß,dass,orthography:wordlist
Exod.7.3,45,48,45,49,daß,dass,orthography:wordlist
Exod.7.4,42,45,42,46,daß,dass,orthography:wordlist
Exod.7.5,42,45,42,46,daß,dass,orthography:wordlist
Exod.7.16,89,92,89,93,Laß,Lass,orthography:wordlist
Exod.7.16,110,113,111,115,daß,dass,orthography:wordlist
Exod.7.17,55,58,55,59,daß,dass,orthography:wordlist
Exod.7.18,3,6,3,7,daß,dass,orthography:wordlist
Exod.7.18,51,55,52,57,Fluß,Fluss,orthography:wordlist
Exod.7.19,199,202,199,203,daß,dass,orthography:wordlist
Exod.7.19,226,229,227,231,daß,dass,orthography:wordlist
Exod.7.21,61,64,61,65,daß,dass,orthography:wordlist
Exod.7.24,32,36,32,37,Fluß,Fluss,orthography:wordlist
Exod.7.25,54,58,54,59,Fluß,Fluss,orthography:wordlist
Exod.7.26,87,90,87,91,Laß,Lass,orthography:wordlist
Exod.7.26,108,111,109,113,daß,dass,orthography:wordlist
Exod.7.28,0,3,0,4,daß,dass,orthography:wordlist
Exod.7.28,8,12,9,14,Fluß,Fluss,orthography:wordlist
Exod.8.1,126,129,126,130,laß,lass,orthography:wordlist
Exod.8.4,70,73,70,74,daß,dass,orthography:wordlist
Exod.8.4,160,163,161,165,daß,dass,orthography:wordlist
Exod.8.5,155,158,155,159,daß,dass,orthography:wordlist
Exod.8.6,63,66,63,67,daß,dass,orthography:wordlist
Exod.8.6,81,84,82,86,daß,dass,orthography:wordlist
Exod.8.11,24,27,24,28,daß,dass,orthography:wordlist
Exod.8.12,103,106,103,107,daß,dass,orthography:wordlist
Exod.8.15,99,102,99,103,daß,dass,orthography:wordlist
Exod.8.16,152,155,152,156,Laß,Lass,orthography:wordlist
Exod.8.16,173,176,174,178,daß,dass,orthography:wordlist
Exod.8.17,166,169,166,170,daß,dass,orthography:wordlist
Exod.8.18,103,106,103,107,daß,dass,orthography:wordlist
Exod.8.18,162,165,163,167,daß,dass,orthography:wordlist
Exod.8.22,55,58,55,59,daß,dass,orthography:wordlist
Exod.8.22,125,131,126,132,Greuel,Gräuel,orthography:wordlist
Exod.8.22,173,179,174,180,Greuel,Gräuel,orthography:wordlist
Exod.8.24,51,54,51,55,daß,dass,orthography:wordlist
Exod.8.25,89,92,89,93,daß,dass,orthography:wordlist
Exod.8.25,191,194,192,196,daß,dass,orthography:wordlist
Exod.8.25,266,270,268,273,läßt,lässt,orthography:wordlist
Exod.8.27,46,49,46,50,daß,dass,orthography:wordlist
Exod.8.27,131,134,132,136,daß,dass,orthography:wordlist
Exod.9.1,113,116,113,117,Laß,Lass,orthography:wordlist
Exod.9.1,134,137,135,139,daß,dass,orthography:wordlist
Exod.9.4,102,105,102,106,daß,dass,orthography:wordlist
Exod.9.7,140,143,140,144,daß,dass,orthography:wordlist
Exod.9.9,0,3,0,4,daß,dass,orthography:wordlist
Exod.9.11,5,8,5,9,daß,dass,orthography:wordlist
Exod.9.12,46,49,46,50,daß,dass,orthography:wordlist
Exod.9.13,145,148,145,149,Laß,Lass,orthography:wordlist
Exod.9.13,166,169,167,171,daß,dass,orthography:wordlist
Exod.9.14,130,133,130,134,daß,dass,orthography:wordlist
Exod.9.15,98,101,98,102,daß,dass,orthography:wordlist
Exod.9.16,54,57,54,58,daß,dass,orthography:wordlist
Exod.9.16,89,92,90,94,daß,dass,orthography:wordlist
Exod.9.19,8,11,8,12,laß,lass,orthography:wordlist
Exod.9.23,81,84,81,85,daß,dass,orthography:wordlist
Exod.9.24,96,99,96,100,daß,dass,orthography:wordlist
Exod.9.28,32,35,32,36,daß,dass,orthography:wordlist
Exod.9.29,198,201,198,202,daß,dass,orthography:wordlist
Exod.9.30,15,18,15,19,daß,dass,orthography:wordlist
Exod.9.34,24,27,24,28,daß,dass,orthography:wordlist
Exod.9.35,41,44,41,45,daß,dass,orthography:wordlist
Exod.10.1,99,102,99,103,daß,dass,orthography:wordlist
Exod.10.2,13,16,13,17,daß,dass,orthography:wordlist
Exod.10.2,168,171,169,173,daß,dass,orthography:wordlist
Exod.10.2,186,189,188,192,daß,dass,orthography:wordlist
Exod.10.3,152,155,152,156,Laß,Lass,orthography:wordlist
Exod.10.3,173,176,174,178,daß,dass,orthography:wordlist
Exod.10.5,37,40,37,41,daß,dass,orthography:wordlist
Exod.10.7,90,93,90,94,Laß,Lass,orthography:wordlist
Exod.10.7,111,114,112,116,daß,dass,orthography:wordlist
Exod.10.7,172,175,174,178,daß,dass,orthography:wordlist
Exod.10.14,126,129,126,130,daß,dass,orthography:wordlist
Exod.10.17,82,85,82,86,daß,dass,orthography:wordlist
Exod.10.19,29,32,29,33,daß,dass,orthography:wordlist
Exod.10.19,128,131,129,133,daß,dass,orthography:wordlist
Exod.10.20,46,49,46,50,daß,dass,orthography:wordlist
Exod.10.21,60,63,60,64,daß,dass,orthography:wordlist
Exod.10.21,100,103,101,105,daß,dass,orthography:wordlist
Exod.10.23,0,3,0,4,daß,dass,orthography:wordlist
Exod.10.25,34,38,34,39,mußt,musst,orthography:wordlist
Exod.10.25,96,99,97,101,daß,dass,orthography:wordlist
Exod.10.27,46,49,46,50,daß,dass,orthography:wordlist
Exod.10.28,58,61,58,62,daß,dass,orthography:wordlist
Exod.11.1,160,164,160,165,läßt,lässt,orthography:wordlist
Exod.11.2,22,25,22,26,daß,dass,orthography:wordlist
Exod.11.7,108,111,108,112,daß,dass,orthography:wordlist
Exod.11.10,113,116,113,117,daß,dass,orthography:wordlist
Exod.12.13,76,79,76,80,daß,dass,orthography:wordlist
Exod.12.15,168,171,168,172,ißt,isst,orthography:wordlist
Exod.12.19,0,3,0,4,daß,dass,orthography:wordlist
Exod.12.19,91,94,92,96,ißt,isst,orthography:wordlist
Exod.12.33,42,45,42,46,daß,dass,orthography:wordlist
Exod.12.36,52,55,52,56,daß,dass,orthography:wordlist
Exod.12.48,156,159,156,160,daß,dass,orthography:wordlist
Exod.13.3,109,112,109,113,daß,dass,orthography:wordlist
Exod.13.7,57,60,57,61,daß,dass,orthography:wordlist
Exod.13.9,82,85,82,86,daß,dass,orthography:wordlist
Exod.13.16,83,86,83,87,daß,dass,orthography:wordlist
Exod.13.19,127,132,127,133,gewiß,gewiss,orthography:wordlist
Exod.13.21,62,65,62,66,daß,dass,orthography:wordlist
Exod.13.21,134,137,135,139,daß,dass,orthography:wordlist
Exod.14.2,34,37,34,38,daß,dass,orthography:wordlist
Exod.14.4,44,47,44,48,daß,dass,orthography:wordlist
Exod.14.4,166,169,167,171,daß,dass,orthography:wordlist
Exod.14.5,46,49,46,50,daß,dass,orthography:wordlist
Exod.14.5,169,172,170,174,daß,dass,orthography:wordlist
Exod.14.5,205,208,207,211,daß,dass,orthography:wordlist
Exod.14.8,70,73,70,74,daß,dass,orthography:wordlist
Exod.14.11,57,60,57,61,daß,dass,orthography:wordlist
Exod.14.11,146,149,147,151,daß,dass,orthography:wordlist
Exod.14.12,54,57,54,58,Laß,Lass,orthography:wordlist
Exod.14.12,70,73,71,75,daß,dass,orthography:wordlist
Exod.14.15,74,77,74,78,daß,dass,orthography:wordlist
Exod.14.16,83,86,83,87,daß,dass,orthography:wordlist
Exod.14.17,59,62,59,63,daß,dass,orthography:wordlist
Exod.14.18,33,36,33,37,daß,dass,orthography:wordlist
Exod.14.20,157,160,157,161,daß,dass,orthography:wordlist
Exod.14.28,128,131,128,132,daß,dass,orthography:wordlist
Exod.15.1,145,148,145,149,Roß,Ross,orthography:wordlist
Exod.15.16,0,3,0,4,Laß,Lass,orthography:wordlist
Exod.15.16,66,69,67,71,daß,dass,orthography:wordlist
Exod.15.20,87,93,87,93,Weiber,Frauen,word:Weib-Frau
Exod.15.21,94,97,94,98,Roß,Ross,orthography:wordlist
Exod.15.22,60,63,60,64,daß,dass,orthography:wordlist
Exod.16.3,222,225,222,226,daß,dass,orthography:wordlist
Exod.16.6,81,84,81,85,daß,dass,orthography:wordlist
Exod.16.7,122,125,122,126,daß,dass,orthography:wordlist
Exod.16.12,170,173,170,174,daß,dass,orthography:wordlist
Exod.16.15,86,92,86,93,wußten,wussten,orthography:wordlist
Exod.16.18,83,91,83,92,Überfluß,Überfluss,orthography:wordlist
Exod.16.27,38,41,38,42,daß,dass,orthography:wordlist
Exod.16.32,146,149,146,150,daß,dass,orthography:wordlist
Exod.17.2,58,61,58,62,daß,dass,orthography:wordlist
Exod.17.3,130,133,130,134,daß,dass,orthography:wordlist
Exod.17.5,125,129,125,130,Fluß,Fluss,orthography:wordlist
Exod.17.6,130,133,130,134,daß,dass,orthography:wordlist
Exod.17.7,77,80,77,81,daß,dass,orthography:wordlist
Exod.17.10,35,38,35,39,daß,dass,orthography:wordlist
Exod.17.12,97,100,97,101,daß,dass,orthography:wordlist
Exod.18.2,66,69,66,69,das,die,grammar:Frau-determiner
Exod.18.2,70,74,70,74,Weib,Frau,word:Weib-Frau
Exod.18.5,72,76,72,77,sein,seine,grammar:Frau-determiner
Exod.18.5,77,81,78,82,Weib,Frau,word:Weib-Frau
Exod.18.6,82,86,82,87,dein,deine,grammar:Frau-determiner
Exod.18.6,87,91,88,92,Weib,Frau,word:Weib-Frau
Exod.18.7,81,86,81,87,küßte,küsste,orthography:wordlist
Exod.18.9,84,87,84,88,daß,dass,orthography:wordlist
Exod.18.11,14,17,14,18,daß,dass,orthography:wordlist
Exod.18.16,51,54,51,55,daß,dass,orthography:wordlist
Exod.18.20,45,48,45,49,daß,dass,orthography:wordlist
Exod.18.22,0,3,0,4,daß,dass,orthography:wordlist
Exod.19.9,81,84,81,85,daß,dass,orthography:wordlist
Exod.19.13,74,81,74,82,Geschoß,Geschoss,orthography:wordlist
Exod.19.15,74,77,74,77,zum,zur,grammar:Frau-determiner
Exod.19.15,78,83,78,82,Weibe,Frau,word:Weib-Frau
Exod.19.18,41,44,41,45,daß,dass,orthography:wordlist
Exod.19.21,62,65,62,66,daß,dass,orthography:wordlist
Exod.19.22,62,65,62,66,daß,dass,orthography:wordlist
Exod.19.22,87,90,88,92,Riß,Riss,orthography:wordlist
Exod.19.24,208,211,208,212,Riß,Riss,orthography:wordlist
Exod.20.7,52,63,52,64,mißbrauchen,missbrauchen,orthography:wordlist
Exod.20.7,130,140,131,142,mißbraucht,missbraucht,orthography:wordlist
Exod.20.8,34,37,34,38,daß,dass,orthography:wordlist
Exod.20.12,51,54,51,55,daß,dass,orthography:wordlist
Exod.20.17,0,3,0,4,Laß,Lass,orthography:wordlist
Exod.20.17,48,51,49,53,Laß,Lass,orthography:wordlist
Exod.20.17,88,94,90,94,Weibes,Frau,word:Weib-Frau
Exod.20.22,88,91,88,92,daß,dass,orthography:wordlist
Exod.21.3,107,111,107,112,sein,seine,grammar:Frau-determiner
Exod.21.3,112,116,113,117,Weib,Frau,word:Weib-Frau
Exod.21.4,23,26,23,27,ein,eine,grammar:Frau-determiner
Exod.21.4,27,31,28,32,Weib,Frau,word:Weib-Frau
Exod.21.4,95,98,96,99,das,die,grammar:Frau-determiner
Exod.21.4,99,103,100,104,Weib,Frau,word:Weib-Frau
Exod.21.5,57,61,57,62,mein,meine,grammar:Frau-determiner
Exod.21.5,62,66,63,67,Weib,Frau,word:Weib-Frau
Exod.21.6,161,164,161,165,daß,dass,orthography:wordlist
Exod.21.8,31,34,31,35,daß,dass,orthography:wordlist
Exod.21.12,28,31,28,32,daß,dass,orthography:wordlist
Exod.21.14,59,62,59,63,daß,dass,orthography:wordlist
Exod.21.16,54,57,54,58,daß,dass,orthography:wordlist
Exod.21.18,97,100,97,101,daß,dass,orthography:wordlist
Exod.21.18,139,142,140,144,muß,muss,orthography:wordlist
Exod.21.19,44,47,44,48,daß,dass,orthography:wordlist
Exod.21.20,67,70,67,71,daß,dass,orthography:wordlist
Exod.21.22,35,38,35,39,ein,eine,grammar:Frau-determiner
Exod.21.22,39,50,40,50,schwangeres,schwangere,grammar:Frau-adjective
Exod.21.22,51,55,51,55,Weib,Frau,word:Weib-Frau
Exod.21.22,57,60,57,61,daß,dass,orthography:wordlist
Exod.21.22,114,117,115,119,muß,muss,orthography:wordlist
Exod.21.22,169,172,171,174,des,der,grammar:Frau-determiner
Exod.21.22,173,179,175,179,Weibes,Frau,word:Weib-Frau
Exod.21.32,127,130,127,131,muß,muss,orthography:wordlist
Exod.21.36,9,14,9,15,Wußte,Wusste,orthography:wordlist
Exod.21.36,25,28,26,30,daß,dass,orthography:wordlist
Exod.22.1,61,64,61,65,daß,dass,orthography:wordlist
Exod.22.4,48,52,48,53,läßt,lässt,orthography:wordlist
Exod.22.4,61,65,62,67,läßt,lässt,orthography:wordlist
Exod.22.4,88,91,90,94,daß,dass,orthography:wordlist
Exod.22.5,49,54,49,55,frißt,frisst,orthography:wordlist
Exod.22.9,167,170,167,171,daß,dass,orthography:wordlist
Exod.22.10,59,62,59,63,daß,dass,orthography:wordlist
Exod.22.12,115,118,115,119,muß,muss,orthography:wordlist
Exod.22.13,104,107,104,108,daß,dass,orthography:wordlist
Exod.22.14,3,6,3,7,muß,muss,orthography:wordlist
Exod.22.15,134,137,134,137,zum,zur,grammar:Frau-determiner
Exod.22.15,138,145,138,145,Eheweib,Ehefrau,word:Weib-Frau
Exod.22.22,91,96,91,97,gewiß,gewiss,orthography:wordlist
Exod.22.23,41,44,41,45,daß,dass,orthography:wordlist
Exod.22.23,91,97,92,98,Weiber,Frauen,word:Weib-Frau
Exod.22.28,7,15,7,16,Überfluß,Überfluss,orthography:wordlist
Exod.23.1,79,82,79,83,daß,dass,orthography:wordlist
Exod.23.11,70,73,70,74,daß,dass,orthography:wordlist
Exod.23.27,127,130,127,131,daß,dass,orthography:wordlist
Exod.23.31,163,166,163,167,daß,dass,orthography:wordlist
Exod.24.5,50,53,50,54,daß,dass,orthography:wordlist
Exod.25.2,34,37,34,38,daß,dass,orthography:wordlist
Exod.25.7,18,28,18,29,eingefaßte,eingefasste,orthography:wordlist
Exod.25.8,41,44,41,45,daß,dass,orthography:wordlist
Exod.25.12,87,90,87,91,daß,dass,orthography:wordlist
Exod.25.14,51,54,51,55,daß,dass,orthography:wordlist
Exod.25.19,6,9,6,10,daß,dass,orthography:wordlist
Exod.25.20,56,59,56,60,daß,dass,orthography:wordlist
Exod.25.27,46,49,46,50,daß,dass,orthography:wordlist
Exod.25.28,79,82,79,83,daß,dass,orthography:wordlist
Exod.25.29,85,88,85,89,daß,dass,orthography:wordlist
Exod.25.37,69,72,69,73,daß,dass,orthography:wordlist
Exod.25.40,14,17,14,18,daß,dass,orthography:wordlist
Exod.26.4,128,131,128,132,daß,dass,orthography:wordlist
Exod.26.6,100,103,100,104,daß,dass,orthography:wordlist
Exod.26.11,120,123,120,124,daß,dass,orthography:wordlist
Exod.26.25,0,3,0,4,Daß,Dass,orthography:wordlist
Exod.26.29,75,78,75,79,daß,dass,orthography:wordlist
Exod.26.33,106,109,106,110,daß,dass,orthography:wordlist
Exod.26.35,117,120,117,121,daß,dass,orthography:wordlist
Exod.27.1,97,100,97,101,daß,dass,orthography:wordlist
Exod.27.7,45,48,45,49,daß,dass,orthography:wordlist
Exod.27.20,33,36,33,37,daß,dass,orthography:wordlist
Exod.28.1,111,114,111,115,daß,dass,orthography:wordlist
Exod.28.3,108,111,108,112,daß,dass,orthography:wordlist
Exod.28.4,237,240,237,241,daß,dass,orthography:wordlist
Exod.28.12,56,59,56,60,daß,dass,orthography:wordlist
Exod.28.12,118,121,119,123,daß,dass,orthography:wordlist
Exod.28.20,80,86,80,87,gefaßt,gefasst,orthography:wordlist
Exod.28.23,65,68,65,69,daß,dass,orthography:wordlist
Exod.28.28,118,121,118,122,daß,dass,orthography:wordlist
Exod.28.30,85,88,85,89,daß,dass,orthography:wordlist
Exod.28.34,0,3,0,4,daß,dass,orthography:wordlist
Exod.28.35,42,45,42,46,daß,dass,orthography:wordlist
Exod.28.35,147,150,148,152,daß,dass,orthography:wordlist
Exod.28.37,74,77,74,78,daß,dass,orthography:wordlist
Exod.28.41,116,119,116,120,daß,dass,orthography:wordlist
Exod.29.1,74,77,74,78,daß,dass,orthography:wordlist
Exod.29.9,97,100,97,101,daß,dass,orthography:wordlist
Exod.29.29,71,74,71,75,daß,dass,orthography:wordlist
Exod.29.30,59,62,59,63,daß,dass,orthography:wordlist
Exod.29.36,161,164,161,165,daß,dass,orthography:wordlist
Exod.29.46,25,28,25,29,daß,dass,orthography:wordlist
Exod.30.4,115,118,115,119,daß,dass,orthography:wordlist
Exod.30.16,112,115,112,116,daß,dass,orthography:wordlist
Exod.30.19,0,3,0,4,daß,dass,orthography:wordlist
Exod.30.29,28,31,28,32,daß,dass,orthography:wordlist
Exod.31.6,143,146,143,147,daß,dass,orthography:wordlist
Exod.31.13,162,165,162,166,daß,dass,orthography:wordlist
Exod.32.1,23,26,23,27,daß,dass,orthography:wordlist
Exod.32.2,97,103,97,103,Weiber,Frauen,word:Weib-Frau
Exod.32.3,3,6,3,7,riß,riss,orthography:wordlist
Exod.32.10,3,6,3,7,laß,lass,orthography:wordlist
Exod.32.10,17,20,18,22,daß,dass,orthography:wordlist
Exod.32.12,67,70,67,71,daß,dass,orthography:wordlist
Exod.32.12,168,171,169,173,laß,lass,orthography:wordlist
Exod.32.19,90,93,90,94,daß,dass,orthography:wordlist
Exod.32.21,60,63,60,64,daß,dass,orthography:wordlist
Exod.32.22,55,58,55,59,daß,dass,orthography:wordlist
Exod.32.25,18,21,18,22,daß,dass,orthography:wordlist
Exod.32.28,56,59,56,60,daß,dass,orthography:wordlist
Exod.32.29,101,104,101,105,daß,dass,orthography:wordlist
Exod.32.31,88,91,88,92,daß,dass,orthography:wordlist
Exod.33.5,154,159,154,160,müßte,müsste,orthography:wordlist
Exod.33.7,159,164,159,165,mußte,musste,orthography:wordlist
Exod.33.13,49,52,49,53,laß,lass,orthography:wordlist
Exod.33.13,163,166,164,168,daß,dass,orthography:wordlist
Exod.33.16,46,49,46,50,daß,dass,orthography:wordlist
Exod.33.16,118,121,119,123,daß,dass,orthography:wordlist
Exod.33.16,143,146,145,149,daß,dass,orthography:wordlist
Exod.33.18,19,22,19,23,laß,lass,orthography:wordlist
Exod.34.1,83,86,83,87,daß,dass,orthography:wordlist
Exod.34.2,23,26,23,27,daß,dass,orthography:wordlist
Exod.34.3,4,7,4,8,laß,lass,orthography:wordlist
Exod.34.3,39,42,40,44,daß,dass,orthography:wordlist
Exod.34.3,89,92,91,95,laß,lass,orthography:wordlist
Exod.34.7,104,108,104,109,läßt,lässt,orthography:wordlist
Exod.34.12,82,85,82,86,daß,dass,orthography:wordlist
Exod.34.15,0,3,0,4,Daß,Dass,orthography:wordlist
Exod.34.16,60,67,60,66,Weibern,Frauen,word:Weib-Frau
Exod.34.16,127,130,126,130,daß,dass,orthography:wordlist
Exod.34.29,128,133,128,134,wußte,wusste,orthography:wordlist
Exod.34.29,144,147,145,149,daß,dass,orthography:wordlist
Exod.34.29,191,194,193,197,daß,dass,orthography:wordlist
Exod.34.35,58,61,58,62,daß,dass,orthography:wordlist
Exod.35.1,125,128,125,129,daß,dass,orthography:wordlist
Exod.35.27,44,54,44,55,eingefaßte,eingefasste,orthography:wordlist
Exod.35.32,5,8,5,9,daß,dass,orthography:wordlist
Exod.35.34,34,37,34,38,daß,dass,orthography:wordlist
Exod.35.35,225,228,225,229,daß,dass,orthography:wordlist
Exod.36.2,162,165,162,166,daß,dass,orthography:wordlist
Exod.36.3,113,116,113,117,daß,dass,orthography:wordlist
Exod.36.6,15,18,15,19,daß,dass,orthography:wordlist
Exod.36.6,91,95,92,96,Weib,Frau,word:Weib-Frau
Exod.36.12,104,109,104,110,faßte,fasste,orthography:wordlist
Exod.36.13,109,112,109,113,daß,dass,orthography:wordlist
Exod.36.23,45,48,45,49,daß,dass,orthography:wordlist
Exod.36.30,3,6,3,7,daß,dass,orthography:wordlist
Exod.36.33,29,32,29,33,daß,dass,orthography:wordlist
Exod.36.36,114,117,114,118,goß,goss,orthography:wordlist
Exod.37.3,4,7,4,8,goß,goss,orthography:wordlist
Exod.37.5,49,52,49,53,daß,dass,orthography:wordlist
Exod.37.13,4,7,4,8,goß,goss,orthography:wordlist
Exod.37.14,24,27,24,28,daß,dass,orthography:wordlist
Exod.37.27,57,60,57,61,daß,dass,orthography:wordlist
Exod.38.5,22,25,22,26,goß,goss,orthography:wordlist
Exod.38.7,51,54,51,55,daß,dass,orthography:wordlist
Exod.38.8,102,108,102,108,Weiber,Frauen,word:Weib-Frau
Exod.38.15,46,49,46,50,daß,dass,orthography:wordlist
Exod.38.27,32,35,32,36,goß,goss,orthography:wordlist
Exod.39.3,88,91,88,92,daß,dass,orthography:wordlist
Exod.39.6,57,63,57,64,gefaßt,gefasst,orthography:wordlist
Exod.39.7,58,61,58,62,daß,dass,orthography:wordlist
Exod.39.13,89,95,89,96,gefaßt,gefasst,orthography:wordlist
Exod.39.21,112,115,112,116,daß,dass,orthography:wordlist
Exod.39.23,96,99,96,100,daß,dass,orthography:wordlist
Exod.40.9,130,133,130,134,daß,dass,orthography:wordlist
Exod.40.10,91,94,91,95,daß,dass,orthography:wordlist
Exod.40.13,67,70,67,71,daß,dass,orthography:wordlist
Exod.40.15,49,52,49,53,daß,dass,orthography:wordlist
Exod.40.32,4,10,4,11,mußten,mussten,orthography:wordlist
Lev.1.3,141,144,141,145,daß,dass,orthography:wordlist
Lev.2.16,123,126,123,127,daß,dass,orthography:wordlist
Lev.3.17,75,78,75,79,daß,dass,orthography:wordlist
Lev.4.2,130,133,130,134,daß,dass,orthography:wordlist
Lev.4.3,36,41,36,42,sodaß,sodass,orthography:wordlist
Lev.4.13,102,105,102,106,daß,dass,orthography:wordlist
Lev.4.13,151,154,152,156,daß,dass,orthography:wordlist
Lev.4.13,178,183,180,186,sodaß,sodass,orthography:wordlist
Lev.4.22,19,22,19,23,daß,dass,orthography:wordlist
Lev.4.22,112,115,113,117,daß,dass,orthography:wordlist
Lev.4.27,100,103,100,104,daß,dass,orthography:wordlist
Lev.5.1,33,36,33,37,daß,dass,orthography:wordlist
Lev.5.1,119,122,120,124,daß,dass,orthography:wordlist
Lev.5.1,169,172,171,175,daß,dass,orthography:wordlist
Lev.5.7,43,46,43,47,daß,dass,orthography:wordlist
Lev.5.17,139,145,139,146,gewußt,gewusst,orthography:wordlist
Lev.5.21,60,63,60,64,daß,dass,orthography:wordlist
Lev.5.23,116,124,116,125,erpreßte,erpresste,orthography:wordlist
Lev.6.2,129,132,129,133,daß,dass,orthography:wordlist
Lev.6.21,122,125,122,126,muß,muss,orthography:wordlist
Lev.7.5,51,54,51,55,daß,dass,orthography:wordlist
Lev.7.16,163,166,163,167,daß,dass,orthography:wordlist
Lev.7.18,243,248,243,249,müßte,müsste,orthography:wordlist
Lev.7.19,104,107,104,108,muß,muss,orthography:wordlist
Lev.7.20,91,94,91,95,ißt,isst,orthography:wordlist
Lev.7.21,151,154,151,155,ißt,isst,orthography:wordlist
Lev.7.25,14,17,14,18,ißt,isst,orthography:wordlist
Lev.7.27,35,38,35,39,ißt,isst,orthography:wordlist
Lev.7.36,45,48,45,49,daß,dass,orthography:wordlist
Lev.8.12,7,10,7,11,goß,goss,orthography:wordlist
Lev.8.15,158,161,158,162,goß,goss,orthography:wordlist
Lev.8.35,134,137,134,138,daß,dass,orthography:wordlist
Lev.9.9,129,132,129,133,goß,goss,orthography:wordlist
Lev.10.2,51,54,51,55,daß,dass,orthography:wordlist
Lev.10.7,66,69,66,70,daß,dass,orthography:wordlist
Lev.10.15,90,93,90,94,daß,dass,orthography:wordlist
Lev.10.17,116,119,116,120,daß,dass,orthography:wordlist
Lev.11.10,174,180,174,180,Greuel,Gräuel,orthography:wordlist
Lev.11.11,4,10,4,10,Greuel,Gräuel,orthography:wordlist
Lev.11.12,72,78,72,78,Greuel,Gräuel,orthography:wordlist
Lev.11.13,101,107,101,107,Greuel,Gräuel,orthography:wordlist
Lev.11.20,64,70,64,70,Greuel,Gräuel,orthography:wordlist
Lev.11.23,70,76,70,76,Greuel,Gräuel,orthography:wordlist
Lev.11.33,106,110,106,111,müßt,müsst,orthography:wordlist
Lev.11.35,88,93,88,94,müßte,müsste,orthography:wordlist
Lev.11.35,141,146,142,148,müßte,müsste,orthography:wordlist
Lev.11.38,88,93,88,94,müßte,müsste,orthography:wordlist
Lev.11.40,25,28,25,29,ißt,isst,orthography:wordlist
Lev.11.40,121,124,122,126,muß,muss,orthography:wordlist
Lev.11.41,47,53,47,53,Greuel,Gräuel,orthography:wordlist
Lev.11.42,167,173,167,173,Greuel,Gräuel,orthography:wordlist
Lev.11.43,125,128,125,129,daß,dass,orthography:wordlist
Lev.12.2,5,8,5,9,ein,eine,grammar:Frau-determiner
Lev.12.2,9,13,10,14,Weib,Frau,word:Weib-Frau
Lev.12.7,88,96,88,97,Blutfluß,Blutfluss,orthography:wordlist
Lev.12.8,203,206,203,207,daß,dass,orthography:wordlist
Lev.13.3,79,82,79,83,daß,dass,orthography:wordlist
Lev.13.3,124,127,125,129,daß,dass,orthography:wordlist
Lev.13.6,73,76,73,77,daß,dass,orthography:wordlist
Lev.13.8,30,33,30,34,daß,dass,orthography:wordlist
Lev.13.10,60,63,60,64,daß,dass,orthography:wordlist
Lev.13.10,97,100,98,102,daß,dass,orthography:wordlist
Lev.13.13,24,27,24,28,daß,dass,orthography:wordlist
Lev.13.17,60,63,60,64,daß,dass,orthography:wordlist
Lev.13.20,34,37,34,38,daß,dass,orthography:wordlist
Lev.13.20,89,92,90,94,daß,dass,orthography:wordlist
Lev.13.21,34,37,34,38,daß,dass,orthography:wordlist
Lev.13.21,69,72,70,74,daß,dass,orthography:wordlist
Lev.13.23,39,44,39,45,frißt,frisst,orthography:wordlist
Lev.13.25,45,48,45,49,daß,dass,orthography:wordlist
Lev.13.25,93,96,94,98,daß,dass,orthography:wordlist
Lev.13.26,34,37,34,38,daß,dass,orthography:wordlist
Lev.13.26,90,93,91,95,daß,dass,orthography:wordlist
Lev.13.29,19,22,19,23,ein,eine,grammar:Frau-determiner
Lev.13.29,23,27,24,28,Weib,Frau,word:Weib-Frau
Lev.13.30,54,57,54,58,daß,dass,orthography:wordlist
Lev.13.31,34,37,34,38,daß,dass,orthography:wordlist
Lev.13.31,96,99,97,101,daß,dass,orthography:wordlist
Lev.13.32,67,70,67,71,daß,dass,orthography:wordlist
Lev.13.34,63,66,63,67,daß,dass,orthography:wordlist
Lev.13.35,9,14,9,15,Frißt,Frisst,orthography:wordlist
Lev.13.36,50,53,50,54,daß,dass,orthography:wordlist
Lev.13.38,31,36,31,36,einem,einer,grammar:Frau-determiner
Lev.13.38,37,42,37,41,Weibe,Frau,word:Weib-Frau
Lev.13.40,42,45,42,46,daß,dass,orthography:wordlist
Lev.13.41,34,37,34,38,daß,dass,orthography:wordlist
Lev.13.43,57,60,57,61,daß,dass,orthography:wordlist
Lev.13.49,159,164,159,165,gewiß,gewiss,orthography:wordlist
Lev.13.51,37,40,37,41,daß,dass,orthography:wordlist
Lev.13.53,34,37,34,38,daß,dass,orthography:wordlist
Lev.13.54,21,24,21,25,daß,dass,orthography:wordlist
Lev.13.55,60,63,60,64,daß,dass,orthography:wordlist
Lev.13.56,30,33,30,34,daß,dass,orthography:wordlist
Lev.14.3,93,96,93,97,daß,dass,orthography:wordlist
Lev.14.4,21,24,21,25,daß,dass,orthography:wordlist
Lev.14.4,56,60,57,62,läßt,lässt,orthography:wordlist
Lev.14.5,32,35,32,36,daß,dass,orthography:wordlist
Lev.14.7,72,76,72,77,läßt,lässt,orthography:wordlist
Lev.14.9,107,110,107,111,daß,dass,orthography:wordlist
Lev.14.36,33,36,33,37,daß,dass,orthography:wordlist
Lev.14.37,40,43,40,44,daß,dass,orthography:wordlist
Lev.14.39,77,80,77,81,daß,dass,orthography:wordlist
Lev.14.40,31,34,31,35,daß,dass,orthography:wordlist
Lev.14.40,81,84,82,86,daß,dass,orthography:wordlist
Lev.14.44,53,56,53,57,daß,dass,orthography:wordlist
Lev.14.47,68,71,68,72,ißt,isst,orthography:wordlist
Lev.14.48,55,58,55,59,daß,dass,orthography:wordlist
Lev.15.2,71,78,71,79,Ausfluß,Ausfluss,orthography:wordlist
Lev.15.3,63,70,63,71,Ausfluß,Ausfluss,orthography:wordlist
Lev.15.3,84,88,85,90,läßt,lässt,orthography:wordlist
Lev.15.4,34,41,34,42,Ausfluß,Ausfluss,orthography:wordlist
Lev.15.6,51,58,51,59,Ausfluß,Ausfluss,orthography:wordlist
Lev.15.8,24,31,24,32,Ausfluß,Ausfluss,orthography:wordlist
Lev.15.9,48,55,48,56,Ausfluß,Ausfluss,orthography:wordlist
Lev.15.11,22,29,22,30,Ausfluß,Ausfluss,orthography:wordlist
Lev.15.11,54,57,55,59,daß,dass,orthography:wordlist
Lev.15.13,23,30,23,31,Ausfluß,Ausfluss,orthography:wordlist
Lev.15.18,22,27,22,27,einem,einer,grammar:Frau-determiner
Lev.15.18,28,33,28,32,Weibe,Frau,word:Weib-Frau
Lev.15.18,41,44,40,44,daß,dass,orthography:wordlist
Lev.15.19,5,8,5,9,ein,eine,grammar:Frau-determiner
Lev.15.19,9,13,10,14,Weib,Frau,word:Weib-Frau
Lev.15.19,30,38,31,40,Blutfluß,Blutfluss,orthography:wordlist
Lev.15.25,10,13,10,14,ein,eine,grammar:Frau-determiner
Lev.15.25,14,18,15,19,Weib,Frau,word:Weib-Frau
Lev.15.25,25,33,26,35,Blutfluß,Blutfluss,orthography:wordlist
Lev.15.32,40,47,40,48,Ausfluß,Ausfluss,orthography:wordlist
Lev.15.32,89,92,90,94,daß,dass,orthography:wordlist
Lev.15.33,78,82,78,83,Fluß,Fluss,orthography:wordlist
Lev.15.33,111,114,112,116,ein,eine,grammar:Frau-determiner
Lev.15.33,115,119,117,121,Weib,Frau,word:Weib-Frau
Lev.16.2,64,67,64,68,daß,dass,orthography:wordlist
Lev.16.10,90,93,90,94,daß,dass,orthography:wordlist
Lev.16.22,0,3,0,4,daß,dass,orthography:wordlist
Lev.16.32,91,94,91,95,daß,dass,orthography:wordlist
Lev.16.34,43,46,43,47,daß,dass,orthography:wordlist
Lev.17.4,49,52,49,53,daß,dass,orthography:wordlist
Lev.17.9,59,62,59,63,daß,dass,orthography:wordlist
Lev.17.10,101,104,101,105,ißt,isst,orthography:wordlist
Lev.17.10,136,139,137,141,ißt,isst,orthography:wordlist
Lev.17.14,212,215,212,216,ißt,isst,orthography:wordlist
Lev.18.4,70,73,70,74,daß,dass,orthography:wordlist
Lev.18.8,20,23,20,23,des,der,grammar:Frau-determiner
Lev.18.8,24,30,24,28,Weibes,Frau,word:Weib-Frau
Lev.18.11,46,52,46,50,Weibes,Frau,word:Weib-Frau
Lev.18.14,82,88,82,88,seinem,seiner,grammar:Frau-determiner
Lev.18.14,89,94,89,93,Weibe,Frau,word:Weib-Frau
Lev.18.15,81,85,81,85,Weib,Frau,word:Weib-Frau
Lev.18.16,20,23,20,23,des,der,grammar:Frau-determiner
Lev.18.16,24,30,24,28,Weibes,Frau,word:Weib-Frau
Lev.18.17,35,40,35,40,eines,einer,grammar:Frau-determiner
Lev.18.17,41,47,41,45,Weibes,Frau,word:Weib-Frau
Lev.18.18,21,24,21,25,ein,eine,grammar:Frau-determiner
Lev.18.18,25,29,26,30,Weib,Frau,word:Weib-Frau
Lev.18.19,16,19,16,19,zum,zur,grammar:Frau-determiner
Lev.18.19,20,25,20,24,Weibe,Frau,word:Weib-Frau
Lev.18.20,31,35,31,35,Weib,Frau,word:Weib-Frau
Lev.18.20,79,82,79,83,daß,dass,orthography:wordlist
Lev.18.21,60,63,60,64,daß,dass,orthography:wordlist
Lev.18.22,44,48,44,51,beim,bei der,grammar:Frau-determiner
Lev.18.22,49,53,52,56,Weib,Frau,word:Weib-Frau
Lev.18.22,72,78,75,81,Greuel,Gräuel,orthography:wordlist
Lev.18.23,57,60,57,61,daß,dass,orthography:wordlist
Lev.18.23,97,101,98,103,kein,keine,grammar:Frau-determiner
Lev.18.23,102,106,104,108,Weib,Frau,word:Weib-Frau
Lev.18.25,94,97,94,98,daß,dass,orthography:wordlist
Lev.18.26,71,77,71,77,Greuel,Gräuel,orthography:wordlist
Lev.18.27,16,22,16,22,Greuel,Gräuel,orthography:wordlist
Lev.18.29,32,38,32,38,Greuel,Gräuel,orthography:wordlist
Lev.18.30,39,42,39,43,daß,dass,orthography:wordlist
Lev.18.30,62,72,63,73,greulichen,gräulichen,orthography:wordlist
Lev.19.5,78,81,78,82,daß,dass,orthography:wordlist
Lev.19.7,56,62,56,62,Greuel,Gräuel,orthography:wordlist
Lev.19.8,14,17,14,18,ißt,isst,orthography:wordlist
Lev.19.17,108,111,108,112,daß,dass,orthography:wordlist
Lev.19.20,18,23,18,23,einem,einer,grammar:Frau-determiner
Lev.19.20,24,29,24,28,Weibe,Frau,word:Weib-Frau
Lev.19.23,66,69,66,70,ißt,isst,orthography:wordlist
Lev.19.25,50,53,50,54,daß,dass,orthography:wordlist
Lev.19.31,111,114,111,115,daß,dass,orthography:wordlist
Lev.20.4,121,124,121,125,daß,dass,orthography:wordlist
Lev.20.10,30,35,30,35,einem,einer,grammar:Frau-determiner
Lev.20.10,36,43,36,43,Eheweib,Ehefrau,word:Weib-Frau
Lev.20.10,145,149,145,149,Weib,Frau,word:Weib-Frau
Lev.20.11,31,36,31,35,Weibe,Frau,word:Weib-Frau
Lev.20.12,97,103,97,103,Greuel,Gräuel,orthography:wordlist
Lev.20.13,63,66,63,67,ein,eine,grammar:Frau-determiner
Lev.20.13,67,71,68,72,Weib,Frau,word:Weib-Frau
Lev.20.13,95,101,96,102,Greuel,Gräuel,orthography:wordlist
Lev.20.14,12,15,12,16,ein,eine,grammar:Frau-determiner
Lev.20.14,16,20,17,21,Weib,Frau,word:Weib-Frau
Lev.20.14,105,112,106,112,Weibern,Frauen,word:Weib-Frau
Lev.20.16,6,9,6,10,ein,eine,grammar:Frau-determiner
Lev.20.16,10,14,11,15,Weib,Frau,word:Weib-Frau
Lev.20.21,27,31,27,31,Weib,Frau,word:Weib-Frau
Lev.20.22,127,130,127,131,daß,dass,orthography:wordlist
Lev.20.23,123,126,123,127,daß,dass,orthography:wordlist
Lev.20.26,114,117,114,118,daß,dass,orthography:wordlist
Lev.20.27,33,38,33,38,einem,einer,grammar:Frau-determiner
Lev.20.27,39,43,39,43,Weib,Frau,word:Weib-Frau
Lev.21.3,100,104,100,104,Weib,Frau,word:Weib-Frau
Lev.21.7,22,25,22,25,zum,zur,grammar:Frau-determiner
Lev.21.7,26,31,26,30,Weibe,Frau,word:Weib-Frau
Lev.21.13,22,25,22,25,zum,zur,grammar:Frau-determiner
Lev.21.13,26,31,26,30,Weibe,Frau,word:Weib-Frau
Lev.21.14,137,140,137,140,zum,zur,grammar:Frau-determiner
Lev.21.14,141,146,141,145,Weibe,Frau,word:Weib-Frau
Lev.21.15,0,3,0,4,daß,dass,orthography:wordlist
Lev.21.21,230,233,230,234,daß,dass,orthography:wordlist
Lev.21.23,93,96,93,97,daß,dass,orthography:wordlist
Lev.22.2,0,3,0,4,daß,dass,orthography:wordlist
Lev.22.4,60,67,60,68,Ausfluß,Ausfluss,orthography:wordlist
Lev.22.8,41,44,41,45,daß,dass,orthography:wordlist
Lev.22.12,49,53,49,53,Weib,Frau,word:Weib-Frau
Lev.22.14,57,60,57,61,ißt,isst,orthography:wordlist
Lev.22.16,0,3,0,4,daß,dass,orthography:wordlist
Lev.22.18,182,185,182,186,daß,dass,orthography:wordlist
Lev.23.41,133,136,133,137,daß,dass,orthography:wordlist
Lev.24.2,0,3,0,4,daß,dass,orthography:wordlist
Lev.24.3,103,106,103,107,daß,dass,orthography:wordlist
Lev.24.10,22,27,22,27,eines,einer,grammar:Frau-determiner
Lev.24.10,43,49,43,47,Weibes,Frau,word:Weib-Frau
Lev.24.10,136,139,134,137,des,der,grammar:Frau-determiner
Lev.24.10,155,161,153,157,Weibes,Frau,word:Weib-Frau
Lev.24.11,21,24,21,24,des,der,grammar:Frau-determiner
Lev.24.11,40,46,40,44,Weibes,Frau,word:Weib-Frau
Lev.24.14,52,55,52,56,laß,lass,orthography:wordlist
Lev.24.21,5,8,5,9,daß,dass,orthography:wordlist
Lev.25.8,54,57,54,58,daß,dass,orthography:wordlist
Lev.25.18,58,61,58,62,daß,dass,orthography:wordlist
Lev.25.19,44,47,44,48,daß,dass,orthography:wordlist
Lev.25.21,52,55,52,56,daß,dass,orthography:wordlist
Lev.25.22,0,3,0,4,daß,dass,orthography:wordlist
Lev.25.22,98,101,99,103,daß,dass,orthography:wordlist
Lev.25.35,140,143,140,144,daß,dass,orthography:wordlist
Lev.25.36,96,99,96,100,daß,dass,orthography:wordlist
Lev.25.38,73,76,73,77,daß,dass,orthography:wordlist
Lev.25.46,83,86,83,87,daß,dass,orthography:wordlist
Lev.26.1,143,146,143,147,daß,dass,orthography:wordlist
Lev.26.6,38,41,38,42,daß,dass,orthography:wordlist
Lev.26.7,30,33,30,34,daß,dass,orthography:wordlist
Lev.26.13,69,72,69,73,daß,dass,orthography:wordlist
Lev.26.15,106,109,106,110,daß,dass,orthography:wordlist
Lev.26.17,48,51,48,52,daß,dass,orthography:wordlist
Lev.26.19,0,3,0,4,daß,dass,orthography:wordlist
Lev.26.20,9,12,9,13,daß,dass,orthography:wordlist
Lev.26.26,51,54,51,55,daß,dass,orthography:wordlist
Lev.26.26,60,66,61,67,Weiber,Frauen,word:Weib-Frau
Lev.26.29,0,3,0,4,daß,dass,orthography:wordlist
Lev.26.29,48,52,49,54,müßt,müsst,orthography:wordlist
Lev.26.32,37,40,37,41,daß,dass,orthography:wordlist
Lev.26.33,99,102,99,103,daß,dass,orthography:wordlist
Lev.26.36,94,97,94,98,daß,dass,orthography:wordlist
Lev.26.36,208,211,209,213,daß,dass,orthography:wordlist
Lev.26.41,134,137,134,138,daß,dass,orthography:wordlist
Lev.26.44,125,128,125,129,daß,dass,orthography:wordlist
Lev.26.45,110,113,110,114,daß,dass,orthography:wordlist
Lev.26.46,115,118,115,119,daß,dass,orthography:wordlist
Lev.27.4,12,15,12,16,ein,eine,grammar:Frau-determiner
Lev.27.4,16,20,17,21,Weib,Frau,word:Weib-Frau
Lev.27.7,131,134,131,135,ein,eine,grammar:Frau-determiner
Lev.27.7,135,139,136,140,Weib,Frau,word:Weib-Frau
Lev.27.11,26,29,26,30,daß,dass,orthography:wordlist
Lev.27.23,143,146,143,147,daß,dass,orthography:wordlist
Num.1.51,193,196,193,197,muß,muss,orthography:wordlist
Num.1.53,71,74,71,75,daß,dass,orthography:wordlist
Num.3.6,68,71,68,72,daß,dass,orthography:wordlist
Num.3.8,0,3,0,4,daß,dass,orthography:wordlist
Num.3.10,111,114,111,115,muß,muss,orthography:wordlist
Num.3.12,123,126,123,127,daß,dass,orthography:wordlist
Num.3.13,167,170,167,171,daß,dass,orthography:wordlist
Num.3.38,211,214,211,215,muß,muss,orthography:wordlist
Num.3.45,111,114,111,115,daß,dass,orthography:wordlist
Num.4.18,24,27,24,28,daß,dass,orthography:wordlist
Num.5.2,0,3,0,4,daß,dass,orthography:wordlist
Num.5.3,11,17,11,17,Weiber,Frauen,word:Weib-Frau
Num.5.3,58,61,58,62,daß,dass,orthography:wordlist
Num.5.6,19,22,19,23,ein,eine,grammar:Frau-determiner
Num.5.6,23,27,24,28,Weib,Frau,word:Weib-Frau
Num.5.12,68,72,68,72,Weib,Frau,word:Weib-Frau
Num.5.13,75,78,75,79,daß,dass,orthography:wordlist
Num.5.14,47,50,47,51,daß,dass,orthography:wordlist
Num.5.14,57,61,58,63,sein,seine,grammar:Frau-determiner
Num.5.14,62,66,64,68,Weib,Frau,word:Weib-Frau
Num.5.14,152,155,154,158,daß,dass,orthography:wordlist
Num.5.14,162,166,165,170,sein,seine,grammar:Frau-determiner
Num.5.14,167,171,171,175,Weib,Frau,word:Weib-Frau
Num.5.15,17,21,17,22,sein,seine,grammar:Frau-determiner
Num.5.15,22,26,23,27,Weib,Frau,word:Weib-Frau
Num.5.18,18,21,18,21,das,die,grammar:Frau-determiner
Num.5.18,22,26,22,26,Weib,Frau,word:Weib-Frau
Num.5.19,21,24,21,24,das,die,grammar:Frau-determiner
Num.5.19,25,29,25,29,Weib,Frau,word:Weib-Frau
Num.5.21,52,55,52,55,dem,der,grammar:Frau-determiner
Num.5.21,56,61,56,60,Weibe,Frau,word:Weib-Frau
Num.5.21,132,135,131,135,daß,dass,orthography:wordlist
Num.5.22,57,60,57,61,daß,dass,orthography:wordlist
Num.5.22,114,117,115,118,das,die,grammar:Frau-determiner
Num.5.22,118,122,119,123,Weib,Frau,word:Weib-Frau
Num.5.24,12,15,12,15,dem,der,grammar:Frau-determiner
Num.5.24,16,21,16,20,Weibe,Frau,word:Weib-Frau
Num.5.24,80,83,79,83,daß,dass,orthography:wordlist
Num.5.26,122,125,122,125,dem,der,grammar:Frau-determiner
Num.5.26,126,131,126,130,Weibe,Frau,word:Weib-Frau
Num.5.27,190,193,190,194,daß,dass,orthography:wordlist
Num.5.27,251,254,252,255,das,die,grammar:Frau-determiner
Num.5.27,255,259,256,260,Weib,Frau,word:Weib-Frau
Num.5.28,9,12,9,12,das,die,grammar:Frau-determiner
Num.5.28,13,17,13,17,Weib,Frau,word:Weib-Frau
Num.5.28,86,89,86,90,daß,dass,orthography:wordlist
Num.5.29,30,33,30,34,ein,eine,grammar:Frau-determiner
Num.5.29,34,38,35,39,Weib,Frau,word:Weib-Frau
Num.5.30,58,61,58,62,daß,dass,orthography:wordlist
Num.5.30,68,72,69,74,sein,seine,grammar:Frau-determiner
Num.5.30,73,77,75,79,Weib,Frau,word:Weib-Frau
Num.5.30,124,127,126,130,daß,dass,orthography:wordlist
Num.5.31,30,33,30,33,das,die,grammar:Frau-determiner
Num.5.31,34,38,34,38,Weib,Frau,word:Weib-Frau
Num.6.2,19,22,19,23,ein,eine,grammar:Frau-determiner
Num.6.2,23,27,24,28,Weib,Frau,word:Weib-Frau
Num.6.12,0,3,0,4,daß,dass,orthography:wordlist
Num.7.5,31,34,31,35,daß,dass,orthography:wordlist
Num.7.9,120,126,120,127,mußten,mussten,orthography:wordlist
Num.7.85,5,8,5,9,daß,dass,orthography:wordlist
Num.7.86,121,124,121,125,daß,dass,orthography:wordlist
Num.8.11,87,90,87,91,daß,dass,orthography:wordlist
Num.8.14,60,63,60,64,daß,dass,orthography:wordlist
Num.8.19,128,131,128,132,daß,dass,orthography:wordlist
Num.8.19,232,235,233,237,daß,dass,orthography:wordlist
Num.8.21,142,145,142,146,daß,dass,orthography:wordlist
Num.8.22,54,57,54,58,daß,dass,orthography:wordlist
Num.9.2,9,12,9,13,Laß,Lass,orthography:wordlist
Num.9.4,67,70,67,71,daß,dass,orthography:wordlist
Num.9.6,65,68,65,69,daß,dass,orthography:wordlist
Num.9.7,89,92,89,93,daß,dass,orthography:wordlist
Num.9.13,56,60,56,61,läßt,lässt,orthography:wordlist
Num.9.20,20,23,20,24,daß,dass,orthography:wordlist
Num.9.21,25,28,25,29,daß,dass,orthography:wordlist
Num.10.2,45,48,45,49,daß,dass,orthography:wordlist
Num.10.9,129,132,129,133,daß,dass,orthography:wordlist
Num.10.10,164,167,164,168,daß,dass,orthography:wordlist
Num.10.31,11,17,11,18,Verlaß,Verlass,orthography:wordlist
Num.10.35,62,65,62,66,daß,dass,orthography:wordlist
Num.11.10,136,143,136,144,mißfiel,missfiel,orthography:wordlist
Num.11.11,117,120,117,121,daß,dass,orthography:wordlist
Num.11.12,74,77,74,78,daß,dass,orthography:wordlist
Num.11.13,130,133,130,134,daß,dass,orthography:wordlist
Num.11.15,105,108,105,109,daß,dass,orthography:wordlist
Num.11.15,145,148,146,150,muß,muss,orthography:wordlist
Num.11.16,100,103,100,104,daß,dass,orthography:wordlist
Num.11.16,187,190,188,192,daß,dass,orthography:wordlist
Num.11.17,115,118,115,119,daß,dass,orthography:wordlist
Num.11.17,160,163,161,165,daß,dass,orthography:wordlist
Num.11.20,96,99,96,100,daß,dass,orthography:wordlist
Num.11.21,124,127,124,128,daß,dass,orthography:wordlist
Num.11.22,39,42,39,43,daß,dass,orthography:wordlist
Num.11.22,119,122,120,124,daß,dass,orthography:wordlist
Num.11.29,51,54,51,55,daß,dass,orthography:wordlist
Num.12.1,73,79,73,77,Weibes,Frau,word:Weib-Frau
Num.12.1,81,84,79,82,das,die,grammar:Frau-relative
Num.12.1,135,138,133,136,zum,zur,grammar:Frau-determiner
Num.12.1,139,144,137,141,Weibe,Frau,word:Weib-Frau
Num.12.11,42,45,42,46,laß,lass,orthography:wordlist
Num.12.12,0,3,0,4,daß,dass,orthography:wordlist
Num.12.14,49,54,49,55,müßte,müsste,orthography:wordlist
Num.12.14,96,99,97,101,Laß,Lass,orthography:wordlist
Num.13.2,18,21,18,22,daß,dass,orthography:wordlist
Num.13.32,161,166,161,167,frißt,frisst,orthography:wordlist
Num.14.2,98,101,98,102,daß,dass,orthography:wordlist
Num.14.3,41,44,41,45,daß,dass,orthography:wordlist
Num.14.3,79,82,80,84,daß,dass,orthography:wordlist
Num.14.3,89,95,91,97,Weiber,Frauen,word:Weib-Frau
Num.14.14,77,80,77,81,daß,dass,orthography:wordlist
Num.14.14,126,129,127,131,daß,dass,orthography:wordlist
Num.14.17,3,6,3,7,laß,lass,orthography:wordlist
Num.14.18,126,130,126,131,läßt,lässt,orthography:wordlist
Num.14.30,81,84,81,85,daß,dass,orthography:wordlist
Num.14.31,40,43,40,44,daß,dass,orthography:wordlist
Num.14.34,72,75,72,76,daß,dass,orthography:wordlist
Num.14.36,126,129,126,130,daß,dass,orthography:wordlist
Num.15.35,39,42,39,43,muß,muss,orthography:wordlist
Num.15.36,79,82,79,83,daß,dass,orthography:wordlist
Num.15.38,53,56,53,57,daß,dass,orthography:wordlist
Num.15.39,47,50,47,51,daß,dass,orthography:wordlist
Num.15.39,123,126,124,128,daß,dass,orthography:wordlist
Num.15.40,9,12,9,13,daß,dass,orthography:wordlist
Num.15.41,69,72,69,73,daß,dass,orthography:wordlist
Num.16.5,86,89,86,90,daß,dass,orthography:wordlist
Num.16.9,22,25,22,26,daß,dass,orthography:wordlist
Num.16.9,91,94,92,96,daß,dass,orthography:wordlist
Num.16.9,124,127,126,130,daß,dass,orthography:wordlist
Num.16.11,86,89,86,90,daß,dass,orthography:wordlist
Num.16.13,17,20,17,21,daß,dass,orthography:wordlist
Num.16.21,35,38,35,39,daß,dass,orthography:wordlist
Num.16.27,155,162,155,161,Weibern,Frauen,word:Weib-Frau
Num.16.28,41,44,41,45,daß,dass,orthography:wordlist
Num.16.28,101,104,102,106,daß,dass,orthography:wordlist
Num.16.30,41,44,41,45,daß,dass,orthography:wordlist
Num.16.30,118,121,119,123,daß,dass,orthography:wordlist
Num.16.30,190,193,192,196,daß,dass,orthography:wordlist
Num.16.31,61,67,61,68,zerriß,zerriss,orthography:wordlist
Num.16.34,87,90,87,91,Daß,Dass,orthography:wordlist
Num.17.2,58,61,58,62,daß,dass,orthography:wordlist
Num.17.5,35,38,35,39,daß,dass,orthography:wordlist
Num.17.25,76,79,76,80,daß,dass,orthography:wordlist
Num.17.25,142,145,143,147,daß,dass,orthography:wordlist
Num.17.25,174,177,176,180,daß,dass,orthography:wordlist
Num.18.2,0,3,0,4,Laß,Lass,orthography:wordlist
Num.18.2,89,92,90,94,daß,dass,orthography:wordlist
Num.18.3,78,81,78,82,daß,dass,orthography:wordlist
Num.18.4,41,44,41,45,daß,dass,orthography:wordlist
Num.18.5,76,79,76,80,daß,dass,orthography:wordlist
Num.18.6,133,136,133,137,daß,dass,orthography:wordlist
Num.18.7,70,73,70,74,daß,dass,orthography:wordlist
Num.18.7,240,243,241,245,muß,muss,orthography:wordlist
Num.18.22,68,71,68,72,daß,dass,orthography:wordlist
Num.18.24,153,156,153,157,daß,dass,orthography:wordlist
Num.18.32,144,147,144,148,daß,dass,orthography:wordlist
Num.19.2,102,105,102,106,daß,dass,orthography:wordlist
Num.20.3,47,50,47,51,daß,dass,orthography:wordlist
Num.20.4,67,70,67,71,daß,dass,orthography:wordlist
Num.20.14,74,78,74,79,läßt,lässt,orthography:wordlist
Num.20.15,0,3,0,4,daß,dass,orthography:wordlist
Num.20.15,48,51,49,53,daß,dass,orthography:wordlist
Num.20.15,122,132,124,135,mißhandelt,misshandelt,orthography:wordlist
Num.20.17,3,6,3,7,laß,lass,orthography:wordlist
Num.20.24,0,3,0,4,Laß,Lass,orthography:wordlist
Num.20.29,41,44,41,45,daß,dass,orthography:wordlist
Num.21.1,85,88,85,89,daß,dass,orthography:wordlist
Num.21.5,87,90,87,91,daß,dass,orthography:wordlist
Num.21.6,77,80,77,81,daß,dass,orthography:wordlist
Num.21.7,56,59,56,60,daß,dass,orthography:wordlist
Num.21.7,127,130,128,132,daß,dass,orthography:wordlist
Num.21.22,0,3,0,4,Laß,Lass,orthography:wordlist
Num.21.30,72,78,72,78,Weiber,Frauen,word:Weib-Frau
Num.21.35,59,62,59,63,daß,dass,orthography:wordlist
Num.22.5,142,145,142,146,daß,dass,orthography:wordlist
Num.22.13,126,129,126,130,daß,dass,orthography:wordlist
Num.22.16,53,57,53,58,läßt,lässt,orthography:wordlist
Num.22.19,36,39,36,40,daß,dass,orthography:wordlist
Num.22.22,50,53,50,54,daß,dass,orthography:wordlist
Num.22.28,91,94,91,95,daß,dass,orthography:wordlist
Num.22.29,91,94,91,95,daß,dass,orthography:wordlist
Num.22.31,61,64,61,65,daß,dass,orthography:wordlist
Num.22.34,67,72,67,73,wußte,wusste,orthography:wordlist
Num.22.34,80,83,81,85,daß,dass,orthography:wordlist
Num.22.36,20,23,20,24,daß,dass,orthography:wordlist
Num.23.3,114,117,114,118,daß,dass,orthography:wordlist
Num.23.12,26,29,26,30,Muß,Muss,orthography:wordlist
Num.23.19,36,39,36,40,daß,dass,orthography:wordlist
Num.23.19,72,75,73,77,daß,dass,orthography:wordlist
Num.23.27,123,126,123,127,daß,dass,orthography:wordlist
Num.24.1,20,23,20,24,daß,dass,orthography:wordlist
Num.24.10,124,127,124,128,daß,dass,orthography:wordlist
Num.25.4,108,111,108,112,daß,dass,orthography:wordlist
Num.25.8,115,118,115,118,das,die,grammar:Frau-determiner
Num.25.8,119,123,119,123,Weib,Frau,word:Weib-Frau
Num.25.11,84,87,84,88,daß,dass,orthography:wordlist
Num.25.11,179,182,180,184,daß,dass,orthography:wordlist
Num.25.13,94,97,94,98,daß,dass,orthography:wordlist
Num.25.15,0,3,0,3,Das,Die,grammar:Frau-determiner
Num.25.15,30,34,30,34,Weib,Frau,word:Weib-Frau
Num.26.59,4,7,4,7,das,die,grammar:Frau-determiner
Num.26.59,8,12,8,12,Weib,Frau,word:Weib-Frau
Num.27.11,135,138,135,139,daß,dass,orthography:wordlist
Num.27.17,56,59,56,60,daß,dass,orthography:wordlist
Num.27.20,42,45,42,46,daß,dass,orthography:wordlist
Num.28.2,43,46,43,47,daß,dass,orthography:wordlist
Num.30.4,5,8,5,9,ein,eine,grammar:Frau-determiner
Num.30.4,9,13,10,14,Weib,Frau,word:Weib-Frau
Num.30.16,70,75,70,76,müßte,müsste,orthography:wordlist
Num.30.17,75,81,75,81,seinem,seiner,grammar:Frau-determiner
Num.30.17,82,87,82,86,Weibe,Frau,word:Weib-Frau
Num.31.3,105,108,105,109,daß,dass,orthography:wordlist
Num.31.9,33,39,33,39,Weiber,Frauen,word:Weib-Frau
Num.31.15,46,52,46,52,Weiber,Frauen,word:Weib-Frau
Num.31.16,102,105,102,106,daß,dass,orthography:wordlist
Num.31.17,67,73,67,73,Weiber,Frauen,word:Weib-Frau
Num.31.23,77,80,77,81,muß,muss,orthography:wordlist
Num.31.35,45,51,45,52,wußten,wussten,orthography:wordlist
Num.32.7,58,61,58,62,daß,dass,orthography:wordlist
Num.32.9,116,119,116,120,daß,dass,orthography:wordlist
Num.32.20,73,76,73,77,daß,dass,orthography:wordlist
Num.32.26,20,26,20,26,Weiber,Frauen,word:Weib-Frau
Num.33.40,91,94,91,95,daß,dass,orthography:wordlist
Num.33.53,96,99,96,100,daß,dass,orthography:wordlist
Num.33.56,27,30,27,31,daß,dass,orthography:wordlist
Num.34.3,75,78,75,79,daß,dass,orthography:wordlist
Num.35.2,28,31,28,32,daß,dass,orthography:wordlist
Num.35.5,240,243,240,244,daß,dass,orthography:wordlist
Num.35.7,3,6,3,7,daß,dass,orthography:wordlist
Num.35.11,32,35,32,36,daß,dass,orthography:wordlist
Num.35.15,124,127,124,128,daß,dass,orthography:wordlist
Num.35.16,65,68,65,69,daß,dass,orthography:wordlist
Num.35.17,85,88,85,89,daß,dass,orthography:wordlist
Num.35.18,101,104,101,105,daß,dass,orthography:wordlist
Num.35.20,27,30,27,31,Haß,Hass,orthography:wordlist
Num.35.20,76,79,77,81,daß,dass,orthography:wordlist
Num.35.21,56,59,56,60,daß,dass,orthography:wordlist
Num.35.23,75,78,75,79,daß,dass,orthography:wordlist
Num.36.2,35,38,35,39,daß,dass,orthography:wordlist
Num.36.2,166,169,167,171,daß,dass,orthography:wordlist
Num.36.6,81,85,81,86,Laßt,Lasst,orthography:wordlist
Num.36.8,166,169,166,170,daß,dass,orthography:wordlist
Deut.1.3,71,74,71,75,daß,dass,orthography:wordlist
Deut.1.7,35,38,35,39,daß,dass,orthography:wordlist
Deut.1.7,269,273,270,275,Fluß,Fluss,orthography:wordlist
Deut.1.7,279,283,281,286,Fluß,Fluss,orthography:wordlist
Deut.1.8,176,179,176,180,daß,dass,orthography:wordlist
Deut.1.14,77,80,77,81,daß,dass,orthography:wordlist
Deut.1.17,236,239,236,240,daß,dass,orthography:wordlist
Deut.1.22,55,59,55,60,Laßt,Lasst,orthography:wordlist
Deut.1.27,66,69,66,70,Haß,Hass,orthography:wordlist
Deut.1.27,91,94,92,96,daß,dass,orthography:wordlist
Deut.1.33,95,98,95,99,daß,dass,orthography:wordlist
Deut.1.39,39,42,39,43,daß,dass,orthography:wordlist
Deut.1.39,63,69,64,71,müßten,müssten,orthography:wordlist
Deut.1.42,120,123,120,124,daß,dass,orthography:wordlist
Deut.2.5,0,3,0,4,daß,dass,orthography:wordlist
Deut.2.7,203,206,203,207,daß,dass,orthography:wordlist
Deut.2.15,47,50,47,51,daß,dass,orthography:wordlist
Deut.2.21,154,157,154,158,daß,dass,orthography:wordlist
Deut.2.22,131,134,131,135,daß,dass,orthography:wordlist
Deut.2.25,126,129,126,130,daß,dass,orthography:wordlist
Deut.2.28,40,43,40,44,daß,dass,orthography:wordlist
Deut.2.28,94,97,95,99,daß,dass,orthography:wordlist
Deut.2.30,171,174,171,175,daß,dass,orthography:wordlist
Deut.2.33,48,51,48,52,daß,dass,orthography:wordlist
Deut.2.34,56,62,56,62,Weiber,Frauen,word:Weib-Frau
Deut.3.3,120,123,120,124,daß,dass,orthography:wordlist
Deut.3.6,168,175,168,174,Weibern,Frauen,word:Weib-Frau
Deut.3.19,10,16,10,16,Weiber,Frauen,word:Weib-Frau
Deut.3.19,58,61,58,62,daß,dass,orthography:wordlist
Deut.3.25,0,3,0,4,Laß,Lass,orthography:wordlist
Deut.3.26,106,109,106,110,Laß,Lass,orthography:wordlist
Deut.3.28,73,76,73,77,daß,dass,orthography:wordlist
Deut.4.1,79,82,79,83,daß,dass,orthography:wordlist
Deut.4.5,102,105,102,106,daß,dass,orthography:wordlist
Deut.4.9,53,56,53,57,daß,dass,orthography:wordlist
Deut.4.9,129,132,130,134,daß,dass,orthography:wordlist
Deut.4.10,137,140,137,141,daß,dass,orthography:wordlist
Deut.4.14,38,41,38,42,daß,dass,orthography:wordlist
Deut.4.16,0,3,0,4,daß,dass,orthography:wordlist
Deut.4.19,0,3,0,4,daß,dass,orthography:wordlist
Deut.4.20,83,86,83,87,daß,dass,orthography:wordlist
Deut.4.21,53,56,53,57,daß,dass,orthography:wordlist
Deut.4.22,12,15,12,16,muß,muss,orthography:wordlist
Deut.4.23,19,22,19,23,daß,dass,orthography:wordlist
Deut.4.25,185,188,185,189,daß,dass,orthography:wordlist
Deut.4.26,59,62,59,63,daß,dass,orthography:wordlist
Deut.4.26,67,72,68,74,gewiß,gewiss,orthography:wordlist
Deut.4.35,31,34,31,35,daß,dass,orthography:wordlist
Deut.4.35,47,50,48,52,daß,dass,orthography:wordlist
Deut.4.36,54,57,54,58,daß,dass,orthography:wordlist
Deut.4.38,0,3,0,4,daß,dass,orthography:wordlist
Deut.4.39,52,55,52,56,daß,dass,orthography:wordlist
Deut.4.42,129,132,129,133,daß,dass,orthography:wordlist
Deut.5.1,168,171,168,172,daß,dass,orthography:wordlist
Deut.5.11,52,63,52,64,mißbrauchen,missbrauchen,orthography:wordlist
Deut.5.11,130,140,131,142,mißbraucht,missbraucht,orthography:wordlist
Deut.5.12,25,28,25,29,daß,dass,orthography:wordlist
Deut.5.15,25,28,25,29,daß,dass,orthography:wordlist
Deut.5.15,77,80,78,82,daß,dass,orthography:wordlist
Deut.5.15,220,223,222,226,daß,dass,orthography:wordlist
Deut.5.16,93,96,93,97,daß,dass,orthography:wordlist
Deut.5.21,0,3,0,4,Laß,Lass,orthography:wordlist
Deut.5.21,40,46,41,45,Weibes,Frau,word:Weib-Frau
Deut.5.21,48,51,47,51,laß,lass,orthography:wordlist
Deut.5.24,179,182,179,183,daß,dass,orthography:wordlist
Deut.5.29,112,115,112,116,daß,dass,orthography:wordlist
Deut.5.31,31,34,31,35,daß,dass,orthography:wordlist
Deut.5.31,116,119,117,121,daß,dass,orthography:wordlist
Deut.5.32,18,21,18,22,daß,dass,orthography:wordlist
Deut.5.33,75,78,75,79,daß,dass,orthography:wordlist
Deut.5.33,100,103,101,105,daß,dass,orthography:wordlist
Deut.6.1,97,100,97,101,daß,dass,orthography:wordlist
Deut.6.2,0,3,0,4,daß,dass,orthography:wordlist
Deut.6.2,183,186,184,188,daß,dass,orthography:wordlist
Deut.6.3,32,35,32,36,daß,dass,orthography:wordlist
Deut.6.3,50,53,51,55,daß,dass,orthography:wordlist
Deut.6.10,123,126,123,127,daß,dass,orthography:wordlist
Deut.6.18,0,3,0,4,daß,dass,orthography:wordlist
Deut.6.23,31,34,31,35,daß,dass,orthography:wordlist
Deut.6.24,64,67,64,68,daß,dass,orthography:wordlist
Deut.7.2,51,54,51,55,daß,dass,orthography:wordlist
Deut.7.4,53,56,53,57,daß,dass,orthography:wordlist
Deut.7.9,25,28,25,29,daß,dass,orthography:wordlist
Deut.7.10,51,55,51,56,haßt,hasst,orthography:wordlist
Deut.7.10,135,139,136,141,haßt,hasst,orthography:wordlist
Deut.7.11,87,90,87,91,daß,dass,orthography:wordlist
Deut.7.21,0,3,0,4,Laß,Lass,orthography:wordlist
Deut.7.25,153,156,153,157,daß,dass,orthography:wordlist
Deut.7.25,237,243,238,244,Greuel,Gräuel,orthography:wordlist
Deut.7.26,20,26,20,26,Greuel,Gräuel,orthography:wordlist
Deut.7.26,55,58,55,59,daß,dass,orthography:wordlist
Deut.7.26,141,147,142,148,Greuel,Gräuel,orthography:wordlist
Deut.8.1,79,82,79,83,daß,dass,orthography:wordlist
Deut.8.2,128,131,128,132,daß,dass,orthography:wordlist
Deut.8.2,169,172,170,174,daß,dass,orthography:wordlist
Deut.8.3,132,135,132,136,daß,dass,orthography:wordlist
Deut.8.3,183,186,184,188,daß,dass,orthography:wordlist
Deut.8.5,33,36,33,37,daß,dass,orthography:wordlist
Deut.8.6,51,54,51,55,daß,dass,orthography:wordlist
Deut.8.9,48,52,48,53,mußt,musst,orthography:wordlist
Deut.8.11,29,32,29,33,daß,dass,orthography:wordlist
Deut.8.11,83,86,84,88,daß,dass,orthography:wordlist
Deut.8.12,0,3,0,4,daß,dass,orthography:wordlist
Deut.8.16,72,78,72,79,wußten,wussten,orthography:wordlist
Deut.8.16,84,87,85,89,daß,dass,orthography:wordlist
Deut.8.17,13,16,13,17,daß,dass,orthography:wordlist
Deut.8.18,124,127,124,128,daß,dass,orthography:wordlist
Deut.8.19,146,149,146,150,daß,dass,orthography:wordlist
Deut.8.19,154,159,155,161,gewiß,gewiss,orthography:wordlist
Deut.9.1,52,55,52,56,daß,dass,orthography:wordlist
Deut.9.3,27,30,27,31,daß,dass,orthography:wordlist
Deut.9.6,14,17,14,18,daß,dass,orthography:wordlist
Deut.9.7,25,31,25,32,vergiß,vergiss,orthography:wordlist
Deut.9.7,101,104,102,106,daß,dass,orthography:wordlist
Deut.9.8,42,45,42,46,daß,dass,orthography:wordlist
Deut.9.14,0,3,0,4,Laß,Lass,orthography:wordlist
Deut.9.14,16,19,17,21,daß,dass,orthography:wordlist
Deut.9.17,3,8,3,9,faßte,fasste,orthography:wordlist
Deut.9.19,94,97,94,98,daß,dass,orthography:wordlist
Deut.9.20,42,45,42,46,daß,dass,orthography:wordlist
Deut.9.28,0,3,0,4,daß,dass,orthography:wordlist
Deut.10.11,58,61,58,62,daß,dass,orthography:wordlist
Deut.10.11,90,93,91,95,daß,dass,orthography:wordlist
Deut.10.11,177,180,179,183,daß,dass,orthography:wordlist
Deut.10.12,64,67,64,68,daß,dass,orthography:wordlist
Deut.10.12,106,109,107,111,daß,dass,orthography:wordlist
Deut.10.13,0,3,0,4,daß,dass,orthography:wordlist
Deut.10.15,58,61,58,62,daß,dass,orthography:wordlist
Deut.10.18,77,80,77,81,daß,dass,orthography:wordlist
Deut.11.8,66,69,66,70,daß,dass,orthography:wordlist
Deut.11.9,4,7,4,8,daß,dass,orthography:wordlist
Deut.11.9,80,83,81,85,daß,dass,orthography:wordlist
Deut.11.13,95,98,95,99,daß,dass,orthography:wordlist
Deut.11.14,77,80,77,81,daß,dass,orthography:wordlist
Deut.11.15,54,57,54,58,daß,dass,orthography:wordlist
Deut.11.16,17,20,17,21,daß,dass,orthography:wordlist
Deut.11.16,59,62,60,64,daß,dass,orthography:wordlist
Deut.11.17,4,7,4,8,daß,dass,orthography:wordlist
Deut.11.17,82,85,83,87,daß,dass,orthography:wordlist
Deut.11.18,104,107,104,108,daß,dass,orthography:wordlist
Deut.11.21,4,7,4,8,daß,dass,orthography:wordlist
Deut.11.21,101,104,102,106,daß,dass,orthography:wordlist
Deut.11.23,63,66,63,67,daß,dass,orthography:wordlist
Deut.11.28,148,151,148,152,daß,dass,orthography:wordlist
Deut.11.31,39,42,39,43,daß,dass,orthography:wordlist
Deut.11.32,22,25,22,26,daß,dass,orthography:wordlist
Deut.12.11,49,52,49,53,daß,dass,orthography:wordlist
Deut.12.13,11,14,11,15,daß,dass,orthography:wordlist
Deut.12.20,181,183,181,184,iß,iss,orthography:wordlist
Deut.12.21,56,59,56,60,daß,dass,orthography:wordlist
Deut.12.21,226,228,227,230,iß,iss,orthography:wordlist
Deut.12.22,36,39,36,40,ißt,isst,orthography:wordlist
Deut.12.23,22,25,22,26,daß,dass,orthography:wordlist
Deut.12.25,30,33,30,34,daß,dass,orthography:wordlist
Deut.12.30,50,53,50,54,daß,dass,orthography:wordlist
Deut.12.31,69,75,69,75,Greuel,Gräuel,orthography:wordlist
Deut.12.31,105,109,105,110,haßt,hasst,orthography:wordlist
Deut.13.3,155,159,155,160,laßt,lasst,orthography:wordlist
Deut.13.7,83,86,83,86,das,die,grammar:Frau-determiner
Deut.13.7,87,91,87,91,Weib,Frau,word:Weib-Frau
Deut.13.13,107,110,107,111,daß,dass,orthography:wordlist
Deut.13.15,110,113,110,114,daß,dass,orthography:wordlist
Deut.13.15,117,122,118,124,gewiß,gewiss,orthography:wordlist
Deut.13.15,133,136,135,139,daß,dass,orthography:wordlist
Deut.13.15,145,151,148,154,Greuel,Gräuel,orthography:wordlist
Deut.13.17,167,170,167,171,daß,dass,orthography:wordlist
Deut.13.18,4,7,4,8,laß,lass,orthography:wordlist
Deut.13.19,126,129,126,130,daß,dass,orthography:wordlist
Deut.14.2,87,90,87,91,daß,dass,orthography:wordlist
Deut.14.3,17,23,17,23,Greuel,Gräuel,orthography:wordlist
Deut.14.21,75,78,75,79,daß,dass,orthography:wordlist
Deut.14.23,79,82,79,83,daß,dass,orthography:wordlist
Deut.14.24,121,124,121,125,daß,dass,orthography:wordlist
Deut.14.26,144,146,144,147,iß,iss,orthography:wordlist
Deut.15.1,62,67,62,68,Erlaß,Erlass,orthography:wordlist
Deut.15.2,136,141,136,142,Erlaß,Erlass,orthography:wordlist
Deut.15.5,15,18,15,19,daß,dass,orthography:wordlist
Deut.15.9,11,14,11,15,daß,dass,orthography:wordlist
Deut.15.9,98,107,99,109,Erlaßjahr,Erlassjahr,orthography:wordlist
Deut.15.15,13,16,13,17,daß,dass,orthography:wordlist
Deut.15.15,62,65,63,67,daß,dass,orthography:wordlist
Deut.16.1,26,29,26,30,daß,dass,orthography:wordlist
Deut.16.2,114,117,114,118,daß,dass,orthography:wordlist
Deut.16.6,60,63,60,64,daß,dass,orthography:wordlist
Deut.16.11,281,284,281,285,daß,dass,orthography:wordlist
Deut.16.12,22,25,22,26,daß,dass,orthography:wordlist
Deut.16.12,65,68,66,70,daß,dass,orthography:wordlist
Deut.16.20,51,54,51,55,daß,dass,orthography:wordlist
Deut.16.22,55,59,55,60,haßt,hasst,orthography:wordlist
Deut.17.1,166,172,166,172,Greuel,Gräuel,orthography:wordlist
Deut.17.2,93,96,93,97,ein,eine,grammar:Frau-determiner
Deut.17.2,97,101,98,102,Weib,Frau,word:Weib-Frau
Deut.17.2,170,173,171,175,daß,dass,orthography:wordlist
Deut.17.4,96,99,96,100,daß,dass,orthography:wordlist
Deut.17.4,103,108,104,110,gewiß,gewiss,orthography:wordlist
Deut.17.4,119,122,121,125,daß,dass,orthography:wordlist
Deut.17.4,131,137,134,140,Greuel,Gräuel,orthography:wordlist
Deut.17.5,29,34,29,33,jenes,jene,grammar:Frau-determiner
Deut.17.5,35,39,34,38,Weib,Frau,word:Weib-Frau
Deut.17.5,115,118,114,117,das,die,grammar:Frau-determiner
Deut.17.5,119,123,118,122,Weib,Frau,word:Weib-Frau
Deut.17.10,121,124,121,125,daß,dass,orthography:wordlist
Deut.17.12,35,38,35,39,daß,dass,orthography:wordlist
Deut.17.13,0,3,0,4,daß,dass,orthography:wordlist
Deut.17.17,34,40,34,40,Weiber,Frauen,word:Weib-Frau
Deut.17.19,92,95,92,96,daß,dass,orthography:wordlist
Deut.17.20,129,132,129,133,daß,dass,orthography:wordlist
Deut.18.9,108,115,108,115,Greueln,Gräueln,orthography:wordlist
Deut.18.12,40,46,40,46,Greuel,Gräuel,orthography:wordlist
Deut.18.12,63,69,63,69,Greuel,Gräuel,orthography:wordlist
Deut.19.4,146,149,146,150,Haß,Hass,orthography:wordlist
Deut.19.5,198,201,198,202,daß,dass,orthography:wordlist
Deut.19.5,255,258,256,260,daß,dass,orthography:wordlist
Deut.19.6,207,210,207,211,Haß,Hass,orthography:wordlist
Deut.19.9,69,72,69,73,daß,dass,orthography:wordlist
Deut.19.10,0,3,0,4,daß,dass,orthography:wordlist
Deut.19.11,33,37,33,38,haßt,hasst,orthography:wordlist
Deut.19.12,123,126,123,127,daß,dass,orthography:wordlist
Deut.19.18,66,69,66,70,daß,dass,orthography:wordlist
Deut.19.20,0,3,0,4,daß,dass,orthography:wordlist
Deut.20.4,41,44,41,45,daß,dass,orthography:wordlist
Deut.20.6,135,138,135,139,daß,dass,orthography:wordlist
Deut.20.7,22,27,22,27,einem,einer,grammar:Frau-determiner
Deut.20.7,28,33,28,32,Weibe,Frau,word:Weib-Frau
Deut.20.7,129,132,128,132,daß,dass,orthography:wordlist
Deut.20.14,9,15,9,15,Weiber,Frauen,word:Weib-Frau
Deut.20.18,0,3,0,4,daß,dass,orthography:wordlist
Deut.20.18,36,42,37,43,Greuel,Gräuel,orthography:wordlist
Deut.20.18,92,95,93,97,daß,dass,orthography:wordlist
Deut.20.19,42,46,42,47,mußt,musst,orthography:wordlist
Deut.20.19,275,278,276,280,daß,dass,orthography:wordlist
Deut.20.20,41,44,41,45,daß,dass,orthography:wordlist
Deut.20.20,61,64,62,66,ißt,isst,orthography:wordlist
Deut.21.5,98,101,98,102,daß,dass,orthography:wordlist
Deut.21.10,97,100,97,101,daß,dass,orthography:wordlist
Deut.21.11,28,31,28,32,ein,eine,grammar:Frau-determiner
Deut.21.11,32,39,33,39,schönes,schöne,grammar:Frau-adjective
Deut.21.11,40,44,40,44,Weib,Frau,word:Weib-Frau
Deut.21.11,86,89,86,89,zum,zur,grammar:Frau-determiner
Deut.21.11,90,95,90,94,Weibe,Frau,word:Weib-Frau
Deut.21.12,30,33,30,34,laß,lass,orthography:wordlist
Deut.21.13,50,53,50,54,laß,lass,orthography:wordlist
Deut.21.13,183,186,184,188,daß,dass,orthography:wordlist
Deut.21.13,191,195,193,198,dein,deine,grammar:Frau-determiner
Deut.21.13,196,200,199,203,Weib,Frau,word:Weib-Frau
Deut.21.15,66,70,66,71,haßt,hasst,orthography:wordlist
Deut.21.15,127,134,128,136,Gehaßte,Gehasste,orthography:wordlist
Deut.21.15,170,178,172,181,Gehaßten,Gehassten,orthography:wordlist
Deut.21.16,25,28,25,29,daß,dass,orthography:wordlist
Deut.21.16,184,192,185,194,Gehaßten,Gehassten,orthography:wordlist
Deut.21.17,29,37,29,38,Gehaßten,Gehassten,orthography:wordlist
Deut.21.17,77,80,78,82,daß,dass,orthography:wordlist
Deut.21.21,50,53,50,54,daß,dass,orthography:wordlist
Deut.21.21,119,122,120,124,daß,dass,orthography:wordlist
Deut.22.2,133,136,133,137,daß,dass,orthography:wordlist
Deut.22.5,0,3,0,4,Ein,Eine,grammar:Frau-determiner
Deut.22.5,4,8,5,9,Weib,Frau,word:Weib-Frau
Deut.22.5,143,149,144,150,Greuel,Gräuel,orthography:wordlist
Deut.22.7,71,74,71,75,daß,dass,orthography:wordlist
Deut.22.13,12,15,12,16,ein,eine,grammar:Frau-determiner
Deut.22.13,16,20,17,21,Weib,Frau,word:Weib-Frau
Deut.22.14,121,127,121,126,dieses,diese,grammar:Frau-determiner
Deut.22.14,128,132,127,131,Weib,Frau,word:Weib-Frau
Deut.22.16,89,92,89,92,zum,zur,grammar:Frau-determiner
Deut.22.16,93,98,93,97,Weibe,Frau,word:Weib-Frau
Deut.22.19,166,169,166,169,zum,zur,grammar:Frau-determiner
Deut.22.19,170,175,170,174,Weibe,Frau,word:Weib-Frau
Deut.22.22,26,29,26,30,daß,dass,orthography:wordlist
Deut.22.22,112,115,113,116,dem,der,grammar:Frau-determiner
Deut.22.22,116,121,117,121,Weibe,Frau,word:Weib-Frau
Deut.22.22,135,138,135,138,das,die,grammar:Frau-determiner
Deut.22.22,139,143,139,143,Weib,Frau,word:Weib-Frau
Deut.22.24,87,90,87,91,daß,dass,orthography:wordlist
Deut.22.24,123,126,124,128,daß,dass,orthography:wordlist
Deut.22.24,196,199,198,202,daß,dass,orthography:wordlist
Deut.22.24,219,223,222,226,Weib,Frau,word:Weib-Frau
Deut.22.29,98,101,98,101,zum,zur,grammar:Frau-determiner
Deut.22.29,102,107,102,106,Weibe,Frau,word:Weib-Frau
Deut.23.1,45,49,45,49,Weib,Frau,word:Weib-Frau
Deut.23.5,174,177,174,178,daß,dass,orthography:wordlist
Deut.23.15,58,61,58,62,daß,dass,orthography:wordlist
Deut.23.15,149,152,150,154,daß,dass,orthography:wordlist
Deut.23.19,156,162,156,162,Greuel,Gräuel,orthography:wordlist
Deut.23.21,98,101,98,102,daß,dass,orthography:wordlist
Deut.23.22,127,132,127,133,gewiß,gewiss,orthography:wordlist
Deut.24.1,12,15,12,16,ein,eine,grammar:Frau-determiner
Deut.24.1,16,20,17,21,Weib,Frau,word:Weib-Frau
Deut.24.2,71,75,71,75,Weib,Frau,word:Weib-Frau
Deut.24.3,45,48,45,49,daß,dass,orthography:wordlist
Deut.24.3,140,147,141,149,entläßt,entlässt,orthography:wordlist
Deut.24.3,196,199,198,201,zum,zur,grammar:Frau-determiner
Deut.24.3,200,205,202,206,Weibe,Frau,word:Weib-Frau
Deut.24.4,73,76,73,77,daß,dass,orthography:wordlist
Deut.24.4,89,93,90,95,sein,seine,grammar:Frau-determiner
Deut.24.4,94,98,96,100,Weib,Frau,word:Weib-Frau
Deut.24.4,159,165,161,167,Greuel,Gräuel,orthography:wordlist
Deut.24.5,21,24,21,25,ein,eine,grammar:Frau-determiner
Deut.24.5,25,29,26,30,Weib,Frau,word:Weib-Frau
Deut.24.5,165,168,166,170,daß,dass,orthography:wordlist
Deut.24.5,177,183,179,185,seines,seiner,grammar:Frau-determiner
Deut.24.5,184,190,186,190,Weibes,Frau,word:Weib-Frau
Deut.24.7,39,42,39,43,daß,dass,orthography:wordlist
Deut.24.7,178,181,179,183,daß,dass,orthography:wordlist
Deut.24.8,57,60,57,61,daß,dass,orthography:wordlist
Deut.24.18,25,28,25,29,daß,dass,orthography:wordlist
Deut.24.18,76,79,77,81,daß,dass,orthography:wordlist
Deut.24.18,152,155,154,158,daß,dass,orthography:wordlist
Deut.24.19,190,193,190,194,daß,dass,orthography:wordlist
Deut.24.22,24,27,24,28,daß,dass,orthography:wordlist
Deut.25.5,77,80,77,80,das,die,grammar:Frau-determiner
Deut.25.5,81,85,81,85,Weib,Frau,word:Weib-Frau
Deut.25.5,197,200,197,200,zum,zur,grammar:Frau-determiner
Deut.25.5,201,206,201,205,Weibe,Frau,word:Weib-Frau
Deut.25.7,56,60,56,60,Weib,Frau,word:Weib-Frau
Deut.25.7,95,99,95,99,Weib,Frau,word:Weib-Frau
Deut.25.9,23,27,23,27,Weib,Frau,word:Weib-Frau
Deut.25.11,51,55,51,55,Weib,Frau,word:Weib-Frau
Deut.25.15,79,82,79,83,daß,dass,orthography:wordlist
Deut.25.16,65,71,65,71,Greuel,Gräuel,orthography:wordlist
Deut.25.19,214,220,214,221,vergiß,vergiss,orthography:wordlist
Deut.26.2,232,235,232,236,daß,dass,orthography:wordlist
Deut.26.3,136,139,136,140,daß,dass,orthography:wordlist
Deut.26.3,217,220,218,222,daß,dass,orthography:wordlist
Deut.26.12,190,193,190,194,daß,dass,orthography:wordlist
Deut.26.16,57,60,57,61,daß,dass,orthography:wordlist
Deut.26.16,105,108,106,110,daß,dass,orthography:wordlist
Deut.26.17,43,46,43,47,daß,dass,orthography:wordlist
Deut.26.17,75,78,76,80,daß,dass,orthography:wordlist
Deut.26.18,57,60,57,61,daß,dass,orthography:wordlist
Deut.26.18,126,129,127,131,daß,dass,orthography:wordlist
Deut.26.19,13,16,13,17,daß,dass,orthography:wordlist
Deut.26.19,106,109,107,111,daß,dass,orthography:wordlist
Deut.27.15,91,97,91,97,Greuel,Gräuel,orthography:wordlist
Deut.27.20,46,51,46,50,Weibe,Frau,word:Weib-Frau
Deut.27.25,51,54,51,55,daß,dass,orthography:wordlist
Deut.28.1,160,163,160,164,daß,dass,orthography:wordlist
Deut.28.8,34,37,34,38,daß,dass,orthography:wordlist
Deut.28.10,41,44,41,45,daß,dass,orthography:wordlist
Deut.28.11,22,30,22,31,Überfluß,Überfluss,orthography:wordlist
Deut.28.11,200,203,201,205,daß,dass,orthography:wordlist
Deut.28.12,59,62,59,63,daß,dass,orthography:wordlist
Deut.28.12,110,113,111,115,daß,dass,orthography:wordlist
Deut.28.13,198,201,198,202,daß,dass,orthography:wordlist
Deut.28.14,125,128,125,129,daß,dass,orthography:wordlist
Deut.28.15,89,92,89,93,daß,dass,orthography:wordlist
Deut.28.25,151,161,151,162,mißhandelt,misshandelt,orthography:wordlist
Deut.28.27,88,91,88,92,daß,dass,orthography:wordlist
Deut.28.30,13,16,13,17,ein,eine,grammar:Frau-determiner
Deut.28.30,17,21,18,22,Weib,Frau,word:Weib-Frau
Deut.28.32,72,75,72,76,daß,dass,orthography:wordlist
Deut.28.33,103,110,103,111,wußtest,wusstest,orthography:wordlist
Deut.28.33,145,155,146,157,mißhandelt,misshandelt,orthography:wordlist
Deut.28.35,71,74,71,75,daß,dass,orthography:wordlist
Deut.28.47,7,10,7,11,daß,dass,orthography:wordlist
Deut.28.47,112,120,113,122,Überfluß,Überfluss,orthography:wordlist
Deut.28.48,0,4,0,5,mußt,musst,orthography:wordlist
Deut.28.51,211,214,211,215,daß,dass,orthography:wordlist
Deut.28.54,93,96,93,96,dem,der,grammar:Frau-determiner
Deut.28.54,97,102,97,101,Weibe,Frau,word:Weib-Frau
Deut.28.55,5,8,5,9,daß,dass,orthography:wordlist
Deut.28.55,84,87,85,89,muß,muss,orthography:wordlist
Deut.28.56,40,44,40,44,Weib,Frau,word:Weib-Frau
Deut.28.56,93,96,93,97,daß,dass,orthography:wordlist
Deut.28.65,155,158,155,159,daß,dass,orthography:wordlist
Deut.28.65,199,202,200,204,daß,dass,orthography:wordlist
Deut.28.67,31,34,31,35,daß,dass,orthography:wordlist
Deut.28.67,90,93,91,95,daß,dass,orthography:wordlist
Deut.28.69,166,172,166,173,schloß,schloss,orthography:wordlist
Deut.29.5,88,91,88,92,daß,dass,orthography:wordlist
Deut.29.5,106,109,107,111,daß,dass,orthography:wordlist
Deut.29.10,18,24,18,24,Weiber,Frauen,word:Weib-Frau
Deut.29.12,13,16,13,17,daß,dass,orthography:wordlist
Deut.29.12,59,62,60,64,daß,dass,orthography:wordlist
Deut.29.16,19,25,19,25,Greuel,Gräuel,orthography:wordlist
Deut.29.17,18,21,18,22,daß,dass,orthography:wordlist
Deut.29.17,47,50,48,52,ein,eine,grammar:Frau-determiner
Deut.29.17,51,55,53,57,Weib,Frau,word:Weib-Frau
Deut.29.17,217,220,219,223,daß,dass,orthography:wordlist
Deut.29.18,4,7,4,8,daß,dass,orthography:wordlist
Deut.29.18,205,208,206,210,daß,dass,orthography:wordlist
Deut.29.21,3,6,3,7,daß,dass,orthography:wordlist
Deut.29.22,75,78,75,79,daß,dass,orthography:wordlist
Deut.29.22,131,134,132,136,daß,dass,orthography:wordlist
Deut.29.24,112,118,112,119,schloß,schloss,orthography:wordlist
Deut.29.26,54,57,54,58,daß,dass,orthography:wordlist
Deut.30.6,80,83,80,84,daß,dass,orthography:wordlist
Deut.30.6,163,166,164,168,daß,dass,orthography:wordlist
Deut.30.8,59,62,59,63,daß,dass,orthography:wordlist
Deut.30.9,34,42,34,43,Überfluß,Überfluss,orthography:wordlist
Deut.30.12,24,27,24,28,daß,dass,orthography:wordlist
Deut.30.12,37,44,38,46,müßtest,müsstest,orthography:wordlist
Deut.30.12,115,118,117,121,daß,dass,orthography:wordlist
Deut.30.13,39,42,39,43,daß,dass,orthography:wordlist
Deut.30.13,52,59,53,61,müßtest,müsstest,orthography:wordlist
Deut.30.13,129,132,131,135,daß,dass,orthography:wordlist
Deut.30.14,78,81,78,82,daß,dass,orthography:wordlist
Deut.30.16,32,35,32,36,daß,dass,orthography:wordlist
Deut.30.16,164,167,165,169,daß,dass,orthography:wordlist
Deut.30.18,30,33,30,34,daß,dass,orthography:wordlist
Deut.30.18,38,43,39,45,gewiß,gewiss,orthography:wordlist
Deut.30.19,140,143,140,144,daß,dass,orthography:wordlist
Deut.31.3,101,104,101,105,daß,dass,orthography:wordlist
Deut.31.10,78,89,78,90,Erlaßjahres,Erlassjahres,orthography:wordlist
Deut.31.12,58,64,58,64,Weiber,Frauen,word:Weib-Frau
Deut.31.12,154,157,154,158,daß,dass,orthography:wordlist
Deut.31.13,79,82,79,83,daß,dass,orthography:wordlist
Deut.31.14,71,75,71,76,mußt,musst,orthography:wordlist
Deut.31.17,120,123,120,124,daß,dass,orthography:wordlist
Deut.31.19,99,102,99,103,daß,dass,orthography:wordlist
Deut.31.27,144,151,144,152,wieviel,wie viel,orthography:wordlist
Deut.31.29,15,18,15,19,daß,dass,orthography:wordlist
Deut.31.29,40,45,41,47,gewiß,gewiss,orthography:wordlist
Deut.32.16,57,63,57,63,Greuel,Gräuel,orthography:wordlist
Deut.32.27,45,48,45,49,daß,dass,orthography:wordlist
Deut.32.36,90,93,90,94,daß,dass,orthography:wordlist
Deut.32.39,20,23,20,24,daß,dass,orthography:wordlist
Deut.32.46,84,87,84,88,daß,dass,orthography:wordlist
Deut.33.11,41,44,41,45,laß,lass,orthography:wordlist
Josh.1.1,72,75,72,76,daß,dass,orthography:wordlist
Josh.1.7,32,35,32,36,daß,dass,orthography:wordlist
Josh.1.7,184,187,185,189,daß,dass,orthography:wordlist
Josh.1.8,96,99,96,100,daß,dass,orthography:wordlist
Josh.1.9,37,40,37,41,daß,dass,orthography:wordlist
Josh.1.11,158,161,158,162,daß,dass,orthography:wordlist
Josh.1.14,5,11,5,11,Weiber,Frauen,word:Weib-Frau
Josh.2.4,0,3,0,3,Das,Die,grammar:Frau-determiner
Josh.2.4,4,8,4,8,Weib,Frau,word:Weib-Frau
Josh.2.4,128,133,128,134,wußte,wusste,orthography:wordlist
Josh.2.7,118,124,118,125,schloß,schloss,orthography:wordlist
Josh.2.9,31,34,31,35,daß,dass,orthography:wordlist
Josh.2.12,50,53,50,54,daß,dass,orthography:wordlist
Josh.2.13,0,3,0,4,daß,dass,orthography:wordlist
Josh.2.16,48,51,48,52,daß,dass,orthography:wordlist
Josh.3.4,109,112,109,113,daß,dass,orthography:wordlist
Josh.3.7,110,113,110,114,daß,dass,orthography:wordlist
Josh.3.10,66,69,66,70,daß,dass,orthography:wordlist
Josh.3.10,109,112,110,114,daß,dass,orthography:wordlist
Josh.3.10,206,211,208,214,gewiß,gewiss,orthography:wordlist
Josh.4.1,82,85,82,86,daß,dass,orthography:wordlist
Josh.4.16,62,65,62,66,daß,dass,orthography:wordlist
Josh.4.24,4,7,4,8,daß,dass,orthography:wordlist
Josh.4.24,80,83,81,85,daß,dass,orthography:wordlist
Josh.5.6,241,244,241,245,daß,dass,orthography:wordlist
Josh.5.13,47,50,47,51,daß,dass,orthography:wordlist
Josh.6.1,90,93,90,94,daß,dass,orthography:wordlist
Josh.6.3,69,72,69,73,daß,dass,orthography:wordlist
Josh.6.19,97,100,97,101,daß,dass,orthography:wordlist
Josh.6.21,109,116,109,115,Weibern,Frauen,word:Weib-Frau
Josh.6.22,119,122,119,122,das,die,grammar:Frau-determiner
Josh.6.22,123,127,123,127,Weib,Frau,word:Weib-Frau
Josh.6.27,29,32,29,33,daß,dass,orthography:wordlist
Josh.7.3,164,167,164,168,daß,dass,orthography:wordlist
Josh.7.6,20,26,20,27,zerriß,zerriss,orthography:wordlist
Josh.7.7,91,94,91,95,daß,dass,orthography:wordlist
Josh.7.7,155,158,156,160,daß,dass,orthography:wordlist
Josh.8.2,79,82,79,83,daß,dass,orthography:wordlist
Josh.8.6,0,3,0,4,daß,dass,orthography:wordlist
Josh.8.11,155,158,155,159,daß,dass,orthography:wordlist
Josh.8.13,61,64,61,65,daß,dass,orthography:wordlist
Josh.8.14,222,227,222,228,wußte,wusste,orthography:wordlist
Josh.8.14,235,238,236,240,daß,dass,orthography:wordlist
Josh.8.16,64,67,64,68,daß,dass,orthography:wordlist
Josh.8.21,36,39,36,40,daß,dass,orthography:wordlist
Josh.8.21,87,90,88,92,daß,dass,orthography:wordlist
Josh.8.22,58,61,58,62,daß,dass,orthography:wordlist
Josh.8.25,70,76,70,76,Weiber,Frauen,word:Weib-Frau
Josh.8.29,145,148,145,149,daß,dass,orthography:wordlist
Josh.8.35,130,137,130,136,Weibern,Frauen,word:Weib-Frau
Josh.9.15,74,77,74,78,daß,dass,orthography:wordlist
Josh.9.16,83,86,83,87,daß,dass,orthography:wordlist
Josh.9.24,90,95,90,96,gewiß,gewiss,orthography:wordlist
Josh.9.24,114,117,115,119,daß,dass,orthography:wordlist
Josh.9.26,72,75,72,76,daß,dass,orthography:wordlist
Josh.10.1,53,56,53,57,daß,dass,orthography:wordlist
Josh.10.1,199,202,200,204,daß,dass,orthography:wordlist
Josh.10.4,37,40,37,41,daß,dass,orthography:wordlist
Josh.10.11,135,138,135,139,daß,dass,orthography:wordlist
Josh.10.27,43,46,43,47,daß,dass,orthography:wordlist
Josh.10.32,53,56,53,57,daß,dass,orthography:wordlist
Josh.11.15,79,82,79,83,daß,dass,orthography:wordlist
Josh.11.20,31,34,31,35,daß,dass,orthography:wordlist
Josh.11.20,101,104,102,106,daß,dass,orthography:wordlist
Josh.11.20,183,186,185,189,daß,dass,orthography:wordlist
Josh.13.16,3,6,3,7,daß,dass,orthography:wordlist
Josh.13.25,3,6,3,7,daß,dass,orthography:wordlist
Josh.13.30,3,6,3,7,daß,dass,orthography:wordlist
Josh.14.12,113,116,113,117,daß,dass,orthography:wordlist
Josh.14.12,148,151,149,153,daß,dass,orthography:wordlist
Josh.14.12,222,225,224,228,daß,dass,orthography:wordlist
Josh.15.4,69,72,69,73,daß,dass,orthography:wordlist
Josh.15.11,159,162,159,163,daß,dass,orthography:wordlist
Josh.15.16,90,93,90,93,zum,zur,grammar:Frau-determiner
Josh.15.16,94,101,94,101,Eheweib,Ehefrau,word:Weib-Frau
Josh.15.17,93,96,93,96,zum,zur,grammar:Frau-determiner
Josh.15.17,97,104,97,104,Eheweib,Ehefrau,word:Weib-Frau
Josh.16.6,75,79,75,80,läßt,lässt,orthography:wordlist
Josh.17.4,130,133,130,134,daß,dass,orthography:wordlist
Josh.19.18,15,22,15,23,umfaßte,umfasste,orthography:wordlist
Josh.19.25,15,22,15,23,umfaßte,umfasste,orthography:wordlist
Josh.19.41,30,37,30,38,umfaßte,umfasste,orthography:wordlist
Josh.20.3,0,3,0,4,daß,dass,orthography:wordlist
Josh.20.4,204,207,204,208,daß,dass,orthography:wordlist
Josh.20.9,181,184,181,185,daß,dass,orthography:wordlist
Josh.21.2,95,98,95,99,daß,dass,orthography:wordlist
Josh.21.19,3,6,3,7,daß,dass,orthography:wordlist
Josh.21.33,3,6,3,7,daß,dass,orthography:wordlist
Josh.21.42,35,38,35,39,daß,dass,orthography:wordlist
Josh.22.5,29,32,29,33,daß,dass,orthography:wordlist
Josh.22.5,118,121,119,123,daß,dass,orthography:wordlist
Josh.22.16,5,9,5,10,läßt,lässt,orthography:wordlist
Josh.22.16,191,194,192,196,daß,dass,orthography:wordlist
Josh.22.18,94,97,94,98,daß,dass,orthography:wordlist
Josh.22.27,81,84,81,85,daß,dass,orthography:wordlist
Josh.22.29,23,26,23,27,daß,dass,orthography:wordlist
Josh.22.29,62,65,63,67,daß,dass,orthography:wordlist
Josh.22.31,115,118,115,119,daß,dass,orthography:wordlist
Josh.22.31,143,146,144,148,daß,dass,orthography:wordlist
Josh.22.33,102,105,102,106,daß,dass,orthography:wordlist
Josh.22.34,90,93,90,94,daß,dass,orthography:wordlist
Josh.23.5,86,89,86,90,daß,dass,orthography:wordlist
Josh.23.6,99,102,99,103,daß,dass,orthography:wordlist
Josh.23.11,32,35,32,36,daß,dass,orthography:wordlist
Josh.23.12,137,140,137,141,daß,dass,orthography:wordlist
Josh.23.12,186,191,187,193,gewiß,gewiss,orthography:wordlist
Josh.23.13,0,3,0,4,daß,dass,orthography:wordlist
Josh.23.14,54,58,54,59,müßt,müsst,orthography:wordlist
Josh.23.14,120,123,121,125,daß,dass,orthography:wordlist
Josh.24.8,143,146,143,147,daß,dass,orthography:wordlist
Josh.24.10,47,52,47,53,mußte,musste,orthography:wordlist
Josh.24.13,110,113,110,114,daß,dass,orthography:wordlist
Josh.24.16,58,61,58,62,daß,dass,orthography:wordlist
Josh.24.22,54,57,54,58,daß,dass,orthography:wordlist
Josh.24.27,184,187,184,188,daß,dass,orthography:wordlist
Josh.24.29,43,46,43,47,daß,dass,orthography:wordlist
Josh.24.31,143,149,143,150,wußten,wussten,orthography:wordlist
Judg.1.3,76,79,76,80,laß,lass,orthography:wordlist
Judg.1.12,90,93,90,93,zum,zur,grammar:Frau-determiner
Judg.1.12,94,99,94,98,Weibe,Frau,word:Weib-Frau
Judg.1.13,91,94,91,94,zum,zur,grammar:Frau-determiner
Judg.1.13,95,100,95,99,Weibe,Frau,word:Weib-Frau
Judg.1.19,30,33,30,34,daß,dass,orthography:wordlist
Judg.2.14,159,162,159,163,daß,dass,orthography:wordlist
Judg.3.2,140,146,140,147,wußten,wussten,orthography:wordlist
Judg.3.4,64,67,64,68,daß,dass,orthography:wordlist
Judg.3.6,46,53,46,52,Weibern,Frauen,word:Weib-Frau
Judg.3.10,168,171,168,172,daß,dass,orthography:wordlist
Judg.3.22,3,6,3,7,daß,dass,orthography:wordlist
Judg.3.22,76,82,77,84,schloß,schloss,orthography:wordlist
Judg.3.22,135,138,137,141,daß,dass,orthography:wordlist
Judg.3.23,44,50,44,51,schloß,schloss,orthography:wordlist
Judg.3.24,69,72,69,73,daß,dass,orthography:wordlist
Judg.3.24,126,131,127,133,Gewiß,Gewiss,orthography:wordlist
Judg.3.29,109,112,109,113,daß,dass,orthography:wordlist
Judg.4.4,33,36,33,36,das,die,grammar:Frau-determiner
Judg.4.4,37,41,37,41,Weib,Frau,word:Weib-Frau
Judg.4.9,147,152,147,152,eines,einer,grammar:Frau-determiner
Judg.4.9,153,159,153,157,Weibes,Frau,word:Weib-Frau
Judg.4.12,30,33,30,34,daß,dass,orthography:wordlist
Judg.4.15,135,138,135,139,daß,dass,orthography:wordlist
Judg.4.16,149,152,149,153,daß,dass,orthography:wordlist
Judg.4.17,50,53,50,53,des,der,grammar:Frau-determiner
Judg.4.17,54,60,54,58,Weibes,Frau,word:Weib-Frau
Judg.4.21,14,17,14,17,das,die,grammar:Frau-determiner
Judg.4.21,18,22,18,22,Weib,Frau,word:Weib-Frau
Judg.4.21,151,154,151,155,daß,dass,orthography:wordlist
Judg.5.2,26,29,26,30,daß,dass,orthography:wordlist
Judg.5.2,58,61,59,63,daß,dass,orthography:wordlist
Judg.5.21,15,18,15,19,riß,riss,orthography:wordlist
Judg.5.24,29,36,29,35,Weibern,Frauen,word:Weib-Frau
Judg.5.24,38,41,37,40,das,die,grammar:Frau-determiner
Judg.5.24,42,46,41,45,Weib,Frau,word:Weib-Frau
Judg.5.24,97,104,96,102,Weibern,Frauen,word:Weib-Frau
Judg.5.30,61,67,61,67,Weiber,Frauen,word:Weib-Frau
Judg.6.5,93,96,93,97,daß,dass,orthography:wordlist
Judg.6.17,85,88,85,89,daß,dass,orthography:wordlist
Judg.6.22,20,23,20,24,daß,dass,orthography:wordlist
Judg.6.30,68,71,68,72,muß,muss,orthography:wordlist
Judg.6.31,199,202,199,203,daß,dass,orthography:wordlist
Judg.6.34,106,109,106,110,daß,dass,orthography:wordlist
Judg.6.35,61,64,61,65,daß,dass,orthography:wordlist
Judg.6.37,157,160,157,161,daß,dass,orthography:wordlist
Judg.6.39,65,68,65,69,daß,dass,orthography:wordlist
Judg.7.2,76,79,76,80,daß,dass,orthography:wordlist
Judg.7.3,3,6,3,7,laß,lass,orthography:wordlist
Judg.7.3,199,202,200,204,daß,dass,orthography:wordlist
Judg.7.4,162,165,162,166,daß,dass,orthography:wordlist
Judg.7.4,249,252,250,254,daß,dass,orthography:wordlist
Judg.7.10,49,52,49,53,laß,lass,orthography:wordlist
Judg.7.11,66,69,66,70,daß,dass,orthography:wordlist
Judg.7.13,298,301,298,302,daß,dass,orthography:wordlist
Judg.8.1,76,79,76,80,daß,dass,orthography:wordlist
Judg.8.6,101,104,101,105,daß,dass,orthography:wordlist
Judg.8.15,220,223,220,224,daß,dass,orthography:wordlist
Judg.8.30,100,106,100,106,Weiber,Frauen,word:Weib-Frau
Judg.9.2,84,87,84,88,daß,dass,orthography:wordlist
Judg.9.2,155,158,156,160,daß,dass,orthography:wordlist
Judg.9.2,207,210,209,213,daß,dass,orthography:wordlist
Judg.9.16,47,50,47,51,daß,dass,orthography:wordlist
Judg.9.17,74,77,74,78,daß,dass,orthography:wordlist
Judg.9.24,4,7,4,8,daß,dass,orthography:wordlist
Judg.9.24,226,229,227,231,daß,dass,orthography:wordlist
Judg.9.28,73,76,73,77,daß,dass,orthography:wordlist
Judg.9.38,83,86,83,87,daß,dass,orthography:wordlist
Judg.9.40,29,32,29,33,daß,dass,orthography:wordlist
Judg.9.41,83,86,83,87,daß,dass,orthography:wordlist
Judg.9.43,85,88,85,89,daß,dass,orthography:wordlist
Judg.9.47,26,29,26,30,daß,dass,orthography:wordlist
Judg.9.49,150,153,150,154,daß,dass,orthography:wordlist
Judg.9.49,218,224,219,225,Weiber,Frauen,word:Weib-Frau
Judg.9.51,84,90,84,90,Weiber,Frauen,word:Weib-Frau
Judg.9.53,5,8,5,9,ein,eine,grammar:Frau-determiner
Judg.9.53,9,13,10,14,Weib,Frau,word:Weib-Frau
Judg.9.54,99,102,99,103,daß,dass,orthography:wordlist
Judg.9.54,127,130,128,132,Ein,Eine,grammar:Frau-determiner
Judg.9.54,131,135,133,137,Weib,Frau,word:Weib-Frau
Judg.9.55,31,34,31,35,daß,dass,orthography:wordlist
Judg.10.9,118,121,118,122,daß,dass,orthography:wordlist
Judg.11.2,9,12,9,12,das,die,grammar:Frau-determiner
Judg.11.2,13,17,13,17,Weib,Frau,word:Weib-Frau
Judg.11.2,56,62,56,62,dieses,dieser,grammar:Frau-determiner
Judg.11.2,63,69,63,67,Weibes,Frau,word:Weib-Frau
Judg.11.2,212,218,210,214,Weibes,Frau,word:Weib-Frau
Judg.11.4,28,31,28,32,daß,dass,orthography:wordlist
Judg.11.7,74,80,74,81,gehaßt,gehasst,orthography:wordlist
Judg.11.8,86,89,86,90,daß,dass,orthography:wordlist
Judg.11.12,111,114,111,115,daß,dass,orthography:wordlist
Judg.11.17,58,61,58,62,Laß,Lass,orthography:wordlist
Judg.11.19,106,109,106,110,Laß,Lass,orthography:wordlist
Judg.11.21,93,96,93,97,daß,dass,orthography:wordlist
Judg.11.24,134,137,134,138,daß,dass,orthography:wordlist
Judg.11.27,65,68,65,69,daß,dass,orthography:wordlist
Judg.11.35,20,26,20,27,zerriß,zerriss,orthography:wordlist
Judg.11.37,56,59,56,60,daß,dass,orthography:wordlist
Judg.11.40,32,35,32,36,daß,dass,orthography:wordlist
Judg.12.1,180,183,180,184,daß,dass,orthography:wordlist
Judg.12.3,17,20,17,21,daß,dass,orthography:wordlist
Judg.12.5,109,112,109,113,Laß,Lass,orthography:wordlist
Judg.12.6,181,184,181,185,daß,dass,orthography:wordlist
Judg.13.2,89,93,89,94,sein,seine,grammar:Frau-determiner
Judg.13.2,94,98,95,99,Weib,Frau,word:Weib-Frau
Judg.13.3,33,36,33,36,dem,der,grammar:Frau-determiner
Judg.13.3,37,42,37,41,Weibe,Frau,word:Weib-Frau
Judg.13.4,24,27,24,28,daß,dass,orthography:wordlist
Judg.13.6,7,10,7,10,das,die,grammar:Frau-determiner
Judg.13.6,11,15,11,15,Weib,Frau,word:Weib-Frau
Judg.13.6,163,166,163,167,daß,dass,orthography:wordlist
Judg.13.7,122,124,122,125,iß,iss,orthography:wordlist
Judg.13.8,53,56,53,57,laß,lass,orthography:wordlist
Judg.13.9,97,100,97,100,zum,zur,grammar:Frau-determiner
Judg.13.9,101,106,101,105,Weibe,Frau,word:Weib-Frau
Judg.13.10,8,11,8,11,das,die,grammar:Frau-determiner
Judg.13.10,12,16,12,16,Weib,Frau,word:Weib-Frau
Judg.13.11,33,39,33,39,seinem,seiner,grammar:Frau-determiner
Judg.13.11,40,45,40,44,Weibe,Frau,word:Weib-Frau
Judg.13.11,116,119,115,118,dem,der,grammar:Frau-determiner
Judg.13.11,120,125,119,123,Weibe,Frau,word:Weib-Frau
Judg.13.13,58,61,58,61,dem,der,grammar:Frau-determiner
Judg.13.13,62,67,62,66,Weibe,Frau,word:Weib-Frau
Judg.13.15,36,39,36,40,Laß,Lass,orthography:wordlist
Judg.13.16,213,218,213,219,wußte,wusste,orthography:wordlist
Judg.13.16,234,237,235,239,daß,dass,orthography:wordlist
Judg.13.19,135,139,135,140,sein,seine,grammar:Frau-determiner
Judg.13.19,140,144,141,145,Weib,Frau,word:Weib-Frau
Judg.13.20,122,126,122,127,sein,seine,grammar:Frau-determiner
Judg.13.20,127,131,128,132,Weib,Frau,word:Weib-Frau
Judg.13.21,54,60,54,60,seinem,seiner,grammar:Frau-determiner
Judg.13.21,61,66,61,65,Weibe,Frau,word:Weib-Frau
Judg.13.21,100,103,99,103,daß,dass,orthography:wordlist
Judg.13.22,31,37,31,37,seinem,seiner,grammar:Frau-determiner
Judg.13.22,38,43,38,42,Weibe,Frau,word:Weib-Frau
Judg.13.23,14,18,14,19,sein,seine,grammar:Frau-determiner
Judg.13.23,19,23,20,24,Weib,Frau,word:Weib-Frau
Judg.13.24,4,7,4,7,das,die,grammar:Frau-determiner
Judg.13.24,8,12,8,12,Weib,Frau,word:Weib-Frau
Judg.14.1,51,54,51,55,ein,eine,grammar:Frau-determiner
Judg.14.1,55,59,56,60,Weib,Frau,word:Weib-Frau
Judg.14.2,93,96,93,97,ein,eine,grammar:Frau-determiner
Judg.14.2,97,101,98,102,Weib,Frau,word:Weib-Frau
Judg.14.2,174,177,175,178,zum,zur,grammar:Frau-determiner
Judg.14.2,178,183,179,183,Weibe,Frau,word:Weib-Frau
Judg.14.3,54,58,54,59,kein,keine,grammar:Frau-determiner
Judg.14.3,59,63,60,64,Weib,Frau,word:Weib-Frau
Judg.14.3,121,124,122,126,daß,dass,orthography:wordlist
Judg.14.3,141,144,143,147,ein,eine,grammar:Frau-determiner
Judg.14.3,145,149,148,152,Weib,Frau,word:Weib-Frau
Judg.14.4,33,39,33,40,wußten,wussten,orthography:wordlist
Judg.14.4,47,50,48,52,daß,dass,orthography:wordlist
Judg.14.4,77,80,79,83,daß,dass,orthography:wordlist
Judg.14.4,115,120,118,124,Anlaß,Anlass,orthography:wordlist
Judg.14.6,40,43,40,44,daß,dass,orthography:wordlist
Judg.14.6,57,63,58,65,zerriß,zerriss,orthography:wordlist
Judg.14.7,35,38,35,38,dem,der,grammar:Frau-determiner
Judg.14.7,39,44,39,43,Weibe,Frau,word:Weib-Frau
Judg.14.9,164,167,164,168,daß,dass,orthography:wordlist
Judg.14.10,22,25,22,25,dem,der,grammar:Frau-determiner
Judg.14.10,26,31,26,30,Weibe,Frau,word:Weib-Frau
Judg.14.15,42,46,42,46,Weib,Frau,word:Weib-Frau
Judg.14.15,70,73,70,74,daß,dass,orthography:wordlist
Judg.14.16,18,22,18,22,Weib,Frau,word:Weib-Frau
Judg.14.20,5,8,5,8,das,die,grammar:Frau-determiner
Judg.14.20,9,13,9,13,Weib,Frau,word:Weib-Frau
Judg.15.1,67,70,67,71,daß,dass,orthography:wordlist
Judg.15.1,78,82,79,84,sein,seine,grammar:Frau-determiner
Judg.15.1,83,87,85,89,Weib,Frau,word:Weib-Frau
Judg.15.1,154,160,156,162,meinem,meiner,grammar:Frau-determiner
Judg.15.1,161,166,163,167,Weibe,Frau,word:Weib-Frau
Judg.15.6,111,115,111,116,sein,seine,grammar:Frau-determiner
Judg.15.6,116,120,117,121,Weib,Frau,word:Weib-Frau
Judg.15.11,106,109,106,110,daß,dass,orthography:wordlist
Judg.15.12,143,146,143,147,daß,dass,orthography:wordlist
Judg.15.14,183,186,183,187,daß,dass,orthography:wordlist
Judg.15.19,52,55,52,56,daß,dass,orthography:wordlist
Judg.16.4,32,35,32,36,ein,eine,grammar:Frau-determiner
Judg.16.4,36,40,37,41,Weib,Frau,word:Weib-Frau
Judg.16.9,108,114,108,115,zerriß,zerriss,orthography:wordlist
Judg.16.12,141,144,141,145,riß,riss,orthography:wordlist
Judg.16.18,20,23,20,24,daß,dass,orthography:wordlist
Judg.16.20,167,172,167,173,wußte,wusste,orthography:wordlist
Judg.16.20,185,188,186,190,daß,dass,orthography:wordlist
Judg.16.21,143,148,143,149,mußte,musste,orthography:wordlist
Judg.16.26,70,73,70,74,Laß,Lass,orthography:wordlist
Judg.16.27,39,46,39,45,Weibern,Frauen,word:Weib-Frau
Judg.16.27,140,146,139,145,Weiber,Frauen,word:Weib-Frau
Judg.16.29,11,18,11,19,umfaßte,umfasste,orthography:wordlist
Judg.16.30,176,179,176,180,daß,dass,orthography:wordlist
Judg.17.3,170,173,170,174,daß,dass,orthography:wordlist
Judg.17.5,113,116,113,117,daß,dass,orthography:wordlist
Judg.17.12,39,42,39,43,daß,dass,orthography:wordlist
Judg.17.13,32,35,32,36,daß,dass,orthography:wordlist
Judg.18.4,81,84,81,85,daß,dass,orthography:wordlist
Judg.18.7,65,68,65,69,daß,dass,orthography:wordlist
Judg.18.9,33,37,33,38,laßt,lasst,orthography:wordlist
Judg.18.14,125,128,125,129,daß,dass,orthography:wordlist
Judg.18.19,86,89,86,90,daß,dass,orthography:wordlist
Judg.18.26,58,61,58,62,daß,dass,orthography:wordlist
Judg.19.1,65,68,65,69,daß,dass,orthography:wordlist
Judg.19.6,103,106,103,107,Laß,Lass,orthography:wordlist
Judg.19.6,154,157,155,159,laß,lass,orthography:wordlist
Judg.19.7,83,86,83,87,daß,dass,orthography:wordlist
Judg.19.9,304,307,304,308,laß,lass,orthography:wordlist
Judg.19.9,377,380,378,382,daß,dass,orthography:wordlist
Judg.19.11,115,118,115,119,laß,lass,orthography:wordlist
Judg.19.19,145,148,145,149,daß,dass,orthography:wordlist
Judg.19.22,227,230,227,231,daß,dass,orthography:wordlist
Judg.19.25,56,61,56,62,faßte,fasste,orthography:wordlist
Judg.19.26,7,10,7,10,das,die,grammar:Frau-determiner
Judg.19.26,11,15,11,15,Weib,Frau,word:Weib-Frau
Judg.19.29,39,44,39,45,faßte,fasste,orthography:wordlist
Judg.20.3,33,36,33,37,daß,dass,orthography:wordlist
Judg.20.4,34,37,34,37,des,der,grammar:Frau-determiner
Judg.20.4,38,44,38,42,Weibes,Frau,word:Weib-Frau
Judg.20.4,46,49,44,47,das,die,grammar:Frau-relative
Judg.20.5,169,172,169,173,daß,dass,orthography:wordlist
Judg.20.13,60,63,60,64,daß,dass,orthography:wordlist
Judg.20.32,105,109,105,110,Laßt,Lasst,orthography:wordlist
Judg.20.34,135,138,135,139,daß,dass,orthography:wordlist
Judg.20.35,65,68,65,69,daß,dass,orthography:wordlist
Judg.20.36,40,43,40,44,daß,dass,orthography:wordlist
Judg.20.38,75,78,75,79,daß,dass,orthography:wordlist
Judg.20.41,104,107,104,108,daß,dass,orthography:wordlist
Judg.21.1,122,125,122,125,zum,zur,grammar:Frau-determiner
Judg.21.1,126,131,126,130,Weibe,Frau,word:Weib-Frau
Judg.21.3,71,74,71,75,daß,dass,orthography:wordlist
Judg.21.5,259,264,259,265,gewiß,gewiss,orthography:wordlist
Judg.21.7,20,23,20,24,daß,dass,orthography:wordlist
Judg.21.7,103,106,104,108,daß,dass,orthography:wordlist
Judg.21.10,191,198,191,197,Weibern,Frauen,word:Weib-Frau
Judg.21.11,93,99,93,99,Weiber,Frauen,word:Weib-Frau
Judg.21.15,45,48,45,49,daß,dass,orthography:wordlist
Judg.21.15,87,90,88,92,Riß,Riss,orthography:wordlist
Judg.21.16,60,63,60,64,daß,dass,orthography:wordlist
Judg.21.17,27,30,27,31,muß,muss,orthography:wordlist
Judg.21.18,152,155,152,156,ein,eine,grammar:Frau-determiner
Judg.21.18,156,160,157,161,Weib,Frau,word:Weib-Frau
Judg.21.21,21,24,21,25,daß,dass,orthography:wordlist
Judg.21.21,140,143,141,145,ein,eine,grammar:Frau-determiner
Judg.21.21,144,148,146,150,Weib,Frau,word:Weib-Frau
Judg.21.22,138,141,138,142,ein,eine,grammar:Frau-determiner
Judg.21.22,142,146,143,147,Weib,Frau,word:Weib-Frau
Judg.21.23,35,38,35,39,daß,dass,orthography:wordlist
Ruth.1.1,164,170,164,170,seinem,seiner,grammar:Frau-determiner
Ruth.1.1,171,175,171,175,Weib,Frau,word:Weib-Frau
Ruth.1.2,36,40,36,41,sein,seine,grammar:Frau-determiner
Ruth.1.2,41,45,42,46,Weib,Frau,word:Weib-Frau
Ruth.1.5,57,60,57,61,daß,dass,orthography:wordlist
Ruth.1.5,61,64,62,65,das,die,grammar:Frau-determiner
Ruth.1.5,65,69,66,70,Weib,Frau,word:Weib-Frau
Ruth.1.6,134,137,134,138,daß,dass,orthography:wordlist
Ruth.1.9,20,23,20,24,daß,dass,orthography:wordlist
Ruth.1.9,81,86,82,88,küßte,küsste,orthography:wordlist
Ruth.1.12,83,87,83,87,Weib,Frau,word:Weib-Frau
Ruth.1.12,144,147,144,148,daß,dass,orthography:wordlist
Ruth.1.14,60,65,60,66,küßte,küsste,orthography:wordlist
Ruth.1.16,48,51,48,52,daß,dass,orthography:wordlist
Ruth.1.18,17,20,17,21,daß,dass,orthography:wordlist
Ruth.1.22,40,43,40,44,daß,dass,orthography:wordlist
Ruth.2.3,92,95,92,96,daß,dass,orthography:wordlist
Ruth.2.7,25,28,25,29,Laß,Lass,orthography:wordlist
Ruth.2.9,94,97,94,98,daß,dass,orthography:wordlist
Ruth.2.10,115,118,115,119,daß,dass,orthography:wordlist
Ruth.2.13,23,26,23,27,laß,lass,orthography:wordlist
Ruth.2.14,52,54,52,55,iß,iss,orthography:wordlist
Ruth.2.15,85,89,85,90,Laßt,Lasst,orthography:wordlist
Ruth.2.16,0,4,0,5,Laßt,Lasst,orthography:wordlist
Ruth.2.16,60,64,61,66,laßt,lasst,orthography:wordlist
Ruth.2.16,76,79,78,82,daß,dass,orthography:wordlist
Ruth.2.20,27,30,27,31,daß,dass,orthography:wordlist
Ruth.3.8,81,84,81,85,ein,eine,grammar:Frau-determiner
Ruth.3.8,85,89,86,90,Weib,Frau,word:Weib-Frau
Ruth.3.10,106,109,106,110,daß,dass,orthography:wordlist
Ruth.3.11,125,128,125,129,daß,dass,orthography:wordlist
Ruth.3.11,132,135,133,137,ein,eine,grammar:Frau-determiner
Ruth.3.11,136,144,138,145,wackeres,wackere,grammar:Frau-adjective
Ruth.3.11,145,149,146,150,Weib,Frau,word:Weib-Frau
Ruth.3.12,22,25,22,26,daß,dass,orthography:wordlist
Ruth.3.14,182,185,182,186,daß,dass,orthography:wordlist
Ruth.3.14,186,189,187,191,ein,eine,grammar:Frau-determiner
Ruth.3.14,190,194,192,196,Weib,Frau,word:Weib-Frau
Ruth.4.4,178,181,178,182,daß,dass,orthography:wordlist
Ruth.4.5,145,148,145,148,dem,der,grammar:Frau-determiner
Ruth.4.5,149,154,149,153,Weibe,Frau,word:Weib-Frau
Ruth.4.9,73,76,73,77,daß,dass,orthography:wordlist
Ruth.4.10,33,36,33,36,zum,zur,grammar:Frau-determiner
Ruth.4.10,37,42,37,41,Weibe,Frau,word:Weib-Frau
Ruth.4.10,69,73,68,72,Weib,Frau,word:Weib-Frau
Ruth.4.11,91,94,91,94,das,die,grammar:Frau-determiner
Ruth.4.11,95,99,95,99,Weib,Frau,word:Weib-Frau
Ruth.4.11,101,104,101,104,das,die,grammar:Frau-relative
Ruth.4.13,38,42,38,43,sein,seine,grammar:Frau-determiner
Ruth.4.13,43,47,44,48,Weib,Frau,word:Weib-Frau
Ruth.4.13,95,98,96,100,daß,dass,orthography:wordlist
Ruth.4.14,16,22,16,22,Weiber,Frauen,word:Weib-Frau
1Sam.1.4,43,49,43,49,seinem,seiner,grammar:Frau-determiner
1Sam.1.4,50,55,50,54,Weibe,Frau,word:Weib-Frau
1Sam.1.6,89,92,89,93,daß,dass,orthography:wordlist
1Sam.1.7,91,94,91,95,daß,dass,orthography:wordlist
1Sam.1.13,72,75,72,76,daß,dass,orthography:wordlist
1Sam.1.15,68,71,68,72,ein,eine,grammar:Frau-determiner
1Sam.1.15,72,76,73,77,Weib,Frau,word:Weib-Frau
1Sam.1.18,12,15,12,16,Laß,Lass,orthography:wordlist
1Sam.1.18,68,71,69,72,das,die,grammar:Frau-determiner
1Sam.1.18,72,76,73,77,Weib,Frau,word:Weib-Frau
1Sam.1.19,153,157,153,158,sein,seine,grammar:Frau-determiner
1Sam.1.19,158,162,159,163,Weib,Frau,word:Weib-Frau
1Sam.1.22,135,138,135,139,daß,dass,orthography:wordlist
1Sam.1.26,77,80,77,80,das,die,grammar:Frau-determiner
1Sam.1.26,81,85,81,85,Weib,Frau,word:Weib-Frau
1Sam.1.26,87,90,87,90,das,die,grammar:Frau-relative
1Sam.2.8,71,74,71,75,daß,dass,orthography:wordlist
1Sam.2.20,27,31,27,32,sein,seine,grammar:Frau-determiner
1Sam.2.20,32,36,33,37,Weib,Frau,word:Weib-Frau
1Sam.2.20,77,83,78,84,diesem,dieser,grammar:Frau-determiner
1Sam.2.20,84,89,85,89,Weibe,Frau,word:Weib-Frau
1Sam.2.21,29,32,29,33,daß,dass,orthography:wordlist
1Sam.2.22,82,85,82,86,daß,dass,orthography:wordlist
1Sam.2.22,103,110,104,110,Weibern,Frauen,word:Weib-Frau
1Sam.2.28,78,81,78,82,daß,dass,orthography:wordlist
1Sam.2.31,102,105,102,106,daß,dass,orthography:wordlist
1Sam.2.33,136,141,136,142,müßte,müsste,orthography:wordlist
1Sam.2.35,159,162,159,163,daß,dass,orthography:wordlist
1Sam.2.36,197,200,197,201,daß,dass,orthography:wordlist
1Sam.3.2,31,34,31,35,daß,dass,orthography:wordlist
1Sam.3.2,110,113,111,115,daß,dass,orthography:wordlist
1Sam.3.8,152,155,152,156,daß,dass,orthography:wordlist
1Sam.3.11,68,71,68,72,daß,dass,orthography:wordlist
1Sam.3.13,29,32,29,33,daß,dass,orthography:wordlist
1Sam.3.13,116,121,117,123,wußte,wusste,orthography:wordlist
1Sam.3.13,123,126,125,129,daß,dass,orthography:wordlist
1Sam.3.14,45,48,45,49,daß,dass,orthography:wordlist
1Sam.3.20,47,50,47,51,daß,dass,orthography:wordlist
1Sam.4.3,137,141,137,142,Laßt,Lasst,orthography:wordlist
1Sam.4.5,93,96,93,97,daß,dass,orthography:wordlist
1Sam.4.7,22,25,22,26,daß,dass,orthography:wordlist
1Sam.4.15,72,75,72,76,daß,dass,orthography:wordlist
1Sam.4.19,31,34,31,34,das,die,grammar:Frau-determiner
1Sam.4.19,35,39,35,39,Weib,Frau,word:Weib-Frau
1Sam.4.19,107,110,107,111,daß,dass,orthography:wordlist
1Sam.4.20,51,57,51,57,Weiber,Frauen,word:Weib-Frau
1Sam.5.7,36,39,36,40,daß,dass,orthography:wordlist
1Sam.5.7,70,74,71,76,Laßt,Lasst,orthography:wordlist
1Sam.5.9,208,211,208,212,daß,dass,orthography:wordlist
1Sam.5.10,175,178,175,179,daß,dass,orthography:wordlist
1Sam.5.11,140,143,140,144,daß,dass,orthography:wordlist
1Sam.6.3,230,234,230,235,läßt,lässt,orthography:wordlist
1Sam.6.8,193,197,193,198,laßt,lasst,orthography:wordlist
1Sam.6.9,182,185,182,186,daß,dass,orthography:wordlist
1Sam.6.9,231,234,232,236,daß,dass,orthography:wordlist
1Sam.7.7,31,34,31,35,daß,dass,orthography:wordlist
1Sam.7.8,42,45,42,46,Laß,Lass,orthography:wordlist
1Sam.7.8,104,107,105,109,daß,dass,orthography:wordlist
1Sam.7.10,213,216,213,217,daß,dass,orthography:wordlist
1Sam.8.6,17,24,17,25,mißfiel,missfiel,orthography:wordlist
1Sam.8.7,148,151,148,152,daß,dass,orthography:wordlist
1Sam.8.11,164,167,164,168,daß,dass,orthography:wordlist
1Sam.8.12,13,16,13,17,daß,dass,orthography:wordlist
1Sam.8.12,89,92,90,94,daß,dass,orthography:wordlist
1Sam.8.12,149,152,151,155,daß,dass,orthography:wordlist
1Sam.8.20,0,3,0,4,daß,dass,orthography:wordlist
1Sam.9.2,54,57,54,58,daß,dass,orthography:wordlist
1Sam.9.5,96,99,96,100,laß,lass,orthography:wordlist
1Sam.9.6,160,163,160,164,laß,lass,orthography:wordlist
1Sam.9.8,132,135,132,136,daß,dass,orthography:wordlist
1Sam.9.9,80,84,80,85,laßt,lasst,orthography:wordlist
1Sam.9.13,115,118,115,119,ißt,isst,orthography:wordlist
1Sam.9.13,148,151,149,153,muß,muss,orthography:wordlist
1Sam.9.16,144,147,144,148,daß,dass,orthography:wordlist
1Sam.9.17,110,113,110,114,daß,dass,orthography:wordlist
1Sam.9.24,152,154,152,155,iß,iss,orthography:wordlist
1Sam.9.27,84,87,84,88,daß,dass,orthography:wordlist
1Sam.9.27,152,155,153,157,daß,dass,orthography:wordlist
1Sam.10.1,33,36,33,37,goß,goss,orthography:wordlist
1Sam.10.1,60,65,61,67,küßte,küsste,orthography:wordlist
1Sam.10.6,46,49,46,50,daß,dass,orthography:wordlist
1Sam.10.10,131,134,131,135,daß,dass,orthography:wordlist
1Sam.10.11,54,57,54,58,daß,dass,orthography:wordlist
1Sam.10.14,135,138,135,139,daß,dass,orthography:wordlist
1Sam.10.16,56,61,56,62,gewiß,gewiss,orthography:wordlist
1Sam.10.16,63,66,64,68,daß,dass,orthography:wordlist
1Sam.11.2,85,88,85,89,daß,dass,orthography:wordlist
1Sam.11.3,70,73,70,74,daß,dass,orthography:wordlist
1Sam.11.5,93,96,93,97,daß,dass,orthography:wordlist
1Sam.11.7,249,252,249,253,daß,dass,orthography:wordlist
1Sam.11.11,225,228,225,229,daß,dass,orthography:wordlist
1Sam.11.12,114,117,114,118,daß,dass,orthography:wordlist
1Sam.11.14,49,53,49,54,laßt,lasst,orthography:wordlist
1Sam.12.3,157,167,157,168,mißhandelt,misshandelt,orthography:wordlist
1Sam.12.3,215,218,216,220,daß,dass,orthography:wordlist
1Sam.12.4,48,58,48,59,mißhandelt,misshandelt,orthography:wordlist
1Sam.12.5,89,92,89,93,daß,dass,orthography:wordlist
1Sam.12.7,19,22,19,23,daß,dass,orthography:wordlist
1Sam.12.8,104,107,104,108,daß,dass,orthography:wordlist
1Sam.12.10,63,66,63,67,daß,dass,orthography:wordlist
1Sam.12.12,20,23,20,24,daß,dass,orthography:wordlist
1Sam.12.17,66,69,66,70,daß,dass,orthography:wordlist
1Sam.12.17,129,132,130,134,daß,dass,orthography:wordlist
1Sam.12.19,86,89,86,90,daß,dass,orthography:wordlist
1Sam.12.19,174,177,175,179,daß,dass,orthography:wordlist
1Sam.12.23,71,74,71,75,daß,dass,orthography:wordlist
1Sam.13.4,110,117,110,118,verhaßt,verhasst,orthography:wordlist
1Sam.13.6,37,40,37,41,daß,dass,orthography:wordlist
1Sam.13.11,80,83,80,84,daß,dass,orthography:wordlist
1Sam.13.11,121,124,122,126,daß,dass,orthography:wordlist
1Sam.13.11,164,167,166,170,daß,dass,orthography:wordlist
1Sam.13.13,64,67,64,68,daß,dass,orthography:wordlist
1Sam.13.20,6,11,6,12,mußte,musste,orthography:wordlist
1Sam.13.22,15,18,15,19,daß,dass,orthography:wordlist
1Sam.14.1,32,35,32,36,daß,dass,orthography:wordlist
1Sam.14.1,111,114,112,116,laß,lass,orthography:wordlist
1Sam.14.3,140,145,140,146,wußte,wusste,orthography:wordlist
1Sam.14.3,153,156,154,158,daß,dass,orthography:wordlist
1Sam.14.6,74,77,74,78,laß,lass,orthography:wordlist
1Sam.14.14,3,6,3,7,daß,dass,orthography:wordlist
1Sam.14.22,92,95,92,96,daß,dass,orthography:wordlist
1Sam.14.24,141,144,141,145,ißt,isst,orthography:wordlist
1Sam.14.28,145,148,145,149,ißt,isst,orthography:wordlist
1Sam.14.30,0,7,0,8,Wieviel,Wie viel,orthography:wordlist
1Sam.14.33,110,113,110,114,ißt,isst,orthography:wordlist
1Sam.14.34,72,75,72,76,daß,dass,orthography:wordlist
1Sam.14.36,17,21,17,22,Laßt,Lasst,orthography:wordlist
1Sam.14.36,221,225,222,227,Laßt,Lasst,orthography:wordlist
1Sam.14.39,110,115,110,116,gewiß,gewiss,orthography:wordlist
1Sam.14.44,212,216,212,217,mußt,musst,orthography:wordlist
1Sam.14.45,283,286,283,287,daß,dass,orthography:wordlist
1Sam.14.45,304,309,305,311,mußte,musste,orthography:wordlist
1Sam.14.50,4,7,4,7,das,die,grammar:Frau-determiner
1Sam.14.50,8,12,8,12,Weib,Frau,word:Weib-Frau
1Sam.15.3,141,147,141,147,Weiber,Frauen,word:Weib-Frau
1Sam.15.11,23,26,23,27,daß,dass,orthography:wordlist
1Sam.15.16,42,45,42,46,Laß,Lass,orthography:wordlist
1Sam.15.23,158,161,158,162,daß,dass,orthography:wordlist
1Sam.15.24,46,49,46,50,daß,dass,orthography:wordlist
1Sam.15.25,59,62,59,63,daß,dass,orthography:wordlist
1Sam.15.26,157,160,157,161,daß,dass,orthography:wordlist
1Sam.15.27,90,93,90,94,daß,dass,orthography:wordlist
1Sam.15.27,103,109,104,111,zerriß,zerriss,orthography:wordlist
1Sam.15.29,102,105,102,106,daß,dass,orthography:wordlist
1Sam.15.29,119,124,120,126,müßte,müsste,orthography:wordlist
1Sam.15.30,139,142,139,143,daß,dass,orthography:wordlist
1Sam.15.35,116,119,116,120,daß,dass,orthography:wordlist
1Sam.16.1,94,97,94,98,daß,dass,orthography:wordlist
1Sam.16.3,82,85,82,86,daß,dass,orthography:wordlist
1Sam.16.6,53,58,53,59,Gewiß,Gewiss,orthography:wordlist
1Sam.16.11,170,173,170,174,laß,lass,orthography:wordlist
1Sam.16.16,58,61,58,62,daß,dass,orthography:wordlist
1Sam.16.22,44,47,44,48,Laß,Lass,orthography:wordlist
1Sam.17.3,94,97,94,98,daß,dass,orthography:wordlist
1Sam.17.10,127,131,127,132,laßt,lasst,orthography:wordlist
1Sam.17.26,188,191,188,192,daß,dass,orthography:wordlist
1Sam.17.43,67,70,67,71,daß,dass,orthography:wordlist
1Sam.17.46,74,77,74,78,daß,dass,orthography:wordlist
1Sam.17.46,283,286,284,288,daß,dass,orthography:wordlist
1Sam.17.47,40,43,40,44,daß,dass,orthography:wordlist
1Sam.17.49,146,149,146,150,daß,dass,orthography:wordlist
1Sam.17.52,30,33,30,34,daß,dass,orthography:wordlist
1Sam.18.5,74,77,74,78,daß,dass,orthography:wordlist
1Sam.18.6,94,97,94,98,daß,dass,orthography:wordlist
1Sam.18.10,59,62,59,63,daß,dass,orthography:wordlist
1Sam.18.15,18,21,18,22,daß,dass,orthography:wordlist
1Sam.18.17,100,103,100,103,zum,zur,grammar:Frau-determiner
1Sam.18.17,104,109,104,108,Weibe,Frau,word:Weib-Frau
1Sam.18.18,118,121,118,122,daß,dass,orthography:wordlist
1Sam.18.19,23,26,23,27,daß,dass,orthography:wordlist
1Sam.18.27,293,296,293,296,zum,zur,grammar:Frau-determiner
1Sam.18.27,297,302,297,301,Weibe,Frau,word:Weib-Frau
1Sam.18.28,25,28,25,29,daß,dass,orthography:wordlist
1Sam.18.30,107,110,107,111,daß,dass,orthography:wordlist
1Sam.19.1,100,103,100,104,daß,dass,orthography:wordlist
1Sam.19.8,135,138,135,139,daß,dass,orthography:wordlist
1Sam.19.11,119,123,119,124,sein,seine,grammar:Frau-determiner
1Sam.19.11,124,128,125,129,Weib,Frau,word:Weib-Frau
1Sam.19.11,198,202,199,204,mußt,musst,orthography:wordlist
1Sam.19.15,112,115,112,116,daß,dass,orthography:wordlist
1Sam.19.17,91,94,91,95,daß,dass,orthography:wordlist
1Sam.19.17,147,150,148,152,Laß,Lass,orthography:wordlist
1Sam.19.20,169,172,169,173,daß,dass,orthography:wordlist
1Sam.20.1,163,166,163,167,daß,dass,orthography:wordlist
1Sam.20.3,55,58,55,59,daß,dass,orthography:wordlist
1Sam.20.5,116,119,116,120,Laß,Lass,orthography:wordlist
1Sam.20.5,132,135,133,137,daß,dass,orthography:wordlist
1Sam.20.7,101,104,101,105,daß,dass,orthography:wordlist
1Sam.20.9,50,53,50,54,daß,dass,orthography:wordlist
1Sam.20.12,96,99,96,100,daß,dass,orthography:wordlist
1Sam.20.13,198,201,198,202,daß,dass,orthography:wordlist
1Sam.20.14,86,89,86,90,daß,dass,orthography:wordlist
1Sam.20.16,5,11,5,12,schloß,schloss,orthography:wordlist
1Sam.20.26,102,107,102,108,gewiß,gewiss,orthography:wordlist
1Sam.20.27,81,84,81,85,daß,dass,orthography:wordlist
1Sam.20.29,19,22,19,23,Laß,Lass,orthography:wordlist
1Sam.20.29,208,211,209,213,daß,dass,orthography:wordlist
1Sam.20.30,127,130,127,131,daß,dass,orthography:wordlist
1Sam.20.31,110,113,110,114,laß,lass,orthography:wordlist
1Sam.20.33,76,79,76,80,daß,dass,orthography:wordlist
1Sam.20.34,155,158,155,159,daß,dass,orthography:wordlist
1Sam.20.39,5,10,5,11,wußte,wusste,orthography:wordlist
1Sam.20.39,55,61,56,63,wußten,wussten,orthography:wordlist
1Sam.20.41,136,142,136,143,küßten,küssten,orthography:wordlist
1Sam.21.3,108,111,108,112,Laß,Lass,orthography:wordlist
1Sam.21.5,144,150,144,150,Weiber,Frauen,word:Weib-Frau
1Sam.21.6,49,55,49,55,Weiber,Frauen,word:Weib-Frau
1Sam.21.15,51,54,51,55,daß,dass,orthography:wordlist
1Sam.21.16,33,36,33,37,daß,dass,orthography:wordlist
1Sam.22.3,98,101,98,102,Laß,Lass,orthography:wordlist
1Sam.22.6,30,33,30,34,daß,dass,orthography:wordlist
1Sam.22.8,0,3,0,4,daß,dass,orthography:wordlist
1Sam.22.8,234,237,235,239,daß,dass,orthography:wordlist
1Sam.22.13,93,96,93,97,daß,dass,orthography:wordlist
1Sam.22.13,167,170,168,172,daß,dass,orthography:wordlist
1Sam.22.15,216,222,216,223,gewußt,gewusst,orthography:wordlist
1Sam.22.16,38,42,38,43,mußt,musst,orthography:wordlist
1Sam.22.17,160,166,160,167,wußten,wussten,orthography:wordlist
1Sam.22.17,168,171,169,173,daß,dass,orthography:wordlist
1Sam.22.19,85,91,85,91,Weiber,Frauen,word:Weib-Frau
1Sam.22.21,40,43,40,44,daß,dass,orthography:wordlist
1Sam.22.22,43,48,43,49,wußte,wusste,orthography:wordlist
1Sam.22.22,103,106,104,108,daß,dass,orthography:wordlist
1Sam.22.22,118,123,120,126,gewiß,gewiss,orthography:wordlist
1Sam.23.7,21,24,21,25,daß,dass,orthography:wordlist
1Sam.23.9,16,21,16,22,wußte,wusste,orthography:wordlist
1Sam.23.9,23,26,24,28,daß,dass,orthography:wordlist
1Sam.23.10,60,65,60,66,gewiß,gewiss,orthography:wordlist
1Sam.23.10,74,77,75,79,daß,dass,orthography:wordlist
1Sam.23.13,173,176,173,177,daß,dass,orthography:wordlist
1Sam.23.15,22,25,22,26,daß,dass,orthography:wordlist
1Sam.23.21,49,52,49,53,daß,dass,orthography:wordlist
1Sam.23.22,164,167,164,168,daß,dass,orthography:wordlist
1Sam.23.23,108,113,108,114,gewiß,gewiss,orthography:wordlist
1Sam.24.5,143,146,143,147,daß,dass,orthography:wordlist
1Sam.24.6,35,38,35,39,daß,dass,orthography:wordlist
1Sam.24.7,72,75,72,76,daß,dass,orthography:wordlist
1Sam.24.11,51,54,51,55,daß,dass,orthography:wordlist
1Sam.24.12,182,185,182,186,daß,dass,orthography:wordlist
1Sam.24.19,28,31,28,32,daß,dass,orthography:wordlist
1Sam.24.21,25,28,25,29,daß,dass,orthography:wordlist
1Sam.24.21,32,37,33,39,gewiß,gewiss,orthography:wordlist
1Sam.24.21,62,65,64,68,daß,dass,orthography:wordlist
1Sam.24.22,34,37,34,38,daß,dass,orthography:wordlist
1Sam.25.2,189,192,189,193,daß,dass,orthography:wordlist
1Sam.25.3,24,28,24,29,sein,seine,grammar:Frau-determiner
1Sam.25.3,29,33,30,34,Weib,Frau,word:Weib-Frau
1Sam.25.3,65,68,66,70,ein,eine,grammar:Frau-determiner
1Sam.25.3,69,73,71,75,Weib,Frau,word:Weib-Frau
1Sam.25.4,34,37,34,38,daß,dass,orthography:wordlist
1Sam.25.7,17,20,17,21,daß,dass,orthography:wordlist
1Sam.25.8,69,72,69,73,laß,lass,orthography:wordlist
1Sam.25.14,43,46,43,46,dem,der,grammar:Frau-determiner
1Sam.25.14,47,52,47,51,Weibe,Frau,word:Weib-Frau
1Sam.25.17,55,60,55,61,gewiß,gewiss,orthography:wordlist
1Sam.25.17,154,157,155,159,daß,dass,orthography:wordlist
1Sam.25.21,101,104,101,105,daß,dass,orthography:wordlist
1Sam.25.24,96,99,96,100,laß,lass,orthography:wordlist
1Sam.25.28,69,74,69,75,gewiß,gewiss,orthography:wordlist
1Sam.25.31,80,83,80,84,daß,dass,orthography:wordlist
1Sam.25.31,119,122,120,124,daß,dass,orthography:wordlist
1Sam.25.33,55,58,55,59,daß,dass,orthography:wordlist
1Sam.25.37,86,90,86,91,sein,seine,grammar:Frau-determiner
1Sam.25.37,91,95,92,96,Weib,Frau,word:Weib-Frau
1Sam.25.38,41,44,41,45,daß,dass,orthography:wordlist
1Sam.25.39,21,24,21,25,daß,dass,orthography:wordlist
1Sam.25.39,273,276,274,277,zum,zur,grammar:Frau-determiner
1Sam.25.39,277,282,278,282,Weibe,Frau,word:Weib-Frau
1Sam.25.40,131,137,131,137,seinem,seiner,grammar:Frau-determiner
1Sam.25.40,138,143,138,142,Weibe,Frau,word:Weib-Frau
1Sam.25.41,102,105,102,106,daß,dass,orthography:wordlist
1Sam.25.42,160,164,160,165,sein,seine,grammar:Frau-determiner
1Sam.25.42,165,169,166,170,Weib,Frau,word:Weib-Frau
1Sam.25.44,48,51,48,51,das,die,grammar:Frau-determiner
1Sam.25.44,52,56,52,56,Weib,Frau,word:Weib-Frau
1Sam.26.4,16,19,16,20,daß,dass,orthography:wordlist
1Sam.26.4,93,96,94,98,daß,dass,orthography:wordlist
1Sam.26.4,102,107,104,110,gewiß,gewiss,orthography:wordlist
1Sam.26.8,148,151,148,152,daß,dass,orthography:wordlist
1Sam.26.10,109,112,109,113,daß,dass,orthography:wordlist
1Sam.26.10,128,131,129,133,daß,dass,orthography:wordlist
1Sam.26.11,40,43,40,44,daß,dass,orthography:wordlist
1Sam.26.11,155,158,156,160,laß,lass,orthography:wordlist
1Sam.26.13,104,107,104,108,daß,dass,orthography:wordlist
1Sam.26.14,136,139,136,140,daß,dass,orthography:wordlist
1Sam.26.16,88,91,88,92,daß,dass,orthography:wordlist
1Sam.26.19,206,209,206,210,daß,dass,orthography:wordlist
1Sam.26.25,106,111,106,112,gewiß,gewiss,orthography:wordlist
1Sam.27.1,133,136,133,137,daß,dass,orthography:wordlist
1Sam.27.3,169,173,169,173,Weib,Frau,word:Weib-Frau
1Sam.27.4,31,34,31,35,daß,dass,orthography:wordlist
1Sam.27.5,82,85,82,86,laß,lass,orthography:wordlist
1Sam.27.5,143,146,144,148,daß,dass,orthography:wordlist
1Sam.27.9,58,64,58,64,Weiber,Frauen,word:Weib-Frau
1Sam.27.11,43,49,43,49,Weiber,Frauen,word:Weib-Frau
1Sam.27.12,85,92,85,93,verhaßt,verhasst,orthography:wordlist
1Sam.28.1,37,40,37,41,daß,dass,orthography:wordlist
1Sam.28.1,163,166,164,168,daß,dass,orthography:wordlist
1Sam.28.7,46,49,46,50,ein,eine,grammar:Frau-determiner
1Sam.28.7,50,54,51,55,Weib,Frau,word:Weib-Frau
1Sam.28.7,56,59,57,60,das,die,grammar:Frau-relative
1Sam.28.7,82,85,83,87,daß,dass,orthography:wordlist
1Sam.28.7,170,173,172,176,ein,eine,grammar:Frau-determiner
1Sam.28.7,174,178,177,181,Weib,Frau,word:Weib-Frau
1Sam.28.7,180,183,183,186,das,die,grammar:Frau-relative
1Sam.28.8,118,121,118,121,dem,der,grammar:Frau-determiner
1Sam.28.8,122,127,122,126,Weibe,Frau,word:Weib-Frau
1Sam.28.9,0,3,0,3,Das,Die,grammar:Frau-determiner
1Sam.28.9,4,8,4,8,Weib,Frau,word:Weib-Frau
1Sam.28.9,189,192,189,193,daß,dass,orthography:wordlist
1Sam.28.11,10,13,10,13,das,die,grammar:Frau-determiner
1Sam.28.11,14,18,14,18,Weib,Frau,word:Weib-Frau
1Sam.28.12,8,11,8,11,das,die,grammar:Frau-determiner
1Sam.28.12,12,16,12,16,Weib,Frau,word:Weib-Frau
1Sam.28.13,64,67,64,67,Das,Die,grammar:Frau-determiner
1Sam.28.13,68,72,68,72,Weib,Frau,word:Weib-Frau
1Sam.28.14,133,136,133,137,daß,dass,orthography:wordlist
1Sam.28.20,106,109,106,110,daß,dass,orthography:wordlist
1Sam.28.21,4,7,4,7,das,die,grammar:Frau-determiner
1Sam.28.21,8,12,8,12,Weib,Frau,word:Weib-Frau
1Sam.28.21,39,42,39,43,daß,dass,orthography:wordlist
1Sam.28.21,177,180,178,182,daß,dass,orthography:wordlist
1Sam.28.22,85,88,85,89,daß,dass,orthography:wordlist
1Sam.28.23,95,98,95,98,das,die,grammar:Frau-determiner
1Sam.28.23,99,103,99,103,Weib,Frau,word:Weib-Frau
1Sam.28.24,0,3,0,3,Das,Die,grammar:Frau-determiner
1Sam.28.24,4,8,4,8,Weib,Frau,word:Weib-Frau
1Sam.29.4,74,77,74,78,Laß,Lass,orthography:wordlist
1Sam.29.4,97,100,98,102,daß,dass,orthography:wordlist
1Sam.29.4,160,163,162,166,daß,dass,orthography:wordlist
1Sam.29.7,41,44,41,45,daß,dass,orthography:wordlist
1Sam.29.8,159,162,159,163,daß,dass,orthography:wordlist
1Sam.29.9,71,74,71,75,daß,dass,orthography:wordlist
1Sam.29.9,163,166,164,168,Laß,Lass,orthography:wordlist
1Sam.30.2,24,30,24,30,Weiber,Frauen,word:Weib-Frau
1Sam.30.3,57,60,57,61,daß,dass,orthography:wordlist
1Sam.30.3,94,100,95,101,Weiber,Frauen,word:Weib-Frau
1Sam.30.5,15,21,15,21,Weiber,Frauen,word:Weib-Frau
1Sam.30.5,70,73,70,73,das,die,grammar:Frau-determiner
1Sam.30.5,74,78,74,78,Weib,Frau,word:Weib-Frau
1Sam.30.8,163,168,163,169,gewiß,gewiss,orthography:wordlist
1Sam.30.8,188,193,189,195,gewiß,gewiss,orthography:wordlist
1Sam.30.15,129,132,129,133,daß,dass,orthography:wordlist
1Sam.30.17,86,89,86,90,daß,dass,orthography:wordlist
1Sam.30.18,81,87,81,87,Weiber,Frauen,word:Weib-Frau
1Sam.30.21,67,70,67,71,daß,dass,orthography:wordlist
1Sam.30.22,229,233,229,234,sein,seine,grammar:Frau-determiner
1Sam.30.22,234,238,235,239,Weib,Frau,word:Weib-Frau
1Sam.31.5,31,34,31,35,daß,dass,orthography:wordlist
1Sam.31.7,96,99,96,100,daß,dass,orthography:wordlist
1Sam.31.7,132,135,133,137,daß,dass,orthography:wordlist
2Sam.1.5,87,90,87,91,daß,dass,orthography:wordlist
2Sam.1.10,48,53,48,54,wußte,wusste,orthography:wordlist
2Sam.1.10,60,63,61,65,daß,dass,orthography:wordlist
2Sam.1.11,3,8,3,9,faßte,fasste,orthography:wordlist
2Sam.1.11,33,39,34,41,zerriß,zerriss,orthography:wordlist
2Sam.1.15,98,101,98,102,daß,dass,orthography:wordlist
2Sam.1.20,70,73,70,74,daß,dass,orthography:wordlist
2Sam.1.20,119,122,120,124,daß,dass,orthography:wordlist
2Sam.2.2,118,122,118,122,Weib,Frau,word:Weib-Frau
2Sam.2.5,29,32,29,33,daß,dass,orthography:wordlist
2Sam.2.5,191,194,192,196,daß,dass,orthography:wordlist
2Sam.2.22,35,38,35,39,Laß,Lass,orthography:wordlist
2Sam.2.22,68,71,69,73,daß,dass,orthography:wordlist
2Sam.2.23,99,102,99,103,daß,dass,orthography:wordlist
2Sam.2.26,130,133,130,134,daß,dass,orthography:wordlist
2Sam.2.26,222,225,223,227,daß,dass,orthography:wordlist
2Sam.2.32,140,143,140,144,daß,dass,orthography:wordlist
2Sam.3.3,32,35,32,35,dem,der,grammar:Frau-determiner
2Sam.3.3,36,41,36,40,Weibe,Frau,word:Weib-Frau
2Sam.3.5,30,33,30,33,dem,der,grammar:Frau-determiner
2Sam.3.5,34,39,34,38,Weibe,Frau,word:Weib-Frau
2Sam.3.8,312,318,312,318,diesem,dieser,grammar:Frau-determiner
2Sam.3.8,319,324,319,323,Weibe,Frau,word:Weib-Frau
2Sam.3.10,0,3,0,4,daß,dass,orthography:wordlist
2Sam.3.12,151,154,151,155,daß,dass,orthography:wordlist
2Sam.3.13,105,108,105,109,daß,dass,orthography:wordlist
2Sam.3.14,101,105,101,106,mein,meine,grammar:Frau-determiner
2Sam.3.14,106,110,107,111,Weib,Frau,word:Weib-Frau
2Sam.3.14,165,168,166,169,zum,zur,grammar:Frau-determiner
2Sam.3.14,169,174,170,174,Weibe,Frau,word:Weib-Frau
2Sam.3.17,104,107,104,108,daß,dass,orthography:wordlist
2Sam.3.21,147,150,147,151,daß,dass,orthography:wordlist
2Sam.3.22,181,184,181,185,daß,dass,orthography:wordlist
2Sam.3.23,135,138,135,139,daß,dass,orthography:wordlist
2Sam.3.24,128,131,128,132,daß,dass,orthography:wordlist
2Sam.3.26,113,118,113,119,wußte,wusste,orthography:wordlist
2Sam.3.27,150,153,150,154,daß,dass,orthography:wordlist
2Sam.3.37,53,56,53,57,daß,dass,orthography:wordlist
2Sam.3.37,93,96,94,98,daß,dass,orthography:wordlist
2Sam.3.38,59,62,59,63,daß,dass,orthography:wordlist
2Sam.4.1,31,34,31,35,daß,dass,orthography:wordlist
2Sam.4.11,0,7,0,8,Wieviel,Wie viel,orthography:wordlist
2Sam.5.12,19,22,19,23,daß,dass,orthography:wordlist
2Sam.5.17,31,34,31,35,daß,dass,orthography:wordlist
2Sam.5.19,191,196,191,197,gewiß,gewiss,orthography:wordlist
2Sam.5.23,124,127,124,128,daß,dass,orthography:wordlist
2Sam.6.8,27,30,27,31,daß,dass,orthography:wordlist
2Sam.6.8,63,66,64,68,Riß,Riss,orthography:wordlist
2Sam.6.12,40,43,40,44,daß,dass,orthography:wordlist
2Sam.6.19,62,69,62,68,Weibern,Frauen,word:Weib-Frau
2Sam.6.20,158,161,158,162,daß,dass,orthography:wordlist
2Sam.7.5,96,99,96,100,daß,dass,orthography:wordlist
2Sam.7.8,150,153,150,154,daß,dass,orthography:wordlist
2Sam.7.10,72,75,72,76,daß,dass,orthography:wordlist
2Sam.7.10,99,102,100,104,daß,dass,orthography:wordlist
2Sam.7.11,110,113,110,114,daß,dass,orthography:wordlist
2Sam.7.18,125,128,125,129,daß,dass,orthography:wordlist
2Sam.7.29,51,54,51,55,daß,dass,orthography:wordlist
2Sam.8.1,32,35,32,36,daß,dass,orthography:wordlist
2Sam.8.2,48,57,48,58,Meßschnur,Messschnur,orthography:wordlist
2Sam.8.9,43,46,43,47,daß,dass,orthography:wordlist
2Sam.8.10,114,117,114,118,daß,dass,orthography:wordlist
2Sam.9.1,93,96,93,97,daß,dass,orthography:wordlist
2Sam.9.3,54,57,54,58,daß,dass,orthography:wordlist
2Sam.9.7,82,87,82,88,gewiß,gewiss,orthography:wordlist
2Sam.9.8,59,62,59,63,daß,dass,orthography:wordlist
2Sam.10.1,27,30,27,31,daß,dass,orthography:wordlist
2Sam.10.3,142,145,142,146,daß,dass,orthography:wordlist
2Sam.10.3,235,238,236,240,daß,dass,orthography:wordlist
2Sam.10.6,33,36,33,37,daß,dass,orthography:wordlist
2Sam.10.6,56,63,57,65,verhaßt,verhasst,orthography:wordlist
2Sam.10.9,18,21,18,22,daß,dass,orthography:wordlist
2Sam.10.14,32,35,32,36,daß,dass,orthography:wordlist
2Sam.10.15,26,29,26,30,daß,dass,orthography:wordlist
2Sam.10.18,163,166,163,167,daß,dass,orthography:wordlist
2Sam.10.19,60,63,60,64,daß,dass,orthography:wordlist
2Sam.11.2,154,157,154,158,ein,eine,grammar:Frau-determiner
2Sam.11.2,158,162,159,163,Weib,Frau,word:Weib-Frau
2Sam.11.2,179,182,180,183,das,die,grammar:Frau-determiner
2Sam.11.2,183,187,184,188,Weib,Frau,word:Weib-Frau
2Sam.11.3,46,49,46,49,dem,der,grammar:Frau-determiner
2Sam.11.3,50,55,50,54,Weibe,Frau,word:Weib-Frau
2Sam.11.3,116,119,115,118,das,die,grammar:Frau-determiner
2Sam.11.3,120,124,119,123,Weib,Frau,word:Weib-Frau
2Sam.11.5,4,7,4,7,das,die,grammar:Frau-determiner
2Sam.11.5,8,12,8,12,Weib,Frau,word:Weib-Frau
2Sam.11.11,218,224,218,224,meinem,meiner,grammar:Frau-determiner
2Sam.11.11,225,230,225,229,Weibe,Frau,word:Weib-Frau
2Sam.11.15,146,149,146,150,daß,dass,orthography:wordlist
2Sam.11.16,23,32,23,33,einschloß,einschloss,orthography:wordlist
2Sam.11.16,74,79,75,81,wußte,wusste,orthography:wordlist
2Sam.11.16,81,84,83,87,daß,dass,orthography:wordlist
2Sam.11.20,12,15,12,16,daß,dass,orthography:wordlist
2Sam.11.20,137,140,138,142,daß,dass,orthography:wordlist
2Sam.11.21,56,59,56,60,ein,eine,grammar:Frau-determiner
2Sam.11.21,60,64,61,65,Weib,Frau,word:Weib-Frau
2Sam.11.21,113,116,114,118,daß,dass,orthography:wordlist
2Sam.11.24,62,65,62,66,daß,dass,orthography:wordlist
2Sam.11.25,57,60,57,61,Laß,Lass,orthography:wordlist
2Sam.11.26,9,12,9,12,das,die,grammar:Frau-determiner
2Sam.11.26,13,17,13,17,Weib,Frau,word:Weib-Frau
2Sam.11.26,32,35,32,36,daß,dass,orthography:wordlist
2Sam.11.27,97,101,97,102,sein,seine,grammar:Frau-determiner
2Sam.11.27,102,106,103,107,Weib,Frau,word:Weib-Frau
2Sam.11.27,174,181,175,183,mißfiel,missfiel,orthography:wordlist
2Sam.12.3,97,100,97,101,daß,dass,orthography:wordlist
2Sam.12.8,57,63,57,63,Weiber,Frauen,word:Weib-Frau
2Sam.12.9,157,161,157,162,sein,seine,grammar:Frau-determiner
2Sam.12.9,162,166,163,167,Weib,Frau,word:Weib-Frau
2Sam.12.9,179,182,180,183,zum,zur,grammar:Frau-determiner
2Sam.12.9,183,188,184,188,Weibe,Frau,word:Weib-Frau
2Sam.12.10,94,97,94,97,das,die,grammar:Frau-determiner
2Sam.12.10,98,102,98,102,Weib,Frau,word:Weib-Frau
2Sam.12.10,140,143,140,144,daß,dass,orthography:wordlist
2Sam.12.10,148,152,149,154,dein,deine,grammar:Frau-determiner
2Sam.12.10,153,157,155,159,Weib,Frau,word:Weib-Frau
2Sam.12.11,104,110,104,110,Weiber,Frauen,word:Weib-Frau
2Sam.12.11,166,169,166,170,daß,dass,orthography:wordlist
2Sam.12.11,204,211,205,211,Weibern,Frauen,word:Weib-Frau
2Sam.12.14,58,63,58,64,Anlaß,Anlass,orthography:wordlist
2Sam.12.14,136,145,137,147,gewißlich,gewisslich,orthography:wordlist
2Sam.12.15,69,72,69,72,das,die,grammar:Frau-determiner
2Sam.12.15,73,77,73,77,Weib,Frau,word:Weib-Frau
2Sam.12.15,113,116,113,117,daß,dass,orthography:wordlist
2Sam.12.18,92,95,92,96,daß,dass,orthography:wordlist
2Sam.12.18,222,229,223,231,wieviel,wie viel,orthography:wordlist
2Sam.12.19,25,28,25,29,daß,dass,orthography:wordlist
2Sam.12.19,82,85,83,87,daß,dass,orthography:wordlist
2Sam.12.22,130,133,130,134,daß,dass,orthography:wordlist
2Sam.12.24,23,27,23,28,sein,seine,grammar:Frau-determiner
2Sam.12.24,28,32,29,33,Weib,Frau,word:Weib-Frau
2Sam.12.28,73,76,73,77,daß,dass,orthography:wordlist
2Sam.13.2,28,31,28,32,daß,dass,orthography:wordlist
2Sam.13.5,137,140,137,141,Laß,Lass,orthography:wordlist
2Sam.13.5,176,179,177,181,daß,dass,orthography:wordlist
2Sam.13.5,228,231,230,234,daß,dass,orthography:wordlist
2Sam.13.6,117,120,117,121,Laß,Lass,orthography:wordlist
2Sam.13.6,156,159,157,161,daß,dass,orthography:wordlist
2Sam.13.10,61,64,61,65,daß,dass,orthography:wordlist
2Sam.13.11,31,34,31,35,daß,dass,orthography:wordlist
2Sam.13.15,40,43,40,44,daß,dass,orthography:wordlist
2Sam.13.15,48,51,49,53,Haß,Hass,orthography:wordlist
2Sam.13.16,49,52,49,53,daß,dass,orthography:wordlist
2Sam.13.16,77,82,78,84,gewiß,gewiss,orthography:wordlist
2Sam.13.19,120,126,120,127,zerriß,zerriss,orthography:wordlist
2Sam.13.25,57,60,57,61,Laß,Lass,orthography:wordlist
2Sam.13.25,89,92,90,94,daß,dass,orthography:wordlist
2Sam.13.30,113,116,113,117,daß,dass,orthography:wordlist
2Sam.13.31,27,33,27,34,zerriß,zerriss,orthography:wordlist
2Sam.13.32,91,94,91,95,daß,dass,orthography:wordlist
2Sam.13.33,49,52,49,53,daß,dass,orthography:wordlist
2Sam.14.1,44,47,44,48,daß,dass,orthography:wordlist
2Sam.14.2,33,36,33,37,ein,eine,grammar:Frau-determiner
2Sam.14.2,37,43,38,43,kluges,kluge,grammar:Frau-adjective
2Sam.14.2,44,48,44,48,Weib,Frau,word:Weib-Frau
2Sam.14.2,189,192,189,193,ein,eine,grammar:Frau-determiner
2Sam.14.2,193,197,194,198,Weib,Frau,word:Weib-Frau
2Sam.14.2,199,202,200,203,das,die,grammar:Frau-relative
2Sam.14.4,8,11,8,11,das,die,grammar:Frau-determiner
2Sam.14.4,12,16,12,16,Weib,Frau,word:Weib-Frau
2Sam.14.7,118,121,118,122,daß,dass,orthography:wordlist
2Sam.14.7,193,196,194,198,daß,dass,orthography:wordlist
2Sam.14.7,299,302,301,305,daß,dass,orthography:wordlist
2Sam.14.8,20,23,20,23,zum,zur,grammar:Frau-determiner
2Sam.14.8,24,29,24,28,Weibe,Frau,word:Weib-Frau
2Sam.14.9,10,13,10,13,das,die,grammar:Frau-determiner
2Sam.14.9,14,18,14,18,Weib,Frau,word:Weib-Frau
2Sam.14.11,62,65,62,66,daß,dass,orthography:wordlist
2Sam.14.11,117,120,118,122,daß,dass,orthography:wordlist
2Sam.14.12,4,7,4,7,das,die,grammar:Frau-determiner
2Sam.14.12,8,12,8,12,Weib,Frau,word:Weib-Frau
2Sam.14.12,21,24,21,25,Laß,Lass,orthography:wordlist
2Sam.14.13,9,12,9,12,Das,Die,grammar:Frau-determiner
2Sam.14.13,22,26,22,26,Weib,Frau,word:Weib-Frau
2Sam.14.13,230,234,230,235,läßt,lässt,orthography:wordlist
2Sam.14.14,21,26,21,27,gewiß,gewiss,orthography:wordlist
2Sam.14.14,197,200,198,202,daß,dass,orthography:wordlist
2Sam.14.15,0,3,0,4,Daß,Dass,orthography:wordlist
2Sam.14.16,40,43,40,44,daß,dass,orthography:wordlist
2Sam.14.18,35,38,35,38,dem,der,grammar:Frau-determiner
2Sam.14.18,39,44,39,43,Weibe,Frau,word:Weib-Frau
2Sam.14.18,91,94,90,93,Das,Die,grammar:Frau-determiner
2Sam.14.18,95,99,94,98,Weib,Frau,word:Weib-Frau
2Sam.14.19,87,90,87,90,Das,Die,grammar:Frau-determiner
2Sam.14.19,91,95,91,95,Weib,Frau,word:Weib-Frau
2Sam.14.20,133,136,133,137,daß,dass,orthography:wordlist
2Sam.14.22,110,113,110,114,daß,dass,orthography:wordlist
2Sam.14.24,23,26,23,27,Laß,Lass,orthography:wordlist
2Sam.14.26,118,121,118,122,daß,dass,orthography:wordlist
2Sam.14.26,139,144,140,146,mußte,musste,orthography:wordlist
2Sam.14.27,84,87,84,88,ein,eine,grammar:Frau-determiner
2Sam.14.27,88,92,89,93,Weib,Frau,word:Weib-Frau
2Sam.14.28,53,56,53,57,daß,dass,orthography:wordlist
2Sam.14.32,100,103,100,104,daß,dass,orthography:wordlist
2Sam.14.32,202,205,203,207,daß,dass,orthography:wordlist
2Sam.14.32,250,253,252,256,daß,dass,orthography:wordlist
2Sam.14.33,165,170,165,171,küßte,küsste,orthography:wordlist
2Sam.15.1,37,40,37,41,daß,dass,orthography:wordlist
2Sam.15.2,118,121,118,122,daß,dass,orthography:wordlist
2Sam.15.4,22,25,22,26,daß,dass,orthography:wordlist
2Sam.15.4,69,72,70,74,daß,dass,orthography:wordlist
2Sam.15.5,90,95,90,96,faßte,fasste,orthography:wordlist
2Sam.15.5,104,109,105,111,küßte,küsste,orthography:wordlist
2Sam.15.14,185,188,185,189,daß,dass,orthography:wordlist
2Sam.15.20,110,113,110,114,muß,muss,orthography:wordlist
2Sam.15.25,145,148,145,149,daß,dass,orthography:wordlist
2Sam.15.31,28,31,28,32,daß,dass,orthography:wordlist
2Sam.15.35,56,59,56,60,daß,dass,orthography:wordlist
2Sam.16.4,114,117,114,118,Laß,Lass,orthography:wordlist
2Sam.16.11,202,206,202,207,Laßt,Lasst,orthography:wordlist
2Sam.16.21,132,135,132,136,daß,dass,orthography:wordlist
2Sam.16.21,161,168,162,170,verhaßt,verhasst,orthography:wordlist
2Sam.17.2,92,95,92,96,daß,dass,orthography:wordlist
2Sam.17.5,57,60,57,61,daß,dass,orthography:wordlist
2Sam.17.8,73,76,73,77,daß,dass,orthography:wordlist
2Sam.17.9,121,124,121,125,daß,dass,orthography:wordlist
2Sam.17.10,120,123,120,124,daß,dass,orthography:wordlist
2Sam.17.10,149,152,150,154,daß,dass,orthography:wordlist
2Sam.17.11,16,19,16,20,daß,dass,orthography:wordlist
2Sam.17.11,116,119,117,121,daß,dass,orthography:wordlist
2Sam.17.12,126,129,126,130,daß,dass,orthography:wordlist
2Sam.17.13,133,136,133,137,daß,dass,orthography:wordlist
2Sam.17.14,138,141,138,142,daß,dass,orthography:wordlist
2Sam.17.19,4,7,4,7,das,die,grammar:Frau-determiner
2Sam.17.19,8,12,8,12,Weib,Frau,word:Weib-Frau
2Sam.17.19,107,110,107,111,daß,dass,orthography:wordlist
2Sam.17.20,28,31,28,31,dem,der,grammar:Frau-determiner
2Sam.17.20,32,37,32,36,Weibe,Frau,word:Weib-Frau
2Sam.17.20,99,102,98,101,Das,Die,grammar:Frau-determiner
2Sam.17.20,103,107,102,106,Weib,Frau,word:Weib-Frau
2Sam.17.23,24,27,24,28,daß,dass,orthography:wordlist
2Sam.18.3,229,232,229,233,daß,dass,orthography:wordlist
2Sam.18.9,236,239,236,240,daß,dass,orthography:wordlist
2Sam.18.19,99,102,99,103,daß,dass,orthography:wordlist
2Sam.19.1,159,162,159,163,daß,dass,orthography:wordlist
2Sam.19.4,106,109,106,110,muß,muss,orthography:wordlist
2Sam.19.6,151,158,151,157,Weibern,Frauen,word:Weib-Frau
2Sam.19.7,98,101,98,102,daß,dass,orthography:wordlist
2Sam.19.10,173,178,173,179,mußte,musste,orthography:wordlist
2Sam.19.11,115,118,115,119,daß,dass,orthography:wordlist
2Sam.19.15,76,79,76,80,daß,dass,orthography:wordlist
2Sam.19.21,26,29,26,30,daß,dass,orthography:wordlist
2Sam.19.22,91,94,91,95,daß,dass,orthography:wordlist
2Sam.19.23,194,197,194,198,daß,dass,orthography:wordlist
2Sam.19.35,67,70,67,71,daß,dass,orthography:wordlist
2Sam.19.38,0,3,0,4,Laß,Lass,orthography:wordlist
2Sam.19.38,33,36,34,38,daß,dass,orthography:wordlist
2Sam.19.40,94,99,94,100,küßte,küsste,orthography:wordlist
2Sam.20.6,146,149,146,150,daß,dass,orthography:wordlist
2Sam.20.9,66,71,66,72,faßte,fasste,orthography:wordlist
2Sam.20.10,103,106,103,107,daß,dass,orthography:wordlist
2Sam.20.10,171,174,172,176,daß,dass,orthography:wordlist
2Sam.20.12,94,97,94,98,daß,dass,orthography:wordlist
2Sam.20.12,214,217,215,219,daß,dass,orthography:wordlist
2Sam.20.20,84,87,84,88,daß,dass,orthography:wordlist
2Sam.21.4,187,190,187,191,daß,dass,orthography:wordlist
2Sam.21.5,89,92,89,93,daß,dass,orthography:wordlist
2Sam.21.6,59,62,59,63,daß,dass,orthography:wordlist
2Sam.21.17,175,178,175,179,daß,dass,orthography:wordlist
2Sam.22.37,32,35,32,36,daß,dass,orthography:wordlist
2Sam.22.39,41,44,41,45,daß,dass,orthography:wordlist
2Sam.23.4,141,147,141,148,sproßt,sprosst,orthography:wordlist
2Sam.23.7,31,34,31,35,muß,muss,orthography:wordlist
2Sam.23.16,210,213,210,214,goß,goss,orthography:wordlist
2Sam.23.17,42,45,42,46,daß,dass,orthography:wordlist
2Sam.23.21,158,161,158,162,riß,riss,orthography:wordlist
2Sam.24.3,130,133,130,134,daß,dass,orthography:wordlist
2Sam.24.12,102,105,102,106,daß,dass,orthography:wordlist
2Sam.24.13,76,79,76,80,daß,dass,orthography:wordlist
2Sam.24.13,129,132,130,134,daß,dass,orthography:wordlist
2Sam.24.13,222,225,224,228,daß,dass,orthography:wordlist
2Sam.24.14,64,67,64,68,laß,lass,orthography:wordlist
2Sam.24.15,83,86,83,87,daß,dass,orthography:wordlist
2Sam.24.16,190,193,190,194,Laß,Lass,orthography:wordlist
2Sam.24.17,161,164,161,165,Laß,Lass,orthography:wordlist
1Kgs.1.2,105,108,105,109,daß,dass,orthography:wordlist
1Kgs.1.6,61,64,61,65,daß,dass,orthography:wordlist
1Kgs.1.11,70,73,70,74,daß,dass,orthography:wordlist
1Kgs.1.12,54,57,54,58,daß,dass,orthography:wordlist
1Kgs.1.20,88,91,88,92,daß,dass,orthography:wordlist
1Kgs.1.35,128,131,128,132,daß,dass,orthography:wordlist
1Kgs.1.40,94,97,94,98,daß,dass,orthography:wordlist
1Kgs.1.45,146,149,146,150,daß,dass,orthography:wordlist
1Kgs.1.51,175,178,175,179,daß,dass,orthography:wordlist
1Kgs.1.52,144,147,144,148,muß,muss,orthography:wordlist
1Kgs.2.1,22,25,22,26,daß,dass,orthography:wordlist
1Kgs.2.3,66,69,66,70,daß,dass,orthography:wordlist
1Kgs.2.3,216,219,217,221,daß,dass,orthography:wordlist
1Kgs.2.4,0,3,0,4,daß,dass,orthography:wordlist
1Kgs.2.4,122,125,123,127,daß,dass,orthography:wordlist
1Kgs.2.6,36,39,36,40,daß,dass,orthography:wordlist
1Kgs.2.7,81,84,81,85,daß,dass,orthography:wordlist
1Kgs.2.9,9,12,9,13,laß,lass,orthography:wordlist
1Kgs.2.9,113,116,114,118,daß,dass,orthography:wordlist
1Kgs.2.15,43,46,43,47,daß,dass,orthography:wordlist
1Kgs.2.15,73,76,74,78,daß,dass,orthography:wordlist
1Kgs.2.15,130,133,132,136,daß,dass,orthography:wordlist
1Kgs.2.17,97,100,97,101,daß,dass,orthography:wordlist
1Kgs.2.17,125,128,126,129,zum,zur,grammar:Frau-determiner
1Kgs.2.17,129,134,130,134,Weibe,Frau,word:Weib-Frau
1Kgs.2.19,239,242,239,243,daß,dass,orthography:wordlist
1Kgs.2.21,59,62,59,62,zum,zur,grammar:Frau-determiner
1Kgs.2.21,63,68,63,67,Weibe,Frau,word:Weib-Frau
1Kgs.2.25,70,73,70,74,daß,dass,orthography:wordlist
1Kgs.2.27,34,37,34,38,daß,dass,orthography:wordlist
1Kgs.2.28,159,164,159,165,faßte,fasste,orthography:wordlist
1Kgs.2.31,80,83,80,84,daß,dass,orthography:wordlist
1Kgs.2.32,4,7,4,8,daß,dass,orthography:wordlist
1Kgs.2.32,213,218,214,220,wußte,wusste,orthography:wordlist
1Kgs.2.37,90,93,90,94,daß,dass,orthography:wordlist
1Kgs.2.37,97,102,98,104,gewiß,gewiss,orthography:wordlist
1Kgs.2.37,111,115,113,118,mußt,musst,orthography:wordlist
1Kgs.2.39,37,40,37,41,daß,dass,orthography:wordlist
1Kgs.2.41,48,51,48,52,daß,dass,orthography:wordlist
1Kgs.2.42,215,219,215,220,mußt,musst,orthography:wordlist
1Kgs.2.42,223,228,224,230,gewiß,gewiss,orthography:wordlist
1Kgs.2.44,70,76,70,77,bewußt,bewusst,orthography:wordlist
1Kgs.2.46,88,91,88,92,daß,dass,orthography:wordlist
1Kgs.3.3,42,45,42,46,daß,dass,orthography:wordlist
1Kgs.3.8,94,97,94,98,daß,dass,orthography:wordlist
1Kgs.3.9,57,60,57,61,daß,dass,orthography:wordlist
1Kgs.3.10,63,66,63,67,daß,dass,orthography:wordlist
1Kgs.3.12,107,110,107,111,daß,dass,orthography:wordlist
1Kgs.3.13,78,81,78,82,daß,dass,orthography:wordlist
1Kgs.3.14,41,44,41,45,daß,dass,orthography:wordlist
1Kgs.3.17,13,17,13,17,Weib,Frau,word:Weib-Frau
1Kgs.3.17,50,56,50,55,dieses,diese,grammar:Frau-determiner
1Kgs.3.17,57,61,56,60,Weib,Frau,word:Weib-Frau
1Kgs.3.19,13,19,13,19,dieses,dieser,grammar:Frau-determiner
1Kgs.3.19,20,26,20,24,Weibes,Frau,word:Weib-Frau
1Kgs.3.22,0,3,0,3,Das,Die,grammar:Frau-determiner
1Kgs.3.22,11,15,11,15,Weib,Frau,word:Weib-Frau
1Kgs.3.28,124,127,124,128,daß,dass,orthography:wordlist
1Kgs.4.11,79,82,79,82,zum,zur,grammar:Frau-determiner
1Kgs.4.11,83,88,83,87,Weibe,Frau,word:Weib-Frau
1Kgs.4.15,44,47,44,47,zum,zur,grammar:Frau-determiner
1Kgs.4.15,48,53,48,52,Weibe,Frau,word:Weib-Frau
1Kgs.5.5,3,6,3,7,daß,dass,orthography:wordlist
1Kgs.5.15,85,88,85,89,daß,dass,orthography:wordlist
1Kgs.5.17,10,13,10,14,daß,dass,orthography:wordlist
1Kgs.5.18,63,66,63,67,daß,dass,orthography:wordlist
1Kgs.5.20,16,19,16,20,daß,dass,orthography:wordlist
1Kgs.5.20,195,198,196,200,daß,dass,orthography:wordlist
1Kgs.5.28,80,83,80,84,daß,dass,orthography:wordlist
1Kgs.6.6,169,172,169,173,daß,dass,orthography:wordlist
1Kgs.6.7,103,106,103,107,daß,dass,orthography:wordlist
1Kgs.6.12,129,132,129,133,daß,dass,orthography:wordlist
1Kgs.6.18,125,128,125,129,daß,dass,orthography:wordlist
1Kgs.6.22,5,8,5,9,daß,dass,orthography:wordlist
1Kgs.6.27,124,127,124,128,daß,dass,orthography:wordlist
1Kgs.6.38,130,133,130,134,daß,dass,orthography:wordlist
1Kgs.7.15,3,6,3,7,goß,goss,orthography:wordlist
1Kgs.7.24,129,132,129,133,Guß,Guss,orthography:wordlist
1Kgs.7.26,121,126,121,127,faßte,fasste,orthography:wordlist
1Kgs.7.28,42,45,42,46,daß,dass,orthography:wordlist
1Kgs.7.34,94,97,94,98,Guß,Guss,orthography:wordlist
1Kgs.7.35,169,172,169,173,Guß,Guss,orthography:wordlist
1Kgs.7.37,45,48,45,49,Guß,Guss,orthography:wordlist
1Kgs.8.5,158,161,158,162,daß,dass,orthography:wordlist
1Kgs.8.8,32,35,32,36,daß,dass,orthography:wordlist
1Kgs.8.11,5,8,5,9,daß,dass,orthography:wordlist
1Kgs.8.13,62,65,62,66,daß,dass,orthography:wordlist
1Kgs.8.16,124,127,124,128,daß,dass,orthography:wordlist
1Kgs.8.16,220,223,221,225,daß,dass,orthography:wordlist
1Kgs.8.18,44,47,44,48,Daß,Dass,orthography:wordlist
1Kgs.8.25,243,246,243,247,daß,dass,orthography:wordlist
1Kgs.8.26,25,28,25,29,laß,lass,orthography:wordlist
1Kgs.8.28,92,95,92,96,daß,dass,orthography:wordlist
1Kgs.8.29,0,3,0,4,daß,dass,orthography:wordlist
1Kgs.8.32,47,50,47,51,daß,dass,orthography:wordlist
1Kgs.8.40,13,16,13,17,daß,dass,orthography:wordlist
1Kgs.8.43,110,113,110,114,daß,dass,orthography:wordlist
1Kgs.8.43,211,214,212,216,daß,dass,orthography:wordlist
1Kgs.8.46,134,137,134,138,daß,dass,orthography:wordlist
1Kgs.8.50,143,146,143,147,daß,dass,orthography:wordlist
1Kgs.8.52,116,119,116,120,daß,dass,orthography:wordlist
1Kgs.8.58,29,32,29,33,daß,dass,orthography:wordlist
1Kgs.8.59,142,145,142,146,daß,dass,orthography:wordlist
1Kgs.8.60,4,7,4,8,daß,dass,orthography:wordlist
1Kgs.8.60,40,43,41,45,daß,dass,orthography:wordlist
1Kgs.8.61,57,60,57,61,daß,dass,orthography:wordlist
1Kgs.8.64,90,93,90,94,daß,dass,orthography:wordlist
1Kgs.9.3,157,160,157,161,daß,dass,orthography:wordlist
1Kgs.9.4,131,134,131,135,daß,dass,orthography:wordlist
1Kgs.10.3,66,69,66,70,daß,dass,orthography:wordlist
1Kgs.10.9,70,73,70,74,daß,dass,orthography:wordlist
1Kgs.10.9,192,195,193,197,daß,dass,orthography:wordlist
1Kgs.10.26,59,62,59,63,daß,dass,orthography:wordlist
1Kgs.10.27,22,25,22,26,daß,dass,orthography:wordlist
1Kgs.11.2,151,156,151,157,gewiß,gewiss,orthography:wordlist
1Kgs.11.4,76,79,76,80,daß,dass,orthography:wordlist
1Kgs.11.5,78,84,78,84,Greuel,Gräuel,orthography:wordlist
1Kgs.11.7,43,49,43,49,Greuel,Gräuel,orthography:wordlist
1Kgs.11.7,124,130,124,130,Greuel,Gräuel,orthography:wordlist
1Kgs.11.10,49,52,49,53,daß,dass,orthography:wordlist
1Kgs.11.11,171,176,171,177,gewiß,gewiss,orthography:wordlist
1Kgs.11.19,43,46,43,47,daß,dass,orthography:wordlist
1Kgs.11.19,126,129,127,130,zum,zur,grammar:Frau-determiner
1Kgs.11.19,130,135,131,135,Weibe,Frau,word:Weib-Frau
1Kgs.11.20,114,117,114,118,daß,dass,orthography:wordlist
1Kgs.11.21,32,35,32,36,daß,dass,orthography:wordlist
1Kgs.11.21,81,84,82,86,daß,dass,orthography:wordlist
1Kgs.11.21,144,147,146,150,Laß,Lass,orthography:wordlist
1Kgs.11.22,51,54,51,55,daß,dass,orthography:wordlist
1Kgs.11.22,110,113,111,115,laß,lass,orthography:wordlist
1Kgs.11.27,17,22,17,23,Anlaß,Anlass,orthography:wordlist
1Kgs.11.27,94,100,95,102,schloß,schloss,orthography:wordlist
1Kgs.11.28,58,61,58,62,daß,dass,orthography:wordlist
1Kgs.11.30,11,16,11,17,faßte,fasste,orthography:wordlist
1Kgs.11.30,55,61,56,63,zerriß,zerriss,orthography:wordlist
1Kgs.11.36,40,43,40,44,daß,dass,orthography:wordlist
1Kgs.11.38,126,129,126,130,daß,dass,orthography:wordlist
1Kgs.12.6,150,153,150,154,daß,dass,orthography:wordlist
1Kgs.12.9,48,51,48,52,daß,dass,orthography:wordlist
1Kgs.12.15,81,84,81,85,daß,dass,orthography:wordlist
1Kgs.12.16,25,28,25,29,daß,dass,orthography:wordlist
1Kgs.12.20,36,39,36,40,daß,dass,orthography:wordlist
1Kgs.13.3,74,77,74,78,daß,dass,orthography:wordlist
1Kgs.13.4,230,233,230,234,daß,dass,orthography:wordlist
1Kgs.13.6,128,131,128,132,daß,dass,orthography:wordlist
1Kgs.13.15,43,45,43,46,iß,iss,orthography:wordlist
1Kgs.13.19,49,52,49,53,daß,dass,orthography:wordlist
1Kgs.13.32,13,18,13,19,gewiß,gewiss,orthography:wordlist
1Kgs.13.34,58,61,58,62,daß,dass,orthography:wordlist
1Kgs.13.34,110,115,111,117,mußte,musste,orthography:wordlist
1Kgs.14.2,23,29,23,29,seinem,seiner,grammar:Frau-determiner
1Kgs.14.2,30,35,30,34,Weibe,Frau,word:Weib-Frau
1Kgs.14.2,72,75,71,75,daß,dass,orthography:wordlist
1Kgs.14.2,91,94,91,95,daß,dass,orthography:wordlist
1Kgs.14.2,108,112,109,113,Weib,Frau,word:Weib-Frau
1Kgs.14.2,204,207,205,209,daß,dass,orthography:wordlist
1Kgs.14.3,77,80,77,81,daß,dass,orthography:wordlist
1Kgs.14.4,4,7,4,7,das,die,grammar:Frau-determiner
1Kgs.14.4,8,12,8,12,Weib,Frau,word:Weib-Frau
1Kgs.14.5,49,52,49,52,das,die,grammar:Frau-determiner
1Kgs.14.5,53,57,53,57,Weib,Frau,word:Weib-Frau
1Kgs.14.6,101,105,101,105,Weib,Frau,word:Weib-Frau
1Kgs.14.8,5,8,5,9,daß,dass,orthography:wordlist
1Kgs.14.8,202,205,203,207,daß,dass,orthography:wordlist
1Kgs.14.9,156,159,156,160,daß,dass,orthography:wordlist
1Kgs.14.15,44,47,44,48,daß,dass,orthography:wordlist
1Kgs.14.17,15,18,15,18,das,die,grammar:Frau-determiner
1Kgs.14.17,19,23,19,23,Weib,Frau,word:Weib-Frau
1Kgs.14.24,61,68,61,68,Greueln,Gräueln,orthography:wordlist
1Kgs.14.25,57,60,57,61,daß,dass,orthography:wordlist
1Kgs.15.13,44,47,44,48,daß,dass,orthography:wordlist
1Kgs.15.19,215,218,215,219,daß,dass,orthography:wordlist
1Kgs.15.22,58,61,58,62,daß,dass,orthography:wordlist
1Kgs.16.2,176,179,176,180,daß,dass,orthography:wordlist
1Kgs.16.7,214,217,214,218,daß,dass,orthography:wordlist
1Kgs.16.18,20,23,20,24,daß,dass,orthography:wordlist
1Kgs.16.26,125,128,125,129,daß,dass,orthography:wordlist
1Kgs.16.31,33,36,33,37,daß,dass,orthography:wordlist
1Kgs.16.31,163,166,164,167,zum,zur,grammar:Frau-determiner
1Kgs.16.31,167,172,168,172,Weibe,Frau,word:Weib-Frau
1Kgs.16.33,54,57,54,58,daß,dass,orthography:wordlist
1Kgs.17.1,194,197,194,198,daß,dass,orthography:wordlist
1Kgs.17.4,78,81,78,82,daß,dass,orthography:wordlist
1Kgs.17.7,38,41,38,42,daß,dass,orthography:wordlist
1Kgs.17.9,125,128,125,129,daß,dass,orthography:wordlist
1Kgs.17.10,195,198,195,199,daß,dass,orthography:wordlist
1Kgs.17.12,109,112,109,113,Faß,Fass,orthography:wordlist
1Kgs.17.12,245,248,246,250,daß,dass,orthography:wordlist
1Kgs.17.17,43,46,43,46,des,der,grammar:Frau-determiner
1Kgs.17.17,47,53,47,51,Weibes,Frau,word:Weib-Frau
1Kgs.17.17,114,117,112,116,daß,dass,orthography:wordlist
1Kgs.17.18,102,105,102,106,daß,dass,orthography:wordlist
1Kgs.17.20,119,122,119,123,daß,dass,orthography:wordlist
1Kgs.17.21,107,110,107,111,laß,lass,orthography:wordlist
1Kgs.17.24,10,13,10,13,das,die,grammar:Frau-determiner
1Kgs.17.24,14,18,14,18,Weib,Frau,word:Weib-Frau
1Kgs.17.24,45,48,45,49,daß,dass,orthography:wordlist
1Kgs.17.24,77,80,78,82,daß,dass,orthography:wordlist
1Kgs.18.5,192,195,192,196,daß,dass,orthography:wordlist
1Kgs.18.9,40,43,40,44,daß,dass,orthography:wordlist
1Kgs.18.9,93,96,94,98,daß,dass,orthography:wordlist
1Kgs.18.10,226,229,226,230,daß,dass,orthography:wordlist
1Kgs.18.13,101,104,101,105,daß,dass,orthography:wordlist
1Kgs.18.36,151,154,151,155,laß,lass,orthography:wordlist
1Kgs.18.36,174,177,175,179,daß,dass,orthography:wordlist
1Kgs.18.36,225,228,227,231,daß,dass,orthography:wordlist
1Kgs.18.37,52,55,52,56,daß,dass,orthography:wordlist
1Kgs.18.37,77,80,78,82,daß,dass,orthography:wordlist
1Kgs.18.37,106,109,108,112,daß,dass,orthography:wordlist
1Kgs.18.40,64,67,64,68,daß,dass,orthography:wordlist
1Kgs.18.41,39,41,39,42,iß,iss,orthography:wordlist
1Kgs.18.44,176,179,176,180,daß,dass,orthography:wordlist
1Kgs.19.5,128,130,128,131,iß,iss,orthography:wordlist
1Kgs.19.7,96,98,96,99,iß,iss,orthography:wordlist
1Kgs.19.11,144,150,144,151,zerriß,zerriss,orthography:wordlist
1Kgs.19.18,133,139,133,140,geküßt,geküsst,orthography:wordlist
1Kgs.19.20,67,70,67,71,Laß,Lass,orthography:wordlist
1Kgs.19.21,168,171,168,172,daß,dass,orthography:wordlist
1Kgs.20.5,163,169,163,169,Weiber,Frauen,word:Weib-Frau
1Kgs.20.6,62,65,62,66,daß,dass,orthography:wordlist
1Kgs.20.7,91,94,91,95,daß,dass,orthography:wordlist
1Kgs.20.7,153,159,154,160,Weiber,Frauen,word:Weib-Frau
1Kgs.20.10,121,124,121,125,daß,dass,orthography:wordlist
1Kgs.20.13,185,188,185,189,daß,dass,orthography:wordlist
1Kgs.20.13,209,212,210,214,daß,dass,orthography:wordlist
1Kgs.20.20,37,40,37,41,daß,dass,orthography:wordlist
1Kgs.20.23,128,131,128,132,daß,dass,orthography:wordlist
1Kgs.20.23,178,183,179,185,gewiß,gewiss,orthography:wordlist
1Kgs.20.25,110,113,110,114,laß,lass,orthography:wordlist
1Kgs.20.25,169,174,170,176,gewiß,gewiss,orthography:wordlist
1Kgs.20.28,259,262,259,263,daß,dass,orthography:wordlist
1Kgs.20.31,64,67,64,68,daß,dass,orthography:wordlist
1Kgs.20.31,126,130,127,132,laßt,lasst,orthography:wordlist
1Kgs.20.31,241,245,243,248,läßt,lässt,orthography:wordlist
1Kgs.20.32,141,145,141,146,läßt,lässt,orthography:wordlist
1Kgs.20.32,157,160,158,162,Laß,Lass,orthography:wordlist
1Kgs.20.41,85,88,85,89,daß,dass,orthography:wordlist
1Kgs.20.43,31,39,31,40,mißmutig,missmutig,orthography:wordlist
1Kgs.21.3,66,69,66,70,daß,dass,orthography:wordlist
1Kgs.21.4,18,26,18,27,mißmutig,missmutig,orthography:wordlist
1Kgs.21.5,7,11,7,12,sein,seine,grammar:Frau-determiner
1Kgs.21.5,12,16,13,17,Weib,Frau,word:Weib-Frau
1Kgs.21.5,75,83,76,85,mißmutig,missmutig,orthography:wordlist
1Kgs.21.7,10,14,10,15,sein,seine,grammar:Frau-determiner
1Kgs.21.7,15,19,16,20,Weib,Frau,word:Weib-Frau
1Kgs.21.7,91,93,92,95,iß,iss,orthography:wordlist
1Kgs.21.10,192,195,192,196,daß,dass,orthography:wordlist
1Kgs.21.13,229,232,229,233,daß,dass,orthography:wordlist
1Kgs.21.15,23,26,23,27,daß,dass,orthography:wordlist
1Kgs.21.16,20,23,20,24,daß,dass,orthography:wordlist
1Kgs.21.25,84,88,84,89,sein,seine,grammar:Frau-determiner
1Kgs.21.25,89,93,90,94,Weib,Frau,word:Weib-Frau
1Kgs.21.26,35,41,35,41,Greuel,Gräuel,orthography:wordlist
1Kgs.21.27,33,39,33,40,zerriß,zerriss,orthography:wordlist
1Kgs.22.3,70,73,70,74,daß,dass,orthography:wordlist
1Kgs.22.13,148,151,148,152,laß,lass,orthography:wordlist
1Kgs.22.16,41,44,41,45,muß,muss,orthography:wordlist
1Kgs.22.16,66,69,67,71,daß,dass,orthography:wordlist
1Kgs.22.18,71,74,71,75,daß,dass,orthography:wordlist
1Kgs.22.20,55,58,55,59,daß,dass,orthography:wordlist
1Kgs.22.32,61,66,61,67,Gewiß,Gewiss,orthography:wordlist
1Kgs.22.33,48,51,48,52,daß,dass,orthography:wordlist
1Kgs.22.35,48,53,48,54,mußte,musste,orthography:wordlist
1Kgs.22.50,51,54,51,55,Laß,Lass,orthography:wordlist
2Kgs.1.3,171,174,171,175,daß,dass,orthography:wordlist
2Kgs.1.4,116,121,116,122,gewiß,gewiss,orthography:wordlist
2Kgs.1.6,225,228,225,229,daß,dass,orthography:wordlist
2Kgs.1.6,377,382,378,384,gewiß,gewiss,orthography:wordlist
2Kgs.1.13,246,249,246,250,laß,lass,orthography:wordlist
2Kgs.1.14,129,132,129,133,laß,lass,orthography:wordlist
2Kgs.1.16,271,276,271,277,gewiß,gewiss,orthography:wordlist
2Kgs.2.3,103,106,103,107,daß,dass,orthography:wordlist
2Kgs.2.5,90,93,90,94,daß,dass,orthography:wordlist
2Kgs.2.8,121,124,121,125,daß,dass,orthography:wordlist
2Kgs.2.13,0,5,0,6,faßte,fasste,orthography:wordlist
2Kgs.2.13,27,33,28,35,zerriß,zerriss,orthography:wordlist
2Kgs.2.16,124,127,124,128,laß,lass,orthography:wordlist
2Kgs.2.17,66,70,66,71,laßt,lasst,orthography:wordlist
2Kgs.3.11,64,67,64,68,daß,dass,orthography:wordlist
2Kgs.3.11,254,257,255,259,goß,goss,orthography:wordlist
2Kgs.3.17,116,119,116,120,daß,dass,orthography:wordlist
2Kgs.3.19,12,15,12,16,daß,dass,orthography:wordlist
2Kgs.3.21,26,29,26,30,daß,dass,orthography:wordlist
2Kgs.3.23,53,58,53,59,gewiß,gewiss,orthography:wordlist
2Kgs.3.24,97,100,97,101,daß,dass,orthography:wordlist
2Kgs.3.26,37,40,37,41,daß,dass,orthography:wordlist
2Kgs.3.27,173,176,173,177,daß,dass,orthography:wordlist
2Kgs.4.1,132,135,132,136,daß,dass,orthography:wordlist
2Kgs.4.5,39,45,39,46,schloß,schloss,orthography:wordlist
2Kgs.4.5,124,127,125,129,goß,goss,orthography:wordlist
2Kgs.4.8,40,43,40,44,daß,dass,orthography:wordlist
2Kgs.4.9,53,56,53,57,daß,dass,orthography:wordlist
2Kgs.4.10,0,3,0,4,Laß,Lass,orthography:wordlist
2Kgs.4.11,31,34,31,35,daß,dass,orthography:wordlist
2Kgs.4.17,14,17,14,17,das,die,grammar:Frau-determiner
2Kgs.4.17,18,22,18,22,Weib,Frau,word:Weib-Frau
2Kgs.4.18,58,61,58,62,daß,dass,orthography:wordlist
2Kgs.4.21,65,71,65,72,schloß,schloss,orthography:wordlist
2Kgs.4.24,128,131,128,132,daß,dass,orthography:wordlist
2Kgs.4.27,38,45,38,46,umfaßte,umfasste,orthography:wordlist
2Kgs.4.27,140,143,141,145,Laß,Lass,orthography:wordlist
2Kgs.4.33,23,29,23,30,schloß,schloss,orthography:wordlist
2Kgs.4.34,201,204,201,205,daß,dass,orthography:wordlist
2Kgs.4.41,96,99,96,100,daß,dass,orthography:wordlist
2Kgs.4.42,175,178,175,179,daß,dass,orthography:wordlist
2Kgs.4.43,97,100,97,101,daß,dass,orthography:wordlist
2Kgs.5.3,37,40,37,41,daß,dass,orthography:wordlist
2Kgs.5.7,54,60,54,61,zerriß,zerriss,orthography:wordlist
2Kgs.5.7,109,112,110,114,daß,dass,orthography:wordlist
2Kgs.5.7,149,152,151,155,daß,dass,orthography:wordlist
2Kgs.5.7,239,242,242,246,daß,dass,orthography:wordlist
2Kgs.5.7,253,258,257,263,Anlaß,Anlass,orthography:wordlist
2Kgs.5.8,40,43,40,44,daß,dass,orthography:wordlist
2Kgs.5.8,209,212,210,214,daß,dass,orthography:wordlist
2Kgs.5.13,149,156,149,157,Wieviel,Wie viel,orthography:wordlist
2Kgs.5.15,143,146,143,147,daß,dass,orthography:wordlist
2Kgs.5.21,55,58,55,59,daß,dass,orthography:wordlist
2Kgs.6.13,44,47,44,48,daß,dass,orthography:wordlist
2Kgs.6.17,61,64,61,65,daß,dass,orthography:wordlist
2Kgs.6.17,116,119,117,121,daß,dass,orthography:wordlist
2Kgs.6.20,76,79,76,80,daß,dass,orthography:wordlist
2Kgs.6.20,129,132,130,134,daß,dass,orthography:wordlist
2Kgs.6.22,167,170,167,171,daß,dass,orthography:wordlist
2Kgs.6.24,32,35,32,36,daß,dass,orthography:wordlist
2Kgs.6.26,66,69,66,70,ein,eine,grammar:Frau-determiner
2Kgs.6.26,70,74,71,75,Weib,Frau,word:Weib-Frau
2Kgs.6.28,88,94,88,93,Dieses,Diese,grammar:Frau-determiner
2Kgs.6.28,95,99,94,98,Weib,Frau,word:Weib-Frau
2Kgs.6.28,136,139,135,139,daß,dass,orthography:wordlist
2Kgs.6.29,110,113,110,114,daß,dass,orthography:wordlist
2Kgs.6.30,24,27,24,27,des,der,grammar:Frau-determiner
2Kgs.6.30,28,34,28,32,Weibes,Frau,word:Weib-Frau
2Kgs.6.30,42,48,40,47,zerriß,zerriss,orthography:wordlist
2Kgs.6.30,121,124,120,124,daß,dass,orthography:wordlist
2Kgs.7.3,230,236,230,237,müßten,müssten,orthography:wordlist
2Kgs.7.6,150,153,150,154,daß,dass,orthography:wordlist
2Kgs.7.6,284,287,285,289,daß,dass,orthography:wordlist
2Kgs.7.12,138,141,138,142,daß,dass,orthography:wordlist
2Kgs.7.16,62,65,62,66,daß,dass,orthography:wordlist
2Kgs.7.17,131,134,131,135,daß,dass,orthography:wordlist
2Kgs.7.20,64,67,64,68,daß,dass,orthography:wordlist
2Kgs.8.1,21,24,21,24,dem,der,grammar:Frau-determiner
2Kgs.8.1,25,30,25,29,Weibe,Frau,word:Weib-Frau
2Kgs.8.2,9,12,9,12,Das,Die,grammar:Frau-determiner
2Kgs.8.2,22,26,22,26,Weib,Frau,word:Weib-Frau
2Kgs.8.3,44,47,44,47,das,die,grammar:Frau-determiner
2Kgs.8.3,48,52,48,52,Weib,Frau,word:Weib-Frau
2Kgs.8.5,102,105,102,105,das,die,grammar:Frau-determiner
2Kgs.8.5,106,110,106,110,Weib,Frau,word:Weib-Frau
2Kgs.8.5,268,271,268,271,das,die,grammar:Frau-determiner
2Kgs.8.5,272,276,272,276,Weib,Frau,word:Weib-Frau
2Kgs.8.6,20,23,20,23,das,die,grammar:Frau-determiner
2Kgs.8.6,24,28,24,28,Weib,Frau,word:Weib-Frau
2Kgs.8.9,243,247,243,248,läßt,lässt,orthography:wordlist
2Kgs.8.10,120,123,120,124,daß,dass,orthography:wordlist
2Kgs.8.10,127,132,128,134,gewiß,gewiss,orthography:wordlist
2Kgs.8.13,64,67,64,68,daß,dass,orthography:wordlist
2Kgs.8.13,141,144,142,146,daß,dass,orthography:wordlist
2Kgs.8.14,127,132,127,133,gewiß,gewiss,orthography:wordlist
2Kgs.8.15,109,112,109,113,daß,dass,orthography:wordlist
2Kgs.8.18,103,107,103,108,sein,seine,grammar:Frau-determiner
2Kgs.8.18,108,112,109,113,Weib,Frau,word:Weib-Frau
2Kgs.8.21,167,170,167,171,daß,dass,orthography:wordlist
2Kgs.9.6,53,56,53,57,goß,goss,orthography:wordlist
2Kgs.9.24,77,80,77,81,daß,dass,orthography:wordlist
2Kgs.9.33,61,64,61,65,daß,dass,orthography:wordlist
2Kgs.9.37,79,82,79,83,daß,dass,orthography:wordlist
2Kgs.10.10,17,20,17,21,daß,dass,orthography:wordlist
2Kgs.10.11,124,127,124,128,daß,dass,orthography:wordlist
2Kgs.10.19,87,90,87,91,daß,dass,orthography:wordlist
2Kgs.10.21,96,99,96,100,daß,dass,orthography:wordlist
2Kgs.10.21,181,184,182,186,daß,dass,orthography:wordlist
2Kgs.10.23,152,155,152,156,daß,dass,orthography:wordlist
2Kgs.10.24,161,165,161,166,läßt,lässt,orthography:wordlist
2Kgs.10.25,118,121,118,122,daß,dass,orthography:wordlist
2Kgs.11.1,42,45,42,46,daß,dass,orthography:wordlist
2Kgs.11.2,246,249,246,250,daß,dass,orthography:wordlist
2Kgs.11.14,203,209,203,210,zerriß,zerriss,orthography:wordlist
2Kgs.11.17,75,78,75,79,daß,dass,orthography:wordlist
2Kgs.12.11,21,24,21,25,daß,dass,orthography:wordlist
2Kgs.12.15,34,37,34,38,daß,dass,orthography:wordlist
2Kgs.13.25,41,47,41,48,entriß,entriss,orthography:wordlist
2Kgs.14.9,196,199,196,199,zum,zur,grammar:Frau-determiner
2Kgs.14.9,200,205,200,204,Weibe,Frau,word:Weib-Frau
2Kgs.14.10,160,163,160,164,daß,dass,orthography:wordlist
2Kgs.14.12,41,44,41,45,daß,dass,orthography:wordlist
2Kgs.14.13,153,156,153,157,riß,riss,orthography:wordlist
2Kgs.14.26,48,51,48,52,daß,dass,orthography:wordlist
2Kgs.14.27,33,36,33,37,daß,dass,orthography:wordlist
2Kgs.15.4,4,7,4,8,daß,dass,orthography:wordlist
2Kgs.15.5,35,38,35,39,daß,dass,orthography:wordlist
2Kgs.15.35,4,7,4,8,daß,dass,orthography:wordlist
2Kgs.16.3,106,113,106,113,Greueln,Gräueln,orthography:wordlist
2Kgs.16.13,62,65,62,66,goß,goss,orthography:wordlist
2Kgs.17.4,40,43,40,44,daß,dass,orthography:wordlist
2Kgs.17.18,77,80,77,81,daß,dass,orthography:wordlist
2Kgs.17.37,97,100,97,101,daß,dass,orthography:wordlist
2Kgs.17.41,11,14,11,15,daß,dass,orthography:wordlist
2Kgs.18.5,45,48,45,49,daß,dass,orthography:wordlist
2Kgs.18.20,115,118,115,119,daß,dass,orthography:wordlist
2Kgs.18.29,22,26,22,27,Laßt,Lasst,orthography:wordlist
2Kgs.18.30,0,4,0,5,Laßt,Lasst,orthography:wordlist
2Kgs.18.30,90,95,91,97,gewiß,gewiss,orthography:wordlist
2Kgs.18.32,4,7,4,8,daß,dass,orthography:wordlist
2Kgs.18.35,91,94,91,95,daß,dass,orthography:wordlist
2Kgs.19.1,41,47,41,48,zerriß,zerriss,orthography:wordlist
2Kgs.19.7,42,45,42,46,daß,dass,orthography:wordlist
2Kgs.19.8,117,120,117,121,daß,dass,orthography:wordlist
2Kgs.19.10,53,56,53,57,Laß,Lass,orthography:wordlist
2Kgs.19.19,102,105,102,106,daß,dass,orthography:wordlist
2Kgs.19.25,48,51,48,52,daß,dass,orthography:wordlist
2Kgs.19.25,149,152,150,154,daß,dass,orthography:wordlist
2Kgs.19.27,52,55,52,56,daß,dass,orthography:wordlist
2Kgs.19.28,138,143,138,144,Gebiß,Gebiss,orthography:wordlist
2Kgs.19.34,37,40,37,41,daß,dass,orthography:wordlist
2Kgs.20.3,25,28,25,29,daß,dass,orthography:wordlist
2Kgs.20.8,64,67,64,68,daß,dass,orthography:wordlist
2Kgs.20.8,105,108,106,110,daß,dass,orthography:wordlist
2Kgs.20.9,69,72,69,73,daß,dass,orthography:wordlist
2Kgs.20.10,54,57,54,58,daß,dass,orthography:wordlist
2Kgs.20.12,135,138,135,139,daß,dass,orthography:wordlist
2Kgs.20.17,51,54,51,55,daß,dass,orthography:wordlist
2Kgs.20.18,92,95,92,96,daß,dass,orthography:wordlist
2Kgs.21.2,58,65,58,65,Greueln,Gräueln,orthography:wordlist
2Kgs.21.8,70,73,70,74,daß,dass,orthography:wordlist
2Kgs.21.9,58,61,58,62,daß,dass,orthography:wordlist
2Kgs.21.11,40,46,40,46,Greuel,Gräuel,orthography:wordlist
2Kgs.21.11,84,90,84,90,Greuel,Gräuel,orthography:wordlist
2Kgs.21.12,110,113,110,114,daß,dass,orthography:wordlist
2Kgs.21.13,32,41,32,42,Meßschnur,Messschnur,orthography:wordlist
2Kgs.21.16,5,11,5,12,vergoß,vergoss,orthography:wordlist
2Kgs.21.16,52,55,53,57,daß,dass,orthography:wordlist
2Kgs.21.16,178,181,180,184,daß,dass,orthography:wordlist
2Kgs.22.5,126,129,126,130,daß,dass,orthography:wordlist
2Kgs.22.11,53,59,53,60,zerriß,zerriss,orthography:wordlist
2Kgs.22.13,257,260,257,261,daß,dass,orthography:wordlist
2Kgs.22.14,89,92,89,92,dem,der,grammar:Frau-determiner
2Kgs.22.14,93,98,93,97,Weibe,Frau,word:Weib-Frau
2Kgs.22.17,64,67,64,68,daß,dass,orthography:wordlist
2Kgs.22.19,151,154,151,155,daß,dass,orthography:wordlist
2Kgs.22.20,70,73,70,74,daß,dass,orthography:wordlist
2Kgs.23.4,121,124,121,125,daß,dass,orthography:wordlist
2Kgs.23.7,79,85,79,85,Weiber,Frauen,word:Weib-Frau
2Kgs.23.13,142,148,142,148,Greuel,Gräuel,orthography:wordlist
2Kgs.23.13,178,184,178,184,Greuel,Gräuel,orthography:wordlist
2Kgs.23.13,215,221,215,221,Greuel,Gräuel,orthography:wordlist
2Kgs.23.18,17,21,17,22,laßt,lasst,orthography:wordlist
2Kgs.23.24,77,83,77,83,Greuel,Gräuel,orthography:wordlist
2Kgs.23.33,70,73,70,74,daß,dass,orthography:wordlist
2Kgs.23.35,173,176,173,177,daß,dass,orthography:wordlist
2Kgs.24.3,53,56,53,57,daß,dass,orthography:wordlist
2Kgs.24.9,27,34,27,35,mißfiel,missfiel,orthography:wordlist
2Kgs.24.19,26,33,26,34,mißfiel,missfiel,orthography:wordlist
2Kgs.24.20,71,74,71,75,daß,dass,orthography:wordlist
2Kgs.25.3,83,86,83,87,daß,dass,orthography:wordlist
2Kgs.25.10,82,85,82,86,riß,riss,orthography:wordlist
2Kgs.25.23,56,59,56,60,daß,dass,orthography:wordlist
1Chr.1.50,113,119,113,119,seines,seiner,grammar:Frau-determiner
1Chr.1.50,120,126,120,124,Weibes,Frau,word:Weib-Frau
1Chr.2.4,66,69,66,70,daß,dass,orthography:wordlist
1Chr.2.18,48,54,48,54,seinem,seiner,grammar:Frau-determiner
1Chr.2.18,55,60,55,59,Weibe,Frau,word:Weib-Frau
1Chr.2.24,69,72,69,72,das,die,grammar:Frau-determiner
1Chr.2.24,73,77,73,77,Weib,Frau,word:Weib-Frau
1Chr.2.26,21,24,21,25,ein,eine,grammar:Frau-determiner
1Chr.2.26,25,32,26,32,anderes,andere,grammar:Frau-adjective
1Chr.2.26,33,37,33,37,Weib,Frau,word:Weib-Frau
1Chr.2.29,13,16,13,16,des,der,grammar:Frau-determiner
1Chr.2.29,17,23,17,21,Weibes,Frau,word:Weib-Frau
1Chr.2.35,113,116,113,116,zum,zur,grammar:Frau-determiner
1Chr.2.35,117,122,117,121,Weibe,Frau,word:Weib-Frau
1Chr.3.3,60,66,60,66,seinem,seiner,grammar:Frau-determiner
1Chr.3.3,67,72,67,71,Weibe,Frau,word:Weib-Frau
1Chr.4.10,46,49,46,50,daß,dass,orthography:wordlist
1Chr.4.10,162,165,163,167,daß,dass,orthography:wordlist
1Chr.4.18,13,17,13,18,sein,seine,grammar:Frau-determiner
1Chr.4.18,18,22,19,23,Weib,Frau,word:Weib-Frau
1Chr.4.19,14,17,14,17,des,der,grammar:Frau-determiner
1Chr.4.19,18,24,18,22,Weibes,Frau,word:Weib-Frau
1Chr.5.1,213,216,213,217,daß,dass,orthography:wordlist
1Chr.5.2,47,50,47,51,daß,dass,orthography:wordlist
1Chr.7.15,16,19,16,20,ein,eine,grammar:Frau-determiner
1Chr.7.15,20,24,21,25,Weib,Frau,word:Weib-Frau
1Chr.7.16,12,15,12,15,das,die,grammar:Frau-determiner
1Chr.7.16,16,20,16,20,Weib,Frau,word:Weib-Frau
1Chr.7.23,19,25,19,25,seinem,seiner,grammar:Frau-determiner
1Chr.7.23,26,31,26,30,Weibe,Frau,word:Weib-Frau
1Chr.8.9,28,34,28,34,seinem,seiner,grammar:Frau-determiner
1Chr.8.9,35,40,35,39,Weibe,Frau,word:Weib-Frau
1Chr.8.29,53,59,53,59,seines,seiner,grammar:Frau-determiner
1Chr.8.29,60,66,60,64,Weibes,Frau,word:Weib-Frau
1Chr.9.35,49,53,49,54,sein,seine,grammar:Frau-determiner
1Chr.9.35,54,58,55,59,Weib,Frau,word:Weib-Frau
1Chr.10.3,40,43,40,44,daß,dass,orthography:wordlist
1Chr.10.4,86,89,86,90,daß,dass,orthography:wordlist
1Chr.10.5,32,35,32,36,daß,dass,orthography:wordlist
1Chr.10.7,56,59,56,60,daß,dass,orthography:wordlist
1Chr.11.19,49,52,49,53,daß,dass,orthography:wordlist
1Chr.11.23,184,187,184,188,riß,riss,orthography:wordlist
1Chr.12.1,117,122,117,123,mußte,musste,orthography:wordlist
1Chr.12.32,77,80,77,81,daß,dass,orthography:wordlist
1Chr.12.39,185,188,185,189,daß,dass,orthography:wordlist
1Chr.13.2,119,123,119,124,laßt,lasst,orthography:wordlist
1Chr.13.2,262,265,263,267,daß,dass,orthography:wordlist
1Chr.13.3,4,8,4,9,laßt,lasst,orthography:wordlist
1Chr.13.11,23,26,23,27,daß,dass,orthography:wordlist
1Chr.13.11,50,53,51,55,Riß,Riss,orthography:wordlist
1Chr.14.2,19,22,19,23,daß,dass,orthography:wordlist
1Chr.14.8,31,34,31,35,daß,dass,orthography:wordlist
1Chr.14.14,138,141,138,142,daß,dass,orthography:wordlist
1Chr.15.3,50,53,50,54,daß,dass,orthography:wordlist
1Chr.15.12,91,94,91,95,daß,dass,orthography:wordlist
1Chr.15.13,80,83,80,84,Riß,Riss,orthography:wordlist
1Chr.15.14,46,49,46,50,daß,dass,orthography:wordlist
1Chr.15.16,46,49,46,50,daß,dass,orthography:wordlist
1Chr.16.3,53,59,53,59,Weiber,Frauen,word:Weib-Frau
1Chr.16.4,71,74,71,75,daß,dass,orthography:wordlist
1Chr.16.30,67,70,67,71,daß,dass,orthography:wordlist
1Chr.16.35,101,104,101,105,daß,dass,orthography:wordlist
1Chr.16.41,119,122,119,123,daß,dass,orthography:wordlist
1Chr.17.7,140,143,140,144,daß,dass,orthography:wordlist
1Chr.17.9,72,75,72,76,daß,dass,orthography:wordlist
1Chr.17.10,71,74,71,75,daß,dass,orthography:wordlist
1Chr.17.11,37,40,37,41,daß,dass,orthography:wordlist
1Chr.17.16,131,134,131,135,daß,dass,orthography:wordlist
1Chr.17.18,81,84,81,85,daß,dass,orthography:wordlist
1Chr.17.21,184,187,184,188,daß,dass,orthography:wordlist
1Chr.17.24,78,81,78,82,daß,dass,orthography:wordlist
1Chr.17.25,50,53,50,54,daß,dass,orthography:wordlist
1Chr.17.27,52,55,52,56,daß,dass,orthography:wordlist
1Chr.18.1,102,108,102,109,entriß,entriss,orthography:wordlist
1Chr.18.2,32,35,32,36,daß,dass,orthography:wordlist
1Chr.18.6,87,90,87,91,daß,dass,orthography:wordlist
1Chr.18.9,44,47,44,48,daß,dass,orthography:wordlist
1Chr.18.10,112,115,112,116,daß,dass,orthography:wordlist
1Chr.18.13,52,55,52,56,daß,dass,orthography:wordlist
1Chr.19.3,118,121,118,122,daß,dass,orthography:wordlist
1Chr.19.6,33,36,33,37,daß,dass,orthography:wordlist
1Chr.19.6,56,63,57,65,verhaßt,verhasst,orthography:wordlist
1Chr.19.10,18,21,18,22,daß,dass,orthography:wordlist
1Chr.19.15,33,36,33,37,daß,dass,orthography:wordlist
1Chr.19.16,26,29,26,30,daß,dass,orthography:wordlist
1Chr.19.19,39,42,39,43,daß,dass,orthography:wordlist
1Chr.20.2,97,100,97,101,daß,dass,orthography:wordlist
1Chr.21.2,136,139,136,140,daß,dass,orthography:wordlist
1Chr.21.6,102,108,102,108,Greuel,Gräuel,orthography:wordlist
1Chr.21.7,12,19,12,20,mißfiel,missfiel,orthography:wordlist
1Chr.21.8,53,56,53,57,daß,dass,orthography:wordlist
1Chr.21.12,88,91,88,92,daß,dass,orthography:wordlist
1Chr.21.14,52,55,52,56,daß,dass,orthography:wordlist
1Chr.21.17,49,52,49,53,daß,dass,orthography:wordlist
1Chr.21.17,188,191,189,193,laß,lass,orthography:wordlist
1Chr.21.18,61,64,61,65,daß,dass,orthography:wordlist
1Chr.21.22,83,86,83,87,daß,dass,orthography:wordlist
1Chr.21.28,30,33,30,34,daß,dass,orthography:wordlist
1Chr.22.3,122,125,122,126,daß,dass,orthography:wordlist
1Chr.22.5,118,121,118,122,daß,dass,orthography:wordlist
1Chr.22.11,40,43,40,44,daß,dass,orthography:wordlist
1Chr.22.12,120,123,120,124,daß,dass,orthography:wordlist
1Chr.22.19,143,146,143,147,daß,dass,orthography:wordlist
1Chr.23.13,71,74,71,75,daß,dass,orthography:wordlist
1Chr.23.13,136,139,137,141,daß,dass,orthography:wordlist
1Chr.24.4,46,49,46,50,daß,dass,orthography:wordlist
1Chr.24.4,159,162,160,164,daß,dass,orthography:wordlist
1Chr.28.4,87,90,87,91,daß,dass,orthography:wordlist
1Chr.28.4,280,283,281,285,daß,dass,orthography:wordlist
1Chr.28.5,110,113,110,114,daß,dass,orthography:wordlist
1Chr.28.8,178,181,178,182,daß,dass,orthography:wordlist
1Chr.29.14,41,44,41,45,daß,dass,orthography:wordlist
1Chr.29.17,21,24,21,25,daß,dass,orthography:wordlist
1Chr.29.19,67,70,67,71,daß,dass,orthography:wordlist
1Chr.29.19,156,159,157,161,daß,dass,orthography:wordlist
2Chr.1.9,3,6,3,7,laß,lass,orthography:wordlist
2Chr.1.10,40,43,40,44,daß,dass,orthography:wordlist
2Chr.1.14,61,64,61,65,daß,dass,orthography:wordlist
2Chr.1.15,22,25,22,26,daß,dass,orthography:wordlist
2Chr.2.2,123,126,123,127,daß,dass,orthography:wordlist
2Chr.2.5,124,127,124,128,daß,dass,orthography:wordlist
2Chr.2.7,93,96,93,97,daß,dass,orthography:wordlist
2Chr.2.11,211,214,211,215,daß,dass,orthography:wordlist
2Chr.2.13,22,27,22,27,eines,einer,grammar:Frau-determiner
2Chr.2.13,28,34,28,32,Weibes,Frau,word:Weib-Frau
2Chr.3.13,3,6,3,7,daß,dass,orthography:wordlist
2Chr.4.2,130,139,130,140,Meßschnur,Messschnur,orthography:wordlist
2Chr.4.3,169,172,169,173,Guß,Guss,orthography:wordlist
2Chr.4.5,111,116,111,117,faßte,fasste,orthography:wordlist
2Chr.4.18,90,93,90,94,daß,dass,orthography:wordlist
2Chr.5.6,131,134,131,135,daß,dass,orthography:wordlist
2Chr.5.9,32,35,32,36,daß,dass,orthography:wordlist
2Chr.5.13,228,231,228,232,daß,dass,orthography:wordlist
2Chr.5.14,3,6,3,7,daß,dass,orthography:wordlist
2Chr.6.5,134,137,134,138,daß,dass,orthography:wordlist
2Chr.6.5,197,200,198,202,daß,dass,orthography:wordlist
2Chr.6.6,33,36,33,37,daß,dass,orthography:wordlist
2Chr.6.6,89,92,90,94,daß,dass,orthography:wordlist
2Chr.6.8,44,47,44,48,Daß,Dass,orthography:wordlist
2Chr.6.8,130,133,131,135,daß,dass,orthography:wordlist
2Chr.6.16,247,250,247,251,daß,dass,orthography:wordlist
2Chr.6.17,29,32,29,33,laß,lass,orthography:wordlist
2Chr.6.19,93,96,93,97,daß,dass,orthography:wordlist
2Chr.6.20,5,8,5,9,daß,dass,orthography:wordlist
2Chr.6.20,83,86,84,88,daß,dass,orthography:wordlist
2Chr.6.20,125,128,127,131,daß,dass,orthography:wordlist
2Chr.6.23,47,50,47,51,daß,dass,orthography:wordlist
2Chr.6.26,34,37,34,38,daß,dass,orthography:wordlist
2Chr.6.27,95,98,95,99,daß,dass,orthography:wordlist
2Chr.6.31,13,16,13,17,daß,dass,orthography:wordlist
2Chr.6.33,112,115,112,116,daß,dass,orthography:wordlist
2Chr.6.33,215,218,216,220,daß,dass,orthography:wordlist
2Chr.6.36,137,140,137,141,daß,dass,orthography:wordlist
2Chr.6.40,3,6,3,7,laß,lass,orthography:wordlist
2Chr.6.41,84,87,84,88,Laß,Lass,orthography:wordlist
2Chr.7.2,5,8,5,9,daß,dass,orthography:wordlist
2Chr.7.3,213,216,213,217,daß,dass,orthography:wordlist
2Chr.7.6,164,167,164,168,daß,dass,orthography:wordlist
2Chr.7.13,48,51,48,52,daß,dass,orthography:wordlist
2Chr.7.16,48,51,48,52,daß,dass,orthography:wordlist
2Chr.7.21,0,3,0,4,daß,dass,orthography:wordlist
2Chr.8.11,128,132,128,133,Mein,Meine,grammar:Frau-determiner
2Chr.8.11,133,137,134,138,Weib,Frau,word:Weib-Frau
2Chr.9.2,77,80,77,81,daß,dass,orthography:wordlist
2Chr.9.8,56,59,56,60,daß,dass,orthography:wordlist
2Chr.9.8,227,230,228,232,daß,dass,orthography:wordlist
2Chr.9.27,22,25,22,26,daß,dass,orthography:wordlist
2Chr.10.6,154,157,154,158,daß,dass,orthography:wordlist
2Chr.10.9,39,42,39,43,daß,dass,orthography:wordlist
2Chr.10.16,26,29,26,30,daß,dass,orthography:wordlist
2Chr.10.17,3,6,3,7,daß,dass,orthography:wordlist
2Chr.11.14,150,153,150,154,daß,dass,orthography:wordlist
2Chr.12.2,15,18,15,19,daß,dass,orthography:wordlist
2Chr.12.7,23,26,23,27,daß,dass,orthography:wordlist
2Chr.12.7,207,210,208,212,daß,dass,orthography:wordlist
2Chr.12.12,71,74,71,75,daß,dass,orthography:wordlist
2Chr.12.13,241,244,241,245,daß,dass,orthography:wordlist
2Chr.13.5,18,21,18,22,daß,dass,orthography:wordlist
2Chr.13.11,205,208,205,209,daß,dass,orthography:wordlist
2Chr.13.12,88,91,88,92,daß,dass,orthography:wordlist
2Chr.13.13,66,69,66,70,daß,dass,orthography:wordlist
2Chr.13.17,5,8,5,9,daß,dass,orthography:wordlist
2Chr.13.20,3,6,3,7,daß,dass,orthography:wordlist
2Chr.13.20,97,100,98,102,daß,dass,orthography:wordlist
2Chr.14.11,52,55,52,56,daß,dass,orthography:wordlist
2Chr.14.12,108,111,108,112,daß,dass,orthography:wordlist
2Chr.15.7,28,32,28,33,laßt,lasst,orthography:wordlist
2Chr.15.8,103,109,103,109,Greuel,Gräuel,orthography:wordlist
2Chr.15.9,170,173,170,174,daß,dass,orthography:wordlist
2Chr.15.12,29,32,29,33,daß,dass,orthography:wordlist
2Chr.15.13,111,115,111,115,Weib,Frau,word:Weib-Frau
2Chr.15.16,50,53,50,54,daß,dass,orthography:wordlist
2Chr.16.3,186,189,186,190,daß,dass,orthography:wordlist
2Chr.17.5,85,88,85,89,daß,dass,orthography:wordlist
2Chr.17.7,112,115,112,116,daß,dass,orthography:wordlist
2Chr.17.10,91,94,91,95,daß,dass,orthography:wordlist
2Chr.18.6,69,72,69,73,daß,dass,orthography:wordlist
2Chr.18.12,149,152,149,153,laß,lass,orthography:wordlist
2Chr.18.15,38,41,38,42,muß,muss,orthography:wordlist
2Chr.18.15,63,66,64,68,daß,dass,orthography:wordlist
2Chr.18.19,76,79,76,80,daß,dass,orthography:wordlist
2Chr.18.32,47,50,47,51,daß,dass,orthography:wordlist
2Chr.20.25,164,167,164,168,daß,dass,orthography:wordlist
2Chr.20.29,79,82,79,83,daß,dass,orthography:wordlist
2Chr.21.7,148,151,148,152,daß,dass,orthography:wordlist
2Chr.21.17,151,154,151,155,daß,dass,orthography:wordlist
2Chr.22.3,94,97,94,98,daß,dass,orthography:wordlist
2Chr.22.6,36,39,36,40,daß,dass,orthography:wordlist
2Chr.22.7,44,47,44,48,daß,dass,orthography:wordlist
2Chr.22.10,42,45,42,46,daß,dass,orthography:wordlist
2Chr.22.11,252,255,252,255,das,die,grammar:Frau-determiner
2Chr.22.11,256,260,256,260,Weib,Frau,word:Weib-Frau
2Chr.22.11,330,333,330,334,daß,dass,orthography:wordlist
2Chr.23.13,281,287,281,288,zerriß,zerriss,orthography:wordlist
2Chr.23.16,68,71,68,72,daß,dass,orthography:wordlist
2Chr.24.6,109,112,109,113,daß,dass,orthography:wordlist
2Chr.24.8,21,24,21,25,daß,dass,orthography:wordlist
2Chr.24.9,45,48,45,49,daß,dass,orthography:wordlist
2Chr.24.11,115,118,115,119,daß,dass,orthography:wordlist
2Chr.24.11,304,307,305,309,daß,dass,orthography:wordlist
2Chr.24.13,52,55,52,56,daß,dass,orthography:wordlist
2Chr.24.20,75,78,75,79,daß,dass,orthography:wordlist
2Chr.25.7,53,56,53,57,laß,lass,orthography:wordlist
2Chr.25.8,31,34,31,35,daß,dass,orthography:wordlist
2Chr.25.12,146,149,146,150,daß,dass,orthography:wordlist
2Chr.25.13,59,62,59,63,daß,dass,orthography:wordlist
2Chr.25.16,200,203,200,204,daß,dass,orthography:wordlist
2Chr.25.18,196,199,196,199,zum,zur,grammar:Frau-determiner
2Chr.25.18,200,205,200,204,Weibe,Frau,word:Weib-Frau
2Chr.25.19,159,162,159,163,daß,dass,orthography:wordlist
2Chr.25.23,160,163,160,164,riß,riss,orthography:wordlist
2Chr.26.6,51,54,51,55,riß,riss,orthography:wordlist
2Chr.26.15,252,257,252,258,wußte,wusste,orthography:wordlist
2Chr.26.15,263,266,264,268,daß,dass,orthography:wordlist
2Chr.26.18,185,191,185,192,Verlaß,Verlass,orthography:wordlist
2Chr.27.2,111,114,111,115,daß,dass,orthography:wordlist
2Chr.27.5,81,84,81,85,daß,dass,orthography:wordlist
2Chr.28.3,91,98,91,98,Greueln,Gräueln,orthography:wordlist
2Chr.28.10,72,75,72,76,daß,dass,orthography:wordlist
2Chr.28.16,75,78,75,79,daß,dass,orthography:wordlist
2Chr.28.24,93,102,93,103,verschloß,verschloss,orthography:wordlist
2Chr.29.8,82,93,82,94,Mißhandlung,Misshandlung,orthography:wordlist
2Chr.29.8,123,126,124,128,daß,dass,orthography:wordlist
2Chr.29.9,110,116,110,116,Weiber,Frauen,word:Weib-Frau
2Chr.29.34,37,40,37,41,daß,dass,orthography:wordlist
2Chr.30.1,96,99,96,100,daß,dass,orthography:wordlist
2Chr.30.2,15,23,15,24,beschloß,beschloss,orthography:wordlist
2Chr.30.4,17,25,17,26,Beschluß,Beschluss,orthography:wordlist
2Chr.30.5,118,121,118,122,daß,dass,orthography:wordlist
2Chr.30.7,110,113,110,114,daß,dass,orthography:wordlist
2Chr.30.9,133,136,133,137,daß,dass,orthography:wordlist
2Chr.30.12,37,40,37,41,daß,dass,orthography:wordlist
2Chr.30.18,108,111,108,112,daß,dass,orthography:wordlist
2Chr.30.23,32,40,32,41,beschloß,beschloss,orthography:wordlist
2Chr.31.2,86,89,86,90,daß,dass,orthography:wordlist
2Chr.31.11,18,21,18,22,daß,dass,orthography:wordlist
2Chr.31.18,58,65,58,64,Weibern,Frauen,word:Weib-Frau
2Chr.32.2,21,24,21,25,daß,dass,orthography:wordlist
2Chr.32.3,0,8,0,9,beschloß,beschloss,orthography:wordlist
2Chr.32.5,7,12,7,13,faßte,fasste,orthography:wordlist
2Chr.32.14,145,148,145,149,daß,dass,orthography:wordlist
2Chr.32.21,150,153,150,154,daß,dass,orthography:wordlist
2Chr.32.23,3,6,3,7,daß,dass,orthography:wordlist
2Chr.32.26,40,43,40,44,daß,dass,orthography:wordlist
2Chr.32.30,48,55,48,56,Ausfluß,Ausfluss,orthography:wordlist
2Chr.33.2,58,65,58,65,Greueln,Gräueln,orthography:wordlist
2Chr.33.9,73,76,73,77,daß,dass,orthography:wordlist
2Chr.33.13,63,66,63,67,daß,dass,orthography:wordlist
2Chr.33.13,170,173,171,175,daß,dass,orthography:wordlist
2Chr.33.16,92,95,92,96,daß,dass,orthography:wordlist
2Chr.34.19,48,54,48,55,zerriß,zerriss,orthography:wordlist
2Chr.34.22,84,87,84,87,dem,der,grammar:Frau-determiner
2Chr.34.22,88,93,88,92,Weibe,Frau,word:Weib-Frau
2Chr.34.28,50,53,50,54,daß,dass,orthography:wordlist
2Chr.34.31,84,87,84,88,daß,dass,orthography:wordlist
2Chr.34.33,24,30,24,30,Greuel,Gräuel,orthography:wordlist
2Chr.35.6,74,77,74,78,daß,dass,orthography:wordlist
2Chr.35.14,210,216,210,217,mußten,mussten,orthography:wordlist
2Chr.35.21,227,230,227,231,Laß,Lass,orthography:wordlist
2Chr.36.8,60,66,60,66,Greuel,Gräuel,orthography:wordlist
2Chr.36.13,148,151,148,152,daß,dass,orthography:wordlist
2Chr.36.14,79,86,79,86,Greueln,Gräueln,orthography:wordlist
2Chr.36.16,152,155,152,156,daß,dass,orthography:wordlist
2Chr.36.19,153,156,153,157,daß,dass,orthography:wordlist
2Chr.36.22,192,195,192,196,daß,dass,orthography:wordlist
Ezra.1.1,189,192,189,193,daß,dass,orthography:wordlist
Ezra.2.61,142,145,142,146,ein,eine,grammar:Frau-determiner
Ezra.2.61,146,150,147,151,Weib,Frau,word:Weib-Frau
Ezra.3.7,113,116,113,117,daß,dass,orthography:wordlist
Ezra.3.11,53,56,53,57,daß,dass,orthography:wordlist
Ezra.3.11,82,85,83,87,daß,dass,orthography:wordlist
Ezra.3.11,193,196,195,199,daß,dass,orthography:wordlist
Ezra.3.13,5,8,5,9,daß,dass,orthography:wordlist
Ezra.3.13,142,145,143,147,daß,dass,orthography:wordlist
Ezra.4.1,53,56,53,57,daß,dass,orthography:wordlist
Ezra.4.3,108,111,108,112,daß,dass,orthography:wordlist
Ezra.4.4,15,18,15,19,daß,dass,orthography:wordlist
Ezra.4.12,23,26,23,27,daß,dass,orthography:wordlist
Ezra.4.12,166,169,167,171,daß,dass,orthography:wordlist
Ezra.4.13,27,30,27,31,daß,dass,orthography:wordlist
Ezra.4.15,134,137,134,138,daß,dass,orthography:wordlist
Ezra.4.15,224,227,225,229,daß,dass,orthography:wordlist
Ezra.4.16,54,57,54,58,daß,dass,orthography:wordlist
Ezra.4.19,31,34,31,35,daß,dass,orthography:wordlist
Ezra.4.19,74,77,75,79,daß,dass,orthography:wordlist
Ezra.4.19,143,146,145,149,daß,dass,orthography:wordlist
Ezra.4.21,21,24,21,25,daß,dass,orthography:wordlist
Ezra.4.22,26,29,26,30,daß,dass,orthography:wordlist
Ezra.5.5,72,75,72,76,daß,dass,orthography:wordlist
Ezra.5.8,20,23,20,24,daß,dass,orthography:wordlist
Ezra.5.15,104,107,104,108,laß,lass,orthography:wordlist
Ezra.6.1,46,49,46,50,daß,dass,orthography:wordlist
Ezra.6.2,36,42,36,43,Schloß,Schloss,orthography:wordlist
Ezra.6.11,43,46,43,47,daß,dass,orthography:wordlist
Ezra.6.20,73,76,73,77,daß,dass,orthography:wordlist
Ezra.6.22,172,175,172,176,daß,dass,orthography:wordlist
Ezra.7.1,103,106,103,107,daß,dass,orthography:wordlist
Ezra.7.6,0,3,0,4,daß,dass,orthography:wordlist
Ezra.7.13,32,35,32,36,daß,dass,orthography:wordlist
Ezra.7.21,83,86,83,87,daß,dass,orthography:wordlist
Ezra.7.24,22,25,22,26,daß,dass,orthography:wordlist
Ezra.7.28,116,121,116,122,faßte,fasste,orthography:wordlist
Ezra.7.28,225,228,226,230,daß,dass,orthography:wordlist
Ezra.8.15,40,44,40,45,Fluß,Fluss,orthography:wordlist
Ezra.8.21,34,38,34,39,Fluß,Fluss,orthography:wordlist
Ezra.8.21,66,69,67,71,daß,dass,orthography:wordlist
Ezra.9.1,197,203,197,203,Greuel,Gräuel,orthography:wordlist
Ezra.9.3,27,33,27,34,zerriß,zerriss,orthography:wordlist
Ezra.9.9,147,150,147,151,daß,dass,orthography:wordlist
Ezra.9.9,256,259,257,261,daß,dass,orthography:wordlist
Ezra.9.11,197,203,197,203,Greuel,Gräuel,orthography:wordlist
Ezra.9.14,76,82,76,82,Greuel,Gräuel,orthography:wordlist
Ezra.9.14,157,160,157,161,daß,dass,orthography:wordlist
Ezra.10.2,128,131,128,132,daß,dass,orthography:wordlist
Ezra.10.3,50,53,50,54,daß,dass,orthography:wordlist
Ezra.10.3,190,193,191,195,daß,dass,orthography:wordlist
Ezra.10.5,102,105,102,106,daß,dass,orthography:wordlist
Ezra.10.7,54,57,54,58,daß,dass,orthography:wordlist
Ezra.10.14,0,4,0,5,Laßt,Lasst,orthography:wordlist
Ezra.10.19,28,31,28,32,daß,dass,orthography:wordlist
Neh.1.1,108,111,108,112,daß,dass,orthography:wordlist
Neh.1.6,0,3,0,4,Laß,Lass,orthography:wordlist
Neh.1.6,59,62,60,64,daß,dass,orthography:wordlist
Neh.1.7,48,51,48,52,daß,dass,orthography:wordlist
Neh.1.9,222,225,222,226,daß,dass,orthography:wordlist
Neh.1.11,11,14,11,15,laß,lass,orthography:wordlist
Neh.1.11,153,156,154,158,laß,lass,orthography:wordlist
Neh.2.5,185,188,185,189,daß,dass,orthography:wordlist
Neh.2.7,121,124,121,125,daß,dass,orthography:wordlist
Neh.2.8,56,59,56,60,daß,dass,orthography:wordlist
Neh.2.10,88,95,88,96,verdroß,verdross,orthography:wordlist
Neh.2.10,109,112,110,114,daß,dass,orthography:wordlist
Neh.2.16,19,25,19,26,wußten,wussten,orthography:wordlist
Neh.2.17,144,148,144,149,laßt,lasst,orthography:wordlist
Neh.2.17,192,195,193,197,daß,dass,orthography:wordlist
Neh.3.33,26,29,26,30,daß,dass,orthography:wordlist
Neh.3.36,55,58,55,59,laß,lass,orthography:wordlist
Neh.3.37,35,38,35,39,laß,lass,orthography:wordlist
Neh.3.38,47,53,47,54,schloß,schloss,orthography:wordlist
Neh.4.1,74,77,74,78,daß,dass,orthography:wordlist
Neh.4.1,139,142,140,144,daß,dass,orthography:wordlist
Neh.4.2,62,65,62,66,daß,dass,orthography:wordlist
Neh.4.9,30,33,30,34,daß,dass,orthography:wordlist
Neh.4.10,33,36,33,37,daß,dass,orthography:wordlist
Neh.4.16,102,105,102,106,daß,dass,orthography:wordlist
Neh.5.2,105,108,105,109,daß,dass,orthography:wordlist
Neh.5.4,86,89,86,90,daß,dass,orthography:wordlist
Neh.5.8,153,156,153,157,daß,dass,orthography:wordlist
Neh.5.12,169,172,169,173,daß,dass,orthography:wordlist
Neh.5.16,57,60,57,61,daß,dass,orthography:wordlist
Neh.5.16,108,114,109,116,mußten,mussten,orthography:wordlist
Neh.6.1,91,94,91,95,daß,dass,orthography:wordlist
Neh.6.1,126,129,127,131,daß,dass,orthography:wordlist
Neh.6.2,68,71,68,72,laß,lass,orthography:wordlist
Neh.6.6,45,48,45,49,daß,dass,orthography:wordlist
Neh.6.13,23,26,23,27,daß,dass,orthography:wordlist
Neh.6.16,126,129,126,130,daß,dass,orthography:wordlist
Neh.7.63,140,143,140,144,ein,eine,grammar:Frau-determiner
Neh.7.63,144,148,145,149,Weib,Frau,word:Weib-Frau
Neh.7.65,33,36,33,37,daß,dass,orthography:wordlist
Neh.8.1,142,145,142,146,daß,dass,orthography:wordlist
Neh.8.8,89,92,89,93,daß,dass,orthography:wordlist
Neh.8.13,133,136,133,137,daß,dass,orthography:wordlist
Neh.8.14,85,88,85,89,daß,dass,orthography:wordlist
Neh.8.15,230,233,230,234,daß,dass,orthography:wordlist
Neh.9.10,112,119,112,120,wußtest,wusstest,orthography:wordlist
Neh.9.10,126,129,127,131,daß,dass,orthography:wordlist
Neh.9.16,63,66,63,67,daß,dass,orthography:wordlist
Neh.9.21,70,73,70,74,daß,dass,orthography:wordlist
Neh.9.22,79,82,79,83,daß,dass,orthography:wordlist
Neh.9.23,133,136,133,137,daß,dass,orthography:wordlist
Neh.9.24,192,195,192,196,daß,dass,orthography:wordlist
Neh.9.29,40,43,40,44,daß,dass,orthography:wordlist
Neh.10.31,4,7,4,8,daß,dass,orthography:wordlist
Neh.10.32,4,7,4,8,daß,dass,orthography:wordlist
Neh.10.32,164,167,165,169,daß,dass,orthography:wordlist
Neh.10.35,93,96,93,97,daß,dass,orthography:wordlist
Neh.10.36,5,8,5,9,daß,dass,orthography:wordlist
Neh.10.37,139,142,139,143,daß,dass,orthography:wordlist
Neh.10.38,5,8,5,9,daß,dass,orthography:wordlist
Neh.10.38,225,228,226,230,daß,dass,orthography:wordlist
Neh.12.43,126,129,126,130,daß,dass,orthography:wordlist
Neh.13.1,109,112,109,113,daß,dass,orthography:wordlist
Neh.13.3,43,46,43,47,daß,dass,orthography:wordlist
Neh.13.8,8,15,8,16,mißfiel,missfiel,orthography:wordlist
Neh.13.10,17,20,17,21,daß,dass,orthography:wordlist
Neh.13.10,74,77,75,79,daß,dass,orthography:wordlist
Neh.13.15,23,26,23,27,daß,dass,orthography:wordlist
Neh.13.27,8,11,8,12,muß,muss,orthography:wordlist
Neh.13.27,36,39,37,41,daß,dass,orthography:wordlist
Neh.13.27,110,113,112,116,daß,dass,orthography:wordlist
Esth.1.3,35,38,35,39,daß,dass,orthography:wordlist
Esth.1.8,114,117,114,118,daß,dass,orthography:wordlist
Esth.1.15,64,67,64,68,daß,dass,orthography:wordlist
Esth.1.17,68,71,68,72,daß,dass,orthography:wordlist
Esth.1.18,167,174,167,175,Verdruß,Verdruss,orthography:wordlist
Esth.1.19,170,173,170,174,daß,dass,orthography:wordlist
Esth.1.19,237,240,238,242,daß,dass,orthography:wordlist
Esth.1.22,140,143,140,144,daß,dass,orthography:wordlist
Esth.2.3,133,139,133,140,Schloß,Schloss,orthography:wordlist
Esth.2.5,34,40,34,41,Schloß,Schloss,orthography:wordlist
Esth.2.8,91,97,91,98,Schloß,Schloss,orthography:wordlist
Esth.2.9,78,81,78,82,daß,dass,orthography:wordlist
Esth.3.4,184,187,184,188,daß,dass,orthography:wordlist
Esth.3.5,19,22,19,23,daß,dass,orthography:wordlist
Esth.3.8,253,256,253,257,daß,dass,orthography:wordlist
Esth.3.9,47,50,47,51,daß,dass,orthography:wordlist
Esth.3.13,86,89,86,90,daß,dass,orthography:wordlist
Esth.3.13,268,271,269,273,daß,dass,orthography:wordlist
Esth.3.14,97,100,97,101,daß,dass,orthography:wordlist
Esth.4.1,51,57,51,58,zerriß,zerriss,orthography:wordlist
Esth.4.11,75,78,75,79,daß,dass,orthography:wordlist
Esth.4.11,148,152,149,153,Weib,Frau,word:Weib-Frau
Esth.4.11,209,212,210,214,muß,muss,orthography:wordlist
Esth.4.11,227,230,229,233,daß,dass,orthography:wordlist
Esth.4.13,61,64,61,65,daß,dass,orthography:wordlist
Esth.5.5,32,35,32,36,daß,dass,orthography:wordlist
Esth.5.10,88,92,88,93,sein,seine,grammar:Frau-determiner
Esth.5.10,93,97,94,98,Weib,Frau,word:Weib-Frau
Esth.5.14,12,16,12,17,sein,seine,grammar:Frau-determiner
Esth.5.14,17,21,18,22,Weib,Frau,word:Weib-Frau
Esth.5.14,140,143,141,145,daß,dass,orthography:wordlist
Esth.6.2,14,17,14,18,daß,dass,orthography:wordlist
Esth.6.2,71,74,72,76,daß,dass,orthography:wordlist
Esth.6.13,19,25,19,25,seinem,seiner,grammar:Frau-determiner
Esth.6.13,26,31,26,30,Weibe,Frau,word:Weib-Frau
Esth.6.13,122,126,121,126,sein,seine,grammar:Frau-determiner
Esth.6.13,127,131,127,131,Weib,Frau,word:Weib-Frau
Esth.7.7,166,169,166,170,daß,dass,orthography:wordlist
Esth.8.3,88,91,88,92,daß,dass,orthography:wordlist
Esth.8.5,134,137,134,138,daß,dass,orthography:wordlist
Esth.8.13,112,115,112,116,daß,dass,orthography:wordlist
Esth.8.14,163,169,163,170,Schloß,Schloss,orthography:wordlist
Esth.8.17,153,156,153,157,daß,dass,orthography:wordlist
Esth.9.1,231,234,231,235,daß,dass,orthography:wordlist
Esth.9.21,27,30,27,31,daß,dass,orthography:wordlist
Esth.9.22,158,161,158,162,daß,dass,orthography:wordlist
Esth.9.24,75,81,75,82,gefaßt,gefasst,orthography:wordlist
Esth.9.25,24,27,24,28,daß,dass,orthography:wordlist
Esth.9.25,61,64,62,66,daß,dass,orthography:wordlist
Esth.9.25,188,191,190,194,daß,dass,orthography:wordlist
Esth.9.27,122,125,122,126,daß,dass,orthography:wordlist
Esth.9.28,132,135,132,136,daß,dass,orthography:wordlist
Job.1.3,123,126,123,127,daß,dass,orthography:wordlist
Job.1.6,86,89,86,90,daß,dass,orthography:wordlist
Job.1.11,69,72,69,73,laß,lass,orthography:wordlist
Job.1.16,176,179,176,180,daß,dass,orthography:wordlist
Job.1.19,113,116,113,117,daß,dass,orthography:wordlist
Job.1.19,210,213,211,215,daß,dass,orthography:wordlist
Job.1.20,22,28,22,29,zerriß,zerriss,orthography:wordlist
Job.2.8,5,8,5,9,daß,dass,orthography:wordlist
Job.2.9,10,14,10,15,sein,seine,grammar:Frau-determiner
Job.2.9,15,19,16,20,Weib,Frau,word:Weib-Frau
Job.2.10,38,41,38,42,ein,eine,grammar:Frau-determiner
Job.2.10,42,51,43,51,törichtes,törichte,grammar:Frau-adjective
Job.2.10,52,56,52,56,Weib,Frau,word:Weib-Frau
Job.2.13,133,136,133,137,daß,dass,orthography:wordlist
Job.3.10,34,43,34,44,verschloß,verschloss,orthography:wordlist
Job.3.12,47,50,47,51,daß,dass,orthography:wordlist
Job.3.20,6,10,6,11,läßt,lässt,orthography:wordlist
Job.4.19,0,7,0,8,wieviel,wie viel,orthography:wordlist
Job.5.6,59,65,59,66,sproßt,sprosst,orthography:wordlist
Job.5.12,50,53,50,54,daß,dass,orthography:wordlist
Job.5.16,0,3,0,4,daß,dass,orthography:wordlist
Job.5.16,25,29,26,31,faßt,fasst,orthography:wordlist
Job.5.24,28,31,28,32,daß,dass,orthography:wordlist
Job.5.25,19,22,19,23,daß,dass,orthography:wordlist
Job.5.25,58,68,59,70,Sprößlinge,Sprösslinge,orthography:wordlist
Job.6.2,2,5,2,6,daß,dass,orthography:wordlist
Job.6.8,2,5,2,6,daß,dass,orthography:wordlist
Job.6.9,0,3,0,4,daß,dass,orthography:wordlist
Job.6.10,87,90,87,91,daß,dass,orthography:wordlist
Job.6.11,31,34,31,35,daß,dass,orthography:wordlist
Job.6.11,81,84,82,86,daß,dass,orthography:wordlist
Job.7.7,9,12,9,13,daß,dass,orthography:wordlist
Job.7.7,39,42,40,44,daß,dass,orthography:wordlist
Job.7.12,42,45,42,46,daß,dass,orthography:wordlist
Job.7.15,3,6,3,7,daß,dass,orthography:wordlist
Job.7.16,49,52,49,53,laß,lass,orthography:wordlist
Job.7.17,20,23,20,24,daß,dass,orthography:wordlist
Job.7.19,79,82,79,83,daß,dass,orthography:wordlist
Job.7.20,110,113,110,114,daß,dass,orthography:wordlist
Job.8.18,69,75,69,76,bewußt,bewusst,orthography:wordlist
Job.8.18,77,80,78,82,daß,dass,orthography:wordlist
Job.8.21,4,7,4,8,daß,dass,orthography:wordlist
Job.8.22,0,3,0,4,daß,dass,orthography:wordlist
Job.9.2,22,25,22,26,daß,dass,orthography:wordlist
Job.9.5,43,46,43,47,daß,dass,orthography:wordlist
Job.9.6,34,37,34,38,daß,dass,orthography:wordlist
Job.9.15,65,70,65,71,müßte,müsste,orthography:wordlist
Job.9.16,56,59,56,60,daß,dass,orthography:wordlist
Job.9.18,3,7,3,8,läßt,lässt,orthography:wordlist
Job.9.28,3,6,3,7,muß,muss,orthography:wordlist
Job.9.28,59,62,60,64,daß,dass,orthography:wordlist
Job.9.31,55,58,55,59,daß,dass,orthography:wordlist
Job.9.32,36,39,36,40,daß,dass,orthography:wordlist
Job.9.32,66,69,67,71,daß,dass,orthography:wordlist
Job.10.6,0,3,0,4,daß,dass,orthography:wordlist
Job.10.7,18,21,18,22,daß,dass,orthography:wordlist
Job.10.9,23,26,23,27,daß,dass,orthography:wordlist
Job.10.13,54,57,54,58,daß,dass,orthography:wordlist
Job.10.13,89,92,90,94,daß,dass,orthography:wordlist
Job.10.15,136,139,136,140,muß,muss,orthography:wordlist
Job.10.18,86,89,86,90,daß,dass,orthography:wordlist
Job.10.20,75,78,75,79,daß,dass,orthography:wordlist
Job.11.3,73,76,73,77,daß,dass,orthography:wordlist
Job.11.5,2,5,2,6,daß,dass,orthography:wordlist
Job.11.6,4,7,4,8,daß,dass,orthography:wordlist
Job.11.6,119,122,120,124,daß,dass,orthography:wordlist
Job.11.11,82,88,82,89,bewußt,bewusst,orthography:wordlist
Job.11.12,43,46,43,47,daß,dass,orthography:wordlist
Job.11.18,68,71,68,72,daß,dass,orthography:wordlist
Job.12.3,79,84,79,85,wüßte,wüsste,orthography:wordlist
Job.12.9,23,28,23,29,wüßte,wüsste,orthography:wordlist
Job.12.9,36,39,37,41,daß,dass,orthography:wordlist
Job.12.10,0,3,0,4,daß,dass,orthography:wordlist
Job.12.15,47,51,47,52,läßt,lässt,orthography:wordlist
Job.12.24,59,63,59,64,läßt,lässt,orthography:wordlist
Job.13.5,2,5,2,6,daß,dass,orthography:wordlist
Job.13.13,31,35,31,36,laßt,lasst,orthography:wordlist
Job.13.18,57,60,57,61,daß,dass,orthography:wordlist
Job.14.1,12,15,12,19,vom,von der,grammar:Frau-determiner
Job.14.1,16,21,20,24,Weibe,Frau,word:Weib-Frau
Job.14.6,31,34,31,35,laß,lass,orthography:wordlist
Job.14.7,66,72,66,73,sproßt,sprosst,orthography:wordlist
Job.14.7,93,102,94,104,Schößling,Schössling,orthography:wordlist
Job.14.13,2,5,2,6,daß,dass,orthography:wordlist
Job.14.13,43,46,44,48,daß,dass,orthography:wordlist
Job.14.13,94,97,96,100,daß,dass,orthography:wordlist
Job.15.9,28,34,28,35,wüßten,wüssten,orthography:wordlist
Job.15.13,0,3,0,4,daß,dass,orthography:wordlist
Job.15.14,39,42,39,46,vom,von der,grammar:Frau-determiner
Job.15.14,43,48,47,51,Weibe,Frau,word:Weib-Frau
Job.15.22,23,26,23,27,daß,dass,orthography:wordlist
Job.15.23,51,54,51,55,daß,dass,orthography:wordlist
Job.15.30,59,69,59,70,Sprößlinge,Sprösslinge,orthography:wordlist
Job.15.34,56,61,56,62,frißt,frisst,orthography:wordlist
Job.16.17,7,10,7,11,daß,dass,orthography:wordlist
Job.16.21,0,3,0,4,daß,dass,orthography:wordlist
Job.17.2,37,40,37,41,muß,muss,orthography:wordlist
Job.17.6,55,58,55,59,muß,muss,orthography:wordlist
Job.17.13,21,24,21,25,daß,dass,orthography:wordlist
Job.17.13,104,107,105,109,muß,muss,orthography:wordlist
Job.17.14,23,26,23,27,muß,muss,orthography:wordlist
Job.18.13,21,26,21,27,frißt,frisst,orthography:wordlist
Job.18.19,5,10,5,11,Sproß,Spross,orthography:wordlist
Job.19.3,71,81,71,82,mißhandeln,misshandeln,orthography:wordlist
Job.19.6,18,21,18,22,daß,dass,orthography:wordlist
Job.19.10,49,52,49,53,daß,dass,orthography:wordlist
Job.19.16,64,67,64,68,muß,muss,orthography:wordlist
Job.19.17,14,20,14,20,meinem,meiner,grammar:Frau-determiner
Job.19.17,21,26,21,25,Weibe,Frau,word:Weib-Frau
Job.19.23,2,5,2,6,daß,dass,orthography:wordlist
Job.19.23,41,44,42,46,daß,dass,orthography:wordlist
Job.19.24,0,3,0,4,daß,dass,orthography:wordlist
Job.19.25,10,13,10,14,daß,dass,orthography:wordlist
Job.19.29,96,99,96,100,daß,dass,orthography:wordlist
Job.20.3,32,35,32,36,muß,muss,orthography:wordlist
Job.20.4,25,28,25,29,daß,dass,orthography:wordlist
Job.20.12,42,45,42,46,daß,dass,orthography:wordlist
Job.20.13,0,3,0,4,daß,dass,orthography:wordlist
Job.20.15,22,25,22,26,muß,muss,orthography:wordlist
Job.20.18,14,17,14,18,muß,muss,orthography:wordlist
Job.20.20,11,16,11,17,wußte,wusste,orthography:wordlist
Job.20.21,22,30,22,31,Freßgier,Fressgier,orthography:wordlist
Job.20.22,17,25,17,26,Überfluß,Überfluss,orthography:wordlist
Job.20.26,111,116,111,117,frißt,frisst,orthography:wordlist
Job.20.28,40,43,40,44,muß,muss,orthography:wordlist
Job.21.3,14,17,14,18,daß,dass,orthography:wordlist
Job.21.6,57,63,57,64,erfaßt,erfasst,orthography:wordlist
Job.21.8,43,53,43,54,Sprößlinge,Sprösslinge,orthography:wordlist
Job.21.19,99,102,99,103,daß,dass,orthography:wordlist
Job.21.30,0,3,0,4,daß,dass,orthography:wordlist
Job.22.14,27,30,27,31,daß,dass,orthography:wordlist
Job.23.3,2,5,2,6,daß,dass,orthography:wordlist
Job.23.3,10,15,11,17,wüßte,wüsste,orthography:wordlist
Job.23.6,54,59,54,60,gewiß,gewiss,orthography:wordlist
Job.23.17,0,3,0,4,Daß,Dass,orthography:wordlist
Job.24.5,95,98,95,99,muß,muss,orthography:wordlist
Job.24.10,28,32,28,33,läßt,lässt,orthography:wordlist
Job.24.23,34,41,34,42,verläßt,verlässt,orthography:wordlist
Job.25.4,84,87,84,91,vom,von der,grammar:Frau-determiner
Job.25.4,88,93,92,96,Weibe,Frau,word:Weib-Frau
Job.26.5,32,38,32,39,erfaßt,erfasst,orthography:wordlist
Job.27.5,31,34,31,35,daß,dass,orthography:wordlist
Job.27.22,55,58,55,59,muß,muss,orthography:wordlist
Job.29.6,73,76,73,77,goß,goss,orthography:wordlist
Job.29.17,48,51,48,52,riß,riss,orthography:wordlist
Job.30.22,59,62,59,63,daß,dass,orthography:wordlist
Job.30.23,15,18,15,19,daß,dass,orthography:wordlist
Job.30.25,0,3,0,4,daß,dass,orthography:wordlist
Job.31.3,64,75,64,76,Mißgeschick,Missgeschick,orthography:wordlist
Job.31.5,3,6,3,7,daß,dass,orthography:wordlist
Job.31.9,39,44,39,44,einem,einer,grammar:Frau-determiner
Job.31.9,45,50,45,49,Weibe,Frau,word:Weib-Frau
Job.31.10,8,12,8,13,mein,meine,grammar:Frau-determiner
Job.31.10,13,17,14,18,Weib,Frau,word:Weib-Frau
Job.31.12,86,91,86,92,müßte,müsste,orthography:wordlist
Job.31.21,59,62,59,63,daß,dass,orthography:wordlist
Job.31.27,51,54,51,55,daß,dass,orthography:wordlist
Job.31.30,58,61,58,62,daß,dass,orthography:wordlist
Job.31.33,50,53,50,54,daß,dass,orthography:wordlist
Job.31.34,92,95,92,96,daß,dass,orthography:wordlist
Job.31.34,110,115,111,117,mußte,musste,orthography:wordlist
Job.31.35,2,5,2,6,daß,dass,orthography:wordlist
Job.32.5,20,23,20,24,daß,dass,orthography:wordlist
Job.33.12,44,47,44,48,muß,muss,orthography:wordlist
Job.33.18,0,3,0,4,daß,dass,orthography:wordlist
Job.33.18,62,65,63,67,daß,dass,orthography:wordlist
Job.33.18,85,92,87,95,Geschoß,Geschoss,orthography:wordlist
Job.33.20,0,3,0,4,daß,dass,orthography:wordlist
Job.33.24,56,59,56,60,daß,dass,orthography:wordlist
Job.33.28,27,30,27,31,daß,dass,orthography:wordlist
Job.33.28,71,74,72,76,daß,dass,orthography:wordlist
Job.33.30,0,3,0,4,daß,dass,orthography:wordlist
Job.34.11,57,61,57,62,läßt,lässt,orthography:wordlist
Job.34.17,33,37,33,38,haßt,hasst,orthography:wordlist
Job.34.19,0,7,0,8,wieviel,wie viel,orthography:wordlist
Job.34.27,0,3,0,4,daß,dass,orthography:wordlist
Job.34.31,28,31,28,32,muß,muss,orthography:wordlist
Job.34.33,69,73,69,74,mußt,musst,orthography:wordlist
Job.36.6,14,18,14,19,läßt,lässt,orthography:wordlist
Job.37.3,3,7,3,8,läßt,lässt,orthography:wordlist
Job.37.6,46,50,46,51,läßt,lässt,orthography:wordlist
Job.37.15,87,91,87,92,läßt,lässt,orthography:wordlist
Job.37.18,33,36,33,37,daß,dass,orthography:wordlist
Job.37.20,26,29,26,30,daß,dass,orthography:wordlist
Job.38.5,59,68,59,69,Meßschnur,Messschnur,orthography:wordlist
Job.38.13,0,3,0,4,daß,dass,orthography:wordlist
Job.38.20,0,3,0,4,daß,dass,orthography:wordlist
Job.38.34,59,62,59,63,daß,dass,orthography:wordlist
Job.38.35,28,31,28,32,daß,dass,orthography:wordlist
Job.38.38,0,3,0,4,daß,dass,orthography:wordlist
Job.39.10,47,50,47,51,daß,dass,orthography:wordlist
Job.39.12,21,24,21,25,daß,dass,orthography:wordlist
Job.39.14,10,18,10,19,überläßt,überlässt,orthography:wordlist
Job.39.14,42,46,43,48,läßt,lässt,orthography:wordlist
Job.39.15,22,29,22,30,vergißt,vergisst,orthography:wordlist
Job.39.15,31,34,32,36,daß,dass,orthography:wordlist
Job.39.18,63,66,63,67,Roß,Ross,orthography:wordlist
Job.39.19,21,24,21,25,Roß,Ross,orthography:wordlist
Job.39.20,44,47,44,48,daß,dass,orthography:wordlist
Job.39.26,24,27,24,28,daß,dass,orthography:wordlist
Job.40.14,33,36,33,37,daß,dass,orthography:wordlist
Job.40.15,62,67,62,68,frißt,frisst,orthography:wordlist
Job.40.28,47,50,47,51,daß,dass,orthography:wordlist
Job.41.2,21,24,21,25,daß,dass,orthography:wordlist
Job.41.3,27,30,27,31,daß,dass,orthography:wordlist
Job.41.5,75,80,75,81,Gebiß,Gebiss,orthography:wordlist
Job.41.8,40,43,40,44,daß,dass,orthography:wordlist
Job.42.2,13,16,13,17,daß,dass,orthography:wordlist
Job.42.3,19,28,19,29,Ratschluß,Ratschluss,orthography:wordlist
Job.42.8,211,214,211,215,daß,dass,orthography:wordlist
Job.42.15,47,53,47,53,Weiber,Frauen,word:Weib-Frau
Ps.2.7,22,31,22,32,Ratschluß,Ratschluss,orthography:wordlist
Ps.2.12,17,20,17,21,daß,dass,orthography:wordlist
Ps.4.4,15,18,15,19,daß,dass,orthography:wordlist
Ps.5.11,29,32,29,33,laß,lass,orthography:wordlist
Ps.5.12,5,8,5,9,laß,lass,orthography:wordlist
Ps.5.12,60,63,61,65,laß,lass,orthography:wordlist
Ps.7.3,0,3,0,4,Daß,Dass,orthography:wordlist
Ps.7.10,0,3,0,4,Laß,Lass,orthography:wordlist
Ps.8.2,80,83,80,84,daß,dass,orthography:wordlist
Ps.8.5,20,23,20,24,daß,dass,orthography:wordlist
Ps.8.5,67,70,68,72,daß,dass,orthography:wordlist
Ps.9.4,7,10,7,11,daß,dass,orthography:wordlist
Ps.9.4,39,42,40,44,daß,dass,orthography:wordlist
Ps.9.13,58,65,58,66,vergißt,vergisst,orthography:wordlist
Ps.9.15,4,7,4,8,daß,dass,orthography:wordlist
Ps.9.15,67,70,68,72,daß,dass,orthography:wordlist
Ps.9.20,19,22,19,23,daß,dass,orthography:wordlist
Ps.9.20,61,64,62,66,daß,dass,orthography:wordlist
Ps.9.21,34,37,34,38,daß,dass,orthography:wordlist
Ps.9.21,59,62,60,64,daß,dass,orthography:wordlist
Ps.10.6,80,83,80,84,daß,dass,orthography:wordlist
Ps.10.9,69,72,69,73,daß,dass,orthography:wordlist
Ps.10.12,54,60,54,61,Vergiß,Vergiss,orthography:wordlist
Ps.10.14,118,126,118,127,überläßt,überlässt,orthography:wordlist
Ps.10.18,0,3,0,4,daß,dass,orthography:wordlist
Ps.10.18,56,59,57,61,daß,dass,orthography:wordlist
Ps.11.5,75,79,75,80,haßt,hasst,orthography:wordlist
Ps.11.6,3,7,3,8,läßt,lässt,orthography:wordlist
Ps.13.4,69,72,69,73,daß,dass,orthography:wordlist
Ps.13.5,0,3,0,4,daß,dass,orthography:wordlist
Ps.13.7,27,30,27,31,daß,dass,orthography:wordlist
Ps.14.1,109,118,109,118,greuliche,gräuliche,orthography:wordlist
Ps.14.2,51,54,51,55,daß,dass,orthography:wordlist
Ps.14.5,49,52,49,53,daß,dass,orthography:wordlist
Ps.14.7,5,8,5,9,daß,dass,orthography:wordlist
Ps.16.6,4,13,4,14,Meßschnur,Messschnur,orthography:wordlist
Ps.16.10,83,86,83,87,daß,dass,orthography:wordlist
Ps.17.3,96,99,96,100,daß,dass,orthography:wordlist
Ps.17.5,44,47,44,48,daß,dass,orthography:wordlist
Ps.18.37,32,35,32,36,daß,dass,orthography:wordlist
Ps.18.39,24,27,24,28,daß,dass,orthography:wordlist
Ps.19.14,48,51,48,52,daß,dass,orthography:wordlist
Ps.19.15,0,3,0,4,Laß,Lass,orthography:wordlist
Ps.20.7,23,26,23,27,daß,dass,orthography:wordlist
Ps.20.7,60,63,61,65,daß,dass,orthography:wordlist
Ps.21.13,16,19,16,20,daß,dass,orthography:wordlist
Ps.22.32,97,100,97,101,daß,dass,orthography:wordlist
Ps.24.7,76,79,76,80,daß,dass,orthography:wordlist
Ps.24.9,74,77,74,78,daß,dass,orthography:wordlist
Ps.25.2,31,34,31,35,laß,lass,orthography:wordlist
Ps.25.2,65,68,66,70,daß,dass,orthography:wordlist
Ps.25.15,48,51,48,52,daß,dass,orthography:wordlist
Ps.25.20,36,39,36,40,laß,lass,orthography:wordlist
Ps.27.4,73,76,73,77,daß,dass,orthography:wordlist
Ps.27.8,24,27,24,28,daß,dass,orthography:wordlist
Ps.27.9,136,142,136,143,verlaß,verlass,orthography:wordlist
Ps.27.13,35,38,35,39,daß,dass,orthography:wordlist
Ps.28.1,70,73,70,74,daß,dass,orthography:wordlist
Ps.28.3,0,3,0,4,Laß,Lass,orthography:wordlist
Ps.30.2,64,67,64,68,daß,dass,orthography:wordlist
Ps.30.4,102,105,102,106,daß,dass,orthography:wordlist
Ps.30.13,4,7,4,8,daß,dass,orthography:wordlist
Ps.31.2,45,48,45,49,laß,lass,orthography:wordlist
Ps.31.5,0,3,0,4,Laß,Lass,orthography:wordlist
Ps.31.8,46,49,46,50,daß,dass,orthography:wordlist
Ps.31.17,0,3,0,4,Laß,Lass,orthography:wordlist
Ps.31.18,15,18,15,19,laß,lass,orthography:wordlist
Ps.32.4,50,53,50,54,daß,dass,orthography:wordlist
Ps.32.9,72,77,72,78,Gebiß,Gebiss,orthography:wordlist
Ps.32.9,86,89,87,91,muß,muss,orthography:wordlist
Ps.33.17,4,7,4,8,Roß,Ross,orthography:wordlist
Ps.33.19,0,3,0,4,daß,dass,orthography:wordlist
Ps.34.14,56,59,56,60,daß,dass,orthography:wordlist
Ps.34.17,53,56,53,57,daß,dass,orthography:wordlist
Ps.34.20,13,16,13,17,muß,muss,orthography:wordlist
Ps.34.21,35,38,35,39,daß,dass,orthography:wordlist
Ps.35.8,97,100,97,101,daß,dass,orthography:wordlist
Ps.35.24,65,68,65,69,daß,dass,orthography:wordlist
Ps.35.25,0,3,0,4,daß,dass,orthography:wordlist
Ps.36.3,48,51,48,52,daß,dass,orthography:wordlist
Ps.36.3,77,80,78,82,daß,dass,orthography:wordlist
Ps.36.8,38,41,38,42,daß,dass,orthography:wordlist
Ps.37.8,22,25,22,26,laß,lass,orthography:wordlist
Ps.37.13,56,59,56,60,daß,dass,orthography:wordlist
Ps.37.16,54,62,54,63,Überfluß,Überfluss,orthography:wordlist
Ps.37.28,37,44,37,45,verläßt,verlässt,orthography:wordlist
Ps.37.33,56,60,56,61,läßt,lässt,orthography:wordlist
Ps.37.34,74,77,74,78,daß,dass,orthography:wordlist
Ps.38.22,9,15,9,16,Verlaß,Verlass,orthography:wordlist
Ps.39.2,58,61,58,62,daß,dass,orthography:wordlist
Ps.39.4,81,86,81,87,mußte,musste,orthography:wordlist
Ps.39.14,20,23,20,24,daß,dass,orthography:wordlist
Ps.40.3,133,138,133,139,gewiß,gewiss,orthography:wordlist
Ps.40.13,78,81,78,82,daß,dass,orthography:wordlist
Ps.40.14,15,18,15,19,laß,lass,orthography:wordlist
Ps.41.4,61,64,61,65,daß,dass,orthography:wordlist
Ps.41.6,57,60,57,61,daß,dass,orthography:wordlist
Ps.41.12,19,22,19,23,daß,dass,orthography:wordlist
Ps.42.6,111,114,111,115,daß,dass,orthography:wordlist
Ps.42.10,75,78,75,79,muß,muss,orthography:wordlist
Ps.42.12,111,114,111,115,daß,dass,orthography:wordlist
Ps.43.2,72,75,72,76,muß,muss,orthography:wordlist
Ps.43.3,37,40,37,41,daß,dass,orthography:wordlist
Ps.43.4,0,3,0,4,daß,dass,orthography:wordlist
Ps.43.5,111,114,111,115,daß,dass,orthography:wordlist
Ps.44.15,47,50,47,51,daß,dass,orthography:wordlist
Ps.44.20,0,3,0,4,daß,dass,orthography:wordlist
Ps.45.11,55,61,55,62,vergiß,vergiss,orthography:wordlist
Ps.46.11,35,38,35,39,daß,dass,orthography:wordlist
Ps.48.14,54,57,54,58,daß,dass,orthography:wordlist
Ps.48.15,0,3,0,4,daß,dass,orthography:wordlist
Ps.49.9,43,46,43,47,daß,dass,orthography:wordlist
Ps.49.9,74,77,75,79,muß,muss,orthography:wordlist
Ps.50.6,48,51,48,52,daß,dass,orthography:wordlist
Ps.50.22,43,46,43,47,daß,dass,orthography:wordlist
Ps.51.6,78,81,78,82,daß,dass,orthography:wordlist
Ps.51.10,0,3,0,4,Laß,Lass,orthography:wordlist
Ps.51.10,33,36,34,38,daß,dass,orthography:wordlist
Ps.51.15,44,47,44,48,daß,dass,orthography:wordlist
Ps.51.17,37,40,37,41,daß,dass,orthography:wordlist
Ps.53.2,88,96,88,96,greulich,gräulich,orthography:wordlist
Ps.53.3,95,98,95,99,daß,dass,orthography:wordlist
Ps.53.7,5,8,5,9,daß,dass,orthography:wordlist
Ps.55.7,56,59,56,60,daß,dass,orthography:wordlist
Ps.56.9,40,43,40,44,muß,muss,orthography:wordlist
Ps.56.10,65,68,65,69,daß,dass,orthography:wordlist
Ps.58.7,85,90,85,91,Gebiß,Gebiss,orthography:wordlist
Ps.58.8,0,3,0,4,Laß,Lass,orthography:wordlist
Ps.59.4,110,113,110,114,daß,dass,orthography:wordlist
Ps.59.14,75,78,75,79,daß,dass,orthography:wordlist
Ps.59.17,71,74,71,75,daß,dass,orthography:wordlist
Ps.60.6,54,57,54,58,daß,dass,orthography:wordlist
Ps.60.7,4,7,4,8,daß,dass,orthography:wordlist
Ps.60.7,41,44,42,46,laß,lass,orthography:wordlist
Ps.61.5,0,3,0,4,Laß,Lass,orthography:wordlist
Ps.61.7,34,37,34,38,daß,dass,orthography:wordlist
Ps.61.8,52,55,52,56,daß,dass,orthography:wordlist
Ps.62.12,81,84,81,85,daß,dass,orthography:wordlist
Ps.64.9,56,59,56,60,daß,dass,orthography:wordlist
Ps.64.10,78,81,78,82,daß,dass,orthography:wordlist
Ps.65.5,61,64,61,65,daß,dass,orthography:wordlist
Ps.65.5,94,97,95,99,Laß,Lass,orthography:wordlist
Ps.65.9,0,3,0,4,daß,dass,orthography:wordlist
Ps.65.14,78,81,78,82,daß,dass,orthography:wordlist
Ps.67.3,0,3,0,4,daß,dass,orthography:wordlist
Ps.68.2,19,22,19,23,daß,dass,orthography:wordlist
Ps.68.11,0,3,0,4,daß,dass,orthography:wordlist
Ps.68.19,134,137,134,138,daß,dass,orthography:wordlist
Ps.68.22,0,5,0,6,Gewiß,Gewiss,orthography:wordlist
Ps.68.24,4,7,4,8,daß,dass,orthography:wordlist
Ps.68.24,39,42,40,44,daß,dass,orthography:wordlist
Ps.68.29,23,26,23,27,daß,dass,orthography:wordlist
Ps.68.34,61,65,61,66,läßt,lässt,orthography:wordlist
Ps.69.7,0,3,0,4,Laß,Lass,orthography:wordlist
Ps.69.7,85,88,86,90,laß,lass,orthography:wordlist
Ps.69.15,28,31,28,32,daß,dass,orthography:wordlist
Ps.69.16,9,12,9,13,daß,dass,orthography:wordlist
Ps.69.21,40,43,40,44,daß,dass,orthography:wordlist
Ps.69.24,37,40,37,41,daß,dass,orthography:wordlist
Ps.69.28,40,43,40,44,laß,lass,orthography:wordlist
Ps.71.1,35,38,35,39,laß,lass,orthography:wordlist
Ps.71.4,11,14,11,15,laß,lass,orthography:wordlist
Ps.71.9,53,59,53,60,verlaß,verlass,orthography:wordlist
Ps.71.18,9,15,9,16,Verlaß,Verlass,orthography:wordlist
Ps.72.2,0,3,0,4,daß,dass,orthography:wordlist
Ps.72.14,40,51,40,52,Mißhandlung,Misshandlung,orthography:wordlist
Ps.72.16,17,25,17,26,Überfluß,Überfluss,orthography:wordlist
Ps.73.18,66,69,66,70,daß,dass,orthography:wordlist
Ps.74.8,40,44,40,45,Laßt,Lasst,orthography:wordlist
Ps.74.19,71,77,71,78,vergiß,vergiss,orthography:wordlist
Ps.74.21,55,58,55,59,laß,lass,orthography:wordlist
Ps.74.23,0,6,0,7,Vergiß,Vergiss,orthography:wordlist
Ps.75.3,17,20,17,21,daß,dass,orthography:wordlist
Ps.76.6,21,27,21,28,mußten,mussten,orthography:wordlist
Ps.76.7,43,46,43,47,Roß,Ross,orthography:wordlist
Ps.76.11,50,53,50,54,daß,dass,orthography:wordlist
Ps.77.4,23,28,23,29,mußte,musste,orthography:wordlist
Ps.77.19,83,86,83,87,daß,dass,orthography:wordlist
Ps.78.5,9,12,9,13,daß,dass,orthography:wordlist
Ps.78.7,0,3,0,4,daß,dass,orthography:wordlist
Ps.78.20,37,40,37,41,daß,dass,orthography:wordlist
Ps.78.35,19,22,19,23,daß,dass,orthography:wordlist
Ps.78.39,22,25,22,26,daß,dass,orthography:wordlist
Ps.78.44,58,61,58,62,daß,dass,orthography:wordlist
Ps.78.53,23,26,23,27,daß,dass,orthography:wordlist
Ps.78.55,79,88,79,89,Meßschnur,Messschnur,orthography:wordlist
Ps.78.63,61,67,61,68,mußten,mussten,orthography:wordlist
Ps.78.71,52,55,52,56,daß,dass,orthography:wordlist
Ps.79.10,54,57,54,58,Laß,Lass,orthography:wordlist
Ps.79.11,0,3,0,4,Laß,Lass,orthography:wordlist
Ps.80.4,35,38,35,39,laß,lass,orthography:wordlist
Ps.80.8,51,54,51,55,laß,lass,orthography:wordlist
Ps.80.10,35,38,35,39,daß,dass,orthography:wordlist
Ps.80.13,43,46,43,47,daß,dass,orthography:wordlist
Ps.80.20,53,56,53,57,Laß,Lass,orthography:wordlist
Ps.81.13,53,56,53,57,daß,dass,orthography:wordlist
Ps.81.16,22,28,22,29,müßten,müssten,orthography:wordlist
Ps.83.5,57,60,57,61,daß,dass,orthography:wordlist
Ps.83.5,87,90,88,92,daß,dass,orthography:wordlist
Ps.83.6,32,40,32,41,Beschluß,Beschluss,orthography:wordlist
Ps.83.17,34,37,34,38,daß,dass,orthography:wordlist
Ps.83.18,0,3,0,4,Laß,Lass,orthography:wordlist
Ps.83.18,52,55,53,57,laß,lass,orthography:wordlist
Ps.83.19,3,6,3,7,daß,dass,orthography:wordlist
Ps.83.19,28,31,29,33,daß,dass,orthography:wordlist
Ps.85.5,44,47,44,48,laß,lass,orthography:wordlist
Ps.85.7,40,43,40,44,daß,dass,orthography:wordlist
Ps.85.8,15,18,15,19,laß,lass,orthography:wordlist
Ps.85.9,113,116,113,117,daß,dass,orthography:wordlist
Ps.85.10,0,5,0,6,Gewiß,Gewiss,orthography:wordlist
Ps.85.10,50,53,51,55,daß,dass,orthography:wordlist
Ps.85.11,0,3,0,4,daß,dass,orthography:wordlist
Ps.85.12,0,3,0,4,daß,dass,orthography:wordlist
Ps.86.2,101,108,101,109,verläßt,verlässt,orthography:wordlist
Ps.86.11,37,40,37,41,daß,dass,orthography:wordlist
Ps.86.11,103,106,104,108,daß,dass,orthography:wordlist
Ps.86.17,84,87,84,88,daß,dass,orthography:wordlist
Ps.88.3,0,3,0,4,Laß,Lass,orthography:wordlist
Ps.89.51,73,76,73,77,daß,dass,orthography:wordlist
Ps.90.12,37,40,37,41,daß,dass,orthography:wordlist
Ps.91.11,45,48,45,49,daß,dass,orthography:wordlist
Ps.91.12,0,3,0,4,daß,dass,orthography:wordlist
Ps.92.16,14,17,14,18,daß,dass,orthography:wordlist
Ps.92.16,55,58,56,60,daß,dass,orthography:wordlist
Ps.94.11,49,52,49,53,daß,dass,orthography:wordlist
Ps.95.1,16,20,16,21,laßt,lasst,orthography:wordlist
Ps.95.2,0,4,0,5,Laßt,Lasst,orthography:wordlist
Ps.95.11,3,6,3,7,daß,dass,orthography:wordlist
Ps.100.3,10,13,10,14,daß,dass,orthography:wordlist
Ps.101.6,34,37,34,38,daß,dass,orthography:wordlist
Ps.102.11,38,41,38,42,daß,dass,orthography:wordlist
Ps.102.14,73,76,73,77,daß,dass,orthography:wordlist
Ps.102.20,0,3,0,4,daß,dass,orthography:wordlist
Ps.102.20,57,60,58,62,daß,dass,orthography:wordlist
Ps.102.22,4,7,4,8,daß,dass,orthography:wordlist
Ps.103.2,42,48,42,49,vergiß,vergiss,orthography:wordlist
Ps.103.5,34,37,34,38,daß,dass,orthography:wordlist
Ps.103.14,61,64,61,65,daß,dass,orthography:wordlist
Ps.104.5,47,50,47,51,daß,dass,orthography:wordlist
Ps.104.27,35,38,35,39,daß,dass,orthography:wordlist
Ps.105.13,21,27,21,28,mußten,mussten,orthography:wordlist
Ps.105.22,0,3,0,4,daß,dass,orthography:wordlist
Ps.105.38,45,48,45,49,daß,dass,orthography:wordlist
Ps.105.45,4,7,4,8,daß,dass,orthography:wordlist
Ps.106.5,0,3,0,4,daß,dass,orthography:wordlist
Ps.106.9,32,35,32,36,daß,dass,orthography:wordlist
Ps.106.20,75,80,75,81,frißt,frisst,orthography:wordlist
Ps.106.23,86,89,86,90,Riß,Riss,orthography:wordlist
Ps.106.23,154,157,155,159,daß,dass,orthography:wordlist
Ps.106.30,43,46,43,47,daß,dass,orthography:wordlist
Ps.106.40,57,62,57,63,faßte,fasste,orthography:wordlist
Ps.106.41,41,44,41,45,daß,dass,orthography:wordlist
Ps.106.47,64,67,64,68,daß,dass,orthography:wordlist
Ps.107.5,30,33,30,34,daß,dass,orthography:wordlist
Ps.107.7,36,39,36,40,daß,dass,orthography:wordlist
Ps.107.9,0,3,0,4,daß,dass,orthography:wordlist
Ps.107.12,3,6,3,7,daß,dass,orthography:wordlist
Ps.107.12,40,43,41,45,daß,dass,orthography:wordlist
Ps.107.14,59,65,59,66,zerriß,zerriss,orthography:wordlist
Ps.107.16,0,3,0,4,daß,dass,orthography:wordlist
Ps.107.18,0,3,0,4,daß,dass,orthography:wordlist
Ps.107.26,0,3,0,4,daß,dass,orthography:wordlist
Ps.107.27,0,3,0,4,daß,dass,orthography:wordlist
Ps.107.29,22,25,22,26,daß,dass,orthography:wordlist
Ps.107.30,22,25,22,26,daß,dass,orthography:wordlist
Ps.107.38,20,23,20,24,daß,dass,orthography:wordlist
Ps.107.40,34,37,34,38,goß,goss,orthography:wordlist
Ps.108.7,4,7,4,8,daß,dass,orthography:wordlist
Ps.108.7,41,44,42,46,laß,lass,orthography:wordlist
Ps.109.4,7,10,7,11,daß,dass,orthography:wordlist
Ps.109.5,37,40,37,41,Haß,Hass,orthography:wordlist
Ps.109.9,38,42,38,43,sein,seine,grammar:Frau-determiner
Ps.109.9,43,47,44,48,Weib,Frau,word:Weib-Frau
Ps.109.15,39,42,39,43,daß,dass,orthography:wordlist
Ps.109.27,22,25,22,26,daß,dass,orthography:wordlist
Ps.109.27,47,50,48,52,daß,dass,orthography:wordlist
Ps.113.8,0,3,0,4,daß,dass,orthography:wordlist
Ps.113.9,44,47,44,48,daß,dass,orthography:wordlist
Ps.114.5,25,28,25,29,daß,dass,orthography:wordlist
Ps.114.5,52,55,53,57,daß,dass,orthography:wordlist
Ps.114.6,11,14,11,15,daß,dass,orthography:wordlist
Ps.116.1,18,21,18,22,daß,dass,orthography:wordlist
Ps.116.2,0,3,0,4,daß,dass,orthography:wordlist
Ps.118.2,21,24,21,25,daß,dass,orthography:wordlist
Ps.118.3,29,32,29,33,daß,dass,orthography:wordlist
Ps.118.4,39,42,39,43,daß,dass,orthography:wordlist
Ps.118.13,28,31,28,32,daß,dass,orthography:wordlist
Ps.118.19,40,43,40,44,daß,dass,orthography:wordlist
Ps.118.21,15,18,15,19,daß,dass,orthography:wordlist
Ps.118.25,37,40,37,41,laß,lass,orthography:wordlist
Ps.119.4,31,34,31,35,daß,dass,orthography:wordlist
Ps.119.5,2,5,2,6,daß,dass,orthography:wordlist
Ps.119.8,35,41,35,42,verlaß,verlass,orthography:wordlist
Ps.119.10,41,44,41,45,laß,lass,orthography:wordlist
Ps.119.11,50,53,50,54,daß,dass,orthography:wordlist
Ps.119.17,23,26,23,27,daß,dass,orthography:wordlist
Ps.119.18,28,31,28,32,daß,dass,orthography:wordlist
Ps.119.27,0,3,0,4,Laß,Lass,orthography:wordlist
Ps.119.31,47,50,47,51,laß,lass,orthography:wordlist
Ps.119.33,52,55,52,56,daß,dass,orthography:wordlist
Ps.119.35,0,3,0,4,Laß,Lass,orthography:wordlist
Ps.119.37,22,25,22,26,daß,dass,orthography:wordlist
Ps.119.50,36,39,36,40,daß,dass,orthography:wordlist
Ps.119.56,29,32,29,33,daß,dass,orthography:wordlist
Ps.119.71,21,24,21,25,daß,dass,orthography:wordlist
Ps.119.71,51,54,52,56,daß,dass,orthography:wordlist
Ps.119.73,63,66,63,67,daß,dass,orthography:wordlist
Ps.119.74,54,57,54,58,daß,dass,orthography:wordlist
Ps.119.75,25,28,25,29,daß,dass,orthography:wordlist
Ps.119.75,65,68,66,70,daß,dass,orthography:wordlist
Ps.119.76,0,3,0,4,Laß,Lass,orthography:wordlist
Ps.119.77,0,3,0,4,Laß,Lass,orthography:wordlist
Ps.119.77,42,45,43,47,daß,dass,orthography:wordlist
Ps.119.78,0,3,0,4,Laß,Lass,orthography:wordlist
Ps.119.84,0,7,0,8,Wieviel,Wie viel,orthography:wordlist
Ps.119.91,53,56,53,57,muß,muss,orthography:wordlist
Ps.119.106,41,44,41,45,daß,dass,orthography:wordlist
Ps.119.108,15,18,15,19,laß,lass,orthography:wordlist
Ps.119.115,41,44,41,45,daß,dass,orthography:wordlist
Ps.119.116,41,44,41,45,daß,dass,orthography:wordlist
Ps.119.121,40,47,40,48,überlaß,überlass,orthography:wordlist
Ps.119.122,38,41,38,42,daß,dass,orthography:wordlist
Ps.119.125,47,50,47,51,daß,dass,orthography:wordlist
Ps.119.126,13,16,13,17,daß,dass,orthography:wordlist
Ps.119.133,46,49,46,50,laß,lass,orthography:wordlist
Ps.119.135,0,3,0,4,Laß,Lass,orthography:wordlist
Ps.119.148,42,45,42,46,daß,dass,orthography:wordlist
Ps.119.152,57,60,57,61,daß,dass,orthography:wordlist
Ps.119.163,25,31,25,31,Greuel,Gräuel,orthography:wordlist
Ps.119.169,15,18,15,19,laß,lass,orthography:wordlist
Ps.119.170,0,3,0,4,Laß,Lass,orthography:wordlist
Ps.120.5,19,22,19,23,daß,dass,orthography:wordlist
Ps.120.5,59,62,60,64,daß,dass,orthography:wordlist
Ps.120.5,96,99,98,102,muß,muss,orthography:wordlist
Ps.121.6,0,3,0,4,daß,dass,orthography:wordlist
Ps.125.3,90,93,90,94,daß,dass,orthography:wordlist
Ps.127.2,16,19,16,20,daß,dass,orthography:wordlist
Ps.128.3,0,4,0,5,Dein,Deine,grammar:Frau-determiner
Ps.128.3,5,9,6,10,Weib,Frau,word:Weib-Frau
Ps.128.5,30,33,30,34,daß,dass,orthography:wordlist
Ps.130.4,36,39,36,40,daß,dass,orthography:wordlist
Ps.132.2,0,3,0,4,daß,dass,orthography:wordlist
Ps.135.5,15,18,15,19,daß,dass,orthography:wordlist
Ps.136.24,23,29,23,30,entriß,entriss,orthography:wordlist
Ps.137.3,86,89,86,90,daß,dass,orthography:wordlist
Ps.139.6,52,55,52,56,daß,dass,orthography:wordlist
Ps.139.14,15,18,15,19,daß,dass,orthography:wordlist
Ps.139.19,10,13,10,14,daß,dass,orthography:wordlist
Ps.139.19,77,83,78,85,müßten,müssten,orthography:wordlist
Ps.139.22,31,34,31,35,Haß,Hass,orthography:wordlist
Ps.140.9,53,56,53,57,laß,lass,orthography:wordlist
Ps.140.11,67,70,67,71,daß,dass,orthography:wordlist
Ps.140.13,10,13,10,14,daß,dass,orthography:wordlist
Ps.141.4,0,3,0,4,Laß,Lass,orthography:wordlist
Ps.141.4,54,57,55,59,daß,dass,orthography:wordlist
Ps.141.4,135,138,137,141,laß,lass,orthography:wordlist
Ps.141.6,65,68,65,69,daß,dass,orthography:wordlist
Ps.142.8,34,37,34,38,daß,dass,orthography:wordlist
Ps.143.7,97,100,97,101,daß,dass,orthography:wordlist
Ps.143.8,0,3,0,4,Laß,Lass,orthography:wordlist
Ps.144.3,35,38,35,39,daß,dass,orthography:wordlist
Ps.144.3,82,85,83,87,daß,dass,orthography:wordlist
Ps.144.5,72,75,72,76,daß,dass,orthography:wordlist
Ps.144.6,9,12,9,13,Laß,Lass,orthography:wordlist
Ps.144.12,0,3,0,4,daß,dass,orthography:wordlist
Ps.144.13,56,59,56,60,daß,dass,orthography:wordlist
Ps.144.14,0,3,0,4,daß,dass,orthography:wordlist
Ps.144.14,59,62,60,64,daß,dass,orthography:wordlist
Ps.145.12,0,3,0,4,daß,dass,orthography:wordlist
Ps.146.9,80,84,80,85,läßt,lässt,orthography:wordlist
Ps.147.8,99,103,99,104,läßt,lässt,orthography:wordlist
Ps.147.18,45,49,45,50,läßt,lässt,orthography:wordlist
Ps.147.19,3,7,3,8,läßt,lässt,orthography:wordlist
Ps.147.20,34,38,34,39,läßt,lässt,orthography:wordlist
Prov.1.2,0,3,0,4,daß,dass,orthography:wordlist
Prov.1.3,0,3,0,4,daß,dass,orthography:wordlist
Prov.1.20,43,47,43,48,läßt,lässt,orthography:wordlist
Prov.1.29,7,10,7,11,daß,dass,orthography:wordlist
Prov.1.29,30,36,31,38,gehaßt,gehasst,orthography:wordlist
Prov.1.30,0,3,0,4,daß,dass,orthography:wordlist
Prov.2.2,3,6,3,7,daß,dass,orthography:wordlist
Prov.2.8,0,3,0,4,daß,dass,orthography:wordlist
Prov.2.16,0,3,0,4,daß,dass,orthography:wordlist
Prov.2.16,33,36,34,37,dem,der,grammar:Frau-determiner
Prov.2.16,45,50,46,50,Weibe,Frau,word:Weib-Frau
Prov.2.17,31,38,31,39,verläßt,verlässt,orthography:wordlist
Prov.2.17,65,72,66,74,vergißt,vergisst,orthography:wordlist
Prov.3.1,11,17,11,18,vergiß,vergiss,orthography:wordlist
Prov.3.5,45,51,45,52,verlaß,verlass,orthography:wordlist
Prov.3.10,34,42,34,43,Überfluß,Überfluss,orthography:wordlist
Prov.3.11,57,60,57,61,laß,lass,orthography:wordlist
Prov.3.21,20,23,20,24,laß,lass,orthography:wordlist
Prov.3.32,37,43,37,43,Greuel,Gräuel,orthography:wordlist
Prov.4.5,34,40,34,41,vergiß,vergiss,orthography:wordlist
Prov.4.6,0,6,0,7,Verlaß,Verlass,orthography:wordlist
Prov.4.21,0,3,0,4,Laß,Lass,orthography:wordlist
Prov.4.25,0,3,0,4,Laß,Lass,orthography:wordlist
Prov.5.2,0,3,0,4,daß,dass,orthography:wordlist
Prov.5.9,0,3,0,4,Daß,Dass,orthography:wordlist
Prov.5.10,0,3,0,4,daß,dass,orthography:wordlist
Prov.5.11,14,17,14,18,daß,dass,orthography:wordlist
Prov.5.12,30,36,30,37,gehaßt,gehasst,orthography:wordlist
Prov.5.18,39,42,39,42,des,der,grammar:Frau-determiner
Prov.5.18,43,49,43,47,Weibes,Frau,word:Weib-Frau
Prov.5.19,35,40,35,40,Gemse,Gämse,orthography:wordlist
Prov.6.16,19,23,19,24,haßt,hasst,orthography:wordlist
Prov.6.16,67,73,68,74,Greuel,Gräuel,orthography:wordlist
Prov.6.24,44,48,44,48,Weib,Frau,word:Weib-Frau
Prov.6.25,0,3,0,4,daß,dass,orthography:wordlist
Prov.6.26,81,85,81,85,Weib,Frau,word:Weib-Frau
Prov.6.27,47,50,47,51,daß,dass,orthography:wordlist
Prov.6.29,52,59,52,59,Eheweib,Ehefrau,word:Weib-Frau
Prov.6.31,38,41,38,42,muß,muss,orthography:wordlist
Prov.6.32,9,12,9,13,ein,eine,grammar:Frau-determiner
Prov.6.32,13,17,14,18,Weib,Frau,word:Weib-Frau
Prov.6.35,30,34,30,35,läßt,lässt,orthography:wordlist
Prov.7.5,0,3,0,4,daß,dass,orthography:wordlist
Prov.7.5,28,31,29,32,dem,der,grammar:Frau-determiner
Prov.7.5,40,45,41,45,Weibe,Frau,word:Weib-Frau
Prov.7.10,19,22,19,23,ein,eine,grammar:Frau-determiner
Prov.7.10,23,27,24,28,Weib,Frau,word:Weib-Frau
Prov.7.13,16,21,16,22,küßte,küsste,orthography:wordlist
Prov.7.22,3,6,3,7,daß,dass,orthography:wordlist
Prov.7.23,92,95,92,96,daß,dass,orthography:wordlist
Prov.8.1,43,47,43,48,läßt,lässt,orthography:wordlist
Prov.8.21,4,7,4,8,daß,dass,orthography:wordlist
Prov.8.34,51,54,51,55,daß,dass,orthography:wordlist
Prov.9.6,27,30,27,31,daß,dass,orthography:wordlist
Prov.9.8,31,35,31,36,haßt,hasst,orthography:wordlist
Prov.9.15,0,3,0,4,daß,dass,orthography:wordlist
Prov.9.18,20,23,20,24,daß,dass,orthography:wordlist
Prov.10.3,28,32,28,33,läßt,lässt,orthography:wordlist
Prov.10.12,9,12,9,13,Haß,Hass,orthography:wordlist
Prov.10.18,4,7,4,8,Haß,Hass,orthography:wordlist
Prov.11.1,50,56,50,56,Greuel,Gräuel,orthography:wordlist
Prov.11.16,0,3,0,4,Ein,Eine,grammar:Frau-determiner
Prov.11.16,4,13,5,13,anmutiges,anmutige,grammar:Frau-adjective
Prov.11.16,14,18,14,18,Weib,Frau,word:Weib-Frau
Prov.11.19,3,8,3,9,gewiß,gewiss,orthography:wordlist
Prov.11.20,68,74,68,74,Greuel,Gräuel,orthography:wordlist
Prov.11.22,47,50,47,51,ein,eine,grammar:Frau-determiner
Prov.11.22,51,58,52,58,schönes,schöne,grammar:Frau-adjective
Prov.11.22,59,63,59,63,Weib,Frau,word:Weib-Frau
Prov.12.1,59,63,59,64,haßt,hasst,orthography:wordlist
Prov.12.4,14,18,14,18,Weib,Frau,word:Weib-Frau
Prov.12.16,9,13,9,14,läßt,lässt,orthography:wordlist
Prov.12.22,52,58,52,58,Greuel,Gräuel,orthography:wordlist
Prov.12.24,66,69,66,70,muß,muss,orthography:wordlist
Prov.13.2,29,32,29,33,ißt,isst,orthography:wordlist
Prov.13.5,13,17,13,18,haßt,hasst,orthography:wordlist
Prov.13.10,56,60,56,61,läßt,lässt,orthography:wordlist
Prov.13.14,49,52,49,53,daß,dass,orthography:wordlist
Prov.13.19,99,105,99,105,Greuel,Gräuel,orthography:wordlist
Prov.13.22,30,40,30,41,hinterläßt,hinterlässt,orthography:wordlist
Prov.13.24,26,30,26,31,haßt,hasst,orthography:wordlist
Prov.13.25,13,16,13,17,ißt,isst,orthography:wordlist
Prov.14.8,13,17,13,18,läßt,lässt,orthography:wordlist
Prov.14.17,98,105,98,106,verhaßt,verhasst,orthography:wordlist
Prov.14.20,41,47,41,48,gehaßt,gehasst,orthography:wordlist
Prov.14.23,35,43,35,44,Überfluß,Überfluss,orthography:wordlist
Prov.15.8,38,44,38,44,Greuel,Gräuel,orthography:wordlist
Prov.15.9,36,42,36,42,Greuel,Gräuel,orthography:wordlist
Prov.15.10,13,20,13,21,verläßt,verlässt,orthography:wordlist
Prov.15.10,58,62,59,64,haßt,hasst,orthography:wordlist
Prov.15.10,68,71,70,74,muß,muss,orthography:wordlist
Prov.15.17,74,77,74,78,Haß,Hass,orthography:wordlist
Prov.15.26,52,58,52,58,Greuel,Gräuel,orthography:wordlist
Prov.15.27,64,68,64,69,haßt,hasst,orthography:wordlist
Prov.16.5,48,54,48,54,Greuel,Gräuel,orthography:wordlist
Prov.16.12,33,39,33,39,Greuel,Gräuel,orthography:wordlist
Prov.16.16,0,7,0,8,Wieviel,Wie viel,orthography:wordlist
Prov.16.26,24,28,24,29,läßt,lässt,orthography:wordlist
Prov.17.14,38,41,38,42,laß,lass,orthography:wordlist
Prov.17.15,95,101,95,101,Greuel,Gräuel,orthography:wordlist
Prov.17.19,83,86,83,87,daß,dass,orthography:wordlist
Prov.17.25,38,45,38,46,Verdruß,Verdruss,orthography:wordlist
Prov.18.10,34,40,34,41,Schloß,Schloss,orthography:wordlist
Prov.18.19,130,136,130,137,Schloß,Schloss,orthography:wordlist
Prov.18.20,77,80,77,81,ißt,isst,orthography:wordlist
Prov.18.21,65,68,65,69,ißt,isst,orthography:wordlist
Prov.19.13,50,53,50,54,ein,eine,grammar:Frau-determiner
Prov.19.13,54,64,55,64,zänkisches,zänkische,grammar:Frau-adjective
Prov.19.13,65,69,65,69,Weib,Frau,word:Weib-Frau
Prov.19.14,68,71,68,72,ein,eine,grammar:Frau-determiner
Prov.19.14,72,84,73,84,verständiges,verständige,grammar:Frau-adjective
Prov.19.14,85,89,85,89,Weib,Frau,word:Weib-Frau
Prov.19.15,68,71,68,72,muß,muss,orthography:wordlist
Prov.19.16,83,86,83,87,muß,muss,orthography:wordlist
Prov.19.18,70,73,70,74,laß,lass,orthography:wordlist
Prov.19.19,19,22,19,23,muß,muss,orthography:wordlist
Prov.19.19,87,90,88,92,daß,dass,orthography:wordlist
Prov.19.25,85,89,85,90,läßt,lässt,orthography:wordlist
Prov.19.26,14,24,14,25,mißhandelt,misshandelt,orthography:wordlist
Prov.19.27,0,3,0,4,Laß,Lass,orthography:wordlist
Prov.20.10,66,72,66,72,Greuel,Gräuel,orthography:wordlist
Prov.20.19,98,101,98,102,laß,lass,orthography:wordlist
Prov.20.23,36,42,36,42,Greuel,Gräuel,orthography:wordlist
Prov.21.8,32,35,32,36,muß,muss,orthography:wordlist
Prov.21.9,63,68,63,68,einem,einer,grammar:Frau-determiner
Prov.21.9,80,84,80,84,Weib,Frau,word:Weib-Frau
Prov.21.17,30,33,30,34,muß,muss,orthography:wordlist
Prov.21.19,87,91,87,91,Weib,Frau,word:Weib-Frau
Prov.21.25,10,13,10,14,muß,muss,orthography:wordlist
Prov.21.27,42,48,42,48,Greuel,Gräuel,orthography:wordlist
Prov.21.31,4,7,4,8,Roß,Ross,orthography:wordlist
Prov.22.6,59,63,59,64,läßt,lässt,orthography:wordlist
Prov.22.21,0,3,0,4,daß,dass,orthography:wordlist
Prov.23.3,0,3,0,4,Laß,Lass,orthography:wordlist
Prov.23.4,66,69,66,70,laß,lass,orthography:wordlist
Prov.23.6,9,11,9,12,Iß,Iss,orthography:wordlist
Prov.23.7,79,81,79,82,Iß,Iss,orthography:wordlist
Prov.23.8,34,38,34,39,mußt,musst,orthography:wordlist
Prov.23.26,44,47,44,48,laß,lass,orthography:wordlist
Prov.24.12,52,58,52,59,gewußt,gewusst,orthography:wordlist
Prov.24.13,9,11,9,12,Iß,Iss,orthography:wordlist
Prov.24.14,17,20,17,21,daß,dass,orthography:wordlist
Prov.24.18,0,3,0,4,daß,dass,orthography:wordlist
Prov.24.21,58,61,58,62,laß,lass,orthography:wordlist
Prov.24.26,32,35,32,36,Kuß,Kuss,orthography:wordlist
Prov.25.7,61,64,61,65,daß,dass,orthography:wordlist
Prov.25.16,27,29,27,30,iß,iss,orthography:wordlist
Prov.25.16,46,49,47,51,daß,dass,orthography:wordlist
Prov.25.16,100,104,102,107,mußt,musst,orthography:wordlist
Prov.25.19,60,66,60,67,Verlaß,Verlass,orthography:wordlist
Prov.25.24,62,67,62,67,einem,einer,grammar:Frau-determiner
Prov.25.24,79,84,79,83,Weibe,Frau,word:Weib-Frau
Prov.26.6,38,41,38,42,muß,muss,orthography:wordlist
Prov.26.6,104,108,105,110,läßt,lässt,orthography:wordlist
Prov.26.25,68,74,68,74,Greuel,Gräuel,orthography:wordlist
Prov.26.26,15,18,15,19,Haß,Hass,orthography:wordlist
Prov.26.28,16,20,16,21,haßt,hasst,orthography:wordlist
Prov.27.10,9,15,9,16,Verlaß,Verlass,orthography:wordlist
Prov.27.15,47,50,47,51,ein,eine,grammar:Frau-determiner
Prov.27.15,51,61,52,61,zänkisches,zänkische,grammar:Frau-adjective
Prov.27.15,62,66,62,66,Weib,Frau,word:Weib-Frau
Prov.28.9,72,78,72,78,Greuel,Gräuel,orthography:wordlist
Prov.28.13,88,92,88,93,läßt,lässt,orthography:wordlist
Prov.28.16,86,90,86,91,haßt,hasst,orthography:wordlist
Prov.28.17,59,62,59,63,muß,muss,orthography:wordlist
Prov.28.22,69,72,69,73,daß,dass,orthography:wordlist
Prov.28.26,23,30,23,31,verläßt,verlässt,orthography:wordlist
Prov.29.11,8,12,8,13,läßt,lässt,orthography:wordlist
Prov.29.24,22,26,22,27,haßt,hasst,orthography:wordlist
Prov.29.27,53,59,53,59,Greuel,Gräuel,orthography:wordlist
Prov.30.3,33,36,33,37,daß,dass,orthography:wordlist
Prov.30.4,47,52,47,53,faßte,fasste,orthography:wordlist
Prov.30.6,35,38,35,39,daß,dass,orthography:wordlist
Prov.30.9,79,82,79,83,daß,dass,orthography:wordlist
Prov.30.20,61,64,61,65,ißt,isst,orthography:wordlist
Prov.30.31,20,23,20,24,Roß,Ross,orthography:wordlist
Prov.31.3,17,24,17,23,Weibern,Frauen,word:Weib-Frau
Prov.31.10,0,3,0,4,Ein,Eine,grammar:Frau-determiner
Prov.31.10,4,12,5,12,wackeres,wackere,grammar:Frau-adjective
Prov.31.10,13,17,13,17,Weib,Frau,word:Weib-Frau
Prov.31.11,8,15,8,16,verläßt,verlässt,orthography:wordlist
Prov.31.18,11,14,11,15,daß,dass,orthography:wordlist
Prov.31.27,40,43,40,44,ißt,isst,orthography:wordlist
Prov.31.30,38,41,38,42,ein,eine,grammar:Frau-determiner
Prov.31.30,42,46,43,47,Weib,Frau,word:Weib-Frau
Prov.31.30,48,51,49,52,das,die,grammar:Frau-relative
Eccl.1.13,191,194,191,195,daß,dass,orthography:wordlist
Eccl.2.3,78,81,78,82,daß,dass,orthography:wordlist
Eccl.2.3,163,166,164,168,daß,dass,orthography:wordlist
Eccl.2.13,34,37,34,38,daß,dass,orthography:wordlist
Eccl.2.14,123,126,123,127,daß,dass,orthography:wordlist
Eccl.2.17,3,8,3,9,haßte,hasste,orthography:wordlist
Eccl.2.17,33,40,34,42,mißfiel,missfiel,orthography:wordlist
Eccl.2.18,13,18,13,19,haßte,hasste,orthography:wordlist
Eccl.2.21,88,91,88,92,muß,muss,orthography:wordlist
Eccl.2.23,42,49,42,50,Verdruß,Verdruss,orthography:wordlist
Eccl.2.24,46,49,46,50,daß,dass,orthography:wordlist
Eccl.2.24,147,150,148,152,daß,dass,orthography:wordlist
Eccl.2.26,115,118,115,119,daß,dass,orthography:wordlist
Eccl.3.12,18,21,18,22,daß,dass,orthography:wordlist
Eccl.3.13,27,30,27,31,ißt,isst,orthography:wordlist
Eccl.3.14,18,21,18,22,daß,dass,orthography:wordlist
Eccl.3.14,142,145,143,147,daß,dass,orthography:wordlist
Eccl.3.18,62,65,62,66,daß,dass,orthography:wordlist
Eccl.3.18,105,108,106,110,daß,dass,orthography:wordlist
Eccl.3.22,17,20,17,21,daß,dass,orthography:wordlist
Eccl.3.22,50,53,51,55,daß,dass,orthography:wordlist
Eccl.3.22,151,154,153,157,daß,dass,orthography:wordlist
Eccl.4.4,14,17,14,18,daß,dass,orthography:wordlist
Eccl.4.13,109,113,109,114,läßt,lässt,orthography:wordlist
Eccl.4.15,9,12,9,13,daß,dass,orthography:wordlist
Eccl.5.1,41,44,41,45,laß,lass,orthography:wordlist
Eccl.5.4,39,42,39,43,daß,dass,orthography:wordlist
Eccl.5.5,0,3,0,4,Laß,Lass,orthography:wordlist
Eccl.5.11,85,89,85,90,läßt,lässt,orthography:wordlist
Eccl.5.15,29,32,29,33,daß,dass,orthography:wordlist
Eccl.5.15,81,84,82,86,muß,muss,orthography:wordlist
Eccl.5.15,108,111,110,114,daß,dass,orthography:wordlist
Eccl.5.16,5,8,5,9,muß,muss,orthography:wordlist
Eccl.5.16,65,72,66,74,Verdruß,Verdruss,orthography:wordlist
Eccl.5.17,63,66,63,67,daß,dass,orthography:wordlist
Eccl.5.18,125,128,125,129,daß,dass,orthography:wordlist
Eccl.6.2,63,66,63,67,daß,dass,orthography:wordlist
Eccl.7.3,0,7,0,8,Verdruß,Verdruss,orthography:wordlist
Eccl.7.5,57,60,57,61,daß,dass,orthography:wordlist
Eccl.7.9,0,3,0,4,Laß,Lass,orthography:wordlist
Eccl.7.10,37,40,37,41,daß,dass,orthography:wordlist
Eccl.7.12,108,111,108,112,daß,dass,orthography:wordlist
Eccl.7.20,43,46,43,47,daß,dass,orthography:wordlist
Eccl.7.26,44,47,44,47,das,die,grammar:Frau-determiner
Eccl.7.26,48,52,48,52,Weib,Frau,word:Weib-Frau
Eccl.7.28,115,118,115,119,ein,eine,grammar:Frau-determiner
Eccl.7.28,119,123,120,124,Weib,Frau,word:Weib-Frau
Eccl.7.29,42,45,42,46,daß,dass,orthography:wordlist
Eccl.8.3,0,3,0,4,Laß,Lass,orthography:wordlist
Eccl.8.8,37,40,37,41,daß,dass,orthography:wordlist
Eccl.8.10,140,146,140,147,mußten,mussten,orthography:wordlist
Eccl.8.12,76,79,76,80,daß,dass,orthography:wordlist
Eccl.8.14,48,51,48,52,daß,dass,orthography:wordlist
Eccl.8.14,199,202,200,204,daß,dass,orthography:wordlist
Eccl.8.15,148,151,148,152,daß,dass,orthography:wordlist
Eccl.8.16,117,120,117,121,daß,dass,orthography:wordlist
Eccl.8.17,47,50,47,51,daß,dass,orthography:wordlist
Eccl.9.1,83,86,83,87,daß,dass,orthography:wordlist
Eccl.9.1,190,193,191,195,Haß,Hass,orthography:wordlist
Eccl.9.3,63,66,63,67,daß,dass,orthography:wordlist
Eccl.9.5,28,31,28,32,daß,dass,orthography:wordlist
Eccl.9.6,19,22,19,23,Haß,Hass,orthography:wordlist
Eccl.9.7,17,19,17,20,iß,iss,orthography:wordlist
Eccl.9.8,40,43,40,44,laß,lass,orthography:wordlist
Eccl.9.9,22,25,22,25,dem,der,grammar:Frau-determiner
Eccl.9.9,26,31,26,30,Weibe,Frau,word:Weib-Frau
Eccl.9.9,33,36,32,35,das,die,grammar:Frau-relative
Eccl.9.11,47,50,47,51,daß,dass,orthography:wordlist
Eccl.9.11,125,128,126,130,daß,dass,orthography:wordlist
Eccl.9.11,242,245,244,248,daß,dass,orthography:wordlist
Eccl.10.3,99,102,99,103,daß,dass,orthography:wordlist
Eccl.10.6,54,60,54,61,mußten,mussten,orthography:wordlist
Eccl.10.10,55,58,55,59,muß,muss,orthography:wordlist
Eccl.11.6,57,60,57,61,laß,lass,orthography:wordlist
Eccl.11.8,101,104,101,105,daß,dass,orthography:wordlist
Eccl.11.9,189,192,189,193,daß,dass,orthography:wordlist
Eccl.12.9,14,17,14,18,daß,dass,orthography:wordlist
Eccl.12.12,22,25,22,26,laß,lass,orthography:wordlist
Eccl.12.13,0,4,0,5,Laßt,Lasst,orthography:wordlist
Song.1.8,57,64,57,63,Weibern,Frauen,word:Weib-Frau
Song.2.12,99,103,99,104,läßt,lässt,orthography:wordlist
Song.2.14,62,65,62,66,laß,lass,orthography:wordlist
Song.2.14,92,95,93,97,laß,lass,orthography:wordlist
Song.3.5,94,97,94,98,daß,dass,orthography:wordlist
Song.4.13,6,16,6,17,Schößlinge,Schösslinge,orthography:wordlist
Song.4.16,59,62,59,63,daß,dass,orthography:wordlist
Song.5.8,119,122,119,123,Daß,Dass,orthography:wordlist
Song.5.9,65,72,65,71,Weibern,Frauen,word:Weib-Frau
Song.5.9,115,118,114,118,daß,dass,orthography:wordlist
Song.6.1,54,61,54,60,Weibern,Frauen,word:Weib-Frau
Song.6.6,108,111,108,112,daß,dass,orthography:wordlist
Song.6.11,4,13,4,14,Nußgarten,Nussgarten,orthography:wordlist
Song.6.12,17,23,17,24,gewußt,gewusst,orthography:wordlist
Song.7.1,67,70,67,71,daß,dass,orthography:wordlist
Song.7.3,119,128,119,129,eingefaßt,eingefasst,orthography:wordlist
Song.8.1,5,8,5,9,daß,dass,orthography:wordlist
Song.8.1,137,140,138,142,daß,dass,orthography:wordlist
Song.8.13,67,70,67,71,laß,lass,orthography:wordlist
Isa.1.12,93,96,93,97,daß,dass,orthography:wordlist
Isa.1.13,86,92,86,92,Greuel,Gräuel,orthography:wordlist
Isa.1.14,29,33,29,34,haßt,hasst,orthography:wordlist
Isa.1.31,92,95,92,96,daß,dass,orthography:wordlist
Isa.2.2,37,40,37,41,daß,dass,orthography:wordlist
Isa.2.3,78,82,78,83,laßt,lasst,orthography:wordlist
Isa.2.3,144,147,145,149,daß,dass,orthography:wordlist
Isa.2.4,100,103,100,104,daß,dass,orthography:wordlist
Isa.2.12,100,103,100,104,daß,dass,orthography:wordlist
Isa.3.10,21,24,21,25,daß,dass,orthography:wordlist
Isa.3.12,41,47,41,47,Weiber,Frauen,word:Weib-Frau
Isa.4.1,123,126,123,127,laß,lass,orthography:wordlist
Isa.4.2,23,28,23,29,Sproß,Spross,orthography:wordlist
Isa.5.2,165,168,165,169,daß,dass,orthography:wordlist
Isa.5.5,103,106,103,107,daß,dass,orthography:wordlist
Isa.5.5,147,150,148,152,daß,dass,orthography:wordlist
Isa.5.6,32,35,32,36,daß,dass,orthography:wordlist
Isa.5.11,110,113,110,114,daß,dass,orthography:wordlist
Isa.5.19,59,62,59,63,daß,dass,orthography:wordlist
Isa.5.19,147,150,148,152,daß,dass,orthography:wordlist
Isa.5.24,35,40,35,41,frißt,frisst,orthography:wordlist
Isa.5.25,125,128,125,129,daß,dass,orthography:wordlist
Isa.5.29,135,138,135,139,daß,dass,orthography:wordlist
Isa.6.10,90,93,90,94,daß,dass,orthography:wordlist
Isa.6.10,160,163,161,165,daß,dass,orthography:wordlist
Isa.7.1,102,105,102,106,daß,dass,orthography:wordlist
Isa.7.2,52,59,52,60,verläßt,verlässt,orthography:wordlist
Isa.7.13,71,74,71,75,daß,dass,orthography:wordlist
Isa.7.13,97,101,98,103,müßt,müsst,orthography:wordlist
Isa.7.22,35,38,35,39,daß,dass,orthography:wordlist
Isa.8.11,49,54,49,55,faßte,fasste,orthography:wordlist
Isa.8.11,95,98,96,100,daß,dass,orthography:wordlist
Isa.8.15,3,6,3,7,daß,dass,orthography:wordlist
Isa.9.6,112,115,112,116,daß,dass,orthography:wordlist
Isa.9.17,108,111,108,112,daß,dass,orthography:wordlist
Isa.9.19,61,66,61,67,frißt,frisst,orthography:wordlist
Isa.9.19,111,116,112,118,frißt,frisst,orthography:wordlist
Isa.10.18,87,90,87,91,daß,dass,orthography:wordlist
Isa.10.19,58,61,58,62,daß,dass,orthography:wordlist
Isa.11.1,16,21,16,22,Sproß,Spross,orthography:wordlist
Isa.11.6,157,160,157,161,daß,dass,orthography:wordlist
Isa.11.10,31,34,31,35,daß,dass,orthography:wordlist
Isa.11.10,69,80,70,82,Wurzelsproß,Wurzelspross,orthography:wordlist
Isa.11.15,173,176,173,177,daß,dass,orthography:wordlist
Isa.13.2,81,84,81,85,daß,dass,orthography:wordlist
Isa.13.16,82,88,82,88,Weiber,Frauen,word:Weib-Frau
Isa.14.2,149,152,149,153,daß,dass,orthography:wordlist
Isa.14.9,141,145,141,146,läßt,lässt,orthography:wordlist
Isa.14.17,47,56,47,57,niederriß,niederriss,orthography:wordlist
Isa.14.19,70,79,70,80,Sprößling,Sprössling,orthography:wordlist
Isa.14.21,79,82,79,83,daß,dass,orthography:wordlist
Isa.14.22,120,125,120,126,Sproß,Spross,orthography:wordlist
Isa.14.26,12,21,12,22,Ratschluß,Ratschluss,orthography:wordlist
Isa.14.29,36,39,36,40,daß,dass,orthography:wordlist
Isa.14.32,45,48,45,49,Daß,Dass,orthography:wordlist
Isa.15.4,37,40,37,41,daß,dass,orthography:wordlist
Isa.16.4,0,3,0,4,Laß,Lass,orthography:wordlist
Isa.17.5,44,48,44,49,faßt,fasst,orthography:wordlist
Isa.18.5,167,177,167,178,Schößlinge,Schösslinge,orthography:wordlist
Isa.18.6,79,82,79,83,daß,dass,orthography:wordlist
Isa.19.2,52,55,52,56,daß,dass,orthography:wordlist
Isa.19.7,97,100,97,101,daß,dass,orthography:wordlist
Isa.19.14,62,65,62,66,daß,dass,orthography:wordlist
Isa.19.16,31,37,31,37,Weiber,Frauen,word:Weib-Frau
Isa.21.3,136,139,136,140,muß,muss,orthography:wordlist
Isa.21.3,180,183,181,185,muß,muss,orthography:wordlist
Isa.21.5,43,46,43,47,ißt,isst,orthography:wordlist
Isa.21.13,52,56,52,57,müßt,müsst,orthography:wordlist
Isa.22.1,56,59,56,60,daß,dass,orthography:wordlist
Isa.22.4,47,50,47,51,muß,muss,orthography:wordlist
Isa.22.8,39,42,39,43,daß,dass,orthography:wordlist
Isa.22.16,40,43,40,44,daß,dass,orthography:wordlist
Isa.22.16,87,91,88,93,läßt,lässt,orthography:wordlist
Isa.22.22,75,78,75,79,daß,dass,orthography:wordlist
Isa.22.24,3,6,3,7,daß,dass,orthography:wordlist
Isa.22.24,78,88,79,90,Sprößlinge,Sprösslinge,orthography:wordlist
Isa.23.11,119,122,119,123,daß,dass,orthography:wordlist
Isa.23.16,88,91,88,92,daß,dass,orthography:wordlist
Isa.24.6,66,72,66,73,mußten,mussten,orthography:wordlist
Isa.25.9,83,86,83,87,daß,dass,orthography:wordlist
Isa.26.2,18,21,18,22,daß,dass,orthography:wordlist
Isa.26.6,0,3,0,4,daß,dass,orthography:wordlist
Isa.26.17,13,16,13,17,ein,eine,grammar:Frau-determiner
Isa.26.17,17,21,18,22,Weib,Frau,word:Weib-Frau
Isa.26.17,23,26,24,27,das,die,grammar:Frau-relative
Isa.27.3,88,91,88,92,daß,dass,orthography:wordlist
Isa.27.5,13,16,13,17,daß,dass,orthography:wordlist
Isa.27.5,44,47,45,49,daß,dass,orthography:wordlist
Isa.27.9,107,110,107,111,daß,dass,orthography:wordlist
Isa.27.11,53,59,53,59,Weiber,Frauen,word:Weib-Frau
Isa.27.12,46,49,46,50,daß,dass,orthography:wordlist
Isa.28.8,56,59,56,60,daß,dass,orthography:wordlist
Isa.28.18,0,3,0,4,daß,dass,orthography:wordlist
Isa.28.20,32,35,32,36,daß,dass,orthography:wordlist
Isa.28.20,101,104,102,106,daß,dass,orthography:wordlist
Isa.28.22,29,32,29,33,daß,dass,orthography:wordlist
Isa.28.22,129,132,130,134,daß,dass,orthography:wordlist
Isa.28.27,0,3,0,4,daß,dass,orthography:wordlist
Isa.29.2,38,41,38,42,daß,dass,orthography:wordlist
Isa.30.8,94,97,94,98,daß,dass,orthography:wordlist
Isa.30.14,105,108,105,109,daß,dass,orthography:wordlist
Isa.30.23,72,75,72,76,daß,dass,orthography:wordlist
Isa.30.28,74,77,74,78,daß,dass,orthography:wordlist
Isa.30.32,76,80,76,81,läßt,lässt,orthography:wordlist
Isa.31.3,225,228,225,229,daß,dass,orthography:wordlist
Isa.32.2,0,3,0,4,daß,dass,orthography:wordlist
Isa.32.6,77,80,77,81,daß,dass,orthography:wordlist
Isa.32.6,140,143,141,145,daß,dass,orthography:wordlist
Isa.32.7,70,73,70,74,daß,dass,orthography:wordlist
Isa.32.9,19,25,19,25,Weiber,Frauen,word:Weib-Frau
Isa.32.13,31,34,31,35,daß,dass,orthography:wordlist
Isa.32.19,12,15,12,16,muß,muss,orthography:wordlist
Isa.32.19,26,29,27,31,daß,dass,orthography:wordlist
Isa.33.8,91,101,91,102,mißhandelt,misshandelt,orthography:wordlist
Isa.33.15,127,130,127,131,daß,dass,orthography:wordlist
Isa.33.15,185,188,186,190,daß,dass,orthography:wordlist
Isa.33.15,250,253,252,256,daß,dass,orthography:wordlist
Isa.33.23,34,37,34,38,daß,dass,orthography:wordlist
Isa.33.23,158,161,159,163,daß,dass,orthography:wordlist
Isa.34.1,137,146,137,147,entsproßt,entsprosst,orthography:wordlist
Isa.34.11,105,114,105,115,Meßschnur,Messschnur,orthography:wordlist
Isa.34.17,78,87,78,88,Meßschnur,Messschnur,orthography:wordlist
Isa.36.5,129,132,129,133,daß,dass,orthography:wordlist
Isa.36.8,105,108,105,109,laß,lass,orthography:wordlist
Isa.36.10,18,21,18,22,daß,dass,orthography:wordlist
Isa.36.10,164,167,165,169,daß,dass,orthography:wordlist
Isa.36.12,86,89,86,90,daß,dass,orthography:wordlist
Isa.36.15,96,101,96,102,gewiß,gewiss,orthography:wordlist
Isa.36.20,88,91,88,92,daß,dass,orthography:wordlist
Isa.37.1,40,46,40,47,zerriß,zerriss,orthography:wordlist
Isa.37.3,30,34,30,35,läßt,lässt,orthography:wordlist
Isa.37.7,42,45,42,46,daß,dass,orthography:wordlist
Isa.37.8,115,118,115,119,daß,dass,orthography:wordlist
Isa.37.10,51,54,51,55,Laß,Lass,orthography:wordlist
Isa.37.20,100,103,100,104,daß,dass,orthography:wordlist
Isa.37.26,45,48,45,49,daß,dass,orthography:wordlist
Isa.37.26,165,168,166,170,daß,dass,orthography:wordlist
Isa.37.28,53,56,53,57,daß,dass,orthography:wordlist
Isa.37.30,35,38,35,39,ißt,isst,orthography:wordlist
Isa.37.38,72,75,72,76,daß,dass,orthography:wordlist
Isa.38.3,25,28,25,29,daß,dass,orthography:wordlist
Isa.38.5,39,43,39,44,läßt,lässt,orthography:wordlist
Isa.38.7,43,46,43,47,daß,dass,orthography:wordlist
Isa.38.10,36,39,36,40,muß,muss,orthography:wordlist
Isa.38.16,75,78,75,79,daß,dass,orthography:wordlist
Isa.38.20,22,25,22,26,daß,dass,orthography:wordlist
Isa.39.1,146,149,146,150,daß,dass,orthography:wordlist
Isa.39.7,84,87,84,88,daß,dass,orthography:wordlist
Isa.40.2,0,3,0,4,daß,dass,orthography:wordlist
Isa.40.2,30,33,31,35,daß,dass,orthography:wordlist
Isa.40.12,85,90,85,91,faßte,fasste,orthography:wordlist
Isa.40.14,27,30,27,31,daß,dass,orthography:wordlist
Isa.40.14,89,92,90,94,daß,dass,orthography:wordlist
Isa.40.22,164,167,164,168,daß,dass,orthography:wordlist
Isa.40.24,106,109,106,110,daß,dass,orthography:wordlist
Isa.40.26,182,185,182,186,daß,dass,orthography:wordlist
Isa.40.31,51,54,51,55,daß,dass,orthography:wordlist
Isa.40.31,92,95,93,97,daß,dass,orthography:wordlist
Isa.40.31,130,133,132,136,daß,dass,orthography:wordlist
Isa.41.20,0,3,0,4,daß,dass,orthography:wordlist
Isa.41.20,70,73,71,75,daß,dass,orthography:wordlist
Isa.41.23,62,65,62,66,daß,dass,orthography:wordlist
Isa.41.26,37,40,37,41,daß,dass,orthography:wordlist
Isa.41.26,48,54,49,56,wußten,wussten,orthography:wordlist
Isa.41.26,76,79,78,82,daß,dass,orthography:wordlist
Isa.42.7,0,3,0,4,daß,dass,orthography:wordlist
Isa.43.9,143,146,143,147,Laß,Lass,orthography:wordlist
Isa.43.10,138,141,138,142,daß,dass,orthography:wordlist
Isa.43.12,132,135,132,136,daß,dass,orthography:wordlist
Isa.44.3,146,156,146,157,Sprößlinge,Sprösslinge,orthography:wordlist
Isa.44.4,0,3,0,4,daß,dass,orthography:wordlist
Isa.44.9,121,124,121,125,daß,dass,orthography:wordlist
Isa.44.13,224,227,224,228,daß,dass,orthography:wordlist
Isa.44.16,53,56,53,57,ißt,isst,orthography:wordlist
Isa.44.18,77,80,77,81,daß,dass,orthography:wordlist
Isa.44.18,113,116,114,118,daß,dass,orthography:wordlist
Isa.44.19,73,76,73,77,daß,dass,orthography:wordlist
Isa.44.19,252,258,253,259,Greuel,Gräuel,orthography:wordlist
Isa.44.21,92,95,92,96,daß,dass,orthography:wordlist
Isa.44.21,129,135,130,137,vergiß,vergiss,orthography:wordlist
Isa.45.3,85,88,85,89,daß,dass,orthography:wordlist
Isa.45.6,67,70,67,71,daß,dass,orthography:wordlist
Isa.45.10,65,68,65,68,zum,zur,grammar:Frau-determiner
Isa.45.10,69,74,69,73,Weibe,Frau,word:Weib-Frau
Isa.45.18,133,136,133,137,daß,dass,orthography:wordlist
Isa.46.2,110,116,110,117,mußten,mussten,orthography:wordlist
Isa.46.5,80,83,80,84,daß,dass,orthography:wordlist
Isa.46.6,99,102,99,103,daß,dass,orthography:wordlist
Isa.46.9,48,51,48,52,daß,dass,orthography:wordlist
Isa.46.10,106,115,106,116,Ratschluß,Ratschluss,orthography:wordlist
Isa.47.6,35,38,35,39,daß,dass,orthography:wordlist
Isa.47.9,61,64,61,65,daß,dass,orthography:wordlist
Isa.47.10,150,153,150,154,daß,dass,orthography:wordlist
Isa.47.13,67,70,67,71,laß,lass,orthography:wordlist
Isa.48.4,9,14,9,15,wußte,wusste,orthography:wordlist
Isa.48.4,16,19,17,21,daß,dass,orthography:wordlist
Isa.48.5,115,118,115,119,daß,dass,orthography:wordlist
Isa.48.6,145,152,145,153,wußtest,wusstest,orthography:wordlist
Isa.48.7,161,167,161,168,gewußt,gewusst,orthography:wordlist
Isa.48.8,38,44,38,45,gewußt,gewusst,orthography:wordlist
Isa.48.8,90,95,91,97,wußte,wusste,orthography:wordlist
Isa.48.8,97,100,99,103,daß,dass,orthography:wordlist
Isa.48.18,2,5,2,6,daß,dass,orthography:wordlist
Isa.48.19,42,52,42,53,Sprößlinge,Sprösslinge,orthography:wordlist
Isa.49.5,118,121,118,122,daß,dass,orthography:wordlist
Isa.49.6,34,37,34,38,daß,dass,orthography:wordlist
Isa.49.6,187,190,188,192,daß,dass,orthography:wordlist
Isa.49.8,171,174,171,175,daß,dass,orthography:wordlist
Isa.49.9,0,3,0,4,daß,dass,orthography:wordlist
Isa.49.15,10,13,10,14,ein,eine,grammar:Frau-determiner
Isa.49.15,14,18,15,19,Weib,Frau,word:Weib-Frau
Isa.49.15,46,49,47,51,daß,dass,orthography:wordlist
Isa.49.20,139,142,139,143,daß,dass,orthography:wordlist
Isa.49.23,179,182,179,183,daß,dass,orthography:wordlist
Isa.49.23,197,200,198,202,daß,dass,orthography:wordlist
Isa.49.26,150,153,150,154,daß,dass,orthography:wordlist
Isa.50.2,232,235,232,236,daß,dass,orthography:wordlist
Isa.50.4,156,159,156,160,daß,dass,orthography:wordlist
Isa.50.7,143,148,143,149,wußte,wusste,orthography:wordlist
Isa.50.7,150,153,151,155,daß,dass,orthography:wordlist
Isa.50.11,230,233,230,234,daß,dass,orthography:wordlist
Isa.50.11,258,262,259,264,müßt,müsst,orthography:wordlist
Isa.51.10,130,133,130,134,daß,dass,orthography:wordlist
Isa.51.12,53,56,53,57,daß,dass,orthography:wordlist
Isa.51.13,4,7,4,8,daß,dass,orthography:wordlist
Isa.51.15,55,58,55,59,daß,dass,orthography:wordlist
Isa.51.22,165,168,165,169,daß,dass,orthography:wordlist
Isa.51.22,206,210,207,212,mußt,musst,orthography:wordlist
Isa.51.23,108,111,108,112,daß,dass,orthography:wordlist
Isa.52.5,54,57,54,58,daß,dass,orthography:wordlist
Isa.52.6,91,94,91,95,daß,dass,orthography:wordlist
Isa.53.2,44,55,44,56,Wurzelsproß,Wurzelspross,orthography:wordlist
Isa.53.7,6,16,6,17,mißhandelt,misshandelt,orthography:wordlist
Isa.53.8,89,92,89,93,daß,dass,orthography:wordlist
Isa.53.12,103,106,103,107,daß,dass,orthography:wordlist
Isa.54.6,51,55,51,55,Weib,Frau,word:Weib-Frau
Isa.54.6,86,89,86,90,ein,eine,grammar:Frau-determiner
Isa.54.6,90,96,91,96,junges,junge,grammar:Frau-adjective
Isa.54.6,97,101,97,101,Weib,Frau,word:Weib-Frau
Isa.54.6,103,106,103,106,das,die,grammar:Frau-relative
Isa.54.9,74,77,74,78,daß,dass,orthography:wordlist
Isa.54.9,160,163,161,165,daß,dass,orthography:wordlist
Isa.54.14,62,65,62,66,daß,dass,orthography:wordlist
Isa.55.10,164,167,164,168,daß,dass,orthography:wordlist
Isa.56.3,93,98,93,99,gewiß,gewiss,orthography:wordlist
Isa.57.1,108,111,108,112,daß,dass,orthography:wordlist
Isa.57.1,128,131,129,133,daß,dass,orthography:wordlist
Isa.57.11,49,52,49,53,daß,dass,orthography:wordlist
Isa.57.15,198,201,198,202,daß,dass,orthography:wordlist
Isa.58.4,120,123,120,124,daß,dass,orthography:wordlist
Isa.58.5,12,15,12,16,daß,dass,orthography:wordlist
Isa.58.5,118,122,119,124,läßt,lässt,orthography:wordlist
Isa.58.6,44,47,44,48,daß,dass,orthography:wordlist
Isa.58.6,79,82,80,84,daß,dass,orthography:wordlist
Isa.58.6,116,119,118,122,daß,dass,orthography:wordlist
Isa.58.7,0,3,0,4,daß,dass,orthography:wordlist
Isa.58.7,79,82,80,84,daß,dass,orthography:wordlist
Isa.58.11,24,32,24,33,Unterlaß,Unterlass,orthography:wordlist
Isa.58.13,43,46,43,47,daß,dass,orthography:wordlist
Isa.58.13,208,211,209,213,daß,dass,orthography:wordlist
Isa.59.2,134,137,134,138,daß,dass,orthography:wordlist
Isa.59.5,80,83,80,84,ißt,isst,orthography:wordlist
Isa.59.5,85,88,86,90,muß,muss,orthography:wordlist
Isa.59.11,48,56,48,57,Unterlaß,Unterlass,orthography:wordlist
Isa.59.13,9,12,9,13,daß,dass,orthography:wordlist
Isa.59.13,101,104,102,106,daß,dass,orthography:wordlist
Isa.59.15,20,27,20,28,vermißt,vermisst,orthography:wordlist
Isa.59.15,53,58,54,60,mußte,musste,orthography:wordlist
Isa.59.15,110,117,112,120,mißfiel,missfiel,orthography:wordlist
Isa.59.15,126,129,129,133,daß,dass,orthography:wordlist
Isa.59.16,13,16,13,17,daß,dass,orthography:wordlist
Isa.59.16,64,67,65,69,daß,dass,orthography:wordlist
Isa.60.15,6,9,6,10,daß,dass,orthography:wordlist
Isa.60.15,27,34,28,36,verhaßt,verhasst,orthography:wordlist
Isa.60.15,54,57,56,60,daß,dass,orthography:wordlist
Isa.60.15,119,122,122,126,daß,dass,orthography:wordlist
Isa.60.16,101,104,101,105,daß,dass,orthography:wordlist
Isa.61.3,37,40,37,41,daß,dass,orthography:wordlist
Isa.61.3,151,154,152,156,daß,dass,orthography:wordlist
Isa.61.9,58,68,58,69,Sprößlinge,Sprösslinge,orthography:wordlist
Isa.61.9,130,133,131,135,daß,dass,orthography:wordlist
Isa.61.11,91,95,91,96,läßt,lässt,orthography:wordlist
Isa.62.7,13,17,13,18,laßt,lasst,orthography:wordlist
Isa.62.11,16,20,16,21,läßt,lässt,orthography:wordlist
Isa.63.3,156,159,156,160,daß,dass,orthography:wordlist
Isa.63.13,40,43,40,44,Roß,Ross,orthography:wordlist
Isa.63.13,64,67,65,69,daß,dass,orthography:wordlist
Isa.63.17,86,89,86,90,daß,dass,orthography:wordlist
Isa.64.1,5,8,5,9,daß,dass,orthography:wordlist
Isa.64.1,52,55,53,57,daß,dass,orthography:wordlist
Isa.64.1,184,187,186,190,daß,dass,orthography:wordlist
Isa.64.1,217,223,220,227,müßten,müssten,orthography:wordlist
Isa.64.2,57,60,57,61,daß,dass,orthography:wordlist
Isa.64.3,83,86,83,87,daß,dass,orthography:wordlist
Isa.64.8,116,119,116,120,daß,dass,orthography:wordlist
Isa.65.4,69,72,69,73,ißt,isst,orthography:wordlist
Isa.65.8,178,181,178,182,daß,dass,orthography:wordlist
Isa.65.12,42,45,42,46,daß,dass,orthography:wordlist
Isa.65.12,80,84,81,86,müßt,müsst,orthography:wordlist
Isa.65.15,26,30,26,31,müßt,müsst,orthography:wordlist
Isa.65.16,3,6,3,7,daß,dass,orthography:wordlist
Isa.65.17,68,71,68,72,daß,dass,orthography:wordlist
Isa.65.22,33,36,33,37,daß,dass,orthography:wordlist
Isa.65.22,81,84,82,86,daß,dass,orthography:wordlist
Isa.65.23,134,144,134,145,Sprößlinge,Sprösslinge,orthography:wordlist
Isa.66.3,339,346,339,346,Greueln,Gräueln,orthography:wordlist
Isa.66.5,186,189,186,190,daß,dass,orthography:wordlist
Isa.66.15,77,80,77,81,daß,dass,orthography:wordlist
Isa.66.17,129,135,129,135,Greuel,Gräuel,orthography:wordlist
Isa.66.23,26,29,26,30,daß,dass,orthography:wordlist
Jer.1.10,85,88,85,89,daß,dass,orthography:wordlist
Jer.1.15,85,88,85,89,daß,dass,orthography:wordlist
Jer.1.16,66,69,66,70,daß,dass,orthography:wordlist
Jer.2.3,108,114,108,115,mußten,mussten,orthography:wordlist
Jer.2.5,69,72,69,73,daß,dass,orthography:wordlist
Jer.2.7,176,182,176,182,Greuel,Gräuel,orthography:wordlist
Jer.2.17,60,63,60,64,daß,dass,orthography:wordlist
Jer.2.25,30,33,30,34,daß,dass,orthography:wordlist
Jer.2.26,26,29,26,30,muß,muss,orthography:wordlist
Jer.2.32,9,16,9,17,Vergißt,Vergisst,orthography:wordlist
Jer.3.1,30,34,30,35,sein,seine,grammar:Frau-determiner
Jer.3.1,35,39,36,40,Weib,Frau,word:Weib-Frau
Jer.3.1,61,68,62,70,verläßt,verlässt,orthography:wordlist
Jer.3.8,21,24,21,25,daß,dass,orthography:wordlist
Jer.3.9,24,27,24,28,daß,dass,orthography:wordlist
Jer.3.13,28,31,28,32,daß,dass,orthography:wordlist
Jer.3.20,9,12,9,13,ein,eine,grammar:Frau-determiner
Jer.3.20,13,17,14,18,Weib,Frau,word:Weib-Frau
Jer.4.1,79,85,79,85,Greuel,Gräuel,orthography:wordlist
Jer.4.5,157,161,157,162,laßt,lasst,orthography:wordlist
Jer.4.7,158,161,158,162,daß,dass,orthography:wordlist
Jer.4.14,72,75,72,76,daß,dass,orthography:wordlist
Jer.4.16,0,4,0,5,Laßt,Lasst,orthography:wordlist
Jer.4.18,78,81,78,82,daß,dass,orthography:wordlist
Jer.4.18,100,103,101,105,daß,dass,orthography:wordlist
Jer.4.21,10,13,10,14,muß,muss,orthography:wordlist
Jer.5.6,111,114,111,115,daß,dass,orthography:wordlist
Jer.5.6,124,131,125,133,verläßt,verlässt,orthography:wordlist
Jer.5.8,78,85,78,85,Eheweib,Ehefrau,word:Weib-Frau
Jer.5.14,170,173,170,174,daß,dass,orthography:wordlist
Jer.5.19,37,40,37,41,daß,dass,orthography:wordlist
Jer.5.19,223,227,224,229,müßt,müsst,orthography:wordlist
Jer.5.20,39,43,39,44,laßt,lasst,orthography:wordlist
Jer.6.4,38,42,38,43,laßt,lasst,orthography:wordlist
Jer.6.5,14,18,14,19,laßt,lasst,orthography:wordlist
Jer.6.7,36,40,36,41,läßt,lässt,orthography:wordlist
Jer.6.7,47,51,48,53,läßt,lässt,orthography:wordlist
Jer.6.7,133,144,135,147,Mißhandlung,Misshandlung,orthography:wordlist
Jer.6.7,145,148,148,152,muß,muss,orthography:wordlist
Jer.6.8,0,3,0,4,Laß,Lass,orthography:wordlist
Jer.6.8,81,84,82,86,daß,dass,orthography:wordlist
Jer.6.10,53,56,53,57,daß,dass,orthography:wordlist
Jer.6.11,43,46,43,47,daß,dass,orthography:wordlist
Jer.6.11,179,183,180,184,Weib,Frau,word:Weib-Frau
Jer.6.12,54,60,54,60,Weiber,Frauen,word:Weib-Frau
Jer.6.15,44,50,44,50,Greuel,Gräuel,orthography:wordlist
Jer.6.27,66,69,66,70,daß,dass,orthography:wordlist
Jer.7.10,158,164,158,164,Greuel,Gräuel,orthography:wordlist
Jer.7.19,88,91,88,92,daß,dass,orthography:wordlist
Jer.7.30,97,103,97,103,Greuel,Gräuel,orthography:wordlist
Jer.8.5,101,104,101,105,daß,dass,orthography:wordlist
Jer.8.6,195,198,195,199,Roß,Ross,orthography:wordlist
Jer.8.12,51,57,51,57,Greuel,Gräuel,orthography:wordlist
Jer.8.14,37,41,37,42,laßt,lasst,orthography:wordlist
Jer.8.14,75,78,76,80,daß,dass,orthography:wordlist
Jer.8.23,2,5,2,6,daß,dass,orthography:wordlist
Jer.9.1,2,5,2,6,daß,dass,orthography:wordlist
Jer.9.1,52,55,53,57,daß,dass,orthography:wordlist
Jer.9.9,139,142,139,143,daß,dass,orthography:wordlist
Jer.9.10,126,129,126,130,daß,dass,orthography:wordlist
Jer.9.11,18,21,18,22,daß,dass,orthography:wordlist
Jer.9.11,82,85,83,87,daß,dass,orthography:wordlist
Jer.9.16,83,87,83,88,laßt,lasst,orthography:wordlist
Jer.9.17,0,3,0,4,daß,dass,orthography:wordlist
Jer.9.17,62,65,63,67,daß,dass,orthography:wordlist
Jer.9.18,124,130,124,131,mußten,mussten,orthography:wordlist
Jer.9.23,53,56,53,57,daß,dass,orthography:wordlist
Jer.9.23,92,95,93,97,daß,dass,orthography:wordlist
Jer.9.24,41,44,41,45,daß,dass,orthography:wordlist
Jer.10.5,80,83,80,84,muß,muss,orthography:wordlist
Jer.10.13,29,33,29,34,läßt,lässt,orthography:wordlist
Jer.10.18,119,122,119,123,daß,dass,orthography:wordlist
Jer.10.23,16,19,16,20,daß,dass,orthography:wordlist
Jer.10.23,69,72,70,74,daß,dass,orthography:wordlist
Jer.11.15,129,132,129,133,daß,dass,orthography:wordlist
Jer.11.18,45,48,45,49,daß,dass,orthography:wordlist
Jer.11.19,73,78,73,79,wußte,wusste,orthography:wordlist
Jer.11.19,86,89,87,91,daß,dass,orthography:wordlist
Jer.11.19,136,140,138,143,Laßt,Lasst,orthography:wordlist
Jer.11.19,231,234,234,238,daß,dass,orthography:wordlist
Jer.11.20,79,82,79,83,Laß,Lass,orthography:wordlist
Jer.11.21,174,178,174,179,mußt,musst,orthography:wordlist
Jer.11.23,5,8,5,9,daß,dass,orthography:wordlist
Jer.12.9,165,168,165,169,daß,dass,orthography:wordlist
Jer.12.12,85,90,85,91,frißt,frisst,orthography:wordlist
Jer.12.13,96,100,96,101,müßt,müsst,orthography:wordlist
Jer.12.16,54,57,54,58,daß,dass,orthography:wordlist
Jer.13.11,167,170,167,171,daß,dass,orthography:wordlist
Jer.13.12,185,188,185,189,daß,dass,orthography:wordlist
Jer.13.14,0,3,0,4,daß,dass,orthography:wordlist
Jer.13.21,144,147,144,148,ein,eine,grammar:Frau-determiner
Jer.13.21,148,152,149,153,Weib,Frau,word:Weib-Frau
Jer.13.26,64,67,64,68,daß,dass,orthography:wordlist
Jer.13.27,105,111,105,111,Greuel,Gräuel,orthography:wordlist
Jer.14.4,39,42,39,43,daß,dass,orthography:wordlist
Jer.14.5,20,27,20,28,verläßt,verlässt,orthography:wordlist
Jer.14.11,68,71,68,72,daß,dass,orthography:wordlist
Jer.14.16,174,180,174,180,Weiber,Frauen,word:Weib-Frau
Jer.14.19,80,86,80,86,Greuel,Gräuel,orthography:wordlist
Jer.14.19,123,126,123,127,daß,dass,orthography:wordlist
Jer.14.20,65,68,65,69,daß,dass,orthography:wordlist
Jer.15.4,21,32,21,33,Mißhandlung,Misshandlung,orthography:wordlist
Jer.15.10,26,29,26,30,daß,dass,orthography:wordlist
Jer.15.11,98,101,98,102,daß,dass,orthography:wordlist
Jer.15.15,159,162,159,163,daß,dass,orthography:wordlist
Jer.15.20,93,96,93,97,daß,dass,orthography:wordlist
Jer.16.1,76,80,76,81,kein,keine,grammar:Frau-determiner
Jer.16.1,81,85,82,86,Weib,Frau,word:Weib-Frau
Jer.16.18,148,155,148,155,Greueln,Gräueln,orthography:wordlist
Jer.16.21,123,126,123,127,daß,dass,orthography:wordlist
Jer.17.6,95,98,95,99,muß,muss,orthography:wordlist
Jer.17.11,132,135,132,136,muß,muss,orthography:wordlist
Jer.17.18,51,54,51,55,laß,lass,orthography:wordlist
Jer.17.18,113,116,114,118,laß,lass,orthography:wordlist
Jer.17.21,55,58,55,59,daß,dass,orthography:wordlist
Jer.17.24,146,149,146,150,daß,dass,orthography:wordlist
Jer.17.27,46,49,46,50,daß,dass,orthography:wordlist
Jer.18.14,0,7,0,8,Verläßt,Verlässt,orthography:wordlist
Jer.18.16,61,64,61,65,daß,dass,orthography:wordlist
Jer.18.18,25,29,25,30,laßt,lasst,orthography:wordlist
Jer.18.18,188,192,189,194,laßt,lasst,orthography:wordlist
Jer.18.18,231,234,233,237,daß,dass,orthography:wordlist
Jer.18.21,76,82,76,82,Weiber,Frauen,word:Weib-Frau
Jer.18.23,53,59,53,60,gefaßt,gefasst,orthography:wordlist
Jer.18.23,179,182,180,184,laß,lass,orthography:wordlist
Jer.19.3,201,204,201,205,daß,dass,orthography:wordlist
Jer.19.4,7,10,7,11,daß,dass,orthography:wordlist
Jer.19.8,75,78,75,79,daß,dass,orthography:wordlist
Jer.19.9,86,89,86,90,daß,dass,orthography:wordlist
Jer.19.12,80,83,80,84,daß,dass,orthography:wordlist
Jer.20.8,21,24,21,25,muß,muss,orthography:wordlist
Jer.20.8,71,74,72,76,daß,dass,orthography:wordlist
Jer.20.10,209,213,209,214,läßt,lässt,orthography:wordlist
Jer.20.12,88,91,88,92,laß,lass,orthography:wordlist
Jer.20.16,75,78,75,79,daß,dass,orthography:wordlist
Jer.20.16,93,96,94,98,laß,lass,orthography:wordlist
Jer.20.17,46,49,46,50,daß,dass,orthography:wordlist
Jer.20.18,90,93,90,94,daß,dass,orthography:wordlist
Jer.21.2,175,178,175,179,daß,dass,orthography:wordlist
Jer.21.12,188,191,188,192,daß,dass,orthography:wordlist
Jer.22.4,8,13,8,14,gewiß,gewiss,orthography:wordlist
Jer.22.5,93,96,93,97,daß,dass,orthography:wordlist
Jer.22.6,117,122,117,123,gewiß,gewiss,orthography:wordlist
Jer.22.13,124,128,124,129,läßt,lässt,orthography:wordlist
Jer.22.15,21,24,21,25,daß,dass,orthography:wordlist
Jer.22.17,146,157,146,158,Mißhandlung,Misshandlung,orthography:wordlist
Jer.22.21,158,161,158,162,daß,dass,orthography:wordlist
Jer.23.3,136,139,136,140,daß,dass,orthography:wordlist
Jer.23.4,138,145,138,146,vermißt,vermisst,orthography:wordlist
Jer.23.5,80,85,80,86,Sproß,Spross,orthography:wordlist
Jer.23.10,156,167,156,168,mißbrauchen,missbrauchen,orthography:wordlist
Jer.23.13,60,63,60,64,daß,dass,orthography:wordlist
Jer.23.14,160,163,160,164,daß,dass,orthography:wordlist
Jer.23.24,40,43,40,44,daß,dass,orthography:wordlist
Jer.24.3,153,156,153,157,daß,dass,orthography:wordlist
Jer.24.7,35,38,35,39,daß,dass,orthography:wordlist
Jer.24.7,65,68,66,70,daß,dass,orthography:wordlist
Jer.24.8,49,52,49,53,daß,dass,orthography:wordlist
Jer.25.16,0,3,0,4,daß,dass,orthography:wordlist
Jer.25.28,160,164,160,165,müßt,müsst,orthography:wordlist
Jer.25.34,119,122,119,123,daß,dass,orthography:wordlist
Jer.25.38,51,54,51,55,daß,dass,orthography:wordlist
Jer.26.4,85,88,85,89,daß,dass,orthography:wordlist
Jer.26.8,166,170,166,171,mußt,musst,orthography:wordlist
Jer.26.15,22,25,22,26,daß,dass,orthography:wordlist
Jer.26.19,160,163,160,164,daß,dass,orthography:wordlist
Jer.26.24,64,67,64,68,daß,dass,orthography:wordlist
Jer.28.1,130,133,130,134,daß,dass,orthography:wordlist
Jer.28.6,140,143,140,144,daß,dass,orthography:wordlist
Jer.28.14,130,133,130,134,daß,dass,orthography:wordlist
Jer.28.15,153,156,153,157,daß,dass,orthography:wordlist
Jer.28.15,175,182,176,184,verläßt,verlässt,orthography:wordlist
Jer.29.6,154,157,154,158,daß,dass,orthography:wordlist
Jer.29.6,188,191,189,193,daß,dass,orthography:wordlist
Jer.29.19,7,10,7,11,daß,dass,orthography:wordlist
Jer.29.21,235,238,235,239,daß,dass,orthography:wordlist
Jer.29.22,108,111,108,112,daß,dass,orthography:wordlist
Jer.29.26,167,170,167,171,daß,dass,orthography:wordlist
Jer.29.31,0,3,0,4,Laß,Lass,orthography:wordlist
Jer.29.31,117,120,118,122,daß,dass,orthography:wordlist
Jer.30.6,75,78,75,79,daß,dass,orthography:wordlist
Jer.30.6,146,149,147,151,daß,dass,orthography:wordlist
Jer.30.8,71,74,71,75,daß,dass,orthography:wordlist
Jer.30.8,155,158,156,160,daß,dass,orthography:wordlist
Jer.31.2,106,109,106,110,daß,dass,orthography:wordlist
Jer.31.6,90,94,90,95,laßt,lasst,orthography:wordlist
Jer.31.20,106,109,106,110,muß,muss,orthography:wordlist
Jer.31.20,192,195,193,197,muß,muss,orthography:wordlist
Jer.31.22,133,136,133,136,das,die,grammar:Frau-determiner
Jer.31.22,137,141,137,141,Weib,Frau,word:Weib-Frau
Jer.31.30,88,91,88,92,ißt,isst,orthography:wordlist
Jer.31.32,45,51,45,52,schloß,schloss,orthography:wordlist
Jer.31.35,156,159,156,160,daß,dass,orthography:wordlist
Jer.31.39,20,29,20,30,Meßschnur,Messschnur,orthography:wordlist
Jer.32.3,200,203,200,204,daß,dass,orthography:wordlist
Jer.32.4,77,82,77,83,gewiß,gewiss,orthography:wordlist
Jer.32.5,52,55,52,56,muß,muss,orthography:wordlist
Jer.32.9,17,20,17,21,daß,dass,orthography:wordlist
Jer.32.24,52,55,52,56,daß,dass,orthography:wordlist
Jer.32.28,137,140,137,141,daß,dass,orthography:wordlist
Jer.32.31,115,118,115,119,daß,dass,orthography:wordlist
Jer.32.35,196,199,196,200,daß,dass,orthography:wordlist
Jer.32.35,211,217,212,218,Greuel,Gräuel,orthography:wordlist
Jer.32.36,98,101,98,102,daß,dass,orthography:wordlist
Jer.32.39,69,72,69,73,daß,dass,orthography:wordlist
Jer.32.40,52,55,52,56,daß,dass,orthography:wordlist
Jer.32.40,153,156,154,158,daß,dass,orthography:wordlist
Jer.33.3,109,116,109,117,wußtest,wusstest,orthography:wordlist
Jer.33.10,55,58,55,59,daß,dass,orthography:wordlist
Jer.33.11,325,328,325,329,daß,dass,orthography:wordlist
Jer.33.15,74,79,74,80,Sproß,Spross,orthography:wordlist
Jer.33.20,117,120,117,121,daß,dass,orthography:wordlist
Jer.33.21,69,72,69,73,daß,dass,orthography:wordlist
Jer.33.21,165,168,166,170,daß,dass,orthography:wordlist
Jer.33.24,165,168,165,169,daß,dass,orthography:wordlist
Jer.33.25,33,38,33,39,gewiß,gewiss,orthography:wordlist
Jer.33.26,73,76,73,77,daß,dass,orthography:wordlist
Jer.34.3,59,64,59,65,gewiß,gewiss,orthography:wordlist
Jer.34.9,0,3,0,4,daß,dass,orthography:wordlist
Jer.34.10,75,78,75,79,daß,dass,orthography:wordlist
Jer.34.17,58,61,58,62,daß,dass,orthography:wordlist
Jer.34.20,96,99,96,100,daß,dass,orthography:wordlist
Jer.34.22,196,199,196,200,daß,dass,orthography:wordlist
Jer.35.7,149,152,149,153,daß,dass,orthography:wordlist
Jer.35.8,158,164,158,164,Weiber,Frauen,word:Weib-Frau
Jer.35.11,90,94,90,95,laßt,lasst,orthography:wordlist
Jer.35.13,170,173,170,174,daß,dass,orthography:wordlist
Jer.35.14,84,87,84,88,daß,dass,orthography:wordlist
Jer.36.3,145,148,145,149,daß,dass,orthography:wordlist
Jer.36.5,65,68,65,69,daß,dass,orthography:wordlist
Jer.36.9,107,110,107,111,daß,dass,orthography:wordlist
Jer.36.19,74,77,74,78,daß,dass,orthography:wordlist
Jer.36.24,57,63,57,64,zerriß,zerriss,orthography:wordlist
Jer.36.29,157,160,157,161,daß,dass,orthography:wordlist
Jer.36.29,181,186,182,188,gewiß,gewiss,orthography:wordlist
Jer.36.30,172,175,172,176,daß,dass,orthography:wordlist
Jer.37.9,31,34,31,35,daß,dass,orthography:wordlist
Jer.37.9,111,116,112,118,gewiß,gewiss,orthography:wordlist
Jer.37.18,116,119,116,120,daß,dass,orthography:wordlist
Jer.37.20,50,53,50,54,Laß,Lass,orthography:wordlist
Jer.37.21,29,32,29,33,daß,dass,orthography:wordlist
Jer.38.2,53,56,53,57,muß,muss,orthography:wordlist
Jer.38.3,43,48,43,49,gewiß,gewiss,orthography:wordlist
Jer.38.4,97,100,97,101,daß,dass,orthography:wordlist
Jer.38.7,69,72,69,73,daß,dass,orthography:wordlist
Jer.38.9,54,57,54,58,daß,dass,orthography:wordlist
Jer.38.9,119,122,120,124,daß,dass,orthography:wordlist
Jer.38.9,153,156,155,159,muß,muss,orthography:wordlist
Jer.38.19,143,146,143,147,daß,dass,orthography:wordlist
Jer.38.23,179,185,179,186,erfaßt,erfasst,orthography:wordlist
Jer.38.24,83,87,83,88,mußt,musst,orthography:wordlist
Jer.38.25,35,38,35,39,daß,dass,orthography:wordlist
Jer.39.1,25,28,25,29,daß,dass,orthography:wordlist
Jer.40.4,233,236,233,237,laß,lass,orthography:wordlist
Jer.40.7,104,107,104,108,daß,dass,orthography:wordlist
Jer.40.7,198,204,199,205,Weiber,Frauen,word:Weib-Frau
Jer.40.11,102,105,102,106,daß,dass,orthography:wordlist
Jer.40.14,24,27,24,28,daß,dass,orthography:wordlist
Jer.40.15,73,76,73,77,Laß,Lass,orthography:wordlist
Jer.40.15,145,148,146,150,daß,dass,orthography:wordlist
Jer.40.15,206,209,208,212,daß,dass,orthography:wordlist
Jer.41.1,39,42,39,43,daß,dass,orthography:wordlist
Jer.41.16,265,271,265,271,Weiber,Frauen,word:Weib-Frau
Jer.42.2,36,39,36,40,Laß,Lass,orthography:wordlist
Jer.42.12,44,47,44,48,daß,dass,orthography:wordlist
Jer.42.13,67,70,67,71,daß,dass,orthography:wordlist
Jer.42.19,110,113,110,114,daß,dass,orthography:wordlist
Jer.42.20,42,45,42,46,daß,dass,orthography:wordlist
Jer.42.21,147,151,147,152,läßt,lässt,orthography:wordlist
Jer.42.22,19,22,19,23,daß,dass,orthography:wordlist
Jer.43.4,121,124,121,125,daß,dass,orthography:wordlist
Jer.43.6,8,14,8,14,Weiber,Frauen,word:Weib-Frau
Jer.43.9,139,142,139,143,laß,lass,orthography:wordlist
Jer.44.4,109,115,109,115,Greuel,Gräuel,orthography:wordlist
Jer.44.5,56,59,56,60,daß,dass,orthography:wordlist
Jer.44.6,113,116,113,117,daß,dass,orthography:wordlist
Jer.44.7,158,164,158,164,Weiber,Frauen,word:Weib-Frau
Jer.44.7,210,213,210,214,daß,dass,orthography:wordlist
Jer.44.8,24,27,24,28,daß,dass,orthography:wordlist
Jer.44.9,112,118,112,118,Weiber,Frauen,word:Weib-Frau
Jer.44.9,177,183,177,183,Weiber,Frauen,word:Weib-Frau
Jer.44.14,3,6,3,7,daß,dass,orthography:wordlist
Jer.44.15,47,53,47,54,wußten,wussten,orthography:wordlist
Jer.44.15,55,58,56,60,daß,dass,orthography:wordlist
Jer.44.19,115,118,115,119,daß,dass,orthography:wordlist
Jer.44.22,115,121,115,121,Greuel,Gräuel,orthography:wordlist
Jer.44.26,148,151,148,152,daß,dass,orthography:wordlist
Jer.44.26,251,254,252,256,daß,dass,orthography:wordlist
Jer.44.27,68,71,68,72,daß,dass,orthography:wordlist
Jer.44.29,58,61,58,62,daß,dass,orthography:wordlist
Jer.44.29,131,134,132,136,daß,dass,orthography:wordlist
Jer.46.5,91,94,91,95,daß,dass,orthography:wordlist
Jer.46.7,29,32,29,33,daß,dass,orthography:wordlist
Jer.46.10,89,92,89,93,daß,dass,orthography:wordlist
Jer.46.13,74,77,74,78,daß,dass,orthography:wordlist
Jer.46.16,59,62,59,63,daß,dass,orthography:wordlist
Jer.46.16,84,88,85,90,laßt,lasst,orthography:wordlist
Jer.46.25,205,212,205,213,verläßt,verlässt,orthography:wordlist
Jer.47.2,188,191,188,192,daß,dass,orthography:wordlist
Jer.48.2,80,84,80,85,laßt,lasst,orthography:wordlist
Jer.48.2,104,107,105,109,daß,dass,orthography:wordlist
Jer.48.7,117,120,117,121,muß,muss,orthography:wordlist
Jer.48.9,36,39,36,40,daß,dass,orthography:wordlist
Jer.48.15,100,103,100,104,muß,muss,orthography:wordlist
Jer.48.20,96,99,96,100,daß,dass,orthography:wordlist
Jer.48.27,87,90,87,91,daß,dass,orthography:wordlist
Jer.48.29,36,39,36,40,daß,dass,orthography:wordlist
Jer.48.31,6,9,6,10,muß,muss,orthography:wordlist
Jer.48.32,19,22,19,23,muß,muss,orthography:wordlist
Jer.48.41,126,131,126,131,eines,einer,grammar:Frau-determiner
Jer.48.41,132,138,132,136,Weibes,Frau,word:Weib-Frau
Jer.48.42,25,28,25,29,daß,dass,orthography:wordlist
Jer.49.2,119,122,119,123,daß,dass,orthography:wordlist
Jer.49.3,147,150,147,151,muß,muss,orthography:wordlist
Jer.49.10,71,74,71,75,daß,dass,orthography:wordlist
Jer.49.11,0,3,0,4,Laß,Lass,orthography:wordlist
Jer.49.12,202,206,202,207,mußt,musst,orthography:wordlist
Jer.49.12,207,212,208,214,gewiß,gewiss,orthography:wordlist
Jer.49.13,59,62,59,63,daß,dass,orthography:wordlist
Jer.49.20,48,54,48,55,gefaßt,gefasst,orthography:wordlist
Jer.49.22,150,155,150,155,eines,einer,grammar:Frau-determiner
Jer.49.22,156,162,156,160,Weibes,Frau,word:Weib-Frau
Jer.49.33,75,78,75,79,daß,dass,orthography:wordlist
Jer.49.36,135,138,135,139,daß,dass,orthography:wordlist
Jer.50.3,84,87,84,88,daß,dass,orthography:wordlist
Jer.50.5,66,70,66,71,laßt,lasst,orthography:wordlist
Jer.50.6,71,74,71,75,daß,dass,orthography:wordlist
Jer.50.10,36,39,36,40,daß,dass,orthography:wordlist
Jer.50.15,46,49,46,50,muß,muss,orthography:wordlist
Jer.50.24,95,98,95,99,daß,dass,orthography:wordlist
Jer.50.26,116,119,116,120,daß,dass,orthography:wordlist
Jer.50.29,92,95,92,96,daß,dass,orthography:wordlist
Jer.50.34,93,96,93,97,daß,dass,orthography:wordlist
Jer.50.36,32,35,32,36,daß,dass,orthography:wordlist
Jer.50.36,88,91,89,93,daß,dass,orthography:wordlist
Jer.50.37,91,94,91,95,daß,dass,orthography:wordlist
Jer.50.37,102,109,103,109,Weibern,Frauen,word:Weib-Frau
Jer.50.37,149,152,149,153,daß,dass,orthography:wordlist
Jer.50.38,33,36,33,37,daß,dass,orthography:wordlist
Jer.50.43,52,56,52,57,läßt,lässt,orthography:wordlist
Jer.50.45,16,25,16,26,Ratschluß,Ratschluss,orthography:wordlist
Jer.50.45,135,140,136,142,gewiß,gewiss,orthography:wordlist
Jer.50.45,158,168,160,171,mißhandelt,misshandelt,orthography:wordlist
Jer.50.45,184,189,187,193,gewiß,gewiss,orthography:wordlist
Jer.51.3,0,4,0,5,Laßt,Lasst,orthography:wordlist
Jer.51.6,52,55,52,56,daß,dass,orthography:wordlist
Jer.51.16,27,31,27,32,läßt,lässt,orthography:wordlist
Jer.51.16,167,171,168,173,läßt,lässt,orthography:wordlist
Jer.51.21,26,29,26,30,Roß,Ross,orthography:wordlist
Jer.51.22,49,53,49,53,Weib,Frau,word:Weib-Frau
Jer.51.26,0,3,0,4,daß,dass,orthography:wordlist
Jer.51.29,45,54,45,55,Ratschluß,Ratschluss,orthography:wordlist
Jer.51.29,138,141,139,143,daß,dass,orthography:wordlist
Jer.51.30,105,112,105,111,Weibern,Frauen,word:Weib-Frau
Jer.51.31,102,105,102,106,daß,dass,orthography:wordlist
Jer.51.32,0,3,0,4,daß,dass,orthography:wordlist
Jer.51.46,0,3,0,4,Daß,Dass,orthography:wordlist
Jer.51.51,4,10,4,11,mußten,mussten,orthography:wordlist
Jer.51.51,69,75,70,77,mußten,mussten,orthography:wordlist
Jer.51.57,109,112,109,113,daß,dass,orthography:wordlist
Jer.51.62,61,64,61,65,daß,dass,orthography:wordlist
Jer.51.62,96,99,97,101,daß,dass,orthography:wordlist
Jer.51.62,167,170,169,173,daß,dass,orthography:wordlist
Jer.52.3,116,119,116,120,daß,dass,orthography:wordlist
Jer.52.4,98,101,98,102,daß,dass,orthography:wordlist
Lam.1.10,173,176,173,177,daß,dass,orthography:wordlist
Lam.1.18,167,173,167,174,mußten,mussten,orthography:wordlist
Lam.1.21,120,123,120,124,daß,dass,orthography:wordlist
Lam.2.4,173,176,173,177,goß,goss,orthography:wordlist
Lam.2.8,90,99,90,100,Meßschnur,Messschnur,orthography:wordlist
Lam.2.8,138,141,139,143,daß,dass,orthography:wordlist
Lam.2.18,82,85,82,86,laß,lass,orthography:wordlist
Lam.3.6,18,22,18,23,läßt,lässt,orthography:wordlist
Lam.3.7,34,37,34,38,daß,dass,orthography:wordlist
Lam.3.17,51,54,51,55,daß,dass,orthography:wordlist
Lam.3.22,32,35,32,36,daß,dass,orthography:wordlist
Lam.3.37,51,54,51,55,daß,dass,orthography:wordlist
Lam.3.44,36,39,36,40,daß,dass,orthography:wordlist
Lam.3.51,14,17,14,18,muß,muss,orthography:wordlist
Lam.4.6,124,127,124,128,daß,dass,orthography:wordlist
Lam.4.12,79,82,79,83,daß,dass,orthography:wordlist
Lam.4.14,80,83,80,84,daß,dass,orthography:wordlist
Lam.4.18,39,42,39,43,daß,dass,orthography:wordlist
Lam.5.16,49,52,49,53,daß,dass,orthography:wordlist
Lam.5.21,52,55,52,56,laß,lass,orthography:wordlist
Ezek.1.1,122,125,122,126,daß,dass,orthography:wordlist
Ezek.1.18,40,43,40,44,daß,dass,orthography:wordlist
Ezek.2.5,113,116,113,117,daß,dass,orthography:wordlist
Ezek.2.8,124,126,124,127,iß,iss,orthography:wordlist
Ezek.3.1,45,47,45,48,iß,iss,orthography:wordlist
Ezek.3.1,73,75,74,77,iß,iss,orthography:wordlist
Ezek.3.18,33,37,33,38,mußt,musst,orthography:wordlist
Ezek.3.21,41,44,41,45,daß,dass,orthography:wordlist
Ezek.3.25,103,106,103,107,daß,dass,orthography:wordlist
Ezek.3.26,66,69,66,70,daß,dass,orthography:wordlist
Ezek.3.27,66,69,66,70,daß,dass,orthography:wordlist
Ezek.4.3,140,143,140,144,daß,dass,orthography:wordlist
Ezek.4.8,41,44,41,45,daß,dass,orthography:wordlist
Ezek.4.9,179,183,179,184,mußt,musst,orthography:wordlist
Ezek.4.15,74,77,74,78,daß,dass,orthography:wordlist
Ezek.4.16,100,103,100,104,daß,dass,orthography:wordlist
Ezek.5.9,115,121,115,121,Greuel,Gräuel,orthography:wordlist
Ezek.5.11,89,96,89,96,Greueln,Gräueln,orthography:wordlist
Ezek.5.13,106,109,106,110,daß,dass,orthography:wordlist
Ezek.5.13,131,134,132,136,daß,dass,orthography:wordlist
Ezek.5.17,75,78,75,79,daß,dass,orthography:wordlist
Ezek.6.6,80,83,80,84,daß,dass,orthography:wordlist
Ezek.6.7,73,76,73,77,daß,dass,orthography:wordlist
Ezek.6.9,341,348,341,348,Greueln,Gräueln,orthography:wordlist
Ezek.6.10,81,84,81,85,daß,dass,orthography:wordlist
Ezek.6.11,138,144,138,144,Greuel,Gräuel,orthography:wordlist
Ezek.6.13,29,32,29,33,daß,dass,orthography:wordlist
Ezek.6.14,179,182,179,183,daß,dass,orthography:wordlist
Ezek.7.3,137,143,137,143,Greuel,Gräuel,orthography:wordlist
Ezek.7.4,134,141,134,141,Greueln,Gräueln,orthography:wordlist
Ezek.7.4,208,211,208,212,daß,dass,orthography:wordlist
Ezek.7.8,142,148,142,148,Greuel,Gräuel,orthography:wordlist
Ezek.7.9,128,135,128,135,Greueln,Gräueln,orthography:wordlist
Ezek.7.9,200,203,200,204,daß,dass,orthography:wordlist
Ezek.7.20,78,88,78,88,greulichen,gräulichen,orthography:wordlist
Ezek.7.21,78,81,78,82,daß,dass,orthography:wordlist
Ezek.7.22,46,49,46,50,daß,dass,orthography:wordlist
Ezek.7.24,55,58,55,59,daß,dass,orthography:wordlist
Ezek.7.27,220,223,220,224,daß,dass,orthography:wordlist
Ezek.8.1,70,73,70,74,daß,dass,orthography:wordlist
Ezek.8.6,118,124,118,124,Greuel,Gräuel,orthography:wordlist
Ezek.8.6,165,168,165,169,daß,dass,orthography:wordlist
Ezek.8.6,209,212,210,214,muß,muss,orthography:wordlist
Ezek.8.6,246,252,248,254,Greuel,Gräuel,orthography:wordlist
Ezek.8.9,51,57,51,57,Greuel,Gräuel,orthography:wordlist
Ezek.8.10,89,99,89,99,greulichem,gräulichem,orthography:wordlist
Ezek.8.13,51,57,51,57,Greuel,Gräuel,orthography:wordlist
Ezek.8.14,134,140,134,140,Weiber,Frauen,word:Weib-Frau
Ezek.8.15,105,111,105,111,Greuel,Gräuel,orthography:wordlist
Ezek.8.17,93,99,93,99,Greuel,Gräuel,orthography:wordlist
Ezek.8.17,133,136,133,137,daß,dass,orthography:wordlist
Ezek.9.4,163,169,163,169,Greuel,Gräuel,orthography:wordlist
Ezek.10.4,93,96,93,97,daß,dass,orthography:wordlist
Ezek.10.16,111,114,111,115,daß,dass,orthography:wordlist
Ezek.10.20,110,113,110,114,daß,dass,orthography:wordlist
Ezek.11.10,111,114,111,115,daß,dass,orthography:wordlist
Ezek.11.12,42,45,42,46,daß,dass,orthography:wordlist
Ezek.11.13,42,45,42,46,daß,dass,orthography:wordlist
Ezek.11.18,51,57,51,57,Greuel,Gräuel,orthography:wordlist
Ezek.11.21,29,36,29,36,Greueln,Gräueln,orthography:wordlist
Ezek.12.6,122,125,122,126,daß,dass,orthography:wordlist
Ezek.12.12,204,207,204,208,daß,dass,orthography:wordlist
Ezek.12.15,26,29,26,30,daß,dass,orthography:wordlist
Ezek.12.16,155,161,155,161,Greuel,Gräuel,orthography:wordlist
Ezek.12.16,185,188,185,189,daß,dass,orthography:wordlist
Ezek.12.20,79,82,79,83,daß,dass,orthography:wordlist
Ezek.12.23,94,97,94,98,daß,dass,orthography:wordlist
Ezek.13.5,86,89,86,90,daß,dass,orthography:wordlist
Ezek.13.6,176,179,176,180,daß,dass,orthography:wordlist
Ezek.13.9,287,290,287,291,daß,dass,orthography:wordlist
Ezek.13.11,47,50,47,51,daß,dass,orthography:wordlist
Ezek.13.14,98,101,98,102,daß,dass,orthography:wordlist
Ezek.13.14,198,201,199,203,daß,dass,orthography:wordlist
Ezek.13.18,36,43,36,42,Weibern,Frauen,word:Weib-Frau
Ezek.13.21,81,84,81,85,daß,dass,orthography:wordlist
Ezek.13.21,163,166,164,168,daß,dass,orthography:wordlist
Ezek.13.22,140,143,140,144,daß,dass,orthography:wordlist
Ezek.13.23,163,166,163,167,daß,dass,orthography:wordlist
Ezek.14.6,151,158,151,158,Greueln,Gräueln,orthography:wordlist
Ezek.14.8,72,75,72,76,daß,dass,orthography:wordlist
Ezek.14.8,187,190,188,192,daß,dass,orthography:wordlist
Ezek.14.15,92,95,92,96,daß,dass,orthography:wordlist
Ezek.14.19,105,108,105,109,daß,dass,orthography:wordlist
Ezek.14.23,100,103,100,104,daß,dass,orthography:wordlist
Ezek.15.4,31,34,31,35,daß,dass,orthography:wordlist
Ezek.15.7,151,154,151,155,daß,dass,orthography:wordlist
Ezek.16.2,35,41,35,41,Greuel,Gräuel,orthography:wordlist
Ezek.16.5,43,46,43,47,daß,dass,orthography:wordlist
Ezek.16.21,39,42,39,43,daß,dass,orthography:wordlist
Ezek.16.22,21,28,21,28,Greueln,Gräueln,orthography:wordlist
Ezek.16.31,0,3,0,4,daß,dass,orthography:wordlist
Ezek.16.31,149,152,150,154,daß,dass,orthography:wordlist
Ezek.16.32,6,22,6,21,ehebrecherisches,ehebrecherische,grammar:Frau-adjective
Ezek.16.32,23,27,22,26,Weib,Frau,word:Weib-Frau
Ezek.16.32,29,36,28,34,welches,welche,grammar:Frau-relative
Ezek.16.33,93,96,93,97,daß,dass,orthography:wordlist
Ezek.16.34,56,63,56,62,Weibern,Frauen,word:Weib-Frau
Ezek.16.37,101,107,101,108,gehaßt,gehasst,orthography:wordlist
Ezek.16.37,221,224,222,226,daß,dass,orthography:wordlist
Ezek.16.41,105,111,105,111,Weiber,Frauen,word:Weib-Frau
Ezek.16.42,51,54,51,55,daß,dass,orthography:wordlist
Ezek.16.43,215,222,215,222,Greueln,Gräueln,orthography:wordlist
Ezek.16.47,56,63,56,63,Greueln,Gräueln,orthography:wordlist
Ezek.16.50,37,43,37,43,Greuel,Gräuel,orthography:wordlist
Ezek.16.51,80,86,80,86,Greuel,Gräuel,orthography:wordlist
Ezek.16.51,106,109,106,110,daß,dass,orthography:wordlist
Ezek.16.51,174,180,175,181,Greuel,Gräuel,orthography:wordlist
Ezek.16.52,123,129,123,129,Greuel,Gräuel,orthography:wordlist
Ezek.16.52,156,159,156,160,daß,dass,orthography:wordlist
Ezek.16.58,24,30,24,30,Greuel,Gräuel,orthography:wordlist
Ezek.16.58,45,49,45,50,mußt,musst,orthography:wordlist
Ezek.16.62,70,73,70,74,daß,dass,orthography:wordlist
Ezek.17.9,101,104,101,105,daß,dass,orthography:wordlist
Ezek.17.13,61,67,61,68,schloß,schloss,orthography:wordlist
Ezek.17.14,90,93,90,94,daß,dass,orthography:wordlist
Ezek.17.18,36,39,36,40,daß,dass,orthography:wordlist
Ezek.17.21,177,180,177,181,daß,dass,orthography:wordlist
Ezek.17.23,135,138,135,139,daß,dass,orthography:wordlist
Ezek.17.24,43,46,43,47,daß,dass,orthography:wordlist
Ezek.17.24,124,127,125,129,daß,dass,orthography:wordlist
Ezek.18.6,43,46,43,47,ißt,isst,orthography:wordlist
Ezek.18.6,122,126,123,127,Weib,Frau,word:Weib-Frau
Ezek.18.6,155,161,156,162,seinem,seiner,grammar:Frau-determiner
Ezek.18.6,162,167,163,167,Weibe,Frau,word:Weib-Frau
Ezek.18.8,123,127,123,128,läßt,lässt,orthography:wordlist
Ezek.18.9,116,121,116,122,gewiß,gewiss,orthography:wordlist
Ezek.18.11,42,45,42,46,ißt,isst,orthography:wordlist
Ezek.18.11,63,67,64,68,Weib,Frau,word:Weib-Frau
Ezek.18.12,99,105,99,105,Greuel,Gräuel,orthography:wordlist
Ezek.18.13,101,107,101,107,Greuel,Gräuel,orthography:wordlist
Ezek.18.15,30,33,30,34,ißt,isst,orthography:wordlist
Ezek.18.15,109,113,110,114,Weib,Frau,word:Weib-Frau
Ezek.18.17,200,205,200,206,gewiß,gewiss,orthography:wordlist
Ezek.18.21,23,29,23,30,abläßt,ablässt,orthography:wordlist
Ezek.18.21,158,163,159,165,gewiß,gewiss,orthography:wordlist
Ezek.18.23,101,104,101,105,daß,dass,orthography:wordlist
Ezek.18.24,96,103,96,103,Greueln,Gräueln,orthography:wordlist
Ezek.18.26,145,148,145,149,muß,muss,orthography:wordlist
Ezek.18.28,105,110,105,111,gewiß,gewiss,orthography:wordlist
Ezek.18.30,146,150,146,151,laßt,lasst,orthography:wordlist
Ezek.19.5,18,21,18,22,daß,dass,orthography:wordlist
Ezek.19.7,69,72,69,73,daß,dass,orthography:wordlist
Ezek.19.11,28,31,28,32,daß,dass,orthography:wordlist
Ezek.19.11,121,124,122,126,daß,dass,orthography:wordlist
Ezek.19.14,84,87,84,88,daß,dass,orthography:wordlist
Ezek.20.1,71,74,71,75,daß,dass,orthography:wordlist
Ezek.20.4,76,82,76,82,Greuel,Gräuel,orthography:wordlist
Ezek.20.7,44,50,44,50,Greuel,Gräuel,orthography:wordlist
Ezek.20.8,76,79,76,80,daß,dass,orthography:wordlist
Ezek.20.8,94,100,95,101,Greuel,Gräuel,orthography:wordlist
Ezek.20.9,43,46,43,47,daß,dass,orthography:wordlist
Ezek.20.12,108,111,108,112,daß,dass,orthography:wordlist
Ezek.20.14,43,46,43,47,daß,dass,orthography:wordlist
Ezek.20.15,41,44,41,45,daß,dass,orthography:wordlist
Ezek.20.17,36,39,36,40,daß,dass,orthography:wordlist
Ezek.20.20,76,79,76,80,daß,dass,orthography:wordlist
Ezek.20.20,94,97,95,99,daß,dass,orthography:wordlist
Ezek.20.21,119,122,119,123,daß,dass,orthography:wordlist
Ezek.20.22,69,72,69,73,daß,dass,orthography:wordlist
Ezek.20.23,36,39,36,40,daß,dass,orthography:wordlist
Ezek.20.26,167,170,167,171,daß,dass,orthography:wordlist
Ezek.20.26,185,188,186,190,daß,dass,orthography:wordlist
Ezek.20.27,143,146,143,147,daß,dass,orthography:wordlist
Ezek.20.28,77,80,77,81,daß,dass,orthography:wordlist
Ezek.20.31,48,51,48,52,daß,dass,orthography:wordlist
Ezek.20.32,39,42,39,43,daß,dass,orthography:wordlist
Ezek.20.38,210,213,210,214,daß,dass,orthography:wordlist
Ezek.20.39,115,120,115,121,gewiß,gewiss,orthography:wordlist
Ezek.20.41,172,175,172,176,daß,dass,orthography:wordlist
Ezek.20.42,24,27,24,28,daß,dass,orthography:wordlist
Ezek.20.42,137,140,138,142,daß,dass,orthography:wordlist
Ezek.20.44,25,28,25,29,daß,dass,orthography:wordlist
Ezek.21.4,26,29,26,30,daß,dass,orthography:wordlist
Ezek.21.10,29,32,29,33,daß,dass,orthography:wordlist
Ezek.21.20,0,3,0,4,daß,dass,orthography:wordlist
Ezek.21.25,15,18,15,19,daß,dass,orthography:wordlist
Ezek.21.27,40,43,40,44,daß,dass,orthography:wordlist
Ezek.21.27,109,112,110,114,daß,dass,orthography:wordlist
Ezek.21.29,116,119,116,120,daß,dass,orthography:wordlist
Ezek.21.33,225,228,225,229,daß,dass,orthography:wordlist
Ezek.22.2,102,108,102,108,Greuel,Gräuel,orthography:wordlist
Ezek.22.3,70,73,70,74,daß,dass,orthography:wordlist
Ezek.22.3,129,132,130,134,daß,dass,orthography:wordlist
Ezek.22.4,138,141,138,142,daß,dass,orthography:wordlist
Ezek.22.6,63,73,63,74,mißbraucht,missbraucht,orthography:wordlist
Ezek.22.11,54,58,54,58,Weib,Frau,word:Weib-Frau
Ezek.22.11,59,65,59,65,Greuel,Gräuel,orthography:wordlist
Ezek.22.16,78,81,78,82,daß,dass,orthography:wordlist
Ezek.22.16,96,99,97,101,daß,dass,orthography:wordlist
Ezek.22.21,83,86,83,87,daß,dass,orthography:wordlist
Ezek.22.22,116,119,116,120,daß,dass,orthography:wordlist
Ezek.22.24,89,97,89,98,Regenguß,Regenguss,orthography:wordlist
Ezek.22.29,86,96,86,97,mißhandelt,misshandelt,orthography:wordlist
Ezek.22.30,101,104,101,105,Riß,Riss,orthography:wordlist
Ezek.23.2,28,34,28,34,Weiber,Frauen,word:Weib-Frau
Ezek.23.10,152,159,152,158,Weibern,Frauen,word:Weib-Frau
Ezek.23.13,13,16,13,17,daß,dass,orthography:wordlist
Ezek.23.17,112,115,112,116,daß,dass,orthography:wordlist
Ezek.23.27,87,90,87,91,daß,dass,orthography:wordlist
Ezek.23.29,28,31,28,32,Haß,Hass,orthography:wordlist
Ezek.23.32,149,153,149,154,faßt,fasst,orthography:wordlist
Ezek.23.34,14,18,14,19,mußt,musst,orthography:wordlist
Ezek.23.36,102,108,102,108,Greuel,Gräuel,orthography:wordlist
Ezek.23.37,0,3,0,4,daß,dass,orthography:wordlist
Ezek.23.37,37,40,38,42,daß,dass,orthography:wordlist
Ezek.23.37,67,70,69,73,daß,dass,orthography:wordlist
Ezek.23.37,118,121,121,125,daß,dass,orthography:wordlist
Ezek.23.37,207,210,211,215,daß,dass,orthography:wordlist
Ezek.23.44,120,127,120,126,Weibern,Frauen,word:Weib-Frau
Ezek.23.46,107,118,107,119,Mißhandlung,Misshandlung,orthography:wordlist
Ezek.23.48,51,54,51,55,daß,dass,orthography:wordlist
Ezek.23.48,65,71,66,72,Weiber,Frauen,word:Weib-Frau
Ezek.23.49,141,144,141,145,daß,dass,orthography:wordlist
Ezek.24.5,82,85,82,86,laß,lass,orthography:wordlist
Ezek.24.7,118,121,118,122,daß,dass,orthography:wordlist
Ezek.24.8,114,117,114,118,daß,dass,orthography:wordlist
Ezek.24.10,95,98,95,99,laß,lass,orthography:wordlist
Ezek.24.11,54,57,54,58,daß,dass,orthography:wordlist
Ezek.24.17,139,141,139,142,iß,iss,orthography:wordlist
Ezek.24.18,71,75,71,76,mein,meine,grammar:Frau-determiner
Ezek.24.18,76,80,77,81,Weib,Frau,word:Weib-Frau
Ezek.24.24,140,143,140,144,daß,dass,orthography:wordlist
Ezek.24.26,53,56,53,57,daß,dass,orthography:wordlist
Ezek.24.27,83,86,83,87,daß,dass,orthography:wordlist
Ezek.24.27,191,194,192,196,daß,dass,orthography:wordlist
Ezek.25.3,300,305,300,306,mußte,musste,orthography:wordlist
Ezek.25.5,124,127,124,128,daß,dass,orthography:wordlist
Ezek.25.7,201,204,201,205,daß,dass,orthography:wordlist
Ezek.25.10,85,88,85,89,daß,dass,orthography:wordlist
Ezek.25.11,72,75,72,76,daß,dass,orthography:wordlist
Ezek.25.14,135,138,135,139,daß,dass,orthography:wordlist
Ezek.25.17,88,91,88,92,daß,dass,orthography:wordlist
Ezek.26.6,81,84,81,85,daß,dass,orthography:wordlist
Ezek.26.20,99,102,99,103,daß,dass,orthography:wordlist
Ezek.27.6,114,120,114,121,gefaßt,gefasst,orthography:wordlist
Ezek.27.7,74,77,74,78,daß,dass,orthography:wordlist
Ezek.27.35,90,96,90,97,erfaßt,erfasst,orthography:wordlist
Ezek.28.8,42,45,42,46,daß,dass,orthography:wordlist
Ezek.28.22,125,128,125,129,daß,dass,orthography:wordlist
Ezek.28.22,142,145,143,147,daß,dass,orthography:wordlist
Ezek.28.23,192,195,192,196,daß,dass,orthography:wordlist
Ezek.28.24,196,199,196,200,daß,dass,orthography:wordlist
Ezek.28.26,225,228,225,229,daß,dass,orthography:wordlist
Ezek.29.5,76,79,76,80,daß,dass,orthography:wordlist
Ezek.29.6,46,49,46,50,daß,dass,orthography:wordlist
Ezek.29.9,92,95,92,96,daß,dass,orthography:wordlist
Ezek.29.14,141,144,141,145,daß,dass,orthography:wordlist
Ezek.29.15,50,53,50,54,daß,dass,orthography:wordlist
Ezek.29.15,141,144,142,146,daß,dass,orthography:wordlist
Ezek.29.16,157,160,157,161,daß,dass,orthography:wordlist
Ezek.29.19,106,109,106,110,daß,dass,orthography:wordlist
Ezek.29.21,142,145,142,146,daß,dass,orthography:wordlist
Ezek.30.6,79,82,79,83,muß,muss,orthography:wordlist
Ezek.30.8,24,27,24,28,daß,dass,orthography:wordlist
Ezek.30.19,73,76,73,77,daß,dass,orthography:wordlist
Ezek.30.21,178,181,178,182,daß,dass,orthography:wordlist
Ezek.30.22,165,168,165,169,daß,dass,orthography:wordlist
Ezek.30.24,137,140,137,141,daß,dass,orthography:wordlist
Ezek.30.25,115,118,115,119,daß,dass,orthography:wordlist
Ezek.30.25,197,200,198,202,daß,dass,orthography:wordlist
Ezek.30.26,109,112,109,113,daß,dass,orthography:wordlist
Ezek.31.1,88,91,88,92,daß,dass,orthography:wordlist
Ezek.31.3,82,85,82,86,daß,dass,orthography:wordlist
Ezek.31.3,127,130,128,132,daß,dass,orthography:wordlist
Ezek.31.9,60,63,60,64,daß,dass,orthography:wordlist
Ezek.31.11,74,77,74,78,daß,dass,orthography:wordlist
Ezek.31.12,211,214,211,215,daß,dass,orthography:wordlist
Ezek.31.14,4,7,4,8,daß,dass,orthography:wordlist
Ezek.31.14,112,115,113,117,daß,dass,orthography:wordlist
Ezek.32.4,66,69,66,70,daß,dass,orthography:wordlist
Ezek.32.10,31,34,31,35,daß,dass,orthography:wordlist
Ezek.32.10,77,80,78,82,daß,dass,orthography:wordlist
Ezek.32.13,64,67,64,68,daß,dass,orthography:wordlist
Ezek.32.14,25,28,25,29,daß,dass,orthography:wordlist
Ezek.32.15,165,168,165,169,daß,dass,orthography:wordlist
Ezek.32.18,65,68,65,69,laß,lass,orthography:wordlist
Ezek.33.9,53,56,53,57,daß,dass,orthography:wordlist
Ezek.33.10,122,125,122,126,daß,dass,orthography:wordlist
Ezek.33.11,120,123,120,124,daß,dass,orthography:wordlist
Ezek.33.13,64,71,64,72,verläßt,verlässt,orthography:wordlist
Ezek.33.15,5,8,5,9,daß,dass,orthography:wordlist
Ezek.33.15,115,118,116,120,daß,dass,orthography:wordlist
Ezek.33.15,151,156,153,159,gewiß,gewiss,orthography:wordlist
Ezek.33.16,128,133,128,134,gewiß,gewiss,orthography:wordlist
Ezek.33.18,71,74,71,75,muß,muss,orthography:wordlist
Ezek.33.21,96,99,96,100,daß,dass,orthography:wordlist
Ezek.33.22,180,183,180,184,daß,dass,orthography:wordlist
Ezek.33.26,43,49,43,49,Greuel,Gräuel,orthography:wordlist
Ezek.33.26,84,88,84,88,Weib,Frau,word:Weib-Frau
Ezek.33.28,165,168,165,169,daß,dass,orthography:wordlist
Ezek.33.29,29,32,29,33,daß,dass,orthography:wordlist
Ezek.33.29,121,127,122,128,Greuel,Gräuel,orthography:wordlist
Ezek.33.33,67,70,67,71,daß,dass,orthography:wordlist
Ezek.34.10,267,270,267,271,daß,dass,orthography:wordlist
Ezek.34.18,25,28,25,29,daß,dass,orthography:wordlist
Ezek.34.18,62,66,63,68,müßt,müsst,orthography:wordlist
Ezek.34.18,172,176,174,179,müßt,müsst,orthography:wordlist
Ezek.34.22,44,47,44,48,daß,dass,orthography:wordlist
Ezek.34.25,92,95,92,96,daß,dass,orthography:wordlist
Ezek.34.27,142,145,142,146,daß,dass,orthography:wordlist
Ezek.34.29,52,55,52,56,daß,dass,orthography:wordlist
Ezek.34.30,26,29,26,30,daß,dass,orthography:wordlist
Ezek.34.30,73,76,74,78,daß,dass,orthography:wordlist
Ezek.35.4,92,95,92,96,daß,dass,orthography:wordlist
Ezek.35.9,106,109,106,110,daß,dass,orthography:wordlist
Ezek.35.11,144,147,144,148,Haß,Hass,orthography:wordlist
Ezek.35.12,25,28,25,29,daß,dass,orthography:wordlist
Ezek.35.15,200,203,200,204,daß,dass,orthography:wordlist
Ezek.36.3,147,150,147,151,daß,dass,orthography:wordlist
Ezek.36.7,73,76,73,77,daß,dass,orthography:wordlist
Ezek.36.8,34,38,34,39,laßt,lasst,orthography:wordlist
Ezek.36.9,60,63,60,64,daß,dass,orthography:wordlist
Ezek.36.11,203,206,203,207,daß,dass,orthography:wordlist
Ezek.36.17,119,122,119,123,daß,dass,orthography:wordlist
Ezek.36.17,167,172,168,173,eines,einer,grammar:Frau-determiner
Ezek.36.17,173,179,174,178,Weibes,Frau,word:Weib-Frau
Ezek.36.20,104,107,104,108,daß,dass,orthography:wordlist
Ezek.36.20,162,168,163,170,mußten,mussten,orthography:wordlist
Ezek.36.23,172,175,172,176,daß,dass,orthography:wordlist
Ezek.36.25,43,46,43,47,daß,dass,orthography:wordlist
Ezek.36.30,73,76,73,77,daß,dass,orthography:wordlist
Ezek.36.30,148,152,149,154,müßt,müsst,orthography:wordlist
Ezek.36.31,170,176,170,176,Greuel,Gräuel,orthography:wordlist
Ezek.36.36,81,84,81,85,daß,dass,orthography:wordlist
Ezek.36.37,105,108,105,109,daß,dass,orthography:wordlist
Ezek.36.38,163,166,163,167,daß,dass,orthography:wordlist
Ezek.37.5,97,100,97,101,daß,dass,orthography:wordlist
Ezek.37.6,124,127,124,128,daß,dass,orthography:wordlist
Ezek.37.6,168,171,169,173,daß,dass,orthography:wordlist
Ezek.37.9,196,199,196,200,daß,dass,orthography:wordlist
Ezek.37.13,24,27,24,28,daß,dass,orthography:wordlist
Ezek.37.14,110,113,110,114,daß,dass,orthography:wordlist
Ezek.37.14,134,137,135,139,daß,dass,orthography:wordlist
Ezek.37.23,75,82,75,82,Greueln,Gräueln,orthography:wordlist
Ezek.37.26,117,124,117,125,seßhaft,sesshaft,orthography:wordlist
Ezek.37.28,32,35,32,36,daß,dass,orthography:wordlist
Ezek.38.14,113,116,113,117,daß,dass,orthography:wordlist
Ezek.38.16,131,134,131,135,daß,dass,orthography:wordlist
Ezek.38.17,181,184,181,185,daß,dass,orthography:wordlist
Ezek.38.18,107,110,107,111,daß,dass,orthography:wordlist
Ezek.38.19,57,60,57,61,daß,dass,orthography:wordlist
Ezek.38.21,95,98,95,99,daß,dass,orthography:wordlist
Ezek.38.23,117,120,117,121,daß,dass,orthography:wordlist
Ezek.39.6,99,102,99,103,daß,dass,orthography:wordlist
Ezek.39.7,168,171,168,172,daß,dass,orthography:wordlist
Ezek.39.21,68,71,68,72,daß,dass,orthography:wordlist
Ezek.39.22,35,38,35,39,daß,dass,orthography:wordlist
Ezek.39.23,32,35,32,36,daß,dass,orthography:wordlist
Ezek.39.23,150,153,151,155,daß,dass,orthography:wordlist
Ezek.39.23,232,235,234,238,daß,dass,orthography:wordlist
Ezek.39.28,27,30,27,31,daß,dass,orthography:wordlist
Ezek.40.3,125,132,125,133,Meßrute,Messrute,orthography:wordlist
Ezek.40.4,190,193,190,194,daß,dass,orthography:wordlist
Ezek.40.5,82,89,82,90,Meßrute,Messrute,orthography:wordlist
Ezek.41.6,178,181,178,182,daß,dass,orthography:wordlist
Ezek.41.7,114,117,114,118,daß,dass,orthography:wordlist
Ezek.41.18,46,49,46,50,daß,dass,orthography:wordlist
Ezek.42.16,28,35,28,36,Meßrute,Messrute,orthography:wordlist
Ezek.42.16,57,64,58,66,Meßrute,Messrute,orthography:wordlist
Ezek.42.17,41,48,41,49,Meßrute,Messrute,orthography:wordlist
Ezek.42.18,28,35,28,36,Meßrute,Messrute,orthography:wordlist
Ezek.42.19,64,71,64,72,Meßrute,Messrute,orthography:wordlist
Ezek.43.8,100,103,100,104,daß,dass,orthography:wordlist
Ezek.43.8,207,214,208,215,Greueln,Gräueln,orthography:wordlist
Ezek.43.8,240,243,241,245,daß,dass,orthography:wordlist
Ezek.43.10,111,114,111,115,laß,lass,orthography:wordlist
Ezek.43.11,273,276,273,277,daß,dass,orthography:wordlist
Ezek.43.13,119,123,119,124,mißt,misst,orthography:wordlist
Ezek.43.18,144,147,144,148,daß,dass,orthography:wordlist
Ezek.44.6,129,136,129,136,Greueln,Gräueln,orthography:wordlist
Ezek.44.7,104,107,104,108,daß,dass,orthography:wordlist
Ezek.44.7,256,263,257,264,Greueln,Gräueln,orthography:wordlist
Ezek.44.10,127,130,127,131,daß,dass,orthography:wordlist
Ezek.44.10,156,162,157,164,mußten,mussten,orthography:wordlist
Ezek.44.12,177,180,177,181,daß,dass,orthography:wordlist
Ezek.44.13,168,174,168,174,Greuel,Gräuel,orthography:wordlist
Ezek.44.17,125,128,125,129,daß,dass,orthography:wordlist
Ezek.44.22,44,47,44,47,zum,zur,grammar:Frau-determiner
Ezek.44.22,48,53,48,52,Weibe,Frau,word:Weib-Frau
Ezek.44.30,194,197,194,198,daß,dass,orthography:wordlist
Ezek.46.12,140,143,140,144,daß,dass,orthography:wordlist
Ezek.46.18,62,65,62,66,daß,dass,orthography:wordlist
Ezek.46.18,181,184,182,186,daß,dass,orthography:wordlist
Ezek.47.3,29,36,29,37,Meßrute,Messrute,orthography:wordlist
Ezek.47.5,123,126,123,127,daß,dass,orthography:wordlist
Ezek.47.5,147,152,148,154,mußte,musste,orthography:wordlist
Ezek.48.30,84,88,84,89,mißt,misst,orthography:wordlist
Ezek.48.33,18,22,18,23,mißt,misst,orthography:wordlist
Ezek.48.34,14,18,14,19,mißt,misst,orthography:wordlist
Dan.1.4,189,192,189,193,daß,dass,orthography:wordlist
Dan.1.5,140,143,140,144,daß,dass,orthography:wordlist
Dan.1.5,179,182,180,184,daß,dass,orthography:wordlist
Dan.1.8,168,171,168,172,daß,dass,orthography:wordlist
Dan.1.10,169,172,169,173,daß,dass,orthography:wordlist
Dan.1.12,62,65,62,66,daß,dass,orthography:wordlist
Dan.1.15,51,54,51,55,daß,dass,orthography:wordlist
Dan.1.19,142,148,142,149,mußten,mussten,orthography:wordlist
Dan.2.1,81,84,81,85,daß,dass,orthography:wordlist
Dan.2.5,41,49,41,50,Beschluß,Beschluss,orthography:wordlist
Dan.2.8,81,84,81,85,daß,dass,orthography:wordlist
Dan.2.8,130,133,131,135,daß,dass,orthography:wordlist
Dan.2.9,217,220,217,221,daß,dass,orthography:wordlist
Dan.2.23,51,54,51,55,daß,dass,orthography:wordlist
Dan.2.35,179,182,179,183,daß,dass,orthography:wordlist
Dan.2.41,0,3,0,4,Daß,Dass,orthography:wordlist
Dan.2.41,106,109,107,111,daß,dass,orthography:wordlist
Dan.2.43,9,12,9,13,Daß,Dass,orthography:wordlist
Dan.2.43,81,84,82,86,daß,dass,orthography:wordlist
Dan.2.43,215,219,217,222,läßt,lässt,orthography:wordlist
Dan.2.45,29,32,29,33,daß,dass,orthography:wordlist
Dan.2.47,163,166,163,167,daß,dass,orthography:wordlist
Dan.2.49,44,47,44,48,daß,dass,orthography:wordlist
Dan.3.2,165,168,165,169,daß,dass,orthography:wordlist
Dan.3.4,52,56,52,57,laßt,lasst,orthography:wordlist
Dan.3.10,43,46,43,47,daß,dass,orthography:wordlist
Dan.3.13,70,73,70,74,daß,dass,orthography:wordlist
Dan.3.17,21,24,21,25,daß,dass,orthography:wordlist
Dan.3.18,0,3,0,4,daß,dass,orthography:wordlist
Dan.3.24,183,188,183,189,Gewiß,Gewiss,orthography:wordlist
Dan.3.27,119,122,119,123,daß,dass,orthography:wordlist
Dan.3.29,61,64,61,65,daß,dass,orthography:wordlist
Dan.4.6,71,74,71,75,daß,dass,orthography:wordlist
Dan.4.6,120,123,121,125,daß,dass,orthography:wordlist
Dan.4.13,51,54,51,55,daß,dass,orthography:wordlist
Dan.4.14,118,121,118,122,daß,dass,orthography:wordlist
Dan.4.17,50,53,50,54,daß,dass,orthography:wordlist
Dan.4.19,99,102,99,103,daß,dass,orthography:wordlist
Dan.4.20,9,12,9,13,Daß,Dass,orthography:wordlist
Dan.4.20,256,259,257,261,daß,dass,orthography:wordlist
Dan.4.20,347,350,349,353,daß,dass,orthography:wordlist
Dan.4.21,64,72,64,73,Beschluß,Beschluss,orthography:wordlist
Dan.4.22,51,54,51,55,daß,dass,orthography:wordlist
Dan.4.22,240,243,241,245,daß,dass,orthography:wordlist
Dan.4.22,257,260,259,263,daß,dass,orthography:wordlist
Dan.4.23,137,140,137,141,daß,dass,orthography:wordlist
Dan.4.24,25,28,25,29,laß,lass,orthography:wordlist
Dan.4.29,211,214,211,215,daß,dass,orthography:wordlist
Dan.5.5,151,154,151,155,daß,dass,orthography:wordlist
Dan.5.6,95,98,95,99,daß,dass,orthography:wordlist
Dan.5.11,189,192,189,193,daß,dass,orthography:wordlist
Dan.5.14,25,28,25,29,daß,dass,orthography:wordlist
Dan.5.14,61,64,62,66,daß,dass,orthography:wordlist
Dan.5.16,38,41,38,42,daß,dass,orthography:wordlist
Dan.5.21,222,225,222,226,daß,dass,orthography:wordlist
Dan.5.22,84,91,84,92,wußtest,wusstest,orthography:wordlist
Dan.5.29,25,28,25,29,daß,dass,orthography:wordlist
Dan.5.29,129,132,130,134,daß,dass,orthography:wordlist
Dan.6.8,114,117,114,118,daß,dass,orthography:wordlist
Dan.6.9,23,28,23,29,erlaß,erlass,orthography:wordlist
Dan.6.11,23,26,23,27,daß,dass,orthography:wordlist
Dan.6.16,75,78,75,79,daß,dass,orthography:wordlist
Dan.6.17,39,42,39,43,daß,dass,orthography:wordlist
Dan.6.17,157,165,158,167,Unterlaß,Unterlass,orthography:wordlist
Dan.6.21,187,195,187,196,Unterlaß,Unterlass,orthography:wordlist
Dan.6.23,70,73,70,74,daß,dass,orthography:wordlist
Dan.6.25,107,114,107,113,Weibern,Frauen,word:Weib-Frau
Dan.6.27,43,46,43,47,daß,dass,orthography:wordlist
Dan.7.5,193,197,193,198,friß,friss,orthography:wordlist
Dan.7.10,15,20,15,21,ergoß,ergoss,orthography:wordlist
Dan.7.14,68,71,68,72,daß,dass,orthography:wordlist
Dan.7.17,47,50,47,51,daß,dass,orthography:wordlist
Dan.7.21,42,45,42,46,daß,dass,orthography:wordlist
Dan.7.24,30,33,30,34,daß,dass,orthography:wordlist
Dan.7.28,13,19,13,20,Schluß,Schluss,orthography:wordlist
Dan.8.4,65,68,65,69,daß,dass,orthography:wordlist
Dan.8.14,22,25,22,26,daß,dass,orthography:wordlist
Dan.8.17,71,74,71,75,daß,dass,orthography:wordlist
Dan.8.17,147,150,148,152,daß,dass,orthography:wordlist
Dan.8.22,0,3,0,4,Daß,Dass,orthography:wordlist
Dan.8.22,81,84,82,86,daß,dass,orthography:wordlist
Dan.9.8,84,87,84,88,daß,dass,orthography:wordlist
Dan.9.10,62,65,62,66,daß,dass,orthography:wordlist
Dan.9.11,72,75,72,76,daß,dass,orthography:wordlist
Dan.9.12,124,127,124,128,daß,dass,orthography:wordlist
Dan.9.13,153,156,153,157,daß,dass,orthography:wordlist
Dan.9.14,39,42,39,43,daß,dass,orthography:wordlist
Dan.9.16,8,11,8,12,laß,lass,orthography:wordlist
Dan.9.17,79,82,79,83,laß,lass,orthography:wordlist
Dan.9.25,27,32,27,33,Erlaß,Erlass,orthography:wordlist
Dan.9.26,76,79,76,80,daß,dass,orthography:wordlist
Dan.9.27,158,164,158,164,Greuel,Gräuel,orthography:wordlist
Dan.9.27,197,200,197,201,daß,dass,orthography:wordlist
Dan.10.7,139,142,139,143,daß,dass,orthography:wordlist
Dan.10.10,50,53,50,54,daß,dass,orthography:wordlist
Dan.10.13,165,168,165,169,daß,dass,orthography:wordlist
Dan.11.7,17,26,17,27,Sprößling,Sprössling,orthography:wordlist
Dan.11.11,138,141,138,142,daß,dass,orthography:wordlist
Dan.11.12,72,75,72,76,daß,dass,orthography:wordlist
Dan.11.18,155,158,155,159,daß,dass,orthography:wordlist
Dan.11.19,91,94,91,95,daß,dass,orthography:wordlist
Dan.11.20,98,102,98,103,läßt,lässt,orthography:wordlist
Dan.11.30,51,54,51,55,daß,dass,orthography:wordlist
Dan.11.31,129,135,129,135,Greuel,Gräuel,orthography:wordlist
Dan.12.11,72,78,72,78,Greuel,Gräuel,orthography:wordlist
Hos.1.6,159,162,159,163,daß,dass,orthography:wordlist
Hos.2.4,53,57,53,58,mein,meine,grammar:Frau-determiner
Hos.2.4,58,62,59,63,Weib,Frau,word:Weib-Frau
Hos.2.8,85,88,85,89,daß,dass,orthography:wordlist
Hos.2.10,21,24,21,25,daß,dass,orthography:wordlist
Hos.2.17,113,116,113,117,daß,dass,orthography:wordlist
Hos.2.18,51,54,51,55,daß,dass,orthography:wordlist
Hos.2.19,61,64,61,65,daß,dass,orthography:wordlist
Hos.3.1,55,58,55,59,ein,eine,grammar:Frau-determiner
Hos.3.1,59,63,60,64,Weib,Frau,word:Weib-Frau
Hos.3.1,65,68,66,69,das,die,grammar:Frau-relative
Hos.4.6,125,128,125,129,daß,dass,orthography:wordlist
Hos.4.12,108,111,108,112,daß,dass,orthography:wordlist
Hos.4.14,54,57,54,58,daß,dass,orthography:wordlist
Hos.4.14,102,105,103,107,daß,dass,orthography:wordlist
Hos.4.17,45,48,45,49,laß,lass,orthography:wordlist
Hos.4.19,36,42,36,43,erfaßt,erfasst,orthography:wordlist
Hos.4.19,44,47,45,49,daß,dass,orthography:wordlist
Hos.5.3,74,77,74,78,daß,dass,orthography:wordlist
Hos.5.3,116,119,117,121,daß,dass,orthography:wordlist
Hos.5.9,119,124,119,125,gewiß,gewiss,orthography:wordlist
Hos.5.14,136,139,136,140,daß,dass,orthography:wordlist
Hos.6.2,85,88,85,89,daß,dass,orthography:wordlist
Hos.6.3,4,8,4,9,laßt,lasst,orthography:wordlist
Hos.6.3,169,177,170,179,Regenguß,Regenguss,orthography:wordlist
Hos.6.5,106,109,106,110,muß,muss,orthography:wordlist
Hos.7.2,40,43,40,44,daß,dass,orthography:wordlist
Hos.7.4,138,147,138,148,unterläßt,unterlässt,orthography:wordlist
Hos.7.9,128,131,128,132,daß,dass,orthography:wordlist
Hos.7.13,21,24,21,25,daß,dass,orthography:wordlist
Hos.7.13,79,82,80,84,daß,dass,orthography:wordlist
Hos.8.4,62,65,62,66,daß,dass,orthography:wordlist
Hos.8.4,73,78,74,80,wußte,wusste,orthography:wordlist
Hos.8.4,152,155,154,158,daß,dass,orthography:wordlist
Hos.8.5,18,25,18,26,verhaßt,verhasst,orthography:wordlist
Hos.9.3,70,73,70,74,muß,muss,orthography:wordlist
Hos.9.10,197,203,197,203,Greuel,Gräuel,orthography:wordlist
Hos.9.12,73,76,73,77,daß,dass,orthography:wordlist
Hos.9.13,76,79,76,80,muß,muss,orthography:wordlist
Hos.9.15,44,47,44,48,daß,dass,orthography:wordlist
Hos.10.4,66,69,66,70,daß,dass,orthography:wordlist
Hos.10.4,82,91,83,93,aufsproßt,aufsprosst,orthography:wordlist
Hos.10.6,80,86,80,87,erfaßt,erfasst,orthography:wordlist
Hos.10.6,107,110,108,112,muß,muss,orthography:wordlist
Hos.10.12,131,134,131,135,daß,dass,orthography:wordlist
Hos.11.3,96,99,96,100,daß,dass,orthography:wordlist
Hos.12.3,46,49,46,50,muß,muss,orthography:wordlist
Hos.12.13,59,62,59,63,ein,eine,grammar:Frau-determiner
Hos.12.13,63,67,64,68,Weib,Frau,word:Weib-Frau
Hos.12.13,72,75,73,77,ein,eine,grammar:Frau-determiner
Hos.12.13,76,80,78,82,Weib,Frau,word:Weib-Frau
Hos.13.8,65,71,65,72,zerriß,zerriss,orthography:wordlist
Hos.13.8,150,156,151,158,zerriß,zerriss,orthography:wordlist
Hos.13.9,32,35,32,36,daß,dass,orthography:wordlist
Hos.13.10,28,31,28,32,daß,dass,orthography:wordlist
Hos.13.14,161,164,161,165,muß,muss,orthography:wordlist
Hos.13.15,125,128,125,129,daß,dass,orthography:wordlist
Hos.14.1,17,20,17,21,muß,muss,orthography:wordlist
Hos.14.3,98,101,98,102,daß,dass,orthography:wordlist
Hos.14.7,6,16,6,17,Schößlinge,Schösslinge,orthography:wordlist
Hos.14.9,163,166,163,167,daß,dass,orthography:wordlist
Hos.14.10,18,21,18,22,daß,dass,orthography:wordlist
Hos.14.10,51,54,52,56,daß,dass,orthography:wordlist
Joel.1.5,85,88,85,89,daß,dass,orthography:wordlist
Joel.1.6,106,111,106,112,Gebiß,Gebiss,orthography:wordlist
Joel.2.1,72,75,72,76,daß,dass,orthography:wordlist
Joel.2.11,22,26,22,27,läßt,lässt,orthography:wordlist
Joel.2.13,159,163,159,164,läßt,lässt,orthography:wordlist
Joel.2.17,176,179,176,180,daß,dass,orthography:wordlist
Joel.2.19,101,104,101,105,daß,dass,orthography:wordlist
Joel.2.27,24,27,24,28,daß,dass,orthography:wordlist
Joel.2.27,57,60,58,62,daß,dass,orthography:wordlist
Joel.3.1,35,38,35,39,daß,dass,orthography:wordlist
Joel.3.5,33,36,33,37,daß,dass,orthography:wordlist
Joel.4.16,84,87,84,88,daß,dass,orthography:wordlist
Joel.4.17,24,27,24,28,daß,dass,orthography:wordlist
Joel.4.18,46,49,46,50,daß,dass,orthography:wordlist
Joel.4.19,79,90,79,91,Mißhandlung,Misshandlung,orthography:wordlist
Amos.1.8,127,130,127,131,daß,dass,orthography:wordlist
Amos.1.15,14,17,14,18,muß,muss,orthography:wordlist
Amos.3.3,43,46,43,47,daß,dass,orthography:wordlist
Amos.3.4,59,63,59,64,Läßt,Lässt,orthography:wordlist
Amos.3.5,136,139,136,140,daß,dass,orthography:wordlist
Amos.3.6,50,53,50,54,daß,dass,orthography:wordlist
Amos.3.9,0,4,0,5,Laßt,Lasst,orthography:wordlist
Amos.3.14,132,135,132,136,daß,dass,orthography:wordlist
Amos.4.1,117,127,117,128,mißhandelt,misshandelt,orthography:wordlist
Amos.4.1,163,166,164,168,daß,dass,orthography:wordlist
Amos.4.5,67,70,67,71,daß,dass,orthography:wordlist
Amos.4.11,76,79,76,80,daß,dass,orthography:wordlist
Amos.5.6,126,129,126,130,daß,dass,orthography:wordlist
Amos.5.9,12,16,12,17,läßt,lässt,orthography:wordlist
Amos.5.12,15,18,15,19,daß,dass,orthography:wordlist
Amos.5.12,49,52,50,54,daß,dass,orthography:wordlist
Amos.5.12,81,84,83,87,daß,dass,orthography:wordlist
Amos.5.13,6,9,6,10,muß,muss,orthography:wordlist
Amos.5.14,49,52,49,53,daß,dass,orthography:wordlist
Amos.6.11,40,43,40,44,daß,dass,orthography:wordlist
Amos.7.5,27,30,27,31,laß,lass,orthography:wordlist
Amos.7.12,77,79,77,80,iß,iss,orthography:wordlist
Amos.7.17,29,33,29,34,Dein,Deine,grammar:Frau-determiner
Amos.7.17,34,38,35,39,Weib,Frau,word:Weib-Frau
Amos.7.17,163,172,164,174,Meßschnur,Messschnur,orthography:wordlist
Amos.8.5,56,59,56,60,daß,dass,orthography:wordlist
Amos.8.5,100,103,101,105,daß,dass,orthography:wordlist
Amos.8.6,0,3,0,4,daß,dass,orthography:wordlist
Amos.8.10,99,102,99,103,daß,dass,orthography:wordlist
Amos.9.1,79,82,79,83,daß,dass,orthography:wordlist
Amos.9.1,200,203,201,205,daß,dass,orthography:wordlist
Amos.9.8,79,82,79,83,daß,dass,orthography:wordlist
Amos.9.12,3,6,3,7,daß,dass,orthography:wordlist
Amos.9.15,42,45,42,46,daß,dass,orthography:wordlist
Obad.1.7,187,190,187,191,daß,dass,orthography:wordlist
Obad.1.18,160,163,160,164,daß,dass,orthography:wordlist
Jonah.1.4,62,65,62,66,daß,dass,orthography:wordlist
Jonah.1.6,147,150,147,151,daß,dass,orthography:wordlist
Jonah.1.10,94,100,94,101,wußten,wussten,orthography:wordlist
Jonah.1.10,102,105,103,107,daß,dass,orthography:wordlist
Jonah.1.12,120,123,120,124,daß,dass,orthography:wordlist
Jonah.1.14,55,58,55,59,laß,lass,orthography:wordlist
Jonah.2.4,78,81,78,82,daß,dass,orthography:wordlist
Jonah.3.9,110,113,110,114,daß,dass,orthography:wordlist
Jonah.3.10,28,31,28,32,daß,dass,orthography:wordlist
Jonah.4.1,9,16,9,17,mißfiel,missfiel,orthography:wordlist
Jonah.4.2,190,195,190,196,wußte,wusste,orthography:wordlist
Jonah.4.2,197,200,198,202,daß,dass,orthography:wordlist
Jonah.4.3,82,85,82,86,daß,dass,orthography:wordlist
Jonah.4.4,34,37,34,38,daß,dass,orthography:wordlist
Jonah.4.7,101,104,101,105,daß,dass,orthography:wordlist
Jonah.4.8,107,110,107,111,daß,dass,orthography:wordlist
Jonah.4.8,205,208,206,210,daß,dass,orthography:wordlist
Jonah.4.9,38,41,38,42,daß,dass,orthography:wordlist
Mic.1.4,0,3,0,4,daß,dass,orthography:wordlist
Mic.1.14,6,10,6,11,mußt,musst,orthography:wordlist
Mic.2.5,38,47,38,48,Meßschnur,Messschnur,orthography:wordlist
Mic.2.12,160,163,160,164,daß,dass,orthography:wordlist
Mic.3.6,66,69,66,70,daß,dass,orthography:wordlist
Mic.3.7,0,3,0,4,daß,dass,orthography:wordlist
Mic.4.1,45,48,45,49,daß,dass,orthography:wordlist
Mic.4.2,105,109,105,110,laßt,lasst,orthography:wordlist
Mic.4.2,171,174,172,176,daß,dass,orthography:wordlist
Mic.4.3,126,129,126,130,daß,dass,orthography:wordlist
Mic.4.9,94,97,94,98,daß,dass,orthography:wordlist
Mic.4.10,66,70,66,71,mußt,musst,orthography:wordlist
Mic.4.12,68,77,68,78,Ratschluß,Ratschluss,orthography:wordlist
Mic.4.12,85,88,86,90,daß,dass,orthography:wordlist
Mic.4.13,95,98,95,99,daß,dass,orthography:wordlist
Mic.5.7,213,216,213,217,daß,dass,orthography:wordlist
Mic.5.9,51,54,51,55,daß,dass,orthography:wordlist
Mic.5.12,89,92,89,93,daß,dass,orthography:wordlist
Mic.6.1,79,82,79,83,laß,lass,orthography:wordlist
Mic.6.16,111,114,111,115,daß,dass,orthography:wordlist
Mic.7.9,156,159,156,160,daß,dass,orthography:wordlist
Mic.7.14,130,133,130,134,laß,lass,orthography:wordlist
Mic.7.18,92,98,92,99,erläßt,erlässt,orthography:wordlist
Nah.1.3,53,57,53,58,läßt,lässt,orthography:wordlist
Nah.1.3,58,63,59,65,gewiß,gewiss,orthography:wordlist
Nah.1.4,43,47,43,48,läßt,lässt,orthography:wordlist
Nah.2.12,132,135,132,136,daß,dass,orthography:wordlist
Nah.3.3,127,130,127,131,daß,dass,orthography:wordlist
Nah.3.5,106,109,106,110,daß,dass,orthography:wordlist
Nah.3.7,0,3,0,4,daß,dass,orthography:wordlist
Nah.3.10,8,13,8,14,mußte,musste,orthography:wordlist
Nah.3.13,24,31,24,30,Weibern,Frauen,word:Weib-Frau
Nah.3.19,169,177,169,178,Unterlaß,Unterlass,orthography:wordlist
Hab.1.2,50,53,50,54,daß,dass,orthography:wordlist
Hab.1.2,89,92,90,94,daß,dass,orthography:wordlist
Hab.1.13,26,29,26,30,daß,dass,orthography:wordlist
Hab.2.3,142,147,142,148,gewiß,gewiss,orthography:wordlist
Hab.2.5,164,167,164,168,daß,dass,orthography:wordlist
Hab.2.7,114,117,114,118,daß,dass,orthography:wordlist
Hab.2.13,49,52,49,53,daß,dass,orthography:wordlist
Hab.2.18,32,35,32,36,daß,dass,orthography:wordlist
Hab.2.18,179,182,180,184,daß,dass,orthography:wordlist
Hab.2.19,139,145,139,146,gefaßt,gefasst,orthography:wordlist
Hab.3.8,105,108,105,109,daß,dass,orthography:wordlist
Hab.3.10,83,87,83,88,läßt,lässt,orthography:wordlist
Zeph.1.8,60,63,60,64,daß,dass,orthography:wordlist
Zeph.1.12,23,26,23,27,daß,dass,orthography:wordlist
Zeph.1.17,36,39,36,40,daß,dass,orthography:wordlist
Zeph.2.2,17,26,17,27,Ratschluß,Ratschluss,orthography:wordlist
Zeph.2.5,163,166,163,167,daß,dass,orthography:wordlist
Zeph.2.7,85,88,85,89,daß,dass,orthography:wordlist
Zeph.2.10,48,51,48,52,daß,dass,orthography:wordlist
Zeph.2.14,0,3,0,4,daß,dass,orthography:wordlist
Zeph.3.4,99,110,99,111,mißbrauchen,missbrauchen,orthography:wordlist
Zeph.3.6,79,82,79,83,daß,dass,orthography:wordlist
Zeph.3.6,182,185,183,187,daß,dass,orthography:wordlist
Zeph.3.8,88,97,88,98,Ratschluß,Ratschluss,orthography:wordlist
Zeph.3.9,54,57,54,58,daß,dass,orthography:wordlist
Zeph.3.9,74,77,75,79,daß,dass,orthography:wordlist
Zeph.3.13,177,180,177,181,daß,dass,orthography:wordlist
Zeph.3.16,70,73,70,74,laß,lass,orthography:wordlist
Zeph.3.18,49,55,49,56,mußten,mussten,orthography:wordlist
Hag.1.2,88,91,88,92,daß,dass,orthography:wordlist
Hag.1.14,208,211,208,212,daß,dass,orthography:wordlist
Hag.2.22,144,147,144,148,daß,dass,orthography:wordlist
Hag.2.22,148,151,149,153,Roß,Ross,orthography:wordlist
Zech.1.6,154,157,154,158,daß,dass,orthography:wordlist
Zech.1.16,172,181,172,182,Meßschnur,Messschnur,orthography:wordlist
Zech.2.4,107,110,107,111,daß,dass,orthography:wordlist
Zech.2.5,79,88,79,89,Meßschnur,Messschnur,orthography:wordlist
Zech.2.13,47,50,47,51,daß,dass,orthography:wordlist
Zech.2.13,135,138,136,140,daß,dass,orthography:wordlist
Zech.2.15,163,166,163,167,daß,dass,orthography:wordlist
Zech.4.7,85,96,85,97,Schlußstein,Schlussstein,orthography:wordlist
Zech.4.9,112,115,112,116,daß,dass,orthography:wordlist
Zech.5.7,52,55,52,56,ein,eine,grammar:Frau-determiner
Zech.5.7,56,60,57,61,Weib,Frau,word:Weib-Frau
Zech.5.9,73,79,73,79,Weiber,Frauen,word:Weib-Frau
Zech.6.8,89,92,89,93,daß,dass,orthography:wordlist
Zech.6.8,109,119,110,121,niederläßt,niederlässt,orthography:wordlist
Zech.6.12,116,121,116,122,Sproß,Spross,orthography:wordlist
Zech.6.15,100,103,100,104,daß,dass,orthography:wordlist
Zech.7.1,55,58,55,59,daß,dass,orthography:wordlist
Zech.7.14,129,132,129,133,daß,dass,orthography:wordlist
Zech.8.8,31,34,31,35,daß,dass,orthography:wordlist
Zech.8.9,196,199,196,200,daß,dass,orthography:wordlist
Zech.8.13,130,133,130,134,daß,dass,orthography:wordlist
Zech.8.23,70,73,70,74,daß,dass,orthography:wordlist
Zech.8.23,233,236,234,238,daß,dass,orthography:wordlist
Zech.9.7,47,53,47,53,Greuel,Gräuel,orthography:wordlist
Zech.9.7,75,78,75,79,daß,dass,orthography:wordlist
Zech.9.8,110,113,110,114,daß,dass,orthography:wordlist
Zech.9.12,103,106,103,107,daß,dass,orthography:wordlist
Zech.9.15,46,49,46,50,daß,dass,orthography:wordlist
Zech.9.15,91,94,92,96,daß,dass,orthography:wordlist
Zech.9.16,75,78,75,79,daß,dass,orthography:wordlist
Zech.9.17,106,110,106,111,läßt,lässt,orthography:wordlist
Zech.10.3,180,189,180,190,Prachtroß,Prachtross,orthography:wordlist
Zech.10.11,90,93,90,94,daß,dass,orthography:wordlist
Zech.10.11,185,188,186,190,muß,muss,orthography:wordlist
Zech.11.1,37,40,37,41,daß,dass,orthography:wordlist
Zech.11.11,95,98,95,99,daß,dass,orthography:wordlist
Zech.11.12,94,98,94,99,laßt,lasst,orthography:wordlist
Zech.11.17,55,62,55,63,verläßt,verlässt,orthography:wordlist
Zech.12.3,37,40,37,41,daß,dass,orthography:wordlist
Zech.12.6,154,157,154,158,daß,dass,orthography:wordlist
Zech.12.8,68,71,68,72,daß,dass,orthography:wordlist
Zech.12.9,38,41,38,42,daß,dass,orthography:wordlist
Zech.13.2,130,133,130,134,daß,dass,orthography:wordlist
Zech.13.3,23,26,23,27,daß,dass,orthography:wordlist
Zech.13.4,39,42,39,43,daß,dass,orthography:wordlist
Zech.13.4,121,124,122,126,daß,dass,orthography:wordlist
Zech.13.8,41,44,41,45,daß,dass,orthography:wordlist
Zech.14.2,180,183,180,184,muß,muss,orthography:wordlist
Zech.14.4,152,155,152,156,daß,dass,orthography:wordlist
Zech.14.13,73,76,73,77,daß,dass,orthography:wordlist
Zech.14.16,25,28,25,29,daß,dass,orthography:wordlist
Zech.14.21,91,94,91,95,daß,dass,orthography:wordlist
Mal.1.3,108,114,108,115,gehaßt,gehasst,orthography:wordlist
Mal.1.7,74,77,74,78,daß,dass,orthography:wordlist
Mal.1.7,190,193,191,195,daß,dass,orthography:wordlist
Mal.1.9,56,59,56,60,daß,dass,orthography:wordlist
Mal.1.10,73,76,73,77,daß,dass,orthography:wordlist
Mal.1.12,40,43,40,44,daß,dass,orthography:wordlist
Mal.2.4,24,27,24,28,daß,dass,orthography:wordlist
Mal.2.4,69,72,70,74,daß,dass,orthography:wordlist
Mal.2.8,52,55,52,56,daß,dass,orthography:wordlist
Mal.2.8,122,132,123,134,mißbraucht,missbraucht,orthography:wordlist
Mal.2.11,55,61,55,61,Greuel,Gräuel,orthography:wordlist
Mal.2.13,104,107,104,108,daß,dass,orthography:wordlist
Mal.2.14,74,77,74,77,dem,der,grammar:Frau-determiner
Mal.2.14,78,83,78,82,Weibe,Frau,word:Weib-Frau
Mal.2.14,168,171,167,170,das,die,grammar:Frau-determiner
Mal.2.14,172,176,171,175,Weib,Frau,word:Weib-Frau
Mal.2.15,175,178,175,178,dem,der,grammar:Frau-determiner
Mal.2.15,179,184,179,183,Weibe,Frau,word:Weib-Frau
Mal.2.16,73,76,73,77,daß,dass,orthography:wordlist
Mal.2.17,100,103,100,104,daß,dass,orthography:wordlist
Mal.3.10,60,63,60,64,daß,dass,orthography:wordlist
Mal.3.11,44,47,44,48,daß,dass,orthography:wordlist
Mal.3.11,95,98,96,100,daß,dass,orthography:wordlist
Mal.3.14,34,37,34,38,daß,dass,orthography:wordlist
Mal.3.19,203,206,203,207,daß,dass,orthography:wordlist
Mal.3.24,160,163,160,164,muß,muss,orthography:wordlist
Matt.1.6,86,89,86,89,dem,der,grammar:Frau-determiner
Matt.1.6,90,95,90,94,Weibe,Frau,word:Weib-Frau
Matt.1.18,129,132,129,133,daß,dass,orthography:wordlist
Matt.1.20,152,156,152,157,dein,deine,grammar:Frau-determiner
Matt.1.20,157,161,158,162,Weib,Frau,word:Weib-Frau
Matt.1.22,37,40,37,41,daß,dass,orthography:wordlist
Matt.1.24,91,95,91,96,sein,seine,grammar:Frau-determiner
Matt.1.24,96,100,97,101,Weib,Frau,word:Weib-Frau
Matt.2.8,154,157,154,158,daß,dass,orthography:wordlist
Matt.2.15,57,60,57,61,daß,dass,orthography:wordlist
Matt.2.22,19,22,19,23,daß,dass,orthography:wordlist
Matt.2.23,86,89,86,90,daß,dass,orthography:wordlist
Matt.3.11,112,115,112,116,daß,dass,orthography:wordlist
Matt.3.15,68,71,68,72,Laß,Lass,orthography:wordlist
Matt.4.1,54,57,54,58,daß,dass,orthography:wordlist
Matt.4.3,83,86,83,87,daß,dass,orthography:wordlist
Matt.4.12,22,25,22,26,daß,dass,orthography:wordlist
Matt.4.14,4,7,4,8,daß,dass,orthography:wordlist
Matt.5.13,185,188,185,189,daß,dass,orthography:wordlist
Matt.5.16,53,56,53,57,daß,dass,orthography:wordlist
Matt.5.17,24,27,24,28,daß,dass,orthography:wordlist
Matt.5.18,52,55,52,56,daß,dass,orthography:wordlist
Matt.5.21,17,20,17,21,daß,dass,orthography:wordlist
Matt.5.23,116,119,116,120,daß,dass,orthography:wordlist
Matt.5.24,3,6,3,7,laß,lass,orthography:wordlist
Matt.5.27,17,20,17,21,daß,dass,orthography:wordlist
Matt.5.28,60,63,60,64,ein,eine,grammar:Frau-determiner
Matt.5.28,64,68,65,69,Weib,Frau,word:Weib-Frau
Matt.5.29,178,181,178,182,daß,dass,orthography:wordlist
Matt.5.29,221,224,222,226,daß,dass,orthography:wordlist
Matt.5.30,174,177,174,178,daß,dass,orthography:wordlist
Matt.5.30,217,220,218,222,daß,dass,orthography:wordlist
Matt.5.32,129,132,129,133,daß,dass,orthography:wordlist
Matt.5.33,35,38,35,39,daß,dass,orthography:wordlist
Matt.5.34,56,59,56,60,daß,dass,orthography:wordlist
Matt.5.38,17,20,17,21,daß,dass,orthography:wordlist
Matt.5.40,66,69,66,70,laß,lass,orthography:wordlist
Matt.5.43,17,20,17,21,daß,dass,orthography:wordlist
Matt.5.45,22,25,22,26,daß,dass,orthography:wordlist
Matt.5.45,83,87,84,89,läßt,lässt,orthography:wordlist
Matt.5.45,132,136,134,139,läßt,lässt,orthography:wordlist
Matt.6.1,12,15,12,16,daß,dass,orthography:wordlist
Matt.6.16,158,161,158,162,daß,dass,orthography:wordlist
Matt.6.18,45,48,45,49,daß,dass,orthography:wordlist
Matt.6.29,20,23,20,24,daß,dass,orthography:wordlist
Matt.6.32,121,124,121,125,daß,dass,orthography:wordlist
Matt.7.11,103,110,103,111,wieviel,wie viel,orthography:wordlist
Matt.7.12,44,47,44,48,daß,dass,orthography:wordlist
Matt.8.4,81,84,81,85,daß,dass,orthography:wordlist
Matt.8.8,108,111,108,112,daß,dass,orthography:wordlist
Matt.8.14,59,62,59,63,daß,dass,orthography:wordlist
Matt.8.17,4,7,4,8,daß,dass,orthography:wordlist
Matt.8.22,72,75,72,76,laß,lass,orthography:wordlist
Matt.8.24,78,81,78,82,daß,dass,orthography:wordlist
Matt.8.27,63,66,63,67,daß,dass,orthography:wordlist
Matt.8.28,176,179,176,180,daß,dass,orthography:wordlist
Matt.9.6,23,26,23,27,daß,dass,orthography:wordlist
Matt.9.11,79,82,79,83,ißt,isst,orthography:wordlist
Matt.9.16,141,144,141,145,Riß,Riss,orthography:wordlist
Matt.9.17,4,8,4,9,faßt,fasst,orthography:wordlist
Matt.9.17,151,155,152,157,faßt,fasst,orthography:wordlist
Matt.9.22,136,139,136,139,das,die,grammar:Frau-determiner
Matt.9.22,140,144,140,144,Weib,Frau,word:Weib-Frau
Matt.9.25,76,81,76,82,faßte,fasste,orthography:wordlist
Matt.9.28,86,89,86,90,daß,dass,orthography:wordlist
Matt.9.30,96,99,96,100,daß,dass,orthography:wordlist
Matt.9.38,52,55,52,56,daß,dass,orthography:wordlist
Matt.10.22,38,44,38,45,gehaßt,gehasst,orthography:wordlist
Matt.10.25,29,32,29,33,daß,dass,orthography:wordlist
Matt.10.25,131,138,132,140,wieviel,wie viel,orthography:wordlist
Matt.10.34,24,27,24,28,daß,dass,orthography:wordlist
Matt.11.11,51,54,51,58,vom,von der,grammar:Frau-determiner
Matt.11.11,55,60,59,63,Weibe,Frau,word:Weib-Frau
Matt.11.19,36,39,36,40,ißt,isst,orthography:wordlist
Matt.11.25,103,106,103,107,daß,dass,orthography:wordlist
Matt.12.5,48,51,48,52,daß,dass,orthography:wordlist
Matt.12.12,9,16,9,17,Wieviel,Wie viel,orthography:wordlist
Matt.12.20,103,106,103,107,daß,dass,orthography:wordlist
Matt.12.22,97,100,97,101,daß,dass,orthography:wordlist
Matt.12.36,20,23,20,24,daß,dass,orthography:wordlist
Matt.13.2,66,69,66,70,daß,dass,orthography:wordlist
Matt.13.12,72,80,72,81,Überfluß,Überfluss,orthography:wordlist
Matt.13.15,163,166,163,167,daß,dass,orthography:wordlist
Matt.13.16,46,49,46,50,daß,dass,orthography:wordlist
Matt.13.16,77,80,78,82,daß,dass,orthography:wordlist
Matt.13.28,122,125,122,126,daß,dass,orthography:wordlist
Matt.13.30,180,183,180,184,daß,dass,orthography:wordlist
Matt.13.32,132,135,132,136,daß,dass,orthography:wordlist
Matt.13.33,86,89,86,90,ein,eine,grammar:Frau-determiner
Matt.13.33,90,94,91,95,Weib,Frau,word:Weib-Frau
Matt.13.54,81,84,81,85,daß,dass,orthography:wordlist
Matt.14.15,135,141,135,142,entlaß,entlass,orthography:wordlist
Matt.14.36,46,49,46,50,daß,dass,orthography:wordlist
Matt.15.12,69,72,69,73,daß,dass,orthography:wordlist
Matt.15.17,23,26,23,27,daß,dass,orthography:wordlist
Matt.15.26,50,53,50,54,daß,dass,orthography:wordlist
Matt.15.31,5,8,5,9,daß,dass,orthography:wordlist
Matt.15.31,50,53,51,55,daß,dass,orthography:wordlist
Matt.16.1,81,84,81,85,daß,dass,orthography:wordlist
Matt.16.8,102,105,102,106,daß,dass,orthography:wordlist
Matt.16.11,31,34,31,35,daß,dass,orthography:wordlist
Matt.16.11,79,82,80,84,daß,dass,orthography:wordlist
Matt.16.12,27,30,27,31,daß,dass,orthography:wordlist
Matt.16.20,37,40,37,41,daß,dass,orthography:wordlist
Matt.16.20,68,71,69,73,daß,dass,orthography:wordlist
Matt.17.4,65,68,65,69,daß,dass,orthography:wordlist
Matt.17.10,145,148,145,149,daß,dass,orthography:wordlist
Matt.17.12,20,23,20,24,daß,dass,orthography:wordlist
Matt.17.13,44,47,44,48,daß,dass,orthography:wordlist
Matt.18.6,113,116,113,117,daß,dass,orthography:wordlist
Matt.18.7,110,113,110,114,daß,dass,orthography:wordlist
Matt.18.8,195,198,195,199,daß,dass,orthography:wordlist
Matt.18.8,252,255,253,257,daß,dass,orthography:wordlist
Matt.18.9,151,154,151,155,daß,dass,orthography:wordlist
Matt.18.9,195,198,196,200,daß,dass,orthography:wordlist
Matt.18.10,28,31,28,32,daß,dass,orthography:wordlist
Matt.18.12,116,120,116,121,läßt,lässt,orthography:wordlist
Matt.18.13,43,46,43,47,daß,dass,orthography:wordlist
Matt.18.14,75,78,75,79,daß,dass,orthography:wordlist
Matt.18.25,60,64,60,65,sein,seine,grammar:Frau-determiner
Matt.18.25,65,69,66,70,Weib,Frau,word:Weib-Frau
Matt.19.4,109,112,109,113,daß,dass,orthography:wordlist
Matt.19.4,162,166,163,167,Weib,Frau,word:Weib-Frau
Matt.19.5,84,90,84,90,seinem,seiner,grammar:Frau-determiner
Matt.19.5,91,96,91,95,Weibe,Frau,word:Weib-Frau
Matt.19.9,53,60,53,61,entläßt,entlässt,orthography:wordlist
Matt.19.29,99,103,99,103,Weib,Frau,word:Weib-Frau
Matt.20.15,88,91,88,92,daß,dass,orthography:wordlist
Matt.20.21,108,111,108,112,daß,dass,orthography:wordlist
Matt.20.25,86,89,86,90,daß,dass,orthography:wordlist
Matt.20.25,134,137,135,139,daß,dass,orthography:wordlist
Matt.20.30,72,75,72,76,daß,dass,orthography:wordlist
Matt.20.32,86,89,86,90,daß,dass,orthography:wordlist
Matt.20.33,43,46,43,47,daß,dass,orthography:wordlist
Matt.21.32,227,230,227,231,daß,dass,orthography:wordlist
Matt.21.38,94,98,94,99,laßt,lasst,orthography:wordlist
Matt.21.45,92,95,92,96,daß,dass,orthography:wordlist
Matt.22.6,42,54,42,55,mißhandelten,misshandelten,orthography:wordlist
Matt.22.16,109,112,109,113,daß,dass,orthography:wordlist
Matt.22.34,30,33,30,34,daß,dass,orthography:wordlist
Matt.23.13,88,91,88,92,daß,dass,orthography:wordlist
Matt.23.13,199,203,200,205,laßt,lasst,orthography:wordlist
Matt.23.14,74,77,74,78,daß,dass,orthography:wordlist
Matt.23.15,74,77,74,78,daß,dass,orthography:wordlist
Matt.23.23,74,77,74,78,daß,dass,orthography:wordlist
Matt.23.25,74,77,74,78,daß,dass,orthography:wordlist
Matt.23.27,74,77,74,78,daß,dass,orthography:wordlist
Matt.23.29,74,77,74,78,daß,dass,orthography:wordlist
Matt.23.31,45,48,45,49,daß,dass,orthography:wordlist
Matt.23.35,4,7,4,8,daß,dass,orthography:wordlist
Matt.24.4,79,82,79,83,daß,dass,orthography:wordlist
Matt.24.6,119,122,119,123,muß,muss,orthography:wordlist
Matt.24.9,95,101,95,102,gehaßt,gehasst,orthography:wordlist
Matt.24.15,44,50,44,50,Greuel,Gräuel,orthography:wordlist
Matt.24.20,31,34,31,35,daß,dass,orthography:wordlist
Matt.24.32,111,114,111,115,daß,dass,orthography:wordlist
Matt.24.33,80,83,80,84,daß,dass,orthography:wordlist
Matt.24.43,54,59,54,60,wüßte,wüsste,orthography:wordlist
Matt.25.24,77,82,77,83,wußte,wusste,orthography:wordlist
Matt.25.24,84,87,85,89,daß,dass,orthography:wordlist
Matt.25.26,127,134,127,135,Wußtest,Wusstest,orthography:wordlist
Matt.25.26,139,142,140,144,daß,dass,orthography:wordlist
Matt.25.29,87,95,87,96,Überfluß,Überfluss,orthography:wordlist
Matt.26.2,10,13,10,14,daß,dass,orthography:wordlist
Matt.26.7,5,8,5,9,ein,eine,grammar:Frau-determiner
Matt.26.7,9,13,10,14,Weib,Frau,word:Weib-Frau
Matt.26.7,77,80,78,82,goß,goss,orthography:wordlist
Matt.26.10,65,68,65,68,das,die,grammar:Frau-determiner
Matt.26.10,69,73,69,73,Weib,Frau,word:Weib-Frau
Matt.26.12,7,10,7,11,daß,dass,orthography:wordlist
Matt.26.12,43,46,44,48,goß,goss,orthography:wordlist
Matt.26.17,104,107,104,108,daß,dass,orthography:wordlist
Matt.26.18,113,117,113,118,läßt,lässt,orthography:wordlist
Matt.26.24,169,172,169,173,daß,dass,orthography:wordlist
Matt.26.35,75,80,75,81,müßte,müsste,orthography:wordlist
Matt.26.42,142,145,142,146,daß,dass,orthography:wordlist
Matt.26.46,12,16,12,17,laßt,lasst,orthography:wordlist
Matt.26.49,83,88,83,89,küßte,küsste,orthography:wordlist
Matt.26.54,62,65,62,66,daß,dass,orthography:wordlist
Matt.26.54,79,82,80,84,muß,muss,orthography:wordlist
Matt.26.63,118,121,118,122,daß,dass,orthography:wordlist
Matt.26.65,21,27,21,28,zerriß,zerriss,orthography:wordlist
Matt.27.3,53,56,53,57,daß,dass,orthography:wordlist
Matt.27.4,32,35,32,36,daß,dass,orthography:wordlist
Matt.27.14,86,89,86,90,daß,dass,orthography:wordlist
Matt.27.17,74,77,74,78,daß,dass,orthography:wordlist
Matt.27.18,35,40,35,41,wußte,wusste,orthography:wordlist
Matt.27.18,42,45,43,47,daß,dass,orthography:wordlist
Matt.27.19,45,49,45,50,sein,seine,grammar:Frau-determiner
Matt.27.19,50,54,51,55,Weib,Frau,word:Weib-Frau
Matt.27.21,90,93,90,94,daß,dass,orthography:wordlist
Matt.27.24,21,24,21,25,daß,dass,orthography:wordlist
Matt.27.24,56,59,57,61,daß,dass,orthography:wordlist
Matt.27.35,100,103,100,104,daß,dass,orthography:wordlist
Matt.27.49,33,37,33,38,laßt,lasst,orthography:wordlist
Matt.27.51,51,54,51,55,riß,riss,orthography:wordlist
Matt.27.58,77,80,77,81,daß,dass,orthography:wordlist
Matt.27.63,38,41,38,42,daß,dass,orthography:wordlist
Matt.27.64,16,19,16,20,daß,dass,orthography:wordlist
Matt.28.5,93,96,93,97,daß,dass,orthography:wordlist
Matt.28.7,57,60,57,61,daß,dass,orthography:wordlist
Matt.28.9,106,114,106,115,umfaßten,umfassten,orthography:wordlist
Matt.28.10,113,116,113,117,daß,dass,orthography:wordlist
Matt.28.14,95,98,95,99,daß,dass,orthography:wordlist
Mark.1.9,43,46,43,47,daß,dass,orthography:wordlist
Mark.1.26,3,6,3,7,riß,riss,orthography:wordlist
Mark.1.27,37,40,37,41,daß,dass,orthography:wordlist
Mark.1.38,61,65,61,66,Laßt,Lasst,orthography:wordlist
Mark.1.45,146,149,146,150,daß,dass,orthography:wordlist
Mark.2.1,92,95,92,96,daß,dass,orthography:wordlist
Mark.2.2,36,39,36,40,daß,dass,orthography:wordlist
Mark.2.8,65,68,65,69,daß,dass,orthography:wordlist
Mark.2.10,23,26,23,27,daß,dass,orthography:wordlist
Mark.2.12,86,89,86,90,daß,dass,orthography:wordlist
Mark.2.15,84,87,84,88,daß,dass,orthography:wordlist
Mark.2.16,59,62,59,63,daß,dass,orthography:wordlist
Mark.2.16,137,140,138,142,ißt,isst,orthography:wordlist
Mark.2.21,138,141,138,142,Riß,Riss,orthography:wordlist
Mark.2.22,39,43,39,44,faßt,fasst,orthography:wordlist
Mark.2.23,28,31,28,32,daß,dass,orthography:wordlist
Mark.3.10,61,64,61,65,daß,dass,orthography:wordlist
Mark.3.12,44,47,44,48,daß,dass,orthography:wordlist
Mark.3.14,43,46,43,47,daß,dass,orthography:wordlist
Mark.3.14,69,72,70,74,daß,dass,orthography:wordlist
Mark.3.15,22,25,22,26,daß,dass,orthography:wordlist
Mark.3.20,87,90,87,91,daß,dass,orthography:wordlist
Mark.4.1,165,168,165,169,daß,dass,orthography:wordlist
Mark.4.4,43,46,43,47,daß,dass,orthography:wordlist
Mark.4.12,4,7,4,8,daß,dass,orthography:wordlist
Mark.4.21,157,160,157,161,daß,dass,orthography:wordlist
Mark.4.22,123,126,123,127,daß,dass,orthography:wordlist
Mark.4.27,106,109,106,110,daß,dass,orthography:wordlist
Mark.4.32,148,151,148,152,daß,dass,orthography:wordlist
Mark.4.37,105,108,105,109,daß,dass,orthography:wordlist
Mark.4.38,186,189,186,190,daß,dass,orthography:wordlist
Mark.4.41,94,97,94,98,daß,dass,orthography:wordlist
Mark.5.7,191,194,191,195,daß,dass,orthography:wordlist
Mark.5.18,71,74,71,75,daß,dass,orthography:wordlist
Mark.5.23,128,131,128,132,daß,dass,orthography:wordlist
Mark.5.25,57,65,57,66,Blutfluß,Blutfluss,orthography:wordlist
Mark.5.26,175,178,175,179,daß,dass,orthography:wordlist
Mark.5.29,104,107,104,108,daß,dass,orthography:wordlist
Mark.5.30,55,58,55,59,daß,dass,orthography:wordlist
Mark.5.33,69,74,69,75,wußte,wusste,orthography:wordlist
Mark.5.43,48,51,48,52,daß,dass,orthography:wordlist
Mark.6.5,55,58,55,59,daß,dass,orthography:wordlist
Mark.6.17,126,129,126,129,des,der,grammar:Frau-determiner
Mark.6.17,130,136,130,134,Weibes,Frau,word:Weib-Frau
Mark.6.18,107,111,107,111,Weib,Frau,word:Weib-Frau
Mark.6.20,54,59,54,60,wußte,wusste,orthography:wordlist
Mark.6.20,61,64,62,66,daß,dass,orthography:wordlist
Mark.6.25,91,94,91,95,daß,dass,orthography:wordlist
Mark.6.39,48,51,48,52,daß,dass,orthography:wordlist
Mark.6.48,39,42,39,43,daß,dass,orthography:wordlist
Mark.6.55,120,123,120,124,daß,dass,orthography:wordlist
Mark.6.56,128,131,128,132,daß,dass,orthography:wordlist
Mark.7.12,12,15,12,16,muß,muss,orthography:wordlist
Mark.7.18,100,103,100,104,daß,dass,orthography:wordlist
Mark.7.24,125,128,125,129,daß,dass,orthography:wordlist
Mark.7.27,53,56,53,57,Laß,Lass,orthography:wordlist
Mark.7.27,112,115,113,117,daß,dass,orthography:wordlist
Mark.8.17,92,95,92,96,daß,dass,orthography:wordlist
Mark.8.19,59,66,59,67,wieviel,wie viel,orthography:wordlist
Mark.8.20,68,75,68,76,wieviel,wie viel,orthography:wordlist
Mark.8.22,128,131,128,132,daß,dass,orthography:wordlist
Mark.8.30,48,51,48,52,daß,dass,orthography:wordlist
Mark.8.31,58,61,58,62,daß,dass,orthography:wordlist
Mark.9.5,76,79,76,80,daß,dass,orthography:wordlist
Mark.9.6,21,26,21,27,wußte,wusste,orthography:wordlist
Mark.9.11,95,98,95,99,daß,dass,orthography:wordlist
Mark.9.12,183,186,183,187,Daß,Dass,orthography:wordlist
Mark.9.13,29,32,29,33,daß,dass,orthography:wordlist
Mark.9.20,77,80,77,81,riß,riss,orthography:wordlist
Mark.9.26,17,20,17,21,riß,riss,orthography:wordlist
Mark.9.26,78,81,79,83,daß,dass,orthography:wordlist
Mark.9.30,83,86,83,87,daß,dass,orthography:wordlist
Mark.9.42,109,112,109,113,daß,dass,orthography:wordlist
Mark.9.43,105,108,105,109,daß,dass,orthography:wordlist
Mark.9.43,152,155,153,157,daß,dass,orthography:wordlist
Mark.9.45,103,106,103,107,daß,dass,orthography:wordlist
Mark.9.45,143,146,144,148,daß,dass,orthography:wordlist
Mark.9.47,105,108,105,109,daß,dass,orthography:wordlist
Mark.9.47,156,159,157,161,daß,dass,orthography:wordlist
Mark.9.49,55,58,55,59,muß,muss,orthography:wordlist
Mark.10.6,66,70,66,70,Weib,Frau,word:Weib-Frau
Mark.10.7,84,90,84,90,seinem,seiner,grammar:Frau-determiner
Mark.10.7,91,96,91,95,Weibe,Frau,word:Weib-Frau
Mark.10.11,48,55,48,56,entläßt,entlässt,orthography:wordlist
Mark.10.12,39,46,39,47,entläßt,entlässt,orthography:wordlist
Mark.10.25,17,20,17,21,daß,dass,orthography:wordlist
Mark.10.25,60,63,61,65,daß,dass,orthography:wordlist
Mark.10.35,106,109,106,110,daß,dass,orthography:wordlist
Mark.10.36,42,45,42,46,daß,dass,orthography:wordlist
Mark.10.37,62,65,62,66,daß,dass,orthography:wordlist
Mark.10.42,97,100,97,101,daß,dass,orthography:wordlist
Mark.10.42,180,183,181,185,daß,dass,orthography:wordlist
Mark.10.47,27,30,27,31,daß,dass,orthography:wordlist
Mark.10.51,69,72,69,73,daß,dass,orthography:wordlist
Mark.10.51,126,129,127,131,daß,dass,orthography:wordlist
Mark.11.5,84,87,84,88,daß,dass,orthography:wordlist
Mark.11.16,40,43,40,44,daß,dass,orthography:wordlist
Mark.11.20,54,57,54,58,daß,dass,orthography:wordlist
Mark.11.23,174,177,174,178,daß,dass,orthography:wordlist
Mark.11.24,64,67,64,68,daß,dass,orthography:wordlist
Mark.11.32,96,99,96,100,daß,dass,orthography:wordlist
Mark.12.7,71,75,71,76,laßt,lasst,orthography:wordlist
Mark.12.12,90,93,90,94,daß,dass,orthography:wordlist
Mark.12.14,54,57,54,58,daß,dass,orthography:wordlist
Mark.12.19,86,96,86,97,hinterläßt,hinterlässt,orthography:wordlist
Mark.12.26,30,33,30,34,daß,dass,orthography:wordlist
Mark.12.28,108,111,108,112,daß,dass,orthography:wordlist
Mark.12.32,104,107,104,108,daß,dass,orthography:wordlist
Mark.12.34,27,30,27,31,daß,dass,orthography:wordlist
Mark.12.35,113,116,113,117,daß,dass,orthography:wordlist
Mark.12.44,44,52,44,53,Überfluß,Überfluss,orthography:wordlist
Mark.13.5,76,79,76,80,daß,dass,orthography:wordlist
Mark.13.7,98,101,98,102,muß,muss,orthography:wordlist
Mark.13.10,69,72,69,73,muß,muss,orthography:wordlist
Mark.13.13,38,44,38,45,gehaßt,gehasst,orthography:wordlist
Mark.13.14,45,51,45,51,Greuel,Gräuel,orthography:wordlist
Mark.13.18,31,34,31,35,daß,dass,orthography:wordlist
Mark.13.28,115,118,115,119,daß,dass,orthography:wordlist
Mark.13.29,58,61,58,62,daß,dass,orthography:wordlist
Mark.13.29,91,94,92,96,daß,dass,orthography:wordlist
Mark.13.34,147,150,147,151,daß,dass,orthography:wordlist
Mark.13.36,4,7,4,8,daß,dass,orthography:wordlist
Mark.14.3,91,94,91,95,ein,eine,grammar:Frau-determiner
Mark.14.3,95,99,96,100,Weib,Frau,word:Weib-Frau
Mark.14.3,205,208,206,210,goß,goss,orthography:wordlist
Mark.14.12,131,134,131,135,daß,dass,orthography:wordlist
Mark.14.14,97,101,97,102,läßt,lässt,orthography:wordlist
Mark.14.18,114,117,114,118,ißt,isst,orthography:wordlist
Mark.14.31,51,56,51,57,müßte,müsste,orthography:wordlist
Mark.14.35,85,88,85,89,daß,dass,orthography:wordlist
Mark.14.40,115,121,115,122,wußten,wussten,orthography:wordlist
Mark.14.45,79,84,79,85,küßte,küsste,orthography:wordlist
Mark.14.63,21,27,21,28,zerriß,zerriss,orthography:wordlist
Mark.15.1,137,145,137,146,Beschluß,Beschluss,orthography:wordlist
Mark.15.5,74,77,74,78,daß,dass,orthography:wordlist
Mark.15.8,59,62,59,63,daß,dass,orthography:wordlist
Mark.15.9,80,83,80,84,daß,dass,orthography:wordlist
Mark.15.10,35,40,35,41,wußte,wusste,orthography:wordlist
Mark.15.10,42,45,43,47,daß,dass,orthography:wordlist
Mark.15.11,56,59,56,60,daß,dass,orthography:wordlist
Mark.15.12,86,89,86,90,daß,dass,orthography:wordlist
Mark.15.15,137,140,137,141,daß,dass,orthography:wordlist
Mark.15.32,66,69,66,70,daß,dass,orthography:wordlist
Mark.15.36,108,112,108,113,laßt,lasst,orthography:wordlist
Mark.15.38,53,56,53,57,riß,riss,orthography:wordlist
Mark.15.39,53,56,53,57,daß,dass,orthography:wordlist
Mark.15.44,46,49,46,50,daß,dass,orthography:wordlist
Mark.16.4,45,48,45,49,daß,dass,orthography:wordlist
Mark.16.11,31,34,31,35,daß,dass,orthography:wordlist
Mark.16.14,127,130,127,131,daß,dass,orthography:wordlist
Luke.1.4,13,22,13,23,Gewißheit,Gewissheit,orthography:wordlist
Luke.1.9,51,54,51,55,daß,dass,orthography:wordlist
Luke.1.13,109,113,109,114,dein,deine,grammar:Frau-determiner
Luke.1.13,114,118,115,119,Weib,Frau,word:Weib-Frau
Luke.1.18,122,126,122,127,mein,meine,grammar:Frau-determiner
Luke.1.18,127,131,128,132,Weib,Frau,word:Weib-Frau
Luke.1.21,72,75,72,76,daß,dass,orthography:wordlist
Luke.1.22,72,75,72,76,daß,dass,orthography:wordlist
Luke.1.24,67,71,67,72,sein,seine,grammar:Frau-determiner
Luke.1.24,72,76,73,77,Weib,Frau,word:Weib-Frau
Luke.1.43,49,52,49,53,daß,dass,orthography:wordlist
Luke.1.48,9,12,9,13,daß,dass,orthography:wordlist
Luke.1.58,50,53,50,54,daß,dass,orthography:wordlist
Luke.1.59,43,46,43,47,daß,dass,orthography:wordlist
Luke.1.74,0,3,0,4,daß,dass,orthography:wordlist
Luke.2.1,35,38,35,39,daß,dass,orthography:wordlist
Luke.2.1,79,82,80,84,daß,dass,orthography:wordlist
Luke.2.6,76,79,76,80,daß,dass,orthography:wordlist
Luke.2.15,121,125,121,126,Laßt,Lasst,orthography:wordlist
Luke.2.21,99,104,99,105,mußte,musste,orthography:wordlist
Luke.2.26,72,75,72,76,daß,dass,orthography:wordlist
Luke.2.35,79,82,79,83,daß,dass,orthography:wordlist
Luke.2.43,142,148,142,149,wußten,wussten,orthography:wordlist
Luke.2.49,60,66,60,67,Wußtet,Wusstet,orthography:wordlist
Luke.2.49,78,81,79,83,daß,dass,orthography:wordlist
Luke.2.49,91,94,93,97,muß,muss,orthography:wordlist
Luke.3.5,105,111,105,110,rauhen,rauen,orthography:wordlist
Luke.3.14,99,109,99,110,Mißhandelt,Misshandelt,orthography:wordlist
Luke.3.20,31,34,31,35,daß,dass,orthography:wordlist
Luke.3.20,65,71,66,73,schloß,schloss,orthography:wordlist
Luke.3.21,92,95,92,96,daß,dass,orthography:wordlist
Luke.4.3,85,88,85,89,daß,dass,orthography:wordlist
Luke.4.18,213,216,213,217,daß,dass,orthography:wordlist
Luke.4.23,153,156,153,157,daß,dass,orthography:wordlist
Luke.4.36,117,120,117,121,daß,dass,orthography:wordlist
Luke.4.41,152,158,152,159,wußten,wussten,orthography:wordlist
Luke.4.41,160,163,161,165,daß,dass,orthography:wordlist
Luke.4.43,29,32,29,33,muß,muss,orthography:wordlist
Luke.5.6,82,88,82,89,zerriß,zerriss,orthography:wordlist
Luke.5.7,59,62,59,63,daß,dass,orthography:wordlist
Luke.5.7,135,138,136,140,daß,dass,orthography:wordlist
Luke.5.17,42,45,42,46,daß,dass,orthography:wordlist
Luke.5.24,23,26,23,27,daß,dass,orthography:wordlist
Luke.5.37,39,43,39,44,faßt,fasst,orthography:wordlist
Luke.6.1,20,23,20,24,daß,dass,orthography:wordlist
Luke.6.6,88,91,88,92,daß,dass,orthography:wordlist
Luke.6.12,36,39,36,40,daß,dass,orthography:wordlist
Luke.6.31,55,58,55,59,daß,dass,orthography:wordlist
Luke.7.4,85,88,85,89,daß,dass,orthography:wordlist
Luke.7.6,243,246,243,247,daß,dass,orthography:wordlist
Luke.7.11,46,49,46,50,daß,dass,orthography:wordlist
Luke.7.20,94,98,94,99,läßt,lässt,orthography:wordlist
Luke.7.34,36,39,36,40,ißt,isst,orthography:wordlist
Luke.7.37,93,96,93,97,daß,dass,orthography:wordlist
Luke.7.38,154,159,154,160,küßte,küsste,orthography:wordlist
Luke.7.39,116,121,116,122,wüßte,wüsste,orthography:wordlist
Luke.7.39,183,186,184,188,daß,dass,orthography:wordlist
Luke.7.45,28,31,28,32,Kuß,Kuss,orthography:wordlist
Luke.8.1,36,39,36,40,daß,dass,orthography:wordlist
Luke.8.3,31,34,31,34,das,die,grammar:Frau-determiner
Luke.8.3,35,39,35,39,Weib,Frau,word:Weib-Frau
Luke.8.10,122,125,122,126,daß,dass,orthography:wordlist
Luke.8.22,64,67,64,68,daß,dass,orthography:wordlist
Luke.8.22,134,138,135,140,Laßt,Lasst,orthography:wordlist
Luke.8.25,155,158,155,159,daß,dass,orthography:wordlist
Luke.8.29,213,219,213,220,zerriß,zerriss,orthography:wordlist
Luke.8.32,88,91,88,92,daß,dass,orthography:wordlist
Luke.8.38,67,70,67,71,daß,dass,orthography:wordlist
Luke.8.43,50,58,50,59,Blutfluß,Blutfluss,orthography:wordlist
Luke.8.44,97,105,97,106,Blutfluß,Blutfluss,orthography:wordlist
Luke.8.47,22,25,22,26,daß,dass,orthography:wordlist
Luke.8.53,60,66,60,67,wußten,wussten,orthography:wordlist
Luke.8.53,68,71,69,73,daß,dass,orthography:wordlist
Luke.9.12,95,101,95,102,Entlaß,Entlass,orthography:wordlist
Luke.9.14,90,93,90,94,daß,dass,orthography:wordlist
Luke.9.22,35,38,35,39,muß,muss,orthography:wordlist
Luke.9.28,56,59,56,60,daß,dass,orthography:wordlist
Luke.9.33,101,104,101,105,daß,dass,orthography:wordlist
Luke.9.33,197,202,198,204,wußte,wusste,orthography:wordlist
Luke.9.36,56,59,56,60,daß,dass,orthography:wordlist
Luke.9.39,109,112,109,113,daß,dass,orthography:wordlist
Luke.9.40,53,56,53,57,daß,dass,orthography:wordlist
Luke.9.42,49,52,49,53,riß,riss,orthography:wordlist
Luke.9.45,125,128,125,129,daß,dass,orthography:wordlist
Luke.9.54,106,109,106,110,daß,dass,orthography:wordlist
Luke.9.60,53,56,53,57,Laß,Lass,orthography:wordlist
Luke.10.2,109,112,109,113,daß,dass,orthography:wordlist
Luke.10.11,127,130,127,131,daß,dass,orthography:wordlist
Luke.10.20,50,53,50,54,daß,dass,orthography:wordlist
Luke.10.20,104,107,105,109,daß,dass,orthography:wordlist
Luke.10.21,132,135,132,136,daß,dass,orthography:wordlist
Luke.10.25,99,102,99,103,muß,muss,orthography:wordlist
Luke.10.31,19,22,19,23,daß,dass,orthography:wordlist
Luke.10.34,57,60,57,61,goß,goss,orthography:wordlist
Luke.10.38,48,51,48,52,ein,eine,grammar:Frau-determiner
Luke.10.38,52,56,53,57,Weib,Frau,word:Weib-Frau
Luke.10.40,145,148,145,149,daß,dass,orthography:wordlist
Luke.10.40,184,188,185,190,läßt,lässt,orthography:wordlist
Luke.10.40,205,208,207,211,daß,dass,orthography:wordlist
Luke.11.1,28,31,28,32,daß,dass,orthography:wordlist
Luke.11.13,101,108,101,109,wieviel,wie viel,orthography:wordlist
Luke.11.17,47,52,47,53,wußte,wusste,orthography:wordlist
Luke.11.35,17,20,17,21,daß,dass,orthography:wordlist
Luke.11.36,94,97,94,98,daß,dass,orthography:wordlist
Luke.11.38,49,52,49,53,daß,dass,orthography:wordlist
Luke.11.42,63,66,63,67,daß,dass,orthography:wordlist
Luke.11.43,49,52,49,53,daß,dass,orthography:wordlist
Luke.11.44,29,32,29,33,daß,dass,orthography:wordlist
Luke.11.47,29,32,29,33,daß,dass,orthography:wordlist
Luke.11.50,4,7,4,8,daß,dass,orthography:wordlist
Luke.11.52,55,58,55,59,daß,dass,orthography:wordlist
Luke.12.1,66,69,66,70,daß,dass,orthography:wordlist
Luke.12.13,72,75,72,76,daß,dass,orthography:wordlist
Luke.12.15,116,124,116,125,Überfluß,Überfluss,orthography:wordlist
Luke.12.19,108,110,108,111,iß,iss,orthography:wordlist
Luke.12.24,120,127,120,128,Wieviel,Wie viel,orthography:wordlist
Luke.12.27,95,98,95,99,daß,dass,orthography:wordlist
Luke.12.28,105,112,105,113,wieviel,wie viel,orthography:wordlist
Luke.12.30,81,84,81,85,daß,dass,orthography:wordlist
Luke.12.39,54,59,54,60,wüßte,wüsste,orthography:wordlist
Luke.12.51,21,24,21,25,daß,dass,orthography:wordlist
Luke.12.56,93,96,93,97,daß,dass,orthography:wordlist
Luke.13.2,105,108,105,109,daß,dass,orthography:wordlist
Luke.13.4,93,96,93,97,daß,dass,orthography:wordlist
Luke.13.8,107,110,107,111,laß,lass,orthography:wordlist
Luke.13.12,62,66,62,66,Weib,Frau,word:Weib-Frau
Luke.13.14,51,54,51,55,daß,dass,orthography:wordlist
Luke.13.21,35,38,35,39,ein,eine,grammar:Frau-determiner
Luke.13.21,39,43,40,44,Weib,Frau,word:Weib-Frau
Luke.13.24,16,19,16,20,daß,dass,orthography:wordlist
Luke.13.33,23,26,23,27,muß,muss,orthography:wordlist
Luke.13.33,139,142,140,144,daß,dass,orthography:wordlist
Luke.14.15,99,102,99,103,ißt,isst,orthography:wordlist
Luke.14.24,29,32,29,33,daß,dass,orthography:wordlist
Luke.14.26,64,68,64,68,Weib,Frau,word:Weib-Frau
Luke.14.26,103,107,103,108,haßt,hasst,orthography:wordlist
Luke.15.2,101,104,101,105,ißt,isst,orthography:wordlist
Luke.15.4,170,174,170,175,läßt,lässt,orthography:wordlist
Luke.15.17,88,96,88,97,Überfluß,Überfluss,orthography:wordlist
Luke.15.20,164,169,164,170,küßte,küsste,orthography:wordlist
Luke.15.32,13,18,13,19,mußte,musste,orthography:wordlist
Luke.16.1,132,135,132,136,daß,dass,orthography:wordlist
Luke.16.5,94,101,94,102,Wieviel,Wie viel,orthography:wordlist
Luke.16.7,71,78,71,79,wieviel,wie viel,orthography:wordlist
Luke.16.8,56,59,56,60,daß,dass,orthography:wordlist
Luke.16.9,81,84,81,85,daß,dass,orthography:wordlist
Luke.16.15,181,187,181,187,Greuel,Gräuel,orthography:wordlist
Luke.16.17,22,25,22,26,daß,dass,orthography:wordlist
Luke.16.17,56,59,57,61,daß,dass,orthography:wordlist
Luke.16.18,20,26,20,26,seinem,seiner,grammar:Frau-determiner
Luke.16.18,27,32,27,31,Weibe,Frau,word:Weib-Frau
Luke.16.22,20,23,20,24,daß,dass,orthography:wordlist
Luke.16.24,87,90,87,91,daß,dass,orthography:wordlist
Luke.16.25,63,66,63,67,daß,dass,orthography:wordlist
Luke.16.26,90,93,90,94,daß,dass,orthography:wordlist
Luke.16.27,67,70,67,71,daß,dass,orthography:wordlist
Luke.16.28,36,39,36,40,daß,dass,orthography:wordlist
Luke.17.1,53,56,53,57,daß,dass,orthography:wordlist
Luke.17.2,101,104,101,105,daß,dass,orthography:wordlist
Luke.17.8,141,143,141,144,iß,iss,orthography:wordlist
Luke.17.9,26,29,26,30,daß,dass,orthography:wordlist
Luke.17.11,58,61,58,62,daß,dass,orthography:wordlist
Luke.17.15,61,64,61,65,daß,dass,orthography:wordlist
Luke.17.25,11,14,11,15,muß,muss,orthography:wordlist
Luke.17.32,26,30,26,30,Weib,Frau,word:Weib-Frau
Luke.18.1,55,58,55,59,daß,dass,orthography:wordlist
Luke.18.7,121,125,121,126,läßt,lässt,orthography:wordlist
Luke.18.9,69,72,69,73,daß,dass,orthography:wordlist
Luke.18.11,114,117,114,118,daß,dass,orthography:wordlist
Luke.18.18,71,74,71,75,muß,muss,orthography:wordlist
Luke.18.25,31,34,31,35,daß,dass,orthography:wordlist
Luke.18.25,74,77,75,79,daß,dass,orthography:wordlist
Luke.18.29,107,111,107,111,Weib,Frau,word:Weib-Frau
Luke.18.32,64,74,64,75,mißhandelt,misshandelt,orthography:wordlist
Luke.18.41,33,36,33,37,daß,dass,orthography:wordlist
Luke.18.41,72,75,73,77,daß,dass,orthography:wordlist
Luke.19.5,153,156,153,157,muß,muss,orthography:wordlist
Luke.19.14,45,51,45,52,haßten,hassten,orthography:wordlist
Luke.19.14,134,137,135,139,daß,dass,orthography:wordlist
Luke.19.22,105,112,105,113,Wußtest,Wusstest,orthography:wordlist
Luke.19.22,117,120,118,122,daß,dass,orthography:wordlist
Luke.19.22,148,151,150,154,daß,dass,orthography:wordlist
Luke.19.23,70,73,70,74,daß,dass,orthography:wordlist
Luke.19.27,53,56,53,57,daß,dass,orthography:wordlist
Luke.19.43,44,47,44,48,daß,dass,orthography:wordlist
Luke.20.6,96,99,96,100,daß,dass,orthography:wordlist
Luke.20.7,34,40,34,41,wüßten,wüssten,orthography:wordlist
Luke.20.14,92,96,92,97,laßt,lasst,orthography:wordlist
Luke.20.19,162,165,162,166,daß,dass,orthography:wordlist
Luke.20.21,82,85,82,86,daß,dass,orthography:wordlist
Luke.20.37,9,12,9,13,Daß,Dass,orthography:wordlist
Luke.20.41,76,79,76,80,daß,dass,orthography:wordlist
Luke.21.5,48,51,48,52,daß,dass,orthography:wordlist
Luke.21.8,39,42,39,43,daß,dass,orthography:wordlist
Luke.21.9,92,95,92,96,muß,muss,orthography:wordlist
Luke.21.14,30,33,30,34,daß,dass,orthography:wordlist
Luke.21.17,34,40,34,41,gehaßt,gehasst,orthography:wordlist
Luke.21.20,120,123,120,124,daß,dass,orthography:wordlist
Luke.21.30,82,85,82,86,daß,dass,orthography:wordlist
Luke.21.31,45,48,45,49,daß,dass,orthography:wordlist
Luke.21.31,82,85,83,87,daß,dass,orthography:wordlist
Luke.21.34,32,35,32,36,daß,dass,orthography:wordlist
Luke.21.36,53,56,53,57,daß,dass,orthography:wordlist
Luke.22.7,73,78,73,79,mußte,musste,orthography:wordlist
Luke.22.9,60,63,60,64,daß,dass,orthography:wordlist
Luke.22.11,52,56,52,57,läßt,lässt,orthography:wordlist
Luke.22.30,9,12,9,13,daß,dass,orthography:wordlist
Luke.22.32,50,53,50,54,daß,dass,orthography:wordlist
Luke.22.34,103,106,103,107,daß,dass,orthography:wordlist
Luke.22.37,80,83,80,84,muß,muss,orthography:wordlist
Luke.22.40,72,75,72,76,daß,dass,orthography:wordlist
Luke.22.41,25,28,25,29,riß,riss,orthography:wordlist
Luke.22.46,73,76,73,77,daß,dass,orthography:wordlist
Luke.22.48,70,73,70,74,Kuß,Kuss,orthography:wordlist
Luke.22.57,56,60,56,60,Weib,Frau,word:Weib-Frau
Luke.22.63,57,69,57,70,mißhandelten,misshandelten,orthography:wordlist
Luke.23.2,80,83,80,84,daß,dass,orthography:wordlist
Luke.23.7,55,58,55,59,daß,dass,orthography:wordlist
Luke.23.17,21,26,21,27,mußte,musste,orthography:wordlist
Luke.23.23,55,58,55,59,daß,dass,orthography:wordlist
Luke.23.24,31,34,31,35,daß,dass,orthography:wordlist
Luke.23.45,68,71,68,72,riß,riss,orthography:wordlist
Luke.24.7,38,41,38,42,muß,muss,orthography:wordlist
Luke.24.16,33,36,33,37,daß,dass,orthography:wordlist
Luke.24.20,63,66,63,67,daß,dass,orthography:wordlist
Luke.24.26,9,14,9,15,Mußte,Musste,orthography:wordlist
Luke.24.39,43,46,43,47,daß,dass,orthography:wordlist
Luke.24.39,143,146,144,148,daß,dass,orthography:wordlist
Luke.24.44,139,142,139,143,daß,dass,orthography:wordlist
Luke.24.46,64,67,64,68,daß,dass,orthography:wordlist
Luke.24.47,22,25,22,26,daß,dass,orthography:wordlist
John.1.34,55,58,55,59,daß,dass,orthography:wordlist
John.1.50,104,107,104,108,daß,dass,orthography:wordlist
John.2.4,40,44,40,44,Weib,Frau,word:Weib-Frau
John.2.6,125,130,125,131,faßte,fasste,orthography:wordlist
John.2.9,106,111,106,112,wußte,wusste,orthography:wordlist
John.2.9,183,189,184,191,wußten,wussten,orthography:wordlist
John.2.17,45,48,45,49,daß,dass,orthography:wordlist
John.2.22,107,110,107,111,daß,dass,orthography:wordlist
John.2.25,28,31,28,32,daß,dass,orthography:wordlist
John.2.25,81,86,82,88,wußte,wusste,orthography:wordlist
John.3.2,69,72,69,73,daß,dass,orthography:wordlist
John.3.7,9,12,9,13,Laß,Lass,orthography:wordlist
John.3.7,35,38,36,40,daß,dass,orthography:wordlist
John.3.7,64,68,66,71,müßt,müsst,orthography:wordlist
John.3.14,89,92,89,93,muß,muss,orthography:wordlist
John.3.15,22,25,22,26,daß,dass,orthography:wordlist
John.3.16,89,92,89,93,daß,dass,orthography:wordlist
John.3.17,80,83,80,84,daß,dass,orthography:wordlist
John.3.17,112,115,113,117,daß,dass,orthography:wordlist
John.3.19,32,35,32,36,daß,dass,orthography:wordlist
John.3.20,56,60,56,61,haßt,hasst,orthography:wordlist
John.3.21,83,86,83,87,daß,dass,orthography:wordlist
John.3.28,34,37,34,38,daß,dass,orthography:wordlist
John.3.30,21,24,21,25,muß,muss,orthography:wordlist
John.3.30,52,55,53,57,muß,muss,orthography:wordlist
John.3.33,46,49,46,50,daß,dass,orthography:wordlist
John.4.1,43,46,43,47,daß,dass,orthography:wordlist
John.4.1,76,79,77,81,daß,dass,orthography:wordlist
John.4.4,21,26,21,27,mußte,musste,orthography:wordlist
John.4.19,41,44,41,45,daß,dass,orthography:wordlist
John.4.21,58,62,58,62,Weib,Frau,word:Weib-Frau
John.4.25,44,47,44,48,daß,dass,orthography:wordlist
John.4.27,66,69,66,70,daß,dass,orthography:wordlist
John.4.31,53,55,53,56,iß,iss,orthography:wordlist
John.4.34,64,67,64,68,daß,dass,orthography:wordlist
John.4.36,71,74,71,75,daß,dass,orthography:wordlist
John.4.42,126,129,126,130,daß,dass,orthography:wordlist
John.4.44,37,40,37,41,daß,dass,orthography:wordlist
John.4.47,18,21,18,22,daß,dass,orthography:wordlist
John.4.53,59,62,59,63,daß,dass,orthography:wordlist
John.5.6,42,45,42,46,daß,dass,orthography:wordlist
John.5.13,27,32,27,33,wußte,wusste,orthography:wordlist
John.5.20,135,138,135,139,daß,dass,orthography:wordlist
John.5.32,53,56,53,57,daß,dass,orthography:wordlist
John.5.36,142,145,142,146,daß,dass,orthography:wordlist
John.5.36,211,214,212,216,daß,dass,orthography:wordlist
John.5.42,41,44,41,45,daß,dass,orthography:wordlist
John.5.45,32,35,32,36,daß,dass,orthography:wordlist
John.6.5,38,41,38,42,daß,dass,orthography:wordlist
John.6.5,119,122,120,124,daß,dass,orthography:wordlist
John.6.6,68,73,68,74,wußte,wusste,orthography:wordlist
John.6.7,107,110,107,111,daß,dass,orthography:wordlist
John.6.10,41,44,41,45,daß,dass,orthography:wordlist
John.6.15,48,51,48,52,daß,dass,orthography:wordlist
John.6.22,63,66,63,67,daß,dass,orthography:wordlist
John.6.22,164,167,165,169,daß,dass,orthography:wordlist
John.6.22,236,239,238,242,daß,dass,orthography:wordlist
John.6.24,57,60,57,61,daß,dass,orthography:wordlist
John.6.29,108,111,108,112,daß,dass,orthography:wordlist
John.6.36,39,42,39,43,daß,dass,orthography:wordlist
John.6.39,102,105,102,106,daß,dass,orthography:wordlist
John.6.39,169,172,170,174,daß,dass,orthography:wordlist
John.6.40,65,68,65,69,daß,dass,orthography:wordlist
John.6.44,86,89,86,90,daß,dass,orthography:wordlist
John.6.46,16,19,16,20,daß,dass,orthography:wordlist
John.6.50,86,89,86,90,daß,dass,orthography:wordlist
John.6.50,101,104,102,106,ißt,isst,orthography:wordlist
John.6.51,109,112,109,113,ißt,isst,orthography:wordlist
John.6.54,44,47,44,48,ißt,isst,orthography:wordlist
John.6.56,44,47,44,48,ißt,isst,orthography:wordlist
John.6.57,152,155,152,156,ißt,isst,orthography:wordlist
John.6.58,171,174,171,175,ißt,isst,orthography:wordlist
John.6.61,65,68,65,69,daß,dass,orthography:wordlist
John.6.64,117,122,117,123,wußte,wusste,orthography:wordlist
John.6.66,29,34,29,35,Anlaß,Anlass,orthography:wordlist
John.6.69,54,57,54,58,daß,dass,orthography:wordlist
John.7.7,79,83,79,84,haßt,hasst,orthography:wordlist
John.7.7,115,118,116,120,daß,dass,orthography:wordlist
John.7.22,74,77,74,78,daß,dass,orthography:wordlist
John.7.23,134,137,134,138,daß,dass,orthography:wordlist
John.7.26,118,121,118,122,daß,dass,orthography:wordlist
John.7.32,22,25,22,26,daß,dass,orthography:wordlist
John.7.35,108,111,108,112,daß,dass,orthography:wordlist
John.7.36,32,35,32,36,daß,dass,orthography:wordlist
John.7.42,42,45,42,46,daß,dass,orthography:wordlist
John.7.52,133,136,133,137,daß,dass,orthography:wordlist
John.8.3,65,68,65,69,ein,eine,grammar:Frau-determiner
John.8.3,69,73,70,74,Weib,Frau,word:Weib-Frau
John.8.4,30,36,30,35,dieses,diese,grammar:Frau-determiner
John.8.4,37,41,36,40,Weib,Frau,word:Weib-Frau
John.8.9,152,155,152,155,dem,der,grammar:Frau-determiner
John.8.9,156,160,156,160,Weib,Frau,word:Weib-Frau
John.8.9,162,165,162,165,das,die,grammar:Frau-relative
John.8.10,55,59,55,59,Weib,Frau,word:Weib-Frau
John.8.17,103,106,103,107,daß,dass,orthography:wordlist
John.8.22,62,65,62,66,daß,dass,orthography:wordlist
John.8.24,37,40,37,41,daß,dass,orthography:wordlist
John.8.24,106,109,107,111,daß,dass,orthography:wordlist
John.8.27,36,39,36,40,daß,dass,orthography:wordlist
John.8.28,121,124,121,125,daß,dass,orthography:wordlist
John.8.29,60,64,60,65,läßt,lässt,orthography:wordlist
John.8.37,10,13,10,14,daß,dass,orthography:wordlist
John.8.48,91,94,91,95,daß,dass,orthography:wordlist
John.8.52,68,71,68,72,daß,dass,orthography:wordlist
John.8.56,42,45,42,46,daß,dass,orthography:wordlist
John.9.2,131,134,131,135,daß,dass,orthography:wordlist
John.9.4,22,25,22,26,muß,muss,orthography:wordlist
John.9.17,81,84,81,85,daß,dass,orthography:wordlist
John.9.18,56,59,56,60,daß,dass,orthography:wordlist
John.9.19,84,87,84,88,daß,dass,orthography:wordlist
John.9.20,84,87,84,88,daß,dass,orthography:wordlist
John.9.20,114,117,115,119,daß,dass,orthography:wordlist
John.9.22,144,147,144,148,daß,dass,orthography:wordlist
John.9.24,127,130,127,131,daß,dass,orthography:wordlist
John.9.25,130,133,130,134,daß,dass,orthography:wordlist
John.9.29,30,33,30,34,daß,dass,orthography:wordlist
John.9.30,92,95,92,96,daß,dass,orthography:wordlist
John.9.31,12,15,12,16,daß,dass,orthography:wordlist
John.9.32,46,49,46,50,daß,dass,orthography:wordlist
John.9.35,31,34,31,35,daß,dass,orthography:wordlist
John.9.36,84,87,84,88,daß,dass,orthography:wordlist
John.9.39,93,96,93,97,daß,dass,orthography:wordlist
John.10.10,112,120,112,121,Überfluß,Überfluss,orthography:wordlist
John.10.11,55,59,55,60,läßt,lässt,orthography:wordlist
John.10.12,98,105,98,106,verläßt,verlässt,orthography:wordlist
John.10.16,105,108,105,109,muß,muss,orthography:wordlist
John.10.17,59,62,59,63,daß,dass,orthography:wordlist
John.10.38,93,96,93,97,daß,dass,orthography:wordlist
John.10.38,123,126,124,128,daß,dass,orthography:wordlist
John.11.6,27,30,27,31,daß,dass,orthography:wordlist
John.11.7,37,41,37,42,Laßt,Lasst,orthography:wordlist
John.11.15,42,45,42,46,daß,dass,orthography:wordlist
John.11.16,117,120,117,121,daß,dass,orthography:wordlist
John.11.20,58,61,58,62,daß,dass,orthography:wordlist
John.11.24,60,63,60,64,daß,dass,orthography:wordlist
John.11.27,60,63,60,64,daß,dass,orthography:wordlist
John.11.31,72,75,72,76,daß,dass,orthography:wordlist
John.11.37,88,91,88,92,daß,dass,orthography:wordlist
John.11.41,111,114,111,115,daß,dass,orthography:wordlist
John.11.42,42,45,42,46,daß,dass,orthography:wordlist
John.11.42,149,152,150,154,daß,dass,orthography:wordlist
John.11.44,180,184,180,185,laßt,lasst,orthography:wordlist
John.11.50,47,50,47,51,daß,dass,orthography:wordlist
John.11.50,110,113,111,115,daß,dass,orthography:wordlist
John.11.57,87,90,87,91,daß,dass,orthography:wordlist
John.12.7,44,47,44,48,Laß,Lass,orthography:wordlist
John.12.9,51,54,51,55,daß,dass,orthography:wordlist
John.12.12,82,85,82,86,daß,dass,orthography:wordlist
John.12.16,135,138,135,139,daß,dass,orthography:wordlist
John.12.16,177,180,178,182,daß,dass,orthography:wordlist
John.12.17,42,45,42,46,daß,dass,orthography:wordlist
John.12.18,65,68,65,69,daß,dass,orthography:wordlist
John.12.19,66,69,66,70,daß,dass,orthography:wordlist
John.12.23,101,104,101,105,daß,dass,orthography:wordlist
John.12.25,83,87,83,88,haßt,hasst,orthography:wordlist
John.12.34,95,98,95,99,daß,dass,orthography:wordlist
John.12.38,4,7,4,8,daß,dass,orthography:wordlist
John.12.40,54,57,54,58,daß,dass,orthography:wordlist
John.12.50,32,35,32,36,daß,dass,orthography:wordlist
John.13.1,53,58,53,59,wußte,wusste,orthography:wordlist
John.13.1,60,63,61,65,daß,dass,orthography:wordlist
John.13.3,15,20,15,21,wußte,wusste,orthography:wordlist
John.13.3,22,25,23,27,daß,dass,orthography:wordlist
John.13.3,76,79,78,82,daß,dass,orthography:wordlist
John.13.5,7,10,7,11,goß,goss,orthography:wordlist
John.13.18,80,83,80,84,muß,muss,orthography:wordlist
John.13.18,134,137,135,139,ißt,isst,orthography:wordlist
John.13.19,130,133,130,134,daß,dass,orthography:wordlist
John.13.22,54,60,54,61,wußten,wussten,orthography:wordlist
John.13.24,40,43,40,44,daß,dass,orthography:wordlist
John.13.34,31,34,31,35,daß,dass,orthography:wordlist
John.13.34,56,59,57,61,daß,dass,orthography:wordlist
John.13.35,31,34,31,35,daß,dass,orthography:wordlist
John.14.3,114,117,114,118,daß,dass,orthography:wordlist
John.14.10,45,48,45,49,daß,dass,orthography:wordlist
John.14.11,31,34,31,35,daß,dass,orthography:wordlist
John.14.13,75,78,75,79,daß,dass,orthography:wordlist
John.14.16,104,107,104,108,daß,dass,orthography:wordlist
John.14.20,62,65,62,66,daß,dass,orthography:wordlist
John.14.22,66,69,66,70,daß,dass,orthography:wordlist
John.14.28,17,20,17,21,daß,dass,orthography:wordlist
John.14.28,118,121,119,123,daß,dass,orthography:wordlist
John.14.31,29,32,29,33,daß,dass,orthography:wordlist
John.15.8,38,41,38,42,daß,dass,orthography:wordlist
John.15.11,47,50,47,51,daß,dass,orthography:wordlist
John.15.12,56,59,56,60,daß,dass,orthography:wordlist
John.15.13,35,38,35,39,daß,dass,orthography:wordlist
John.15.13,53,57,54,59,läßt,lässt,orthography:wordlist
John.15.16,117,120,117,121,daß,dass,orthography:wordlist
John.15.16,181,184,182,186,daß,dass,orthography:wordlist
John.15.17,40,43,40,44,daß,dass,orthography:wordlist
John.15.18,37,41,37,42,haßt,hasst,orthography:wordlist
John.15.18,54,57,55,59,daß,dass,orthography:wordlist
John.15.18,76,82,78,85,gehaßt,gehasst,orthography:wordlist
John.15.19,155,159,155,160,haßt,hasst,orthography:wordlist
John.15.23,9,13,9,14,haßt,hasst,orthography:wordlist
John.15.23,19,23,20,25,haßt,hasst,orthography:wordlist
John.16.4,101,104,101,105,daß,dass,orthography:wordlist
John.16.7,90,93,90,94,daß,dass,orthography:wordlist
John.16.15,68,71,68,72,daß,dass,orthography:wordlist
John.16.17,82,85,82,86,daß,dass,orthography:wordlist
John.16.18,39,42,39,43,daß,dass,orthography:wordlist
John.16.19,23,26,23,27,daß,dass,orthography:wordlist
John.16.19,103,106,104,108,daß,dass,orthography:wordlist
John.16.21,181,184,181,185,daß,dass,orthography:wordlist
John.16.24,89,92,89,93,daß,dass,orthography:wordlist
John.16.26,101,104,101,105,daß,dass,orthography:wordlist
John.16.27,98,101,98,102,daß,dass,orthography:wordlist
John.16.30,36,39,36,40,daß,dass,orthography:wordlist
John.16.30,77,80,78,82,daß,dass,orthography:wordlist
John.16.30,119,122,121,125,daß,dass,orthography:wordlist
John.16.33,65,68,65,69,daß,dass,orthography:wordlist
John.17.2,73,76,73,77,daß,dass,orthography:wordlist
John.17.3,84,87,84,88,daß,dass,orthography:wordlist
John.17.4,125,128,125,129,daß,dass,orthography:wordlist
John.17.7,27,30,27,31,daß,dass,orthography:wordlist
John.17.8,149,152,149,153,daß,dass,orthography:wordlist
John.17.8,195,198,196,200,daß,dass,orthography:wordlist
John.17.12,237,240,237,241,daß,dass,orthography:wordlist
John.17.14,56,60,56,61,haßt,hasst,orthography:wordlist
John.17.15,17,20,17,21,daß,dass,orthography:wordlist
John.17.15,58,61,59,63,daß,dass,orthography:wordlist
John.17.21,4,7,4,8,daß,dass,orthography:wordlist
John.17.21,77,80,78,82,daß,dass,orthography:wordlist
John.17.21,132,135,134,138,daß,dass,orthography:wordlist
John.17.22,93,96,93,97,daß,dass,orthography:wordlist
John.17.23,95,98,95,99,daß,dass,orthography:wordlist
John.17.23,160,163,161,165,daß,dass,orthography:wordlist
John.17.24,26,29,26,30,daß,dass,orthography:wordlist
John.17.24,92,95,93,97,daß,dass,orthography:wordlist
John.17.25,103,106,103,107,daß,dass,orthography:wordlist
John.17.26,123,126,123,127,daß,dass,orthography:wordlist
John.18.4,40,45,40,46,wußte,wusste,orthography:wordlist
John.18.8,58,61,58,62,daß,dass,orthography:wordlist
John.18.9,4,7,4,8,daß,dass,orthography:wordlist
John.18.14,84,87,84,88,daß,dass,orthography:wordlist
John.18.32,4,7,4,8,daß,dass,orthography:wordlist
John.18.36,140,143,140,144,daß,dass,orthography:wordlist
John.18.37,200,203,200,204,daß,dass,orthography:wordlist
John.18.39,76,79,76,80,daß,dass,orthography:wordlist
John.18.39,134,137,135,139,daß,dass,orthography:wordlist
John.19.4,116,119,116,120,daß,dass,orthography:wordlist
John.19.7,72,75,72,76,muß,muss,orthography:wordlist
John.19.10,95,98,95,99,daß,dass,orthography:wordlist
John.19.16,43,46,43,47,daß,dass,orthography:wordlist
John.19.21,115,118,115,119,daß,dass,orthography:wordlist
John.19.24,55,59,55,60,Laßt,Lasst,orthography:wordlist
John.19.24,132,135,133,137,daß,dass,orthography:wordlist
John.19.26,106,110,106,110,Weib,Frau,word:Weib-Frau
John.19.28,31,36,31,37,wußte,wusste,orthography:wordlist
John.19.28,38,41,39,43,daß,dass,orthography:wordlist
John.19.31,150,153,150,154,daß,dass,orthography:wordlist
John.19.33,93,96,93,97,daß,dass,orthography:wordlist
John.19.35,94,97,94,98,daß,dass,orthography:wordlist
John.19.35,124,127,125,129,daß,dass,orthography:wordlist
John.19.38,159,162,159,163,daß,dass,orthography:wordlist
John.20.9,53,56,53,57,daß,dass,orthography:wordlist
John.20.13,36,40,36,40,Weib,Frau,word:Weib-Frau
John.20.14,93,96,93,97,daß,dass,orthography:wordlist
John.20.15,40,44,40,44,Weib,Frau,word:Weib-Frau
John.20.18,53,56,53,57,daß,dass,orthography:wordlist
John.20.18,83,86,84,88,daß,dass,orthography:wordlist
John.20.31,66,69,66,70,daß,dass,orthography:wordlist
John.20.31,115,118,116,120,daß,dass,orthography:wordlist
John.21.4,61,67,61,68,wußten,wussten,orthography:wordlist
John.21.4,86,89,87,91,daß,dass,orthography:wordlist
John.21.7,111,114,111,115,daß,dass,orthography:wordlist
John.21.11,137,143,137,144,zerriß,zerriss,orthography:wordlist
John.21.12,130,136,130,137,wußten,wussten,orthography:wordlist
John.21.12,138,141,139,143,daß,dass,orthography:wordlist
John.21.14,38,41,38,42,daß,dass,orthography:wordlist
John.21.15,155,158,155,159,daß,dass,orthography:wordlist
John.21.16,131,134,131,135,daß,dass,orthography:wordlist
John.21.17,97,100,97,101,daß,dass,orthography:wordlist
John.21.17,206,209,207,211,daß,dass,orthography:wordlist
John.21.22,64,67,64,68,daß,dass,orthography:wordlist
John.21.23,155,158,155,159,daß,dass,orthography:wordlist
John.21.24,128,131,128,132,daß,dass,orthography:wordlist
Acts.1.16,26,31,26,32,mußte,musste,orthography:wordlist
Acts.1.19,71,74,71,75,daß,dass,orthography:wordlist
Acts.1.21,3,6,3,7,muß,muss,orthography:wordlist
Acts.1.22,131,134,131,135,muß,muss,orthography:wordlist
Acts.2.21,41,44,41,45,daß,dass,orthography:wordlist
Acts.2.24,88,91,88,92,daß,dass,orthography:wordlist
Acts.2.25,132,135,132,136,daß,dass,orthography:wordlist
Acts.2.27,72,75,72,76,daß,dass,orthography:wordlist
Acts.2.30,30,35,30,36,wußte,wusste,orthography:wordlist
Acts.2.30,37,40,38,42,daß,dass,orthography:wordlist
Acts.2.31,94,97,94,98,daß,dass,orthography:wordlist
Acts.2.36,104,113,104,114,Gewißheit,Gewissheit,orthography:wordlist
Acts.2.36,115,118,116,120,daß,dass,orthography:wordlist
Acts.3.10,37,40,37,41,daß,dass,orthography:wordlist
Acts.3.12,230,233,230,234,daß,dass,orthography:wordlist
Acts.3.14,93,96,93,97,daß,dass,orthography:wordlist
Acts.3.17,49,52,49,53,daß,dass,orthography:wordlist
Acts.3.18,119,122,119,123,daß,dass,orthography:wordlist
Acts.3.19,35,38,35,39,daß,dass,orthography:wordlist
Acts.3.21,29,32,29,33,muß,muss,orthography:wordlist
Acts.3.25,103,109,103,110,schloß,schloss,orthography:wordlist
Acts.4.2,4,11,4,12,verdroß,verdross,orthography:wordlist
Acts.4.2,16,19,17,21,daß,dass,orthography:wordlist
Acts.4.5,37,40,37,41,daß,dass,orthography:wordlist
Acts.4.10,52,55,52,56,daß,dass,orthography:wordlist
Acts.4.10,161,164,162,166,daß,dass,orthography:wordlist
Acts.4.13,75,78,75,79,daß,dass,orthography:wordlist
Acts.4.13,158,161,159,163,daß,dass,orthography:wordlist
Acts.4.16,50,53,50,54,daß,dass,orthography:wordlist
Acts.4.28,61,64,61,65,daß,dass,orthography:wordlist
Acts.4.30,49,52,49,53,daß,dass,orthography:wordlist
Acts.4.32,86,89,86,90,daß,dass,orthography:wordlist
Acts.5.15,21,24,21,25,daß,dass,orthography:wordlist
Acts.5.29,85,88,85,89,muß,muss,orthography:wordlist
Acts.5.39,71,74,71,75,Daß,Dass,orthography:wordlist
Acts.6.2,96,99,96,100,daß,dass,orthography:wordlist
Acts.7.12,22,25,22,26,daß,dass,orthography:wordlist
Acts.7.25,50,53,50,54,daß,dass,orthography:wordlist
Acts.7.34,13,24,13,25,Mißhandlung,Misshandlung,orthography:wordlist
Acts.7.42,54,57,54,58,daß,dass,orthography:wordlist
Acts.8.13,130,133,130,134,daß,dass,orthography:wordlist
Acts.8.14,42,45,42,46,daß,dass,orthography:wordlist
Acts.8.15,48,51,48,52,daß,dass,orthography:wordlist
Acts.8.18,20,23,20,24,daß,dass,orthography:wordlist
Acts.8.23,24,27,24,28,daß,dass,orthography:wordlist
Acts.8.24,89,92,89,93,daß,dass,orthography:wordlist
Acts.8.37,140,143,140,144,daß,dass,orthography:wordlist
Acts.9.3,83,86,83,87,daß,dass,orthography:wordlist
Acts.9.6,88,91,88,92,daß,dass,orthography:wordlist
Acts.9.13,100,107,100,108,wieviel,wie viel,orthography:wordlist
Acts.9.16,45,52,45,53,wieviel,wie viel,orthography:wordlist
Acts.9.16,87,90,88,92,muß,muss,orthography:wordlist
Acts.9.20,75,78,75,79,daß,dass,orthography:wordlist
Acts.9.22,126,129,126,130,daß,dass,orthography:wordlist
Acts.9.26,133,136,133,137,daß,dass,orthography:wordlist
Acts.9.27,144,147,144,148,daß,dass,orthography:wordlist
Acts.9.32,20,23,20,24,daß,dass,orthography:wordlist
Acts.9.37,43,46,43,47,daß,dass,orthography:wordlist
Acts.9.38,65,68,65,69,daß,dass,orthography:wordlist
Acts.9.43,17,20,17,21,daß,dass,orthography:wordlist
Acts.10.2,97,105,97,106,Unterlaß,Unterlass,orthography:wordlist
Acts.10.5,99,102,99,103,laß,lass,orthography:wordlist
Acts.10.13,75,77,75,78,iß,iss,orthography:wordlist
Acts.10.25,29,32,29,33,daß,dass,orthography:wordlist
Acts.10.28,43,46,43,47,daß,dass,orthography:wordlist
Acts.10.28,175,178,176,180,daß,dass,orthography:wordlist
Acts.10.32,72,75,72,76,laß,lass,orthography:wordlist
Acts.10.33,83,86,83,87,daß,dass,orthography:wordlist
Acts.10.34,68,71,68,72,daß,dass,orthography:wordlist
Acts.10.35,17,20,17,21,daß,dass,orthography:wordlist
Acts.10.42,111,114,111,115,daß,dass,orthography:wordlist
Acts.10.43,44,47,44,48,daß,dass,orthography:wordlist
Acts.10.45,129,132,129,133,daß,dass,orthography:wordlist
Acts.10.47,66,69,66,70,daß,dass,orthography:wordlist
Acts.10.48,42,45,42,46,daß,dass,orthography:wordlist
Acts.11.1,63,66,63,67,daß,dass,orthography:wordlist
Acts.11.7,87,89,87,90,iß,iss,orthography:wordlist
Acts.11.13,139,142,139,143,laß,lass,orthography:wordlist
Acts.11.17,178,181,178,182,daß,dass,orthography:wordlist
Acts.11.22,98,101,98,102,daß,dass,orthography:wordlist
Acts.11.24,89,95,89,96,schloß,schloss,orthography:wordlist
Acts.11.26,56,59,56,60,daß,dass,orthography:wordlist
Acts.11.26,156,159,157,161,daß,dass,orthography:wordlist
Acts.11.29,36,39,36,40,daß,dass,orthography:wordlist
Acts.12.1,82,92,82,93,mißhandeln,misshandeln,orthography:wordlist
Acts.12.3,25,28,25,29,daß,dass,orthography:wordlist
Acts.12.9,56,61,56,62,wußte,wusste,orthography:wordlist
Acts.12.9,69,72,70,74,daß,dass,orthography:wordlist
Acts.12.11,66,69,66,70,daß,dass,orthography:wordlist
Acts.13.28,85,88,85,89,daß,dass,orthography:wordlist
Acts.13.32,125,128,125,129,daß,dass,orthography:wordlist
Acts.13.34,9,12,9,13,Daß,Dass,orthography:wordlist
Acts.13.34,64,67,65,69,daß,dass,orthography:wordlist
Acts.13.35,86,89,86,90,daß,dass,orthography:wordlist
Acts.13.38,45,48,45,49,daß,dass,orthography:wordlist
Acts.13.40,17,20,17,21,daß,dass,orthography:wordlist
Acts.13.42,54,57,54,58,daß,dass,orthography:wordlist
Acts.13.46,93,98,93,99,mußte,musste,orthography:wordlist
Acts.13.47,117,120,117,121,daß,dass,orthography:wordlist
Acts.14.1,37,40,37,41,daß,dass,orthography:wordlist
Acts.14.1,110,113,111,115,daß,dass,orthography:wordlist
Acts.14.5,111,121,111,122,mißhandeln,misshandeln,orthography:wordlist
Acts.14.9,98,101,98,102,daß,dass,orthography:wordlist
Acts.14.15,143,146,143,147,daß,dass,orthography:wordlist
Acts.14.18,66,69,66,70,daß,dass,orthography:wordlist
Acts.14.22,102,105,102,106,daß,dass,orthography:wordlist
Acts.14.27,110,113,110,114,daß,dass,orthography:wordlist
Acts.15.2,109,112,109,113,daß,dass,orthography:wordlist
Acts.15.5,106,109,106,110,muß,muss,orthography:wordlist
Acts.15.7,103,106,103,107,daß,dass,orthography:wordlist
Acts.15.7,170,173,171,175,daß,dass,orthography:wordlist
Acts.15.12,97,105,97,106,wieviele,wie viele,orthography:wordlist
Acts.15.17,13,16,13,17,daß,dass,orthography:wordlist
Acts.15.19,32,35,32,36,daß,dass,orthography:wordlist
Acts.15.24,30,33,30,34,daß,dass,orthography:wordlist
Acts.15.24,144,147,145,149,daß,dass,orthography:wordlist
Acts.15.29,0,3,0,4,daß,dass,orthography:wordlist
Acts.15.36,115,118,115,119,Laß,Lass,orthography:wordlist
Acts.15.38,43,46,43,47,daß,dass,orthography:wordlist
Acts.15.39,36,39,36,40,daß,dass,orthography:wordlist
Acts.16.3,186,192,186,193,wußten,wussten,orthography:wordlist
Acts.16.3,199,202,200,204,daß,dass,orthography:wordlist
Acts.16.10,147,150,147,151,daß,dass,orthography:wordlist
Acts.16.13,60,64,60,65,Fluß,Fluss,orthography:wordlist
Acts.16.14,143,146,143,147,daß,dass,orthography:wordlist
Acts.16.15,110,113,110,114,daß,dass,orthography:wordlist
Acts.16.16,53,56,53,57,daß,dass,orthography:wordlist
Acts.16.19,28,31,28,32,daß,dass,orthography:wordlist
Acts.16.24,64,70,64,71,schloß,schloss,orthography:wordlist
Acts.16.26,48,51,48,52,daß,dass,orthography:wordlist
Acts.16.30,62,65,62,66,muß,muss,orthography:wordlist
Acts.16.34,83,86,83,87,daß,dass,orthography:wordlist
Acts.16.35,88,91,88,92,Laß,Lass,orthography:wordlist
Acts.16.36,108,111,108,112,daß,dass,orthography:wordlist
Acts.16.38,125,128,125,129,daß,dass,orthography:wordlist
Acts.17.3,34,37,34,38,daß,dass,orthography:wordlist
Acts.17.3,84,89,85,91,mußte,musste,orthography:wordlist
Acts.17.3,95,98,97,101,daß,dass,orthography:wordlist
Acts.17.9,12,15,12,16,daß,dass,orthography:wordlist
Acts.17.13,64,67,64,68,daß,dass,orthography:wordlist
Acts.17.15,137,140,137,141,daß,dass,orthography:wordlist
Acts.17.22,153,156,153,157,daß,dass,orthography:wordlist
Acts.17.26,118,121,118,122,daß,dass,orthography:wordlist
Acts.17.26,167,173,168,174,voraus,Voraus,orthography:phrase
Acts.17.27,0,3,0,4,daß,dass,orthography:wordlist
Acts.17.31,182,185,182,186,daß,dass,orthography:wordlist
Acts.18.2,172,175,172,176,daß,dass,orthography:wordlist
Acts.18.5,126,129,126,130,daß,dass,orthography:wordlist
Acts.18.21,63,66,63,67,muß,muss,orthography:wordlist
Acts.18.28,102,105,102,106,daß,dass,orthography:wordlist
Acts.19.1,52,55,52,56,daß,dass,orthography:wordlist
Acts.19.4,111,114,111,115,daß,dass,orthography:wordlist
Acts.19.10,68,71,68,72,daß,dass,orthography:wordlist
Acts.19.12,3,6,3,7,daß,dass,orthography:wordlist
Acts.19.16,161,164,161,165,daß,dass,orthography:wordlist
Acts.19.21,181,184,181,185,muß,muss,orthography:wordlist
Acts.19.25,93,96,93,97,daß,dass,orthography:wordlist
Acts.19.26,70,73,70,74,daß,dass,orthography:wordlist
Acts.19.27,56,59,56,60,daß,dass,orthography:wordlist
Acts.19.27,114,117,115,119,daß,dass,orthography:wordlist
Acts.19.32,106,111,106,112,wußte,wusste,orthography:wordlist
Acts.19.34,24,27,24,28,daß,dass,orthography:wordlist
Acts.19.35,120,125,120,126,wüßte,wüsste,orthography:wordlist
Acts.19.35,127,130,128,132,daß,dass,orthography:wordlist
Acts.19.40,36,39,36,40,daß,dass,orthography:wordlist
Acts.20.10,54,61,54,62,umfaßte,umfasste,orthography:wordlist
Acts.20.16,123,128,123,129,müßte,müsste,orthography:wordlist
Acts.20.19,9,12,9,13,daß,dass,orthography:wordlist
Acts.20.20,70,73,70,74,daß,dass,orthography:wordlist
Acts.20.23,24,27,24,28,daß,dass,orthography:wordlist
Acts.20.23,114,117,115,119,daß,dass,orthography:wordlist
Acts.20.25,52,55,52,56,daß,dass,orthography:wordlist
Acts.20.26,77,80,77,81,daß,dass,orthography:wordlist
Acts.20.27,46,49,46,50,daß,dass,orthography:wordlist
Acts.20.27,76,85,77,87,Ratschluß,Ratschluss,orthography:wordlist
Acts.20.29,37,40,37,41,daß,dass,orthography:wordlist
Acts.20.31,67,70,67,71,daß,dass,orthography:wordlist
Acts.20.34,26,29,26,30,daß,dass,orthography:wordlist
Acts.20.35,31,34,31,35,daß,dass,orthography:wordlist
Acts.20.37,61,67,61,68,küßten,küssten,orthography:wordlist
Acts.21.1,30,33,30,34,daß,dass,orthography:wordlist
Acts.21.5,30,33,30,34,daß,dass,orthography:wordlist
Acts.21.12,98,101,98,102,daß,dass,orthography:wordlist
Acts.21.13,66,69,66,70,daß,dass,orthography:wordlist
Acts.21.22,62,65,62,66,muß,muss,orthography:wordlist
Acts.21.22,115,118,116,120,daß,dass,orthography:wordlist
Acts.21.24,37,40,37,41,laß,lass,orthography:wordlist
Acts.21.24,95,98,96,100,daß,dass,orthography:wordlist
Acts.21.24,147,150,149,153,daß,dass,orthography:wordlist
Acts.21.24,211,214,214,218,daß,dass,orthography:wordlist
Acts.21.25,89,92,89,93,daß,dass,orthography:wordlist
Acts.21.31,82,85,82,86,daß,dass,orthography:wordlist
Acts.21.35,40,45,40,46,mußte,musste,orthography:wordlist
Acts.22.2,21,24,21,25,daß,dass,orthography:wordlist
Acts.22.6,76,79,76,80,daß,dass,orthography:wordlist
Acts.22.16,53,56,53,57,laß,lass,orthography:wordlist
Acts.22.17,84,87,84,88,daß,dass,orthography:wordlist
Acts.22.19,68,71,68,72,daß,dass,orthography:wordlist
Acts.22.20,13,16,13,17,daß,dass,orthography:wordlist
Acts.22.22,161,164,161,165,daß,dass,orthography:wordlist
Acts.22.29,140,143,140,144,daß,dass,orthography:wordlist
Acts.22.30,70,79,70,80,Gewißheit,Gewissheit,orthography:wordlist
Acts.23.5,22,27,22,28,wußte,wusste,orthography:wordlist
Acts.23.5,47,50,48,52,daß,dass,orthography:wordlist
Acts.23.6,42,47,42,48,wußte,wusste,orthography:wordlist
Acts.23.6,49,52,50,54,daß,dass,orthography:wordlist
Acts.23.15,60,63,60,64,daß,dass,orthography:wordlist
Acts.23.20,63,66,63,67,daß,dass,orthography:wordlist
Acts.23.21,0,3,0,4,Laß,Lass,orthography:wordlist
Acts.23.22,81,84,81,85,daß,dass,orthography:wordlist
Acts.23.27,121,124,121,125,daß,dass,orthography:wordlist
Acts.23.29,13,16,13,17,daß,dass,orthography:wordlist
Acts.23.30,29,32,29,33,daß,dass,orthography:wordlist
Acts.23.34,111,114,111,115,daß,dass,orthography:wordlist
Acts.24.3,0,3,0,4,Daß,Dass,orthography:wordlist
Acts.24.3,45,48,46,50,daß,dass,orthography:wordlist
Acts.24.10,95,98,95,99,daß,dass,orthography:wordlist
Acts.24.11,59,62,59,63,daß,dass,orthography:wordlist
Acts.24.12,100,103,100,104,daß,dass,orthography:wordlist
Acts.24.14,35,38,35,39,daß,dass,orthography:wordlist
Acts.24.14,120,123,121,125,daß,dass,orthography:wordlist
Acts.24.15,79,82,79,83,daß,dass,orthography:wordlist
Acts.24.24,48,54,48,54,seinem,seiner,grammar:Frau-determiner
Acts.24.24,55,60,55,59,Weibe,Frau,word:Weib-Frau
Acts.24.26,30,33,30,34,daß,dass,orthography:wordlist
Acts.25.3,63,66,63,67,daß,dass,orthography:wordlist
Acts.25.10,94,97,94,98,muß,muss,orthography:wordlist
Acts.25.20,45,50,45,51,wußte,wusste,orthography:wordlist
Acts.25.21,35,38,35,39,daß,dass,orthography:wordlist
Acts.25.25,24,27,24,28,daß,dass,orthography:wordlist
Acts.26.5,44,47,44,48,daß,dass,orthography:wordlist
Acts.26.8,67,70,67,71,daß,dass,orthography:wordlist
Acts.26.9,41,46,41,47,müßte,müsste,orthography:wordlist
Acts.26.18,126,129,126,130,daß,dass,orthography:wordlist
Acts.26.22,190,193,190,194,daß,dass,orthography:wordlist
Acts.26.23,9,12,9,13,daß,dass,orthography:wordlist
Acts.26.23,39,42,40,44,daß,dass,orthography:wordlist
Acts.26.26,139,142,139,143,daß,dass,orthography:wordlist
Acts.26.27,61,64,61,65,daß,dass,orthography:wordlist
Acts.26.28,101,104,101,105,daß,dass,orthography:wordlist
Acts.26.29,49,52,49,53,daß,dass,orthography:wordlist
Acts.27.1,45,48,45,49,daß,dass,orthography:wordlist
Acts.27.9,50,60,50,61,Schiffahrt,Schifffahrt,orthography:wordlist
Acts.27.10,40,43,40,44,daß,dass,orthography:wordlist
Acts.27.10,48,58,49,60,Schiffahrt,Schifffahrt,orthography:wordlist
Acts.27.15,4,7,4,8,riß,riss,orthography:wordlist
Acts.27.20,144,147,144,148,daß,dass,orthography:wordlist
Acts.27.24,61,65,61,66,mußt,musst,orthography:wordlist
Acts.27.25,69,72,69,73,daß,dass,orthography:wordlist
Acts.27.27,158,161,158,162,daß,dass,orthography:wordlist
Acts.27.29,142,145,142,146,daß,dass,orthography:wordlist
Acts.27.33,124,127,124,128,daß,dass,orthography:wordlist
Acts.27.44,37,40,37,41,daß,dass,orthography:wordlist
Acts.28.1,54,57,54,58,daß,dass,orthography:wordlist
Acts.28.4,113,118,113,119,Gewiß,Gewiss,orthography:wordlist
Acts.28.4,230,234,231,236,läßt,lässt,orthography:wordlist
Acts.28.6,133,136,133,137,daß,dass,orthography:wordlist
Acts.28.8,20,23,20,24,daß,dass,orthography:wordlist
Acts.28.15,206,211,206,212,faßte,fasste,orthography:wordlist
Acts.28.17,36,39,36,40,daß,dass,orthography:wordlist
Acts.28.22,103,106,103,107,daß,dass,orthography:wordlist
Acts.28.28,22,25,22,26,daß,dass,orthography:wordlist
Rom.1.8,65,68,65,69,daß,dass,orthography:wordlist
Rom.1.12,43,46,43,47,daß,dass,orthography:wordlist
Rom.1.13,53,56,53,57,daß,dass,orthography:wordlist
Rom.1.20,167,170,167,171,daß,dass,orthography:wordlist
Rom.1.24,165,168,165,169,daß,dass,orthography:wordlist
Rom.1.32,46,49,46,50,daß,dass,orthography:wordlist
Rom.2.2,17,20,17,21,daß,dass,orthography:wordlist
Rom.2.3,107,110,107,111,daß,dass,orthography:wordlist
Rom.2.4,92,95,92,96,daß,dass,orthography:wordlist
Rom.2.15,29,32,29,33,daß,dass,orthography:wordlist
Rom.3.4,134,137,134,138,daß,dass,orthography:wordlist
Rom.3.8,0,5,0,6,Müßte,Müsste,orthography:wordlist
Rom.3.8,84,87,85,89,daß,dass,orthography:wordlist
Rom.3.9,136,139,136,140,daß,dass,orthography:wordlist
Rom.3.19,17,20,17,21,daß,dass,orthography:wordlist
Rom.3.19,99,102,100,104,daß,dass,orthography:wordlist
Rom.3.24,3,6,3,7,daß,dass,orthography:wordlist
Rom.3.28,30,36,30,37,Schluß,Schluss,orthography:wordlist
Rom.3.28,38,41,39,43,daß,dass,orthography:wordlist
Rom.4.9,92,95,92,96,daß,dass,orthography:wordlist
Rom.4.11,154,157,154,158,daß,dass,orthography:wordlist
Rom.4.13,101,104,101,105,daß,dass,orthography:wordlist
Rom.4.16,65,68,65,69,daß,dass,orthography:wordlist
Rom.4.18,63,66,63,67,daß,dass,orthography:wordlist
Rom.4.19,51,54,51,55,daß,dass,orthography:wordlist
Rom.4.21,35,38,35,39,daß,dass,orthography:wordlist
Rom.4.23,99,102,99,103,daß,dass,orthography:wordlist
Rom.5.3,119,122,119,123,daß,dass,orthography:wordlist
Rom.5.5,18,22,18,23,läßt,lässt,orthography:wordlist
Rom.5.8,65,68,65,69,daß,dass,orthography:wordlist
Rom.5.9,0,7,0,8,Wieviel,Wie viel,orthography:wordlist
Rom.5.10,111,118,111,119,wieviel,wie viel,orthography:wordlist
Rom.5.15,152,159,152,160,wieviel,wie viel,orthography:wordlist
Rom.5.17,107,114,107,115,wieviel,wie viel,orthography:wordlist
Rom.5.17,143,151,144,153,Überfluß,Überfluss,orthography:wordlist
Rom.5.21,22,25,22,26,daß,dass,orthography:wordlist
Rom.6.3,32,35,32,36,daß,dass,orthography:wordlist
Rom.6.4,98,101,98,102,daß,dass,orthography:wordlist
Rom.6.6,35,38,35,39,daß,dass,orthography:wordlist
Rom.6.6,143,146,144,148,daß,dass,orthography:wordlist
Rom.6.8,54,57,54,58,daß,dass,orthography:wordlist
Rom.6.9,15,18,15,19,daß,dass,orthography:wordlist
Rom.6.11,68,71,68,72,daß,dass,orthography:wordlist
Rom.6.12,69,72,69,73,daß,dass,orthography:wordlist
Rom.6.16,126,130,126,131,müßt,müsst,orthography:wordlist
Rom.6.17,47,50,47,51,daß,dass,orthography:wordlist
Rom.6.19,4,7,4,8,muß,muss,orthography:wordlist
Rom.7.1,81,84,81,85,daß,dass,orthography:wordlist
Rom.7.3,201,204,201,205,daß,dass,orthography:wordlist
Rom.7.4,89,92,89,93,daß,dass,orthography:wordlist
Rom.7.6,159,162,159,163,daß,dass,orthography:wordlist
Rom.7.7,171,177,171,178,gewußt,gewusst,orthography:wordlist
Rom.7.7,215,218,216,220,Laß,Lass,orthography:wordlist
Rom.7.8,29,34,29,35,Anlaß,Anlass,orthography:wordlist
Rom.7.11,62,67,62,68,Anlaß,Anlass,orthography:wordlist
Rom.7.13,146,149,146,150,daß,dass,orthography:wordlist
Rom.7.14,26,29,26,30,daß,dass,orthography:wordlist
Rom.7.16,73,76,73,77,daß,dass,orthography:wordlist
Rom.7.18,24,27,24,28,daß,dass,orthography:wordlist
Rom.8.13,60,64,60,65,müßt,müsst,orthography:wordlist
Rom.8.15,69,72,69,73,daß,dass,orthography:wordlist
Rom.8.15,99,105,100,107,müßtet,müsstet,orthography:wordlist
Rom.8.16,40,43,40,44,daß,dass,orthography:wordlist
Rom.8.17,125,128,125,129,daß,dass,orthography:wordlist
Rom.8.18,31,34,31,35,daß,dass,orthography:wordlist
Rom.8.21,9,12,9,13,daß,dass,orthography:wordlist
Rom.8.22,26,29,26,30,daß,dass,orthography:wordlist
Rom.8.28,17,20,17,21,daß,dass,orthography:wordlist
Rom.8.38,51,54,51,55,daß,dass,orthography:wordlist
Rom.9.2,9,12,9,13,daß,dass,orthography:wordlist
Rom.9.11,84,87,84,88,daß,dass,orthography:wordlist
Rom.9.13,81,87,81,88,gehaßt,gehasst,orthography:wordlist
Rom.9.17,95,98,95,99,daß,dass,orthography:wordlist
Rom.9.17,134,137,135,139,daß,dass,orthography:wordlist
Rom.9.20,41,44,41,45,daß,dass,orthography:wordlist
Rom.9.30,35,38,35,39,Daß,Dass,orthography:wordlist
Rom.9.31,9,12,9,13,daß,dass,orthography:wordlist
Rom.10.2,69,72,69,73,daß,dass,orthography:wordlist
Rom.10.9,98,101,98,102,daß,dass,orthography:wordlist
Rom.10.19,54,60,54,61,gewußt,gewusst,orthography:wordlist
Rom.11.10,38,41,38,42,daß,dass,orthography:wordlist
Rom.11.12,131,138,131,139,wieviel,wie viel,orthography:wordlist
Rom.11.18,114,117,114,118,daß,dass,orthography:wordlist
Rom.11.24,156,163,156,164,wieviel,wie viel,orthography:wordlist
Rom.11.25,71,74,71,75,daß,dass,orthography:wordlist
Rom.11.25,156,159,157,161,daß,dass,orthography:wordlist
Rom.11.25,209,212,211,215,daß,dass,orthography:wordlist
Rom.11.35,74,77,74,78,daß,dass,orthography:wordlist
Rom.12.1,76,79,76,80,daß,dass,orthography:wordlist
Rom.12.3,85,88,85,89,daß,dass,orthography:wordlist
Rom.12.3,156,159,157,161,daß,dass,orthography:wordlist
Rom.12.21,9,12,9,13,Laß,Lass,orthography:wordlist
Rom.13.8,33,36,33,37,daß,dass,orthography:wordlist
Rom.13.9,106,109,106,110,laß,lass,orthography:wordlist
Rom.13.9,173,187,174,189,zusammengefaßt,zusammengefasst,orthography:wordlist
Rom.13.11,71,74,71,75,daß,dass,orthography:wordlist
Rom.13.13,0,4,0,5,laßt,lasst,orthography:wordlist
Rom.14.2,68,71,68,72,ißt,isst,orthography:wordlist
Rom.14.3,4,7,4,8,ißt,isst,orthography:wordlist
Rom.14.3,39,42,40,44,ißt,isst,orthography:wordlist
Rom.14.3,58,61,60,64,ißt,isst,orthography:wordlist
Rom.14.3,85,88,88,92,ißt,isst,orthography:wordlist
Rom.14.4,40,43,40,44,daß,dass,orthography:wordlist
Rom.14.5,108,113,108,114,gewiß,gewiss,orthography:wordlist
Rom.14.6,126,129,126,130,ißt,isst,orthography:wordlist
Rom.14.6,135,138,136,140,ißt,isst,orthography:wordlist
Rom.14.6,188,191,190,194,ißt,isst,orthography:wordlist
Rom.14.6,197,200,200,204,ißt,isst,orthography:wordlist
Rom.14.9,117,120,117,121,daß,dass,orthography:wordlist
Rom.14.13,15,19,15,20,laßt,lasst,orthography:wordlist
Rom.14.13,83,86,84,88,daß,dass,orthography:wordlist
Rom.14.14,53,56,53,57,daß,dass,orthography:wordlist
Rom.14.19,3,7,3,8,laßt,lasst,orthography:wordlist
Rom.14.20,127,130,127,131,ißt,isst,orthography:wordlist
Rom.14.23,63,66,63,67,ißt,isst,orthography:wordlist
Rom.15.8,15,18,15,19,daß,dass,orthography:wordlist
Rom.15.9,9,12,9,13,daß,dass,orthography:wordlist
Rom.15.13,85,88,85,89,daß,dass,orthography:wordlist
Rom.15.14,70,73,70,74,daß,dass,orthography:wordlist
Rom.15.16,9,12,9,13,daß,dass,orthography:wordlist
Rom.15.16,130,133,131,135,daß,dass,orthography:wordlist
Rom.15.19,124,127,124,128,daß,dass,orthography:wordlist
Rom.15.29,15,18,15,19,daß,dass,orthography:wordlist
Rom.15.30,111,114,111,115,daß,dass,orthography:wordlist
Rom.15.31,9,12,9,13,daß,dass,orthography:wordlist
Rom.15.31,65,68,66,70,daß,dass,orthography:wordlist
Rom.15.32,22,25,22,26,daß,dass,orthography:wordlist
Rom.16.16,60,63,60,64,Kuß,Kuss,orthography:wordlist
Rom.16.19,102,105,102,106,daß,dass,orthography:wordlist
1Cor.1.5,9,12,9,13,daß,dass,orthography:wordlist
1Cor.1.7,3,6,3,7,daß,dass,orthography:wordlist
1Cor.1.8,87,90,87,91,daß,dass,orthography:wordlist
1Cor.1.10,90,93,90,94,daß,dass,orthography:wordlist
1Cor.1.11,92,95,92,96,daß,dass,orthography:wordlist
1Cor.1.12,30,33,30,34,daß,dass,orthography:wordlist
1Cor.1.14,16,19,16,20,daß,dass,orthography:wordlist
1Cor.1.29,4,7,4,8,daß,dass,orthography:wordlist
1Cor.1.31,4,7,4,8,daß,dass,orthography:wordlist
1Cor.2.5,22,25,22,26,daß,dass,orthography:wordlist
1Cor.2.12,100,103,100,104,daß,dass,orthography:wordlist
1Cor.2.14,166,169,166,170,muß,muss,orthography:wordlist
1Cor.2.16,55,58,55,59,daß,dass,orthography:wordlist
1Cor.3.16,45,48,45,49,daß,dass,orthography:wordlist
1Cor.3.20,73,76,73,77,daß,dass,orthography:wordlist
1Cor.4.2,54,57,54,58,daß,dass,orthography:wordlist
1Cor.4.3,58,61,58,62,daß,dass,orthography:wordlist
1Cor.4.4,33,39,33,40,bewußt,bewusst,orthography:wordlist
1Cor.4.8,149,152,149,153,daß,dass,orthography:wordlist
1Cor.5.1,141,144,141,145,daß,dass,orthography:wordlist
1Cor.5.6,64,67,64,68,daß,dass,orthography:wordlist
1Cor.5.9,40,43,40,44,daß,dass,orthography:wordlist
1Cor.5.10,118,124,118,125,müßtet,müsstet,orthography:wordlist
1Cor.5.11,54,57,54,58,daß,dass,orthography:wordlist
1Cor.5.11,125,129,126,131,läßt,lässt,orthography:wordlist
1Cor.6.2,45,48,45,49,daß,dass,orthography:wordlist
1Cor.6.3,27,30,27,31,daß,dass,orthography:wordlist
1Cor.6.7,74,77,74,78,daß,dass,orthography:wordlist
1Cor.6.9,23,26,23,27,daß,dass,orthography:wordlist
1Cor.6.15,18,21,18,22,daß,dass,orthography:wordlist
1Cor.6.16,32,35,32,36,daß,dass,orthography:wordlist
1Cor.6.19,59,62,59,63,daß,dass,orthography:wordlist
1Cor.6.19,169,172,170,174,daß,dass,orthography:wordlist
1Cor.7.1,90,94,90,95,kein,keine,grammar:Frau-determiner
1Cor.7.1,95,99,96,100,Weib,Frau,word:Weib-Frau
1Cor.7.10,60,63,60,64,daß,dass,orthography:wordlist
1Cor.7.26,74,77,74,78,daß,dass,orthography:wordlist
1Cor.7.32,15,18,15,19,daß,dass,orthography:wordlist
1Cor.7.34,92,95,92,96,daß,dass,orthography:wordlist
1Cor.7.36,24,27,24,28,daß,dass,orthography:wordlist
1Cor.7.36,134,137,135,139,muß,muss,orthography:wordlist
1Cor.7.39,143,146,143,147,daß,dass,orthography:wordlist
1Cor.8.4,60,63,60,64,daß,dass,orthography:wordlist
1Cor.8.4,95,98,96,100,daß,dass,orthography:wordlist
1Cor.8.9,33,36,33,37,daß,dass,orthography:wordlist
1Cor.9.7,90,93,90,94,ißt,isst,orthography:wordlist
1Cor.9.10,114,117,114,118,daß,dass,orthography:wordlist
1Cor.9.10,206,209,207,211,daß,dass,orthography:wordlist
1Cor.9.13,45,48,45,49,daß,dass,orthography:wordlist
1Cor.9.13,134,137,135,139,daß,dass,orthography:wordlist
1Cor.9.14,32,35,32,36,daß,dass,orthography:wordlist
1Cor.9.15,194,197,194,198,daß,dass,orthography:wordlist
1Cor.9.18,46,49,46,50,Daß,Dass,orthography:wordlist
1Cor.9.18,125,128,126,130,daß,dass,orthography:wordlist
1Cor.9.20,45,48,45,49,daß,dass,orthography:wordlist
1Cor.9.24,27,30,27,31,daß,dass,orthography:wordlist
1Cor.9.24,130,133,131,135,daß,dass,orthography:wordlist
1Cor.10.1,35,38,35,39,daß,dass,orthography:wordlist
1Cor.10.1,62,65,63,67,daß,dass,orthography:wordlist
1Cor.10.12,51,54,51,55,daß,dass,orthography:wordlist
1Cor.10.13,208,211,208,212,daß,dass,orthography:wordlist
1Cor.10.19,36,39,36,40,Daß,Dass,orthography:wordlist
1Cor.10.19,72,75,73,77,daß,dass,orthography:wordlist
1Cor.10.20,11,14,11,15,daß,dass,orthography:wordlist
1Cor.10.20,96,99,97,101,daß,dass,orthography:wordlist
1Cor.11.2,23,26,23,27,daß,dass,orthography:wordlist
1Cor.11.3,15,18,15,19,daß,dass,orthography:wordlist
1Cor.11.3,31,34,32,36,daß,dass,orthography:wordlist
1Cor.11.3,92,95,94,97,des,der,grammar:Frau-determiner
1Cor.11.3,96,102,98,102,Weibes,Frau,word:Weib-Frau
1Cor.11.5,0,5,0,4,Jedes,Jede,grammar:Frau-determiner
1Cor.11.5,6,10,5,9,Weib,Frau,word:Weib-Frau
1Cor.11.6,33,36,33,37,ein,eine,grammar:Frau-determiner
1Cor.11.6,37,41,38,42,Weib,Frau,word:Weib-Frau
1Cor.11.6,116,121,117,122,einem,einer,grammar:Frau-determiner
1Cor.11.6,122,127,123,127,Weibe,Frau,word:Weib-Frau
1Cor.11.7,98,101,98,101,das,die,grammar:Frau-determiner
1Cor.11.7,102,106,102,106,Weib,Frau,word:Weib-Frau
1Cor.11.8,35,38,35,42,vom,von der,grammar:Frau-determiner
1Cor.11.8,39,44,43,47,Weibe,Frau,word:Weib-Frau
1Cor.11.8,54,57,57,60,das,die,grammar:Frau-determiner
1Cor.11.8,58,62,61,65,Weib,Frau,word:Weib-Frau
1Cor.11.9,38,41,38,41,des,der,grammar:Frau-determiner
1Cor.11.9,42,48,42,46,Weibes,Frau,word:Weib-Frau
1Cor.11.9,76,79,74,77,das,die,grammar:Frau-determiner
1Cor.11.9,80,84,78,82,Weib,Frau,word:Weib-Frau
1Cor.11.10,6,9,6,10,muß,muss,orthography:wordlist
1Cor.11.10,10,13,11,14,das,die,grammar:Frau-determiner
1Cor.11.10,14,18,15,19,Weib,Frau,word:Weib-Frau
1Cor.11.11,33,36,33,36,das,die,grammar:Frau-determiner
1Cor.11.11,37,41,37,41,Weib,Frau,word:Weib-Frau
1Cor.11.11,76,79,76,79,das,die,grammar:Frau-determiner
1Cor.11.11,80,84,80,84,Weib,Frau,word:Weib-Frau
1Cor.11.12,42,45,42,45,das,die,grammar:Frau-determiner
1Cor.11.12,55,59,55,59,Weib,Frau,word:Weib-Frau
1Cor.11.12,118,121,118,121,das,die,grammar:Frau-determiner
1Cor.11.12,122,126,122,126,Weib,Frau,word:Weib-Frau
1Cor.11.13,48,51,48,52,daß,dass,orthography:wordlist
1Cor.11.13,52,55,53,57,ein,eine,grammar:Frau-determiner
1Cor.11.13,56,60,58,62,Weib,Frau,word:Weib-Frau
1Cor.11.14,75,78,75,79,daß,dass,orthography:wordlist
1Cor.11.15,20,25,20,25,einem,einer,grammar:Frau-determiner
1Cor.11.15,26,31,26,30,Weibe,Frau,word:Weib-Frau
1Cor.11.17,75,78,75,79,daß,dass,orthography:wordlist
1Cor.11.18,32,35,32,36,daß,dass,orthography:wordlist
1Cor.11.21,70,73,70,74,daß,dass,orthography:wordlist
1Cor.11.23,133,136,133,137,daß,dass,orthography:wordlist
1Cor.11.26,105,108,105,109,daß,dass,orthography:wordlist
1Cor.11.27,36,39,36,40,ißt,isst,orthography:wordlist
1Cor.11.29,27,30,27,31,ißt,isst,orthography:wordlist
1Cor.11.29,47,50,48,52,ißt,isst,orthography:wordlist
1Cor.12.2,30,33,30,34,daß,dass,orthography:wordlist
1Cor.12.3,70,73,70,74,daß,dass,orthography:wordlist
1Cor.12.24,89,92,89,93,daß,dass,orthography:wordlist
1Cor.13.2,128,131,128,132,daß,dass,orthography:wordlist
1Cor.13.5,57,61,57,62,läßt,lässt,orthography:wordlist
1Cor.14.1,90,93,90,94,daß,dass,orthography:wordlist
1Cor.14.5,23,26,23,27,daß,dass,orthography:wordlist
1Cor.14.5,76,79,77,81,daß,dass,orthography:wordlist
1Cor.14.5,172,175,174,178,daß,dass,orthography:wordlist
1Cor.14.12,124,132,124,133,Überfluß,Überfluss,orthography:wordlist
1Cor.14.13,47,50,47,51,daß,dass,orthography:wordlist
1Cor.14.18,43,46,43,47,daß,dass,orthography:wordlist
1Cor.14.25,137,140,137,141,daß,dass,orthography:wordlist
1Cor.14.35,93,98,93,98,einem,einer,grammar:Frau-determiner
1Cor.14.35,99,104,99,103,Weibe,Frau,word:Weib-Frau
1Cor.14.37,71,74,71,75,daß,dass,orthography:wordlist
1Cor.15.2,127,130,127,131,daß,dass,orthography:wordlist
1Cor.15.3,98,101,98,102,daß,dass,orthography:wordlist
1Cor.15.4,22,25,22,26,daß,dass,orthography:wordlist
1Cor.15.4,49,52,50,54,daß,dass,orthography:wordlist
1Cor.15.5,22,25,22,26,daß,dass,orthography:wordlist
1Cor.15.12,71,74,71,75,daß,dass,orthography:wordlist
1Cor.15.25,17,20,17,21,muß,muss,orthography:wordlist
1Cor.15.27,72,75,72,76,daß,dass,orthography:wordlist
1Cor.15.27,120,123,121,125,daß,dass,orthography:wordlist
1Cor.15.28,167,170,167,171,daß,dass,orthography:wordlist
1Cor.15.50,54,57,54,58,daß,dass,orthography:wordlist
1Cor.15.53,33,36,33,37,muß,muss,orthography:wordlist
1Cor.15.53,86,89,87,91,muß,muss,orthography:wordlist
1Cor.15.58,112,115,112,116,daß,dass,orthography:wordlist
1Cor.16.4,32,35,32,36,daß,dass,orthography:wordlist
1Cor.16.10,40,43,40,44,daß,dass,orthography:wordlist
1Cor.16.15,70,73,70,74,daß,dass,orthography:wordlist
1Cor.16.15,117,120,118,122,daß,dass,orthography:wordlist
1Cor.16.17,110,113,110,114,daß,dass,orthography:wordlist
1Cor.16.17,133,136,134,138,muß,muss,orthography:wordlist
1Cor.16.20,75,78,75,79,Kuß,Kuss,orthography:wordlist
2Cor.1.4,106,109,106,110,daß,dass,orthography:wordlist
2Cor.1.7,44,47,44,48,daß,dass,orthography:wordlist
2Cor.1.8,145,148,145,149,daß,dass,orthography:wordlist
2Cor.1.8,206,209,207,211,daß,dass,orthography:wordlist
2Cor.1.10,91,94,91,95,daß,dass,orthography:wordlist
2Cor.1.11,15,18,15,19,daß,dass,orthography:wordlist
2Cor.1.12,100,103,100,104,daß,dass,orthography:wordlist
2Cor.1.14,16,19,16,20,daß,dass,orthography:wordlist
2Cor.1.14,117,120,118,122,daß,dass,orthography:wordlist
2Cor.1.17,164,167,164,168,daß,dass,orthography:wordlist
2Cor.1.18,47,50,47,51,daß,dass,orthography:wordlist
2Cor.1.23,67,70,67,71,daß,dass,orthography:wordlist
2Cor.2.3,186,189,186,190,daß,dass,orthography:wordlist
2Cor.2.7,3,6,3,7,daß,dass,orthography:wordlist
2Cor.2.14,89,93,89,94,läßt,lässt,orthography:wordlist
2Cor.3.3,17,20,17,21,daß,dass,orthography:wordlist
2Cor.3.5,47,50,47,51,daß,dass,orthography:wordlist
2Cor.3.7,115,118,115,119,daß,dass,orthography:wordlist
2Cor.3.9,74,81,74,82,wieviel,wie viel,orthography:wordlist
2Cor.3.11,76,83,76,84,wieviel,wie viel,orthography:wordlist
2Cor.3.14,129,132,129,133,daß,dass,orthography:wordlist
2Cor.3.14,154,157,155,159,daß,dass,orthography:wordlist
2Cor.4.4,83,86,83,87,daß,dass,orthography:wordlist
2Cor.4.5,69,72,69,73,daß,dass,orthography:wordlist
2Cor.4.7,53,56,53,57,daß,dass,orthography:wordlist
2Cor.4.14,24,27,24,28,daß,dass,orthography:wordlist
2Cor.5.1,26,29,26,30,daß,dass,orthography:wordlist
2Cor.5.6,44,47,44,48,daß,dass,orthography:wordlist
2Cor.5.9,81,84,81,85,daß,dass,orthography:wordlist
2Cor.5.11,35,38,35,39,daß,dass,orthography:wordlist
2Cor.5.14,73,76,73,77,daß,dass,orthography:wordlist
2Cor.5.20,59,62,59,63,daß,dass,orthography:wordlist
2Cor.5.21,74,79,74,80,wußte,wusste,orthography:wordlist
2Cor.5.21,112,115,113,117,daß,dass,orthography:wordlist
2Cor.6.13,66,70,66,71,laßt,lasst,orthography:wordlist
2Cor.7.2,4,8,4,9,müßt,müsst,orthography:wordlist
2Cor.7.3,69,72,69,73,daß,dass,orthography:wordlist
2Cor.7.8,148,151,148,152,daß,dass,orthography:wordlist
2Cor.7.9,39,42,39,43,daß,dass,orthography:wordlist
2Cor.7.9,67,70,68,72,daß,dass,orthography:wordlist
2Cor.7.9,149,152,151,155,daß,dass,orthography:wordlist
2Cor.7.11,208,211,208,212,daß,dass,orthography:wordlist
2Cor.7.16,23,26,23,27,daß,dass,orthography:wordlist
2Cor.8.6,21,24,21,25,daß,dass,orthography:wordlist
2Cor.8.9,73,76,73,77,daß,dass,orthography:wordlist
2Cor.8.11,9,12,9,13,daß,dass,orthography:wordlist
2Cor.8.13,156,164,156,165,Überfluß,Überfluss,orthography:wordlist
2Cor.8.14,22,25,22,26,daß,dass,orthography:wordlist
2Cor.8.14,62,70,63,72,Überfluß,Überfluss,orthography:wordlist
2Cor.8.15,73,81,73,82,Überfluß,Überfluss,orthography:wordlist
2Cor.8.20,31,34,31,35,daß,dass,orthography:wordlist
2Cor.9.2,97,100,97,101,daß,dass,orthography:wordlist
2Cor.9.4,9,12,9,13,daß,dass,orthography:wordlist
2Cor.9.5,190,193,190,194,daß,dass,orthography:wordlist
2Cor.9.8,78,86,78,87,Überfluß,Überfluss,orthography:wordlist
2Cor.9.8,102,105,103,107,daß,dass,orthography:wordlist
2Cor.10.2,34,37,34,38,daß,dass,orthography:wordlist
2Cor.10.4,129,132,129,133,daß,dass,orthography:wordlist
2Cor.10.7,87,90,87,91,daß,dass,orthography:wordlist
2Cor.10.7,152,155,153,157,daß,dass,orthography:wordlist
2Cor.10.11,36,39,36,40,daß,dass,orthography:wordlist
2Cor.10.13,128,131,128,132,daß,dass,orthography:wordlist
2Cor.11.7,96,99,96,100,daß,dass,orthography:wordlist
2Cor.11.10,3,8,3,9,gewiß,gewiss,orthography:wordlist
2Cor.11.21,26,29,26,30,daß,dass,orthography:wordlist
2Cor.11.31,106,109,106,110,daß,dass,orthography:wordlist
2Cor.12.4,9,12,9,13,daß,dass,orthography:wordlist
2Cor.12.7,140,143,140,144,daß,dass,orthography:wordlist
2Cor.12.8,48,51,48,52,daß,dass,orthography:wordlist
2Cor.12.9,35,38,35,39,Laß,Lass,orthography:wordlist
2Cor.12.13,102,105,102,106,daß,dass,orthography:wordlist
2Cor.12.16,25,28,25,29,daß,dass,orthography:wordlist
2Cor.12.21,9,12,9,13,daß,dass,orthography:wordlist
2Cor.13.1,24,27,24,28,daß,dass,orthography:wordlist
2Cor.13.2,183,186,183,187,daß,dass,orthography:wordlist
2Cor.13.3,42,45,42,46,daß,dass,orthography:wordlist
2Cor.13.5,134,137,134,138,daß,dass,orthography:wordlist
2Cor.13.5,169,174,170,176,müßte,müsste,orthography:wordlist
2Cor.13.5,186,189,188,192,daß,dass,orthography:wordlist
2Cor.13.6,64,67,64,68,daß,dass,orthography:wordlist
2Cor.13.7,23,26,23,27,daß,dass,orthography:wordlist
2Cor.13.12,60,63,60,64,Kuß,Kuss,orthography:wordlist
Gal.1.6,14,17,14,18,daß,dass,orthography:wordlist
Gal.1.11,68,71,68,72,daß,dass,orthography:wordlist
Gal.1.13,81,84,81,85,daß,dass,orthography:wordlist
Gal.2.5,45,48,45,49,daß,dass,orthography:wordlist
Gal.2.7,46,49,46,50,daß,dass,orthography:wordlist
Gal.2.13,80,83,80,84,daß,dass,orthography:wordlist
Gal.2.14,27,30,27,31,daß,dass,orthography:wordlist
Gal.2.16,45,48,45,49,daß,dass,orthography:wordlist
Gal.3.5,86,90,86,91,läßt,lässt,orthography:wordlist
Gal.3.7,27,30,27,31,daß,dass,orthography:wordlist
Gal.3.8,33,36,33,37,daß,dass,orthography:wordlist
Gal.3.11,9,12,9,13,Daß,Dass,orthography:wordlist
Gal.3.14,67,70,67,71,daß,dass,orthography:wordlist
Gal.3.17,183,186,183,187,daß,dass,orthography:wordlist
Gal.3.28,142,146,142,146,Weib,Frau,word:Weib-Frau
Gal.4.4,78,83,78,83,einem,einer,grammar:Frau-determiner
Gal.4.4,84,89,84,88,Weibe,Frau,word:Weib-Frau
Gal.4.5,60,63,60,64,daß,dass,orthography:wordlist
Gal.4.11,22,25,22,26,daß,dass,orthography:wordlist
Gal.4.13,17,20,17,21,daß,dass,orthography:wordlist
Gal.4.15,106,109,106,110,daß,dass,orthography:wordlist
Gal.4.19,78,81,78,82,daß,dass,orthography:wordlist
Gal.4.22,27,30,27,31,daß,dass,orthography:wordlist
Gal.5.3,55,59,55,60,läßt,lässt,orthography:wordlist
Gal.5.3,61,64,62,66,daß,dass,orthography:wordlist
Gal.5.7,43,46,43,47,daß,dass,orthography:wordlist
Gal.5.10,46,49,46,50,daß,dass,orthography:wordlist
Gal.5.12,3,6,3,7,daß,dass,orthography:wordlist
Gal.5.15,65,68,65,69,daß,dass,orthography:wordlist
Gal.5.17,152,155,152,156,daß,dass,orthography:wordlist
Gal.5.21,97,100,97,101,daß,dass,orthography:wordlist
Gal.5.26,0,4,0,5,Laßt,Lasst,orthography:wordlist
Gal.6.1,198,201,198,202,daß,dass,orthography:wordlist
Gal.6.7,32,36,32,37,läßt,lässt,orthography:wordlist
Gal.6.9,0,4,0,5,Laßt,Lasst,orthography:wordlist
Gal.6.10,3,7,3,8,laßt,lasst,orthography:wordlist
Gal.6.12,63,66,63,67,daß,dass,orthography:wordlist
Gal.6.13,105,108,105,109,daß,dass,orthography:wordlist
Eph.1.9,73,82,73,83,Ratschluß,Ratschluss,orthography:wordlist
Eph.1.9,91,97,92,99,gefaßt,gefasst,orthography:wordlist
Eph.1.11,126,135,126,136,Ratschluß,Ratschluss,orthography:wordlist
Eph.1.12,0,3,0,4,daß,dass,orthography:wordlist
Eph.1.17,9,12,9,13,daß,dass,orthography:wordlist
Eph.2.7,22,25,22,26,daß,dass,orthography:wordlist
Eph.2.10,112,115,112,116,daß,dass,orthography:wordlist
Eph.2.11,31,34,31,35,daß,dass,orthography:wordlist
Eph.2.12,9,12,9,13,daß,dass,orthography:wordlist
Eph.3.3,9,12,9,13,daß,dass,orthography:wordlist
Eph.3.6,9,12,9,13,daß,dass,orthography:wordlist
Eph.3.11,49,55,49,56,gefaßt,gefasst,orthography:wordlist
Eph.3.16,9,12,9,13,daß,dass,orthography:wordlist
Eph.3.17,9,12,9,13,daß,dass,orthography:wordlist
Eph.3.19,82,85,82,86,daß,dass,orthography:wordlist
Eph.4.1,54,57,54,58,daß,dass,orthography:wordlist
Eph.4.2,3,6,3,7,daß,dass,orthography:wordlist
Eph.4.9,65,68,65,69,daß,dass,orthography:wordlist
Eph.4.13,13,16,13,17,daß,dass,orthography:wordlist
Eph.4.15,17,20,17,21,daß,dass,orthography:wordlist
Eph.4.17,75,78,75,79,daß,dass,orthography:wordlist
Eph.4.22,0,3,0,4,daß,dass,orthography:wordlist
Eph.4.29,89,92,89,93,daß,dass,orthography:wordlist
Eph.5.5,45,48,45,49,daß,dass,orthography:wordlist
Eph.5.23,54,57,54,57,des,der,grammar:Frau-determiner
Eph.5.23,58,64,58,62,Weibes,Frau,word:Weib-Frau
Eph.5.26,4,7,4,8,daß,dass,orthography:wordlist
Eph.5.27,57,60,57,61,daß,dass,orthography:wordlist
Eph.5.29,59,65,59,66,gehaßt,gehasst,orthography:wordlist
Eph.5.31,61,67,61,67,seinem,seiner,grammar:Frau-determiner
Eph.5.31,68,73,68,72,Weibe,Frau,word:Weib-Frau
Eph.6.3,5,8,5,9,daß,dass,orthography:wordlist
Eph.6.8,15,18,15,19,daß,dass,orthography:wordlist
Eph.6.9,105,108,105,109,daß,dass,orthography:wordlist
Eph.6.9,149,152,150,154,daß,dass,orthography:wordlist
Eph.6.20,78,81,78,82,daß,dass,orthography:wordlist
Eph.6.22,59,62,59,63,daß,dass,orthography:wordlist
Eph.6.22,102,105,103,107,daß,dass,orthography:wordlist
Phil.1.6,34,37,34,38,daß,dass,orthography:wordlist
Phil.1.7,22,25,22,26,daß,dass,orthography:wordlist
Phil.1.9,31,34,31,35,daß,dass,orthography:wordlist
Phil.1.10,52,55,52,56,daß,dass,orthography:wordlist
Phil.1.12,50,53,50,54,daß,dass,orthography:wordlist
Phil.1.13,3,6,3,7,daß,dass,orthography:wordlist
Phil.1.13,90,93,91,95,daß,dass,orthography:wordlist
Phil.1.14,13,16,13,17,daß,dass,orthography:wordlist
Phil.1.16,34,37,34,38,daß,dass,orthography:wordlist
Phil.1.19,33,36,33,37,daß,dass,orthography:wordlist
Phil.1.20,54,57,54,58,daß,dass,orthography:wordlist
Phil.1.20,98,101,99,103,daß,dass,orthography:wordlist
Phil.1.25,56,59,56,60,daß,dass,orthography:wordlist
Phil.1.27,144,147,144,148,daß,dass,orthography:wordlist
Phil.2.4,41,45,41,46,faßt,fasst,orthography:wordlist
Phil.2.11,53,56,53,57,daß,dass,orthography:wordlist
Phil.2.16,75,78,75,79,daß,dass,orthography:wordlist
Phil.2.22,64,67,64,68,daß,dass,orthography:wordlist
Phil.2.24,39,42,39,43,daß,dass,orthography:wordlist
Phil.2.26,92,95,92,96,daß,dass,orthography:wordlist
Phil.3.1,121,126,121,127,gewiß,gewiss,orthography:wordlist
Phil.3.9,54,57,54,58,daß,dass,orthography:wordlist
Phil.3.10,86,89,86,90,daß,dass,orthography:wordlist
Phil.3.12,24,27,24,28,daß,dass,orthography:wordlist
Phil.3.12,103,106,104,108,daß,dass,orthography:wordlist
Phil.3.13,52,55,52,56,daß,dass,orthography:wordlist
Phil.3.16,13,17,13,18,laßt,lasst,orthography:wordlist
Phil.3.21,63,66,63,67,daß,dass,orthography:wordlist
Phil.4.10,43,46,43,47,daß,dass,orthography:wordlist
Phil.4.13,91,99,91,100,Überfluß,Überfluss,orthography:wordlist
Phil.4.14,34,37,34,38,daß,dass,orthography:wordlist
Phil.4.15,73,76,73,77,daß,dass,orthography:wordlist
Phil.4.17,24,27,24,28,daß,dass,orthography:wordlist
Phil.4.17,86,89,87,91,daß,dass,orthography:wordlist
Phil.4.18,42,50,42,51,Überfluß,Überfluss,orthography:wordlist
Col.1.9,110,113,110,114,daß,dass,orthography:wordlist
Col.1.19,21,24,21,25,daß,dass,orthography:wordlist
Col.1.20,94,97,94,98,daß,dass,orthography:wordlist
Col.1.25,134,137,134,138,daß,dass,orthography:wordlist
Col.2.1,15,18,15,19,daß,dass,orthography:wordlist
Col.2.2,73,82,73,83,Gewißheit,Gewissheit,orthography:wordlist
Col.2.8,19,22,19,23,daß,dass,orthography:wordlist
Col.2.14,9,12,9,13,daß,dass,orthography:wordlist
Col.3.24,15,18,15,19,daß,dass,orthography:wordlist
Col.4.1,88,91,88,92,daß,dass,orthography:wordlist
Col.4.8,105,108,105,109,daß,dass,orthography:wordlist
Col.4.12,146,151,146,152,gewiß,gewiss,orthography:wordlist
Col.4.13,58,61,58,62,daß,dass,orthography:wordlist
Col.4.16,76,79,76,80,daß,dass,orthography:wordlist
Col.4.16,134,137,135,139,daß,dass,orthography:wordlist
1Thess.1.5,9,12,9,13,daß,dass,orthography:wordlist
1Thess.1.5,200,209,201,211,Gewißheit,Gewissheit,orthography:wordlist
1Thess.1.7,3,6,3,7,daß,dass,orthography:wordlist
1Thess.1.8,185,188,185,189,daß,dass,orthography:wordlist
1Thess.2.1,59,62,59,63,daß,dass,orthography:wordlist
1Thess.2.2,56,66,56,67,mißhandelt,misshandelt,orthography:wordlist
1Thess.2.8,48,51,48,52,daß,dass,orthography:wordlist
1Thess.2.11,37,40,37,41,daß,dass,orthography:wordlist
1Thess.2.13,39,42,39,43,daß,dass,orthography:wordlist
1Thess.3.2,106,109,106,110,daß,dass,orthography:wordlist
1Thess.3.3,73,76,73,77,daß,dass,orthography:wordlist
1Thess.3.4,80,83,80,84,daß,dass,orthography:wordlist
1Thess.3.6,150,153,150,154,daß,dass,orthography:wordlist
1Thess.3.13,13,16,13,17,daß,dass,orthography:wordlist
1Thess.4.1,91,94,91,95,daß,dass,orthography:wordlist
1Thess.4.3,101,104,101,105,daß,dass,orthography:wordlist
1Thess.4.4,0,3,0,4,daß,dass,orthography:wordlist
1Thess.4.6,9,12,9,13,daß,dass,orthography:wordlist
1Thess.4.9,48,51,48,52,daß,dass,orthography:wordlist
1Thess.4.14,41,44,41,45,daß,dass,orthography:wordlist
1Thess.4.15,104,107,104,108,daß,dass,orthography:wordlist
1Thess.5.2,53,56,53,57,daß,dass,orthography:wordlist
1Thess.5.4,66,69,66,70,daß,dass,orthography:wordlist
1Thess.5.15,10,13,10,14,daß,dass,orthography:wordlist
1Thess.5.17,20,28,20,29,Unterlaß,Unterlass,orthography:wordlist
1Thess.5.26,49,52,49,53,Kuß,Kuss,orthography:wordlist
1Thess.5.27,34,37,34,38,daß,dass,orthography:wordlist
2Thess.1.4,21,24,21,25,daß,dass,orthography:wordlist
2Thess.1.5,43,46,43,47,daß,dass,orthography:wordlist
2Thess.1.11,51,54,51,55,daß,dass,orthography:wordlist
2Thess.1.12,4,7,4,8,daß,dass,orthography:wordlist
2Thess.2.3,68,71,68,72,muß,muss,orthography:wordlist
2Thess.2.4,114,117,114,118,daß,dass,orthography:wordlist
2Thess.2.5,29,32,29,33,daß,dass,orthography:wordlist
2Thess.2.6,77,80,77,81,daß,dass,orthography:wordlist
2Thess.2.7,77,80,77,81,muß,muss,orthography:wordlist
2Thess.2.11,51,54,51,55,daß,dass,orthography:wordlist
2Thess.2.13,102,105,102,106,daß,dass,orthography:wordlist
2Thess.3.1,38,41,38,42,daß,dass,orthography:wordlist
2Thess.3.2,22,25,22,26,daß,dass,orthography:wordlist
2Thess.3.4,43,46,43,47,daß,dass,orthography:wordlist
2Thess.3.6,110,113,110,114,daß,dass,orthography:wordlist
2Thess.3.9,24,27,24,28,daß,dass,orthography:wordlist
2Thess.3.11,19,22,19,23,daß,dass,orthography:wordlist
2Thess.3.12,109,112,109,113,daß,dass,orthography:wordlist
2Thess.3.14,83,86,83,87,daß,dass,orthography:wordlist
2Thess.3.14,136,139,137,141,muß,muss,orthography:wordlist
1Tim.1.8,17,20,17,21,daß,dass,orthography:wordlist
1Tim.1.9,9,12,9,13,daß,dass,orthography:wordlist
1Tim.1.9,172,182,173,184,mißhandeln,misshandeln,orthography:wordlist
1Tim.1.12,93,96,93,97,daß,dass,orthography:wordlist
1Tim.1.15,49,52,49,53,daß,dass,orthography:wordlist
1Tim.2.1,20,23,20,24,daß,dass,orthography:wordlist
1Tim.2.4,32,35,32,36,daß,dass,orthography:wordlist
1Tim.2.8,17,20,17,21,daß,dass,orthography:wordlist
1Tim.2.9,8,11,8,12,daß,dass,orthography:wordlist
1Tim.2.12,58,61,58,62,daß,dass,orthography:wordlist
1Tim.2.14,49,52,49,52,das,die,grammar:Frau-determiner
1Tim.2.14,53,57,53,57,Weib,Frau,word:Weib-Frau
1Tim.3.2,61,66,61,66,eines,einer,grammar:Frau-determiner
1Tim.3.2,67,73,67,71,Weibes,Frau,word:Weib-Frau
1Tim.3.7,21,24,21,25,muß,muss,orthography:wordlist
1Tim.4.1,30,33,30,34,daß,dass,orthography:wordlist
1Tim.4.10,60,63,60,64,daß,dass,orthography:wordlist
1Tim.4.15,14,17,14,18,laß,lass,orthography:wordlist
1Tim.4.15,61,64,62,66,daß,dass,orthography:wordlist
1Tim.5.12,26,29,26,30,daß,dass,orthography:wordlist
1Tim.5.14,17,20,17,21,daß,dass,orthography:wordlist
1Tim.5.14,109,114,110,116,Anlaß,Anlass,orthography:wordlist
1Tim.5.21,85,88,85,89,daß,dass,orthography:wordlist
1Tim.6.7,69,72,69,73,daß,dass,orthography:wordlist
1Tim.6.14,0,3,0,4,daß,dass,orthography:wordlist
1Tim.6.17,70,73,70,74,daß,dass,orthography:wordlist
1Tim.6.17,229,234,230,236,Genuß,Genuss,orthography:wordlist
1Tim.6.18,9,12,9,13,daß,dass,orthography:wordlist
2Tim.1.12,163,166,163,167,daß,dass,orthography:wordlist
2Tim.1.15,23,26,23,27,daß,dass,orthography:wordlist
2Tim.1.18,46,49,46,50,daß,dass,orthography:wordlist
2Tim.1.18,105,112,106,114,wieviel,wie viel,orthography:wordlist
2Tim.2.14,53,56,53,57,daß,dass,orthography:wordlist
2Tim.2.17,40,45,40,46,frißt,frisst,orthography:wordlist
2Tim.2.23,69,72,69,73,daß,dass,orthography:wordlist
2Tim.3.1,45,48,45,49,daß,dass,orthography:wordlist
Titus.1.6,26,31,26,31,eines,einer,grammar:Frau-determiner
Titus.1.6,32,38,32,36,Weibes,Frau,word:Weib-Frau
Titus.1.7,27,30,27,31,muß,muss,orthography:wordlist
Titus.1.11,6,9,6,10,muß,muss,orthography:wordlist
Titus.2.2,9,12,9,13,daß,dass,orthography:wordlist
Titus.2.3,0,3,0,4,daß,dass,orthography:wordlist
Titus.2.3,66,69,67,71,daß,dass,orthography:wordlist
Titus.2.6,41,44,41,45,daß,dass,orthography:wordlist
Titus.2.7,61,65,61,66,mußt,musst,orthography:wordlist
Titus.2.9,21,24,21,25,daß,dass,orthography:wordlist
Titus.3.1,32,35,32,36,daß,dass,orthography:wordlist
Titus.3.3,147,154,147,155,verhaßt,verhasst,orthography:wordlist
Titus.3.8,40,43,40,44,daß,dass,orthography:wordlist
Titus.3.11,29,32,29,33,daß,dass,orthography:wordlist
Titus.3.13,77,80,77,81,laß,lass,orthography:wordlist
Phlm.1.19,86,89,86,90,daß,dass,orthography:wordlist
Phlm.1.20,21,24,21,25,laß,lass,orthography:wordlist
Phlm.1.21,66,69,66,70,daß,dass,orthography:wordlist
Heb.1.9,50,56,50,57,gehaßt,gehasst,orthography:wordlist
Heb.2.6,65,68,65,69,daß,dass,orthography:wordlist
Heb.2.6,113,116,114,118,daß,dass,orthography:wordlist
Heb.2.8,91,94,91,95,daß,dass,orthography:wordlist
Heb.2.17,24,29,24,30,mußte,musste,orthography:wordlist
Heb.3.11,40,43,40,44,daß,dass,orthography:wordlist
Heb.3.12,40,43,40,44,daß,dass,orthography:wordlist
Heb.3.18,42,45,42,46,daß,dass,orthography:wordlist
Heb.3.19,24,27,24,28,daß,dass,orthography:wordlist
Heb.4.1,3,7,3,8,laßt,lasst,orthography:wordlist
Heb.4.1,26,29,27,31,daß,dass,orthography:wordlist
Heb.4.3,93,96,93,97,Daß,Dass,orthography:wordlist
Heb.4.6,50,53,50,54,daß,dass,orthography:wordlist
Heb.5.3,24,27,24,28,muß,muss,orthography:wordlist
Heb.5.12,83,86,83,87,daß,dass,orthography:wordlist
Heb.6.9,42,45,42,46,daß,dass,orthography:wordlist
Heb.6.10,67,70,67,71,daß,dass,orthography:wordlist
Heb.6.11,19,22,19,23,daß,dass,orthography:wordlist
Heb.6.11,100,109,101,111,Gewißheit,Gewissheit,orthography:wordlist
Heb.6.12,9,12,9,13,daß,dass,orthography:wordlist
Heb.6.17,109,118,109,119,Ratschluß,Ratschluss,orthography:wordlist
Heb.7.7,38,41,38,42,daß,dass,orthography:wordlist
Heb.7.8,106,109,106,110,daß,dass,orthography:wordlist
Heb.7.11,155,158,155,159,daß,dass,orthography:wordlist
Heb.7.12,54,57,54,58,muß,muss,orthography:wordlist
Heb.7.14,33,36,33,37,daß,dass,orthography:wordlist
Heb.8.3,90,93,90,94,muß,muss,orthography:wordlist
Heb.8.5,157,160,157,161,daß,dass,orthography:wordlist
Heb.9.5,108,117,108,117,einzelnen,Einzelnen,orthography:phrase
Heb.9.8,40,43,40,44,daß,dass,orthography:wordlist
Heb.9.14,9,16,9,17,wieviel,wie viel,orthography:wordlist
Heb.9.16,48,51,48,52,muß,muss,orthography:wordlist
Heb.9.23,53,56,53,57,daß,dass,orthography:wordlist
Heb.9.27,16,21,16,22,gewiß,gewiss,orthography:wordlist
Heb.10.7,97,100,97,101,daß,dass,orthography:wordlist
Heb.10.28,40,43,40,44,muß,muss,orthography:wordlist
Heb.10.29,9,16,9,17,wieviel,wie viel,orthography:wordlist
Heb.10.34,135,138,135,139,daß,dass,orthography:wordlist
Heb.11.3,28,31,28,32,daß,dass,orthography:wordlist
Heb.11.4,117,120,117,121,daß,dass,orthography:wordlist
Heb.11.5,39,42,39,43,daß,dass,orthography:wordlist
Heb.11.5,187,190,188,192,daß,dass,orthography:wordlist
Heb.11.6,140,143,140,144,muß,muss,orthography:wordlist
Heb.11.6,153,156,154,158,daß,dass,orthography:wordlist
Heb.11.13,200,203,200,204,daß,dass,orthography:wordlist
Heb.11.14,50,53,50,54,daß,dass,orthography:wordlist
Heb.11.19,32,35,32,36,daß,dass,orthography:wordlist
Heb.11.23,115,118,115,119,daß,dass,orthography:wordlist
Heb.11.37,160,171,160,172,Mißhandlung,Misshandlung,orthography:wordlist
Heb.12.15,27,30,27,31,daß,dass,orthography:wordlist
Heb.12.15,71,74,72,76,daß,dass,orthography:wordlist
Heb.12.16,0,3,0,4,daß,dass,orthography:wordlist
Heb.12.17,44,47,44,48,daß,dass,orthography:wordlist
Heb.12.19,91,94,91,95,daß,dass,orthography:wordlist
Heb.12.21,76,79,76,80,daß,dass,orthography:wordlist
Heb.12.25,19,22,19,23,daß,dass,orthography:wordlist
Heb.12.25,145,152,146,154,wieviel,wie viel,orthography:wordlist
Heb.13.6,5,8,5,9,daß,dass,orthography:wordlist
Heb.13.9,83,86,83,87,daß,dass,orthography:wordlist
Heb.13.23,17,20,17,21,daß,dass,orthography:wordlist
Jas.1.3,18,21,18,22,daß,dass,orthography:wordlist
Jas.1.7,32,35,32,36,daß,dass,orthography:wordlist
Jas.1.25,89,101,89,102,vergeßlicher,vergesslicher,orthography:wordlist
Jas.2.5,108,111,108,112,daß,dass,orthography:wordlist
Jas.2.19,30,33,30,34,daß,dass,orthography:wordlist
Jas.2.20,79,82,79,83,daß,dass,orthography:wordlist
Jas.2.22,19,22,19,23,daß,dass,orthography:wordlist
Jas.2.22,77,80,78,82,daß,dass,orthography:wordlist
Jas.2.24,13,16,13,17,daß,dass,orthography:wordlist
Jas.3.1,83,86,83,87,daß,dass,orthography:wordlist
Jas.3.4,58,63,58,62,rauhe,raue,orthography:wordlist
Jas.4.4,54,57,54,58,daß,dass,orthography:wordlist
Jas.4.12,101,104,101,105,daß,dass,orthography:wordlist
Jas.5.17,89,92,89,93,daß,dass,orthography:wordlist
1Pet.1.6,70,73,70,74,muß,muss,orthography:wordlist
1Pet.1.12,25,28,25,29,daß,dass,orthography:wordlist
1Pet.1.18,18,21,18,22,daß,dass,orthography:wordlist
1Pet.1.21,110,113,110,114,daß,dass,orthography:wordlist
1Pet.2.3,42,45,42,46,daß,dass,orthography:wordlist
1Pet.2.15,31,34,31,35,daß,dass,orthography:wordlist
1Pet.2.21,113,116,113,117,daß,dass,orthography:wordlist
1Pet.3.9,122,125,122,126,daß,dass,orthography:wordlist
1Pet.3.10,120,123,120,124,daß,dass,orthography:wordlist
1Pet.3.18,85,88,85,89,daß,dass,orthography:wordlist
1Pet.4.3,28,31,28,32,daß,dass,orthography:wordlist
1Pet.4.4,28,31,28,32,daß,dass,orthography:wordlist
1Pet.4.6,68,71,68,72,daß,dass,orthography:wordlist
1Pet.4.11,128,131,128,132,daß,dass,orthography:wordlist
1Pet.4.17,18,21,18,22,daß,dass,orthography:wordlist
1Pet.5.9,49,52,49,53,daß,dass,orthography:wordlist
1Pet.5.12,156,159,156,160,daß,dass,orthography:wordlist
1Pet.5.13,91,94,91,95,Kuß,Kuss,orthography:wordlist
2Pet.1.14,13,16,13,17,daß,dass,orthography:wordlist
2Pet.1.14,46,49,47,51,muß,muss,orthography:wordlist
2Pet.1.15,50,53,50,54,daß,dass,orthography:wordlist
2Pet.1.20,28,32,28,33,müßt,müsst,orthography:wordlist
2Pet.1.20,34,37,35,39,daß,dass,orthography:wordlist
2Pet.2.8,23,26,23,27,daß,dass,orthography:wordlist
2Pet.2.8,59,64,60,66,mußte,musste,orthography:wordlist
2Pet.2.21,38,41,38,42,daß,dass,orthography:wordlist
2Pet.2.21,96,99,97,101,daß,dass,orthography:wordlist
2Pet.2.22,78,83,78,84,frißt,frisst,orthography:wordlist
2Pet.3.3,31,35,31,36,müßt,müsst,orthography:wordlist
2Pet.3.3,37,40,38,42,daß,dass,orthography:wordlist
2Pet.3.5,38,41,38,42,daß,dass,orthography:wordlist
2Pet.3.6,4,7,4,8,daß,dass,orthography:wordlist
2Pet.3.8,53,56,53,57,daß,dass,orthography:wordlist
2Pet.3.9,133,136,133,137,daß,dass,orthography:wordlist
2Pet.3.9,167,170,168,172,daß,dass,orthography:wordlist
2Pet.3.12,9,12,9,13,daß,dass,orthography:wordlist
2Pet.3.14,74,77,74,78,daß,dass,orthography:wordlist
2Pet.3.17,75,78,75,79,daß,dass,orthography:wordlist
1John.1.5,114,117,114,118,daß,dass,orthography:wordlist
1John.1.6,16,19,16,20,daß,dass,orthography:wordlist
1John.1.9,66,69,66,70,daß,dass,orthography:wordlist
1John.2.3,33,36,33,37,daß,dass,orthography:wordlist
1John.2.5,104,107,104,108,daß,dass,orthography:wordlist
1John.2.9,13,16,13,17,daß,dass,orthography:wordlist
1John.2.9,58,62,59,64,haßt,hasst,orthography:wordlist
1John.2.11,23,27,23,28,haßt,hasst,orthography:wordlist
1John.2.18,68,71,68,72,daß,dass,orthography:wordlist
1John.2.18,155,158,156,160,daß,dass,orthography:wordlist
1John.2.19,161,164,161,165,daß,dass,orthography:wordlist
1John.2.22,89,92,89,93,daß,dass,orthography:wordlist
1John.2.27,116,119,116,120,daß,dass,orthography:wordlist
1John.2.29,17,20,17,21,daß,dass,orthography:wordlist
1John.2.29,55,58,56,60,daß,dass,orthography:wordlist
1John.3.1,60,63,60,64,daß,dass,orthography:wordlist
1John.3.2,123,126,123,127,daß,dass,orthography:wordlist
1John.3.5,43,46,43,47,daß,dass,orthography:wordlist
1John.3.8,64,67,64,68,daß,dass,orthography:wordlist
1John.3.11,63,66,63,67,daß,dass,orthography:wordlist
1John.3.13,77,81,77,82,haßt,hasst,orthography:wordlist
1John.3.14,30,33,30,34,daß,dass,orthography:wordlist
1John.3.15,25,29,25,30,haßt,hasst,orthography:wordlist
1John.3.15,68,71,69,73,daß,dass,orthography:wordlist
1John.3.16,35,38,35,39,daß,dass,orthography:wordlist
1John.3.19,20,23,20,24,daß,dass,orthography:wordlist
1John.3.20,9,12,9,13,daß,dass,orthography:wordlist
1John.3.23,51,54,51,55,daß,dass,orthography:wordlist
1John.3.24,93,96,93,97,daß,dass,orthography:wordlist
1John.4.3,143,146,143,147,daß,dass,orthography:wordlist
1John.4.9,54,57,54,58,daß,dass,orthography:wordlist
1John.4.10,31,34,31,35,daß,dass,orthography:wordlist
1John.4.10,67,70,68,72,daß,dass,orthography:wordlist
1John.4.13,20,23,20,24,daß,dass,orthography:wordlist
1John.4.13,58,61,59,63,daß,dass,orthography:wordlist
1John.4.14,63,66,63,67,daß,dass,orthography:wordlist
1John.4.15,26,29,26,30,daß,dass,orthography:wordlist
1John.4.17,49,52,49,53,daß,dass,orthography:wordlist
1John.4.20,57,61,57,62,haßt,hasst,orthography:wordlist
1John.4.21,72,75,72,76,daß,dass,orthography:wordlist
1John.5.1,19,22,19,23,daß,dass,orthography:wordlist
1John.5.2,20,23,20,24,daß,dass,orthography:wordlist
1John.5.3,59,62,59,63,daß,dass,orthography:wordlist
1John.5.5,87,90,87,91,daß,dass,orthography:wordlist
1John.5.9,120,123,120,124,daß,dass,orthography:wordlist
1John.5.11,40,43,40,44,daß,dass,orthography:wordlist
1John.5.13,71,74,71,75,daß,dass,orthography:wordlist
1John.5.14,96,99,96,100,daß,dass,orthography:wordlist
1John.5.15,30,33,30,34,daß,dass,orthography:wordlist
1John.5.15,86,89,87,91,daß,dass,orthography:wordlist
1John.5.16,184,187,184,188,daß,dass,orthography:wordlist
1John.5.18,12,15,12,16,daß,dass,orthography:wordlist
1John.5.19,12,15,12,16,daß,dass,orthography:wordlist
1John.5.20,17,20,17,21,daß,dass,orthography:wordlist
1John.5.20,82,85,83,87,daß,dass,orthography:wordlist
2John.1.4,20,23,20,24,daß,dass,orthography:wordlist
2John.1.5,162,165,162,166,daß,dass,orthography:wordlist
2John.1.6,38,41,38,42,daß,dass,orthography:wordlist
2John.1.6,133,136,134,138,daß,dass,orthography:wordlist
2John.1.7,74,77,74,78,daß,dass,orthography:wordlist
2John.1.8,34,37,34,38,daß,dass,orthography:wordlist
3John.1.4,49,52,49,53,daß,dass,orthography:wordlist
3John.1.12,186,189,186,190,daß,dass,orthography:wordlist
Jude.1.3,166,169,166,170,daß,dass,orthography:wordlist
Jude.1.5,66,72,66,73,wußtet,wusstet,orthography:wordlist
Jude.1.5,74,77,75,79,daß,dass,orthography:wordlist
Jude.1.6,13,16,13,17,daß,dass,orthography:wordlist
Rev.2.2,60,63,60,64,daß,dass,orthography:wordlist
Rev.2.2,104,107,105,109,daß,dass,orthography:wordlist
Rev.2.4,35,38,35,39,daß,dass,orthography:wordlist
Rev.2.6,45,48,45,49,daß,dass,orthography:wordlist
Rev.2.13,76,79,76,80,daß,dass,orthography:wordlist
Rev.2.14,49,52,49,53,daß,dass,orthography:wordlist
Rev.2.19,95,98,95,99,daß,dass,orthography:wordlist
Rev.2.20,35,38,35,39,daß,dass,orthography:wordlist
Rev.2.20,42,45,43,46,das,die,grammar:Frau-determiner
Rev.2.20,46,50,47,51,Weib,Frau,word:Weib-Frau
Rev.2.23,77,80,77,81,daß,dass,orthography:wordlist
Rev.3.1,190,193,190,194,daß,dass,orthography:wordlist
Rev.3.7,147,150,147,151,daß,dass,orthography:wordlist
Rev.3.7,187,190,188,192,daß,dass,orthography:wordlist
Rev.3.9,32,35,32,36,daß,dass,orthography:wordlist
Rev.3.9,162,165,163,167,daß,dass,orthography:wordlist
Rev.3.9,225,228,227,231,daß,dass,orthography:wordlist
Rev.3.15,22,25,22,26,daß,dass,orthography:wordlist
Rev.3.15,61,64,62,66,daß,dass,orthography:wordlist
Rev.3.17,59,67,59,68,Überfluß,Überfluss,orthography:wordlist
Rev.3.17,104,107,105,109,daß,dass,orthography:wordlist
Rev.5.4,57,60,57,61,daß,dass,orthography:wordlist
Rev.6.1,22,25,22,26,daß,dass,orthography:wordlist
Rev.6.4,157,160,157,161,daß,dass,orthography:wordlist
Rev.6.11,97,100,97,101,daß,dass,orthography:wordlist
Rev.9.4,36,39,36,40,daß,dass,orthography:wordlist
Rev.9.20,151,154,151,155,daß,dass,orthography:wordlist
Rev.11.1,117,120,117,121,miß,miss,orthography:wordlist
Rev.11.2,75,78,75,79,laß,lass,orthography:wordlist
Rev.11.2,87,90,88,92,miß,miss,orthography:wordlist
Rev.11.3,52,55,52,56,daß,dass,orthography:wordlist
Rev.11.5,134,137,134,138,muß,muss,orthography:wordlist
Rev.11.17,101,104,101,105,daß,dass,orthography:wordlist
Rev.11.18,97,100,97,101,daß,dass,orthography:wordlist
Rev.11.18,127,130,128,132,daß,dass,orthography:wordlist
Rev.11.18,268,271,270,274,daß,dass,orthography:wordlist
Rev.12.1,52,55,52,56,ein,eine,grammar:Frau-determiner
Rev.12.1,56,60,57,61,Weib,Frau,word:Weib-Frau
Rev.12.4,132,135,132,135,dem,der,grammar:Frau-determiner
Rev.12.4,136,141,136,140,Weibe,Frau,word:Weib-Frau
Rev.12.4,143,146,142,145,das,die,grammar:Frau-relative
Rev.12.4,167,170,166,170,daß,dass,orthography:wordlist
Rev.12.6,22,25,22,25,das,die,grammar:Frau-determiner
Rev.12.6,35,39,35,39,Weib,Frau,word:Weib-Frau
Rev.12.12,170,173,170,174,daß,dass,orthography:wordlist
Rev.12.13,60,63,60,64,daß,dass,orthography:wordlist
Rev.12.13,107,110,108,111,das,die,grammar:Frau-determiner
Rev.12.13,111,115,112,116,Weib,Frau,word:Weib-Frau
Rev.12.13,117,124,118,124,welches,welche,grammar:Frau-relative
Rev.12.14,23,26,23,26,dem,der,grammar:Frau-determiner
Rev.12.14,27,32,27,31,Weibe,Frau,word:Weib-Frau
Rev.12.15,71,74,71,74,dem,der,grammar:Frau-determiner
Rev.12.15,75,80,75,79,Weibe,Frau,word:Weib-Frau
Rev.12.16,54,57,54,57,dem,der,grammar:Frau-determiner
Rev.12.16,58,63,58,62,Weibe,Frau,word:Weib-Frau
Rev.12.17,39,42,39,42,das,die,grammar:Frau-determiner
Rev.12.17,43,47,43,47,Weib,Frau,word:Weib-Frau
Rev.13.12,117,120,117,121,daß,dass,orthography:wordlist
Rev.13.13,38,41,38,42,daß,dass,orthography:wordlist
Rev.13.13,93,97,94,99,läßt,lässt,orthography:wordlist
Rev.13.14,145,148,145,149,daß,dass,orthography:wordlist
Rev.13.15,83,86,83,87,daß,dass,orthography:wordlist
Rev.13.15,133,136,134,138,daß,dass,orthography:wordlist
Rev.13.16,34,37,34,38,daß,dass,orthography:wordlist
Rev.13.17,22,25,22,26,daß,dass,orthography:wordlist
Rev.14.4,46,53,46,52,Weibern,Frauen,word:Weib-Frau
Rev.14.13,174,177,174,178,daß,dass,orthography:wordlist
Rev.16.2,36,39,36,40,goß,goss,orthography:wordlist
Rev.16.3,24,27,24,28,goß,goss,orthography:wordlist
Rev.16.4,24,27,24,28,goß,goss,orthography:wordlist
Rev.16.5,119,122,119,123,daß,dass,orthography:wordlist
Rev.16.8,24,27,24,28,goß,goss,orthography:wordlist
Rev.16.10,24,27,24,28,goß,goss,orthography:wordlist
Rev.16.12,25,28,25,29,goß,goss,orthography:wordlist
Rev.16.17,26,29,26,30,goß,goss,orthography:wordlist
Rev.17.3,65,68,65,69,ein,eine,grammar:Frau-determiner
Rev.17.3,69,73,70,74,Weib,Frau,word:Weib-Frau
Rev.17.4,13,16,13,16,das,die,grammar:Frau-determiner
Rev.17.4,17,21,17,21,Weib,Frau,word:Weib-Frau
Rev.17.4,174,181,174,181,Greueln,Gräueln,orthography:wordlist
Rev.17.5,127,133,127,133,Greuel,Gräuel,orthography:wordlist
Rev.17.6,21,24,21,24,das,die,grammar:Frau-determiner
Rev.17.6,25,29,25,29,Weib,Frau,word:Weib-Frau
Rev.17.7,92,95,92,95,des,der,grammar:Frau-determiner
Rev.17.7,96,102,96,100,Weibes,Frau,word:Weib-Frau
Rev.17.8,303,306,303,307,daß,dass,orthography:wordlist
Rev.17.9,98,101,98,101,das,die,grammar:Frau-determiner
Rev.17.9,102,106,102,106,Weib,Frau,word:Weib-Frau
Rev.17.18,22,25,22,25,das,die,grammar:Frau-determiner
Rev.17.18,35,39,35,39,Weib,Frau,word:Weib-Frau
Rev.17.18,41,44,41,44,das,die,grammar:Frau-relative
Rev.19.7,0,4,0,5,Laßt,Lasst,orthography:wordlist
Rev.19.7,109,113,110,115,sein,seine,grammar:Frau-determiner
Rev.19.7,114,118,116,120,Weib,Frau,word:Weib-Frau
Rev.19.15,66,69,66,70,daß,dass,orthography:wordlist
Rev.20.3,59,65,59,66,schloß,schloss,orthography:wordlist
Rev.20.3,192,195,193,197,muß,muss,orthography:wordlist
Rev.21.5,127,132,127,133,gewiß,gewiss,orthography:wordlist
Rev.21.8,40,50,40,50,Greulichen,Gräulichen,orthography:wordlist
Rev.21.9,164,167,164,167,das,die,grammar:Frau-determiner
Rev.21.9,168,172,168,172,Weib,Frau,word:Weib-Frau
Rev.21.23,99,102,99,103,daß,dass,orthography:wordlist
Rev.21.27,90,96,90,96,Greuel,Gräuel,orthography:wordlist
Rev.22.6,63,68,63,69,gewiß,gewiss,orthography:wordlist
Rev.22.16,119,124,119,125,Sproß,Spross,orthography:wordlist
