ref,start,end,new_start,new_end,before,after,rule
Gen.1.27,103,106,103,107,ein,eine,grammar:Frau-determiner
Gen.1.27,107,111,108,112,Weib,Frau,word:Weib-Frau
Gen.2.4,84,88,84,88,HErr,HERR,name:Luther-divine-capitalization
Gen.2.5,134,138,134,138,HErr,HERR,name:Luther-divine-capitalization
Gen.2.7,13,17,13,17,HErr,HERR,name:Luther-divine-capitalization
Gen.2.8,13,17,13,17,HErr,HERR,name:Luther-divine-capitalization
Gen.2.9,13,17,13,17,HErr,HERR,name:Luther-divine-capitalization
Gen.2.15,13,17,13,17,HErr,HERR,name:Luther-divine-capitalization
Gen.2.16,13,17,13,17,HErr,HERR,name:Luther-divine-capitalization
Gen.2.18,13,17,13,17,HErr,HERR,name:Luther-divine-capitalization
Gen.2.19,18,22,18,22,HErr,HERR,name:Luther-divine-capitalization
Gen.2.21,17,21,17,21,HErr,HERR,name:Luther-divine-capitalization
Gen.2.22,13,17,13,17,HErr,HERR,name:Luther-divine-capitalization
Gen.2.22,24,27,24,28,ein,eine,grammar:Frau-determiner
Gen.2.22,28,32,29,33,Weib,Frau,word:Weib-Frau
Gen.2.24,54,60,54,60,seinem,seiner,grammar:Frau-determiner
Gen.2.24,61,66,61,65,Weibe,Frau,word:Weib-Frau
Gen.2.25,42,46,42,47,sein,seine,grammar:Frau-determiner
Gen.2.25,47,51,48,52,Weib,Frau,word:Weib-Frau
Gen.3.1,74,78,74,78,HErr,HERR,name:Luther-divine-capitalization
Gen.3.1,108,111,108,111,dem,der,grammar:Frau-determiner
Gen.3.1,112,117,112,116,Weibe,Frau,word:Weib-Frau
Gen.3.2,10,13,10,13,das,die,grammar:Frau-determiner
Gen.3.2,14,18,14,18,Weib,Frau,word:Weib-Frau
Gen.3.4,23,26,23,26,zum,zur,grammar:Frau-determiner
Gen.3.4,27,32,27,31,Weibe,Frau,word:Weib-Frau
Gen.3.6,4,7,4,7,das,die,grammar:Frau-determiner
Gen.3.6,8,12,8,12,Weib,Frau,word:Weib-Frau
Gen.3.8,37,42,37,42,HErrn,HERRN,name:Luther-divine-capitalization
Gen.3.8,123,129,123,129,seinem,seiner,grammar:Frau-determiner
Gen.3.8,130,135,130,134,Weibe,Frau,word:Weib-Frau
Gen.3.8,165,170,164,169,HErrn,HERRN,name:Luther-divine-capitalization
Gen.3.9,13,17,13,17,HErr,HERR,name:Luther-divine-capitalization
Gen.3.12,16,19,16,19,Das,Die,grammar:Frau-determiner
Gen.3.12,20,24,20,24,Weib,Frau,word:Weib-Frau
Gen.3.12,26,29,26,29,das,die,grammar:Frau-relative
Gen.3.13,19,23,19,23,HErr,HERR,name:Luther-divine-capitalization
Gen.3.13,24,27,24,27,zum,zur,grammar:Frau-determiner
Gen.3.13,28,33,28,32,Weibe,Frau,word:Weib-Frau
Gen.3.13,60,63,59,62,Das,Die,grammar:Frau-determiner
Gen.3.13,64,68,63,67,Weib,Frau,word:Weib-Frau
Gen.3.14,19,23,19,23,HErr,HERR,name:Luther-divine-capitalization
Gen.3.15,49,52,49,52,dem,der,grammar:Frau-determiner
Gen.3.15,53,58,53,57,Weibe,Frau,word:Weib-Frau
Gen.3.16,4,7,4,7,zum,zur,grammar:Frau-determiner
Gen.3.16,8,13,8,12,Weibe,Frau,word:Weib-Frau
Gen.3.17,59,65,59,65,deines,deiner,grammar:Frau-determiner
Gen.3.17,66,72,66,70,Weibes,Frau,word:Weib-Frau
Gen.3.20,14,18,14,19,sein,seine,grammar:Frau-determiner
Gen.3.20,19,23,20,24,Weib,Frau,word:Weib-Frau
Gen.3.21,13,17,13,17,HErr,HERR,name:Luther-divine-capitalization
Gen.3.21,34,40,34,40,seinem,seiner,grammar:Frau-determiner
Gen.3.21,41,46,41,45,Weibe,Frau,word:Weib-Frau
Gen.3.22,13,17,13,17,HErr,HERR,name:Luther-divine-capitalization
Gen.3.23,21,25,21,25,HErr,HERR,name:Luther-divine-capitalization
Gen.4.1,18,22,18,23,sein,seine,grammar:Frau-determiner
Gen.4.1,23,27,24,28,Weib,Frau,word:Weib-Frau
Gen.4.1,124,129,125,130,HErrn,HERRN,name:Luther-divine-capitalization
Gen.4.3,53,58,53,58,HErrn,HERRN,name:Luther-divine-capitalization
Gen.4.4,82,86,82,86,HErr,HERR,name:Luther-divine-capitalization
Gen.4.6,14,18,14,18,HErr,HERR,name:Luther-divine-capitalization
Gen.4.9,14,18,14,18,HErr,HERR,name:Luther-divine-capitalization
Gen.4.13,24,29,24,29,HErrn,HERRN,name:Luther-divine-capitalization
Gen.4.15,9,13,9,13,HErr,HERR,name:Luther-divine-capitalization
Gen.4.15,110,114,110,114,HErr,HERR,name:Luther-divine-capitalization
Gen.4.16,37,42,37,42,HErrn,HERRN,name:Luther-divine-capitalization
Gen.4.17,18,22,18,23,sein,seine,grammar:Frau-determiner
Gen.4.17,23,27,24,28,Weib,Frau,word:Weib-Frau
Gen.4.19,22,28,22,28,Weiber,Frauen,word:Weib-Frau
Gen.4.23,28,35,28,34,Weibern,Frauen,word:Weib-Frau
Gen.4.23,55,61,54,60,Weiber,Frauen,word:Weib-Frau
Gen.4.25,23,27,23,28,sein,seine,grammar:Frau-determiner
Gen.4.25,28,32,29,33,Weib,Frau,word:Weib-Frau
Gen.4.26,96,101,96,101,HErrn,HERRN,name:Luther-divine-capitalization
Gen.5.2,29,32,29,33,ein,eine,grammar:Frau-determiner
Gen.5.2,33,37,34,38,Weib,Frau,word:Weib-Frau
Gen.5.29,100,104,100,104,HErr,HERR,name:Luther-divine-capitalization
Gen.6.2,94,101,94,100,Weibern,Frauen,word:Weib-Frau
Gen.6.3,14,18,14,18,HErr,HERR,name:Luther-divine-capitalization
Gen.6.5,12,16,12,16,HErr,HERR,name:Luther-divine-capitalization
Gen.6.8,29,34,29,34,HErrn,HERRN,name:Luther-divine-capitalization
Gen.6.18,102,108,102,108,deinem,deiner,grammar:Frau-determiner
Gen.6.18,109,114,109,113,Weibe,Frau,word:Weib-Frau
Gen.6.18,136,143,135,141,Weibern,Frauen,word:Weib-Frau
Gen.7.1,8,12,8,12,HErr,HERR,name:Luther-divine-capitalization
Gen.7.5,32,36,32,36,HErr,HERR,name:Luther-divine-capitalization
Gen.7.7,45,51,45,51,seinem,seiner,grammar:Frau-determiner
Gen.7.7,52,57,52,56,Weibe,Frau,word:Weib-Frau
Gen.7.7,75,82,74,80,Weibern,Frauen,word:Weib-Frau
Gen.7.13,93,99,93,99,seinem,seiner,grammar:Frau-determiner
Gen.7.13,100,105,100,104,Weibe,Frau,word:Weib-Frau
Gen.7.13,128,135,127,133,Weibern,Frauen,word:Weib-Frau
Gen.7.16,118,122,118,122,HErr,HERR,name:Luther-divine-capitalization
Gen.8.16,28,32,28,33,dein,deine,grammar:Frau-determiner
Gen.8.16,33,37,34,38,Weib,Frau,word:Weib-Frau
Gen.8.16,68,74,69,75,Weiber,Frauen,word:Weib-Frau
Gen.8.18,44,50,44,50,seinem,seiner,grammar:Frau-determiner
Gen.8.18,51,56,51,55,Weibe,Frau,word:Weib-Frau
Gen.8.18,74,81,73,79,Weibern,Frauen,word:Weib-Frau
Gen.8.20,20,25,20,25,HErrn,HERRN,name:Luther-divine-capitalization
Gen.8.21,8,12,8,12,HErr,HERR,name:Luther-divine-capitalization
Gen.9.26,34,38,34,38,HErr,HERR,name:Luther-divine-capitalization
Gen.10.9,37,42,37,42,HErrn,HERRN,name:Luther-divine-capitalization
Gen.10.9,100,105,100,105,HErrn,HERRN,name:Luther-divine-capitalization
Gen.11.5,12,16,12,16,HErr,HERR,name:Luther-divine-capitalization
Gen.11.6,8,12,8,12,HErr,HERR,name:Luther-divine-capitalization
Gen.11.8,24,28,24,28,HErr,HERR,name:Luther-divine-capitalization
Gen.11.9,37,41,37,41,HErr,HERR,name:Luther-divine-capitalization
Gen.11.29,26,32,26,32,Weiber,Frauen,word:Weib-Frau
Gen.11.29,41,45,41,45,Weib,Frau,word:Weib-Frau
Gen.11.29,69,73,69,73,Weib,Frau,word:Weib-Frau
Gen.11.31,123,127,123,127,Weib,Frau,word:Weib-Frau
Gen.12.1,8,12,8,12,HErr,HERR,name:Luther-divine-capitalization
Gen.12.4,26,30,26,30,HErr,HERR,name:Luther-divine-capitalization
Gen.12.5,16,20,16,21,sein,seine,grammar:Frau-determiner
Gen.12.5,21,25,22,26,Weib,Frau,word:Weib-Frau
Gen.12.7,16,20,16,20,HErr,HERR,name:Luther-divine-capitalization
Gen.12.7,122,127,122,127,HErrn,HERRN,name:Luther-divine-capitalization
Gen.12.8,197,202,197,202,HErrn,HERRN,name:Luther-divine-capitalization
Gen.12.8,246,251,246,251,HErrn,HERRN,name:Luther-divine-capitalization
Gen.12.11,44,50,44,50,seinem,seiner,grammar:Frau-determiner
Gen.12.11,51,55,51,55,Weib,Frau,word:Weib-Frau
Gen.12.11,88,91,88,92,ein,eine,grammar:Frau-determiner
Gen.12.11,92,99,93,99,schönes,schöne,grammar:Frau-adjective
Gen.12.11,100,104,100,104,Weib,Frau,word:Weib-Frau
Gen.12.12,69,73,69,74,sein,seine,grammar:Frau-determiner
Gen.12.12,74,78,75,79,Weib,Frau,word:Weib-Frau
Gen.12.14,50,53,50,53,das,die,grammar:Frau-determiner
Gen.12.14,54,58,54,58,Weib,Frau,word:Weib-Frau
Gen.12.17,9,13,9,13,HErr,HERR,name:Luther-divine-capitalization
Gen.12.17,82,88,82,86,Weibes,Frau,word:Weib-Frau
Gen.12.18,116,120,116,121,dein,deine,grammar:Frau-determiner
Gen.12.18,121,125,122,126,Weib,Frau,word:Weib-Frau
Gen.12.19,72,75,72,75,zum,zur,grammar:Frau-determiner
Gen.12.19,76,81,76,80,Weibe,Frau,word:Weib-Frau
Gen.12.19,123,127,122,127,dein,deine,grammar:Frau-determiner
Gen.12.19,128,132,128,132,Weib,Frau,word:Weib-Frau
Gen.12.20,70,74,70,75,sein,seine,grammar:Frau-determiner
Gen.12.20,75,79,76,80,Weib,Frau,word:Weib-Frau
Gen.13.1,38,44,38,44,seinem,seiner,grammar:Frau-determiner
Gen.13.1,45,50,45,49,Weibe,Frau,word:Weib-Frau
Gen.13.4,90,95,90,95,HErrn,HERRN,name:Luther-divine-capitalization
Gen.13.10,77,81,77,81,HErr,HERR,name:Luther-divine-capitalization
Gen.13.10,175,180,175,180,HErrn,HERRN,name:Luther-divine-capitalization
Gen.13.13,64,69,64,69,HErrn,HERRN,name:Luther-divine-capitalization
Gen.13.14,55,59,55,59,HErr,HERR,name:Luther-divine-capitalization
Gen.13.18,101,106,101,106,HErrn,HERRN,name:Luther-divine-capitalization
Gen.14.16,86,92,86,92,Weiber,Frauen,word:Weib-Frau
Gen.14.22,73,78,73,78,HErrn,HERRN,name:Luther-divine-capitalization
Gen.15.1,73,78,73,78,HErrn,HERRN,name:Luther-divine-capitalization
Gen.15.2,24,28,24,28,HErr,HERR,name:Luther-divine-capitalization
Gen.15.4,15,19,15,19,HErr,HERR,name:Luther-divine-capitalization
Gen.15.6,18,23,18,23,HErrn,HERRN,name:Luther-divine-capitalization
Gen.15.7,34,38,34,38,HErr,HERR,name:Luther-divine-capitalization
Gen.15.8,24,28,24,28,HErr,HERR,name:Luther-divine-capitalization
Gen.15.18,23,27,23,27,HErr,HERR,name:Luther-divine-capitalization
Gen.16.1,14,18,14,18,Weib,Frau,word:Weib-Frau
Gen.16.2,36,40,36,40,HErr,HERR,name:Luther-divine-capitalization
Gen.16.3,22,26,22,26,Weib,Frau,word:Weib-Frau
Gen.16.3,88,91,88,91,zum,zur,grammar:Frau-determiner
Gen.16.3,92,97,92,96,Weibe,Frau,word:Weib-Frau
Gen.16.5,189,193,189,193,HErr,HERR,name:Luther-divine-capitalization
Gen.16.7,19,24,19,24,HErrn,HERRN,name:Luther-divine-capitalization
Gen.16.9,18,23,18,23,HErrn,HERRN,name:Luther-divine-capitalization
Gen.16.10,18,23,18,23,HErrn,HERRN,name:Luther-divine-capitalization
Gen.16.11,28,33,28,33,HErrn,HERRN,name:Luther-divine-capitalization
Gen.16.11,156,160,156,160,HErr,HERR,name:Luther-divine-capitalization
Gen.16.13,27,32,27,32,HErrn,HERRN,name:Luther-divine-capitalization
Gen.17.1,49,53,49,53,HErr,HERR,name:Luther-divine-capitalization
Gen.17.15,47,51,47,52,dein,deine,grammar:Frau-determiner
Gen.17.15,52,56,53,57,Weib,Frau,word:Weib-Frau
Gen.17.19,26,30,26,31,dein,deine,grammar:Frau-determiner
Gen.17.19,31,35,32,36,Weib,Frau,word:Weib-Frau
Gen.18.1,8,12,8,12,HErr,HERR,name:Luther-divine-capitalization
Gen.18.3,12,16,12,16,HErr,HERR,name:Luther-divine-capitalization
Gen.18.9,31,35,31,36,dein,deine,grammar:Frau-determiner
Gen.18.9,36,40,37,41,Weib,Frau,word:Weib-Frau
Gen.18.10,80,84,80,85,dein,deine,grammar:Frau-determiner
Gen.18.10,85,89,86,90,Weib,Frau,word:Weib-Frau
Gen.18.11,103,109,103,109,Weiber,Frauen,word:Weib-Frau
Gen.18.13,14,18,14,18,HErr,HERR,name:Luther-divine-capitalization
Gen.18.14,11,16,11,16,HErrn,HERRN,name:Luther-divine-capitalization
Gen.18.17,14,18,14,18,HErr,HERR,name:Luther-divine-capitalization
Gen.18.19,87,92,87,92,HErrn,HERRN,name:Luther-divine-capitalization
Gen.18.19,150,154,150,154,HErr,HERR,name:Luther-divine-capitalization
Gen.18.20,8,12,8,12,HErr,HERR,name:Luther-divine-capitalization
Gen.18.22,93,98,93,98,HErrn,HERRN,name:Luther-divine-capitalization
Gen.18.26,4,8,4,8,HErr,HERR,name:Luther-divine-capitalization
Gen.18.27,85,90,85,90,HErrn,HERRN,name:Luther-divine-capitalization
Gen.18.30,29,33,29,33,HErr,HERR,name:Luther-divine-capitalization
Gen.18.31,60,65,60,65,HErrn,HERRN,name:Luther-divine-capitalization
Gen.18.32,32,36,32,36,HErr,HERR,name:Luther-divine-capitalization
Gen.18.33,8,12,8,12,HErr,HERR,name:Luther-divine-capitalization
Gen.19.13,81,86,81,86,HErrn,HERRN,name:Luther-divine-capitalization
Gen.19.14,133,137,133,137,HErr,HERR,name:Luther-divine-capitalization
Gen.19.15,97,101,97,102,dein,deine,grammar:Frau-determiner
Gen.19.15,102,106,103,107,Weib,Frau,word:Weib-Frau
Gen.19.16,48,52,48,53,sein,seine,grammar:Frau-determiner
Gen.19.16,53,57,54,58,Weib,Frau,word:Weib-Frau
Gen.19.16,110,114,111,115,HErr,HERR,name:Luther-divine-capitalization
Gen.19.24,12,16,12,16,HErr,HERR,name:Luther-divine-capitalization
Gen.19.24,53,58,53,58,HErrn,HERRN,name:Luther-divine-capitalization
Gen.19.26,4,8,4,9,sein,seine,grammar:Frau-determiner
Gen.19.26,9,13,10,14,Weib,Frau,word:Weib-Frau
Gen.19.27,82,87,82,87,HErrn,HERRN,name:Luther-divine-capitalization
Gen.20.2,19,25,19,25,seinem,seiner,grammar:Frau-determiner
Gen.20.2,26,31,26,30,Weibe,Frau,word:Weib-Frau
Gen.20.3,97,100,97,100,des,der,grammar:Frau-determiner
Gen.20.3,101,107,101,105,Weibes,Frau,word:Weib-Frau
Gen.20.3,164,171,162,169,Eheweib,Ehefrau,word:Weib-Frau
Gen.20.4,51,55,51,55,HErr,HERR,name:Luther-divine-capitalization
Gen.20.7,21,25,21,26,sein,seine,grammar:Frau-determiner
Gen.20.7,26,30,27,31,Weib,Frau,word:Weib-Frau
Gen.20.11,101,107,101,107,meines,meiner,grammar:Frau-determiner
Gen.20.11,108,114,108,112,Weibes,Frau,word:Weib-Frau
Gen.20.12,119,123,119,124,mein,meine,grammar:Frau-determiner
Gen.20.12,124,128,125,129,Weib,Frau,word:Weib-Frau
Gen.20.14,94,98,94,99,sein,seine,grammar:Frau-determiner
Gen.20.14,99,103,100,104,Weib,Frau,word:Weib-Frau
Gen.20.17,58,62,58,63,sein,seine,grammar:Frau-determiner
Gen.20.17,63,67,64,68,Weib,Frau,word:Weib-Frau
Gen.20.18,9,13,9,13,HErr,HERR,name:Luther-divine-capitalization
Gen.20.18,97,103,97,101,Weibes,Frau,word:Weib-Frau
Gen.21.1,8,12,8,12,HErr,HERR,name:Luther-divine-capitalization
Gen.21.21,61,64,61,65,ein,eine,grammar:Frau-determiner
Gen.21.21,65,69,66,70,Weib,Frau,word:Weib-Frau
Gen.21.33,81,86,81,86,HErrn,HERRN,name:Luther-divine-capitalization
Gen.22.11,26,31,26,31,HErrn,HERRN,name:Luther-divine-capitalization
Gen.22.14,33,37,33,37,HErr,HERR,name:Luther-divine-capitalization
Gen.22.14,103,107,103,107,HErr,HERR,name:Luther-divine-capitalization
Gen.22.15,18,23,18,23,HErrn,HERRN,name:Luther-divine-capitalization
Gen.22.16,60,64,60,64,HErr,HERR,name:Luther-divine-capitalization
Gen.23.19,29,33,29,34,sein,seine,grammar:Frau-determiner
Gen.23.19,34,38,35,39,Weib,Frau,word:Weib-Frau
Gen.24.1,41,45,41,45,HErr,HERR,name:Luther-divine-capitalization
Gen.24.3,24,29,24,29,HErrn,HERRN,name:Luther-divine-capitalization
Gen.24.3,86,90,86,91,kein,keine,grammar:Frau-determiner
Gen.24.3,91,95,92,96,Weib,Frau,word:Weib-Frau
Gen.24.4,99,102,99,103,ein,eine,grammar:Frau-determiner
Gen.24.4,103,107,104,108,Weib,Frau,word:Weib-Frau
Gen.24.5,29,32,29,32,das,die,grammar:Frau-determiner
Gen.24.5,33,37,33,37,Weib,Frau,word:Weib-Frau
Gen.24.7,4,8,4,8,HErr,HERR,name:Luther-divine-capitalization
Gen.24.7,275,278,275,279,ein,eine,grammar:Frau-determiner
Gen.24.7,279,283,280,284,Weib,Frau,word:Weib-Frau
Gen.24.8,8,11,8,11,das,die,grammar:Frau-determiner
Gen.24.8,12,16,12,16,Weib,Frau,word:Weib-Frau
Gen.24.11,112,118,112,118,Weiber,Frauen,word:Weib-Frau
Gen.24.12,12,16,12,16,HErr,HERR,name:Luther-divine-capitalization
Gen.24.15,138,142,138,142,Weib,Frau,word:Weib-Frau
Gen.24.21,78,82,78,82,HErr,HERR,name:Luther-divine-capitalization
Gen.24.26,39,44,39,44,HErrn,HERRN,name:Luther-divine-capitalization
Gen.24.27,27,31,27,31,HErr,HERR,name:Luther-divine-capitalization
Gen.24.27,154,158,154,158,HErr,HERR,name:Luther-divine-capitalization
Gen.24.31,46,51,46,51,HErrn,HERRN,name:Luther-divine-capitalization
Gen.24.35,8,12,8,12,HErr,HERR,name:Luther-divine-capitalization
Gen.24.36,28,32,28,32,Weib,Frau,word:Weib-Frau
Gen.24.37,79,83,79,84,kein,keine,grammar:Frau-determiner
Gen.24.37,84,88,85,89,Weib,Frau,word:Weib-Frau
Gen.24.38,93,96,93,97,ein,eine,grammar:Frau-determiner
Gen.24.38,97,101,98,102,Weib,Frau,word:Weib-Frau
Gen.24.39,47,50,47,50,das,die,grammar:Frau-determiner
Gen.24.39,51,55,51,55,Weib,Frau,word:Weib-Frau
Gen.24.40,25,29,25,29,HErr,HERR,name:Luther-divine-capitalization
Gen.24.40,137,140,137,141,ein,eine,grammar:Frau-determiner
Gen.24.40,141,145,142,146,Weib,Frau,word:Weib-Frau
Gen.24.42,43,47,43,47,HErr,HERR,name:Luther-divine-capitalization
Gen.24.44,80,83,80,83,das,die,grammar:Frau-determiner
Gen.24.44,84,88,84,88,Weib,Frau,word:Weib-Frau
Gen.24.44,90,93,90,93,das,die,grammar:Frau-relative
Gen.24.44,98,102,98,102,HErr,HERR,name:Luther-divine-capitalization
Gen.24.48,31,36,31,36,HErrn,HERRN,name:Luther-divine-capitalization
Gen.24.48,54,59,54,59,HErrn,HERRN,name:Luther-divine-capitalization
Gen.24.50,61,66,61,66,HErrn,HERRN,name:Luther-divine-capitalization
Gen.24.51,56,59,56,59,das,die,grammar:Frau-determiner
Gen.24.51,60,64,60,64,Weib,Frau,word:Weib-Frau
Gen.24.51,102,106,102,106,HErr,HERR,name:Luther-divine-capitalization
Gen.24.52,61,66,61,66,HErrn,HERRN,name:Luther-divine-capitalization
Gen.24.56,55,59,55,59,HErr,HERR,name:Luther-divine-capitalization
Gen.24.67,86,90,86,91,sein,seine,grammar:Frau-determiner
Gen.24.67,91,95,92,96,Weib,Frau,word:Weib-Frau
Gen.25.1,20,23,20,24,ein,eine,grammar:Frau-determiner
Gen.25.1,24,28,25,29,Weib,Frau,word:Weib-Frau
Gen.25.10,96,102,96,102,seinem,seiner,grammar:Frau-determiner
Gen.25.10,103,108,103,107,Weibe,Frau,word:Weib-Frau
Gen.25.20,43,46,43,46,zum,zur,grammar:Frau-determiner
Gen.25.20,47,52,47,51,Weibe,Frau,word:Weib-Frau
Gen.25.21,19,24,19,24,HErrn,HERRN,name:Luther-divine-capitalization
Gen.25.21,29,33,29,34,sein,seine,grammar:Frau-determiner
Gen.25.21,34,38,35,39,Weib,Frau,word:Weib-Frau
Gen.25.21,74,78,75,79,HErr,HERR,name:Luther-divine-capitalization
Gen.25.21,112,116,113,118,sein,seine,grammar:Frau-determiner
Gen.25.21,117,121,119,123,Weib,Frau,word:Weib-Frau
Gen.25.22,155,160,155,160,HErrn,HERRN,name:Luther-divine-capitalization
Gen.25.23,8,12,8,12,HErr,HERR,name:Luther-divine-capitalization
Gen.25.25,44,48,44,47,rauh,rau,orthography:wordlist
Gen.26.2,20,24,20,24,HErr,HERR,name:Luther-divine-capitalization
Gen.26.7,49,55,49,55,seinem,seiner,grammar:Frau-determiner
Gen.26.7,56,61,56,60,Weibe,Frau,word:Weib-Frau
Gen.26.7,143,147,142,147,mein,meine,grammar:Frau-determiner
Gen.26.7,148,152,148,152,Weib,Frau,word:Weib-Frau
Gen.26.8,125,131,125,131,seinem,seiner,grammar:Frau-determiner
Gen.26.8,132,137,132,136,Weibe,Frau,word:Weib-Frau
Gen.26.9,54,58,54,59,dein,deine,grammar:Frau-determiner
Gen.26.9,59,63,60,64,Weib,Frau,word:Weib-Frau
Gen.26.10,107,113,107,113,deinem,deiner,grammar:Frau-determiner
Gen.26.10,114,119,114,118,Weibe,Frau,word:Weib-Frau
Gen.26.11,63,67,63,68,sein,seine,grammar:Frau-determiner
Gen.26.11,68,72,69,73,Weib,Frau,word:Weib-Frau
Gen.26.12,81,85,81,85,HErr,HERR,name:Luther-divine-capitalization
Gen.26.22,148,152,148,152,HErr,HERR,name:Luther-divine-capitalization
Gen.26.24,8,12,8,12,HErr,HERR,name:Luther-divine-capitalization
Gen.26.25,64,69,64,69,HErrn,HERRN,name:Luther-divine-capitalization
Gen.26.28,53,57,53,57,HErr,HERR,name:Luther-divine-capitalization
Gen.26.29,197,202,197,202,HErrn,HERRN,name:Luther-divine-capitalization
Gen.26.34,34,37,34,37,zum,zur,grammar:Frau-determiner
Gen.26.34,38,43,38,42,Weibe,Frau,word:Weib-Frau
Gen.27.7,86,91,86,91,HErrn,HERRN,name:Luther-divine-capitalization
Gen.27.11,72,76,72,75,rauh,rau,orthography:wordlist
Gen.27.20,94,98,94,98,HErr,HERR,name:Luther-divine-capitalization
Gen.27.23,48,52,48,51,rauh,rau,orthography:wordlist
Gen.27.27,166,170,166,170,HErr,HERR,name:Luther-divine-capitalization
Gen.27.46,85,88,85,89,ein,eine,grammar:Frau-determiner
Gen.27.46,89,93,90,94,Weib,Frau,word:Weib-Frau
Gen.28.1,92,95,92,96,ein,eine,grammar:Frau-determiner
Gen.28.1,96,100,97,101,Weib,Frau,word:Weib-Frau
Gen.28.2,110,113,110,114,ein,eine,grammar:Frau-determiner
Gen.28.2,114,118,115,119,Weib,Frau,word:Weib-Frau
Gen.28.6,102,105,102,106,ein,eine,grammar:Frau-determiner
Gen.28.6,106,110,107,111,Weib,Frau,word:Weib-Frau
Gen.28.6,191,194,192,196,ein,eine,grammar:Frau-determiner
Gen.28.6,195,199,197,201,Weib,Frau,word:Weib-Frau
Gen.28.9,38,45,38,44,Weibern,Frauen,word:Weib-Frau
Gen.28.9,144,147,143,146,zum,zur,grammar:Frau-determiner
Gen.28.9,148,153,147,151,Weibe,Frau,word:Weib-Frau
Gen.28.13,8,12,8,12,HErr,HERR,name:Luther-divine-capitalization
Gen.28.13,54,58,54,58,HErr,HERR,name:Luther-divine-capitalization
Gen.28.16,68,72,68,72,HErr,HERR,name:Luther-divine-capitalization
Gen.28.21,69,73,69,73,HErr,HERR,name:Luther-divine-capitalization
Gen.29.21,39,43,39,44,mein,meine,grammar:Frau-determiner
Gen.29.21,44,48,45,49,Weib,Frau,word:Weib-Frau
Gen.29.28,79,82,79,82,zum,zur,grammar:Frau-determiner
Gen.29.28,83,88,83,87,Weibe,Frau,word:Weib-Frau
Gen.29.31,12,16,12,16,HErr,HERR,name:Luther-divine-capitalization
Gen.29.32,81,85,81,85,HErr,HERR,name:Luther-divine-capitalization
Gen.29.33,65,69,65,69,HErr,HERR,name:Luther-divine-capitalization
Gen.29.35,81,86,81,86,HErrn,HERRN,name:Luther-divine-capitalization
Gen.30.4,39,42,39,42,zum,zur,grammar:Frau-determiner
Gen.30.4,43,48,43,47,Weibe,Frau,word:Weib-Frau
Gen.30.9,96,99,96,99,zum,zur,grammar:Frau-determiner
Gen.30.9,100,105,100,104,Weibe,Frau,word:Weib-Frau
Gen.30.24,36,40,36,40,HErr,HERR,name:Luther-divine-capitalization
Gen.30.26,14,20,14,20,Weiber,Frauen,word:Weib-Frau
Gen.30.27,87,91,87,91,HErr,HERR,name:Luther-divine-capitalization
Gen.30.30,85,89,85,89,HErr,HERR,name:Luther-divine-capitalization
Gen.31.3,8,12,8,12,HErr,HERR,name:Luther-divine-capitalization
Gen.31.17,52,58,52,58,Weiber,Frauen,word:Weib-Frau
Gen.31.49,40,44,40,44,HErr,HERR,name:Luther-divine-capitalization
Gen.31.50,42,48,42,48,Weiber,Frauen,word:Weib-Frau
Gen.32.10,78,82,78,82,HErr,HERR,name:Luther-divine-capitalization
Gen.32.23,47,53,47,53,Weiber,Frauen,word:Weib-Frau
Gen.33.5,39,45,39,45,Weiber,Frauen,word:Weib-Frau
Gen.34.4,63,66,63,66,zum,zur,grammar:Frau-determiner
Gen.34.4,67,72,67,71,Weibe,Frau,word:Weib-Frau
Gen.34.8,113,116,113,116,zum,zur,grammar:Frau-determiner
Gen.34.8,117,122,117,121,Weibe,Frau,word:Weib-Frau
Gen.34.12,112,115,112,115,zum,zur,grammar:Frau-determiner
Gen.34.12,116,121,116,120,Weibe,Frau,word:Weib-Frau
Gen.34.21,144,151,144,150,Weibern,Frauen,word:Weib-Frau
Gen.34.29,36,42,36,42,Weiber,Frauen,word:Weib-Frau
Gen.36.2,10,16,10,16,Weiber,Frauen,word:Weib-Frau
Gen.36.6,20,26,20,26,Weiber,Frauen,word:Weib-Frau
Gen.36.10,62,68,62,66,Weibes,Frau,word:Weib-Frau
Gen.36.10,103,109,101,105,Weibes,Frau,word:Weib-Frau
Gen.36.12,112,116,112,116,Weib,Frau,word:Weib-Frau
Gen.36.13,104,108,104,108,Weib,Frau,word:Weib-Frau
Gen.36.14,37,41,37,41,Weib,Frau,word:Weib-Frau
Gen.36.17,209,213,209,213,Weib,Frau,word:Weib-Frau
Gen.36.18,38,44,38,42,Weibes,Frau,word:Weib-Frau
Gen.36.18,161,165,159,163,Weib,Frau,word:Weib-Frau
Gen.36.39,101,105,101,106,sein,seine,grammar:Frau-determiner
Gen.36.39,106,110,107,111,Weib,Frau,word:Weib-Frau
Gen.37.2,171,177,171,177,Weiber,Frauen,word:Weib-Frau
Gen.38.6,38,41,38,42,ein,eine,grammar:Frau-determiner
Gen.38.6,42,46,43,47,Weib,Frau,word:Weib-Frau
Gen.38.7,26,31,26,31,HErrn,HERRN,name:Luther-divine-capitalization
Gen.38.7,54,58,54,58,HErr,HERR,name:Luther-divine-capitalization
Gen.38.8,47,51,47,51,Weib,Frau,word:Weib-Frau
Gen.38.9,99,103,99,103,Weib,Frau,word:Weib-Frau
Gen.38.10,14,19,14,19,HErrn,HERRN,name:Luther-divine-capitalization
Gen.38.12,64,68,64,68,Weib,Frau,word:Weib-Frau
Gen.38.14,233,236,233,236,zum,zur,grammar:Frau-determiner
Gen.38.14,237,242,237,241,Weibe,Frau,word:Weib-Frau
Gen.38.20,96,99,96,99,dem,der,grammar:Frau-determiner
Gen.38.20,100,105,100,104,Weibe,Frau,word:Weib-Frau
Gen.39.2,8,12,8,12,HErr,HERR,name:Luther-divine-capitalization
Gen.39.3,28,32,28,32,HErr,HERR,name:Luther-divine-capitalization
Gen.39.3,83,87,83,87,HErr,HERR,name:Luther-divine-capitalization
Gen.39.5,94,98,94,98,HErr,HERR,name:Luther-divine-capitalization
Gen.39.5,160,165,160,165,HErrn,HERRN,name:Luther-divine-capitalization
Gen.39.7,60,64,60,64,Weib,Frau,word:Weib-Frau
Gen.39.9,90,94,90,95,sein,seine,grammar:Frau-determiner
Gen.39.9,95,99,96,100,Weib,Frau,word:Weib-Frau
Gen.39.19,29,35,29,35,seines,seiner,grammar:Frau-determiner
Gen.39.19,36,42,36,40,Weibes,Frau,word:Weib-Frau
Gen.39.21,9,13,9,13,HErr,HERR,name:Luther-divine-capitalization
Gen.39.23,73,77,73,77,HErr,HERR,name:Luther-divine-capitalization
Gen.39.23,123,127,123,127,HErr,HERR,name:Luther-divine-capitalization
Gen.41.45,46,49,46,50,ein,eine,grammar:Frau-determiner
Gen.41.45,50,54,51,55,Weib,Frau,word:Weib-Frau
Gen.44.27,64,68,64,69,mein,meine,grammar:Frau-determiner
Gen.44.27,69,73,70,74,Weib,Frau,word:Weib-Frau
Gen.45.19,86,92,86,92,Weiber,Frauen,word:Weib-Frau
Gen.46.5,114,121,114,120,Weibern,Frauen,word:Weib-Frau
Gen.46.10,78,81,78,81,dem,der,grammar:Frau-determiner
Gen.46.10,96,101,96,100,Weibe,Frau,word:Weib-Frau
Gen.46.19,19,22,19,22,des,der,grammar:Frau-determiner
Gen.46.19,23,29,23,27,Weibes,Frau,word:Weib-Frau
Gen.46.26,101,107,101,107,Weiber,Frauen,word:Weib-Frau
Gen.49.18,0,4,0,4,HErr,HERR,name:Luther-divine-capitalization
Gen.49.31,46,50,46,51,sein,seine,grammar:Frau-determiner
Gen.49.31,51,55,52,56,Weib,Frau,word:Weib-Frau
Gen.49.31,109,113,110,115,sein,seine,grammar:Frau-determiner
Gen.49.31,114,118,116,120,Weib,Frau,word:Weib-Frau
Exod.1.16,25,32,25,31,Weibern,Frauen,word:Weib-Frau
Exod.1.19,50,56,50,56,Weiber,Frauen,word:Weib-Frau
Exod.1.19,109,115,109,115,Weiber,Frauen,word:Weib-Frau
Exod.2.2,4,7,4,7,das,die,grammar:Frau-determiner
Exod.2.2,8,12,8,12,Weib,Frau,word:Weib-Frau
Exod.2.7,88,94,88,94,Weiber,Frauen,word:Weib-Frau
Exod.2.9,94,97,94,97,Das,Die,grammar:Frau-determiner
Exod.2.9,98,102,98,102,Weib,Frau,word:Weib-Frau
Exod.3.2,18,23,18,23,HErrn,HERRN,name:Luther-divine-capitalization
Exod.3.4,12,16,12,16,HErr,HERR,name:Luther-divine-capitalization
Exod.3.7,8,12,8,12,HErr,HERR,name:Luther-divine-capitalization
Exod.3.15,77,81,77,81,HErr,HERR,name:Luther-divine-capitalization
Exod.3.16,80,84,80,84,HErr,HERR,name:Luther-divine-capitalization
Exod.3.18,128,132,128,132,HErr,HERR,name:Luther-divine-capitalization
Exod.3.18,241,246,241,246,HErrn,HERRN,name:Luther-divine-capitalization
Exod.3.22,8,11,8,12,ein,eine,grammar:Frau-determiner
Exod.3.22,12,19,13,21,jeglich,jegliche,grammar:Frau-adjective
Exod.3.22,20,24,22,26,Weib,Frau,word:Weib-Frau
Exod.4.1,115,119,115,119,HErr,HERR,name:Luther-divine-capitalization
Exod.4.2,4,8,4,8,HErr,HERR,name:Luther-divine-capitalization
Exod.4.4,9,13,9,13,HErr,HERR,name:Luther-divine-capitalization
Exod.4.5,54,58,54,58,HErr,HERR,name:Luther-divine-capitalization
Exod.4.6,8,12,8,12,HErr,HERR,name:Luther-divine-capitalization
Exod.4.10,24,29,24,29,HErrn,HERRN,name:Luther-divine-capitalization
Exod.4.11,4,8,4,8,HErr,HERR,name:Luther-divine-capitalization
Exod.4.11,167,171,167,171,HErr,HERR,name:Luther-divine-capitalization
Exod.4.14,12,16,12,16,HErr,HERR,name:Luther-divine-capitalization
Exod.4.19,16,20,16,20,HErr,HERR,name:Luther-divine-capitalization
Exod.4.20,15,19,15,20,sein,seine,grammar:Frau-determiner
Exod.4.20,20,24,21,25,Weib,Frau,word:Weib-Frau
Exod.4.21,8,12,8,12,HErr,HERR,name:Luther-divine-capitalization
Exod.4.22,40,44,40,44,HErr,HERR,name:Luther-divine-capitalization
Exod.4.24,54,58,54,58,HErr,HERR,name:Luther-divine-capitalization
Exod.4.27,8,12,8,12,HErr,HERR,name:Luther-divine-capitalization
Exod.4.28,36,41,36,41,HErrn,HERRN,name:Luther-divine-capitalization
Exod.4.30,37,41,37,41,HErr,HERR,name:Luther-divine-capitalization
Exod.4.31,50,54,50,54,HErr,HERR,name:Luther-divine-capitalization
Exod.5.1,73,77,73,77,HErr,HERR,name:Luther-divine-capitalization
Exod.5.2,31,35,31,35,HErr,HERR,name:Luther-divine-capitalization
Exod.5.2,114,119,114,119,HErrn,HERRN,name:Luther-divine-capitalization
Exod.5.3,111,116,111,116,HErrn,HERRN,name:Luther-divine-capitalization
Exod.5.17,95,100,95,100,HErrn,HERRN,name:Luther-divine-capitalization
Exod.5.21,27,31,27,31,HErr,HERR,name:Luther-divine-capitalization
Exod.5.22,28,33,28,33,HErrn,HERRN,name:Luther-divine-capitalization
Exod.5.22,46,50,46,50,HErr,HERR,name:Luther-divine-capitalization
Exod.6.1,4,8,4,8,HErr,HERR,name:Luther-divine-capitalization
Exod.6.2,56,60,56,60,HErr,HERR,name:Luther-divine-capitalization
Exod.6.3,85,89,85,89,HErr,HERR,name:Luther-divine-capitalization
Exod.6.6,43,47,43,47,HErr,HERR,name:Luther-divine-capitalization
Exod.6.7,97,101,97,101,HErr,HERR,name:Luther-divine-capitalization
Exod.6.8,151,155,151,155,HErr,HERR,name:Luther-divine-capitalization
Exod.6.10,14,18,14,18,HErr,HERR,name:Luther-divine-capitalization
Exod.6.12,25,30,25,30,HErrn,HERRN,name:Luther-divine-capitalization
Exod.6.13,16,20,16,20,HErr,HERR,name:Luther-divine-capitalization
Exod.6.15,85,88,85,88,des,der,grammar:Frau-determiner
Exod.6.15,103,109,103,107,Weibes,Frau,word:Weib-Frau
Exod.6.20,36,39,36,39,zum,zur,grammar:Frau-determiner
Exod.6.20,40,45,40,44,Weibe,Frau,word:Weib-Frau
Exod.6.23,11,14,11,14,zum,zur,grammar:Frau-determiner
Exod.6.23,15,20,15,19,Weibe,Frau,word:Weib-Frau
Exod.6.25,61,64,61,65,ein,eine,grammar:Frau-determiner
Exod.6.25,65,69,66,70,Weib,Frau,word:Weib-Frau
Exod.6.26,41,45,41,45,HErr,HERR,name:Luther-divine-capitalization
Exod.6.28,25,29,25,29,HErr,HERR,name:Luther-divine-capitalization
Exod.6.29,31,35,31,35,HErr,HERR,name:Luther-divine-capitalization
Exod.6.30,26,31,26,31,HErrn,HERRN,name:Luther-divine-capitalization
Exod.7.1,4,8,4,8,HErr,HERR,name:Luther-divine-capitalization
Exod.7.5,50,54,50,54,HErr,HERR,name:Luther-divine-capitalization
Exod.7.6,36,40,36,40,HErr,HERR,name:Luther-divine-capitalization
Exod.7.8,8,12,8,12,HErr,HERR,name:Luther-divine-capitalization
Exod.7.10,67,71,67,71,HErr,HERR,name:Luther-divine-capitalization
Exod.7.13,75,79,75,79,HErr,HERR,name:Luther-divine-capitalization
Exod.7.14,8,12,8,12,HErr,HERR,name:Luther-divine-capitalization
Exod.7.16,23,27,23,27,HErr,HERR,name:Luther-divine-capitalization
Exod.7.17,18,22,18,22,HErr,HERR,name:Luther-divine-capitalization
Exod.7.17,68,72,68,72,HErr,HERR,name:Luther-divine-capitalization
Exod.7.19,8,12,8,12,HErr,HERR,name:Luther-divine-capitalization
Exod.7.20,36,40,36,40,HErr,HERR,name:Luther-divine-capitalization
Exod.7.22,142,146,142,146,HErr,HERR,name:Luther-divine-capitalization
Exod.7.25,42,46,42,46,HErr,HERR,name:Luther-divine-capitalization
Exod.7.26,4,8,4,8,HErr,HERR,name:Luther-divine-capitalization
Exod.7.26,78,82,78,82,HErr,HERR,name:Luther-divine-capitalization
Exod.8.1,8,12,8,12,HErr,HERR,name:Luther-divine-capitalization
Exod.8.4,57,62,57,62,HErrn,HERRN,name:Luther-divine-capitalization
Exod.8.4,169,174,169,174,HErrn,HERRN,name:Luther-divine-capitalization
Exod.8.6,98,102,98,102,HErr,HERR,name:Luther-divine-capitalization
Exod.8.8,62,67,62,67,HErrn,HERRN,name:Luther-divine-capitalization
Exod.8.9,8,12,8,12,HErr,HERR,name:Luther-divine-capitalization
Exod.8.11,107,111,107,111,HErr,HERR,name:Luther-divine-capitalization
Exod.8.12,8,12,8,12,HErr,HERR,name:Luther-divine-capitalization
Exod.8.15,134,138,134,138,HErr,HERR,name:Luther-divine-capitalization
Exod.8.16,8,12,8,12,HErr,HERR,name:Luther-divine-capitalization
Exod.8.16,142,146,142,146,HErr,HERR,name:Luther-divine-capitalization
Exod.8.18,157,161,157,161,HErr,HERR,name:Luther-divine-capitalization
Exod.8.20,8,12,8,12,HErr,HERR,name:Luther-divine-capitalization
Exod.8.22,109,114,109,114,HErrn,HERRN,name:Luther-divine-capitalization
Exod.8.23,54,59,54,59,HErrn,HERRN,name:Luther-divine-capitalization
Exod.8.24,50,55,50,55,HErrn,HERRN,name:Luther-divine-capitalization
Exod.8.25,67,72,67,72,HErrn,HERRN,name:Luther-divine-capitalization
Exod.8.25,250,255,250,255,HErrn,HERRN,name:Luther-divine-capitalization
Exod.8.26,44,49,44,49,HErrn,HERRN,name:Luther-divine-capitalization
Exod.8.27,8,12,8,12,HErr,HERR,name:Luther-divine-capitalization
Exod.9.1,4,8,4,8,HErr,HERR,name:Luther-divine-capitalization
Exod.9.1,80,84,80,84,HErr,HERR,name:Luther-divine-capitalization
Exod.9.3,28,33,28,33,HErrn,HERRN,name:Luther-divine-capitalization
Exod.9.4,8,12,8,12,HErr,HERR,name:Luther-divine-capitalization
Exod.9.5,8,12,8,12,HErr,HERR,name:Luther-divine-capitalization
Exod.9.5,61,65,61,65,HErr,HERR,name:Luther-divine-capitalization
Exod.9.6,8,12,8,12,HErr,HERR,name:Luther-divine-capitalization
Exod.9.8,14,18,14,18,HErr,HERR,name:Luther-divine-capitalization
Exod.9.12,9,13,9,13,HErr,HERR,name:Luther-divine-capitalization
Exod.9.12,81,85,81,85,HErr,HERR,name:Luther-divine-capitalization
Exod.9.13,14,18,14,18,HErr,HERR,name:Luther-divine-capitalization
Exod.9.13,107,111,107,111,HErr,HERR,name:Luther-divine-capitalization
Exod.9.20,39,44,39,44,HErrn,HERRN,name:Luther-divine-capitalization
Exod.9.21,43,48,43,48,HErrn,HERRN,name:Luther-divine-capitalization
Exod.9.22,14,18,14,18,HErr,HERR,name:Luther-divine-capitalization
Exod.9.23,49,53,49,53,HErr,HERR,name:Luther-divine-capitalization
Exod.9.23,129,133,129,133,HErr,HERR,name:Luther-divine-capitalization
Exod.9.27,111,115,111,115,HErr,HERR,name:Luther-divine-capitalization
Exod.9.28,16,21,16,21,HErrn,HERRN,name:Luther-divine-capitalization
Exod.9.29,90,95,90,95,HErrn,HERRN,name:Luther-divine-capitalization
Exod.9.29,194,199,194,199,HErrn,HERRN,name:Luther-divine-capitalization
Exod.9.30,79,84,79,84,HErrn,HERRN,name:Luther-divine-capitalization
Exod.9.31,70,78,70,79,geschoßt,geschosst,orthography:wordlist
Exod.9.33,80,85,80,85,HErrn,HERRN,name:Luther-divine-capitalization
Exod.9.35,88,92,88,92,HErr,HERR,name:Luther-divine-capitalization
Exod.10.1,8,12,8,12,HErr,HERR,name:Luther-divine-capitalization
Exod.10.2,194,198,194,198,HErr,HERR,name:Luther-divine-capitalization
Exod.10.3,80,84,80,84,HErr,HERR,name:Luther-divine-capitalization
Exod.10.7,128,133,128,133,HErrn,HERRN,name:Luther-divine-capitalization
Exod.10.8,95,100,95,100,HErrn,HERRN,name:Luther-divine-capitalization
Exod.10.9,130,135,130,135,HErrn,HERRN,name:Luther-divine-capitalization
Exod.10.10,30,34,30,34,HErr,HERR,name:Luther-divine-capitalization
Exod.10.11,57,62,57,62,HErrn,HERRN,name:Luther-divine-capitalization
Exod.10.12,14,18,14,18,HErr,HERR,name:Luther-divine-capitalization
Exod.10.13,50,54,50,54,HErr,HERR,name:Luther-divine-capitalization
Exod.10.16,85,90,85,90,HErrn,HERRN,name:Luther-divine-capitalization
Exod.10.17,56,61,56,61,HErrn,HERRN,name:Luther-divine-capitalization
Exod.10.18,39,44,39,44,HErrn,HERRN,name:Luther-divine-capitalization
Exod.10.19,15,19,15,19,HErr,HERR,name:Luther-divine-capitalization
Exod.10.20,9,13,9,13,HErr,HERR,name:Luther-divine-capitalization
Exod.10.21,4,8,4,8,HErr,HERR,name:Luther-divine-capitalization
Exod.10.24,62,67,62,67,HErrn,HERRN,name:Luther-divine-capitalization
Exod.10.25,85,90,85,90,HErrn,HERRN,name:Luther-divine-capitalization
Exod.10.26,136,141,136,141,HErrn,HERRN,name:Luther-divine-capitalization
Exod.10.26,180,185,180,185,HErrn,HERRN,name:Luther-divine-capitalization
Exod.10.27,9,13,9,13,HErr,HERR,name:Luther-divine-capitalization
Exod.11.1,8,12,8,12,HErr,HERR,name:Luther-divine-capitalization
Exod.11.3,8,12,8,12,HErr,HERR,name:Luther-divine-capitalization
Exod.11.4,29,33,29,33,HErr,HERR,name:Luther-divine-capitalization
Exod.11.7,127,131,127,131,HErr,HERR,name:Luther-divine-capitalization
Exod.11.9,4,8,4,8,HErr,HERR,name:Luther-divine-capitalization
Exod.11.10,70,74,70,74,HErr,HERR,name:Luther-divine-capitalization
Exod.12.1,4,8,4,8,HErr,HERR,name:Luther-divine-capitalization
Exod.12.11,186,191,186,191,HErrn,HERRN,name:Luther-divine-capitalization
Exod.12.12,211,215,211,215,HErr,HERR,name:Luther-divine-capitalization
Exod.12.14,67,72,67,72,HErrn,HERRN,name:Luther-divine-capitalization
Exod.12.23,9,13,9,13,HErr,HERR,name:Luther-divine-capitalization
Exod.12.25,45,49,45,49,HErr,HERR,name:Luther-divine-capitalization
Exod.12.27,44,49,44,49,HErrn,HERRN,name:Luther-divine-capitalization
Exod.12.28,52,56,52,56,HErr,HERR,name:Luther-divine-capitalization
Exod.12.29,31,35,31,35,HErr,HERR,name:Luther-divine-capitalization
Exod.12.31,156,161,156,161,HErrn,HERRN,name:Luther-divine-capitalization
Exod.12.36,15,19,15,19,HErr,HERR,name:Luther-divine-capitalization
Exod.12.41,47,52,47,52,HErrn,HERRN,name:Luther-divine-capitalization
Exod.12.42,27,32,27,32,HErrn,HERRN,name:Luther-divine-capitalization
Exod.12.42,121,126,121,126,HErrn,HERRN,name:Luther-divine-capitalization
Exod.12.43,8,12,8,12,HErr,HERR,name:Luther-divine-capitalization
Exod.12.48,44,49,44,49,HErrn,HERRN,name:Luther-divine-capitalization
Exod.12.50,38,42,38,42,HErr,HERR,name:Luther-divine-capitalization
Exod.12.51,16,20,16,20,HErr,HERR,name:Luther-divine-capitalization
Exod.13.1,8,12,8,12,HErr,HERR,name:Luther-divine-capitalization
Exod.13.3,118,122,118,122,HErr,HERR,name:Luther-divine-capitalization
Exod.13.5,18,22,18,22,HErr,HERR,name:Luther-divine-capitalization
Exod.13.6,77,82,77,82,HErrn,HERRN,name:Luther-divine-capitalization
Exod.13.8,93,97,93,97,HErr,HERR,name:Luther-divine-capitalization
Exod.13.9,96,101,96,101,HErrn,HERRN,name:Luther-divine-capitalization
Exod.13.9,139,143,139,143,HErr,HERR,name:Luther-divine-capitalization
Exod.13.11,18,22,18,22,HErr,HERR,name:Luther-divine-capitalization
Exod.13.12,28,33,28,33,HErrn,HERRN,name:Luther-divine-capitalization
Exod.13.14,93,97,93,97,HErr,HERR,name:Luther-divine-capitalization
Exod.13.15,55,59,55,59,HErr,HERR,name:Luther-divine-capitalization
Exod.13.15,177,182,177,182,HErrn,HERRN,name:Luther-divine-capitalization
Exod.13.16,92,96,92,96,HErr,HERR,name:Luther-divine-capitalization
Exod.13.21,8,12,8,12,HErr,HERR,name:Luther-divine-capitalization
Exod.14.1,8,12,8,12,HErr,HERR,name:Luther-divine-capitalization
Exod.14.4,167,171,167,171,HErr,HERR,name:Luther-divine-capitalization
Exod.14.8,9,13,9,13,HErr,HERR,name:Luther-divine-capitalization
Exod.14.10,168,173,168,173,HErrn,HERRN,name:Luther-divine-capitalization
Exod.14.13,90,94,90,94,HErr,HERR,name:Luther-divine-capitalization
Exod.14.14,4,8,4,8,HErr,HERR,name:Luther-divine-capitalization
Exod.14.15,4,8,4,8,HErr,HERR,name:Luther-divine-capitalization
Exod.14.18,48,52,48,52,HErr,HERR,name:Luther-divine-capitalization
Exod.14.21,57,61,57,61,HErr,HERR,name:Luther-divine-capitalization
Exod.14.24,41,45,41,45,HErr,HERR,name:Luther-divine-capitalization
Exod.14.25,122,126,122,126,HErr,HERR,name:Luther-divine-capitalization
Exod.14.26,9,13,9,13,HErr,HERR,name:Luther-divine-capitalization
Exod.14.27,156,160,156,160,HErr,HERR,name:Luther-divine-capitalization
Exod.14.30,14,18,14,18,HErr,HERR,name:Luther-divine-capitalization
Exod.14.31,28,32,28,32,HErr,HERR,name:Luther-divine-capitalization
Exod.14.31,91,96,91,96,HErrn,HERRN,name:Luther-divine-capitalization
Exod.15.1,49,54,49,54,HErrn,HERRN,name:Luther-divine-capitalization
Exod.15.1,82,87,82,87,HErrn,HERRN,name:Luther-divine-capitalization
Exod.15.2,4,8,4,8,HErr,HERR,name:Luther-divine-capitalization
Exod.15.3,4,8,4,8,HErr,HERR,name:Luther-divine-capitalization
Exod.15.3,36,40,36,40,HErr,HERR,name:Luther-divine-capitalization
Exod.15.6,0,4,0,4,HErr,HERR,name:Luther-divine-capitalization
Exod.15.6,42,46,42,46,HErr,HERR,name:Luther-divine-capitalization
Exod.15.11,0,4,0,4,HErr,HERR,name:Luther-divine-capitalization
Exod.15.16,115,119,115,119,HErr,HERR,name:Luther-divine-capitalization
Exod.15.17,79,83,79,83,HErr,HERR,name:Luther-divine-capitalization
Exod.15.17,136,140,136,140,HErr,HERR,name:Luther-divine-capitalization
Exod.15.18,4,8,4,8,HErr,HERR,name:Luther-divine-capitalization
Exod.15.19,74,78,74,78,HErr,HERR,name:Luther-divine-capitalization
Exod.15.20,84,90,84,90,Weiber,Frauen,word:Weib-Frau
Exod.15.21,41,46,41,46,HErrn,HERRN,name:Luther-divine-capitalization
Exod.15.25,17,22,17,22,HErrn,HERRN,name:Luther-divine-capitalization
Exod.15.25,32,36,32,36,HErr,HERR,name:Luther-divine-capitalization
Exod.15.26,36,41,36,41,HErrn,HERRN,name:Luther-divine-capitalization
Exod.15.26,264,268,264,268,HErr,HERR,name:Luther-divine-capitalization
Exod.16.3,68,73,68,73,HErrn,HERRN,name:Luther-divine-capitalization
Exod.16.4,14,18,14,18,HErr,HERR,name:Luther-divine-capitalization
Exod.16.6,94,98,94,98,HErr,HERR,name:Luther-divine-capitalization
Exod.16.7,31,36,31,36,HErrn,HERRN,name:Luther-divine-capitalization
Exod.16.7,91,96,91,96,HErrn,HERRN,name:Luther-divine-capitalization
Exod.16.8,24,28,24,28,HErr,HERR,name:Luther-divine-capitalization
Exod.16.8,117,121,117,121,HErr,HERR,name:Luther-divine-capitalization
Exod.16.8,248,253,248,253,HErrn,HERRN,name:Luther-divine-capitalization
Exod.16.9,91,96,91,96,HErrn,HERRN,name:Luther-divine-capitalization
Exod.16.10,133,138,133,138,HErrn,HERRN,name:Luther-divine-capitalization
Exod.16.11,8,12,8,12,HErr,HERR,name:Luther-divine-capitalization
Exod.16.12,164,168,164,168,HErr,HERR,name:Luther-divine-capitalization
Exod.16.15,183,187,183,187,HErr,HERR,name:Luther-divine-capitalization
Exod.16.16,24,28,24,28,HErr,HERR,name:Luther-divine-capitalization
Exod.16.23,43,47,43,47,HErr,HERR,name:Luther-divine-capitalization
Exod.16.23,104,109,104,109,HErrn,HERRN,name:Luther-divine-capitalization
Exod.16.25,66,71,66,71,HErrn,HERRN,name:Luther-divine-capitalization
Exod.16.28,14,18,14,18,HErr,HERR,name:Luther-divine-capitalization
Exod.16.29,11,15,11,15,HErr,HERR,name:Luther-divine-capitalization
Exod.16.32,36,40,36,40,HErr,HERR,name:Luther-divine-capitalization
Exod.16.33,97,102,97,102,HErrn,HERRN,name:Luther-divine-capitalization
Exod.16.34,8,12,8,12,HErr,HERR,name:Luther-divine-capitalization
Exod.17.1,94,98,94,98,HErr,HERR,name:Luther-divine-capitalization
Exod.17.2,142,147,142,147,HErrn,HERRN,name:Luther-divine-capitalization
Exod.17.4,16,21,16,21,HErrn,HERRN,name:Luther-divine-capitalization
Exod.17.5,4,8,4,8,HErr,HERR,name:Luther-divine-capitalization
Exod.17.7,93,98,93,98,HErrn,HERRN,name:Luther-divine-capitalization
Exod.17.7,135,139,135,139,HErr,HERR,name:Luther-divine-capitalization
Exod.17.14,8,12,8,12,HErr,HERR,name:Luther-divine-capitalization
Exod.17.15,45,49,45,49,HErr,HERR,name:Luther-divine-capitalization
Exod.17.16,56,61,56,61,HErrn,HERRN,name:Luther-divine-capitalization
Exod.17.16,72,76,72,76,HErr,HERR,name:Luther-divine-capitalization
Exod.18.1,137,141,137,141,HErr,HERR,name:Luther-divine-capitalization
Exod.18.2,23,27,23,27,Weib,Frau,word:Weib-Frau
Exod.18.5,57,61,57,62,sein,seine,grammar:Frau-determiner
Exod.18.5,62,66,63,67,Weib,Frau,word:Weib-Frau
Exod.18.6,78,82,78,83,dein,deine,grammar:Frau-determiner
Exod.18.6,83,87,84,88,Weib,Frau,word:Weib-Frau
Exod.18.8,54,58,54,58,HErr,HERR,name:Luther-divine-capitalization
Exod.18.8,190,194,190,194,HErr,HERR,name:Luther-divine-capitalization
Exod.18.9,47,51,47,51,HErr,HERR,name:Luther-divine-capitalization
Exod.18.10,34,38,34,38,HErr,HERR,name:Luther-divine-capitalization
Exod.18.11,23,27,23,27,HErr,HERR,name:Luther-divine-capitalization
Exod.19.3,39,43,39,43,HErr,HERR,name:Luther-divine-capitalization
Exod.19.7,89,93,89,93,HErr,HERR,name:Luther-divine-capitalization
Exod.19.8,62,66,62,66,HErr,HERR,name:Luther-divine-capitalization
Exod.19.8,135,140,135,140,HErrn,HERRN,name:Luther-divine-capitalization
Exod.19.9,8,12,8,12,HErr,HERR,name:Luther-divine-capitalization
Exod.19.9,185,190,185,190,HErrn,HERRN,name:Luther-divine-capitalization
Exod.19.10,8,12,8,12,HErr,HERR,name:Luther-divine-capitalization
Exod.19.11,68,72,68,72,HErr,HERR,name:Luther-divine-capitalization
Exod.19.15,78,81,78,81,zum,zur,grammar:Frau-determiner
Exod.19.15,82,87,82,86,Weibe,Frau,word:Weib-Frau
Exod.19.18,50,54,50,54,HErr,HERR,name:Luther-divine-capitalization
Exod.19.20,12,16,12,16,HErr,HERR,name:Luther-divine-capitalization
Exod.19.21,14,18,14,18,HErr,HERR,name:Luther-divine-capitalization
Exod.19.21,93,98,93,98,HErrn,HERRN,name:Luther-divine-capitalization
Exod.19.22,27,32,27,32,HErrn,HERRN,name:Luther-divine-capitalization
Exod.19.22,75,79,75,79,HErr,HERR,name:Luther-divine-capitalization
Exod.19.23,21,26,21,26,HErrn,HERRN,name:Luther-divine-capitalization
Exod.19.24,8,12,8,12,HErr,HERR,name:Luther-divine-capitalization
Exod.19.24,182,187,182,187,HErrn,HERRN,name:Luther-divine-capitalization
Exod.20.2,12,16,12,16,HErr,HERR,name:Luther-divine-capitalization
Exod.20.5,55,59,55,59,HErr,HERR,name:Luther-divine-capitalization
Exod.20.7,24,29,24,29,HErrn,HERRN,name:Luther-divine-capitalization
Exod.20.7,75,79,75,79,HErr,HERR,name:Luther-divine-capitalization
Exod.20.10,42,47,42,47,HErrn,HERRN,name:Luther-divine-capitalization
Exod.20.11,28,32,28,32,HErr,HERR,name:Luther-divine-capitalization
Exod.20.11,146,150,146,150,HErr,HERR,name:Luther-divine-capitalization
Exod.20.12,99,103,99,103,HErr,HERR,name:Luther-divine-capitalization
Exod.20.17,90,96,90,94,Weibes,Frau,word:Weib-Frau
Exod.20.22,8,12,8,12,HErr,HERR,name:Luther-divine-capitalization
Exod.21.3,12,16,12,16,Weib,Frau,word:Weib-Frau
Exod.21.3,48,52,48,52,Weib,Frau,word:Weib-Frau
Exod.21.3,79,83,79,83,Weib,Frau,word:Weib-Frau
Exod.21.3,102,106,102,107,sein,seine,grammar:Frau-determiner
Exod.21.3,107,111,108,112,Weib,Frau,word:Weib-Frau
Exod.21.4,23,26,23,27,ein,eine,grammar:Frau-determiner
Exod.21.4,27,31,28,32,Weib,Frau,word:Weib-Frau
Exod.21.4,88,91,89,92,das,die,grammar:Frau-determiner
Exod.21.4,92,96,93,97,Weib,Frau,word:Weib-Frau
Exod.21.4,149,153,150,154,Weib,Frau,word:Weib-Frau
Exod.21.5,57,61,57,62,mein,meine,grammar:Frau-determiner
Exod.21.5,62,66,63,67,Weib,Frau,word:Weib-Frau
Exod.21.22,33,36,33,37,ein,eine,grammar:Frau-determiner
Exod.21.22,37,48,38,48,schwangeres,schwangere,grammar:Frau-adjective
Exod.21.22,49,53,49,53,Weib,Frau,word:Weib-Frau
Exod.21.22,148,155,148,156,wieviel,wie viel,orthography:wordlist
Exod.21.22,156,159,157,160,des,der,grammar:Frau-determiner
Exod.21.22,160,166,161,165,Weibes,Frau,word:Weib-Frau
Exod.21.28,31,34,31,35,ein,eine,grammar:Frau-determiner
Exod.21.28,35,39,36,40,Weib,Frau,word:Weib-Frau
Exod.21.29,139,142,139,143,ein,eine,grammar:Frau-determiner
Exod.21.29,143,147,144,148,Weib,Frau,word:Weib-Frau
Exod.22.10,48,53,48,53,HErrn,HERRN,name:Luther-divine-capitalization
Exod.22.15,127,130,127,130,zum,zur,grammar:Frau-determiner
Exod.22.15,131,136,131,135,Weibe,Frau,word:Weib-Frau
Exod.22.16,70,77,70,78,wieviel,wie viel,orthography:wordlist
Exod.22.19,37,42,37,42,HErrn,HERRN,name:Luther-divine-capitalization
Exod.22.23,73,79,73,79,Weiber,Frauen,word:Weib-Frau
Exod.23.17,41,46,41,46,HErrn,HERRN,name:Luther-divine-capitalization
Exod.23.19,87,92,87,92,HErrn,HERRN,name:Luther-divine-capitalization
Exod.23.25,9,14,9,14,HErrn,HERRN,name:Luther-divine-capitalization
Exod.24.1,40,45,40,45,HErrn,HERRN,name:Luther-divine-capitalization
Exod.24.2,31,36,31,36,HErrn,HERRN,name:Luther-divine-capitalization
Exod.24.3,46,51,46,51,HErrn,HERRN,name:Luther-divine-capitalization
Exod.24.3,145,149,145,149,HErr,HERR,name:Luther-divine-capitalization
Exod.24.4,31,36,31,36,HErrn,HERRN,name:Luther-divine-capitalization
Exod.24.5,103,108,103,108,HErrn,HERRN,name:Luther-divine-capitalization
Exod.24.7,102,106,102,106,HErr,HERR,name:Luther-divine-capitalization
Exod.24.8,104,108,104,108,HErr,HERR,name:Luther-divine-capitalization
Exod.24.12,8,12,8,12,HErr,HERR,name:Luther-divine-capitalization
Exod.24.16,25,30,25,30,HErrn,HERRN,name:Luther-divine-capitalization
Exod.24.17,37,42,37,42,HErrn,HERRN,name:Luther-divine-capitalization
Exod.25.1,8,12,8,12,HErr,HERR,name:Luther-divine-capitalization
Exod.27.21,157,162,157,162,HErrn,HERRN,name:Luther-divine-capitalization
Exod.28.12,183,188,183,188,HErrn,HERRN,name:Luther-divine-capitalization
Exod.28.29,139,144,139,144,HErrn,HERRN,name:Luther-divine-capitalization
Exod.28.30,111,116,111,116,HErrn,HERRN,name:Luther-divine-capitalization
Exod.28.30,184,189,184,189,HErrn,HERRN,name:Luther-divine-capitalization
Exod.28.35,119,124,119,124,HErrn,HERRN,name:Luther-divine-capitalization
Exod.28.36,116,121,116,121,HErrn,HERRN,name:Luther-divine-capitalization
Exod.28.38,206,211,206,211,HErrn,HERRN,name:Luther-divine-capitalization
Exod.29.11,44,49,44,49,HErrn,HERRN,name:Luther-divine-capitalization
Exod.29.18,62,67,62,67,HErrn,HERRN,name:Luther-divine-capitalization
Exod.29.18,116,121,116,121,HErrn,HERRN,name:Luther-divine-capitalization
Exod.29.23,99,104,99,104,HErrn,HERRN,name:Luther-divine-capitalization
Exod.29.24,72,77,72,77,HErrn,HERRN,name:Luther-divine-capitalization
Exod.29.25,106,111,106,111,HErrn,HERRN,name:Luther-divine-capitalization
Exod.29.25,140,145,140,145,HErrn,HERRN,name:Luther-divine-capitalization
Exod.29.26,81,86,81,86,HErrn,HERRN,name:Luther-divine-capitalization
Exod.29.28,194,199,194,199,HErrn,HERRN,name:Luther-divine-capitalization
Exod.29.41,129,134,129,134,HErrn,HERRN,name:Luther-divine-capitalization
Exod.29.42,95,100,95,100,HErrn,HERRN,name:Luther-divine-capitalization
Exod.29.46,36,40,36,40,HErr,HERR,name:Luther-divine-capitalization
Exod.29.46,121,125,121,125,HErr,HERR,name:Luther-divine-capitalization
Exod.30.8,139,144,139,144,HErrn,HERRN,name:Luther-divine-capitalization
Exod.30.10,191,196,191,196,HErrn,HERRN,name:Luther-divine-capitalization
Exod.30.11,8,12,8,12,HErr,HERR,name:Luther-divine-capitalization
Exod.30.12,72,77,72,77,HErrn,HERRN,name:Luther-divine-capitalization
Exod.30.13,182,187,182,187,HErrn,HERRN,name:Luther-divine-capitalization
Exod.30.14,75,80,75,80,HErrn,HERRN,name:Luther-divine-capitalization
Exod.30.15,99,104,99,104,HErrn,HERRN,name:Luther-divine-capitalization
Exod.30.16,173,178,173,178,HErrn,HERRN,name:Luther-divine-capitalization
Exod.30.17,8,12,8,12,HErr,HERR,name:Luther-divine-capitalization
Exod.30.20,97,102,97,102,HErrn,HERRN,name:Luther-divine-capitalization
Exod.30.22,8,12,8,12,HErr,HERR,name:Luther-divine-capitalization
Exod.30.34,8,12,8,12,HErr,HERR,name:Luther-divine-capitalization
Exod.30.37,91,96,91,96,HErrn,HERRN,name:Luther-divine-capitalization
Exod.31.1,8,12,8,12,HErr,HERR,name:Luther-divine-capitalization
Exod.31.12,8,12,8,12,HErr,HERR,name:Luther-divine-capitalization
Exod.31.13,161,165,161,165,HErr,HERR,name:Luther-divine-capitalization
Exod.31.15,85,90,85,90,HErrn,HERRN,name:Luther-divine-capitalization
Exod.31.17,94,98,94,98,HErr,HERR,name:Luther-divine-capitalization
Exod.31.18,11,15,11,15,HErr,HERR,name:Luther-divine-capitalization
Exod.32.2,76,82,76,82,Weiber,Frauen,word:Weib-Frau
Exod.32.5,92,97,92,97,HErrn,HERRN,name:Luther-divine-capitalization
Exod.32.7,4,8,4,8,HErr,HERR,name:Luther-divine-capitalization
Exod.32.9,8,12,8,12,HErr,HERR,name:Luther-divine-capitalization
Exod.32.11,25,30,25,30,HErrn,HERRN,name:Luther-divine-capitalization
Exod.32.11,61,65,61,65,HErr,HERR,name:Luther-divine-capitalization
Exod.32.14,17,22,17,22,HErrn,HERRN,name:Luther-divine-capitalization
Exod.32.26,62,67,62,67,HErrn,HERRN,name:Luther-divine-capitalization
Exod.32.27,39,43,39,43,HErr,HERR,name:Luther-divine-capitalization
Exod.32.29,44,49,44,49,HErrn,HERRN,name:Luther-divine-capitalization
Exod.32.30,101,106,101,106,HErrn,HERRN,name:Luther-divine-capitalization
Exod.32.31,24,29,24,29,HErrn,HERRN,name:Luther-divine-capitalization
Exod.32.33,4,8,4,8,HErr,HERR,name:Luther-divine-capitalization
Exod.32.35,17,21,17,21,HErr,HERR,name:Luther-divine-capitalization
Exod.33.1,4,8,4,8,HErr,HERR,name:Luther-divine-capitalization
Exod.33.5,8,12,8,12,HErr,HERR,name:Luther-divine-capitalization
Exod.33.7,122,127,122,127,HErrn,HERRN,name:Luther-divine-capitalization
Exod.33.11,4,8,4,8,HErr,HERR,name:Luther-divine-capitalization
Exod.33.12,23,28,23,28,HErrn,HERRN,name:Luther-divine-capitalization
Exod.33.17,4,8,4,8,HErr,HERR,name:Luther-divine-capitalization
Exod.33.19,103,108,103,108,HErrn,HERRN,name:Luther-divine-capitalization
Exod.33.21,8,12,8,12,HErr,HERR,name:Luther-divine-capitalization
Exod.34.1,8,12,8,12,HErr,HERR,name:Luther-divine-capitalization
Exod.34.4,132,136,132,136,HErr,HERR,name:Luther-divine-capitalization
Exod.34.5,11,15,11,15,HErr,HERR,name:Luther-divine-capitalization
Exod.34.5,83,88,83,88,HErrn,HERRN,name:Luther-divine-capitalization
Exod.34.6,8,12,8,12,HErr,HERR,name:Luther-divine-capitalization
Exod.34.6,57,61,57,61,HErr,HERR,name:Luther-divine-capitalization
Exod.34.6,63,67,63,67,HErr,HERR,name:Luther-divine-capitalization
Exod.34.9,22,26,22,26,HErr,HERR,name:Luther-divine-capitalization
Exod.34.9,73,77,73,77,HErr,HERR,name:Luther-divine-capitalization
Exod.34.10,216,221,216,221,HErrn,HERRN,name:Luther-divine-capitalization
Exod.34.14,53,57,53,57,HErr,HERR,name:Luther-divine-capitalization
Exod.34.16,50,57,50,56,Weibern,Frauen,word:Weib-Frau
Exod.34.23,80,85,80,85,HErrn,HERRN,name:Luther-divine-capitalization
Exod.34.24,171,176,171,176,HErrn,HERRN,name:Luther-divine-capitalization
Exod.34.26,78,83,78,83,HErrn,HERRN,name:Luther-divine-capitalization
Exod.34.27,8,12,8,12,HErr,HERR,name:Luther-divine-capitalization
Exod.34.28,25,30,25,30,HErrn,HERRN,name:Luther-divine-capitalization
Exod.34.32,76,80,76,80,HErr,HERR,name:Luther-divine-capitalization
Exod.34.34,31,36,31,36,HErrn,HERRN,name:Luther-divine-capitalization
Exod.35.1,98,102,98,102,HErr,HERR,name:Luther-divine-capitalization
Exod.35.2,108,113,108,113,HErrn,HERRN,name:Luther-divine-capitalization
Exod.35.4,77,81,77,81,HErr,HERR,name:Luther-divine-capitalization
Exod.35.5,29,34,29,34,HErrn,HERRN,name:Luther-divine-capitalization
Exod.35.5,63,68,63,68,HErrn,HERRN,name:Luther-divine-capitalization
Exod.35.10,64,68,64,68,HErr,HERR,name:Luther-divine-capitalization
Exod.35.21,76,81,76,81,HErrn,HERRN,name:Luther-divine-capitalization
Exod.35.22,33,37,33,37,Weib,Frau,word:Weib-Frau
Exod.35.22,172,177,172,177,HErrn,HERRN,name:Luther-divine-capitalization
Exod.35.24,56,61,56,61,HErrn,HERRN,name:Luther-divine-capitalization
Exod.35.25,23,29,23,29,Weiber,Frauen,word:Weib-Frau
Exod.35.26,11,17,11,17,Weiber,Frauen,word:Weib-Frau
Exod.35.29,56,60,56,60,Weib,Frau,word:Weib-Frau
Exod.35.29,88,92,88,92,HErr,HERR,name:Luther-divine-capitalization
Exod.35.30,50,54,50,54,HErr,HERR,name:Luther-divine-capitalization
Exod.36.1,69,73,69,73,HErr,HERR,name:Luther-divine-capitalization
Exod.36.1,206,210,206,210,HErr,HERR,name:Luther-divine-capitalization
Exod.36.2,75,79,75,79,HErr,HERR,name:Luther-divine-capitalization
Exod.36.5,99,103,99,103,HErr,HERR,name:Luther-divine-capitalization
Exod.38.8,77,83,77,83,Weiber,Frauen,word:Weib-Frau
Exod.38.22,81,85,81,85,HErr,HERR,name:Luther-divine-capitalization
Exod.39.1,118,122,118,122,HErr,HERR,name:Luther-divine-capitalization
Exod.39.5,135,139,135,139,HErr,HERR,name:Luther-divine-capitalization
Exod.39.7,120,124,120,124,HErr,HERR,name:Luther-divine-capitalization
Exod.39.21,195,199,195,199,HErr,HERR,name:Luther-divine-capitalization
Exod.39.26,80,84,80,84,HErr,HERR,name:Luther-divine-capitalization
Exod.39.29,105,109,105,109,HErr,HERR,name:Luther-divine-capitalization
Exod.39.30,107,112,107,112,HErrn,HERRN,name:Luther-divine-capitalization
Exod.39.31,92,96,92,96,HErr,HERR,name:Luther-divine-capitalization
Exod.39.32,112,116,112,116,HErr,HERR,name:Luther-divine-capitalization
Exod.39.42,15,19,15,19,HErr,HERR,name:Luther-divine-capitalization
Exod.39.43,73,77,73,77,HErr,HERR,name:Luther-divine-capitalization
Exod.40.1,8,12,8,12,HErr,HERR,name:Luther-divine-capitalization
Exod.40.16,32,36,32,36,HErr,HERR,name:Luther-divine-capitalization
Exod.40.19,94,98,94,98,HErr,HERR,name:Luther-divine-capitalization
Exod.40.21,98,102,98,102,HErr,HERR,name:Luther-divine-capitalization
Exod.40.23,36,41,36,41,HErrn,HERRN,name:Luther-divine-capitalization
Exod.40.23,55,59,55,59,HErr,HERR,name:Luther-divine-capitalization
Exod.40.25,30,35,30,35,HErrn,HERRN,name:Luther-divine-capitalization
Exod.40.25,49,53,49,53,HErr,HERR,name:Luther-divine-capitalization
Exod.40.27,54,58,54,58,HErr,HERR,name:Luther-divine-capitalization
Exod.40.29,138,142,138,142,HErr,HERR,name:Luther-divine-capitalization
Exod.40.32,109,113,109,113,HErr,HERR,name:Luther-divine-capitalization
Exod.40.34,69,74,69,74,HErrn,HERRN,name:Luther-divine-capitalization
Exod.40.35,106,111,106,111,HErrn,HERRN,name:Luther-divine-capitalization
Exod.40.38,19,24,19,24,HErrn,HERRN,name:Luther-divine-capitalization
Lev.1.1,8,12,8,12,HErr,HERR,name:Luther-divine-capitalization
Lev.1.2,72,77,72,77,HErrn,HERRN,name:Luther-divine-capitalization
Lev.1.3,132,137,132,137,HErrn,HERRN,name:Luther-divine-capitalization
Lev.1.5,46,51,46,51,HErrn,HERRN,name:Luther-divine-capitalization
Lev.1.9,176,181,176,181,HErrn,HERRN,name:Luther-divine-capitalization
Lev.1.11,70,75,70,75,HErrn,HERRN,name:Luther-divine-capitalization
Lev.1.13,186,191,186,191,HErrn,HERRN,name:Luther-divine-capitalization
Lev.1.14,28,33,28,33,HErrn,HERRN,name:Luther-divine-capitalization
Lev.1.17,189,194,189,194,HErrn,HERRN,name:Luther-divine-capitalization
Lev.2.1,20,25,20,25,HErrn,HERRN,name:Luther-divine-capitalization
Lev.2.2,234,239,234,239,HErrn,HERRN,name:Luther-divine-capitalization
Lev.2.3,116,121,116,121,HErrn,HERRN,name:Luther-divine-capitalization
Lev.2.8,67,72,67,72,HErrn,HERRN,name:Luther-divine-capitalization
Lev.2.9,121,126,121,126,HErrn,HERRN,name:Luther-divine-capitalization
Lev.2.10,101,106,101,106,HErrn,HERRN,name:Luther-divine-capitalization
Lev.2.11,29,34,29,34,HErrn,HERRN,name:Luther-divine-capitalization
Lev.2.11,122,127,122,127,HErrn,HERRN,name:Luther-divine-capitalization
Lev.2.12,39,44,39,44,HErrn,HERRN,name:Luther-divine-capitalization
Lev.2.14,34,39,34,39,HErrn,HERRN,name:Luther-divine-capitalization
Lev.2.16,136,141,136,141,HErrn,HERRN,name:Luther-divine-capitalization
Lev.3.1,107,112,107,112,HErrn,HERRN,name:Luther-divine-capitalization
Lev.3.3,34,39,34,39,HErrn,HERRN,name:Luther-divine-capitalization
Lev.3.5,143,148,143,148,HErrn,HERRN,name:Luther-divine-capitalization
Lev.3.6,17,22,17,22,HErrn,HERRN,name:Luther-divine-capitalization
Lev.3.7,38,43,38,43,HErrn,HERRN,name:Luther-divine-capitalization
Lev.3.9,39,44,39,44,HErrn,HERRN,name:Luther-divine-capitalization
Lev.3.11,74,79,74,79,HErrn,HERRN,name:Luther-divine-capitalization
Lev.3.12,56,61,56,61,HErrn,HERRN,name:Luther-divine-capitalization
Lev.3.14,39,44,39,44,HErrn,HERRN,name:Luther-divine-capitalization
Lev.3.16,106,111,106,111,HErrn,HERRN,name:Luther-divine-capitalization
Lev.4.1,8,12,8,12,HErr,HERR,name:Luther-divine-capitalization
Lev.4.2,109,114,109,114,HErrn,HERRN,name:Luther-divine-capitalization
Lev.4.3,196,201,196,201,HErrn,HERRN,name:Luther-divine-capitalization
Lev.4.4,69,74,69,74,HErrn,HERRN,name:Luther-divine-capitalization
Lev.4.4,143,148,143,148,HErrn,HERRN,name:Luther-divine-capitalization
Lev.4.6,80,85,80,85,HErrn,HERRN,name:Luther-divine-capitalization
Lev.4.7,72,77,72,77,HErrn,HERRN,name:Luther-divine-capitalization
Lev.4.13,131,136,131,136,HErrn,HERRN,name:Luther-divine-capitalization
Lev.4.15,81,86,81,86,HErrn,HERRN,name:Luther-divine-capitalization
Lev.4.15,121,126,121,126,HErrn,HERRN,name:Luther-divine-capitalization
Lev.4.17,67,72,67,72,HErrn,HERRN,name:Luther-divine-capitalization
Lev.4.18,65,70,65,70,HErrn,HERRN,name:Luther-divine-capitalization
Lev.4.22,57,62,57,62,HErrn,HERRN,name:Luther-divine-capitalization
Lev.4.24,117,122,117,122,HErrn,HERRN,name:Luther-divine-capitalization
Lev.4.27,109,114,109,114,HErrn,HERRN,name:Luther-divine-capitalization
Lev.4.31,139,144,139,144,HErrn,HERRN,name:Luther-divine-capitalization
Lev.4.35,142,147,142,147,HErrn,HERRN,name:Luther-divine-capitalization
Lev.5.6,71,76,71,76,HErrn,HERRN,name:Luther-divine-capitalization
Lev.5.7,49,54,49,54,HErrn,HERRN,name:Luther-divine-capitalization
Lev.5.12,139,144,139,144,HErrn,HERRN,name:Luther-divine-capitalization
Lev.5.14,8,12,8,12,HErr,HERR,name:Luther-divine-capitalization
Lev.5.15,84,89,84,89,HErrn,HERRN,name:Luther-divine-capitalization
Lev.5.15,131,136,131,136,HErrn,HERRN,name:Luther-divine-capitalization
Lev.5.17,54,59,54,59,HErrn,HERRN,name:Luther-divine-capitalization
Lev.5.19,56,61,56,61,HErrn,HERRN,name:Luther-divine-capitalization
Lev.5.20,8,12,8,12,HErr,HERR,name:Luther-divine-capitalization
Lev.5.21,49,54,49,54,HErrn,HERRN,name:Luther-divine-capitalization
Lev.5.25,34,39,34,39,HErrn,HERRN,name:Luther-divine-capitalization
Lev.5.26,43,48,43,48,HErrn,HERRN,name:Luther-divine-capitalization
Lev.6.1,8,12,8,12,HErr,HERR,name:Luther-divine-capitalization
Lev.6.7,79,84,79,84,HErrn,HERRN,name:Luther-divine-capitalization
Lev.6.8,200,205,200,205,HErrn,HERRN,name:Luther-divine-capitalization
Lev.6.11,123,128,123,128,HErrn,HERRN,name:Luther-divine-capitalization
Lev.6.12,8,12,8,12,HErr,HERR,name:Luther-divine-capitalization
Lev.6.13,61,66,61,66,HErrn,HERRN,name:Luther-divine-capitalization
Lev.6.14,136,141,136,141,HErrn,HERRN,name:Luther-divine-capitalization
Lev.6.15,128,133,128,133,HErrn,HERRN,name:Luther-divine-capitalization
Lev.6.17,8,12,8,12,HErr,HERR,name:Luther-divine-capitalization
Lev.6.18,174,179,174,179,HErrn,HERRN,name:Luther-divine-capitalization
Lev.7.5,61,66,61,66,HErrn,HERRN,name:Luther-divine-capitalization
Lev.7.11,52,57,52,57,HErrn,HERRN,name:Luther-divine-capitalization
Lev.7.14,35,40,35,40,HErrn,HERRN,name:Luther-divine-capitalization
Lev.7.20,68,73,68,73,HErrn,HERRN,name:Luther-divine-capitalization
Lev.7.21,164,169,164,169,HErrn,HERRN,name:Luther-divine-capitalization
Lev.7.22,8,12,8,12,HErr,HERR,name:Luther-divine-capitalization
Lev.7.25,51,56,51,56,HErrn,HERRN,name:Luther-divine-capitalization
Lev.7.28,8,12,8,12,HErr,HERR,name:Luther-divine-capitalization
Lev.7.29,48,53,48,53,HErrn,HERRN,name:Luther-divine-capitalization
Lev.7.29,122,127,122,127,HErrn,HERRN,name:Luther-divine-capitalization
Lev.7.30,58,63,58,63,HErrn,HERRN,name:Luther-divine-capitalization
Lev.7.30,152,157,152,157,HErrn,HERRN,name:Luther-divine-capitalization
Lev.7.35,63,68,63,68,HErrn,HERRN,name:Luther-divine-capitalization
Lev.7.35,131,136,131,136,HErrn,HERRN,name:Luther-divine-capitalization
Lev.7.36,8,12,8,12,HErr,HERR,name:Luther-divine-capitalization
Lev.7.38,8,12,8,12,HErr,HERR,name:Luther-divine-capitalization
Lev.7.38,122,127,122,127,HErrn,HERRN,name:Luther-divine-capitalization
Lev.8.1,8,12,8,12,HErr,HERR,name:Luther-divine-capitalization
Lev.8.4,22,26,22,26,HErr,HERR,name:Luther-divine-capitalization
Lev.8.5,40,44,40,44,HErr,HERR,name:Luther-divine-capitalization
Lev.8.9,127,131,127,131,HErr,HERR,name:Luther-divine-capitalization
Lev.8.13,132,136,132,136,HErr,HERR,name:Luther-divine-capitalization
Lev.8.17,109,113,109,113,HErr,HERR,name:Luther-divine-capitalization
Lev.8.21,157,162,157,162,HErrn,HERRN,name:Luther-divine-capitalization
Lev.8.21,176,180,176,180,HErr,HERR,name:Luther-divine-capitalization
Lev.8.26,57,62,57,62,HErrn,HERRN,name:Luther-divine-capitalization
Lev.8.27,94,99,94,99,HErrn,HERRN,name:Luther-divine-capitalization
Lev.8.28,149,154,149,154,HErrn,HERRN,name:Luther-divine-capitalization
Lev.8.29,56,61,56,61,HErrn,HERRN,name:Luther-divine-capitalization
Lev.8.29,135,139,135,139,HErr,HERR,name:Luther-divine-capitalization
Lev.8.34,41,45,41,45,HErr,HERR,name:Luther-divine-capitalization
Lev.8.35,111,116,111,116,HErrn,HERRN,name:Luther-divine-capitalization
Lev.8.36,47,51,47,51,HErr,HERR,name:Luther-divine-capitalization
Lev.9.2,136,141,136,141,HErrn,HERRN,name:Luther-divine-capitalization
Lev.9.4,66,71,66,71,HErrn,HERRN,name:Luther-divine-capitalization
Lev.9.4,141,145,141,145,HErr,HERR,name:Luther-divine-capitalization
Lev.9.5,129,134,129,134,HErrn,HERRN,name:Luther-divine-capitalization
Lev.9.6,35,39,35,39,HErr,HERR,name:Luther-divine-capitalization
Lev.9.6,93,98,93,98,HErrn,HERRN,name:Luther-divine-capitalization
Lev.9.7,181,185,181,185,HErr,HERR,name:Luther-divine-capitalization
Lev.9.10,106,110,106,110,HErr,HERR,name:Luther-divine-capitalization
Lev.9.21,73,78,73,78,HErrn,HERRN,name:Luther-divine-capitalization
Lev.9.21,88,92,88,92,HErr,HERR,name:Luther-divine-capitalization
Lev.9.23,139,144,139,144,HErrn,HERRN,name:Luther-divine-capitalization
Lev.9.24,31,36,31,36,HErrn,HERRN,name:Luther-divine-capitalization
Lev.10.1,159,164,159,164,HErrn,HERRN,name:Luther-divine-capitalization
Lev.10.2,30,35,30,35,HErrn,HERRN,name:Luther-divine-capitalization
Lev.10.2,80,85,80,85,HErrn,HERRN,name:Luther-divine-capitalization
Lev.10.3,44,48,44,48,HErr,HERR,name:Luther-divine-capitalization
Lev.10.6,274,278,274,278,HErr,HERR,name:Luther-divine-capitalization
Lev.10.7,105,110,105,110,HErrn,HERRN,name:Luther-divine-capitalization
Lev.10.8,4,8,4,8,HErr,HERR,name:Luther-divine-capitalization
Lev.10.11,59,63,59,63,HErr,HERR,name:Luther-divine-capitalization
Lev.10.12,147,152,147,152,HErrn,HERRN,name:Luther-divine-capitalization
Lev.10.13,108,113,108,113,HErrn,HERRN,name:Luther-divine-capitalization
Lev.10.15,127,132,127,132,HErrn,HERRN,name:Luther-divine-capitalization
Lev.10.15,195,199,195,199,HErr,HERR,name:Luther-divine-capitalization
Lev.10.17,201,206,201,206,HErrn,HERRN,name:Luther-divine-capitalization
Lev.10.19,91,96,91,96,HErrn,HERRN,name:Luther-divine-capitalization
Lev.10.19,209,214,209,214,HErrn,HERRN,name:Luther-divine-capitalization
Lev.11.1,8,12,8,12,HErr,HERR,name:Luther-divine-capitalization
Lev.11.44,17,21,17,21,HErr,HERR,name:Luther-divine-capitalization
Lev.11.45,17,21,17,21,HErr,HERR,name:Luther-divine-capitalization
Lev.12.1,8,12,8,12,HErr,HERR,name:Luther-divine-capitalization
Lev.12.2,45,48,45,49,ein,eine,grammar:Frau-determiner
Lev.12.2,49,53,50,54,Weib,Frau,word:Weib-Frau
Lev.12.7,27,32,27,32,HErrn,HERRN,name:Luther-divine-capitalization
Lev.13.1,8,12,8,12,HErr,HERR,name:Luther-divine-capitalization
Lev.13.29,19,23,19,23,Weib,Frau,word:Weib-Frau
Lev.13.38,21,25,21,25,Weib,Frau,word:Weib-Frau
Lev.14.1,8,12,8,12,HErr,HERR,name:Luther-divine-capitalization
Lev.14.11,69,74,69,74,HErrn,HERRN,name:Luther-divine-capitalization
Lev.14.12,98,103,98,103,HErrn,HERRN,name:Luther-divine-capitalization
Lev.14.16,136,141,136,141,HErrn,HERRN,name:Luther-divine-capitalization
Lev.14.18,98,103,98,103,HErrn,HERRN,name:Luther-divine-capitalization
Lev.14.23,102,107,102,107,HErrn,HERRN,name:Luther-divine-capitalization
Lev.14.24,99,104,99,104,HErrn,HERRN,name:Luther-divine-capitalization
Lev.14.27,96,101,96,101,HErrn,HERRN,name:Luther-divine-capitalization
Lev.14.29,102,107,102,107,HErrn,HERRN,name:Luther-divine-capitalization
Lev.14.31,135,140,135,140,HErrn,HERRN,name:Luther-divine-capitalization
Lev.14.33,8,12,8,12,HErr,HERR,name:Luther-divine-capitalization
Lev.15.1,8,12,8,12,HErr,HERR,name:Luther-divine-capitalization
Lev.15.14,87,92,87,92,HErrn,HERRN,name:Luther-divine-capitalization
Lev.15.15,111,116,111,116,HErrn,HERRN,name:Luther-divine-capitalization
Lev.15.18,0,3,0,4,Ein,Eine,grammar:Frau-determiner
Lev.15.18,4,8,5,9,Weib,Frau,word:Weib-Frau
Lev.15.19,5,8,5,9,ein,eine,grammar:Frau-determiner
Lev.15.19,9,13,10,14,Weib,Frau,word:Weib-Frau
Lev.15.25,10,13,10,14,ein,eine,grammar:Frau-determiner
Lev.15.25,14,18,15,19,Weib,Frau,word:Weib-Frau
Lev.15.30,112,117,112,117,HErrn,HERRN,name:Luther-divine-capitalization
Lev.15.33,81,85,81,85,Weib,Frau,word:Weib-Frau
Lev.16.1,8,12,8,12,HErr,HERR,name:Luther-divine-capitalization
Lev.16.1,92,97,92,97,HErrn,HERRN,name:Luther-divine-capitalization
Lev.16.7,46,51,46,51,HErrn,HERRN,name:Luther-divine-capitalization
Lev.16.8,57,62,57,62,HErrn,HERRN,name:Luther-divine-capitalization
Lev.16.9,35,40,35,40,HErrn,HERRN,name:Luther-divine-capitalization
Lev.16.10,78,83,78,83,HErrn,HERRN,name:Luther-divine-capitalization
Lev.16.12,60,65,60,65,HErrn,HERRN,name:Luther-divine-capitalization
Lev.16.13,41,46,41,46,HErrn,HERRN,name:Luther-divine-capitalization
Lev.16.18,46,51,46,51,HErrn,HERRN,name:Luther-divine-capitalization
Lev.16.30,126,131,126,131,HErrn,HERRN,name:Luther-divine-capitalization
Lev.16.34,137,141,137,141,HErr,HERR,name:Luther-divine-capitalization
Lev.17.1,8,12,8,12,HErr,HERR,name:Luther-divine-capitalization
Lev.17.2,94,98,94,98,HErr,HERR,name:Luther-divine-capitalization
Lev.17.4,66,71,66,71,HErrn,HERRN,name:Luther-divine-capitalization
Lev.17.4,117,122,117,122,HErrn,HERRN,name:Luther-divine-capitalization
Lev.17.5,106,111,106,111,HErrn,HERRN,name:Luther-divine-capitalization
Lev.17.5,195,200,195,200,HErrn,HERRN,name:Luther-divine-capitalization
Lev.17.6,49,54,49,54,HErrn,HERRN,name:Luther-divine-capitalization
Lev.17.6,140,145,140,145,HErrn,HERRN,name:Luther-divine-capitalization
Lev.17.9,67,72,67,72,HErrn,HERRN,name:Luther-divine-capitalization
Lev.18.1,8,12,8,12,HErr,HERR,name:Luther-divine-capitalization
Lev.18.2,61,65,61,65,HErr,HERR,name:Luther-divine-capitalization
Lev.18.4,122,126,122,126,HErr,HERR,name:Luther-divine-capitalization
Lev.18.5,133,137,133,137,HErr,HERR,name:Luther-divine-capitalization
Lev.18.6,97,101,97,101,HErr,HERR,name:Luther-divine-capitalization
Lev.18.8,24,30,24,28,Weibes,Frau,word:Weib-Frau
Lev.18.11,46,52,46,50,Weibes,Frau,word:Weib-Frau
Lev.18.14,63,67,63,68,sein,seine,grammar:Frau-determiner
Lev.18.14,68,72,69,73,Weib,Frau,word:Weib-Frau
Lev.18.15,83,87,83,87,Weib,Frau,word:Weib-Frau
Lev.18.16,25,31,25,29,Weibes,Frau,word:Weib-Frau
Lev.18.17,10,15,10,15,eines,einer,grammar:Frau-determiner
Lev.18.17,16,22,16,20,Weibes,Frau,word:Weib-Frau
Lev.18.18,15,21,15,21,deines,deiner,grammar:Frau-determiner
Lev.18.18,22,28,22,26,Weibes,Frau,word:Weib-Frau
Lev.18.19,16,19,16,19,zum,zur,grammar:Frau-determiner
Lev.18.19,20,25,20,24,Weibe,Frau,word:Weib-Frau
Lev.18.20,41,46,41,45,Weibe,Frau,word:Weib-Frau
Lev.18.21,157,161,157,161,HErr,HERR,name:Luther-divine-capitalization
Lev.18.22,38,42,38,45,beim,bei der,grammar:Frau-determiner
Lev.18.22,43,48,46,50,Weibe,Frau,word:Weib-Frau
Lev.18.23,81,85,81,86,kein,keine,grammar:Frau-determiner
Lev.18.23,86,90,87,91,Weib,Frau,word:Weib-Frau
Lev.18.30,156,160,156,160,HErr,HERR,name:Luther-divine-capitalization
Lev.19.1,8,12,8,12,HErr,HERR,name:Luther-divine-capitalization
Lev.19.2,116,120,116,120,HErr,HERR,name:Luther-divine-capitalization
Lev.19.3,94,98,94,98,HErr,HERR,name:Luther-divine-capitalization
Lev.19.4,106,110,106,110,HErr,HERR,name:Luther-divine-capitalization
Lev.19.5,17,22,17,22,HErrn,HERRN,name:Luther-divine-capitalization
Lev.19.8,74,79,74,79,HErrn,HERRN,name:Luther-divine-capitalization
Lev.19.10,163,167,163,167,HErr,HERR,name:Luther-divine-capitalization
Lev.19.12,107,111,107,111,HErr,HERR,name:Luther-divine-capitalization
Lev.19.14,147,151,147,151,HErr,HERR,name:Luther-divine-capitalization
Lev.19.16,123,127,123,127,HErr,HERR,name:Luther-divine-capitalization
Lev.19.18,147,151,147,151,HErr,HERR,name:Luther-divine-capitalization
Lev.19.20,18,23,18,23,einem,einer,grammar:Frau-determiner
Lev.19.20,24,29,24,28,Weibe,Frau,word:Weib-Frau
Lev.19.21,34,39,34,39,HErrn,HERRN,name:Luther-divine-capitalization
Lev.19.22,64,69,64,69,HErrn,HERRN,name:Luther-divine-capitalization
Lev.19.24,78,83,78,83,HErrn,HERRN,name:Luther-divine-capitalization
Lev.19.25,86,90,86,90,HErr,HERR,name:Luther-divine-capitalization
Lev.19.28,111,115,111,115,HErr,HERR,name:Luther-divine-capitalization
Lev.19.30,81,85,81,85,HErr,HERR,name:Luther-divine-capitalization
Lev.19.31,151,155,151,155,HErr,HERR,name:Luther-divine-capitalization
Lev.19.32,127,131,127,131,HErr,HERR,name:Luther-divine-capitalization
Lev.19.34,163,167,163,167,HErr,HERR,name:Luther-divine-capitalization
Lev.19.36,99,103,99,103,HErr,HERR,name:Luther-divine-capitalization
Lev.19.37,85,89,85,89,HErr,HERR,name:Luther-divine-capitalization
Lev.20.1,8,12,8,12,HErr,HERR,name:Luther-divine-capitalization
Lev.20.7,53,57,53,57,HErr,HERR,name:Luther-divine-capitalization
Lev.20.8,57,61,57,61,HErr,HERR,name:Luther-divine-capitalization
Lev.20.10,32,37,32,36,Weibe,Frau,word:Weib-Frau
Lev.20.10,137,142,136,140,Weibe,Frau,word:Weib-Frau
Lev.20.11,30,35,30,34,Weibe,Frau,word:Weib-Frau
Lev.20.13,36,40,36,43,beim,bei der,grammar:Frau-determiner
Lev.20.13,41,46,44,48,Weibe,Frau,word:Weib-Frau
Lev.20.14,12,15,12,16,ein,eine,grammar:Frau-determiner
Lev.20.14,16,20,17,21,Weib,Frau,word:Weib-Frau
Lev.20.16,5,8,5,9,ein,eine,grammar:Frau-determiner
Lev.20.16,9,13,10,14,Weib,Frau,word:Weib-Frau
Lev.20.18,14,18,14,21,beim,bei der,grammar:Frau-determiner
Lev.20.18,19,24,22,26,Weibe,Frau,word:Weib-Frau
Lev.20.20,38,43,38,42,Weibe,Frau,word:Weib-Frau
Lev.20.21,27,31,27,31,Weib,Frau,word:Weib-Frau
Lev.20.24,137,141,137,141,HErr,HERR,name:Luther-divine-capitalization
Lev.20.26,47,51,47,51,HErr,HERR,name:Luther-divine-capitalization
Lev.20.27,19,23,19,23,Weib,Frau,word:Weib-Frau
Lev.21.1,8,12,8,12,HErr,HERR,name:Luther-divine-capitalization
Lev.21.3,87,91,87,91,Weib,Frau,word:Weib-Frau
Lev.21.6,100,105,100,105,HErrn,HERRN,name:Luther-divine-capitalization
Lev.21.8,124,128,124,128,HErr,HERR,name:Luther-divine-capitalization
Lev.21.12,159,163,159,163,HErr,HERR,name:Luther-divine-capitalization
Lev.21.13,22,25,22,25,zum,zur,grammar:Frau-determiner
Lev.21.13,26,31,26,30,Weibe,Frau,word:Weib-Frau
Lev.21.14,104,107,104,107,zum,zur,grammar:Frau-determiner
Lev.21.14,108,113,108,112,Weibe,Frau,word:Weib-Frau
Lev.21.15,78,82,78,82,HErr,HERR,name:Luther-divine-capitalization
Lev.21.16,8,12,8,12,HErr,HERR,name:Luther-divine-capitalization
Lev.21.21,126,131,126,131,HErrn,HERRN,name:Luther-divine-capitalization
Lev.21.23,144,148,144,148,HErr,HERR,name:Luther-divine-capitalization
Lev.22.1,8,12,8,12,HErr,HERR,name:Luther-divine-capitalization
Lev.22.2,178,182,178,182,HErr,HERR,name:Luther-divine-capitalization
Lev.22.3,115,120,115,120,HErrn,HERRN,name:Luther-divine-capitalization
Lev.22.3,237,241,237,241,HErr,HERR,name:Luther-divine-capitalization
Lev.22.8,125,129,125,129,HErr,HERR,name:Luther-divine-capitalization
Lev.22.9,136,140,136,140,HErr,HERR,name:Luther-divine-capitalization
Lev.22.12,46,50,46,50,Weib,Frau,word:Weib-Frau
Lev.22.15,79,84,79,84,HErrn,HERRN,name:Luther-divine-capitalization
Lev.22.16,101,105,101,105,HErr,HERR,name:Luther-divine-capitalization
Lev.22.17,8,12,8,12,HErr,HERR,name:Luther-divine-capitalization
Lev.22.18,177,182,177,182,HErrn,HERRN,name:Luther-divine-capitalization
Lev.22.21,26,31,26,31,HErrn,HERRN,name:Luther-divine-capitalization
Lev.22.22,114,119,114,119,HErrn,HERRN,name:Luther-divine-capitalization
Lev.22.22,178,183,178,183,HErrn,HERRN,name:Luther-divine-capitalization
Lev.22.24,19,24,19,24,HErrn,HERRN,name:Luther-divine-capitalization
Lev.22.26,8,12,8,12,HErr,HERR,name:Luther-divine-capitalization
Lev.22.27,140,145,140,145,HErrn,HERRN,name:Luther-divine-capitalization
Lev.22.29,24,29,24,29,HErrn,HERRN,name:Luther-divine-capitalization
Lev.22.30,106,110,106,110,HErr,HERR,name:Luther-divine-capitalization
Lev.22.31,60,64,60,64,HErr,HERR,name:Luther-divine-capitalization
Lev.22.32,116,120,116,120,HErr,HERR,name:Luther-divine-capitalization
Lev.22.33,72,76,72,76,HErr,HERR,name:Luther-divine-capitalization
Lev.23.1,8,12,8,12,HErr,HERR,name:Luther-divine-capitalization
Lev.23.2,68,73,68,73,HErrn,HERRN,name:Luther-divine-capitalization
Lev.23.3,168,173,168,173,HErrn,HERRN,name:Luther-divine-capitalization
Lev.23.4,29,34,29,34,HErrn,HERRN,name:Luther-divine-capitalization
Lev.23.5,50,55,50,55,HErrn,HERRN,name:Luther-divine-capitalization
Lev.23.6,68,73,68,73,HErrn,HERRN,name:Luther-divine-capitalization
Lev.23.8,30,35,30,35,HErrn,HERRN,name:Luther-divine-capitalization
Lev.23.9,8,12,8,12,HErr,HERR,name:Luther-divine-capitalization
Lev.23.11,40,45,40,45,HErrn,HERRN,name:Luther-divine-capitalization
Lev.23.12,71,76,71,76,HErrn,HERRN,name:Luther-divine-capitalization
Lev.23.13,80,85,80,85,HErrn,HERRN,name:Luther-divine-capitalization
Lev.23.16,101,106,101,106,HErrn,HERRN,name:Luther-divine-capitalization
Lev.23.17,133,138,133,138,HErrn,HERRN,name:Luther-divine-capitalization
Lev.23.18,129,134,129,134,HErrn,HERRN,name:Luther-divine-capitalization
Lev.23.18,226,231,226,231,HErrn,HERRN,name:Luther-divine-capitalization
Lev.23.20,63,68,63,68,HErrn,HERRN,name:Luther-divine-capitalization
Lev.23.20,107,112,107,112,HErrn,HERRN,name:Luther-divine-capitalization
Lev.23.22,189,193,189,193,HErr,HERR,name:Luther-divine-capitalization
Lev.23.23,8,12,8,12,HErr,HERR,name:Luther-divine-capitalization
Lev.23.25,50,55,50,55,HErrn,HERRN,name:Luther-divine-capitalization
Lev.23.26,8,12,8,12,HErr,HERR,name:Luther-divine-capitalization
Lev.23.27,166,171,166,171,HErrn,HERRN,name:Luther-divine-capitalization
Lev.23.28,108,113,108,113,HErrn,HERRN,name:Luther-divine-capitalization
Lev.23.33,8,12,8,12,HErr,HERR,name:Luther-divine-capitalization
Lev.23.34,120,125,120,125,HErrn,HERRN,name:Luther-divine-capitalization
Lev.23.36,26,31,26,31,HErrn,HERRN,name:Luther-divine-capitalization
Lev.23.36,128,133,128,133,HErrn,HERRN,name:Luther-divine-capitalization
Lev.23.37,23,28,23,28,HErrn,HERRN,name:Luther-divine-capitalization
Lev.23.37,94,99,94,99,HErrn,HERRN,name:Luther-divine-capitalization
Lev.23.38,26,31,26,31,HErrn,HERRN,name:Luther-divine-capitalization
Lev.23.38,99,104,99,104,HErrn,HERRN,name:Luther-divine-capitalization
Lev.23.39,114,119,114,119,HErrn,HERRN,name:Luther-divine-capitalization
Lev.23.40,155,160,155,160,HErrn,HERRN,name:Luther-divine-capitalization
Lev.23.41,19,24,19,24,HErrn,HERRN,name:Luther-divine-capitalization
Lev.23.43,132,136,132,136,HErr,HERR,name:Luther-divine-capitalization
Lev.23.44,51,56,51,56,HErrn,HERRN,name:Luther-divine-capitalization
Lev.24.1,8,12,8,12,HErr,HERR,name:Luther-divine-capitalization
Lev.24.3,124,129,124,129,HErrn,HERRN,name:Luther-divine-capitalization
Lev.24.4,61,66,61,66,HErrn,HERRN,name:Luther-divine-capitalization
Lev.24.6,76,81,76,81,HErrn,HERRN,name:Luther-divine-capitalization
Lev.24.7,106,111,106,111,HErrn,HERRN,name:Luther-divine-capitalization
Lev.24.8,55,60,55,60,HErrn,HERRN,name:Luther-divine-capitalization
Lev.24.9,139,144,139,144,HErrn,HERRN,name:Luther-divine-capitalization
Lev.24.10,17,22,17,22,eines,einer,grammar:Frau-determiner
Lev.24.10,38,44,38,42,Weibes,Frau,word:Weib-Frau
Lev.24.11,27,32,27,32,HErrn,HERRN,name:Luther-divine-capitalization
Lev.24.12,74,79,74,79,HErrn,HERRN,name:Luther-divine-capitalization
Lev.24.13,8,12,8,12,HErr,HERR,name:Luther-divine-capitalization
Lev.24.16,12,17,12,17,HErrn,HERRN,name:Luther-divine-capitalization
Lev.24.22,94,98,94,98,HErr,HERR,name:Luther-divine-capitalization
Lev.24.23,146,150,146,150,HErr,HERR,name:Luther-divine-capitalization
Lev.25.1,8,12,8,12,HErr,HERR,name:Luther-divine-capitalization
Lev.25.2,138,143,138,143,HErrn,HERRN,name:Luther-divine-capitalization
Lev.25.4,62,67,62,67,HErrn,HERRN,name:Luther-divine-capitalization
Lev.25.17,99,103,99,103,HErr,HERR,name:Luther-divine-capitalization
Lev.25.38,17,21,17,21,HErr,HERR,name:Luther-divine-capitalization
Lev.25.55,93,97,93,97,HErr,HERR,name:Luther-divine-capitalization
Lev.26.1,170,174,170,174,HErr,HERR,name:Luther-divine-capitalization
Lev.26.2,73,77,73,77,HErr,HERR,name:Luther-divine-capitalization
Lev.26.13,17,21,17,21,HErr,HERR,name:Luther-divine-capitalization
Lev.26.26,61,67,61,67,Weiber,Frauen,word:Weib-Frau
Lev.26.44,219,223,219,223,HErr,HERR,name:Luther-divine-capitalization
Lev.26.45,147,151,147,151,HErr,HERR,name:Luther-divine-capitalization
Lev.26.46,56,60,56,60,HErr,HERR,name:Luther-divine-capitalization
Lev.27.1,8,12,8,12,HErr,HERR,name:Luther-divine-capitalization
Lev.27.2,65,70,65,70,HErrn,HERRN,name:Luther-divine-capitalization
Lev.27.9,33,38,33,38,HErrn,HERRN,name:Luther-divine-capitalization
Lev.27.9,77,82,77,82,HErrn,HERRN,name:Luther-divine-capitalization
Lev.27.10,170,175,170,175,HErrn,HERRN,name:Luther-divine-capitalization
Lev.27.11,41,46,41,46,HErrn,HERRN,name:Luther-divine-capitalization
Lev.27.14,43,48,43,48,HErrn,HERRN,name:Luther-divine-capitalization
Lev.27.16,50,55,50,55,HErrn,HERRN,name:Luther-divine-capitalization
Lev.27.21,64,69,64,69,HErrn,HERRN,name:Luther-divine-capitalization
Lev.27.22,21,26,21,26,HErrn,HERRN,name:Luther-divine-capitalization
Lev.27.23,130,135,130,135,HErrn,HERRN,name:Luther-divine-capitalization
Lev.27.26,39,44,39,44,HErrn,HERRN,name:Luther-divine-capitalization
Lev.27.26,79,84,79,84,HErrn,HERRN,name:Luther-divine-capitalization
Lev.27.26,139,144,139,144,HErrn,HERRN,name:Luther-divine-capitalization
Lev.27.28,62,67,62,67,HErrn,HERRN,name:Luther-divine-capitalization
Lev.27.28,187,192,187,192,HErrn,HERRN,name:Luther-divine-capitalization
Lev.27.30,79,84,79,84,HErrn,HERRN,name:Luther-divine-capitalization
Lev.27.30,100,105,100,105,HErrn,HERRN,name:Luther-divine-capitalization
Lev.27.32,116,121,116,121,HErrn,HERRN,name:Luther-divine-capitalization
Lev.27.34,30,34,30,34,HErr,HERR,name:Luther-divine-capitalization
Num.1.1,8,12,8,12,HErr,HERR,name:Luther-divine-capitalization
Num.1.19,8,12,8,12,HErr,HERR,name:Luther-divine-capitalization
Num.1.48,8,12,8,12,HErr,HERR,name:Luther-divine-capitalization
Num.1.54,43,47,43,47,HErr,HERR,name:Luther-divine-capitalization
Num.2.1,8,12,8,12,HErr,HERR,name:Luther-divine-capitalization
Num.2.33,84,88,84,88,HErr,HERR,name:Luther-divine-capitalization
Num.2.34,43,47,43,47,HErr,HERR,name:Luther-divine-capitalization
Num.3.1,61,65,61,65,HErr,HERR,name:Luther-divine-capitalization
Num.3.4,37,42,37,42,HErrn,HERRN,name:Luther-divine-capitalization
Num.3.4,82,87,82,87,HErrn,HERRN,name:Luther-divine-capitalization
Num.3.5,8,12,8,12,HErr,HERR,name:Luther-divine-capitalization
Num.3.11,8,12,8,12,HErr,HERR,name:Luther-divine-capitalization
Num.3.13,210,214,210,214,HErr,HERR,name:Luther-divine-capitalization
Num.3.14,8,12,8,12,HErr,HERR,name:Luther-divine-capitalization
Num.3.16,39,44,39,44,HErrn,HERRN,name:Luther-divine-capitalization
Num.3.39,93,98,93,98,HErrn,HERRN,name:Luther-divine-capitalization
Num.3.40,8,12,8,12,HErr,HERR,name:Luther-divine-capitalization
Num.3.41,32,37,32,37,HErrn,HERRN,name:Luther-divine-capitalization
Num.3.42,29,33,29,33,HErr,HERR,name:Luther-divine-capitalization
Num.3.44,8,12,8,12,HErr,HERR,name:Luther-divine-capitalization
Num.3.45,128,133,128,133,HErrn,HERRN,name:Luther-divine-capitalization
Num.3.51,52,57,52,57,HErrn,HERRN,name:Luther-divine-capitalization
Num.3.51,67,71,67,71,HErr,HERR,name:Luther-divine-capitalization
Num.4.1,8,12,8,12,HErr,HERR,name:Luther-divine-capitalization
Num.4.17,8,12,8,12,HErr,HERR,name:Luther-divine-capitalization
Num.4.21,8,12,8,12,HErr,HERR,name:Luther-divine-capitalization
Num.4.37,149,154,149,154,HErrn,HERRN,name:Luther-divine-capitalization
Num.4.41,155,160,155,160,HErrn,HERRN,name:Luther-divine-capitalization
Num.4.45,99,104,99,104,HErrn,HERRN,name:Luther-divine-capitalization
Num.4.49,37,42,37,42,HErrn,HERRN,name:Luther-divine-capitalization
Num.4.49,108,112,108,112,HErr,HERR,name:Luther-divine-capitalization
Num.5.1,8,12,8,12,HErr,HERR,name:Luther-divine-capitalization
Num.5.3,16,20,16,20,Weib,Frau,word:Weib-Frau
Num.5.4,77,81,77,81,HErr,HERR,name:Luther-divine-capitalization
Num.5.5,8,12,8,12,HErr,HERR,name:Luther-divine-capitalization
Num.5.6,64,68,64,68,Weib,Frau,word:Weib-Frau
Num.5.6,127,132,127,132,HErrn,HERRN,name:Luther-divine-capitalization
Num.5.8,66,71,66,71,HErrn,HERRN,name:Luther-divine-capitalization
Num.5.11,8,12,8,12,HErr,HERR,name:Luther-divine-capitalization
Num.5.12,69,73,69,73,Weib,Frau,word:Weib-Frau
Num.5.14,45,49,45,50,sein,seine,grammar:Frau-determiner
Num.5.14,50,54,51,55,Weib,Frau,word:Weib-Frau
Num.5.16,49,54,49,54,HErrn,HERRN,name:Luther-divine-capitalization
Num.5.18,9,12,9,12,das,die,grammar:Frau-determiner
Num.5.18,13,17,13,17,Weib,Frau,word:Weib-Frau
Num.5.18,26,31,26,31,HErrn,HERRN,name:Luther-divine-capitalization
Num.5.19,9,12,9,12,das,die,grammar:Frau-determiner
Num.5.19,13,17,13,17,Weib,Frau,word:Weib-Frau
Num.5.21,21,24,21,24,das,die,grammar:Frau-determiner
Num.5.21,25,29,25,29,Weib,Frau,word:Weib-Frau
Num.5.21,86,90,86,90,HErr,HERR,name:Luther-divine-capitalization
Num.5.21,155,159,155,159,HErr,HERR,name:Luther-divine-capitalization
Num.5.22,105,108,105,108,das,die,grammar:Frau-determiner
Num.5.22,109,113,109,113,Weib,Frau,word:Weib-Frau
Num.5.24,9,12,9,12,dem,der,grammar:Frau-determiner
Num.5.24,13,18,13,17,Weibe,Frau,word:Weib-Frau
Num.5.25,90,95,90,95,HErrn,HERRN,name:Luther-divine-capitalization
Num.5.26,99,102,99,102,dem,der,grammar:Frau-determiner
Num.5.26,103,108,103,107,Weibe,Frau,word:Weib-Frau
Num.5.27,225,228,225,228,das,die,grammar:Frau-determiner
Num.5.27,229,233,229,233,Weib,Frau,word:Weib-Frau
Num.5.28,9,12,9,13,ein,eine,grammar:Frau-determiner
Num.5.28,13,18,14,20,solch,solche,grammar:Frau-adjective
Num.5.28,19,23,21,25,Weib,Frau,word:Weib-Frau
Num.5.29,31,34,31,35,ein,eine,grammar:Frau-determiner
Num.5.29,35,39,36,40,Weib,Frau,word:Weib-Frau
Num.5.30,58,62,58,63,sein,seine,grammar:Frau-determiner
Num.5.30,63,67,64,68,Weib,Frau,word:Weib-Frau
Num.5.30,101,106,102,107,HErrn,HERRN,name:Luther-divine-capitalization
Num.5.31,56,59,56,59,das,die,grammar:Frau-determiner
Num.5.31,60,64,60,64,Weib,Frau,word:Weib-Frau
Num.6.1,8,12,8,12,HErr,HERR,name:Luther-divine-capitalization
Num.6.2,64,68,64,68,Weib,Frau,word:Weib-Frau
Num.6.2,101,106,101,106,HErrn,HERRN,name:Luther-divine-capitalization
Num.6.5,132,137,132,137,HErrn,HERRN,name:Luther-divine-capitalization
Num.6.6,32,37,32,37,HErrn,HERRN,name:Luther-divine-capitalization
Num.6.8,43,48,43,48,HErrn,HERRN,name:Luther-divine-capitalization
Num.6.12,12,17,12,17,HErrn,HERRN,name:Luther-divine-capitalization
Num.6.14,35,40,35,40,HErrn,HERRN,name:Luther-divine-capitalization
Num.6.16,32,37,32,37,HErrn,HERRN,name:Luther-divine-capitalization
Num.6.17,48,53,48,53,HErrn,HERRN,name:Luther-divine-capitalization
Num.6.20,32,37,32,37,HErrn,HERRN,name:Luther-divine-capitalization
Num.6.21,57,62,57,62,HErrn,HERRN,name:Luther-divine-capitalization
Num.6.22,8,12,8,12,HErr,HERR,name:Luther-divine-capitalization
Num.6.24,4,8,4,8,HErr,HERR,name:Luther-divine-capitalization
Num.6.25,4,8,4,8,HErr,HERR,name:Luther-divine-capitalization
Num.6.26,4,8,4,8,HErr,HERR,name:Luther-divine-capitalization
Num.7.3,36,41,36,41,HErrn,HERRN,name:Luther-divine-capitalization
Num.7.4,8,12,8,12,HErr,HERR,name:Luther-divine-capitalization
Num.7.11,8,12,8,12,HErr,HERR,name:Luther-divine-capitalization
Num.8.1,8,12,8,12,HErr,HERR,name:Luther-divine-capitalization
Num.8.3,93,97,93,97,HErr,HERR,name:Luther-divine-capitalization
Num.8.4,103,107,103,107,HErr,HERR,name:Luther-divine-capitalization
Num.8.5,8,12,8,12,HErr,HERR,name:Luther-divine-capitalization
Num.8.10,24,29,24,29,HErrn,HERRN,name:Luther-divine-capitalization
Num.8.11,35,40,35,40,HErrn,HERRN,name:Luther-divine-capitalization
Num.8.11,126,131,126,131,HErrn,HERRN,name:Luther-divine-capitalization
Num.8.12,123,128,123,128,HErrn,HERRN,name:Luther-divine-capitalization
Num.8.13,69,74,69,74,HErrn,HERRN,name:Luther-divine-capitalization
Num.8.20,99,103,99,103,HErr,HERR,name:Luther-divine-capitalization
Num.8.21,88,93,88,93,HErrn,HERRN,name:Luther-divine-capitalization
Num.8.22,111,115,111,115,HErr,HERR,name:Luther-divine-capitalization
Num.8.23,8,12,8,12,HErr,HERR,name:Luther-divine-capitalization
Num.9.1,8,12,8,12,HErr,HERR,name:Luther-divine-capitalization
Num.9.5,100,104,100,104,HErr,HERR,name:Luther-divine-capitalization
Num.9.7,128,133,128,133,HErrn,HERRN,name:Luther-divine-capitalization
Num.9.8,59,63,59,63,HErr,HERR,name:Luther-divine-capitalization
Num.9.9,8,12,8,12,HErr,HERR,name:Luther-divine-capitalization
Num.9.10,157,162,157,162,HErrn,HERRN,name:Luther-divine-capitalization
Num.9.13,163,168,163,168,HErrn,HERRN,name:Luther-divine-capitalization
Num.9.14,51,56,51,56,HErrn,HERRN,name:Luther-divine-capitalization
Num.9.18,18,23,18,23,HErrn,HERRN,name:Luther-divine-capitalization
Num.9.19,100,105,100,105,HErrn,HERRN,name:Luther-divine-capitalization
Num.9.20,110,115,110,115,HErrn,HERRN,name:Luther-divine-capitalization
Num.9.20,144,149,144,149,HErrn,HERRN,name:Luther-divine-capitalization
Num.9.23,14,19,14,19,HErrn,HERRN,name:Luther-divine-capitalization
Num.9.23,49,54,49,54,HErrn,HERRN,name:Luther-divine-capitalization
Num.9.23,95,99,95,99,HErr,HERR,name:Luther-divine-capitalization
Num.9.23,115,120,115,120,HErrn,HERRN,name:Luther-divine-capitalization
Num.10.1,8,12,8,12,HErr,HERR,name:Luther-divine-capitalization
Num.10.9,160,165,160,165,HErrn,HERRN,name:Luther-divine-capitalization
Num.10.10,211,215,211,215,HErr,HERR,name:Luther-divine-capitalization
Num.10.13,49,54,49,54,HErrn,HERRN,name:Luther-divine-capitalization
Num.10.29,114,118,114,118,HErr,HERR,name:Luther-divine-capitalization
Num.10.29,222,226,222,226,HErr,HERR,name:Luther-divine-capitalization
Num.10.32,36,40,36,40,HErr,HERR,name:Luther-divine-capitalization
Num.10.33,33,38,33,38,HErrn,HERRN,name:Luther-divine-capitalization
Num.10.33,84,89,84,89,HErrn,HERRN,name:Luther-divine-capitalization
Num.10.34,18,23,18,23,HErrn,HERRN,name:Luther-divine-capitalization
Num.10.35,39,43,39,43,HErr,HERR,name:Luther-divine-capitalization
Num.10.36,47,51,47,51,HErr,HERR,name:Luther-divine-capitalization
Num.11.1,73,78,73,78,HErrn,HERRN,name:Luther-divine-capitalization
Num.11.1,95,99,95,99,HErr,HERR,name:Luther-divine-capitalization
Num.11.1,154,159,154,159,HErrn,HERRN,name:Luther-divine-capitalization
Num.11.2,45,50,45,50,HErrn,HERRN,name:Luther-divine-capitalization
Num.11.3,66,71,66,71,HErrn,HERRN,name:Luther-divine-capitalization
Num.11.10,124,129,124,129,HErrn,HERRN,name:Luther-divine-capitalization
Num.11.11,23,28,23,28,HErrn,HERRN,name:Luther-divine-capitalization
Num.11.16,8,12,8,12,HErr,HERR,name:Luther-divine-capitalization
Num.11.18,119,124,119,124,HErrn,HERRN,name:Luther-divine-capitalization
Num.11.18,237,241,237,241,HErr,HERR,name:Luther-divine-capitalization
Num.11.20,102,107,102,107,HErrn,HERRN,name:Luther-divine-capitalization
Num.11.23,4,8,4,8,HErr,HERR,name:Luther-divine-capitalization
Num.11.23,52,57,52,57,HErrn,HERRN,name:Luther-divine-capitalization
Num.11.24,44,49,44,49,HErrn,HERRN,name:Luther-divine-capitalization
Num.11.25,11,15,11,15,HErr,HERR,name:Luther-divine-capitalization
Num.11.29,90,95,90,95,HErrn,HERRN,name:Luther-divine-capitalization
Num.11.29,114,118,114,118,HErr,HERR,name:Luther-divine-capitalization
Num.11.31,29,34,29,34,HErrn,HERRN,name:Luther-divine-capitalization
Num.11.33,101,106,101,106,HErrn,HERRN,name:Luther-divine-capitalization
Num.12.1,43,49,43,49,seines,seiner,grammar:Frau-determiner
Num.12.1,50,56,50,54,Weibes,Frau,word:Weib-Frau
Num.12.1,126,129,124,127,zum,zur,grammar:Frau-determiner
Num.12.1,130,135,128,132,Weibe,Frau,word:Weib-Frau
Num.12.2,29,33,29,33,HErr,HERR,name:Luther-divine-capitalization
Num.12.2,92,96,92,96,HErr,HERR,name:Luther-divine-capitalization
Num.12.4,25,29,25,29,HErr,HERR,name:Luther-divine-capitalization
Num.12.5,11,15,11,15,HErr,HERR,name:Luther-divine-capitalization
Num.12.6,72,77,72,77,HErrn,HERRN,name:Luther-divine-capitalization
Num.12.8,44,49,44,49,HErrn,HERRN,name:Luther-divine-capitalization
Num.12.9,17,22,17,22,HErrn,HERRN,name:Luther-divine-capitalization
Num.12.13,24,29,24,29,HErrn,HERRN,name:Luther-divine-capitalization
Num.12.14,4,8,4,8,HErr,HERR,name:Luther-divine-capitalization
Num.13.1,8,12,8,12,HErr,HERR,name:Luther-divine-capitalization
Num.13.3,60,65,60,65,HErrn,HERRN,name:Luther-divine-capitalization
Num.14.3,20,24,20,24,HErr,HERR,name:Luther-divine-capitalization
Num.14.3,83,89,83,89,Weiber,Frauen,word:Weib-Frau
Num.14.8,9,13,9,13,HErr,HERR,name:Luther-divine-capitalization
Num.14.9,24,29,24,29,HErrn,HERRN,name:Luther-divine-capitalization
Num.14.9,162,166,162,166,HErr,HERR,name:Luther-divine-capitalization
Num.14.10,85,90,85,90,HErrn,HERRN,name:Luther-divine-capitalization
Num.14.11,8,12,8,12,HErr,HERR,name:Luther-divine-capitalization
Num.14.13,24,29,24,29,HErrn,HERRN,name:Luther-divine-capitalization
Num.14.14,85,89,85,89,HErr,HERR,name:Luther-divine-capitalization
Num.14.14,195,199,195,199,HErr,HERR,name:Luther-divine-capitalization
Num.14.16,4,8,4,8,HErr,HERR,name:Luther-divine-capitalization
Num.14.17,26,31,26,31,HErrn,HERRN,name:Luther-divine-capitalization
Num.14.18,4,8,4,8,HErr,HERR,name:Luther-divine-capitalization
Num.14.20,8,12,8,12,HErr,HERR,name:Luther-divine-capitalization
Num.14.21,66,71,66,71,HErrn,HERRN,name:Luther-divine-capitalization
Num.14.26,8,12,8,12,HErr,HERR,name:Luther-divine-capitalization
Num.14.28,53,57,53,57,HErr,HERR,name:Luther-divine-capitalization
Num.14.35,9,13,9,13,HErr,HERR,name:Luther-divine-capitalization
Num.14.36,37,42,37,42,HErrn,HERRN,name:Luther-divine-capitalization
Num.14.40,155,159,155,159,HErr,HERR,name:Luther-divine-capitalization
Num.14.41,57,62,57,62,HErrn,HERRN,name:Luther-divine-capitalization
Num.14.42,31,35,31,35,HErr,HERR,name:Luther-divine-capitalization
Num.14.43,121,126,121,126,HErrn,HERRN,name:Luther-divine-capitalization
Num.14.43,149,153,149,153,HErr,HERR,name:Luther-divine-capitalization
Num.14.44,95,100,95,100,HErrn,HERRN,name:Luther-divine-capitalization
Num.15.1,8,12,8,12,HErr,HERR,name:Luther-divine-capitalization
Num.15.3,14,19,14,19,HErrn,HERRN,name:Luther-divine-capitalization
Num.15.3,157,162,157,162,HErrn,HERRN,name:Luther-divine-capitalization
Num.15.4,23,28,23,28,HErrn,HERRN,name:Luther-divine-capitalization
Num.15.7,65,70,65,70,HErrn,HERRN,name:Luther-divine-capitalization
Num.15.8,95,100,95,100,HErrn,HERRN,name:Luther-divine-capitalization
Num.15.10,68,73,68,73,HErrn,HERRN,name:Luther-divine-capitalization
Num.15.13,61,66,61,66,HErrn,HERRN,name:Luther-divine-capitalization
Num.15.14,93,98,93,98,HErrn,HERRN,name:Luther-divine-capitalization
Num.15.15,135,140,135,140,HErrn,HERRN,name:Luther-divine-capitalization
Num.15.17,8,12,8,12,HErr,HERR,name:Luther-divine-capitalization
Num.15.19,52,57,52,57,HErrn,HERRN,name:Luther-divine-capitalization
Num.15.21,24,29,24,29,HErrn,HERRN,name:Luther-divine-capitalization
Num.15.22,70,74,70,74,HErr,HERR,name:Luther-divine-capitalization
Num.15.23,15,19,15,19,HErr,HERR,name:Luther-divine-capitalization
Num.15.24,163,168,163,168,HErrn,HERRN,name:Luther-divine-capitalization
Num.15.25,185,190,185,190,HErrn,HERRN,name:Luther-divine-capitalization
Num.15.25,217,222,217,222,HErrn,HERRN,name:Luther-divine-capitalization
Num.15.28,86,91,86,91,HErrn,HERRN,name:Luther-divine-capitalization
Num.15.30,96,101,96,101,HErrn,HERRN,name:Luther-divine-capitalization
Num.15.31,17,22,17,22,HErrn,HERRN,name:Luther-divine-capitalization
Num.15.35,4,8,4,8,HErr,HERR,name:Luther-divine-capitalization
Num.15.36,97,101,97,101,HErr,HERR,name:Luther-divine-capitalization
Num.15.37,8,12,8,12,HErr,HERR,name:Luther-divine-capitalization
Num.15.39,92,97,92,97,HErrn,HERRN,name:Luther-divine-capitalization
Num.15.41,12,16,12,16,HErr,HERR,name:Luther-divine-capitalization
Num.15.41,101,105,101,105,HErr,HERR,name:Luther-divine-capitalization
Num.16.3,143,147,143,147,HErr,HERR,name:Luther-divine-capitalization
Num.16.3,209,214,209,214,HErrn,HERRN,name:Luther-divine-capitalization
Num.16.5,64,68,64,68,HErr,HERR,name:Luther-divine-capitalization
Num.16.7,55,60,55,60,HErrn,HERRN,name:Luther-divine-capitalization
Num.16.7,81,85,81,85,HErr,HERR,name:Luther-divine-capitalization
Num.16.9,158,163,158,163,HErrn,HERRN,name:Luther-divine-capitalization
Num.16.11,55,60,55,60,HErrn,HERRN,name:Luther-divine-capitalization
Num.16.15,41,46,41,46,HErrn,HERRN,name:Luther-divine-capitalization
Num.16.16,70,75,70,75,HErrn,HERRN,name:Luther-divine-capitalization
Num.16.17,89,94,89,94,HErrn,HERRN,name:Luther-divine-capitalization
Num.16.19,111,116,111,116,HErrn,HERRN,name:Luther-divine-capitalization
Num.16.20,8,12,8,12,HErr,HERR,name:Luther-divine-capitalization
Num.16.23,8,12,8,12,HErr,HERR,name:Luther-divine-capitalization
Num.16.27,149,156,149,155,Weibern,Frauen,word:Weib-Frau
Num.16.28,55,59,55,59,HErr,HERR,name:Luther-divine-capitalization
Num.16.29,119,123,119,123,HErr,HERR,name:Luther-divine-capitalization
Num.16.30,14,18,14,18,HErr,HERR,name:Luther-divine-capitalization
Num.16.30,212,217,212,217,HErrn,HERRN,name:Luther-divine-capitalization
Num.16.35,32,37,32,37,HErrn,HERRN,name:Luther-divine-capitalization
Num.17.1,8,12,8,12,HErr,HERR,name:Luther-divine-capitalization
Num.17.3,183,188,183,188,HErrn,HERRN,name:Luther-divine-capitalization
Num.17.5,138,143,138,143,HErrn,HERRN,name:Luther-divine-capitalization
Num.17.5,208,212,208,212,HErr,HERR,name:Luther-divine-capitalization
Num.17.6,118,123,118,123,HErrn,HERRN,name:Luther-divine-capitalization
Num.17.7,163,168,163,168,HErrn,HERRN,name:Luther-divine-capitalization
Num.17.9,8,12,8,12,HErr,HERR,name:Luther-divine-capitalization
Num.17.11,176,181,176,181,HErrn,HERRN,name:Luther-divine-capitalization
Num.17.16,8,12,8,12,HErr,HERR,name:Luther-divine-capitalization
Num.17.22,35,40,35,40,HErrn,HERRN,name:Luther-divine-capitalization
Num.17.24,46,51,46,51,HErrn,HERRN,name:Luther-divine-capitalization
Num.17.25,4,8,4,8,HErr,HERR,name:Luther-divine-capitalization
Num.17.26,21,25,21,25,HErr,HERR,name:Luther-divine-capitalization
Num.17.28,33,38,33,38,HErrn,HERRN,name:Luther-divine-capitalization
Num.18.1,8,12,8,12,HErr,HERR,name:Luther-divine-capitalization
Num.18.6,84,89,84,89,HErrn,HERRN,name:Luther-divine-capitalization
Num.18.8,8,12,8,12,HErr,HERR,name:Luther-divine-capitalization
Num.18.12,86,91,86,91,HErrn,HERRN,name:Luther-divine-capitalization
Num.18.13,30,35,30,35,HErrn,HERRN,name:Luther-divine-capitalization
Num.18.15,62,67,62,67,HErrn,HERRN,name:Luther-divine-capitalization
Num.18.17,226,231,226,231,HErrn,HERRN,name:Luther-divine-capitalization
Num.18.19,50,55,50,55,HErrn,HERRN,name:Luther-divine-capitalization
Num.18.19,194,199,194,199,HErrn,HERRN,name:Luther-divine-capitalization
Num.18.20,8,12,8,12,HErr,HERR,name:Luther-divine-capitalization
Num.18.24,48,53,48,53,HErrn,HERRN,name:Luther-divine-capitalization
Num.18.25,8,12,8,12,HErr,HERR,name:Luther-divine-capitalization
Num.18.26,178,183,178,183,HErrn,HERRN,name:Luther-divine-capitalization
Num.18.28,37,42,37,42,HErrn,HERRN,name:Luther-divine-capitalization
Num.18.28,142,147,142,147,HErrn,HERRN,name:Luther-divine-capitalization
Num.18.29,48,53,48,53,HErrn,HERRN,name:Luther-divine-capitalization
Num.19.1,8,12,8,12,HErr,HERR,name:Luther-divine-capitalization
Num.19.2,42,46,42,46,HErr,HERR,name:Luther-divine-capitalization
Num.19.13,120,125,120,125,HErrn,HERRN,name:Luther-divine-capitalization
Num.19.20,145,150,145,150,HErrn,HERRN,name:Luther-divine-capitalization
Num.20.3,107,112,107,112,HErrn,HERRN,name:Luther-divine-capitalization
Num.20.4,32,37,32,37,HErrn,HERRN,name:Luther-divine-capitalization
Num.20.6,123,128,123,128,HErrn,HERRN,name:Luther-divine-capitalization
Num.20.7,8,12,8,12,HErr,HERR,name:Luther-divine-capitalization
Num.20.9,30,35,30,35,HErrn,HERRN,name:Luther-divine-capitalization
Num.20.12,4,8,4,8,HErr,HERR,name:Luther-divine-capitalization
Num.20.13,59,64,59,64,HErrn,HERRN,name:Luther-divine-capitalization
Num.20.16,23,28,23,28,HErrn,HERRN,name:Luther-divine-capitalization
Num.20.23,8,12,8,12,HErr,HERR,name:Luther-divine-capitalization
Num.20.27,25,29,25,29,HErr,HERR,name:Luther-divine-capitalization
Num.21.2,22,27,22,27,HErrn,HERRN,name:Luther-divine-capitalization
Num.21.3,8,12,8,12,HErr,HERR,name:Luther-divine-capitalization
Num.21.6,14,18,14,18,HErr,HERR,name:Luther-divine-capitalization
Num.21.7,75,80,75,80,HErrn,HERRN,name:Luther-divine-capitalization
Num.21.7,121,126,121,126,HErrn,HERRN,name:Luther-divine-capitalization
Num.21.8,14,18,14,18,HErr,HERR,name:Luther-divine-capitalization
Num.21.14,47,52,47,52,HErrn,HERRN,name:Luther-divine-capitalization
Num.21.16,65,69,65,69,HErr,HERR,name:Luther-divine-capitalization
Num.21.34,8,12,8,12,HErr,HERR,name:Luther-divine-capitalization
Num.22.8,91,95,91,95,HErr,HERR,name:Luther-divine-capitalization
Num.22.13,99,103,99,103,HErr,HERR,name:Luther-divine-capitalization
Num.22.18,153,158,153,158,HErrn,HERRN,name:Luther-divine-capitalization
Num.22.19,72,76,72,76,HErr,HERR,name:Luther-divine-capitalization
Num.22.22,66,71,66,71,HErrn,HERRN,name:Luther-divine-capitalization
Num.22.23,33,38,33,38,HErrn,HERRN,name:Luther-divine-capitalization
Num.22.24,22,27,22,27,HErrn,HERRN,name:Luther-divine-capitalization
Num.22.25,32,37,32,37,HErrn,HERRN,name:Luther-divine-capitalization
Num.22.26,22,27,22,27,HErrn,HERRN,name:Luther-divine-capitalization
Num.22.27,32,37,32,37,HErrn,HERRN,name:Luther-divine-capitalization
Num.22.28,11,15,11,15,HErr,HERR,name:Luther-divine-capitalization
Num.22.31,15,19,15,19,HErr,HERR,name:Luther-divine-capitalization
Num.22.31,64,69,64,69,HErrn,HERRN,name:Luther-divine-capitalization
Num.22.32,18,23,18,23,HErrn,HERRN,name:Luther-divine-capitalization
Num.22.34,34,39,34,39,HErrn,HERRN,name:Luther-divine-capitalization
Num.22.35,14,19,14,19,HErrn,HERRN,name:Luther-divine-capitalization
Num.23.3,97,101,97,101,HErr,HERR,name:Luther-divine-capitalization
Num.23.5,4,8,4,8,HErr,HERR,name:Luther-divine-capitalization
Num.23.8,76,80,76,80,HErr,HERR,name:Luther-divine-capitalization
Num.23.12,75,79,75,79,HErr,HERR,name:Luther-divine-capitalization
Num.23.16,8,12,8,12,HErr,HERR,name:Luther-divine-capitalization
Num.23.17,138,142,138,142,HErr,HERR,name:Luther-divine-capitalization
Num.23.21,62,66,62,66,HErr,HERR,name:Luther-divine-capitalization
Num.23.26,81,85,81,85,HErr,HERR,name:Luther-divine-capitalization
Num.24.1,31,36,31,36,HErrn,HERRN,name:Luther-divine-capitalization
Num.24.6,94,98,94,98,HErr,HERR,name:Luther-divine-capitalization
Num.24.11,79,83,79,83,HErr,HERR,name:Luther-divine-capitalization
Num.24.13,78,83,78,83,HErrn,HERRN,name:Luther-divine-capitalization
Num.24.13,164,168,164,168,HErr,HERR,name:Luther-divine-capitalization
Num.25.3,58,63,58,63,HErrn,HERRN,name:Luther-divine-capitalization
Num.25.4,70,75,70,75,HErrn,HERRN,name:Luther-divine-capitalization
Num.25.4,125,130,125,130,HErrn,HERRN,name:Luther-divine-capitalization
Num.25.8,113,116,113,116,das,die,grammar:Frau-determiner
Num.25.8,117,121,117,121,Weib,Frau,word:Weib-Frau
Num.25.10,8,12,8,12,HErr,HERR,name:Luther-divine-capitalization
Num.25.15,0,3,0,3,Das,Die,grammar:Frau-determiner
Num.25.15,18,22,18,22,Weib,Frau,word:Weib-Frau
Num.25.15,24,27,24,27,das,die,grammar:Frau-relative
Num.25.16,8,12,8,12,HErr,HERR,name:Luther-divine-capitalization
Num.26.1,42,46,42,46,HErr,HERR,name:Luther-divine-capitalization
Num.26.4,44,48,44,48,HErr,HERR,name:Luther-divine-capitalization
Num.26.9,174,179,174,179,HErrn,HERRN,name:Luther-divine-capitalization
Num.26.52,8,12,8,12,HErr,HERR,name:Luther-divine-capitalization
Num.26.59,11,15,11,15,Weib,Frau,word:Weib-Frau
Num.26.61,68,73,68,73,HErrn,HERRN,name:Luther-divine-capitalization
Num.26.65,9,13,9,13,HErr,HERR,name:Luther-divine-capitalization
Num.27.3,96,101,96,101,HErrn,HERRN,name:Luther-divine-capitalization
Num.27.5,32,37,32,37,HErrn,HERRN,name:Luther-divine-capitalization
Num.27.6,8,12,8,12,HErr,HERR,name:Luther-divine-capitalization
Num.27.11,202,206,202,206,HErr,HERR,name:Luther-divine-capitalization
Num.27.12,8,12,8,12,HErr,HERR,name:Luther-divine-capitalization
Num.27.15,24,29,24,29,HErrn,HERRN,name:Luther-divine-capitalization
Num.27.16,4,8,4,8,HErr,HERR,name:Luther-divine-capitalization
Num.27.17,84,89,84,89,HErrn,HERRN,name:Luther-divine-capitalization
Num.27.18,8,12,8,12,HErr,HERR,name:Luther-divine-capitalization
Num.27.21,107,112,107,112,HErrn,HERRN,name:Luther-divine-capitalization
Num.27.22,22,26,22,26,HErr,HERR,name:Luther-divine-capitalization
Num.27.23,52,56,52,56,HErr,HERR,name:Luther-divine-capitalization
Num.28.1,8,12,8,12,HErr,HERR,name:Luther-divine-capitalization
Num.28.3,53,58,53,58,HErrn,HERRN,name:Luther-divine-capitalization
Num.28.6,97,102,97,102,HErrn,HERRN,name:Luther-divine-capitalization
Num.28.7,113,118,113,118,HErrn,HERRN,name:Luther-divine-capitalization
Num.28.8,160,165,160,165,HErrn,HERRN,name:Luther-divine-capitalization
Num.28.11,49,54,49,54,HErrn,HERRN,name:Luther-divine-capitalization
Num.28.13,133,138,133,138,HErrn,HERRN,name:Luther-divine-capitalization
Num.28.15,49,54,49,54,HErrn,HERRN,name:Luther-divine-capitalization
Num.28.16,54,59,54,59,HErrn,HERRN,name:Luther-divine-capitalization
Num.28.19,14,19,14,19,HErrn,HERRN,name:Luther-divine-capitalization
Num.28.24,109,114,109,114,HErrn,HERRN,name:Luther-divine-capitalization
Num.28.26,67,72,67,72,HErrn,HERRN,name:Luther-divine-capitalization
Num.28.27,14,19,14,19,HErrn,HERRN,name:Luther-divine-capitalization
Num.29.2,46,51,46,51,HErrn,HERRN,name:Luther-divine-capitalization
Num.29.6,197,202,197,202,HErrn,HERRN,name:Luther-divine-capitalization
Num.29.8,23,28,23,28,HErrn,HERRN,name:Luther-divine-capitalization
Num.29.12,140,145,140,145,HErrn,HERRN,name:Luther-divine-capitalization
Num.29.13,14,19,14,19,HErrn,HERRN,name:Luther-divine-capitalization
Num.29.13,67,72,67,72,HErrn,HERRN,name:Luther-divine-capitalization
Num.29.36,60,65,60,65,HErrn,HERRN,name:Luther-divine-capitalization
Num.29.39,22,27,22,27,HErrn,HERRN,name:Luther-divine-capitalization
Num.30.1,53,57,53,57,HErr,HERR,name:Luther-divine-capitalization
Num.30.2,92,96,92,96,HErr,HERR,name:Luther-divine-capitalization
Num.30.3,16,21,16,21,HErrn,HERRN,name:Luther-divine-capitalization
Num.30.4,5,8,5,9,ein,eine,grammar:Frau-determiner
Num.30.4,9,13,10,14,Weib,Frau,word:Weib-Frau
Num.30.4,18,23,19,24,HErrn,HERRN,name:Luther-divine-capitalization
Num.30.6,138,142,138,142,HErr,HERR,name:Luther-divine-capitalization
Num.30.9,184,188,184,188,HErr,HERR,name:Luther-divine-capitalization
Num.30.13,213,217,213,217,HErr,HERR,name:Luther-divine-capitalization
Num.30.17,32,36,32,36,HErr,HERR,name:Luther-divine-capitalization
Num.30.17,76,80,76,80,Weib,Frau,word:Weib-Frau
Num.31.1,8,12,8,12,HErr,HERR,name:Luther-divine-capitalization
Num.31.3,108,113,108,113,HErrn,HERRN,name:Luther-divine-capitalization
Num.31.7,55,59,55,59,HErr,HERR,name:Luther-divine-capitalization
Num.31.9,42,48,42,48,Weiber,Frauen,word:Weib-Frau
Num.31.15,41,47,41,47,Weiber,Frauen,word:Weib-Frau
Num.31.16,113,118,113,118,HErrn,HERRN,name:Luther-divine-capitalization
Num.31.16,165,170,165,170,HErrn,HERRN,name:Luther-divine-capitalization
Num.31.17,68,74,68,74,Weiber,Frauen,word:Weib-Frau
Num.31.21,116,120,116,120,HErr,HERR,name:Luther-divine-capitalization
Num.31.25,8,12,8,12,HErr,HERR,name:Luther-divine-capitalization
Num.31.28,19,24,19,24,HErrn,HERRN,name:Luther-divine-capitalization
Num.31.29,81,86,81,86,HErrn,HERRN,name:Luther-divine-capitalization
Num.31.30,219,224,219,224,HErrn,HERRN,name:Luther-divine-capitalization
Num.31.31,51,55,51,55,HErr,HERR,name:Luther-divine-capitalization
Num.31.37,17,22,17,22,HErrn,HERRN,name:Luther-divine-capitalization
Num.31.38,44,49,44,49,HErrn,HERRN,name:Luther-divine-capitalization
Num.31.39,42,47,42,47,HErrn,HERRN,name:Luther-divine-capitalization
Num.31.40,60,65,60,65,HErrn,HERRN,name:Luther-divine-capitalization
Num.31.41,29,34,29,34,HErrn,HERRN,name:Luther-divine-capitalization
Num.31.41,69,73,69,73,HErr,HERR,name:Luther-divine-capitalization
Num.31.47,181,186,181,186,HErrn,HERRN,name:Luther-divine-capitalization
Num.31.47,196,200,196,200,HErr,HERR,name:Luther-divine-capitalization
Num.31.50,22,27,22,27,HErrn,HERRN,name:Luther-divine-capitalization
Num.31.50,188,193,188,193,HErrn,HERRN,name:Luther-divine-capitalization
Num.31.52,35,40,35,40,HErrn,HERRN,name:Luther-divine-capitalization
Num.31.54,170,175,170,175,HErrn,HERRN,name:Luther-divine-capitalization
Num.32.4,8,12,8,12,HErr,HERR,name:Luther-divine-capitalization
Num.32.7,107,111,107,111,HErr,HERR,name:Luther-divine-capitalization
Num.32.9,173,177,173,177,HErr,HERR,name:Luther-divine-capitalization
Num.32.10,8,13,8,13,HErrn,HERRN,name:Luther-divine-capitalization
Num.32.12,99,104,99,104,HErrn,HERRN,name:Luther-divine-capitalization
Num.32.13,19,24,19,24,HErrn,HERRN,name:Luther-divine-capitalization
Num.32.13,174,179,174,179,HErrn,HERRN,name:Luther-divine-capitalization
Num.32.14,123,128,123,128,HErrn,HERRN,name:Luther-divine-capitalization
Num.32.20,86,91,86,91,HErrn,HERRN,name:Luther-divine-capitalization
Num.32.21,34,39,34,39,HErrn,HERRN,name:Luther-divine-capitalization
Num.32.22,32,37,32,37,HErrn,HERRN,name:Luther-divine-capitalization
Num.32.22,94,99,94,99,HErrn,HERRN,name:Luther-divine-capitalization
Num.32.22,165,170,165,170,HErrn,HERRN,name:Luther-divine-capitalization
Num.32.23,67,72,67,72,HErrn,HERRN,name:Luther-divine-capitalization
Num.32.26,15,21,15,21,Weiber,Frauen,word:Weib-Frau
Num.32.27,84,89,84,89,HErrn,HERRN,name:Luther-divine-capitalization
Num.32.29,128,133,128,133,HErrn,HERRN,name:Luther-divine-capitalization
Num.32.31,70,74,70,74,HErr,HERR,name:Luther-divine-capitalization
Num.32.32,35,40,35,40,HErrn,HERRN,name:Luther-divine-capitalization
Num.33.2,67,72,67,72,HErrn,HERRN,name:Luther-divine-capitalization
Num.33.4,46,50,46,50,HErr,HERR,name:Luther-divine-capitalization
Num.33.4,90,94,90,94,HErr,HERR,name:Luther-divine-capitalization
Num.33.38,64,69,64,69,HErrn,HERRN,name:Luther-divine-capitalization
Num.33.50,8,12,8,12,HErr,HERR,name:Luther-divine-capitalization
Num.34.1,8,12,8,12,HErr,HERR,name:Luther-divine-capitalization
Num.34.13,116,120,116,120,HErr,HERR,name:Luther-divine-capitalization
Num.34.16,8,12,8,12,HErr,HERR,name:Luther-divine-capitalization
Num.34.29,25,29,25,29,HErr,HERR,name:Luther-divine-capitalization
Num.35.1,8,12,8,12,HErr,HERR,name:Luther-divine-capitalization
Num.35.9,8,12,8,12,HErr,HERR,name:Luther-divine-capitalization
Num.35.34,86,90,86,90,HErr,HERR,name:Luther-divine-capitalization
Num.36.2,35,39,35,39,HErr,HERR,name:Luther-divine-capitalization
Num.36.2,162,167,162,167,HErrn,HERRN,name:Luther-divine-capitalization
Num.36.3,53,60,53,59,Weibern,Frauen,word:Weib-Frau
Num.36.5,50,55,50,55,HErrn,HERRN,name:Luther-divine-capitalization
Num.36.6,19,23,19,23,HErr,HERR,name:Luther-divine-capitalization
Num.36.10,8,12,8,12,HErr,HERR,name:Luther-divine-capitalization
Num.36.13,40,44,40,44,HErr,HERR,name:Luther-divine-capitalization
Deut.1.3,119,123,119,123,HErr,HERR,name:Luther-divine-capitalization
Deut.1.6,4,8,4,8,HErr,HERR,name:Luther-divine-capitalization
Deut.1.8,103,107,103,107,HErr,HERR,name:Luther-divine-capitalization
Deut.1.10,9,13,9,13,HErr,HERR,name:Luther-divine-capitalization
Deut.1.11,4,8,4,8,HErr,HERR,name:Luther-divine-capitalization
Deut.1.19,165,169,165,169,HErr,HERR,name:Luther-divine-capitalization
Deut.1.20,82,86,82,86,HErr,HERR,name:Luther-divine-capitalization
Deut.1.21,35,39,35,39,HErr,HERR,name:Luther-divine-capitalization
Deut.1.21,105,109,105,109,HErr,HERR,name:Luther-divine-capitalization
Deut.1.25,131,135,131,135,HErr,HERR,name:Luther-divine-capitalization
Deut.1.26,72,77,72,77,HErrn,HERRN,name:Luther-divine-capitalization
Deut.1.27,45,49,45,49,HErr,HERR,name:Luther-divine-capitalization
Deut.1.30,4,8,4,8,HErr,HERR,name:Luther-divine-capitalization
Deut.1.31,51,55,51,55,HErr,HERR,name:Luther-divine-capitalization
Deut.1.32,47,52,47,52,HErrn,HERRN,name:Luther-divine-capitalization
Deut.1.34,13,17,13,17,HErr,HERR,name:Luther-divine-capitalization
Deut.1.36,156,161,156,161,HErrn,HERRN,name:Luther-divine-capitalization
Deut.1.37,14,18,14,18,HErr,HERR,name:Luther-divine-capitalization
Deut.1.41,57,62,57,62,HErrn,HERRN,name:Luther-divine-capitalization
Deut.1.41,118,122,118,122,HErr,HERR,name:Luther-divine-capitalization
Deut.1.42,11,15,11,15,HErr,HERR,name:Luther-divine-capitalization
Deut.1.43,80,85,80,85,HErrn,HERRN,name:Luther-divine-capitalization
Deut.1.45,43,48,43,48,HErrn,HERRN,name:Luther-divine-capitalization
Deut.1.45,61,65,61,65,HErr,HERR,name:Luther-divine-capitalization
Deut.2.1,82,86,82,86,HErr,HERR,name:Luther-divine-capitalization
Deut.2.2,8,12,8,12,HErr,HERR,name:Luther-divine-capitalization
Deut.2.7,9,13,9,13,HErr,HERR,name:Luther-divine-capitalization
Deut.2.7,158,162,158,162,HErr,HERR,name:Luther-divine-capitalization
Deut.2.9,14,18,14,18,HErr,HERR,name:Luther-divine-capitalization
Deut.2.12,199,203,199,203,HErr,HERR,name:Luther-divine-capitalization
Deut.2.14,161,165,161,165,HErr,HERR,name:Luther-divine-capitalization
Deut.2.15,27,32,27,32,HErrn,HERRN,name:Luther-divine-capitalization
Deut.2.17,11,15,11,15,HErr,HERR,name:Luther-divine-capitalization
Deut.2.21,69,73,69,73,HErr,HERR,name:Luther-divine-capitalization
Deut.2.29,156,160,156,160,HErr,HERR,name:Luther-divine-capitalization
Deut.2.30,79,83,79,83,HErr,HERR,name:Luther-divine-capitalization
Deut.2.31,8,12,8,12,HErr,HERR,name:Luther-divine-capitalization
Deut.2.33,9,13,9,13,HErr,HERR,name:Luther-divine-capitalization
Deut.2.34,82,88,82,88,Weiber,Frauen,word:Weib-Frau
Deut.2.36,145,149,145,149,HErr,HERR,name:Luther-divine-capitalization
Deut.2.37,156,160,156,160,HErr,HERR,name:Luther-divine-capitalization
Deut.3.2,9,13,9,13,HErr,HERR,name:Luther-divine-capitalization
Deut.3.3,13,17,13,17,HErr,HERR,name:Luther-divine-capitalization
Deut.3.6,119,126,119,125,Weibern,Frauen,word:Weib-Frau
Deut.3.18,47,51,47,51,HErr,HERR,name:Luther-divine-capitalization
Deut.3.19,12,18,12,18,Weiber,Frauen,word:Weib-Frau
Deut.3.20,13,17,13,17,HErr,HERR,name:Luther-divine-capitalization
Deut.3.20,108,112,108,112,HErr,HERR,name:Luther-divine-capitalization
Deut.3.21,91,95,91,95,HErr,HERR,name:Luther-divine-capitalization
Deut.3.21,153,157,153,157,HErr,HERR,name:Luther-divine-capitalization
Deut.3.22,40,44,40,44,HErr,HERR,name:Luther-divine-capitalization
Deut.3.23,16,21,16,21,HErrn,HERRN,name:Luther-divine-capitalization
Deut.3.24,5,9,5,9,HErr,HERR,name:Luther-divine-capitalization
Deut.3.26,9,13,9,13,HErr,HERR,name:Luther-divine-capitalization
Deut.4.1,162,166,162,166,HErr,HERR,name:Luther-divine-capitalization
Deut.4.2,130,135,130,135,HErrn,HERRN,name:Luther-divine-capitalization
Deut.4.3,34,38,34,38,HErr,HERR,name:Luther-divine-capitalization
Deut.4.3,116,120,116,120,HErr,HERR,name:Luther-divine-capitalization
Deut.4.4,22,27,22,27,HErrn,HERRN,name:Luther-divine-capitalization
Deut.4.5,60,64,60,64,HErr,HERR,name:Luther-divine-capitalization
Deut.4.7,75,79,75,79,HErr,HERR,name:Luther-divine-capitalization
Deut.4.10,23,28,23,28,HErrn,HERRN,name:Luther-divine-capitalization
Deut.4.10,79,83,79,83,HErr,HERR,name:Luther-divine-capitalization
Deut.4.12,8,12,8,12,HErr,HERR,name:Luther-divine-capitalization
Deut.4.14,8,12,8,12,HErr,HERR,name:Luther-divine-capitalization
Deut.4.15,88,92,88,92,HErr,HERR,name:Luther-divine-capitalization
Deut.4.16,97,101,97,101,Weib,Frau,word:Weib-Frau
Deut.4.19,193,197,193,197,HErr,HERR,name:Luther-divine-capitalization
Deut.4.20,18,22,18,22,HErr,HERR,name:Luther-divine-capitalization
Deut.4.21,8,12,8,12,HErr,HERR,name:Luther-divine-capitalization
Deut.4.21,157,161,157,161,HErr,HERR,name:Luther-divine-capitalization
Deut.4.23,43,48,43,48,HErrn,HERRN,name:Luther-divine-capitalization
Deut.4.23,163,167,163,167,HErr,HERR,name:Luther-divine-capitalization
Deut.4.24,9,13,9,13,HErr,HERR,name:Luther-divine-capitalization
Deut.4.25,157,162,157,162,HErrn,HERRN,name:Luther-divine-capitalization
Deut.4.27,8,12,8,12,HErr,HERR,name:Luther-divine-capitalization
Deut.4.27,129,133,129,133,HErr,HERR,name:Luther-divine-capitalization
Deut.4.29,26,31,26,31,HErrn,HERRN,name:Luther-divine-capitalization
Deut.4.30,125,130,125,130,HErrn,HERRN,name:Luther-divine-capitalization
Deut.4.31,9,13,9,13,HErr,HERR,name:Luther-divine-capitalization
Deut.4.34,268,272,268,272,HErr,HERR,name:Luther-divine-capitalization
Deut.4.35,49,53,49,53,HErr,HERR,name:Luther-divine-capitalization
Deut.4.39,69,73,69,73,HErr,HERR,name:Luther-divine-capitalization
Deut.4.40,176,180,176,180,HErr,HERR,name:Luther-divine-capitalization
Deut.5.2,4,8,4,8,HErr,HERR,name:Luther-divine-capitalization
Deut.5.5,41,46,41,46,HErrn,HERRN,name:Luther-divine-capitalization
Deut.5.5,83,88,83,88,HErrn,HERRN,name:Luther-divine-capitalization
Deut.5.6,12,16,12,16,HErr,HERR,name:Luther-divine-capitalization
Deut.5.9,61,65,61,65,HErr,HERR,name:Luther-divine-capitalization
Deut.5.11,24,29,24,29,HErrn,HERRN,name:Luther-divine-capitalization
Deut.5.11,75,79,75,79,HErr,HERR,name:Luther-divine-capitalization
Deut.5.12,67,71,67,71,HErr,HERR,name:Luther-divine-capitalization
Deut.5.14,42,47,42,47,HErrn,HERRN,name:Luther-divine-capitalization
Deut.5.15,75,79,75,79,HErr,HERR,name:Luther-divine-capitalization
Deut.5.15,190,194,190,194,HErr,HERR,name:Luther-divine-capitalization
Deut.5.16,59,63,59,63,HErr,HERR,name:Luther-divine-capitalization
Deut.5.16,165,169,165,169,HErr,HERR,name:Luther-divine-capitalization
Deut.5.21,41,47,41,45,Weibes,Frau,word:Weib-Frau
Deut.5.22,28,32,28,32,HErr,HERR,name:Luther-divine-capitalization
Deut.5.24,24,28,24,28,HErr,HERR,name:Luther-divine-capitalization
Deut.5.25,84,89,84,89,HErrn,HERRN,name:Luther-divine-capitalization
Deut.5.27,39,43,39,43,HErr,HERR,name:Luther-divine-capitalization
Deut.5.27,95,99,95,99,HErr,HERR,name:Luther-divine-capitalization
Deut.5.28,12,16,12,16,HErr,HERR,name:Luther-divine-capitalization
Deut.5.32,45,49,45,49,HErr,HERR,name:Luther-divine-capitalization
Deut.5.33,45,49,45,49,HErr,HERR,name:Luther-divine-capitalization
Deut.6.1,58,62,58,62,HErr,HERR,name:Luther-divine-capitalization
Deut.6.2,12,17,12,17,HErrn,HERRN,name:Luther-divine-capitalization
Deut.6.3,114,118,114,118,HErr,HERR,name:Luther-divine-capitalization
Deut.6.4,18,22,18,22,HErr,HERR,name:Luther-divine-capitalization
Deut.6.4,52,56,52,56,HErr,HERR,name:Luther-divine-capitalization
Deut.6.5,18,23,18,23,HErrn,HERRN,name:Luther-divine-capitalization
Deut.6.10,18,22,18,22,HErr,HERR,name:Luther-divine-capitalization
Deut.6.12,32,37,32,37,HErrn,HERRN,name:Luther-divine-capitalization
Deut.6.13,22,27,22,27,HErrn,HERRN,name:Luther-divine-capitalization
Deut.6.15,9,13,9,13,HErr,HERR,name:Luther-divine-capitalization
Deut.6.15,85,90,85,90,HErrn,HERRN,name:Luther-divine-capitalization
Deut.6.16,14,19,14,19,HErrn,HERRN,name:Luther-divine-capitalization
Deut.6.17,36,41,36,41,HErrn,HERRN,name:Luther-divine-capitalization
Deut.6.18,54,59,54,59,HErrn,HERRN,name:Luther-divine-capitalization
Deut.6.18,145,149,145,149,HErr,HERR,name:Luther-divine-capitalization
Deut.6.19,51,55,51,55,HErr,HERR,name:Luther-divine-capitalization
Deut.6.20,125,129,125,129,HErr,HERR,name:Luther-divine-capitalization
Deut.6.21,81,85,81,85,HErr,HERR,name:Luther-divine-capitalization
Deut.6.22,8,12,8,12,HErr,HERR,name:Luther-divine-capitalization
Deut.6.24,8,12,8,12,HErr,HERR,name:Luther-divine-capitalization
Deut.6.24,77,82,77,82,HErrn,HERRN,name:Luther-divine-capitalization
Deut.6.25,46,51,46,51,HErrn,HERRN,name:Luther-divine-capitalization
Deut.7.1,14,18,14,18,HErr,HERR,name:Luther-divine-capitalization
Deut.7.2,17,21,17,21,HErr,HERR,name:Luther-divine-capitalization
Deut.7.4,98,103,98,103,HErrn,HERRN,name:Luther-divine-capitalization
Deut.7.6,35,40,35,40,HErrn,HERRN,name:Luther-divine-capitalization
Deut.7.6,68,72,68,72,HErr,HERR,name:Luther-divine-capitalization
Deut.7.7,19,23,19,23,HErr,HERR,name:Luther-divine-capitalization
Deut.7.9,34,38,34,38,HErr,HERR,name:Luther-divine-capitalization
Deut.7.12,75,79,75,79,HErr,HERR,name:Luther-divine-capitalization
Deut.7.15,4,8,4,8,HErr,HERR,name:Luther-divine-capitalization
Deut.7.16,40,44,40,44,HErr,HERR,name:Luther-divine-capitalization
Deut.7.18,50,54,50,54,HErr,HERR,name:Luther-divine-capitalization
Deut.7.19,144,148,144,148,HErr,HERR,name:Luther-divine-capitalization
Deut.7.19,186,190,186,190,HErr,HERR,name:Luther-divine-capitalization
Deut.7.20,14,18,14,18,HErr,HERR,name:Luther-divine-capitalization
Deut.7.21,42,46,42,46,HErr,HERR,name:Luther-divine-capitalization
Deut.7.22,8,12,8,12,HErr,HERR,name:Luther-divine-capitalization
Deut.7.23,4,8,4,8,HErr,HERR,name:Luther-divine-capitalization
Deut.7.25,205,210,205,210,HErrn,HERRN,name:Luther-divine-capitalization
Deut.8.1,166,170,166,170,HErr,HERR,name:Luther-divine-capitalization
Deut.8.2,48,52,48,52,HErr,HERR,name:Luther-divine-capitalization
Deut.8.3,219,224,219,224,HErrn,HERRN,name:Luther-divine-capitalization
Deut.8.5,45,49,45,49,HErr,HERR,name:Luther-divine-capitalization
Deut.8.6,28,33,28,33,HErrn,HERRN,name:Luther-divine-capitalization
Deut.8.7,9,13,9,13,HErr,HERR,name:Luther-divine-capitalization
Deut.8.10,55,60,55,60,HErrn,HERRN,name:Luther-divine-capitalization
Deut.8.11,30,35,30,35,HErrn,HERRN,name:Luther-divine-capitalization
Deut.8.14,62,67,62,67,HErrn,HERRN,name:Luther-divine-capitalization
Deut.8.18,23,28,23,28,HErrn,HERRN,name:Luther-divine-capitalization
Deut.8.19,18,23,18,23,HErrn,HERRN,name:Luther-divine-capitalization
Deut.8.20,29,33,29,33,HErr,HERR,name:Luther-divine-capitalization
Deut.8.20,143,148,143,148,HErrn,HERRN,name:Luther-divine-capitalization
Deut.9.3,36,40,36,40,HErr,HERR,name:Luther-divine-capitalization
Deut.9.3,215,219,215,219,HErr,HERR,name:Luther-divine-capitalization
Deut.9.4,13,17,13,17,HErr,HERR,name:Luther-divine-capitalization
Deut.9.4,101,105,101,105,HErr,HERR,name:Luther-divine-capitalization
Deut.9.4,201,205,201,205,HErr,HERR,name:Luther-divine-capitalization
Deut.9.5,127,131,127,131,HErr,HERR,name:Luther-divine-capitalization
Deut.9.5,233,237,233,237,HErr,HERR,name:Luther-divine-capitalization
Deut.9.6,23,27,23,27,HErr,HERR,name:Luther-divine-capitalization
Deut.9.7,39,44,39,44,HErrn,HERRN,name:Luther-divine-capitalization
Deut.9.7,199,204,199,204,HErrn,HERRN,name:Luther-divine-capitalization
Deut.9.8,32,37,32,37,HErrn,HERRN,name:Luther-divine-capitalization
Deut.9.9,101,105,101,105,HErr,HERR,name:Luther-divine-capitalization
Deut.9.10,12,16,12,16,HErr,HERR,name:Luther-divine-capitalization
Deut.9.10,115,119,115,119,HErr,HERR,name:Luther-divine-capitalization
Deut.9.11,49,53,49,53,HErr,HERR,name:Luther-divine-capitalization
Deut.9.13,8,12,8,12,HErr,HERR,name:Luther-divine-capitalization
Deut.9.16,49,54,49,54,HErrn,HERRN,name:Luther-divine-capitalization
Deut.9.16,183,187,183,187,HErr,HERR,name:Luther-divine-capitalization
Deut.9.18,24,29,24,29,HErrn,HERRN,name:Luther-divine-capitalization
Deut.9.18,189,194,189,194,HErrn,HERRN,name:Luther-divine-capitalization
Deut.9.19,60,64,60,64,HErr,HERR,name:Luther-divine-capitalization
Deut.9.19,128,132,128,132,HErr,HERR,name:Luther-divine-capitalization
Deut.9.20,13,17,13,17,HErr,HERR,name:Luther-divine-capitalization
Deut.9.22,21,26,21,26,HErrn,HERRN,name:Luther-divine-capitalization
Deut.9.23,150,155,150,155,HErrn,HERRN,name:Luther-divine-capitalization
Deut.9.24,29,34,29,34,HErrn,HERRN,name:Luther-divine-capitalization
Deut.9.25,29,34,29,34,HErrn,HERRN,name:Luther-divine-capitalization
Deut.9.25,86,90,86,90,HErr,HERR,name:Luther-divine-capitalization
Deut.9.26,17,22,17,22,HErrn,HERRN,name:Luther-divine-capitalization
Deut.9.26,40,44,40,44,HErr,HERR,name:Luther-divine-capitalization
Deut.9.28,58,62,58,62,HErr,HERR,name:Luther-divine-capitalization
Deut.10.1,29,33,29,33,HErr,HERR,name:Luther-divine-capitalization
Deut.10.4,81,85,81,85,HErr,HERR,name:Luther-divine-capitalization
Deut.10.4,163,167,163,167,HErr,HERR,name:Luther-divine-capitalization
Deut.10.5,133,137,133,137,HErr,HERR,name:Luther-divine-capitalization
Deut.10.8,29,33,29,33,HErr,HERR,name:Luther-divine-capitalization
Deut.10.8,78,83,78,83,HErrn,HERRN,name:Luther-divine-capitalization
Deut.10.8,116,121,116,121,HErrn,HERRN,name:Luther-divine-capitalization
Deut.10.9,79,83,79,83,HErr,HERR,name:Luther-divine-capitalization
Deut.10.9,106,110,106,110,HErr,HERR,name:Luther-divine-capitalization
Deut.10.10,79,83,79,83,HErr,HERR,name:Luther-divine-capitalization
Deut.10.12,29,33,29,33,HErr,HERR,name:Luther-divine-capitalization
Deut.10.12,72,77,72,77,HErrn,HERRN,name:Luther-divine-capitalization
Deut.10.12,174,179,174,179,HErrn,HERRN,name:Luther-divine-capitalization
Deut.10.13,23,28,23,28,HErrn,HERRN,name:Luther-divine-capitalization
Deut.10.14,96,101,96,101,HErrn,HERRN,name:Luther-divine-capitalization
Deut.10.17,9,13,9,13,HErr,HERR,name:Luther-divine-capitalization
Deut.10.20,4,9,4,9,HErrn,HERRN,name:Luther-divine-capitalization
Deut.10.22,74,78,74,78,HErr,HERR,name:Luther-divine-capitalization
Deut.11.1,21,26,21,26,HErrn,HERRN,name:Luther-divine-capitalization
Deut.11.2,96,101,96,101,HErrn,HERRN,name:Luther-divine-capitalization
Deut.11.4,159,163,159,163,HErr,HERR,name:Luther-divine-capitalization
Deut.11.7,43,48,43,48,HErrn,HERRN,name:Luther-divine-capitalization
Deut.11.9,47,51,47,51,HErr,HERR,name:Luther-divine-capitalization
Deut.11.12,19,23,19,23,HErr,HERR,name:Luther-divine-capitalization
Deut.11.12,62,67,62,67,HErrn,HERRN,name:Luther-divine-capitalization
Deut.11.13,70,75,70,75,HErrn,HERRN,name:Luther-divine-capitalization
Deut.11.17,27,32,27,32,HErrn,HERRN,name:Luther-divine-capitalization
Deut.11.17,194,198,194,198,HErr,HERR,name:Luther-divine-capitalization
Deut.11.21,59,63,59,63,HErr,HERR,name:Luther-divine-capitalization
Deut.11.22,102,107,102,107,HErrn,HERRN,name:Luther-divine-capitalization
Deut.11.23,11,15,11,15,HErr,HERR,name:Luther-divine-capitalization
Deut.11.25,77,81,77,81,HErr,HERR,name:Luther-divine-capitalization
Deut.11.27,43,48,43,48,HErrn,HERRN,name:Luther-divine-capitalization
Deut.11.28,62,67,62,67,HErrn,HERRN,name:Luther-divine-capitalization
Deut.11.29,14,18,14,18,HErr,HERR,name:Luther-divine-capitalization
Deut.11.31,97,101,97,101,HErr,HERR,name:Luther-divine-capitalization
Deut.12.1,97,101,97,101,HErr,HERR,name:Luther-divine-capitalization
Deut.12.4,14,19,14,19,HErrn,HERRN,name:Luther-divine-capitalization
Deut.12.5,25,29,25,29,HErr,HERR,name:Luther-divine-capitalization
Deut.12.7,27,32,27,32,HErrn,HERRN,name:Luther-divine-capitalization
Deut.12.7,148,152,148,152,HErr,HERR,name:Luther-divine-capitalization
Deut.12.9,83,87,83,87,HErr,HERR,name:Luther-divine-capitalization
Deut.12.10,76,80,76,80,HErr,HERR,name:Luther-divine-capitalization
Deut.12.11,13,17,13,17,HErr,HERR,name:Luther-divine-capitalization
Deut.12.11,243,248,243,248,HErrn,HERRN,name:Luther-divine-capitalization
Deut.12.12,32,37,32,37,HErrn,HERRN,name:Luther-divine-capitalization
Deut.12.14,28,32,28,32,HErr,HERR,name:Luther-divine-capitalization
Deut.12.15,115,120,115,120,HErrn,HERRN,name:Luther-divine-capitalization
Deut.12.18,16,21,16,21,HErrn,HERRN,name:Luther-divine-capitalization
Deut.12.18,80,84,80,84,HErr,HERR,name:Luther-divine-capitalization
Deut.12.18,239,244,239,244,HErrn,HERRN,name:Luther-divine-capitalization
Deut.12.20,14,18,14,18,HErr,HERR,name:Luther-divine-capitalization
Deut.12.21,42,46,42,46,HErr,HERR,name:Luther-divine-capitalization
Deut.12.21,174,178,174,178,HErr,HERR,name:Luther-divine-capitalization
Deut.12.25,125,130,125,130,HErrn,HERRN,name:Luther-divine-capitalization
Deut.12.26,121,125,121,125,HErr,HERR,name:Luther-divine-capitalization
Deut.12.27,63,68,63,68,HErrn,HERRN,name:Luther-divine-capitalization
Deut.12.27,154,159,154,159,HErrn,HERRN,name:Luther-divine-capitalization
Deut.12.28,175,180,175,180,HErrn,HERRN,name:Luther-divine-capitalization
Deut.12.29,9,13,9,13,HErr,HERR,name:Luther-divine-capitalization
Deut.12.31,25,30,25,30,HErrn,HERRN,name:Luther-divine-capitalization
Deut.12.31,100,105,100,105,HErrn,HERRN,name:Luther-divine-capitalization
Deut.13.4,82,86,82,86,HErr,HERR,name:Luther-divine-capitalization
Deut.13.5,19,24,19,24,HErrn,HERRN,name:Luther-divine-capitalization
Deut.13.6,76,81,76,81,HErrn,HERRN,name:Luther-divine-capitalization
Deut.13.6,232,236,232,236,HErr,HERR,name:Luther-divine-capitalization
Deut.13.7,82,85,82,85,das,die,grammar:Frau-determiner
Deut.13.7,86,90,86,90,Weib,Frau,word:Weib-Frau
Deut.13.11,75,80,75,80,HErrn,HERRN,name:Luther-divine-capitalization
Deut.13.13,49,53,49,53,HErr,HERR,name:Luther-divine-capitalization
Deut.13.17,133,138,133,138,HErrn,HERRN,name:Luther-divine-capitalization
Deut.13.18,65,69,65,69,HErr,HERR,name:Luther-divine-capitalization
Deut.13.19,29,34,29,34,HErrn,HERRN,name:Luther-divine-capitalization
Deut.13.19,168,173,168,173,HErrn,HERRN,name:Luther-divine-capitalization
Deut.14.1,20,25,20,25,HErrn,HERRN,name:Luther-divine-capitalization
Deut.14.2,35,40,35,40,HErrn,HERRN,name:Luther-divine-capitalization
Deut.14.2,63,67,63,67,HErr,HERR,name:Luther-divine-capitalization
Deut.14.5,32,37,32,37,Gemse,Gämse,orthography:wordlist
Deut.14.21,167,172,167,172,HErrn,HERRN,name:Luther-divine-capitalization
Deut.14.23,31,36,31,36,HErrn,HERRN,name:Luther-divine-capitalization
Deut.14.23,262,267,262,267,HErrn,HERRN,name:Luther-divine-capitalization
Deut.14.24,122,126,122,126,HErr,HERR,name:Luther-divine-capitalization
Deut.14.24,205,209,205,209,HErr,HERR,name:Luther-divine-capitalization
Deut.14.25,83,87,83,87,HErr,HERR,name:Luther-divine-capitalization
Deut.14.26,164,169,164,169,HErrn,HERRN,name:Luther-divine-capitalization
Deut.14.29,181,185,181,185,HErr,HERR,name:Luther-divine-capitalization
Deut.15.2,214,219,214,219,HErrn,HERRN,name:Luther-divine-capitalization
Deut.15.4,58,62,58,62,HErr,HERR,name:Luther-divine-capitalization
Deut.15.4,106,110,106,110,HErr,HERR,name:Luther-divine-capitalization
Deut.15.5,31,36,31,36,HErrn,HERRN,name:Luther-divine-capitalization
Deut.15.6,9,13,9,13,HErr,HERR,name:Luther-divine-capitalization
Deut.15.7,85,89,85,89,HErr,HERR,name:Luther-divine-capitalization
Deut.15.9,227,232,227,232,HErrn,HERRN,name:Luther-divine-capitalization
Deut.15.10,123,127,123,127,HErr,HERR,name:Luther-divine-capitalization
Deut.15.14,121,125,121,125,HErr,HERR,name:Luther-divine-capitalization
Deut.15.15,62,66,62,66,HErr,HERR,name:Luther-divine-capitalization
Deut.15.18,144,148,144,148,HErr,HERR,name:Luther-divine-capitalization
Deut.15.19,104,109,104,109,HErrn,HERRN,name:Luther-divine-capitalization
Deut.15.20,8,13,8,13,HErrn,HERRN,name:Luther-divine-capitalization
Deut.15.20,80,84,80,84,HErr,HERR,name:Luther-divine-capitalization
Deut.15.21,126,131,126,131,HErrn,HERRN,name:Luther-divine-capitalization
Deut.16.1,49,54,49,54,HErrn,HERRN,name:Luther-divine-capitalization
Deut.16.1,101,105,101,105,HErr,HERR,name:Luther-divine-capitalization
Deut.16.2,15,20,15,20,HErrn,HERRN,name:Luther-divine-capitalization
Deut.16.2,100,104,100,104,HErr,HERR,name:Luther-divine-capitalization
Deut.16.5,75,79,75,79,HErr,HERR,name:Luther-divine-capitalization
Deut.16.6,31,35,31,35,HErr,HERR,name:Luther-divine-capitalization
Deut.16.7,53,57,53,57,HErr,HERR,name:Luther-divine-capitalization
Deut.16.8,86,91,86,91,HErrn,HERRN,name:Luther-divine-capitalization
Deut.16.10,42,47,42,47,HErrn,HERRN,name:Luther-divine-capitalization
Deut.16.10,130,134,130,134,HErr,HERR,name:Luther-divine-capitalization
Deut.16.11,33,38,33,38,HErrn,HERRN,name:Luther-divine-capitalization
Deut.16.11,232,236,232,236,HErr,HERR,name:Luther-divine-capitalization
Deut.16.15,26,31,26,31,HErrn,HERRN,name:Luther-divine-capitalization
Deut.16.15,85,89,85,89,HErr,HERR,name:Luther-divine-capitalization
Deut.16.15,114,118,114,118,HErr,HERR,name:Luther-divine-capitalization
Deut.16.16,67,72,67,72,HErrn,HERRN,name:Luther-divine-capitalization
Deut.16.16,122,126,122,126,HErr,HERR,name:Luther-divine-capitalization
Deut.16.16,262,267,262,267,HErrn,HERRN,name:Luther-divine-capitalization
Deut.16.17,69,73,69,73,HErr,HERR,name:Luther-divine-capitalization
Deut.16.18,77,81,77,81,HErr,HERR,name:Luther-divine-capitalization
Deut.16.20,101,105,101,105,HErr,HERR,name:Luther-divine-capitalization
Deut.16.21,60,65,60,65,HErrn,HERRN,name:Luther-divine-capitalization
Deut.16.22,45,49,45,49,HErr,HERR,name:Luther-divine-capitalization
Deut.17.1,14,19,14,19,HErrn,HERRN,name:Luther-divine-capitalization
Deut.17.1,135,140,135,140,HErrn,HERRN,name:Luther-divine-capitalization
Deut.17.2,46,50,46,50,HErr,HERR,name:Luther-divine-capitalization
Deut.17.2,107,111,107,111,Weib,Frau,word:Weib-Frau
Deut.17.2,147,152,147,152,HErrn,HERRN,name:Luther-divine-capitalization
Deut.17.5,27,30,27,30,das,die,grammar:Frau-determiner
Deut.17.5,31,35,31,35,Weib,Frau,word:Weib-Frau
Deut.17.8,245,249,245,249,HErr,HERR,name:Luther-divine-capitalization
Deut.17.10,69,73,69,73,HErr,HERR,name:Luther-divine-capitalization
Deut.17.12,97,102,97,102,HErrn,HERRN,name:Luther-divine-capitalization
Deut.17.14,40,44,40,44,HErr,HERR,name:Luther-divine-capitalization
Deut.17.15,53,57,53,57,HErr,HERR,name:Luther-divine-capitalization
Deut.17.16,124,128,124,128,HErr,HERR,name:Luther-divine-capitalization
Deut.17.17,25,31,25,31,Weiber,Frauen,word:Weib-Frau
Deut.17.19,95,100,95,100,HErrn,HERRN,name:Luther-divine-capitalization
Deut.18.1,111,116,111,116,HErrn,HERRN,name:Luther-divine-capitalization
Deut.18.2,63,67,63,67,HErr,HERR,name:Luther-divine-capitalization
Deut.18.5,9,13,9,13,HErr,HERR,name:Luther-divine-capitalization
Deut.18.5,105,110,105,110,HErrn,HERRN,name:Luther-divine-capitalization
Deut.18.6,163,167,163,167,HErr,HERR,name:Luther-divine-capitalization
Deut.18.7,27,32,27,32,HErrn,HERRN,name:Luther-divine-capitalization
Deut.18.7,106,110,106,110,HErr,HERR,name:Luther-divine-capitalization
Deut.18.9,40,44,40,44,HErr,HERR,name:Luther-divine-capitalization
Deut.18.12,34,39,34,39,HErrn,HERRN,name:Luther-divine-capitalization
Deut.18.12,99,103,99,103,HErr,HERR,name:Luther-divine-capitalization
Deut.18.13,42,47,42,47,HErrn,HERRN,name:Luther-divine-capitalization
Deut.18.14,140,145,140,145,HErrn,HERRN,name:Luther-divine-capitalization
Deut.18.15,34,38,34,38,HErr,HERR,name:Luther-divine-capitalization
Deut.18.16,20,25,20,25,HErrn,HERRN,name:Luther-divine-capitalization
Deut.18.16,149,154,149,154,HErrn,HERRN,name:Luther-divine-capitalization
Deut.18.17,8,12,8,12,HErr,HERR,name:Luther-divine-capitalization
Deut.18.21,81,85,81,85,HErr,HERR,name:Luther-divine-capitalization
Deut.18.22,40,45,40,45,HErrn,HERRN,name:Luther-divine-capitalization
Deut.18.22,119,123,119,123,HErr,HERR,name:Luther-divine-capitalization
Deut.19.1,9,13,9,13,HErr,HERR,name:Luther-divine-capitalization
Deut.19.1,75,79,75,79,HErr,HERR,name:Luther-divine-capitalization
Deut.19.2,63,67,63,67,HErr,HERR,name:Luther-divine-capitalization
Deut.19.3,77,81,77,81,HErr,HERR,name:Luther-divine-capitalization
Deut.19.8,13,17,13,17,HErr,HERR,name:Luther-divine-capitalization
Deut.19.9,107,112,107,112,HErrn,HERRN,name:Luther-divine-capitalization
Deut.19.10,76,80,76,80,HErr,HERR,name:Luther-divine-capitalization
Deut.19.14,145,149,145,149,HErr,HERR,name:Luther-divine-capitalization
Deut.19.17,71,76,71,76,HErrn,HERRN,name:Luther-divine-capitalization
Deut.20.1,154,158,154,158,HErr,HERR,name:Luther-divine-capitalization
Deut.20.4,9,13,9,13,HErr,HERR,name:Luther-divine-capitalization
Deut.20.7,8,11,8,12,ein,eine,grammar:Frau-determiner
Deut.20.7,12,16,13,17,Weib,Frau,word:Weib-Frau
Deut.20.13,17,21,17,21,HErr,HERR,name:Luther-divine-capitalization
Deut.20.14,11,17,11,17,Weiber,Frauen,word:Weib-Frau
Deut.20.14,183,187,183,187,HErr,HERR,name:Luther-divine-capitalization
Deut.20.16,47,51,47,51,HErr,HERR,name:Luther-divine-capitalization
Deut.20.17,121,125,121,125,HErr,HERR,name:Luther-divine-capitalization
Deut.20.18,110,114,110,114,HErr,HERR,name:Luther-divine-capitalization
Deut.21.1,61,65,61,65,HErr,HERR,name:Luther-divine-capitalization
Deut.21.5,62,66,62,66,HErr,HERR,name:Luther-divine-capitalization
Deut.21.8,39,43,39,43,HErr,HERR,name:Luther-divine-capitalization
Deut.21.9,95,100,95,100,HErrn,HERRN,name:Luther-divine-capitalization
Deut.21.10,59,63,59,63,HErr,HERR,name:Luther-divine-capitalization
Deut.21.11,32,35,32,36,ein,eine,grammar:Frau-determiner
Deut.21.11,36,43,37,43,schönes,schöne,grammar:Frau-adjective
Deut.21.11,44,48,44,48,Weib,Frau,word:Weib-Frau
Deut.21.11,83,86,83,86,zum,zur,grammar:Frau-determiner
Deut.21.11,87,92,87,91,Weibe,Frau,word:Weib-Frau
Deut.21.13,198,202,198,203,dein,deine,grammar:Frau-determiner
Deut.21.13,203,207,204,208,Weib,Frau,word:Weib-Frau
Deut.21.15,17,23,17,23,Weiber,Frauen,word:Weib-Frau
Deut.21.23,209,213,209,213,HErr,HERR,name:Luther-divine-capitalization
Deut.22.5,0,3,0,4,Ein,Eine,grammar:Frau-determiner
Deut.22.5,4,8,5,9,Weib,Frau,word:Weib-Frau
Deut.22.5,119,124,120,125,HErrn,HERRN,name:Luther-divine-capitalization
Deut.22.13,12,15,12,16,ein,eine,grammar:Frau-determiner
Deut.22.13,16,20,17,21,Weib,Frau,word:Weib-Frau
Deut.22.14,92,95,92,95,Das,Die,grammar:Frau-determiner
Deut.22.14,96,100,96,100,Weib,Frau,word:Weib-Frau
Deut.22.16,83,86,83,86,zum,zur,grammar:Frau-determiner
Deut.22.16,87,92,87,91,Weibe,Frau,word:Weib-Frau
Deut.22.19,136,139,136,139,zum,zur,grammar:Frau-determiner
Deut.22.19,140,145,140,144,Weibe,Frau,word:Weib-Frau
Deut.22.22,35,40,35,40,einem,einer,grammar:Frau-determiner
Deut.22.22,41,46,41,45,Weibe,Frau,word:Weib-Frau
Deut.22.22,121,124,120,123,das,die,grammar:Frau-determiner
Deut.22.22,125,129,124,128,Weib,Frau,word:Weib-Frau
Deut.22.24,222,226,222,226,Weib,Frau,word:Weib-Frau
Deut.22.29,83,86,83,86,zum,zur,grammar:Frau-determiner
Deut.22.29,87,92,87,91,Weibe,Frau,word:Weib-Frau
Deut.23.1,27,31,27,31,Weib,Frau,word:Weib-Frau
Deut.23.2,65,70,65,70,HErrn,HERRN,name:Luther-divine-capitalization
Deut.23.3,48,53,48,53,HErrn,HERRN,name:Luther-divine-capitalization
Deut.23.3,139,144,139,144,HErrn,HERRN,name:Luther-divine-capitalization
Deut.23.4,60,65,60,65,HErrn,HERRN,name:Luther-divine-capitalization
Deut.23.6,9,13,9,13,HErr,HERR,name:Luther-divine-capitalization
Deut.23.6,114,118,114,118,HErr,HERR,name:Luther-divine-capitalization
Deut.23.9,72,77,72,77,HErrn,HERRN,name:Luther-divine-capitalization
Deut.23.15,9,13,9,13,HErr,HERR,name:Luther-divine-capitalization
Deut.23.19,58,63,58,63,HErrn,HERRN,name:Luther-divine-capitalization
Deut.23.19,130,135,130,135,HErrn,HERRN,name:Luther-divine-capitalization
Deut.23.21,88,92,88,92,HErr,HERR,name:Luther-divine-capitalization
Deut.23.22,12,17,12,17,HErrn,HERRN,name:Luther-divine-capitalization
Deut.23.22,102,106,102,106,HErr,HERR,name:Luther-divine-capitalization
Deut.23.24,88,93,88,93,HErrn,HERRN,name:Luther-divine-capitalization
Deut.24.1,12,15,12,16,ein,eine,grammar:Frau-determiner
Deut.24.1,16,20,17,21,Weib,Frau,word:Weib-Frau
Deut.24.2,79,83,79,83,Weib,Frau,word:Weib-Frau
Deut.24.3,173,176,173,176,zum,zur,grammar:Frau-determiner
Deut.24.3,177,182,177,181,Weibe,Frau,word:Weib-Frau
Deut.24.4,78,82,78,83,sein,seine,grammar:Frau-determiner
Deut.24.4,83,87,84,88,Weib,Frau,word:Weib-Frau
Deut.24.4,154,159,155,160,HErrn,HERRN,name:Luther-divine-capitalization
Deut.24.4,227,231,228,232,HErr,HERR,name:Luther-divine-capitalization
Deut.24.5,23,26,23,27,ein,eine,grammar:Frau-determiner
Deut.24.5,27,31,28,32,Weib,Frau,word:Weib-Frau
Deut.24.5,194,200,195,201,seinem,seiner,grammar:Frau-determiner
Deut.24.5,201,206,202,206,Weibe,Frau,word:Weib-Frau
Deut.24.5,208,211,208,211,das,die,grammar:Frau-relative
Deut.24.9,17,21,17,21,HErr,HERR,name:Luther-divine-capitalization
Deut.24.13,139,144,139,144,HErrn,HERRN,name:Luther-divine-capitalization
Deut.24.15,172,177,172,177,HErrn,HERRN,name:Luther-divine-capitalization
Deut.24.18,72,76,72,76,HErr,HERR,name:Luther-divine-capitalization
Deut.24.19,209,213,209,213,HErr,HERR,name:Luther-divine-capitalization
Deut.25.5,86,90,86,90,Weib,Frau,word:Weib-Frau
Deut.25.5,182,185,182,185,zum,zur,grammar:Frau-determiner
Deut.25.5,186,191,186,190,Weibe,Frau,word:Weib-Frau
Deut.25.11,50,54,50,54,Weib,Frau,word:Weib-Frau
Deut.25.15,144,148,144,148,HErr,HERR,name:Luther-divine-capitalization
Deut.25.16,34,39,34,39,HErrn,HERRN,name:Luther-divine-capitalization
Deut.25.19,13,17,13,17,HErr,HERR,name:Luther-divine-capitalization
Deut.25.19,104,108,104,108,HErr,HERR,name:Luther-divine-capitalization
Deut.26.1,40,44,40,44,HErr,HERR,name:Luther-divine-capitalization
Deut.26.2,88,92,88,92,HErr,HERR,name:Luther-divine-capitalization
Deut.26.2,183,187,183,187,HErr,HERR,name:Luther-divine-capitalization
Deut.26.3,99,104,99,104,HErrn,HERRN,name:Luther-divine-capitalization
Deut.26.3,162,166,162,166,HErr,HERR,name:Luther-divine-capitalization
Deut.26.4,76,81,76,81,HErrn,HERRN,name:Luther-divine-capitalization
Deut.26.5,41,46,41,46,HErrn,HERRN,name:Luther-divine-capitalization
Deut.26.7,22,27,22,27,HErrn,HERRN,name:Luther-divine-capitalization
Deut.26.7,61,65,61,65,HErr,HERR,name:Luther-divine-capitalization
Deut.26.10,54,58,54,58,HErr,HERR,name:Luther-divine-capitalization
Deut.26.10,108,113,108,113,HErrn,HERRN,name:Luther-divine-capitalization
Deut.26.10,148,153,148,153,HErrn,HERRN,name:Luther-divine-capitalization
Deut.26.11,46,50,46,50,HErr,HERR,name:Luther-divine-capitalization
Deut.26.13,28,33,28,33,HErrn,HERRN,name:Luther-divine-capitalization
Deut.26.14,157,162,157,162,HErrn,HERRN,name:Luther-divine-capitalization
Deut.26.16,31,35,31,35,HErr,HERR,name:Luther-divine-capitalization
Deut.26.17,4,9,4,9,HErrn,HERRN,name:Luther-divine-capitalization
Deut.26.18,8,12,8,12,HErr,HERR,name:Luther-divine-capitalization
Deut.26.19,138,143,138,143,HErrn,HERRN,name:Luther-divine-capitalization
Deut.27.2,72,76,72,76,HErr,HERR,name:Luther-divine-capitalization
Deut.27.3,113,117,113,117,HErr,HERR,name:Luther-divine-capitalization
Deut.27.3,194,198,194,198,HErr,HERR,name:Luther-divine-capitalization
Deut.27.5,24,29,24,29,HErrn,HERRN,name:Luther-divine-capitalization
Deut.27.6,46,51,46,51,HErrn,HERRN,name:Luther-divine-capitalization
Deut.27.6,105,110,105,110,HErrn,HERRN,name:Luther-divine-capitalization
Deut.27.7,73,78,73,78,HErrn,HERRN,name:Luther-divine-capitalization
Deut.27.9,147,152,147,152,HErrn,HERRN,name:Luther-divine-capitalization
Deut.27.10,23,28,23,28,HErrn,HERRN,name:Luther-divine-capitalization
Deut.27.15,81,86,81,86,HErrn,HERRN,name:Luther-divine-capitalization
Deut.27.20,37,42,37,41,Weibe,Frau,word:Weib-Frau
Deut.28.1,27,32,27,32,HErrn,HERRN,name:Luther-divine-capitalization
Deut.28.1,153,157,153,157,HErr,HERR,name:Luther-divine-capitalization
Deut.28.2,99,104,99,104,HErrn,HERRN,name:Luther-divine-capitalization
Deut.28.7,8,12,8,12,HErr,HERR,name:Luther-divine-capitalization
Deut.28.8,4,8,4,8,HErr,HERR,name:Luther-divine-capitalization
Deut.28.8,150,154,150,154,HErr,HERR,name:Luther-divine-capitalization
Deut.28.9,4,8,4,8,HErr,HERR,name:Luther-divine-capitalization
Deut.28.9,109,114,109,114,HErrn,HERRN,name:Luther-divine-capitalization
Deut.28.10,68,73,68,73,HErrn,HERRN,name:Luther-divine-capitalization
Deut.28.11,8,12,8,12,HErr,HERR,name:Luther-divine-capitalization
Deut.28.11,175,179,175,179,HErr,HERR,name:Luther-divine-capitalization
Deut.28.12,8,12,8,12,HErr,HERR,name:Luther-divine-capitalization
Deut.28.13,8,12,8,12,HErr,HERR,name:Luther-divine-capitalization
Deut.28.13,158,163,158,163,HErrn,HERRN,name:Luther-divine-capitalization
Deut.28.15,50,55,50,55,HErrn,HERRN,name:Luther-divine-capitalization
Deut.28.20,4,8,4,8,HErr,HERR,name:Luther-divine-capitalization
Deut.28.21,4,8,4,8,HErr,HERR,name:Luther-divine-capitalization
Deut.28.22,4,8,4,8,HErr,HERR,name:Luther-divine-capitalization
Deut.28.24,4,8,4,8,HErr,HERR,name:Luther-divine-capitalization
Deut.28.25,4,8,4,8,HErr,HERR,name:Luther-divine-capitalization
Deut.28.27,4,8,4,8,HErr,HERR,name:Luther-divine-capitalization
Deut.28.28,4,8,4,8,HErr,HERR,name:Luther-divine-capitalization
Deut.28.30,0,3,0,4,Ein,Eine,grammar:Frau-determiner
Deut.28.30,4,8,5,9,Weib,Frau,word:Weib-Frau
Deut.28.35,4,8,4,8,HErr,HERR,name:Luther-divine-capitalization
Deut.28.36,4,8,4,8,HErr,HERR,name:Luther-divine-capitalization
Deut.28.37,93,97,93,97,HErr,HERR,name:Luther-divine-capitalization
Deut.28.45,132,137,132,137,HErrn,HERRN,name:Luther-divine-capitalization
Deut.28.47,12,17,12,17,HErrn,HERRN,name:Luther-divine-capitalization
Deut.28.48,40,44,40,44,HErr,HERR,name:Luther-divine-capitalization
Deut.28.49,4,8,4,8,HErr,HERR,name:Luther-divine-capitalization
Deut.28.52,236,240,236,240,HErr,HERR,name:Luther-divine-capitalization
Deut.28.53,98,102,98,102,HErr,HERR,name:Luther-divine-capitalization
Deut.28.54,102,105,102,105,dem,der,grammar:Frau-determiner
Deut.28.54,106,111,106,110,Weibe,Frau,word:Weib-Frau
Deut.28.56,0,3,0,4,Ein,Eine,grammar:Frau-determiner
Deut.28.56,4,8,5,9,Weib,Frau,word:Weib-Frau
Deut.28.58,169,174,169,174,HErrn,HERRN,name:Luther-divine-capitalization
Deut.28.59,12,16,12,16,HErr,HERR,name:Luther-divine-capitalization
Deut.28.61,104,108,104,108,HErr,HERR,name:Luther-divine-capitalization
Deut.28.62,167,172,167,172,HErrn,HERRN,name:Luther-divine-capitalization
Deut.28.63,17,21,17,21,HErr,HERR,name:Luther-divine-capitalization
Deut.28.64,9,13,9,13,HErr,HERR,name:Luther-divine-capitalization
Deut.28.65,119,123,119,123,HErr,HERR,name:Luther-divine-capitalization
Deut.28.68,8,12,8,12,HErr,HERR,name:Luther-divine-capitalization
Deut.28.69,40,44,40,44,HErr,HERR,name:Luther-divine-capitalization
Deut.29.1,84,88,84,88,HErr,HERR,name:Luther-divine-capitalization
Deut.29.3,8,12,8,12,HErr,HERR,name:Luther-divine-capitalization
Deut.29.5,110,114,110,114,HErr,HERR,name:Luther-divine-capitalization
Deut.29.9,30,35,30,35,HErrn,HERRN,name:Luther-divine-capitalization
Deut.29.10,18,24,18,24,Weiber,Frauen,word:Weib-Frau
Deut.29.11,32,37,32,37,HErrn,HERRN,name:Luther-divine-capitalization
Deut.29.11,78,82,78,82,HErr,HERR,name:Luther-divine-capitalization
Deut.29.14,76,81,76,81,HErrn,HERRN,name:Luther-divine-capitalization
Deut.29.17,36,39,36,40,ein,eine,grammar:Frau-determiner
Deut.29.17,40,44,41,45,Weib,Frau,word:Weib-Frau
Deut.29.17,124,129,125,130,HErrn,HERRN,name:Luther-divine-capitalization
Deut.29.19,12,16,12,16,HErr,HERR,name:Luther-divine-capitalization
Deut.29.19,192,196,192,196,HErr,HERR,name:Luther-divine-capitalization
Deut.29.21,204,208,204,208,HErr,HERR,name:Luther-divine-capitalization
Deut.29.22,206,210,206,210,HErr,HERR,name:Luther-divine-capitalization
Deut.29.23,43,47,43,47,HErr,HERR,name:Luther-divine-capitalization
Deut.29.24,47,52,47,52,HErrn,HERRN,name:Luther-divine-capitalization
Deut.29.26,14,19,14,19,HErrn,HERRN,name:Luther-divine-capitalization
Deut.29.27,8,12,8,12,HErr,HERR,name:Luther-divine-capitalization
Deut.29.28,22,27,22,27,HErrn,HERRN,name:Luther-divine-capitalization
Deut.30.1,169,173,169,173,HErr,HERR,name:Luther-divine-capitalization
Deut.30.2,25,30,25,30,HErrn,HERRN,name:Luther-divine-capitalization
Deut.30.3,12,16,12,16,HErr,HERR,name:Luther-divine-capitalization
Deut.30.3,142,146,142,146,HErr,HERR,name:Luther-divine-capitalization
Deut.30.4,71,75,71,75,HErr,HERR,name:Luther-divine-capitalization
Deut.30.6,8,12,8,12,HErr,HERR,name:Luther-divine-capitalization
Deut.30.6,96,101,96,101,HErrn,HERRN,name:Luther-divine-capitalization
Deut.30.7,27,31,27,31,HErr,HERR,name:Luther-divine-capitalization
Deut.30.8,47,52,47,52,HErrn,HERRN,name:Luther-divine-capitalization
Deut.30.9,8,12,8,12,HErr,HERR,name:Luther-divine-capitalization
Deut.30.9,195,199,195,199,HErr,HERR,name:Luther-divine-capitalization
Deut.30.10,29,34,29,34,HErrn,HERRN,name:Luther-divine-capitalization
Deut.30.10,181,186,181,186,HErrn,HERRN,name:Luther-divine-capitalization
Deut.30.16,39,44,39,44,HErrn,HERRN,name:Luther-divine-capitalization
Deut.30.16,191,195,191,195,HErr,HERR,name:Luther-divine-capitalization
Deut.30.20,13,18,13,18,HErrn,HERRN,name:Luther-divine-capitalization
Deut.30.20,170,174,170,174,HErr,HERR,name:Luther-divine-capitalization
Deut.31.2,103,107,103,107,HErr,HERR,name:Luther-divine-capitalization
Deut.31.3,4,8,4,8,HErr,HERR,name:Luther-divine-capitalization
Deut.31.3,178,182,178,182,HErr,HERR,name:Luther-divine-capitalization
Deut.31.4,8,12,8,12,HErr,HERR,name:Luther-divine-capitalization
Deut.31.5,17,21,17,21,HErr,HERR,name:Luther-divine-capitalization
Deut.31.6,96,100,96,100,HErr,HERR,name:Luther-divine-capitalization
Deut.31.7,156,160,156,160,HErr,HERR,name:Luther-divine-capitalization
Deut.31.8,4,8,4,8,HErr,HERR,name:Luther-divine-capitalization
Deut.31.9,100,105,100,105,HErrn,HERRN,name:Luther-divine-capitalization
Deut.31.11,51,56,51,56,HErrn,HERRN,name:Luther-divine-capitalization
Deut.31.12,51,57,51,57,Weiber,Frauen,word:Weib-Frau
Deut.31.12,153,158,153,158,HErrn,HERRN,name:Luther-divine-capitalization
Deut.31.13,72,77,72,77,HErrn,HERRN,name:Luther-divine-capitalization
Deut.31.14,8,12,8,12,HErr,HERR,name:Luther-divine-capitalization
Deut.31.15,4,8,4,8,HErr,HERR,name:Luther-divine-capitalization
Deut.31.16,8,12,8,12,HErr,HERR,name:Luther-divine-capitalization
Deut.31.25,54,59,54,59,HErrn,HERRN,name:Luther-divine-capitalization
Deut.31.26,80,85,80,85,HErrn,HERRN,name:Luther-divine-capitalization
Deut.31.27,138,143,138,143,HErrn,HERRN,name:Luther-divine-capitalization
Deut.31.29,205,210,205,210,HErrn,HERRN,name:Luther-divine-capitalization
Deut.32.3,28,33,28,33,HErrn,HERRN,name:Luther-divine-capitalization
Deut.32.6,20,25,20,25,HErrn,HERRN,name:Luther-divine-capitalization
Deut.32.6,99,103,99,103,HErr,HERR,name:Luther-divine-capitalization
Deut.32.9,9,14,9,14,HErrn,HERRN,name:Luther-divine-capitalization
Deut.32.12,4,8,4,8,HErr,HERR,name:Luther-divine-capitalization
Deut.32.19,14,18,14,18,HErr,HERR,name:Luther-divine-capitalization
Deut.32.27,130,134,130,134,HErr,HERR,name:Luther-divine-capitalization
Deut.32.30,156,160,156,160,HErr,HERR,name:Luther-divine-capitalization
Deut.32.36,9,13,9,13,HErr,HERR,name:Luther-divine-capitalization
Deut.32.48,8,12,8,12,HErr,HERR,name:Luther-divine-capitalization
Deut.33.2,19,23,19,23,HErr,HERR,name:Luther-divine-capitalization
Deut.33.7,41,45,41,45,HErr,HERR,name:Luther-divine-capitalization
Deut.33.11,0,4,0,4,HErr,HERR,name:Luther-divine-capitalization
Deut.33.12,44,49,44,49,HErrn,HERRN,name:Luther-divine-capitalization
Deut.33.13,54,59,54,59,HErrn,HERRN,name:Luther-divine-capitalization
Deut.33.21,165,170,165,170,HErrn,HERRN,name:Luther-divine-capitalization
Deut.33.23,97,102,97,102,HErrn,HERRN,name:Luther-divine-capitalization
Deut.33.29,63,68,63,68,HErrn,HERRN,name:Luther-divine-capitalization
Deut.34.1,124,128,124,128,HErr,HERR,name:Luther-divine-capitalization
Deut.34.4,8,12,8,12,HErr,HERR,name:Luther-divine-capitalization
Deut.34.5,32,37,32,37,HErrn,HERRN,name:Luther-divine-capitalization
Deut.34.5,88,93,88,93,HErrn,HERRN,name:Luther-divine-capitalization
Deut.34.9,168,172,168,172,HErr,HERR,name:Luther-divine-capitalization
Deut.34.10,66,70,66,70,HErr,HERR,name:Luther-divine-capitalization
Deut.34.11,46,50,46,50,HErr,HERR,name:Luther-divine-capitalization
Josh.1.1,37,42,37,42,HErrn,HERRN,name:Luther-divine-capitalization
Josh.1.1,55,59,55,59,HErr,HERR,name:Luther-divine-capitalization
Josh.1.9,120,124,120,124,HErr,HERR,name:Luther-divine-capitalization
Josh.1.11,194,198,194,198,HErr,HERR,name:Luther-divine-capitalization
Josh.1.13,52,57,52,57,HErrn,HERRN,name:Luther-divine-capitalization
Josh.1.13,81,85,81,85,HErr,HERR,name:Luther-divine-capitalization
Josh.1.14,5,11,5,11,Weiber,Frauen,word:Weib-Frau
Josh.1.15,13,17,13,17,HErr,HERR,name:Luther-divine-capitalization
Josh.1.15,109,113,109,113,HErr,HERR,name:Luther-divine-capitalization
Josh.1.15,216,221,216,221,HErrn,HERRN,name:Luther-divine-capitalization
Josh.1.17,91,95,91,95,HErr,HERR,name:Luther-divine-capitalization
Josh.2.4,5,8,5,8,das,die,grammar:Frau-determiner
Josh.2.4,9,13,9,13,Weib,Frau,word:Weib-Frau
Josh.2.9,40,44,40,44,HErr,HERR,name:Luther-divine-capitalization
Josh.2.10,31,35,31,35,HErr,HERR,name:Luther-divine-capitalization
Josh.2.11,109,113,109,113,HErr,HERR,name:Luther-divine-capitalization
Josh.2.12,28,33,28,33,HErrn,HERRN,name:Luther-divine-capitalization
Josh.2.14,88,92,88,92,HErr,HERR,name:Luther-divine-capitalization
Josh.2.24,27,31,27,31,HErr,HERR,name:Luther-divine-capitalization
Josh.3.3,81,86,81,86,HErrn,HERRN,name:Luther-divine-capitalization
Josh.3.5,62,66,62,66,HErr,HERR,name:Luther-divine-capitalization
Josh.3.7,8,12,8,12,HErr,HERR,name:Luther-divine-capitalization
Josh.3.9,71,76,71,76,HErrn,HERRN,name:Luther-divine-capitalization
Josh.3.13,46,51,46,51,HErrn,HERRN,name:Luther-divine-capitalization
Josh.3.17,46,51,46,51,HErrn,HERRN,name:Luther-divine-capitalization
Josh.4.1,62,66,62,66,HErr,HERR,name:Luther-divine-capitalization
Josh.4.5,52,57,52,57,HErrn,HERRN,name:Luther-divine-capitalization
Josh.4.7,97,102,97,102,HErrn,HERRN,name:Luther-divine-capitalization
Josh.4.8,114,118,114,118,HErr,HERR,name:Luther-divine-capitalization
Josh.4.10,108,112,108,112,HErr,HERR,name:Luther-divine-capitalization
Josh.4.11,63,68,63,68,HErrn,HERRN,name:Luther-divine-capitalization
Josh.4.13,45,50,45,50,HErrn,HERRN,name:Luther-divine-capitalization
Josh.4.14,23,27,23,27,HErr,HERR,name:Luther-divine-capitalization
Josh.4.15,8,12,8,12,HErr,HERR,name:Luther-divine-capitalization
Josh.4.18,49,54,49,54,HErrn,HERRN,name:Luther-divine-capitalization
Josh.4.23,7,11,7,11,HErr,HERR,name:Luther-divine-capitalization
Josh.4.23,107,111,107,111,HErr,HERR,name:Luther-divine-capitalization
Josh.4.24,44,49,44,49,HErrn,HERRN,name:Luther-divine-capitalization
Josh.4.24,94,99,94,99,HErrn,HERRN,name:Luther-divine-capitalization
Josh.5.1,134,138,134,138,HErr,HERR,name:Luther-divine-capitalization
Josh.5.2,23,27,23,27,HErr,HERR,name:Luther-divine-capitalization
Josh.5.6,168,173,168,173,HErrn,HERRN,name:Luther-divine-capitalization
Josh.5.6,210,214,210,214,HErr,HERR,name:Luther-divine-capitalization
Josh.5.6,290,294,290,294,HErr,HERR,name:Luther-divine-capitalization
Josh.5.9,8,12,8,12,HErr,HERR,name:Luther-divine-capitalization
Josh.5.14,61,66,61,66,HErrn,HERRN,name:Luther-divine-capitalization
Josh.5.14,180,184,180,184,HErr,HERR,name:Luther-divine-capitalization
Josh.5.15,32,37,32,37,HErrn,HERRN,name:Luther-divine-capitalization
Josh.6.2,9,13,9,13,HErr,HERR,name:Luther-divine-capitalization
Josh.6.6,168,173,168,173,HErrn,HERRN,name:Luther-divine-capitalization
Josh.6.7,104,109,104,109,HErrn,HERRN,name:Luther-divine-capitalization
Josh.6.8,109,114,109,114,HErrn,HERRN,name:Luther-divine-capitalization
Josh.6.8,184,189,184,189,HErrn,HERRN,name:Luther-divine-capitalization
Josh.6.11,23,28,23,28,HErrn,HERRN,name:Luther-divine-capitalization
Josh.6.12,81,86,81,86,HErrn,HERRN,name:Luther-divine-capitalization
Josh.6.13,76,81,76,81,HErrn,HERRN,name:Luther-divine-capitalization
Josh.6.13,195,200,195,200,HErrn,HERRN,name:Luther-divine-capitalization
Josh.6.16,117,121,117,121,HErr,HERR,name:Luther-divine-capitalization
Josh.6.17,52,57,52,57,HErrn,HERRN,name:Luther-divine-capitalization
Josh.6.19,73,78,73,78,HErrn,HERRN,name:Luther-divine-capitalization
Josh.6.19,110,115,110,115,HErrn,HERRN,name:Luther-divine-capitalization
Josh.6.21,83,87,83,87,Weib,Frau,word:Weib-Frau
Josh.6.22,116,119,116,119,das,die,grammar:Frau-determiner
Josh.6.22,120,124,120,124,Weib,Frau,word:Weib-Frau
Josh.6.24,161,166,161,166,HErrn,HERRN,name:Luther-divine-capitalization
Josh.6.26,68,73,68,73,HErrn,HERRN,name:Luther-divine-capitalization
Josh.6.27,13,17,13,17,HErr,HERR,name:Luther-divine-capitalization
Josh.7.1,194,199,194,199,HErrn,HERRN,name:Luther-divine-capitalization
Josh.7.6,87,92,87,92,HErrn,HERRN,name:Luther-divine-capitalization
Josh.7.7,27,31,27,31,HErr,HERR,name:Luther-divine-capitalization
Josh.7.10,14,18,14,18,HErr,HERR,name:Luther-divine-capitalization
Josh.7.13,88,92,88,92,HErr,HERR,name:Luther-divine-capitalization
Josh.7.14,83,87,83,87,HErr,HERR,name:Luther-divine-capitalization
Josh.7.14,187,191,187,191,HErr,HERR,name:Luther-divine-capitalization
Josh.7.14,279,283,279,283,HErr,HERR,name:Luther-divine-capitalization
Josh.7.15,119,124,119,124,HErrn,HERRN,name:Luther-divine-capitalization
Josh.7.19,46,51,46,51,HErrn,HERRN,name:Luther-divine-capitalization
Josh.7.20,80,85,80,85,HErrn,HERRN,name:Luther-divine-capitalization
Josh.7.23,109,114,109,114,HErrn,HERRN,name:Luther-divine-capitalization
Josh.7.25,64,68,64,68,HErr,HERR,name:Luther-divine-capitalization
Josh.7.26,99,103,99,103,HErr,HERR,name:Luther-divine-capitalization
Josh.8.1,8,12,8,12,HErr,HERR,name:Luther-divine-capitalization
Josh.8.7,78,82,78,82,HErr,HERR,name:Luther-divine-capitalization
Josh.8.8,95,100,95,100,HErrn,HERRN,name:Luther-divine-capitalization
Josh.8.18,14,18,14,18,HErr,HERR,name:Luther-divine-capitalization
Josh.8.25,49,55,49,55,Weiber,Frauen,word:Weib-Frau
Josh.8.27,83,88,83,88,HErrn,HERRN,name:Luther-divine-capitalization
Josh.8.30,19,24,19,24,HErrn,HERRN,name:Luther-divine-capitalization
Josh.8.31,26,31,26,31,HErrn,HERRN,name:Luther-divine-capitalization
Josh.8.31,194,199,194,199,HErrn,HERRN,name:Luther-divine-capitalization
Josh.8.33,165,170,165,170,HErrn,HERRN,name:Luther-divine-capitalization
Josh.8.33,329,334,329,334,HErrn,HERRN,name:Luther-divine-capitalization
Josh.8.35,123,130,123,129,Weibern,Frauen,word:Weib-Frau
Josh.9.9,90,95,90,95,HErrn,HERRN,name:Luther-divine-capitalization
Josh.9.14,65,70,65,70,HErrn,HERRN,name:Luther-divine-capitalization
Josh.9.18,93,98,93,98,HErrn,HERRN,name:Luther-divine-capitalization
Josh.9.19,82,87,82,87,HErrn,HERRN,name:Luther-divine-capitalization
Josh.9.24,78,82,78,82,HErr,HERR,name:Luther-divine-capitalization
Josh.9.27,105,110,105,110,HErrn,HERRN,name:Luther-divine-capitalization
Josh.10.8,8,12,8,12,HErr,HERR,name:Luther-divine-capitalization
Josh.10.10,9,13,9,13,HErr,HERR,name:Luther-divine-capitalization
Josh.10.11,67,71,67,71,HErr,HERR,name:Luther-divine-capitalization
Josh.10.12,24,29,24,29,HErrn,HERRN,name:Luther-divine-capitalization
Josh.10.12,48,52,48,52,HErr,HERR,name:Luther-divine-capitalization
Josh.10.14,65,69,65,69,HErr,HERR,name:Luther-divine-capitalization
Josh.10.14,114,118,114,118,HErr,HERR,name:Luther-divine-capitalization
Josh.10.19,140,144,140,144,HErr,HERR,name:Luther-divine-capitalization
Josh.10.25,117,121,117,121,HErr,HERR,name:Luther-divine-capitalization
Josh.10.30,8,12,8,12,HErr,HERR,name:Luther-divine-capitalization
Josh.10.32,8,12,8,12,HErr,HERR,name:Luther-divine-capitalization
Josh.10.40,200,204,200,204,HErr,HERR,name:Luther-divine-capitalization
Josh.10.42,66,70,66,70,HErr,HERR,name:Luther-divine-capitalization
Josh.11.6,8,12,8,12,HErr,HERR,name:Luther-divine-capitalization
Josh.11.8,8,12,8,12,HErr,HERR,name:Luther-divine-capitalization
Josh.11.9,28,32,28,32,HErr,HERR,name:Luther-divine-capitalization
Josh.11.12,150,155,150,155,HErrn,HERRN,name:Luther-divine-capitalization
Josh.11.15,8,12,8,12,HErr,HERR,name:Luther-divine-capitalization
Josh.11.15,119,123,119,123,HErr,HERR,name:Luther-divine-capitalization
Josh.11.20,35,40,35,40,HErrn,HERRN,name:Luther-divine-capitalization
Josh.11.20,212,216,212,216,HErr,HERR,name:Luther-divine-capitalization
Josh.11.23,51,55,51,55,HErr,HERR,name:Luther-divine-capitalization
Josh.12.6,21,26,21,26,HErrn,HERRN,name:Luther-divine-capitalization
Josh.12.6,89,94,89,94,HErrn,HERRN,name:Luther-divine-capitalization
Josh.13.1,49,53,49,53,HErr,HERR,name:Luther-divine-capitalization
Josh.13.8,187,192,187,192,HErrn,HERRN,name:Luther-divine-capitalization
Josh.13.14,68,73,68,73,HErrn,HERRN,name:Luther-divine-capitalization
Josh.13.33,52,56,52,56,HErr,HERR,name:Luther-divine-capitalization
Josh.14.2,50,54,50,54,HErr,HERR,name:Luther-divine-capitalization
Josh.14.5,8,12,8,12,HErr,HERR,name:Luther-divine-capitalization
Josh.14.6,131,135,131,135,HErr,HERR,name:Luther-divine-capitalization
Josh.14.7,51,56,51,56,HErrn,HERRN,name:Luther-divine-capitalization
Josh.14.8,108,113,108,113,HErrn,HERRN,name:Luther-divine-capitalization
Josh.14.9,162,167,162,167,HErrn,HERRN,name:Luther-divine-capitalization
Josh.14.10,19,23,19,23,HErr,HERR,name:Luther-divine-capitalization
Josh.14.10,98,102,98,102,HErr,HERR,name:Luther-divine-capitalization
Josh.14.12,39,43,39,43,HErr,HERR,name:Luther-divine-capitalization
Josh.14.12,185,189,185,189,HErr,HERR,name:Luther-divine-capitalization
Josh.14.12,243,247,243,247,HErr,HERR,name:Luther-divine-capitalization
Josh.14.14,110,115,110,115,HErrn,HERRN,name:Luther-divine-capitalization
Josh.15.13,87,91,87,91,HErr,HERR,name:Luther-divine-capitalization
Josh.15.16,91,94,91,94,zum,zur,grammar:Frau-determiner
Josh.15.16,95,100,95,99,Weibe,Frau,word:Weib-Frau
Josh.15.17,96,99,96,99,zum,zur,grammar:Frau-determiner
Josh.15.17,100,105,100,104,Weibe,Frau,word:Weib-Frau
Josh.17.4,109,113,109,113,HErr,HERR,name:Luther-divine-capitalization
Josh.17.4,264,269,264,269,HErrn,HERRN,name:Luther-divine-capitalization
Josh.17.14,168,172,168,172,HErr,HERR,name:Luther-divine-capitalization
Josh.18.3,127,131,127,131,HErr,HERR,name:Luther-divine-capitalization
Josh.18.6,125,130,125,130,HErrn,HERRN,name:Luther-divine-capitalization
Josh.18.7,73,78,73,78,HErrn,HERRN,name:Luther-divine-capitalization
Josh.18.7,234,239,234,239,HErrn,HERRN,name:Luther-divine-capitalization
Josh.18.8,260,265,260,265,HErrn,HERRN,name:Luther-divine-capitalization
Josh.18.10,47,52,47,52,HErrn,HERRN,name:Luther-divine-capitalization
Josh.19.50,34,39,34,39,HErrn,HERRN,name:Luther-divine-capitalization
Josh.19.51,184,189,184,189,HErrn,HERRN,name:Luther-divine-capitalization
Josh.20.1,8,12,8,12,HErr,HERR,name:Luther-divine-capitalization
Josh.21.2,64,68,64,68,HErr,HERR,name:Luther-divine-capitalization
Josh.21.3,79,84,79,84,HErrn,HERRN,name:Luther-divine-capitalization
Josh.21.8,88,92,88,92,HErr,HERR,name:Luther-divine-capitalization
Josh.21.43,13,17,13,17,HErr,HERR,name:Luther-divine-capitalization
Josh.21.44,8,12,8,12,HErr,HERR,name:Luther-divine-capitalization
Josh.21.45,45,49,45,49,HErr,HERR,name:Luther-divine-capitalization
Josh.22.2,76,81,76,81,HErrn,HERRN,name:Luther-divine-capitalization
Josh.22.3,111,116,111,116,HErrn,HERRN,name:Luther-divine-capitalization
Josh.22.4,13,17,13,17,HErr,HERR,name:Luther-divine-capitalization
Josh.22.4,192,197,192,197,HErrn,HERRN,name:Luther-divine-capitalization
Josh.22.5,100,105,100,105,HErrn,HERRN,name:Luther-divine-capitalization
Josh.22.5,133,138,133,138,HErrn,HERRN,name:Luther-divine-capitalization
Josh.22.9,223,228,223,228,HErrn,HERRN,name:Luther-divine-capitalization
Josh.22.16,43,48,43,48,HErrn,HERRN,name:Luther-divine-capitalization
Josh.22.16,135,140,135,140,HErrn,HERRN,name:Luther-divine-capitalization
Josh.22.16,207,212,207,212,HErrn,HERRN,name:Luther-divine-capitalization
Josh.22.17,149,154,149,154,HErrn,HERRN,name:Luther-divine-capitalization
Josh.22.18,34,39,34,39,HErrn,HERRN,name:Luther-divine-capitalization
Josh.22.18,86,91,86,91,HErrn,HERRN,name:Luther-divine-capitalization
Josh.22.19,79,83,79,83,HErr,HERR,name:Luther-divine-capitalization
Josh.22.19,108,113,108,113,HErrn,HERRN,name:Luther-divine-capitalization
Josh.22.19,191,196,191,196,HErrn,HERRN,name:Luther-divine-capitalization
Josh.22.19,262,267,262,267,HErrn,HERRN,name:Luther-divine-capitalization
Josh.22.22,21,25,21,25,HErr,HERR,name:Luther-divine-capitalization
Josh.22.22,48,52,48,52,HErr,HERR,name:Luther-divine-capitalization
Josh.22.22,126,131,126,131,HErrn,HERRN,name:Luther-divine-capitalization
Josh.22.23,62,67,62,67,HErrn,HERRN,name:Luther-divine-capitalization
Josh.22.23,170,174,170,174,HErr,HERR,name:Luther-divine-capitalization
Josh.22.24,157,161,157,161,HErr,HERR,name:Luther-divine-capitalization
Josh.22.25,4,8,4,8,HErr,HERR,name:Luther-divine-capitalization
Josh.22.25,112,117,112,117,HErrn,HERRN,name:Luther-divine-capitalization
Josh.22.25,177,182,177,182,HErrn,HERRN,name:Luther-divine-capitalization
Josh.22.27,89,94,89,94,HErrn,HERRN,name:Luther-divine-capitalization
Josh.22.27,273,278,273,278,HErrn,HERRN,name:Luther-divine-capitalization
Josh.22.28,141,146,141,146,HErrn,HERRN,name:Luther-divine-capitalization
Josh.22.29,57,62,57,62,HErrn,HERRN,name:Luther-divine-capitalization
Josh.22.29,202,207,202,207,HErrn,HERRN,name:Luther-divine-capitalization
Josh.22.31,122,126,122,126,HErr,HERR,name:Luther-divine-capitalization
Josh.22.31,169,174,169,174,HErrn,HERRN,name:Luther-divine-capitalization
Josh.22.31,263,268,263,268,HErrn,HERRN,name:Luther-divine-capitalization
Josh.22.34,88,92,88,92,HErr,HERR,name:Luther-divine-capitalization
Josh.23.1,29,33,29,33,HErr,HERR,name:Luther-divine-capitalization
Josh.23.3,36,40,36,40,HErr,HERR,name:Luther-divine-capitalization
Josh.23.3,110,114,110,114,HErr,HERR,name:Luther-divine-capitalization
Josh.23.5,8,12,8,12,HErr,HERR,name:Luther-divine-capitalization
Josh.23.5,120,124,120,124,HErr,HERR,name:Luther-divine-capitalization
Josh.23.8,12,17,12,17,HErrn,HERRN,name:Luther-divine-capitalization
Josh.23.9,4,8,4,8,HErr,HERR,name:Luther-divine-capitalization
Josh.23.10,34,38,34,38,HErr,HERR,name:Luther-divine-capitalization
Josh.23.11,59,64,59,64,HErrn,HERRN,name:Luther-divine-capitalization
Josh.23.13,20,24,20,24,HErr,HERR,name:Luther-divine-capitalization
Josh.23.13,272,276,272,276,HErr,HERR,name:Luther-divine-capitalization
Josh.23.14,162,166,162,166,HErr,HERR,name:Luther-divine-capitalization
Josh.23.15,47,51,47,51,HErr,HERR,name:Luther-divine-capitalization
Josh.23.15,98,102,98,102,HErr,HERR,name:Luther-divine-capitalization
Josh.23.15,202,206,202,206,HErr,HERR,name:Luther-divine-capitalization
Josh.23.16,33,38,33,38,HErrn,HERRN,name:Luther-divine-capitalization
Josh.23.16,154,159,154,159,HErrn,HERRN,name:Luther-divine-capitalization
Josh.24.2,39,43,39,43,HErr,HERR,name:Luther-divine-capitalization
Josh.24.7,19,24,19,24,HErrn,HERRN,name:Luther-divine-capitalization
Josh.24.14,20,25,20,25,HErrn,HERRN,name:Luther-divine-capitalization
Josh.24.14,179,184,179,184,HErrn,HERRN,name:Luther-divine-capitalization
Josh.24.15,41,46,41,46,HErrn,HERRN,name:Luther-divine-capitalization
Josh.24.15,258,263,258,263,HErrn,HERRN,name:Luther-divine-capitalization
Josh.24.16,71,76,71,76,HErrn,HERRN,name:Luther-divine-capitalization
Josh.24.17,9,13,9,13,HErr,HERR,name:Luther-divine-capitalization
Josh.24.18,106,111,106,111,HErrn,HERRN,name:Luther-divine-capitalization
Josh.24.19,40,45,40,45,HErrn,HERRN,name:Luther-divine-capitalization
Josh.24.20,18,23,18,23,HErrn,HERRN,name:Luther-divine-capitalization
Josh.24.21,66,71,66,71,HErrn,HERRN,name:Luther-divine-capitalization
Josh.24.22,66,71,66,71,HErrn,HERRN,name:Luther-divine-capitalization
Josh.24.23,89,94,89,94,HErrn,HERRN,name:Luther-divine-capitalization
Josh.24.24,45,50,45,50,HErrn,HERRN,name:Luther-divine-capitalization
Josh.24.26,154,159,154,159,HErrn,HERRN,name:Luther-divine-capitalization
Josh.24.27,107,112,107,112,HErrn,HERRN,name:Luther-divine-capitalization
Josh.24.29,84,89,84,89,HErrn,HERRN,name:Luther-divine-capitalization
Josh.24.31,132,137,132,137,HErrn,HERRN,name:Luther-divine-capitalization
Judg.1.1,50,55,50,55,HErrn,HERRN,name:Luther-divine-capitalization
Judg.1.2,4,8,4,8,HErr,HERR,name:Luther-divine-capitalization
Judg.1.4,31,35,31,35,HErr,HERR,name:Luther-divine-capitalization
Judg.1.12,91,94,91,94,zum,zur,grammar:Frau-determiner
Judg.1.12,95,100,95,99,Weibe,Frau,word:Weib-Frau
Judg.1.13,100,103,100,103,zum,zur,grammar:Frau-determiner
Judg.1.13,104,109,104,108,Weibe,Frau,word:Weib-Frau
Judg.1.19,8,12,8,12,HErr,HERR,name:Luther-divine-capitalization
Judg.1.22,69,73,69,73,HErr,HERR,name:Luther-divine-capitalization
Judg.2.1,26,31,26,31,HErrn,HERRN,name:Luther-divine-capitalization
Judg.2.4,21,26,21,26,HErrn,HERRN,name:Luther-divine-capitalization
Judg.2.5,55,60,55,60,HErrn,HERRN,name:Luther-divine-capitalization
Judg.2.7,20,25,20,25,HErrn,HERRN,name:Luther-divine-capitalization
Judg.2.7,128,133,128,133,HErrn,HERRN,name:Luther-divine-capitalization
Judg.2.8,59,64,59,64,HErrn,HERRN,name:Luther-divine-capitalization
Judg.2.10,131,136,131,136,HErrn,HERRN,name:Luther-divine-capitalization
Judg.2.11,40,45,40,45,HErrn,HERRN,name:Luther-divine-capitalization
Judg.2.12,18,23,18,23,HErrn,HERRN,name:Luther-divine-capitalization
Judg.2.12,204,209,204,209,HErrn,HERRN,name:Luther-divine-capitalization
Judg.2.13,33,38,33,38,HErrn,HERRN,name:Luther-divine-capitalization
Judg.2.14,26,31,26,31,HErrn,HERRN,name:Luther-divine-capitalization
Judg.2.15,42,47,42,47,HErrn,HERRN,name:Luther-divine-capitalization
Judg.2.15,89,93,89,93,HErr,HERR,name:Luther-divine-capitalization
Judg.2.16,14,18,14,18,HErr,HERR,name:Luther-divine-capitalization
Judg.2.17,165,170,165,170,HErrn,HERRN,name:Luther-divine-capitalization
Judg.2.18,14,18,14,18,HErr,HERR,name:Luther-divine-capitalization
Judg.2.18,54,58,54,58,HErr,HERR,name:Luther-divine-capitalization
Judg.2.18,161,166,161,166,HErrn,HERRN,name:Luther-divine-capitalization
Judg.2.20,25,30,25,30,HErrn,HERRN,name:Luther-divine-capitalization
Judg.2.22,60,65,60,65,HErrn,HERRN,name:Luther-divine-capitalization
Judg.2.23,14,18,14,18,HErr,HERR,name:Luther-divine-capitalization
Judg.3.1,30,34,30,34,HErr,HERR,name:Luther-divine-capitalization
Judg.3.4,93,98,93,98,HErrn,HERRN,name:Luther-divine-capitalization
Judg.3.6,28,35,28,34,Weibern,Frauen,word:Weib-Frau
Judg.3.7,41,46,41,46,HErrn,HERRN,name:Luther-divine-capitalization
Judg.3.7,64,69,64,69,HErrn,HERRN,name:Luther-divine-capitalization
Judg.3.8,26,31,26,31,HErrn,HERRN,name:Luther-divine-capitalization
Judg.3.9,36,41,36,41,HErrn,HERRN,name:Luther-divine-capitalization
Judg.3.9,51,55,51,55,HErr,HERR,name:Luther-divine-capitalization
Judg.3.10,18,23,18,23,HErrn,HERRN,name:Luther-divine-capitalization
Judg.3.10,99,103,99,103,HErr,HERR,name:Luther-divine-capitalization
Judg.3.12,49,54,49,54,HErrn,HERRN,name:Luther-divine-capitalization
Judg.3.12,71,75,71,75,HErr,HERR,name:Luther-divine-capitalization
Judg.3.12,159,164,159,164,HErrn,HERRN,name:Luther-divine-capitalization
Judg.3.15,22,27,22,27,HErrn,HERRN,name:Luther-divine-capitalization
Judg.3.15,37,41,37,41,HErr,HERR,name:Luther-divine-capitalization
Judg.3.28,46,50,46,50,HErr,HERR,name:Luther-divine-capitalization
Judg.4.1,49,54,49,54,HErrn,HERRN,name:Luther-divine-capitalization
Judg.4.2,8,12,8,12,HErr,HERR,name:Luther-divine-capitalization
Judg.4.3,34,39,34,39,HErrn,HERRN,name:Luther-divine-capitalization
Judg.4.4,58,61,58,61,das,die,grammar:Frau-determiner
Judg.4.4,62,66,62,66,Weib,Frau,word:Weib-Frau
Judg.4.6,116,120,116,120,HErr,HERR,name:Luther-divine-capitalization
Judg.4.9,116,120,116,120,HErr,HERR,name:Luther-divine-capitalization
Judg.4.9,136,141,136,141,eines,einer,grammar:Frau-determiner
Judg.4.9,142,148,142,146,Weibes,Frau,word:Weib-Frau
Judg.4.14,62,66,62,66,HErr,HERR,name:Luther-divine-capitalization
Judg.4.14,114,118,114,118,HErr,HERR,name:Luther-divine-capitalization
Judg.4.15,9,13,9,13,HErr,HERR,name:Luther-divine-capitalization
Judg.4.17,44,47,44,47,des,der,grammar:Frau-determiner
Judg.4.17,48,54,48,52,Weibes,Frau,word:Weib-Frau
Judg.4.21,14,17,14,17,das,die,grammar:Frau-determiner
Judg.4.21,18,22,18,22,Weib,Frau,word:Weib-Frau
Judg.5.2,10,15,10,15,HErrn,HERRN,name:Luther-divine-capitalization
Judg.5.3,65,70,65,70,HErrn,HERRN,name:Luther-divine-capitalization
Judg.5.3,92,97,92,97,HErrn,HERRN,name:Luther-divine-capitalization
Judg.5.4,0,4,0,4,HErr,HERR,name:Luther-divine-capitalization
Judg.5.5,32,37,32,37,HErrn,HERRN,name:Luther-divine-capitalization
Judg.5.5,57,62,57,62,HErrn,HERRN,name:Luther-divine-capitalization
Judg.5.9,95,100,95,100,HErrn,HERRN,name:Luther-divine-capitalization
Judg.5.11,91,96,91,96,HErrn,HERRN,name:Luther-divine-capitalization
Judg.5.11,159,164,159,164,HErrn,HERRN,name:Luther-divine-capitalization
Judg.5.13,56,60,56,60,HErr,HERR,name:Luther-divine-capitalization
Judg.5.23,46,51,46,51,HErrn,HERRN,name:Luther-divine-capitalization
Judg.5.23,101,106,101,106,HErrn,HERRN,name:Luther-divine-capitalization
Judg.5.23,130,135,130,135,HErrn,HERRN,name:Luther-divine-capitalization
Judg.5.24,23,30,23,29,Weibern,Frauen,word:Weib-Frau
Judg.5.24,37,40,36,39,das,die,grammar:Frau-determiner
Judg.5.24,41,45,40,44,Weib,Frau,word:Weib-Frau
Judg.5.24,108,115,107,113,Weibern,Frauen,word:Weib-Frau
Judg.5.31,22,26,22,26,HErr,HERR,name:Luther-divine-capitalization
Judg.6.1,44,49,44,49,HErrn,HERRN,name:Luther-divine-capitalization
Judg.6.1,63,67,63,67,HErr,HERR,name:Luther-divine-capitalization
Judg.6.6,86,91,86,91,HErrn,HERRN,name:Luther-divine-capitalization
Judg.6.7,20,25,20,25,HErrn,HERRN,name:Luther-divine-capitalization
Judg.6.8,11,15,11,15,HErr,HERR,name:Luther-divine-capitalization
Judg.6.8,78,82,78,82,HErr,HERR,name:Luther-divine-capitalization
Judg.6.10,32,36,32,36,HErr,HERR,name:Luther-divine-capitalization
Judg.6.11,18,23,18,23,HErrn,HERRN,name:Luther-divine-capitalization
Judg.6.12,30,35,30,35,HErrn,HERRN,name:Luther-divine-capitalization
Judg.6.12,59,63,59,63,HErr,HERR,name:Luther-divine-capitalization
Judg.6.13,46,50,46,50,HErr,HERR,name:Luther-divine-capitalization
Judg.6.13,186,190,186,190,HErr,HERR,name:Luther-divine-capitalization
Judg.6.13,241,245,241,245,HErr,HERR,name:Luther-divine-capitalization
Judg.6.14,4,8,4,8,HErr,HERR,name:Luther-divine-capitalization
Judg.6.16,4,8,4,8,HErr,HERR,name:Luther-divine-capitalization
Judg.6.21,24,29,24,29,HErrn,HERRN,name:Luther-divine-capitalization
Judg.6.21,232,237,232,237,HErrn,HERRN,name:Luther-divine-capitalization
Judg.6.22,41,46,41,46,HErrn,HERRN,name:Luther-divine-capitalization
Judg.6.22,72,76,72,76,HErr,HERR,name:Luther-divine-capitalization
Judg.6.22,106,111,106,111,HErrn,HERRN,name:Luther-divine-capitalization
Judg.6.23,9,13,9,13,HErr,HERR,name:Luther-divine-capitalization
Judg.6.24,29,34,29,34,HErrn,HERRN,name:Luther-divine-capitalization
Judg.6.24,65,69,65,69,HErr,HERR,name:Luther-divine-capitalization
Judg.6.25,34,38,34,38,HErr,HERR,name:Luther-divine-capitalization
Judg.6.26,13,18,13,18,HErrn,HERRN,name:Luther-divine-capitalization
Judg.6.27,68,72,68,72,HErr,HERR,name:Luther-divine-capitalization
Judg.6.34,23,28,23,28,HErrn,HERRN,name:Luther-divine-capitalization
Judg.7.2,4,8,4,8,HErr,HERR,name:Luther-divine-capitalization
Judg.7.4,8,12,8,12,HErr,HERR,name:Luther-divine-capitalization
Judg.7.5,49,53,49,53,HErr,HERR,name:Luther-divine-capitalization
Judg.7.7,8,12,8,12,HErr,HERR,name:Luther-divine-capitalization
Judg.7.9,8,12,8,12,HErr,HERR,name:Luther-divine-capitalization
Judg.7.15,146,150,146,150,HErr,HERR,name:Luther-divine-capitalization
Judg.7.18,125,129,125,129,HErr,HERR,name:Luther-divine-capitalization
Judg.7.20,204,209,204,209,HErrn,HERRN,name:Luther-divine-capitalization
Judg.7.22,58,62,58,62,HErr,HERR,name:Luther-divine-capitalization
Judg.8.7,32,36,32,36,HErr,HERR,name:Luther-divine-capitalization
Judg.8.19,80,84,80,84,HErr,HERR,name:Luther-divine-capitalization
Judg.8.23,128,132,128,132,HErr,HERR,name:Luther-divine-capitalization
Judg.8.30,84,90,84,90,Weiber,Frauen,word:Weib-Frau
Judg.8.34,45,50,45,50,HErrn,HERRN,name:Luther-divine-capitalization
Judg.9.49,201,205,201,205,Weib,Frau,word:Weib-Frau
Judg.9.51,81,87,81,87,Weiber,Frauen,word:Weib-Frau
Judg.9.53,5,8,5,9,ein,eine,grammar:Frau-determiner
Judg.9.53,9,13,10,14,Weib,Frau,word:Weib-Frau
Judg.9.54,145,148,145,149,Ein,Eine,grammar:Frau-determiner
Judg.9.54,149,153,150,154,Weib,Frau,word:Weib-Frau
Judg.10.6,49,54,49,54,HErrn,HERRN,name:Luther-divine-capitalization
Judg.10.6,252,257,252,257,HErrn,HERRN,name:Luther-divine-capitalization
Judg.10.7,26,31,26,31,HErrn,HERRN,name:Luther-divine-capitalization
Judg.10.10,36,41,36,41,HErrn,HERRN,name:Luther-divine-capitalization
Judg.10.11,9,13,9,13,HErr,HERR,name:Luther-divine-capitalization
Judg.10.15,39,44,39,44,HErrn,HERRN,name:Luther-divine-capitalization
Judg.10.16,58,63,58,63,HErrn,HERRN,name:Luther-divine-capitalization
Judg.11.2,8,11,8,11,das,die,grammar:Frau-determiner
Judg.11.2,12,16,12,16,Weib,Frau,word:Weib-Frau
Judg.11.2,46,49,46,49,des,der,grammar:Frau-determiner
Judg.11.2,50,56,50,54,Weibes,Frau,word:Weib-Frau
Judg.11.2,182,187,180,185,eines,einer,grammar:Frau-determiner
Judg.11.2,196,202,194,198,Weibes,Frau,word:Weib-Frau
Judg.11.9,114,118,114,118,HErr,HERR,name:Luther-divine-capitalization
Judg.11.10,50,54,50,54,HErr,HERR,name:Luther-divine-capitalization
Judg.11.11,148,153,148,153,HErrn,HERRN,name:Luther-divine-capitalization
Judg.11.21,4,8,4,8,HErr,HERR,name:Luther-divine-capitalization
Judg.11.23,15,19,15,19,HErr,HERR,name:Luther-divine-capitalization
Judg.11.24,114,118,114,118,HErr,HERR,name:Luther-divine-capitalization
Judg.11.27,96,100,96,100,HErr,HERR,name:Luther-divine-capitalization
Judg.11.29,21,26,21,26,HErrn,HERRN,name:Luther-divine-capitalization
Judg.11.30,25,30,25,30,HErrn,HERRN,name:Luther-divine-capitalization
Judg.11.31,116,121,116,121,HErrn,HERRN,name:Luther-divine-capitalization
Judg.11.32,71,75,71,75,HErr,HERR,name:Luther-divine-capitalization
Judg.11.35,159,164,159,164,HErrn,HERRN,name:Luther-divine-capitalization
Judg.11.36,68,73,68,73,HErrn,HERRN,name:Luther-divine-capitalization
Judg.11.36,136,140,136,140,HErr,HERR,name:Luther-divine-capitalization
Judg.12.3,129,133,129,133,HErr,HERR,name:Luther-divine-capitalization
Judg.13.1,48,53,48,53,HErrn,HERRN,name:Luther-divine-capitalization
Judg.13.1,63,67,63,67,HErr,HERR,name:Luther-divine-capitalization
Judg.13.2,85,89,85,90,sein,seine,grammar:Frau-determiner
Judg.13.2,90,94,91,95,Weib,Frau,word:Weib-Frau
Judg.13.3,18,23,18,23,HErrn,HERRN,name:Luther-divine-capitalization
Judg.13.3,33,36,33,36,dem,der,grammar:Frau-determiner
Judg.13.3,37,42,37,41,Weibe,Frau,word:Weib-Frau
Judg.13.6,7,10,7,10,das,die,grammar:Frau-determiner
Judg.13.6,11,15,11,15,Weib,Frau,word:Weib-Frau
Judg.13.8,18,23,18,23,HErrn,HERRN,name:Luther-divine-capitalization
Judg.13.8,40,44,40,44,HErr,HERR,name:Luther-divine-capitalization
Judg.13.9,69,72,69,72,zum,zur,grammar:Frau-determiner
Judg.13.9,73,78,73,77,Weibe,Frau,word:Weib-Frau
Judg.13.11,32,38,32,38,seinem,seiner,grammar:Frau-determiner
Judg.13.11,39,44,39,43,Weibe,Frau,word:Weib-Frau
Judg.13.11,115,118,114,117,dem,der,grammar:Frau-determiner
Judg.13.11,119,124,118,122,Weibe,Frau,word:Weib-Frau
Judg.13.13,14,19,14,19,HErrn,HERRN,name:Luther-divine-capitalization
Judg.13.13,57,60,57,60,dem,der,grammar:Frau-determiner
Judg.13.13,61,66,61,65,Weibe,Frau,word:Weib-Frau
Judg.13.15,31,36,31,36,HErrn,HERRN,name:Luther-divine-capitalization
Judg.13.16,19,24,19,24,HErrn,HERRN,name:Luther-divine-capitalization
Judg.13.16,138,143,138,143,HErrn,HERRN,name:Luther-divine-capitalization
Judg.13.16,235,240,235,240,HErrn,HERRN,name:Luther-divine-capitalization
Judg.13.17,32,37,32,37,HErrn,HERRN,name:Luther-divine-capitalization
Judg.13.18,19,24,19,24,HErrn,HERRN,name:Luther-divine-capitalization
Judg.13.19,83,88,83,88,HErrn,HERRN,name:Luther-divine-capitalization
Judg.13.19,131,135,131,136,sein,seine,grammar:Frau-determiner
Judg.13.19,136,140,137,141,Weib,Frau,word:Weib-Frau
Judg.13.20,66,71,66,71,HErrn,HERRN,name:Luther-divine-capitalization
Judg.13.20,121,125,121,126,sein,seine,grammar:Frau-determiner
Judg.13.20,126,130,127,131,Weib,Frau,word:Weib-Frau
Judg.13.21,18,23,18,23,HErrn,HERRN,name:Luther-divine-capitalization
Judg.13.21,55,61,55,61,seinem,seiner,grammar:Frau-determiner
Judg.13.21,62,67,62,66,Weibe,Frau,word:Weib-Frau
Judg.13.21,111,116,110,115,HErrn,HERRN,name:Luther-divine-capitalization
Judg.13.22,14,20,14,20,seinem,seiner,grammar:Frau-determiner
Judg.13.22,21,26,21,25,Weibe,Frau,word:Weib-Frau
Judg.13.23,5,9,5,10,sein,seine,grammar:Frau-determiner
Judg.13.23,10,14,11,15,Weib,Frau,word:Weib-Frau
Judg.13.23,40,44,41,45,HErr,HERR,name:Luther-divine-capitalization
Judg.13.24,4,7,4,7,das,die,grammar:Frau-determiner
Judg.13.24,8,12,8,12,Weib,Frau,word:Weib-Frau
Judg.13.24,80,84,80,84,HErr,HERR,name:Luther-divine-capitalization
Judg.13.25,18,23,18,23,HErrn,HERRN,name:Luther-divine-capitalization
Judg.14.1,39,42,39,43,ein,eine,grammar:Frau-determiner
Judg.14.1,43,47,44,48,Weib,Frau,word:Weib-Frau
Judg.14.2,87,90,87,91,ein,eine,grammar:Frau-determiner
Judg.14.2,91,95,92,96,Weib,Frau,word:Weib-Frau
Judg.14.2,169,172,170,173,zum,zur,grammar:Frau-determiner
Judg.14.2,173,178,174,178,Weibe,Frau,word:Weib-Frau
Judg.14.3,57,61,57,62,kein,keine,grammar:Frau-determiner
Judg.14.3,62,66,63,67,Weib,Frau,word:Weib-Frau
Judg.14.3,154,157,155,159,ein,eine,grammar:Frau-determiner
Judg.14.3,158,162,160,164,Weib,Frau,word:Weib-Frau
Judg.14.4,64,69,64,69,HErrn,HERRN,name:Luther-divine-capitalization
Judg.14.6,18,23,18,23,HErrn,HERRN,name:Luther-divine-capitalization
Judg.14.7,34,37,34,37,dem,der,grammar:Frau-determiner
Judg.14.7,38,43,38,42,Weibe,Frau,word:Weib-Frau
Judg.14.10,30,33,30,33,dem,der,grammar:Frau-determiner
Judg.14.10,34,39,34,38,Weibe,Frau,word:Weib-Frau
Judg.14.15,42,47,42,46,Weibe,Frau,word:Weib-Frau
Judg.14.16,18,22,18,22,Weib,Frau,word:Weib-Frau
Judg.14.19,18,23,18,23,HErrn,HERRN,name:Luther-divine-capitalization
Judg.14.20,13,17,13,17,Weib,Frau,word:Weib-Frau
Judg.15.1,72,76,72,77,sein,seine,grammar:Frau-determiner
Judg.15.1,77,81,78,82,Weib,Frau,word:Weib-Frau
Judg.15.1,150,156,151,157,meinem,meiner,grammar:Frau-determiner
Judg.15.1,157,162,158,162,Weibe,Frau,word:Weib-Frau
Judg.15.6,112,116,112,117,sein,seine,grammar:Frau-determiner
Judg.15.6,117,121,118,122,Weib,Frau,word:Weib-Frau
Judg.15.14,85,90,85,90,HErrn,HERRN,name:Luther-divine-capitalization
Judg.15.18,39,44,39,44,HErrn,HERRN,name:Luther-divine-capitalization
Judg.16.4,18,21,18,22,ein,eine,grammar:Frau-determiner
Judg.16.4,22,26,23,27,Weib,Frau,word:Weib-Frau
Judg.16.20,202,206,202,206,HErr,HERR,name:Luther-divine-capitalization
Judg.16.27,33,39,33,39,Weiber,Frauen,word:Weib-Frau
Judg.16.27,121,125,121,125,Weib,Frau,word:Weib-Frau
Judg.16.28,21,26,21,26,HErrn,HERRN,name:Luther-divine-capitalization
Judg.16.28,47,51,47,51,HErr,HERR,name:Luther-divine-capitalization
Judg.17.2,261,266,261,266,HErrn,HERRN,name:Luther-divine-capitalization
Judg.17.3,102,107,102,107,HErrn,HERRN,name:Luther-divine-capitalization
Judg.17.13,45,49,45,49,HErr,HERR,name:Luther-divine-capitalization
Judg.18.6,99,104,99,104,HErrn,HERRN,name:Luther-divine-capitalization
Judg.19.18,185,190,185,190,HErrn,HERRN,name:Luther-divine-capitalization
Judg.19.26,7,10,7,10,das,die,grammar:Frau-determiner
Judg.19.26,11,15,11,15,Weib,Frau,word:Weib-Frau
Judg.20.1,128,133,128,133,HErrn,HERRN,name:Luther-divine-capitalization
Judg.20.4,25,28,25,28,des,der,grammar:Frau-determiner
Judg.20.4,29,35,29,33,Weibes,Frau,word:Weib-Frau
Judg.20.18,164,168,164,168,HErr,HERR,name:Luther-divine-capitalization
Judg.20.23,55,60,55,60,HErrn,HERRN,name:Luther-divine-capitalization
Judg.20.23,94,99,94,99,HErrn,HERRN,name:Luther-divine-capitalization
Judg.20.23,198,202,198,202,HErr,HERR,name:Luther-divine-capitalization
Judg.20.26,113,118,113,118,HErrn,HERRN,name:Luther-divine-capitalization
Judg.20.26,200,205,200,205,HErrn,HERRN,name:Luther-divine-capitalization
Judg.20.27,34,39,34,39,HErrn,HERRN,name:Luther-divine-capitalization
Judg.20.28,201,205,201,205,HErr,HERR,name:Luther-divine-capitalization
Judg.20.35,16,20,16,20,HErr,HERR,name:Luther-divine-capitalization
Judg.21.1,108,111,108,111,zum,zur,grammar:Frau-determiner
Judg.21.1,112,117,112,116,Weibe,Frau,word:Weib-Frau
Judg.21.3,16,20,16,20,HErr,HERR,name:Luther-divine-capitalization
Judg.21.5,122,127,122,127,HErrn,HERRN,name:Luther-divine-capitalization
Judg.21.5,197,202,197,202,HErrn,HERRN,name:Luther-divine-capitalization
Judg.21.7,52,58,52,58,Weiber,Frauen,word:Weib-Frau
Judg.21.7,102,107,102,107,HErrn,HERRN,name:Luther-divine-capitalization
Judg.21.7,151,157,151,157,Weiber,Frauen,word:Weib-Frau
Judg.21.8,88,93,88,93,HErrn,HERRN,name:Luther-divine-capitalization
Judg.21.10,183,187,183,187,Weib,Frau,word:Weib-Frau
Judg.21.11,59,65,59,65,Weiber,Frauen,word:Weib-Frau
Judg.21.14,75,81,75,81,Weiber,Frauen,word:Weib-Frau
Judg.21.14,115,122,115,121,Weibern,Frauen,word:Weib-Frau
Judg.21.15,45,49,45,49,HErr,HERR,name:Luther-divine-capitalization
Judg.21.16,86,92,86,92,Weiber,Frauen,word:Weib-Frau
Judg.21.16,111,117,111,117,Weiber,Frauen,word:Weib-Frau
Judg.21.18,45,52,45,51,Weibern,Frauen,word:Weib-Frau
Judg.21.18,149,152,148,152,ein,eine,grammar:Frau-determiner
Judg.21.18,153,157,153,157,Weib,Frau,word:Weib-Frau
Judg.21.19,49,54,49,54,HErrn,HERRN,name:Luther-divine-capitalization
Judg.21.21,142,145,142,146,ein,eine,grammar:Frau-determiner
Judg.21.21,146,150,147,151,Weib,Frau,word:Weib-Frau
Judg.21.22,135,138,135,139,ein,eine,grammar:Frau-determiner
Judg.21.22,139,143,140,144,Weib,Frau,word:Weib-Frau
Judg.21.23,42,48,42,48,Weiber,Frauen,word:Weib-Frau
Ruth.1.1,136,142,136,142,seinem,seiner,grammar:Frau-determiner
Ruth.1.1,143,148,143,147,Weibe,Frau,word:Weib-Frau
Ruth.1.2,23,27,23,28,sein,seine,grammar:Frau-determiner
Ruth.1.2,28,32,29,33,Weib,Frau,word:Weib-Frau
Ruth.1.4,23,29,23,29,Weiber,Frauen,word:Weib-Frau
Ruth.1.5,49,52,49,52,das,die,grammar:Frau-determiner
Ruth.1.5,53,57,53,57,Weib,Frau,word:Weib-Frau
Ruth.1.6,146,150,146,150,HErr,HERR,name:Luther-divine-capitalization
Ruth.1.8,111,115,111,115,HErr,HERR,name:Luther-divine-capitalization
Ruth.1.9,4,8,4,8,HErr,HERR,name:Luther-divine-capitalization
Ruth.1.13,175,180,175,180,HErrn,HERRN,name:Luther-divine-capitalization
Ruth.1.17,73,77,73,77,HErr,HERR,name:Luther-divine-capitalization
Ruth.1.21,41,45,41,45,HErr,HERR,name:Luther-divine-capitalization
Ruth.1.21,117,121,117,121,HErr,HERR,name:Luther-divine-capitalization
Ruth.2.4,73,77,73,77,HErr,HERR,name:Luther-divine-capitalization
Ruth.2.4,109,113,109,113,HErr,HERR,name:Luther-divine-capitalization
Ruth.2.12,4,8,4,8,HErr,HERR,name:Luther-divine-capitalization
Ruth.2.12,77,82,77,82,HErrn,HERRN,name:Luther-divine-capitalization
Ruth.2.20,65,70,65,70,HErrn,HERRN,name:Luther-divine-capitalization
Ruth.3.8,78,81,78,82,ein,eine,grammar:Frau-determiner
Ruth.3.8,82,86,83,87,Weib,Frau,word:Weib-Frau
Ruth.3.10,38,43,38,43,HErrn,HERRN,name:Luther-divine-capitalization
Ruth.3.11,128,131,128,132,ein,eine,grammar:Frau-determiner
Ruth.3.11,132,141,133,143,tugendsam,tugendsame,grammar:Frau-adjective
Ruth.3.11,142,146,144,148,Weib,Frau,word:Weib-Frau
Ruth.3.13,133,137,133,137,HErr,HERR,name:Luther-divine-capitalization
Ruth.3.14,161,164,161,164,das,die,grammar:Frau-determiner
Ruth.3.14,165,169,165,169,Weib,Frau,word:Weib-Frau
Ruth.4.5,121,125,121,125,Weib,Frau,word:Weib-Frau
Ruth.4.10,38,42,38,42,Weib,Frau,word:Weib-Frau
Ruth.4.10,66,69,66,69,zum,zur,grammar:Frau-determiner
Ruth.4.10,70,75,70,74,Weibe,Frau,word:Weib-Frau
Ruth.4.11,81,85,81,85,HErr,HERR,name:Luther-divine-capitalization
Ruth.4.11,92,95,92,95,das,die,grammar:Frau-determiner
Ruth.4.11,96,100,96,100,Weib,Frau,word:Weib-Frau
Ruth.4.11,102,105,102,105,das,die,grammar:Frau-relative
Ruth.4.12,98,102,98,102,HErr,HERR,name:Luther-divine-capitalization
Ruth.4.13,34,38,34,39,sein,seine,grammar:Frau-determiner
Ruth.4.13,39,43,40,44,Weib,Frau,word:Weib-Frau
Ruth.4.13,88,92,89,93,HErr,HERR,name:Luther-divine-capitalization
Ruth.4.14,16,22,16,22,Weiber,Frauen,word:Weib-Frau
Ruth.4.14,48,52,48,52,HErr,HERR,name:Luther-divine-capitalization
1Sam.1.2,18,24,18,24,Weiber,Frauen,word:Weib-Frau
1Sam.1.3,90,95,90,95,HErrn,HERRN,name:Luther-divine-capitalization
1Sam.1.3,146,151,146,151,HErrn,HERRN,name:Luther-divine-capitalization
1Sam.1.4,41,47,41,47,seinem,seiner,grammar:Frau-determiner
1Sam.1.4,48,52,48,52,Weib,Frau,word:Weib-Frau
1Sam.1.5,72,76,72,76,HErr,HERR,name:Luther-divine-capitalization
1Sam.1.6,68,72,68,72,HErr,HERR,name:Luther-divine-capitalization
1Sam.1.7,50,55,50,55,HErrn,HERRN,name:Luther-divine-capitalization
1Sam.1.9,146,151,146,151,HErrn,HERRN,name:Luther-divine-capitalization
1Sam.1.10,46,51,46,51,HErrn,HERRN,name:Luther-divine-capitalization
1Sam.1.11,36,40,36,40,HErr,HERR,name:Luther-divine-capitalization
1Sam.1.11,198,203,198,203,HErrn,HERRN,name:Luther-divine-capitalization
1Sam.1.12,32,37,32,37,HErrn,HERRN,name:Luther-divine-capitalization
1Sam.1.15,59,62,59,63,ein,eine,grammar:Frau-determiner
1Sam.1.15,63,72,64,72,betrübtes,betrübte,grammar:Frau-adjective
1Sam.1.15,73,77,73,77,Weib,Frau,word:Weib-Frau
1Sam.1.15,161,166,161,166,HErrn,HERRN,name:Luther-divine-capitalization
1Sam.1.16,40,43,40,44,ein,eine,grammar:Frau-determiner
1Sam.1.16,44,49,45,49,loses,lose,grammar:Frau-adjective
1Sam.1.16,50,54,50,54,Weib,Frau,word:Weib-Frau
1Sam.1.18,69,72,69,72,das,die,grammar:Frau-determiner
1Sam.1.18,73,77,73,77,Weib,Frau,word:Weib-Frau
1Sam.1.19,79,84,79,84,HErrn,HERRN,name:Luther-divine-capitalization
1Sam.1.19,153,157,153,158,sein,seine,grammar:Frau-determiner
1Sam.1.19,158,162,159,163,Weib,Frau,word:Weib-Frau
1Sam.1.19,178,182,179,183,HErr,HERR,name:Luther-divine-capitalization
1Sam.1.20,116,121,116,121,HErrn,HERRN,name:Luther-divine-capitalization
1Sam.1.21,70,75,70,75,HErrn,HERRN,name:Luther-divine-capitalization
1Sam.1.22,129,134,129,134,HErrn,HERRN,name:Luther-divine-capitalization
1Sam.1.23,93,97,93,97,HErr,HERR,name:Luther-divine-capitalization
1Sam.1.23,144,147,144,147,das,die,grammar:Frau-determiner
1Sam.1.23,148,152,148,152,Weib,Frau,word:Weib-Frau
1Sam.1.24,155,160,155,160,HErrn,HERRN,name:Luther-divine-capitalization
1Sam.1.26,77,80,77,80,das,die,grammar:Frau-determiner
1Sam.1.26,81,85,81,85,Weib,Frau,word:Weib-Frau
1Sam.1.26,87,90,87,90,das,die,grammar:Frau-relative
1Sam.1.26,118,123,118,123,HErrn,HERRN,name:Luther-divine-capitalization
1Sam.1.27,38,42,38,42,HErr,HERR,name:Luther-divine-capitalization
1Sam.1.28,23,28,23,28,HErrn,HERRN,name:Luther-divine-capitalization
1Sam.1.28,65,70,65,70,HErrn,HERRN,name:Luther-divine-capitalization
1Sam.1.28,113,118,113,118,HErrn,HERRN,name:Luther-divine-capitalization
1Sam.2.1,59,64,59,64,HErrn,HERRN,name:Luther-divine-capitalization
1Sam.2.1,94,99,94,99,HErrn,HERRN,name:Luther-divine-capitalization
1Sam.2.2,30,34,30,34,HErr,HERR,name:Luther-divine-capitalization
1Sam.2.3,88,92,88,92,HErr,HERR,name:Luther-divine-capitalization
1Sam.2.6,4,8,4,8,HErr,HERR,name:Luther-divine-capitalization
1Sam.2.7,4,8,4,8,HErr,HERR,name:Luther-divine-capitalization
1Sam.2.8,181,186,181,186,HErrn,HERRN,name:Luther-divine-capitalization
1Sam.2.10,12,17,12,17,HErrn,HERRN,name:Luther-divine-capitalization
1Sam.2.10,91,95,91,95,HErr,HERR,name:Luther-divine-capitalization
1Sam.2.11,66,71,66,71,HErrn,HERRN,name:Luther-divine-capitalization
1Sam.2.12,65,70,65,70,HErrn,HERRN,name:Luther-divine-capitalization
1Sam.2.17,56,61,56,61,HErrn,HERRN,name:Luther-divine-capitalization
1Sam.2.17,102,107,102,107,HErrn,HERRN,name:Luther-divine-capitalization
1Sam.2.18,35,40,35,40,HErrn,HERRN,name:Luther-divine-capitalization
1Sam.2.20,27,31,27,32,sein,seine,grammar:Frau-determiner
1Sam.2.20,32,36,33,37,Weib,Frau,word:Weib-Frau
1Sam.2.20,53,57,54,58,HErr,HERR,name:Luther-divine-capitalization
1Sam.2.20,77,83,78,84,diesem,dieser,grammar:Frau-determiner
1Sam.2.20,84,89,85,89,Weibe,Frau,word:Weib-Frau
1Sam.2.20,123,128,123,128,HErrn,HERRN,name:Luther-divine-capitalization
1Sam.2.21,8,12,8,12,HErr,HERR,name:Luther-divine-capitalization
1Sam.2.21,135,140,135,140,HErrn,HERRN,name:Luther-divine-capitalization
1Sam.2.22,111,118,111,117,Weibern,Frauen,word:Weib-Frau
1Sam.2.24,82,87,82,87,HErrn,HERRN,name:Luther-divine-capitalization
1Sam.2.25,103,108,103,108,HErrn,HERRN,name:Luther-divine-capitalization
1Sam.2.25,199,203,199,203,HErr,HERR,name:Luther-divine-capitalization
1Sam.2.26,65,70,65,70,HErrn,HERRN,name:Luther-divine-capitalization
1Sam.2.27,69,73,69,73,HErr,HERR,name:Luther-divine-capitalization
1Sam.2.30,18,22,18,22,HErr,HERR,name:Luther-divine-capitalization
1Sam.2.30,148,152,148,152,HErr,HERR,name:Luther-divine-capitalization
1Sam.3.1,30,35,30,35,HErrn,HERRN,name:Luther-divine-capitalization
1Sam.3.1,62,67,62,67,HErrn,HERRN,name:Luther-divine-capitalization
1Sam.3.3,43,48,43,48,HErrn,HERRN,name:Luther-divine-capitalization
1Sam.3.4,8,12,8,12,HErr,HERR,name:Luther-divine-capitalization
1Sam.3.6,4,8,4,8,HErr,HERR,name:Luther-divine-capitalization
1Sam.3.7,23,28,23,28,HErrn,HERRN,name:Luther-divine-capitalization
1Sam.3.7,49,54,49,54,HErrn,HERRN,name:Luther-divine-capitalization
1Sam.3.8,8,12,8,12,HErr,HERR,name:Luther-divine-capitalization
1Sam.3.8,161,165,161,165,HErr,HERR,name:Luther-divine-capitalization
1Sam.3.9,103,107,103,107,HErr,HERR,name:Luther-divine-capitalization
1Sam.3.10,11,15,11,15,HErr,HERR,name:Luther-divine-capitalization
1Sam.3.11,8,12,8,12,HErr,HERR,name:Luther-divine-capitalization
1Sam.3.15,68,73,68,73,HErrn,HERRN,name:Luther-divine-capitalization
1Sam.3.18,86,90,86,90,HErr,HERR,name:Luther-divine-capitalization
1Sam.3.19,29,33,29,33,HErr,HERR,name:Luther-divine-capitalization
1Sam.3.20,90,95,90,95,HErrn,HERRN,name:Luther-divine-capitalization
1Sam.3.21,8,12,8,12,HErr,HERR,name:Luther-divine-capitalization
1Sam.3.21,48,52,48,52,HErr,HERR,name:Luther-divine-capitalization
1Sam.3.21,105,110,105,110,HErrn,HERRN,name:Luther-divine-capitalization
1Sam.4.3,80,84,80,84,HErr,HERR,name:Luther-divine-capitalization
1Sam.4.3,175,180,175,180,HErrn,HERRN,name:Luther-divine-capitalization
1Sam.4.4,75,80,75,80,HErrn,HERRN,name:Luther-divine-capitalization
1Sam.4.5,31,36,31,36,HErrn,HERRN,name:Luther-divine-capitalization
1Sam.4.6,182,187,182,187,HErrn,HERRN,name:Luther-divine-capitalization
1Sam.4.19,41,45,41,45,Weib,Frau,word:Weib-Frau
1Sam.4.20,37,43,37,43,Weiber,Frauen,word:Weib-Frau
1Sam.5.3,131,136,131,136,HErrn,HERRN,name:Luther-divine-capitalization
1Sam.5.4,131,136,131,136,HErrn,HERRN,name:Luther-divine-capitalization
1Sam.5.6,18,23,18,23,HErrn,HERRN,name:Luther-divine-capitalization
1Sam.5.9,68,73,68,73,HErrn,HERRN,name:Luther-divine-capitalization
1Sam.5.10,28,33,28,33,HErrn,HERRN,name:Luther-divine-capitalization
1Sam.6.1,22,27,22,27,HErrn,HERRN,name:Luther-divine-capitalization
1Sam.6.2,99,104,99,104,HErrn,HERRN,name:Luther-divine-capitalization
1Sam.6.8,24,29,24,29,HErrn,HERRN,name:Luther-divine-capitalization
1Sam.6.11,24,29,24,29,HErrn,HERRN,name:Luther-divine-capitalization
1Sam.6.14,184,189,184,189,HErrn,HERRN,name:Luther-divine-capitalization
1Sam.6.15,36,41,36,41,HErrn,HERRN,name:Luther-divine-capitalization
1Sam.6.15,200,205,200,205,HErrn,HERRN,name:Luther-divine-capitalization
1Sam.6.17,58,63,58,63,HErrn,HERRN,name:Luther-divine-capitalization
1Sam.6.18,176,181,176,181,HErrn,HERRN,name:Luther-divine-capitalization
1Sam.6.19,73,78,73,78,HErrn,HERRN,name:Luther-divine-capitalization
1Sam.6.19,189,193,189,193,HErr,HERR,name:Luther-divine-capitalization
1Sam.6.20,62,67,62,67,HErrn,HERRN,name:Luther-divine-capitalization
1Sam.6.21,110,115,110,115,HErrn,HERRN,name:Luther-divine-capitalization
1Sam.7.1,64,69,64,69,HErrn,HERRN,name:Luther-divine-capitalization
1Sam.7.1,188,193,188,193,HErrn,HERRN,name:Luther-divine-capitalization
1Sam.7.2,37,42,37,42,HErrn,HERRN,name:Luther-divine-capitalization
1Sam.7.2,164,169,164,169,HErrn,HERRN,name:Luther-divine-capitalization
1Sam.7.3,90,95,90,95,HErrn,HERRN,name:Luther-divine-capitalization
1Sam.7.3,179,184,179,184,HErrn,HERRN,name:Luther-divine-capitalization
1Sam.7.4,81,86,81,86,HErrn,HERRN,name:Luther-divine-capitalization
1Sam.7.5,87,92,87,92,HErrn,HERRN,name:Luther-divine-capitalization
1Sam.7.6,79,84,79,84,HErrn,HERRN,name:Luther-divine-capitalization
1Sam.7.6,152,157,152,157,HErrn,HERRN,name:Luther-divine-capitalization
1Sam.7.8,66,71,66,71,HErrn,HERRN,name:Luther-divine-capitalization
1Sam.7.9,46,51,46,51,HErrn,HERRN,name:Luther-divine-capitalization
1Sam.7.9,89,94,89,94,HErrn,HERRN,name:Luther-divine-capitalization
1Sam.7.9,115,119,115,119,HErr,HERR,name:Luther-divine-capitalization
1Sam.7.10,103,107,103,107,HErr,HERR,name:Luther-divine-capitalization
1Sam.7.12,124,128,124,128,HErr,HERR,name:Luther-divine-capitalization
1Sam.7.13,96,101,96,101,HErrn,HERRN,name:Luther-divine-capitalization
1Sam.7.17,90,95,90,95,HErrn,HERRN,name:Luther-divine-capitalization
1Sam.8.6,104,109,104,109,HErrn,HERRN,name:Luther-divine-capitalization
1Sam.8.7,4,8,4,8,HErr,HERR,name:Luther-divine-capitalization
1Sam.8.10,32,37,32,37,HErrn,HERRN,name:Luther-divine-capitalization
1Sam.8.18,104,108,104,108,HErr,HERR,name:Luther-divine-capitalization
1Sam.8.21,80,85,80,85,HErrn,HERRN,name:Luther-divine-capitalization
1Sam.8.22,4,8,4,8,HErr,HERR,name:Luther-divine-capitalization
1Sam.9.15,9,13,9,13,HErr,HERR,name:Luther-divine-capitalization
1Sam.9.17,45,49,45,49,HErr,HERR,name:Luther-divine-capitalization
1Sam.10.1,102,106,102,106,HErr,HERR,name:Luther-divine-capitalization
1Sam.10.6,18,23,18,23,HErrn,HERRN,name:Luther-divine-capitalization
1Sam.10.17,32,37,32,37,HErrn,HERRN,name:Luther-divine-capitalization
1Sam.10.18,46,50,46,50,HErr,HERR,name:Luther-divine-capitalization
1Sam.10.19,176,181,176,181,HErrn,HERRN,name:Luther-divine-capitalization
1Sam.10.22,26,31,26,31,HErrn,HERRN,name:Luther-divine-capitalization
1Sam.10.22,66,70,66,70,HErr,HERR,name:Luther-divine-capitalization
1Sam.10.24,58,62,58,62,HErr,HERR,name:Luther-divine-capitalization
1Sam.10.25,103,108,103,108,HErrn,HERRN,name:Luther-divine-capitalization
1Sam.11.7,210,215,210,215,HErrn,HERRN,name:Luther-divine-capitalization
1Sam.11.13,67,71,67,71,HErr,HERR,name:Luther-divine-capitalization
1Sam.11.15,74,79,74,79,HErrn,HERRN,name:Luther-divine-capitalization
1Sam.11.15,121,126,121,126,HErrn,HERRN,name:Luther-divine-capitalization
1Sam.12.3,50,55,50,55,HErrn,HERRN,name:Luther-divine-capitalization
1Sam.12.5,24,28,24,28,HErr,HERR,name:Luther-divine-capitalization
1Sam.12.6,36,40,36,40,HErr,HERR,name:Luther-divine-capitalization
1Sam.12.7,52,57,52,57,HErrn,HERRN,name:Luther-divine-capitalization
1Sam.12.7,80,85,80,85,HErrn,HERRN,name:Luther-divine-capitalization
1Sam.12.8,63,68,63,68,HErrn,HERRN,name:Luther-divine-capitalization
1Sam.12.9,16,21,16,21,HErrn,HERRN,name:Luther-divine-capitalization
1Sam.12.10,20,25,20,25,HErrn,HERRN,name:Luther-divine-capitalization
1Sam.12.10,74,79,74,79,HErrn,HERRN,name:Luther-divine-capitalization
1Sam.12.11,14,18,14,18,HErr,HERR,name:Luther-divine-capitalization
1Sam.12.12,161,165,161,165,HErr,HERR,name:Luther-divine-capitalization
1Sam.12.13,80,84,80,84,HErr,HERR,name:Luther-divine-capitalization
1Sam.12.14,19,24,19,24,HErrn,HERRN,name:Luther-divine-capitalization
1Sam.12.14,95,100,95,100,HErrn,HERRN,name:Luther-divine-capitalization
1Sam.12.14,182,187,182,187,HErrn,HERRN,name:Luther-divine-capitalization
1Sam.12.15,20,25,20,25,HErrn,HERRN,name:Luther-divine-capitalization
1Sam.12.15,109,114,109,114,HErrn,HERRN,name:Luther-divine-capitalization
1Sam.12.16,54,58,54,58,HErr,HERR,name:Luther-divine-capitalization
1Sam.12.17,51,56,51,56,HErrn,HERRN,name:Luther-divine-capitalization
1Sam.12.17,174,179,174,179,HErrn,HERRN,name:Luther-divine-capitalization
1Sam.12.18,18,23,18,23,HErrn,HERRN,name:Luther-divine-capitalization
1Sam.12.18,41,45,41,45,HErr,HERR,name:Luther-divine-capitalization
1Sam.12.18,119,124,119,124,HErrn,HERRN,name:Luther-divine-capitalization
1Sam.12.19,57,62,57,62,HErrn,HERRN,name:Luther-divine-capitalization
1Sam.12.20,116,121,116,121,HErrn,HERRN,name:Luther-divine-capitalization
1Sam.12.20,145,150,145,150,HErrn,HERRN,name:Luther-divine-capitalization
1Sam.12.22,9,13,9,13,HErr,HERR,name:Luther-divine-capitalization
1Sam.12.22,87,92,87,92,HErrn,HERRN,name:Luther-divine-capitalization
1Sam.12.23,49,54,49,54,HErrn,HERRN,name:Luther-divine-capitalization
1Sam.12.24,17,22,17,22,HErrn,HERRN,name:Luther-divine-capitalization
1Sam.13.12,102,107,102,107,HErrn,HERRN,name:Luther-divine-capitalization
1Sam.13.13,73,78,73,78,HErrn,HERRN,name:Luther-divine-capitalization
1Sam.13.14,45,49,45,49,HErr,HERR,name:Luther-divine-capitalization
1Sam.13.14,110,114,110,114,HErr,HERR,name:Luther-divine-capitalization
1Sam.13.14,171,176,171,176,HErrn,HERRN,name:Luther-divine-capitalization
1Sam.14.3,108,113,108,113,HErrn,HERRN,name:Luther-divine-capitalization
1Sam.14.6,129,133,129,133,HErr,HERR,name:Luther-divine-capitalization
1Sam.14.6,178,183,178,183,HErrn,HERRN,name:Luther-divine-capitalization
1Sam.14.10,101,105,101,105,HErr,HERR,name:Luther-divine-capitalization
1Sam.14.12,203,207,203,207,HErr,HERR,name:Luther-divine-capitalization
1Sam.14.23,14,18,14,18,HErr,HERR,name:Luther-divine-capitalization
1Sam.14.33,59,64,59,64,HErrn,HERRN,name:Luther-divine-capitalization
1Sam.14.34,208,213,208,213,HErrn,HERRN,name:Luther-divine-capitalization
1Sam.14.35,19,24,19,24,HErrn,HERRN,name:Luther-divine-capitalization
1Sam.14.35,75,80,75,80,HErrn,HERRN,name:Luther-divine-capitalization
1Sam.14.39,17,21,17,21,HErr,HERR,name:Luther-divine-capitalization
1Sam.14.41,23,28,23,28,HErrn,HERRN,name:Luther-divine-capitalization
1Sam.14.45,129,133,129,133,HErr,HERR,name:Luther-divine-capitalization
1Sam.14.50,4,7,4,7,das,die,grammar:Frau-determiner
1Sam.14.50,8,12,8,12,Weib,Frau,word:Weib-Frau
1Sam.15.1,32,36,32,36,HErr,HERR,name:Luther-divine-capitalization
1Sam.15.1,146,151,146,151,HErrn,HERRN,name:Luther-divine-capitalization
1Sam.15.2,15,19,15,19,HErr,HERR,name:Luther-divine-capitalization
1Sam.15.3,128,132,128,132,Weib,Frau,word:Weib-Frau
1Sam.15.10,15,20,15,20,HErrn,HERRN,name:Luther-divine-capitalization
1Sam.15.11,164,169,164,169,HErrn,HERRN,name:Luther-divine-capitalization
1Sam.15.13,70,75,70,75,HErrn,HERRN,name:Luther-divine-capitalization
1Sam.15.13,90,95,90,95,HErrn,HERRN,name:Luther-divine-capitalization
1Sam.15.15,136,141,136,141,HErrn,HERRN,name:Luther-divine-capitalization
1Sam.15.16,53,57,53,57,HErr,HERR,name:Luther-divine-capitalization
1Sam.15.17,125,129,125,129,HErr,HERR,name:Luther-divine-capitalization
1Sam.15.18,8,12,8,12,HErr,HERR,name:Luther-divine-capitalization
1Sam.15.19,44,49,44,49,HErrn,HERRN,name:Luther-divine-capitalization
1Sam.15.19,123,128,123,128,HErrn,HERRN,name:Luther-divine-capitalization
1Sam.15.20,53,58,53,58,HErrn,HERRN,name:Luther-divine-capitalization
1Sam.15.20,110,114,110,114,HErr,HERR,name:Luther-divine-capitalization
1Sam.15.21,92,97,92,97,HErrn,HERRN,name:Luther-divine-capitalization
1Sam.15.22,40,44,40,44,HErr,HERR,name:Luther-divine-capitalization
1Sam.15.22,123,128,123,128,HErrn,HERRN,name:Luther-divine-capitalization
1Sam.15.23,106,111,106,111,HErrn,HERRN,name:Luther-divine-capitalization
1Sam.15.24,59,64,59,64,HErrn,HERRN,name:Luther-divine-capitalization
1Sam.15.25,64,69,64,69,HErrn,HERRN,name:Luther-divine-capitalization
1Sam.15.26,73,78,73,78,HErrn,HERRN,name:Luther-divine-capitalization
1Sam.15.26,103,107,103,107,HErr,HERR,name:Luther-divine-capitalization
1Sam.15.28,29,33,29,33,HErr,HERR,name:Luther-divine-capitalization
1Sam.15.30,142,147,142,147,HErrn,HERRN,name:Luther-divine-capitalization
1Sam.15.31,58,63,58,63,HErrn,HERRN,name:Luther-divine-capitalization
1Sam.15.33,32,38,32,38,Weiber,Frauen,word:Weib-Frau
1Sam.15.33,127,134,127,133,Weibern,Frauen,word:Weib-Frau
1Sam.15.33,184,189,183,188,HErrn,HERRN,name:Luther-divine-capitalization
1Sam.15.35,115,120,115,120,HErrn,HERRN,name:Luther-divine-capitalization
1Sam.16.1,8,12,8,12,HErr,HERR,name:Luther-divine-capitalization
1Sam.16.2,87,91,87,91,HErr,HERR,name:Luther-divine-capitalization
1Sam.16.2,171,176,171,176,HErrn,HERRN,name:Luther-divine-capitalization
1Sam.16.4,24,28,24,28,HErr,HERR,name:Luther-divine-capitalization
1Sam.16.5,37,42,37,42,HErrn,HERRN,name:Luther-divine-capitalization
1Sam.16.6,74,79,74,79,HErrn,HERRN,name:Luther-divine-capitalization
1Sam.16.7,9,13,9,13,HErr,HERR,name:Luther-divine-capitalization
1Sam.16.7,192,196,192,196,HErr,HERR,name:Luther-divine-capitalization
1Sam.16.8,93,97,93,97,HErr,HERR,name:Luther-divine-capitalization
1Sam.16.9,64,68,64,68,HErr,HERR,name:Luther-divine-capitalization
1Sam.16.10,88,92,88,92,HErr,HERR,name:Luther-divine-capitalization
1Sam.16.12,104,108,104,108,HErr,HERR,name:Luther-divine-capitalization
1Sam.16.13,89,94,89,94,HErrn,HERRN,name:Luther-divine-capitalization
1Sam.16.14,19,24,19,24,HErrn,HERRN,name:Luther-divine-capitalization
1Sam.16.14,64,69,64,69,HErrn,HERRN,name:Luther-divine-capitalization
1Sam.16.18,222,226,222,226,HErr,HERR,name:Luther-divine-capitalization
1Sam.17.37,22,26,22,26,HErr,HERR,name:Luther-divine-capitalization
1Sam.17.38,40,44,40,44,HErr,HERR,name:Luther-divine-capitalization
1Sam.17.45,119,124,119,124,HErrn,HERRN,name:Luther-divine-capitalization
1Sam.17.46,28,32,28,32,HErr,HERR,name:Luther-divine-capitalization
1Sam.17.47,49,53,49,53,HErr,HERR,name:Luther-divine-capitalization
1Sam.17.47,116,121,116,121,HErrn,HERRN,name:Luther-divine-capitalization
1Sam.18.6,83,89,83,89,Weiber,Frauen,word:Weib-Frau
1Sam.18.7,8,14,8,14,Weiber,Frauen,word:Weib-Frau
1Sam.18.12,44,48,44,48,HErr,HERR,name:Luther-divine-capitalization
1Sam.18.14,59,63,59,63,HErr,HERR,name:Luther-divine-capitalization
1Sam.18.17,73,76,73,76,zum,zur,grammar:Frau-determiner
1Sam.18.17,77,82,77,81,Weibe,Frau,word:Weib-Frau
1Sam.18.17,123,128,122,127,HErrn,HERRN,name:Luther-divine-capitalization
1Sam.18.19,117,120,117,120,zum,zur,grammar:Frau-determiner
1Sam.18.19,121,126,121,125,Weibe,Frau,word:Weib-Frau
1Sam.18.27,225,228,225,228,zum,zur,grammar:Frau-determiner
1Sam.18.27,229,234,229,233,Weibe,Frau,word:Weib-Frau
1Sam.18.28,34,38,34,38,HErr,HERR,name:Luther-divine-capitalization
1Sam.19.5,78,82,78,82,HErr,HERR,name:Luther-divine-capitalization
1Sam.19.6,63,67,63,67,HErr,HERR,name:Luther-divine-capitalization
1Sam.19.9,24,29,24,29,HErrn,HERRN,name:Luther-divine-capitalization
1Sam.19.11,112,116,112,117,sein,seine,grammar:Frau-determiner
1Sam.19.11,117,121,118,122,Weib,Frau,word:Weib-Frau
1Sam.20.3,209,213,209,213,HErr,HERR,name:Luther-divine-capitalization
1Sam.20.8,95,100,95,100,HErrn,HERRN,name:Luther-divine-capitalization
1Sam.20.12,30,34,30,34,HErr,HERR,name:Luther-divine-capitalization
1Sam.20.13,11,15,11,15,HErr,HERR,name:Luther-divine-capitalization
1Sam.20.13,207,211,207,211,HErr,HERR,name:Luther-divine-capitalization
1Sam.20.14,49,54,49,54,HErrn,HERRN,name:Luther-divine-capitalization
1Sam.20.15,13,17,13,17,HErr,HERR,name:Luther-divine-capitalization
1Sam.20.16,69,73,69,73,HErr,HERR,name:Luther-divine-capitalization
1Sam.20.21,214,218,214,218,HErr,HERR,name:Luther-divine-capitalization
1Sam.20.22,94,98,94,98,HErr,HERR,name:Luther-divine-capitalization
1Sam.20.23,58,62,58,62,HErr,HERR,name:Luther-divine-capitalization
1Sam.20.42,96,101,96,101,HErrn,HERRN,name:Luther-divine-capitalization
1Sam.20.42,118,122,118,122,HErr,HERR,name:Luther-divine-capitalization
1Sam.21.5,140,147,140,146,Weibern,Frauen,word:Weib-Frau
1Sam.21.6,61,67,61,67,Weiber,Frauen,word:Weib-Frau
1Sam.21.7,109,114,109,114,HErrn,HERRN,name:Luther-divine-capitalization
1Sam.21.8,57,62,57,62,HErrn,HERRN,name:Luther-divine-capitalization
1Sam.22.10,15,20,15,20,HErrn,HERRN,name:Luther-divine-capitalization
1Sam.22.17,91,96,91,96,HErrn,HERRN,name:Luther-divine-capitalization
1Sam.22.17,281,286,281,286,HErrn,HERRN,name:Luther-divine-capitalization
1Sam.22.19,83,87,83,87,Weib,Frau,word:Weib-Frau
1Sam.22.21,48,53,48,53,HErrn,HERRN,name:Luther-divine-capitalization
1Sam.23.2,20,25,20,25,HErrn,HERRN,name:Luther-divine-capitalization
1Sam.23.2,94,98,94,98,HErr,HERR,name:Luther-divine-capitalization
1Sam.23.4,27,32,27,32,HErrn,HERRN,name:Luther-divine-capitalization
1Sam.23.4,42,46,42,46,HErr,HERR,name:Luther-divine-capitalization
1Sam.23.10,18,22,18,22,HErr,HERR,name:Luther-divine-capitalization
1Sam.23.11,144,148,144,148,HErr,HERR,name:Luther-divine-capitalization
1Sam.23.11,187,191,187,191,HErr,HERR,name:Luther-divine-capitalization
1Sam.23.12,107,111,107,111,HErr,HERR,name:Luther-divine-capitalization
1Sam.23.18,53,58,53,58,HErrn,HERRN,name:Luther-divine-capitalization
1Sam.23.21,38,43,38,43,HErrn,HERRN,name:Luther-divine-capitalization
1Sam.24.3,121,127,121,127,Gemsen,Gämsen,orthography:wordlist
1Sam.24.5,72,76,72,76,HErr,HERR,name:Luther-divine-capitalization
1Sam.24.7,47,51,47,51,HErr,HERR,name:Luther-divine-capitalization
1Sam.24.7,152,157,152,157,HErrn,HERRN,name:Luther-divine-capitalization
1Sam.24.7,188,193,188,193,HErrn,HERRN,name:Luther-divine-capitalization
1Sam.24.11,54,58,54,58,HErr,HERR,name:Luther-divine-capitalization
1Sam.24.11,281,286,281,286,HErrn,HERRN,name:Luther-divine-capitalization
1Sam.24.13,4,8,4,8,HErr,HERR,name:Luther-divine-capitalization
1Sam.24.16,4,8,4,8,HErr,HERR,name:Luther-divine-capitalization
1Sam.24.19,79,83,79,83,HErr,HERR,name:Luther-divine-capitalization
1Sam.24.20,80,84,80,84,HErr,HERR,name:Luther-divine-capitalization
1Sam.24.22,27,32,27,32,HErrn,HERRN,name:Luther-divine-capitalization
1Sam.25.3,19,23,19,24,sein,seine,grammar:Frau-determiner
1Sam.25.3,24,28,25,29,Weib,Frau,word:Weib-Frau
1Sam.25.3,55,58,56,60,ein,eine,grammar:Frau-determiner
1Sam.25.3,59,63,61,65,Weib,Frau,word:Weib-Frau
1Sam.25.14,25,29,25,29,Weib,Frau,word:Weib-Frau
1Sam.25.26,33,37,33,37,HErr,HERR,name:Luther-divine-capitalization
1Sam.25.26,77,81,77,81,HErr,HERR,name:Luther-divine-capitalization
1Sam.25.28,45,49,45,49,HErr,HERR,name:Luther-divine-capitalization
1Sam.25.28,116,121,116,121,HErrn,HERRN,name:Luther-divine-capitalization
1Sam.25.29,170,175,170,175,HErrn,HERRN,name:Luther-divine-capitalization
1Sam.25.30,14,18,14,18,HErr,HERR,name:Luther-divine-capitalization
1Sam.25.31,144,148,144,148,HErr,HERR,name:Luther-divine-capitalization
1Sam.25.32,43,47,43,47,HErr,HERR,name:Luther-divine-capitalization
1Sam.25.34,22,26,22,26,HErr,HERR,name:Luther-divine-capitalization
1Sam.25.37,70,74,70,75,sein,seine,grammar:Frau-determiner
1Sam.25.37,75,79,76,80,Weib,Frau,word:Weib-Frau
1Sam.25.38,34,38,34,38,HErr,HERR,name:Luther-divine-capitalization
1Sam.25.39,66,70,66,70,HErr,HERR,name:Luther-divine-capitalization
1Sam.25.39,166,170,166,170,HErr,HERR,name:Luther-divine-capitalization
1Sam.25.39,282,285,282,285,zum,zur,grammar:Frau-determiner
1Sam.25.39,286,291,286,290,Weibe,Frau,word:Weib-Frau
1Sam.25.40,132,135,132,135,zum,zur,grammar:Frau-determiner
1Sam.25.40,136,141,136,140,Weibe,Frau,word:Weib-Frau
1Sam.25.42,140,144,140,145,sein,seine,grammar:Frau-determiner
1Sam.25.42,145,149,146,150,Weib,Frau,word:Weib-Frau
1Sam.25.43,69,75,69,75,Weiber,Frauen,word:Weib-Frau
1Sam.25.44,46,50,46,50,Weib,Frau,word:Weib-Frau
1Sam.26.9,93,98,93,98,HErrn,HERRN,name:Luther-divine-capitalization
1Sam.26.10,33,37,33,37,HErr,HERR,name:Luther-divine-capitalization
1Sam.26.10,51,55,51,55,HErr,HERR,name:Luther-divine-capitalization
1Sam.26.11,13,17,13,17,HErr,HERR,name:Luther-divine-capitalization
1Sam.26.11,86,91,86,91,HErrn,HERRN,name:Luther-divine-capitalization
1Sam.26.12,199,204,199,204,HErrn,HERRN,name:Luther-divine-capitalization
1Sam.26.16,55,59,55,59,HErr,HERR,name:Luther-divine-capitalization
1Sam.26.16,133,138,133,138,HErrn,HERRN,name:Luther-divine-capitalization
1Sam.26.19,81,85,81,85,HErr,HERR,name:Luther-divine-capitalization
1Sam.26.19,197,202,197,202,HErrn,HERRN,name:Luther-divine-capitalization
1Sam.26.19,263,268,263,268,HErrn,HERRN,name:Luther-divine-capitalization
1Sam.26.20,71,76,71,76,HErrn,HERRN,name:Luther-divine-capitalization
1Sam.26.23,4,8,4,8,HErr,HERR,name:Luther-divine-capitalization
1Sam.26.23,100,104,100,104,HErr,HERR,name:Luther-divine-capitalization
1Sam.26.23,197,202,197,202,HErrn,HERRN,name:Luther-divine-capitalization
1Sam.26.24,122,127,122,127,HErrn,HERRN,name:Luther-divine-capitalization
1Sam.27.3,114,121,114,120,Weibern,Frauen,word:Weib-Frau
1Sam.27.3,173,177,172,176,Weib,Frau,word:Weib-Frau
1Sam.27.9,55,59,55,59,Weib,Frau,word:Weib-Frau
1Sam.27.11,32,36,32,36,Weib,Frau,word:Weib-Frau
1Sam.28.6,21,26,21,26,HErrn,HERRN,name:Luther-divine-capitalization
1Sam.28.6,37,41,37,41,HErr,HERR,name:Luther-divine-capitalization
1Sam.28.7,45,48,45,49,ein,eine,grammar:Frau-determiner
1Sam.28.7,49,53,50,54,Weib,Frau,word:Weib-Frau
1Sam.28.7,172,175,173,177,ein,eine,grammar:Frau-determiner
1Sam.28.7,176,180,178,182,Weib,Frau,word:Weib-Frau
1Sam.28.8,120,123,120,123,dem,der,grammar:Frau-determiner
1Sam.28.8,124,129,124,128,Weibe,Frau,word:Weib-Frau
1Sam.28.9,0,3,0,3,Das,Die,grammar:Frau-determiner
1Sam.28.9,4,8,4,8,Weib,Frau,word:Weib-Frau
1Sam.28.10,29,34,29,34,HErrn,HERRN,name:Luther-divine-capitalization
1Sam.28.10,59,63,59,63,HErr,HERR,name:Luther-divine-capitalization
1Sam.28.11,10,13,10,13,das,die,grammar:Frau-determiner
1Sam.28.11,14,18,14,18,Weib,Frau,word:Weib-Frau
1Sam.28.12,7,10,7,10,das,die,grammar:Frau-determiner
1Sam.28.12,11,15,11,15,Weib,Frau,word:Weib-Frau
1Sam.28.13,64,67,64,67,Das,Die,grammar:Frau-determiner
1Sam.28.13,68,72,68,72,Weib,Frau,word:Weib-Frau
1Sam.28.16,51,55,51,55,HErr,HERR,name:Luther-divine-capitalization
1Sam.28.17,4,8,4,8,HErr,HERR,name:Luther-divine-capitalization
1Sam.28.18,29,34,29,34,HErrn,HERRN,name:Luther-divine-capitalization
1Sam.28.18,133,137,133,137,HErr,HERR,name:Luther-divine-capitalization
1Sam.28.19,14,18,14,18,HErr,HERR,name:Luther-divine-capitalization
1Sam.28.19,129,133,129,133,HErr,HERR,name:Luther-divine-capitalization
1Sam.28.21,4,7,4,7,das,die,grammar:Frau-determiner
1Sam.28.21,8,12,8,12,Weib,Frau,word:Weib-Frau
1Sam.28.23,90,93,90,93,das,die,grammar:Frau-determiner
1Sam.28.23,94,98,94,98,Weib,Frau,word:Weib-Frau
1Sam.28.24,0,3,0,3,Das,Die,grammar:Frau-determiner
1Sam.28.24,4,8,4,8,Weib,Frau,word:Weib-Frau
1Sam.29.6,51,55,51,55,HErr,HERR,name:Luther-divine-capitalization
1Sam.30.2,15,21,15,21,Weiber,Frauen,word:Weib-Frau
1Sam.30.3,98,104,98,104,Weiber,Frauen,word:Weib-Frau
1Sam.30.5,17,23,17,23,Weiber,Frauen,word:Weib-Frau
1Sam.30.5,91,95,91,95,Weib,Frau,word:Weib-Frau
1Sam.30.6,190,195,190,195,HErrn,HERRN,name:Luther-divine-capitalization
1Sam.30.8,17,22,17,22,HErrn,HERRN,name:Luther-divine-capitalization
1Sam.30.18,79,85,79,85,Weiber,Frauen,word:Weib-Frau
1Sam.30.22,234,238,234,239,sein,seine,grammar:Frau-determiner
1Sam.30.22,239,243,240,244,Weib,Frau,word:Weib-Frau
1Sam.30.23,76,80,76,80,HErr,HERR,name:Luther-divine-capitalization
1Sam.30.26,162,167,162,167,HErrn,HERRN,name:Luther-divine-capitalization
2Sam.1.12,117,122,117,122,HErrn,HERRN,name:Luther-divine-capitalization
2Sam.1.14,103,108,103,108,HErrn,HERRN,name:Luther-divine-capitalization
2Sam.1.16,144,149,144,149,HErrn,HERRN,name:Luther-divine-capitalization
2Sam.2.1,40,45,40,45,HErrn,HERRN,name:Luther-divine-capitalization
2Sam.2.1,115,119,115,119,HErr,HERR,name:Luther-divine-capitalization
2Sam.2.2,37,44,37,43,Weibern,Frauen,word:Weib-Frau
2Sam.2.2,109,113,108,112,Weib,Frau,word:Weib-Frau
2Sam.2.5,69,74,69,74,HErrn,HERRN,name:Luther-divine-capitalization
2Sam.2.6,23,27,23,27,HErr,HERR,name:Luther-divine-capitalization
2Sam.2.27,49,55,49,55,morgen,Morgen,orthography:phrase
2Sam.3.3,41,45,41,45,Weib,Frau,word:Weib-Frau
2Sam.3.5,33,36,33,36,dem,der,grammar:Frau-determiner
2Sam.3.5,37,42,37,41,Weibe,Frau,word:Weib-Frau
2Sam.3.8,293,296,293,297,ein,eine,grammar:Frau-determiner
2Sam.3.8,297,301,298,302,Weib,Frau,word:Weib-Frau
2Sam.3.9,57,61,57,61,HErr,HERR,name:Luther-divine-capitalization
2Sam.3.14,82,86,82,87,mein,meine,grammar:Frau-determiner
2Sam.3.14,87,91,88,92,Weib,Frau,word:Weib-Frau
2Sam.3.18,23,27,23,27,HErr,HERR,name:Luther-divine-capitalization
2Sam.3.28,87,92,87,92,HErrn,HERRN,name:Luther-divine-capitalization
2Sam.3.39,118,122,118,122,HErr,HERR,name:Luther-divine-capitalization
2Sam.4.8,177,181,177,181,HErr,HERR,name:Luther-divine-capitalization
2Sam.4.9,39,43,39,43,HErr,HERR,name:Luther-divine-capitalization
2Sam.5.2,90,94,90,94,HErr,HERR,name:Luther-divine-capitalization
2Sam.5.3,125,130,125,130,HErrn,HERRN,name:Luther-divine-capitalization
2Sam.5.10,38,42,38,42,HErr,HERR,name:Luther-divine-capitalization
2Sam.5.12,31,35,31,35,HErr,HERR,name:Luther-divine-capitalization
2Sam.5.13,25,31,25,31,Weiber,Frauen,word:Weib-Frau
2Sam.5.19,21,26,21,26,HErrn,HERRN,name:Luther-divine-capitalization
2Sam.5.19,125,129,125,129,HErr,HERR,name:Luther-divine-capitalization
2Sam.5.20,71,75,71,75,HErr,HERR,name:Luther-divine-capitalization
2Sam.5.23,21,26,21,26,HErrn,HERRN,name:Luther-divine-capitalization
2Sam.5.24,102,106,102,106,HErr,HERR,name:Luther-divine-capitalization
2Sam.5.25,19,23,19,23,HErr,HERR,name:Luther-divine-capitalization
2Sam.6.2,159,164,159,164,HErrn,HERRN,name:Luther-divine-capitalization
2Sam.6.5,48,53,48,53,HErrn,HERRN,name:Luther-divine-capitalization
2Sam.6.7,17,22,17,22,HErrn,HERRN,name:Luther-divine-capitalization
2Sam.6.8,32,36,32,36,HErr,HERR,name:Luther-divine-capitalization
2Sam.6.9,33,38,33,38,HErrn,HERRN,name:Luther-divine-capitalization
2Sam.6.9,83,88,83,88,HErrn,HERRN,name:Luther-divine-capitalization
2Sam.6.11,20,25,20,25,HErrn,HERRN,name:Luther-divine-capitalization
2Sam.6.11,96,100,96,100,HErr,HERR,name:Luther-divine-capitalization
2Sam.6.12,47,51,47,51,HErr,HERR,name:Luther-divine-capitalization
2Sam.6.13,49,54,49,54,HErrn,HERRN,name:Luther-divine-capitalization
2Sam.6.14,41,46,41,46,HErrn,HERRN,name:Luther-divine-capitalization
2Sam.6.15,54,59,54,59,HErrn,HERRN,name:Luther-divine-capitalization
2Sam.6.16,20,25,20,25,HErrn,HERRN,name:Luther-divine-capitalization
2Sam.6.16,152,157,152,157,HErrn,HERRN,name:Luther-divine-capitalization
2Sam.6.17,25,30,25,30,HErrn,HERRN,name:Luther-divine-capitalization
2Sam.6.17,188,193,188,193,HErrn,HERRN,name:Luther-divine-capitalization
2Sam.6.18,98,103,98,103,HErrn,HERRN,name:Luther-divine-capitalization
2Sam.6.19,69,73,69,73,Weib,Frau,word:Weib-Frau
2Sam.6.21,46,51,46,51,HErrn,HERRN,name:Luther-divine-capitalization
2Sam.6.21,189,194,189,194,HErrn,HERRN,name:Luther-divine-capitalization
2Sam.7.1,45,49,45,49,HErr,HERR,name:Luther-divine-capitalization
2Sam.7.3,93,97,93,97,HErr,HERR,name:Luther-divine-capitalization
2Sam.7.4,33,38,33,38,HErrn,HERRN,name:Luther-divine-capitalization
2Sam.7.5,58,62,58,62,HErr,HERR,name:Luther-divine-capitalization
2Sam.7.8,63,67,63,67,HErr,HERR,name:Luther-divine-capitalization
2Sam.7.11,58,62,58,62,HErr,HERR,name:Luther-divine-capitalization
2Sam.7.11,88,92,88,92,HErr,HERR,name:Luther-divine-capitalization
2Sam.7.18,40,45,40,45,HErrn,HERRN,name:Luther-divine-capitalization
2Sam.7.18,76,80,76,80,HErr,HERR,name:Luther-divine-capitalization
2Sam.7.19,41,45,41,45,HErr,HERR,name:Luther-divine-capitalization
2Sam.7.19,156,160,156,160,HErr,HERR,name:Luther-divine-capitalization
2Sam.7.20,71,75,71,75,HErr,HERR,name:Luther-divine-capitalization
2Sam.7.22,34,38,34,38,HErr,HERR,name:Luther-divine-capitalization
2Sam.7.24,79,83,79,83,HErr,HERR,name:Luther-divine-capitalization
2Sam.7.25,19,23,19,23,HErr,HERR,name:Luther-divine-capitalization
2Sam.7.26,68,72,68,72,HErr,HERR,name:Luther-divine-capitalization
2Sam.7.27,9,13,9,13,HErr,HERR,name:Luther-divine-capitalization
2Sam.7.28,10,14,10,14,HErr,HERR,name:Luther-divine-capitalization
2Sam.7.29,95,99,95,99,HErr,HERR,name:Luther-divine-capitalization
2Sam.8.6,120,124,120,124,HErr,HERR,name:Luther-divine-capitalization
2Sam.8.11,32,37,32,37,HErrn,HERRN,name:Luther-divine-capitalization
2Sam.8.14,75,79,75,79,HErr,HERR,name:Luther-divine-capitalization
2Sam.10.12,90,94,90,94,HErr,HERR,name:Luther-divine-capitalization
2Sam.11.2,125,128,125,129,ein,eine,grammar:Frau-determiner
2Sam.11.2,129,133,130,134,Weib,Frau,word:Weib-Frau
2Sam.11.2,152,155,153,156,das,die,grammar:Frau-determiner
2Sam.11.2,156,160,157,161,Weib,Frau,word:Weib-Frau
2Sam.11.3,35,38,35,38,dem,der,grammar:Frau-determiner
2Sam.11.3,39,44,39,43,Weibe,Frau,word:Weib-Frau
2Sam.11.3,113,116,112,115,das,die,grammar:Frau-determiner
2Sam.11.3,117,121,116,120,Weib,Frau,word:Weib-Frau
2Sam.11.5,4,7,4,7,das,die,grammar:Frau-determiner
2Sam.11.5,8,12,8,12,Weib,Frau,word:Weib-Frau
2Sam.11.11,205,211,205,211,meinem,meiner,grammar:Frau-determiner
2Sam.11.11,212,217,212,216,Weibe,Frau,word:Weib-Frau
2Sam.11.21,56,59,56,60,ein,eine,grammar:Frau-determiner
2Sam.11.21,60,64,61,65,Weib,Frau,word:Weib-Frau
2Sam.11.26,13,17,13,17,Weib,Frau,word:Weib-Frau
2Sam.11.27,95,99,95,100,sein,seine,grammar:Frau-determiner
2Sam.11.27,100,104,101,105,Weib,Frau,word:Weib-Frau
2Sam.11.27,155,160,156,161,HErrn,HERRN,name:Luther-divine-capitalization
2Sam.12.1,8,12,8,12,HErr,HERR,name:Luther-divine-capitalization
2Sam.12.5,84,88,84,88,HErr,HERR,name:Luther-divine-capitalization
2Sam.12.7,60,64,60,64,HErr,HERR,name:Luther-divine-capitalization
2Sam.12.8,51,57,51,57,Weiber,Frauen,word:Weib-Frau
2Sam.12.9,32,37,32,37,HErrn,HERRN,name:Luther-divine-capitalization
2Sam.12.9,151,155,151,156,sein,seine,grammar:Frau-determiner
2Sam.12.9,156,160,157,161,Weib,Frau,word:Weib-Frau
2Sam.12.9,173,176,174,177,zum,zur,grammar:Frau-determiner
2Sam.12.9,177,181,178,182,Weib,Frau,word:Weib-Frau
2Sam.12.10,103,106,103,106,das,die,grammar:Frau-determiner
2Sam.12.10,107,111,107,111,Weib,Frau,word:Weib-Frau
2Sam.12.10,158,162,158,163,dein,deine,grammar:Frau-determiner
2Sam.12.10,163,167,164,168,Weib,Frau,word:Weib-Frau
2Sam.12.11,15,19,15,19,HErr,HERR,name:Luther-divine-capitalization
2Sam.12.11,104,110,104,110,Weiber,Frauen,word:Weib-Frau
2Sam.12.11,190,197,190,196,Weibern,Frauen,word:Weib-Frau
2Sam.12.13,56,61,56,61,HErrn,HERRN,name:Luther-divine-capitalization
2Sam.12.13,103,107,103,107,HErr,HERR,name:Luther-divine-capitalization
2Sam.12.14,28,33,28,33,HErrn,HERRN,name:Luther-divine-capitalization
2Sam.12.15,30,34,30,34,HErr,HERR,name:Luther-divine-capitalization
2Sam.12.15,62,66,62,66,Weib,Frau,word:Weib-Frau
2Sam.12.20,114,119,114,119,HErrn,HERRN,name:Luther-divine-capitalization
2Sam.12.22,100,104,100,104,HErr,HERR,name:Luther-divine-capitalization
2Sam.12.24,13,17,13,18,sein,seine,grammar:Frau-determiner
2Sam.12.24,18,22,19,23,Weib,Frau,word:Weib-Frau
2Sam.12.24,147,151,148,152,HErr,HERR,name:Luther-divine-capitalization
2Sam.12.25,83,88,83,88,HErrn,HERRN,name:Luther-divine-capitalization
2Sam.14.2,50,53,50,54,ein,eine,grammar:Frau-determiner
2Sam.14.2,54,60,55,60,kluges,kluge,grammar:Frau-adjective
2Sam.14.2,61,65,61,65,Weib,Frau,word:Weib-Frau
2Sam.14.2,175,178,175,179,ein,eine,grammar:Frau-determiner
2Sam.14.2,179,183,180,184,Weib,Frau,word:Weib-Frau
2Sam.14.2,185,188,186,189,das,die,grammar:Frau-relative
2Sam.14.4,7,10,7,10,das,die,grammar:Frau-determiner
2Sam.14.4,11,15,11,15,Weib,Frau,word:Weib-Frau
2Sam.14.8,17,20,17,20,zum,zur,grammar:Frau-determiner
2Sam.14.8,21,26,21,25,Weibe,Frau,word:Weib-Frau
2Sam.14.9,4,7,4,7,das,die,grammar:Frau-determiner
2Sam.14.9,8,12,8,12,Weib,Frau,word:Weib-Frau
2Sam.14.11,37,42,37,42,HErrn,HERRN,name:Luther-divine-capitalization
2Sam.14.11,172,176,172,176,HErr,HERR,name:Luther-divine-capitalization
2Sam.14.12,4,7,4,7,das,die,grammar:Frau-determiner
2Sam.14.12,8,12,8,12,Weib,Frau,word:Weib-Frau
2Sam.14.13,0,3,0,3,Das,Die,grammar:Frau-determiner
2Sam.14.13,4,8,4,8,Weib,Frau,word:Weib-Frau
2Sam.14.17,185,189,185,189,HErr,HERR,name:Luther-divine-capitalization
2Sam.14.18,32,35,32,35,zum,zur,grammar:Frau-determiner
2Sam.14.18,36,41,36,40,Weibe,Frau,word:Weib-Frau
2Sam.14.18,81,84,80,83,Das,Die,grammar:Frau-determiner
2Sam.14.18,85,89,84,88,Weib,Frau,word:Weib-Frau
2Sam.14.19,68,71,68,71,Das,Die,grammar:Frau-determiner
2Sam.14.19,72,76,72,76,Weib,Frau,word:Weib-Frau
2Sam.14.27,80,83,80,84,ein,eine,grammar:Frau-determiner
2Sam.14.27,84,88,85,89,Weib,Frau,word:Weib-Frau
2Sam.15.7,110,115,110,115,HErrn,HERRN,name:Luther-divine-capitalization
2Sam.15.8,95,99,95,99,HErr,HERR,name:Luther-divine-capitalization
2Sam.15.8,145,150,145,150,HErrn,HERRN,name:Luther-divine-capitalization
2Sam.15.21,42,46,42,46,HErr,HERR,name:Luther-divine-capitalization
2Sam.15.25,107,112,107,112,HErrn,HERRN,name:Luther-divine-capitalization
2Sam.15.31,83,87,83,87,HErr,HERR,name:Luther-divine-capitalization
2Sam.16.8,4,8,4,8,HErr,HERR,name:Luther-divine-capitalization
2Sam.16.8,113,117,113,117,HErr,HERR,name:Luther-divine-capitalization
2Sam.16.10,104,108,104,108,HErr,HERR,name:Luther-divine-capitalization
2Sam.16.11,216,220,216,220,HErr,HERR,name:Luther-divine-capitalization
2Sam.16.12,20,24,20,24,HErr,HERR,name:Luther-divine-capitalization
2Sam.16.18,62,66,62,66,HErr,HERR,name:Luther-divine-capitalization
2Sam.17.14,116,120,116,120,HErr,HERR,name:Luther-divine-capitalization
2Sam.17.14,200,204,200,204,HErr,HERR,name:Luther-divine-capitalization
2Sam.17.19,4,7,4,7,das,die,grammar:Frau-determiner
2Sam.17.19,8,12,8,12,Weib,Frau,word:Weib-Frau
2Sam.17.20,28,31,28,31,zum,zur,grammar:Frau-determiner
2Sam.17.20,32,37,32,36,Weibe,Frau,word:Weib-Frau
2Sam.17.20,97,100,96,99,Das,Die,grammar:Frau-determiner
2Sam.17.20,101,105,100,104,Weib,Frau,word:Weib-Frau
2Sam.18.19,92,96,92,96,HErr,HERR,name:Luther-divine-capitalization
2Sam.18.28,131,135,131,135,HErr,HERR,name:Luther-divine-capitalization
2Sam.18.31,74,78,74,78,HErr,HERR,name:Luther-divine-capitalization
2Sam.19.6,150,156,150,156,Weiber,Frauen,word:Weib-Frau
2Sam.19.8,108,113,108,113,HErrn,HERRN,name:Luther-divine-capitalization
2Sam.19.22,124,129,124,129,HErrn,HERRN,name:Luther-divine-capitalization
2Sam.20.19,146,151,146,151,HErrn,HERRN,name:Luther-divine-capitalization
2Sam.21.1,101,106,101,106,HErrn,HERRN,name:Luther-divine-capitalization
2Sam.21.1,116,120,116,120,HErr,HERR,name:Luther-divine-capitalization
2Sam.21.3,115,120,115,120,HErrn,HERRN,name:Luther-divine-capitalization
2Sam.21.6,69,74,69,74,HErrn,HERRN,name:Luther-divine-capitalization
2Sam.21.6,109,114,109,114,HErrn,HERRN,name:Luther-divine-capitalization
2Sam.21.7,101,106,101,106,HErrn,HERRN,name:Luther-divine-capitalization
2Sam.21.9,77,82,77,82,HErrn,HERRN,name:Luther-divine-capitalization
2Sam.22.1,25,30,25,30,HErrn,HERRN,name:Luther-divine-capitalization
2Sam.22.1,76,80,76,80,HErr,HERR,name:Luther-divine-capitalization
2Sam.22.2,4,8,4,8,HErr,HERR,name:Luther-divine-capitalization
2Sam.22.4,16,21,16,21,HErrn,HERRN,name:Luther-divine-capitalization
2Sam.22.7,31,36,31,36,HErrn,HERRN,name:Luther-divine-capitalization
2Sam.22.14,4,8,4,8,HErr,HERR,name:Luther-divine-capitalization
2Sam.22.16,93,98,93,98,HErrn,HERRN,name:Luther-divine-capitalization
2Sam.22.19,57,61,57,61,HErr,HERR,name:Luther-divine-capitalization
2Sam.22.21,4,8,4,8,HErr,HERR,name:Luther-divine-capitalization
2Sam.22.22,28,33,28,33,HErrn,HERRN,name:Luther-divine-capitalization
2Sam.22.25,22,26,22,26,HErr,HERR,name:Luther-divine-capitalization
2Sam.22.29,9,13,9,13,HErr,HERR,name:Luther-divine-capitalization
2Sam.22.29,39,43,39,43,HErr,HERR,name:Luther-divine-capitalization
2Sam.22.31,33,38,33,38,HErrn,HERRN,name:Luther-divine-capitalization
2Sam.22.32,31,36,31,36,HErrn,HERRN,name:Luther-divine-capitalization
2Sam.22.42,55,60,55,60,HErrn,HERRN,name:Luther-divine-capitalization
2Sam.22.47,4,8,4,8,HErr,HERR,name:Luther-divine-capitalization
2Sam.22.50,27,31,27,31,HErr,HERR,name:Luther-divine-capitalization
2Sam.23.2,14,19,14,19,HErrn,HERRN,name:Luther-divine-capitalization
2Sam.23.10,93,97,93,97,HErr,HERR,name:Luther-divine-capitalization
2Sam.23.16,207,212,207,212,HErrn,HERRN,name:Luther-divine-capitalization
2Sam.23.17,26,30,26,30,HErr,HERR,name:Luther-divine-capitalization
2Sam.24.1,17,22,17,22,HErrn,HERRN,name:Luther-divine-capitalization
2Sam.24.2,153,160,153,161,wieviel,wie viel,orthography:wordlist
2Sam.24.3,30,34,30,34,HErr,HERR,name:Luther-divine-capitalization
2Sam.24.10,78,83,78,83,HErrn,HERRN,name:Luther-divine-capitalization
2Sam.24.10,146,150,146,150,HErr,HERR,name:Luther-divine-capitalization
2Sam.24.11,43,48,43,48,HErrn,HERRN,name:Luther-divine-capitalization
2Sam.24.12,44,48,44,48,HErr,HERR,name:Luther-divine-capitalization
2Sam.24.14,74,79,74,79,HErrn,HERRN,name:Luther-divine-capitalization
2Sam.24.15,14,18,14,18,HErr,HERR,name:Luther-divine-capitalization
2Sam.24.16,88,93,88,93,HErrn,HERRN,name:Luther-divine-capitalization
2Sam.24.16,212,217,212,217,HErrn,HERRN,name:Luther-divine-capitalization
2Sam.24.17,64,69,64,69,HErrn,HERRN,name:Luther-divine-capitalization
2Sam.24.18,83,88,83,88,HErrn,HERRN,name:Luther-divine-capitalization
2Sam.24.19,47,51,47,51,HErr,HERR,name:Luther-divine-capitalization
2Sam.24.21,123,128,123,128,HErrn,HERRN,name:Luther-divine-capitalization
2Sam.24.23,77,81,77,81,HErr,HERR,name:Luther-divine-capitalization
2Sam.24.24,112,117,112,117,HErrn,HERRN,name:Luther-divine-capitalization
2Sam.24.25,23,28,23,28,HErrn,HERRN,name:Luther-divine-capitalization
2Sam.24.25,87,91,87,91,HErr,HERR,name:Luther-divine-capitalization
1Kgs.1.17,69,74,69,74,HErrn,HERRN,name:Luther-divine-capitalization
1Kgs.1.29,41,45,41,45,HErr,HERR,name:Luther-divine-capitalization
1Kgs.1.30,56,61,56,61,HErrn,HERRN,name:Luther-divine-capitalization
1Kgs.1.36,80,84,80,84,HErr,HERR,name:Luther-divine-capitalization
1Kgs.1.37,8,12,8,12,HErr,HERR,name:Luther-divine-capitalization
1Kgs.1.48,47,51,47,51,HErr,HERR,name:Luther-divine-capitalization
1Kgs.2.3,27,32,27,32,HErrn,HERRN,name:Luther-divine-capitalization
1Kgs.2.4,13,17,13,17,HErr,HERR,name:Luther-divine-capitalization
1Kgs.2.8,214,219,214,219,HErrn,HERRN,name:Luther-divine-capitalization
1Kgs.2.15,200,205,200,205,HErrn,HERRN,name:Luther-divine-capitalization
1Kgs.2.17,117,120,117,120,zum,zur,grammar:Frau-determiner
1Kgs.2.17,121,126,121,125,Weibe,Frau,word:Weib-Frau
1Kgs.2.21,55,58,55,58,zum,zur,grammar:Frau-determiner
1Kgs.2.21,59,64,59,63,Weibe,Frau,word:Weib-Frau
1Kgs.2.23,36,41,36,41,HErrn,HERRN,name:Luther-divine-capitalization
1Kgs.2.24,21,25,21,25,HErr,HERR,name:Luther-divine-capitalization
1Kgs.2.26,180,185,180,185,HErrn,HERRN,name:Luther-divine-capitalization
1Kgs.2.27,69,74,69,74,HErrn,HERRN,name:Luther-divine-capitalization
1Kgs.2.27,109,114,109,114,HErrn,HERRN,name:Luther-divine-capitalization
1Kgs.2.28,123,128,123,128,HErrn,HERRN,name:Luther-divine-capitalization
1Kgs.2.29,63,68,63,68,HErrn,HERRN,name:Luther-divine-capitalization
1Kgs.2.30,28,33,28,33,HErrn,HERRN,name:Luther-divine-capitalization
1Kgs.2.32,8,12,8,12,HErr,HERR,name:Luther-divine-capitalization
1Kgs.2.33,156,161,156,161,HErrn,HERRN,name:Luther-divine-capitalization
1Kgs.2.42,102,107,102,107,HErrn,HERRN,name:Luther-divine-capitalization
1Kgs.2.43,56,61,56,61,HErrn,HERRN,name:Luther-divine-capitalization
1Kgs.2.44,131,135,131,135,HErr,HERR,name:Luther-divine-capitalization
1Kgs.2.45,84,89,84,89,HErrn,HERRN,name:Luther-divine-capitalization
1Kgs.3.1,160,165,160,165,HErrn,HERRN,name:Luther-divine-capitalization
1Kgs.3.2,90,95,90,95,HErrn,HERRN,name:Luther-divine-capitalization
1Kgs.3.3,22,27,22,27,HErrn,HERRN,name:Luther-divine-capitalization
1Kgs.3.5,8,12,8,12,HErr,HERR,name:Luther-divine-capitalization
1Kgs.3.7,5,9,5,9,HErr,HERR,name:Luther-divine-capitalization
1Kgs.3.10,15,20,15,20,HErrn,HERRN,name:Luther-divine-capitalization
1Kgs.3.15,114,119,114,119,HErrn,HERRN,name:Luther-divine-capitalization
1Kgs.3.17,13,17,13,17,Weib,Frau,word:Weib-Frau
1Kgs.3.17,50,54,50,55,dies,diese,grammar:Frau-determiner
1Kgs.3.17,55,59,56,60,Weib,Frau,word:Weib-Frau
1Kgs.3.19,4,10,4,10,dieses,dieser,grammar:Frau-determiner
1Kgs.3.19,11,17,11,15,Weibes,Frau,word:Weib-Frau
1Kgs.3.22,0,3,0,3,Das,Die,grammar:Frau-determiner
1Kgs.3.22,11,15,11,15,Weib,Frau,word:Weib-Frau
1Kgs.3.26,10,13,10,13,das,die,grammar:Frau-determiner
1Kgs.3.26,14,18,14,18,Weib,Frau,word:Weib-Frau
1Kgs.4.11,89,92,89,92,zum,zur,grammar:Frau-determiner
1Kgs.4.11,93,98,93,97,Weibe,Frau,word:Weib-Frau
1Kgs.4.15,64,67,64,67,zum,zur,grammar:Frau-determiner
1Kgs.4.15,68,73,68,72,Weibe,Frau,word:Weib-Frau
1Kgs.5.3,90,96,90,96,Gemsen,Gämsen,orthography:wordlist
1Kgs.5.17,74,79,74,79,HErrn,HERRN,name:Luther-divine-capitalization
1Kgs.5.17,151,155,151,155,HErr,HERR,name:Luther-divine-capitalization
1Kgs.5.18,21,25,21,25,HErr,HERR,name:Luther-divine-capitalization
1Kgs.5.19,60,65,60,65,HErrn,HERRN,name:Luther-divine-capitalization
1Kgs.5.19,90,94,90,94,HErr,HERR,name:Luther-divine-capitalization
1Kgs.5.21,86,90,86,90,HErr,HERR,name:Luther-divine-capitalization
1Kgs.5.26,8,12,8,12,HErr,HERR,name:Luther-divine-capitalization
1Kgs.6.1,175,180,175,180,HErrn,HERRN,name:Luther-divine-capitalization
1Kgs.6.2,40,45,40,45,HErrn,HERRN,name:Luther-divine-capitalization
1Kgs.6.11,19,24,19,24,HErrn,HERRN,name:Luther-divine-capitalization
1Kgs.6.19,78,83,78,83,HErrn,HERRN,name:Luther-divine-capitalization
1Kgs.6.37,66,71,66,71,HErrn,HERRN,name:Luther-divine-capitalization
1Kgs.7.8,164,167,164,167,zum,zur,grammar:Frau-determiner
1Kgs.7.8,168,173,168,172,Weibe,Frau,word:Weib-Frau
1Kgs.7.12,131,136,131,136,HErrn,HERRN,name:Luther-divine-capitalization
1Kgs.7.40,113,118,113,118,HErrn,HERRN,name:Luther-divine-capitalization
1Kgs.7.45,108,113,108,113,HErrn,HERRN,name:Luther-divine-capitalization
1Kgs.7.48,50,55,50,55,HErrn,HERRN,name:Luther-divine-capitalization
1Kgs.7.51,73,78,73,78,HErrn,HERRN,name:Luther-divine-capitalization
1Kgs.7.51,219,224,219,224,HErrn,HERRN,name:Luther-divine-capitalization
1Kgs.8.1,181,186,181,186,HErrn,HERRN,name:Luther-divine-capitalization
1Kgs.8.3,68,73,68,73,HErrn,HERRN,name:Luther-divine-capitalization
1Kgs.8.6,51,56,51,56,HErrn,HERRN,name:Luther-divine-capitalization
1Kgs.8.9,113,117,113,117,HErr,HERR,name:Luther-divine-capitalization
1Kgs.8.10,79,84,79,84,HErrn,HERRN,name:Luther-divine-capitalization
1Kgs.8.11,101,106,101,106,HErrn,HERRN,name:Luther-divine-capitalization
1Kgs.8.11,129,134,129,134,HErrn,HERRN,name:Luther-divine-capitalization
1Kgs.8.12,22,26,22,26,HErr,HERR,name:Luther-divine-capitalization
1Kgs.8.15,31,35,31,35,HErr,HERR,name:Luther-divine-capitalization
1Kgs.8.17,82,87,82,87,HErrn,HERRN,name:Luther-divine-capitalization
1Kgs.8.18,9,13,9,13,HErr,HERR,name:Luther-divine-capitalization
1Kgs.8.20,8,12,8,12,HErr,HERR,name:Luther-divine-capitalization
1Kgs.8.20,154,158,154,158,HErr,HERR,name:Luther-divine-capitalization
1Kgs.8.20,211,216,211,216,HErrn,HERRN,name:Luther-divine-capitalization
1Kgs.8.21,71,76,71,76,HErrn,HERRN,name:Luther-divine-capitalization
1Kgs.8.22,34,39,34,39,HErrn,HERRN,name:Luther-divine-capitalization
1Kgs.8.23,12,16,12,16,HErr,HERR,name:Luther-divine-capitalization
1Kgs.8.25,5,9,5,9,HErr,HERR,name:Luther-divine-capitalization
1Kgs.8.28,64,68,64,68,HErr,HERR,name:Luther-divine-capitalization
1Kgs.8.44,118,123,118,123,HErrn,HERRN,name:Luther-divine-capitalization
1Kgs.8.53,164,168,164,168,HErr,HERR,name:Luther-divine-capitalization
1Kgs.8.54,56,61,56,61,HErrn,HERRN,name:Luther-divine-capitalization
1Kgs.8.54,105,110,105,110,HErrn,HERRN,name:Luther-divine-capitalization
1Kgs.8.56,16,20,16,20,HErr,HERR,name:Luther-divine-capitalization
1Kgs.8.57,4,8,4,8,HErr,HERR,name:Luther-divine-capitalization
1Kgs.8.59,33,37,33,37,HErr,HERR,name:Luther-divine-capitalization
1Kgs.8.59,74,79,74,79,HErrn,HERRN,name:Luther-divine-capitalization
1Kgs.8.60,50,54,50,54,HErr,HERR,name:Luther-divine-capitalization
1Kgs.8.61,40,45,40,45,HErrn,HERRN,name:Luther-divine-capitalization
1Kgs.8.62,54,59,54,59,HErrn,HERRN,name:Luther-divine-capitalization
1Kgs.8.63,41,46,41,46,HErrn,HERRN,name:Luther-divine-capitalization
1Kgs.8.63,120,125,120,125,HErrn,HERRN,name:Luther-divine-capitalization
1Kgs.8.64,76,81,76,81,HErrn,HERRN,name:Luther-divine-capitalization
1Kgs.8.64,209,214,209,214,HErrn,HERRN,name:Luther-divine-capitalization
1Kgs.8.65,151,156,151,156,HErrn,HERRN,name:Luther-divine-capitalization
1Kgs.8.66,155,159,155,159,HErr,HERR,name:Luther-divine-capitalization
1Kgs.9.1,34,39,34,39,HErrn,HERRN,name:Luther-divine-capitalization
1Kgs.9.2,17,21,17,21,HErr,HERR,name:Luther-divine-capitalization
1Kgs.9.3,8,12,8,12,HErr,HERR,name:Luther-divine-capitalization
1Kgs.9.8,126,130,126,130,HErr,HERR,name:Luther-divine-capitalization
1Kgs.9.9,43,48,43,48,HErrn,HERRN,name:Luther-divine-capitalization
1Kgs.9.9,206,210,206,210,HErr,HERR,name:Luther-divine-capitalization
1Kgs.9.10,75,80,75,80,HErrn,HERRN,name:Luther-divine-capitalization
1Kgs.9.15,87,92,87,92,HErrn,HERRN,name:Luther-divine-capitalization
1Kgs.9.16,195,199,195,199,Weib,Frau,word:Weib-Frau
1Kgs.9.25,89,94,89,94,HErrn,HERRN,name:Luther-divine-capitalization
1Kgs.9.25,139,144,139,144,HErrn,HERRN,name:Luther-divine-capitalization
1Kgs.10.1,52,57,52,57,HErrn,HERRN,name:Luther-divine-capitalization
1Kgs.10.5,163,168,163,168,HErrn,HERRN,name:Luther-divine-capitalization
1Kgs.10.9,15,19,15,19,HErr,HERR,name:Luther-divine-capitalization
1Kgs.10.9,116,120,116,120,HErr,HERR,name:Luther-divine-capitalization
1Kgs.10.12,62,67,62,67,HErrn,HERRN,name:Luther-divine-capitalization
1Kgs.11.1,47,53,47,53,Weiber,Frauen,word:Weib-Frau
1Kgs.11.2,31,35,31,35,HErr,HERR,name:Luther-divine-capitalization
1Kgs.11.3,17,23,17,23,Weiber,Frauen,word:Weib-Frau
1Kgs.11.3,64,70,64,70,Weiber,Frauen,word:Weib-Frau
1Kgs.11.4,37,43,37,43,Weiber,Frauen,word:Weib-Frau
1Kgs.11.4,114,119,114,119,HErrn,HERRN,name:Luther-divine-capitalization
1Kgs.11.6,24,29,24,29,HErrn,HERRN,name:Luther-divine-capitalization
1Kgs.11.6,73,78,73,78,HErrn,HERRN,name:Luther-divine-capitalization
1Kgs.11.8,43,50,43,49,Weibern,Frauen,word:Weib-Frau
1Kgs.11.9,4,8,4,8,HErr,HERR,name:Luther-divine-capitalization
1Kgs.11.9,62,67,62,67,HErrn,HERRN,name:Luther-divine-capitalization
1Kgs.11.10,126,130,126,130,HErr,HERR,name:Luther-divine-capitalization
1Kgs.11.11,17,21,17,21,HErr,HERR,name:Luther-divine-capitalization
1Kgs.11.14,8,12,8,12,HErr,HERR,name:Luther-divine-capitalization
1Kgs.11.19,60,66,60,66,seines,seiner,grammar:Frau-determiner
1Kgs.11.19,67,73,67,71,Weibes,Frau,word:Weib-Frau
1Kgs.11.19,109,112,107,110,zum,zur,grammar:Frau-determiner
1Kgs.11.19,113,118,111,115,Weibe,Frau,word:Weib-Frau
1Kgs.11.31,69,73,69,73,HErr,HERR,name:Luther-divine-capitalization
1Kgs.12.15,74,79,74,79,HErrn,HERRN,name:Luther-divine-capitalization
1Kgs.12.24,15,19,15,19,HErr,HERR,name:Luther-divine-capitalization
1Kgs.12.24,197,202,197,202,HErrn,HERRN,name:Luther-divine-capitalization
1Kgs.12.24,247,251,247,251,HErr,HERR,name:Luther-divine-capitalization
1Kgs.12.27,55,60,55,60,HErrn,HERRN,name:Luther-divine-capitalization
1Kgs.13.1,59,64,59,64,HErrn,HERRN,name:Luther-divine-capitalization
1Kgs.13.2,47,52,47,52,HErrn,HERRN,name:Luther-divine-capitalization
1Kgs.13.2,94,98,94,98,HErr,HERR,name:Luther-divine-capitalization
1Kgs.13.3,95,99,95,99,HErr,HERR,name:Luther-divine-capitalization
1Kgs.13.5,138,143,138,143,HErrn,HERRN,name:Luther-divine-capitalization
1Kgs.13.6,196,201,196,201,HErrn,HERRN,name:Luther-divine-capitalization
1Kgs.13.9,36,41,36,41,HErrn,HERRN,name:Luther-divine-capitalization
1Kgs.13.17,54,59,54,59,HErrn,HERRN,name:Luther-divine-capitalization
1Kgs.13.18,95,100,95,100,HErrn,HERRN,name:Luther-divine-capitalization
1Kgs.13.20,45,50,45,50,HErrn,HERRN,name:Luther-divine-capitalization
1Kgs.13.21,86,90,86,90,HErr,HERR,name:Luther-divine-capitalization
1Kgs.13.21,120,125,120,125,HErrn,HERRN,name:Luther-divine-capitalization
1Kgs.13.21,197,201,197,201,HErr,HERR,name:Luther-divine-capitalization
1Kgs.13.26,115,120,115,120,HErrn,HERRN,name:Luther-divine-capitalization
1Kgs.13.26,163,167,163,167,HErr,HERR,name:Luther-divine-capitalization
1Kgs.13.26,248,252,248,252,HErr,HERR,name:Luther-divine-capitalization
1Kgs.13.32,91,96,91,96,HErrn,HERRN,name:Luther-divine-capitalization
1Kgs.14.2,23,29,23,29,seinem,seiner,grammar:Frau-determiner
1Kgs.14.2,30,35,30,34,Weibe,Frau,word:Weib-Frau
1Kgs.14.2,110,114,109,113,Weib,Frau,word:Weib-Frau
1Kgs.14.4,4,7,4,7,das,die,grammar:Frau-determiner
1Kgs.14.4,8,12,8,12,Weib,Frau,word:Weib-Frau
1Kgs.14.5,9,13,9,13,HErr,HERR,name:Luther-divine-capitalization
1Kgs.14.5,37,40,37,40,das,die,grammar:Frau-determiner
1Kgs.14.5,41,45,41,45,Weib,Frau,word:Weib-Frau
1Kgs.14.6,92,96,92,96,Weib,Frau,word:Weib-Frau
1Kgs.14.7,43,47,43,47,HErr,HERR,name:Luther-divine-capitalization
1Kgs.14.11,150,154,150,154,HErr,HERR,name:Luther-divine-capitalization
1Kgs.14.13,173,178,173,178,HErrn,HERRN,name:Luther-divine-capitalization
1Kgs.14.14,4,8,4,8,HErr,HERR,name:Luther-divine-capitalization
1Kgs.14.15,8,12,8,12,HErr,HERR,name:Luther-divine-capitalization
1Kgs.14.15,261,266,261,266,HErrn,HERRN,name:Luther-divine-capitalization
1Kgs.14.17,4,7,4,7,das,die,grammar:Frau-determiner
1Kgs.14.17,8,12,8,12,Weib,Frau,word:Weib-Frau
1Kgs.14.18,69,74,69,74,HErrn,HERRN,name:Luther-divine-capitalization
1Kgs.14.21,153,157,153,157,HErr,HERR,name:Luther-divine-capitalization
1Kgs.14.22,22,27,22,27,HErrn,HERRN,name:Luther-divine-capitalization
1Kgs.14.24,80,84,80,84,HErr,HERR,name:Luther-divine-capitalization
1Kgs.14.26,39,44,39,44,HErrn,HERRN,name:Luther-divine-capitalization
1Kgs.14.28,37,42,37,42,HErrn,HERRN,name:Luther-divine-capitalization
1Kgs.15.3,120,125,120,125,HErrn,HERRN,name:Luther-divine-capitalization
1Kgs.15.4,30,34,30,34,HErr,HERR,name:Luther-divine-capitalization
1Kgs.15.5,38,43,38,43,HErrn,HERRN,name:Luther-divine-capitalization
1Kgs.15.11,21,26,21,26,HErrn,HERRN,name:Luther-divine-capitalization
1Kgs.15.14,79,84,79,84,HErrn,HERRN,name:Luther-divine-capitalization
1Kgs.15.15,134,139,134,139,HErrn,HERRN,name:Luther-divine-capitalization
1Kgs.15.18,74,79,74,79,HErrn,HERRN,name:Luther-divine-capitalization
1Kgs.15.26,17,22,17,22,HErrn,HERRN,name:Luther-divine-capitalization
1Kgs.15.29,149,154,149,154,HErrn,HERRN,name:Luther-divine-capitalization
1Kgs.15.30,117,122,117,122,HErrn,HERRN,name:Luther-divine-capitalization
1Kgs.15.34,17,22,17,22,HErrn,HERRN,name:Luther-divine-capitalization
1Kgs.16.1,25,30,25,30,HErrn,HERRN,name:Luther-divine-capitalization
1Kgs.16.7,22,27,22,27,HErrn,HERRN,name:Luther-divine-capitalization
1Kgs.16.7,143,148,143,148,HErrn,HERRN,name:Luther-divine-capitalization
1Kgs.16.12,60,65,60,65,HErrn,HERRN,name:Luther-divine-capitalization
1Kgs.16.13,114,119,114,119,HErrn,HERRN,name:Luther-divine-capitalization
1Kgs.16.19,66,71,66,71,HErrn,HERRN,name:Luther-divine-capitalization
1Kgs.16.25,22,27,22,27,HErrn,HERRN,name:Luther-divine-capitalization
1Kgs.16.26,130,135,130,135,HErrn,HERRN,name:Luther-divine-capitalization
1Kgs.16.30,17,22,17,22,HErrn,HERRN,name:Luther-divine-capitalization
1Kgs.16.31,154,157,154,157,zum,zur,grammar:Frau-determiner
1Kgs.16.31,158,163,158,162,Weibe,Frau,word:Weib-Frau
1Kgs.16.33,52,57,52,57,HErrn,HERRN,name:Luther-divine-capitalization
1Kgs.16.34,186,191,186,191,HErrn,HERRN,name:Luther-divine-capitalization
1Kgs.17.1,81,85,81,85,HErr,HERR,name:Luther-divine-capitalization
1Kgs.17.2,17,22,17,22,HErrn,HERRN,name:Luther-divine-capitalization
1Kgs.17.5,43,48,43,48,HErrn,HERRN,name:Luther-divine-capitalization
1Kgs.17.8,20,25,20,25,HErrn,HERRN,name:Luther-divine-capitalization
1Kgs.17.12,24,28,24,28,HErr,HERR,name:Luther-divine-capitalization
1Kgs.17.14,22,26,22,26,HErr,HERR,name:Luther-divine-capitalization
1Kgs.17.14,149,153,149,153,HErr,HERR,name:Luther-divine-capitalization
1Kgs.17.16,86,91,86,91,HErrn,HERRN,name:Luther-divine-capitalization
1Kgs.17.17,33,36,33,36,des,der,grammar:Frau-determiner
1Kgs.17.17,37,43,37,41,Weibes,Frau,word:Weib-Frau
1Kgs.17.20,13,18,13,18,HErrn,HERRN,name:Luther-divine-capitalization
1Kgs.17.20,34,38,34,38,HErr,HERR,name:Luther-divine-capitalization
1Kgs.17.21,52,57,52,57,HErrn,HERRN,name:Luther-divine-capitalization
1Kgs.17.21,73,77,73,77,HErr,HERR,name:Luther-divine-capitalization
1Kgs.17.22,8,12,8,12,HErr,HERR,name:Luther-divine-capitalization
1Kgs.17.24,4,7,4,7,das,die,grammar:Frau-determiner
1Kgs.17.24,8,12,8,12,Weib,Frau,word:Weib-Frau
1Kgs.17.24,84,89,84,89,HErrn,HERRN,name:Luther-divine-capitalization
1Kgs.18.1,42,47,42,47,HErrn,HERRN,name:Luther-divine-capitalization
1Kgs.18.3,68,73,68,73,HErrn,HERRN,name:Luther-divine-capitalization
1Kgs.18.4,33,38,33,38,HErrn,HERRN,name:Luther-divine-capitalization
1Kgs.18.10,12,16,12,16,HErr,HERR,name:Luther-divine-capitalization
1Kgs.18.12,59,64,59,64,HErrn,HERRN,name:Luther-divine-capitalization
1Kgs.18.12,215,220,215,220,HErrn,HERRN,name:Luther-divine-capitalization
1Kgs.18.13,83,87,83,87,HErr,HERR,name:Luther-divine-capitalization
1Kgs.18.13,125,130,125,130,HErrn,HERRN,name:Luther-divine-capitalization
1Kgs.18.15,25,29,25,29,HErr,HERR,name:Luther-divine-capitalization
1Kgs.18.18,97,102,97,102,HErrn,HERRN,name:Luther-divine-capitalization
1Kgs.18.21,87,91,87,91,HErr,HERR,name:Luther-divine-capitalization
1Kgs.18.22,71,76,71,76,HErrn,HERRN,name:Luther-divine-capitalization
1Kgs.18.24,67,72,67,72,HErrn,HERRN,name:Luther-divine-capitalization
1Kgs.18.30,115,120,115,120,HErrn,HERRN,name:Luther-divine-capitalization
1Kgs.18.31,90,95,90,95,HErrn,HERRN,name:Luther-divine-capitalization
1Kgs.18.32,51,56,51,56,HErrn,HERRN,name:Luther-divine-capitalization
1Kgs.18.36,85,89,85,89,HErr,HERR,name:Luther-divine-capitalization
1Kgs.18.37,12,16,12,16,HErr,HERR,name:Luther-divine-capitalization
1Kgs.18.37,64,68,64,68,HErr,HERR,name:Luther-divine-capitalization
1Kgs.18.38,22,27,22,27,HErrn,HERRN,name:Luther-divine-capitalization
1Kgs.18.39,66,70,66,70,HErr,HERR,name:Luther-divine-capitalization
1Kgs.18.39,85,89,85,89,HErr,HERR,name:Luther-divine-capitalization
1Kgs.18.46,17,22,17,22,HErrn,HERRN,name:Luther-divine-capitalization
1Kgs.19.4,171,175,171,175,HErr,HERR,name:Luther-divine-capitalization
1Kgs.19.7,18,23,18,23,HErrn,HERRN,name:Luther-divine-capitalization
1Kgs.19.9,86,91,86,91,HErrn,HERRN,name:Luther-divine-capitalization
1Kgs.19.10,36,41,36,41,HErrn,HERRN,name:Luther-divine-capitalization
1Kgs.19.11,54,59,54,59,HErrn,HERRN,name:Luther-divine-capitalization
1Kgs.19.11,76,80,76,80,HErr,HERR,name:Luther-divine-capitalization
1Kgs.19.11,179,184,179,184,HErrn,HERRN,name:Luther-divine-capitalization
1Kgs.19.11,194,198,194,198,HErr,HERR,name:Luther-divine-capitalization
1Kgs.19.11,271,275,271,275,HErr,HERR,name:Luther-divine-capitalization
1Kgs.19.12,46,50,46,50,HErr,HERR,name:Luther-divine-capitalization
1Kgs.19.14,27,32,27,32,HErrn,HERRN,name:Luther-divine-capitalization
1Kgs.19.15,9,13,9,13,HErr,HERR,name:Luther-divine-capitalization
1Kgs.20.3,87,93,87,93,Weiber,Frauen,word:Weib-Frau
1Kgs.20.5,142,148,142,148,Weiber,Frauen,word:Weib-Frau
1Kgs.20.7,136,142,136,142,Weiber,Frauen,word:Weib-Frau
1Kgs.20.13,83,87,83,87,HErr,HERR,name:Luther-divine-capitalization
1Kgs.20.13,216,220,216,220,HErr,HERR,name:Luther-divine-capitalization
1Kgs.20.14,50,54,50,54,HErr,HERR,name:Luther-divine-capitalization
1Kgs.20.28,79,83,79,83,HErr,HERR,name:Luther-divine-capitalization
1Kgs.20.28,124,128,124,128,HErr,HERR,name:Luther-divine-capitalization
1Kgs.20.28,272,276,272,276,HErr,HERR,name:Luther-divine-capitalization
1Kgs.20.35,89,94,89,94,HErrn,HERRN,name:Luther-divine-capitalization
1Kgs.20.36,50,55,50,55,HErrn,HERRN,name:Luther-divine-capitalization
1Kgs.20.42,37,41,37,41,HErr,HERR,name:Luther-divine-capitalization
1Kgs.21.3,42,46,42,46,HErr,HERR,name:Luther-divine-capitalization
1Kgs.21.5,29,33,29,34,sein,seine,grammar:Frau-determiner
1Kgs.21.5,34,38,35,39,Weib,Frau,word:Weib-Frau
1Kgs.21.7,18,22,18,23,sein,seine,grammar:Frau-determiner
1Kgs.21.7,23,27,24,28,Weib,Frau,word:Weib-Frau
1Kgs.21.17,18,23,18,23,HErrn,HERRN,name:Luther-divine-capitalization
1Kgs.21.19,44,48,44,48,HErr,HERR,name:Luther-divine-capitalization
1Kgs.21.19,154,158,154,158,HErr,HERR,name:Luther-divine-capitalization
1Kgs.21.20,163,168,163,168,HErrn,HERRN,name:Luther-divine-capitalization
1Kgs.21.23,27,31,27,31,HErr,HERR,name:Luther-divine-capitalization
1Kgs.21.25,71,76,71,76,HErrn,HERRN,name:Luther-divine-capitalization
1Kgs.21.25,93,97,93,98,sein,seine,grammar:Frau-determiner
1Kgs.21.25,98,102,99,103,Weib,Frau,word:Weib-Frau
1Kgs.21.26,121,125,121,125,HErr,HERR,name:Luther-divine-capitalization
1Kgs.21.28,17,22,17,22,HErrn,HERRN,name:Luther-divine-capitalization
1Kgs.22.5,72,77,72,77,HErrn,HERRN,name:Luther-divine-capitalization
1Kgs.22.6,189,193,189,193,HErr,HERR,name:Luther-divine-capitalization
1Kgs.22.7,48,53,48,53,HErrn,HERRN,name:Luther-divine-capitalization
1Kgs.22.8,102,107,102,107,HErrn,HERRN,name:Luther-divine-capitalization
1Kgs.22.11,92,96,92,96,HErr,HERR,name:Luther-divine-capitalization
1Kgs.22.12,108,112,108,112,HErr,HERR,name:Luther-divine-capitalization
1Kgs.22.14,26,30,26,30,HErr,HERR,name:Luther-divine-capitalization
1Kgs.22.14,61,65,61,65,HErr,HERR,name:Luther-divine-capitalization
1Kgs.22.15,205,209,205,209,HErr,HERR,name:Luther-divine-capitalization
1Kgs.22.16,111,116,111,116,HErrn,HERRN,name:Luther-divine-capitalization
1Kgs.22.17,105,109,105,109,HErr,HERR,name:Luther-divine-capitalization
1Kgs.22.19,39,44,39,44,HErrn,HERRN,name:Luther-divine-capitalization
1Kgs.22.19,58,63,58,63,HErrn,HERRN,name:Luther-divine-capitalization
1Kgs.22.20,8,12,8,12,HErr,HERR,name:Luther-divine-capitalization
1Kgs.22.21,42,47,42,47,HErrn,HERRN,name:Luther-divine-capitalization
1Kgs.22.21,88,92,88,92,HErr,HERR,name:Luther-divine-capitalization
1Kgs.22.23,15,19,15,19,HErr,HERR,name:Luther-divine-capitalization
1Kgs.22.23,100,104,100,104,HErr,HERR,name:Luther-divine-capitalization
1Kgs.22.24,108,113,108,113,HErrn,HERRN,name:Luther-divine-capitalization
1Kgs.22.28,55,59,55,59,HErr,HERR,name:Luther-divine-capitalization
1Kgs.22.38,131,136,131,136,HErrn,HERRN,name:Luther-divine-capitalization
1Kgs.22.43,90,95,90,95,HErrn,HERRN,name:Luther-divine-capitalization
1Kgs.22.53,20,25,20,25,HErrn,HERRN,name:Luther-divine-capitalization
1Kgs.22.54,51,56,51,56,HErrn,HERRN,name:Luther-divine-capitalization
2Kgs.1.3,19,24,19,24,HErrn,HERRN,name:Luther-divine-capitalization
2Kgs.1.4,21,25,21,25,HErr,HERR,name:Luther-divine-capitalization
2Kgs.1.6,166,170,166,170,HErr,HERR,name:Luther-divine-capitalization
2Kgs.1.8,35,40,35,39,rauhe,raue,orthography:wordlist
2Kgs.1.15,24,29,24,29,HErrn,HERRN,name:Luther-divine-capitalization
2Kgs.1.16,37,41,37,41,HErr,HERR,name:Luther-divine-capitalization
2Kgs.1.17,32,37,32,37,HErrn,HERRN,name:Luther-divine-capitalization
2Kgs.2.1,12,16,12,16,HErr,HERR,name:Luther-divine-capitalization
2Kgs.2.2,52,56,52,56,HErr,HERR,name:Luther-divine-capitalization
2Kgs.2.2,118,122,118,122,HErr,HERR,name:Luther-divine-capitalization
2Kgs.2.3,112,116,112,116,HErr,HERR,name:Luther-divine-capitalization
2Kgs.2.4,57,61,57,61,HErr,HERR,name:Luther-divine-capitalization
2Kgs.2.4,120,124,120,124,HErr,HERR,name:Luther-divine-capitalization
2Kgs.2.5,105,109,105,109,HErr,HERR,name:Luther-divine-capitalization
2Kgs.2.6,50,54,50,54,HErr,HERR,name:Luther-divine-capitalization
2Kgs.2.6,115,119,115,119,HErr,HERR,name:Luther-divine-capitalization
2Kgs.2.14,99,103,99,103,HErr,HERR,name:Luther-divine-capitalization
2Kgs.2.16,156,161,156,161,HErrn,HERRN,name:Luther-divine-capitalization
2Kgs.2.21,90,94,90,94,HErr,HERR,name:Luther-divine-capitalization
2Kgs.2.24,72,77,72,77,HErrn,HERRN,name:Luther-divine-capitalization
2Kgs.3.2,20,25,20,25,HErrn,HERRN,name:Luther-divine-capitalization
2Kgs.3.10,41,45,41,45,HErr,HERR,name:Luther-divine-capitalization
2Kgs.3.11,43,48,43,48,HErrn,HERRN,name:Luther-divine-capitalization
2Kgs.3.11,68,73,68,73,HErrn,HERRN,name:Luther-divine-capitalization
2Kgs.3.12,21,26,21,26,HErrn,HERRN,name:Luther-divine-capitalization
2Kgs.3.13,194,198,194,198,HErr,HERR,name:Luther-divine-capitalization
2Kgs.3.14,26,30,26,30,HErr,HERR,name:Luther-divine-capitalization
2Kgs.3.15,98,103,98,103,HErrn,HERRN,name:Luther-divine-capitalization
2Kgs.3.16,30,34,30,34,HErr,HERR,name:Luther-divine-capitalization
2Kgs.3.17,20,24,20,24,HErr,HERR,name:Luther-divine-capitalization
2Kgs.3.18,34,39,34,39,HErrn,HERRN,name:Luther-divine-capitalization
2Kgs.4.1,14,17,14,18,ein,eine,grammar:Frau-determiner
2Kgs.4.1,18,22,19,23,Weib,Frau,word:Weib-Frau
2Kgs.4.1,33,40,34,40,Weibern,Frauen,word:Weib-Frau
2Kgs.4.1,166,171,166,171,HErrn,HERRN,name:Luther-divine-capitalization
2Kgs.4.27,203,207,203,207,HErr,HERR,name:Luther-divine-capitalization
2Kgs.4.30,47,51,47,51,HErr,HERR,name:Luther-divine-capitalization
2Kgs.4.33,74,79,74,79,HErrn,HERRN,name:Luther-divine-capitalization
2Kgs.4.43,118,122,118,122,HErr,HERR,name:Luther-divine-capitalization
2Kgs.4.44,84,89,84,89,HErrn,HERRN,name:Luther-divine-capitalization
2Kgs.5.1,133,137,133,137,HErr,HERR,name:Luther-divine-capitalization
2Kgs.5.2,131,134,131,134,des,der,grammar:Frau-determiner
2Kgs.5.2,135,141,135,139,Weibes,Frau,word:Weib-Frau
2Kgs.5.11,117,122,117,122,HErrn,HERRN,name:Luther-divine-capitalization
2Kgs.5.16,28,32,28,32,HErr,HERR,name:Luther-divine-capitalization
2Kgs.5.17,206,211,206,211,HErrn,HERRN,name:Luther-divine-capitalization
2Kgs.5.18,20,24,20,24,HErr,HERR,name:Luther-divine-capitalization
2Kgs.5.20,177,181,177,181,HErr,HERR,name:Luther-divine-capitalization
2Kgs.6.17,29,33,29,33,HErr,HERR,name:Luther-divine-capitalization
2Kgs.6.17,85,89,85,89,HErr,HERR,name:Luther-divine-capitalization
2Kgs.6.18,52,56,52,56,HErr,HERR,name:Luther-divine-capitalization
2Kgs.6.20,44,48,44,48,HErr,HERR,name:Luther-divine-capitalization
2Kgs.6.20,98,102,98,102,HErr,HERR,name:Luther-divine-capitalization
2Kgs.6.26,62,65,62,66,ein,eine,grammar:Frau-determiner
2Kgs.6.26,66,70,67,71,Weib,Frau,word:Weib-Frau
2Kgs.6.27,25,29,25,29,HErr,HERR,name:Luther-divine-capitalization
2Kgs.6.28,54,58,54,59,Dies,Diese,grammar:Frau-determiner
2Kgs.6.28,59,63,60,64,Weib,Frau,word:Weib-Frau
2Kgs.6.30,23,26,23,26,des,der,grammar:Frau-determiner
2Kgs.6.30,27,33,27,31,Weibes,Frau,word:Weib-Frau
2Kgs.6.33,120,125,120,125,HErrn,HERRN,name:Luther-divine-capitalization
2Kgs.6.33,153,158,153,158,HErrn,HERRN,name:Luther-divine-capitalization
2Kgs.7.1,29,34,29,34,HErrn,HERRN,name:Luther-divine-capitalization
2Kgs.7.1,56,60,56,60,HErr,HERR,name:Luther-divine-capitalization
2Kgs.7.2,106,110,106,110,HErr,HERR,name:Luther-divine-capitalization
2Kgs.7.6,9,13,9,13,HErr,HERR,name:Luther-divine-capitalization
2Kgs.7.16,173,178,173,178,HErrn,HERRN,name:Luther-divine-capitalization
2Kgs.7.19,70,74,70,74,HErr,HERR,name:Luther-divine-capitalization
2Kgs.8.1,17,20,17,20,dem,der,grammar:Frau-determiner
2Kgs.8.1,21,26,21,25,Weibe,Frau,word:Weib-Frau
2Kgs.8.1,28,34,27,32,dessen,deren,grammar:Frau-relative
2Kgs.8.1,172,176,170,174,HErr,HERR,name:Luther-divine-capitalization
2Kgs.8.2,0,3,0,3,Das,Die,grammar:Frau-determiner
2Kgs.8.2,4,8,4,8,Weib,Frau,word:Weib-Frau
2Kgs.8.3,39,42,39,42,das,die,grammar:Frau-determiner
2Kgs.8.3,43,47,43,47,Weib,Frau,word:Weib-Frau
2Kgs.8.5,100,103,100,103,das,die,grammar:Frau-determiner
2Kgs.8.5,104,108,104,108,Weib,Frau,word:Weib-Frau
2Kgs.8.5,110,116,110,115,dessen,deren,grammar:Frau-relative
2Kgs.8.5,244,247,243,246,das,die,grammar:Frau-determiner
2Kgs.8.5,248,252,247,251,Weib,Frau,word:Weib-Frau
2Kgs.8.6,21,24,21,24,das,die,grammar:Frau-determiner
2Kgs.8.6,25,29,25,29,Weib,Frau,word:Weib-Frau
2Kgs.8.8,102,107,102,107,HErrn,HERRN,name:Luther-divine-capitalization
2Kgs.8.10,71,75,71,75,HErr,HERR,name:Luther-divine-capitalization
2Kgs.8.12,258,264,258,264,Weiber,Frauen,word:Weib-Frau
2Kgs.8.13,102,106,102,106,HErr,HERR,name:Luther-divine-capitalization
2Kgs.8.18,92,96,92,97,sein,seine,grammar:Frau-determiner
2Kgs.8.18,97,101,98,102,Weib,Frau,word:Weib-Frau
2Kgs.8.18,123,128,124,129,HErrn,HERRN,name:Luther-divine-capitalization
2Kgs.8.19,9,13,9,13,HErr,HERR,name:Luther-divine-capitalization
2Kgs.8.27,62,67,62,67,HErrn,HERRN,name:Luther-divine-capitalization
2Kgs.9.3,74,78,74,78,HErr,HERR,name:Luther-divine-capitalization
2Kgs.9.6,104,108,104,108,HErr,HERR,name:Luther-divine-capitalization
2Kgs.9.6,169,174,169,174,HErrn,HERRN,name:Luther-divine-capitalization
2Kgs.9.7,134,139,134,139,HErrn,HERRN,name:Luther-divine-capitalization
2Kgs.9.12,126,130,126,130,HErr,HERR,name:Luther-divine-capitalization
2Kgs.9.25,185,189,185,189,HErr,HERR,name:Luther-divine-capitalization
2Kgs.9.26,23,27,23,27,HErr,HERR,name:Luther-divine-capitalization
2Kgs.9.26,185,190,185,190,HErrn,HERRN,name:Luther-divine-capitalization
2Kgs.9.36,74,78,74,78,HErr,HERR,name:Luther-divine-capitalization
2Kgs.10.10,39,44,39,44,HErrn,HERRN,name:Luther-divine-capitalization
2Kgs.10.10,80,84,80,84,HErr,HERR,name:Luther-divine-capitalization
2Kgs.10.10,126,130,126,130,HErr,HERR,name:Luther-divine-capitalization
2Kgs.10.16,55,60,55,60,HErrn,HERRN,name:Luther-divine-capitalization
2Kgs.10.17,123,128,123,128,HErrn,HERRN,name:Luther-divine-capitalization
2Kgs.10.23,164,169,164,169,HErrn,HERRN,name:Luther-divine-capitalization
2Kgs.10.30,8,12,8,12,HErr,HERR,name:Luther-divine-capitalization
2Kgs.10.31,50,55,50,55,HErrn,HERRN,name:Luther-divine-capitalization
2Kgs.10.32,25,29,25,29,HErr,HERR,name:Luther-divine-capitalization
2Kgs.11.3,42,47,42,47,HErrn,HERRN,name:Luther-divine-capitalization
2Kgs.11.4,149,154,149,154,HErrn,HERRN,name:Luther-divine-capitalization
2Kgs.11.4,236,241,236,241,HErrn,HERRN,name:Luther-divine-capitalization
2Kgs.11.7,93,98,93,98,HErrn,HERRN,name:Luther-divine-capitalization
2Kgs.11.10,112,117,112,117,HErrn,HERRN,name:Luther-divine-capitalization
2Kgs.11.13,91,96,91,96,HErrn,HERRN,name:Luther-divine-capitalization
2Kgs.11.15,257,262,257,262,HErrn,HERRN,name:Luther-divine-capitalization
2Kgs.11.17,41,46,41,46,HErrn,HERRN,name:Luther-divine-capitalization
2Kgs.11.17,88,93,88,93,HErrn,HERRN,name:Luther-divine-capitalization
2Kgs.11.18,233,238,233,238,HErrn,HERRN,name:Luther-divine-capitalization
2Kgs.11.19,146,151,146,151,HErrn,HERRN,name:Luther-divine-capitalization
2Kgs.12.3,36,41,36,41,HErrn,HERRN,name:Luther-divine-capitalization
2Kgs.12.5,90,95,90,95,HErrn,HERRN,name:Luther-divine-capitalization
2Kgs.12.5,266,271,266,271,HErrn,HERRN,name:Luther-divine-capitalization
2Kgs.12.10,142,147,142,147,HErrn,HERRN,name:Luther-divine-capitalization
2Kgs.12.10,237,242,237,242,HErrn,HERRN,name:Luther-divine-capitalization
2Kgs.12.11,168,173,168,173,HErrn,HERRN,name:Luther-divine-capitalization
2Kgs.12.12,86,91,86,91,HErrn,HERRN,name:Luther-divine-capitalization
2Kgs.12.12,179,184,179,184,HErrn,HERRN,name:Luther-divine-capitalization
2Kgs.12.13,128,133,128,133,HErrn,HERRN,name:Luther-divine-capitalization
2Kgs.12.14,129,134,129,134,HErrn,HERRN,name:Luther-divine-capitalization
2Kgs.12.14,164,169,164,169,HErrn,HERRN,name:Luther-divine-capitalization
2Kgs.12.15,76,81,76,81,HErrn,HERRN,name:Luther-divine-capitalization
2Kgs.12.17,71,76,71,76,HErrn,HERRN,name:Luther-divine-capitalization
2Kgs.12.19,202,207,202,207,HErrn,HERRN,name:Luther-divine-capitalization
2Kgs.13.2,20,25,20,25,HErrn,HERRN,name:Luther-divine-capitalization
2Kgs.13.3,8,13,8,13,HErrn,HERRN,name:Luther-divine-capitalization
2Kgs.13.4,20,25,20,25,HErrn,HERRN,name:Luther-divine-capitalization
2Kgs.13.4,45,49,45,49,HErr,HERR,name:Luther-divine-capitalization
2Kgs.13.5,8,12,8,12,HErr,HERR,name:Luther-divine-capitalization
2Kgs.13.11,20,25,20,25,HErrn,HERRN,name:Luther-divine-capitalization
2Kgs.13.17,144,149,144,149,HErrn,HERRN,name:Luther-divine-capitalization
2Kgs.13.23,9,13,9,13,HErr,HERR,name:Luther-divine-capitalization
2Kgs.14.3,20,25,20,25,HErrn,HERRN,name:Luther-divine-capitalization
2Kgs.14.6,107,111,107,111,HErr,HERR,name:Luther-divine-capitalization
2Kgs.14.9,201,204,201,204,zum,zur,grammar:Frau-determiner
2Kgs.14.9,205,209,205,209,Weib,Frau,word:Weib-Frau
2Kgs.14.14,73,78,73,78,HErrn,HERRN,name:Luther-divine-capitalization
2Kgs.14.24,20,25,20,25,HErrn,HERRN,name:Luther-divine-capitalization
2Kgs.14.25,122,127,122,127,HErrn,HERRN,name:Luther-divine-capitalization
2Kgs.14.26,9,13,9,13,HErr,HERR,name:Luther-divine-capitalization
2Kgs.14.27,8,12,8,12,HErr,HERR,name:Luther-divine-capitalization
2Kgs.15.3,20,25,20,25,HErrn,HERRN,name:Luther-divine-capitalization
2Kgs.15.5,4,8,4,8,HErr,HERR,name:Luther-divine-capitalization
2Kgs.15.9,20,25,20,25,HErrn,HERRN,name:Luther-divine-capitalization
2Kgs.15.12,23,27,23,27,HErr,HERR,name:Luther-divine-capitalization
2Kgs.15.18,20,25,20,25,HErrn,HERRN,name:Luther-divine-capitalization
2Kgs.15.24,20,25,20,25,HErrn,HERRN,name:Luther-divine-capitalization
2Kgs.15.28,20,25,20,25,HErrn,HERRN,name:Luther-divine-capitalization
2Kgs.15.34,20,25,20,25,HErrn,HERRN,name:Luther-divine-capitalization
2Kgs.15.35,131,136,131,136,HErrn,HERRN,name:Luther-divine-capitalization
2Kgs.15.37,20,24,20,24,HErr,HERR,name:Luther-divine-capitalization
2Kgs.16.2,108,113,108,113,HErrn,HERRN,name:Luther-divine-capitalization
2Kgs.16.3,131,135,131,135,HErr,HERR,name:Luther-divine-capitalization
2Kgs.16.8,56,61,56,61,HErrn,HERRN,name:Luther-divine-capitalization
2Kgs.16.14,36,41,36,41,HErrn,HERRN,name:Luther-divine-capitalization
2Kgs.16.14,119,124,119,124,HErrn,HERRN,name:Luther-divine-capitalization
2Kgs.16.18,122,127,122,127,HErrn,HERRN,name:Luther-divine-capitalization
2Kgs.17.2,20,25,20,25,HErrn,HERRN,name:Luther-divine-capitalization
2Kgs.17.7,43,48,43,48,HErrn,HERRN,name:Luther-divine-capitalization
2Kgs.17.8,45,49,45,49,HErr,HERR,name:Luther-divine-capitalization
2Kgs.17.9,56,61,56,61,HErrn,HERRN,name:Luther-divine-capitalization
2Kgs.17.11,64,68,64,68,HErr,HERR,name:Luther-divine-capitalization
2Kgs.17.11,128,133,128,133,HErrn,HERRN,name:Luther-divine-capitalization
2Kgs.17.12,34,38,34,38,HErr,HERR,name:Luther-divine-capitalization
2Kgs.17.13,13,17,13,17,HErr,HERR,name:Luther-divine-capitalization
2Kgs.17.14,112,117,112,117,HErrn,HERRN,name:Luther-divine-capitalization
2Kgs.17.15,250,254,250,254,HErr,HERR,name:Luther-divine-capitalization
2Kgs.17.16,35,40,35,40,HErrn,HERRN,name:Luther-divine-capitalization
2Kgs.17.17,130,135,130,135,HErrn,HERRN,name:Luther-divine-capitalization
2Kgs.17.18,12,16,12,16,HErr,HERR,name:Luther-divine-capitalization
2Kgs.17.19,53,58,53,58,HErrn,HERRN,name:Luther-divine-capitalization
2Kgs.17.20,18,22,18,22,HErr,HERR,name:Luther-divine-capitalization
2Kgs.17.21,127,132,127,132,HErrn,HERRN,name:Luther-divine-capitalization
2Kgs.17.23,8,12,8,12,HErr,HERR,name:Luther-divine-capitalization
2Kgs.17.25,47,52,47,52,HErrn,HERRN,name:Luther-divine-capitalization
2Kgs.17.25,82,86,82,86,HErr,HERR,name:Luther-divine-capitalization
2Kgs.17.26,183,187,183,187,HErr,HERR,name:Luther-divine-capitalization
2Kgs.17.28,111,116,111,116,HErrn,HERRN,name:Luther-divine-capitalization
2Kgs.17.32,17,22,17,22,HErrn,HERRN,name:Luther-divine-capitalization
2Kgs.17.33,24,29,24,29,HErrn,HERRN,name:Luther-divine-capitalization
2Kgs.17.34,72,77,72,77,HErrn,HERRN,name:Luther-divine-capitalization
2Kgs.17.34,154,158,154,158,HErr,HERR,name:Luther-divine-capitalization
2Kgs.17.36,12,17,12,17,HErrn,HERRN,name:Luther-divine-capitalization
2Kgs.17.39,21,26,21,26,HErrn,HERRN,name:Luther-divine-capitalization
2Kgs.17.41,33,38,33,38,HErrn,HERRN,name:Luther-divine-capitalization
2Kgs.18.3,20,25,20,25,HErrn,HERRN,name:Luther-divine-capitalization
2Kgs.18.5,17,22,17,22,HErrn,HERRN,name:Luther-divine-capitalization
2Kgs.18.6,12,17,12,17,HErrn,HERRN,name:Luther-divine-capitalization
2Kgs.18.6,79,83,79,83,HErr,HERR,name:Luther-divine-capitalization
2Kgs.18.7,8,12,8,12,HErr,HERR,name:Luther-divine-capitalization
2Kgs.18.12,52,57,52,57,HErrn,HERRN,name:Luther-divine-capitalization
2Kgs.18.12,143,148,143,148,HErrn,HERRN,name:Luther-divine-capitalization
2Kgs.18.15,49,54,49,54,HErrn,HERRN,name:Luther-divine-capitalization
2Kgs.18.16,74,79,74,79,HErrn,HERRN,name:Luther-divine-capitalization
2Kgs.18.22,60,65,60,65,HErrn,HERRN,name:Luther-divine-capitalization
2Kgs.18.25,33,38,33,38,HErrn,HERRN,name:Luther-divine-capitalization
2Kgs.18.25,90,94,90,94,HErr,HERR,name:Luther-divine-capitalization
2Kgs.18.30,47,52,47,52,HErrn,HERRN,name:Luther-divine-capitalization
2Kgs.18.30,72,76,72,76,HErr,HERR,name:Luther-divine-capitalization
2Kgs.18.32,243,247,243,247,HErr,HERR,name:Luther-divine-capitalization
2Kgs.18.35,97,101,97,101,HErr,HERR,name:Luther-divine-capitalization
2Kgs.19.1,105,110,105,110,HErrn,HERRN,name:Luther-divine-capitalization
2Kgs.19.4,18,22,18,22,HErr,HERR,name:Luther-divine-capitalization
2Kgs.19.4,201,205,201,205,HErr,HERR,name:Luther-divine-capitalization
2Kgs.19.6,60,64,60,64,HErr,HERR,name:Luther-divine-capitalization
2Kgs.19.14,96,101,96,101,HErrn,HERRN,name:Luther-divine-capitalization
2Kgs.19.14,131,136,131,136,HErrn,HERRN,name:Luther-divine-capitalization
2Kgs.19.15,19,24,19,24,HErrn,HERRN,name:Luther-divine-capitalization
2Kgs.19.15,37,41,37,41,HErr,HERR,name:Luther-divine-capitalization
2Kgs.19.16,0,4,0,4,HErr,HERR,name:Luther-divine-capitalization
2Kgs.19.17,12,16,12,16,HErr,HERR,name:Luther-divine-capitalization
2Kgs.19.19,10,14,10,14,HErr,HERR,name:Luther-divine-capitalization
2Kgs.19.19,109,113,109,113,HErr,HERR,name:Luther-divine-capitalization
2Kgs.19.20,82,86,82,86,HErr,HERR,name:Luther-divine-capitalization
2Kgs.19.21,19,23,19,23,HErr,HERR,name:Luther-divine-capitalization
2Kgs.19.23,12,17,12,17,HErrn,HERRN,name:Luther-divine-capitalization
2Kgs.19.31,110,115,110,115,HErrn,HERRN,name:Luther-divine-capitalization
2Kgs.19.32,18,22,18,22,HErr,HERR,name:Luther-divine-capitalization
2Kgs.19.33,104,108,104,108,HErr,HERR,name:Luther-divine-capitalization
2Kgs.19.35,46,51,46,51,HErrn,HERRN,name:Luther-divine-capitalization
2Kgs.20.1,122,126,122,126,HErr,HERR,name:Luther-divine-capitalization
2Kgs.20.2,52,57,52,57,HErrn,HERRN,name:Luther-divine-capitalization
2Kgs.20.3,5,9,5,9,HErr,HERR,name:Luther-divine-capitalization
2Kgs.20.4,69,74,69,74,HErrn,HERRN,name:Luther-divine-capitalization
2Kgs.20.5,67,71,67,71,HErr,HERR,name:Luther-divine-capitalization
2Kgs.20.5,241,246,241,246,HErrn,HERRN,name:Luther-divine-capitalization
2Kgs.20.8,69,73,69,73,HErr,HERR,name:Luther-divine-capitalization
2Kgs.20.8,108,113,108,113,HErrn,HERRN,name:Luther-divine-capitalization
2Kgs.20.9,46,51,46,51,HErrn,HERRN,name:Luther-divine-capitalization
2Kgs.20.9,62,66,62,66,HErr,HERR,name:Luther-divine-capitalization
2Kgs.20.11,31,36,31,36,HErrn,HERRN,name:Luther-divine-capitalization
2Kgs.20.16,37,42,37,42,HErrn,HERRN,name:Luther-divine-capitalization
2Kgs.20.17,193,197,193,197,HErr,HERR,name:Luther-divine-capitalization
2Kgs.20.19,51,55,51,55,HErr,HERR,name:Luther-divine-capitalization
2Kgs.21.2,20,25,20,25,HErrn,HERRN,name:Luther-divine-capitalization
2Kgs.21.2,76,80,76,80,HErr,HERR,name:Luther-divine-capitalization
2Kgs.21.4,30,35,30,35,HErrn,HERRN,name:Luther-divine-capitalization
2Kgs.21.4,47,51,47,51,HErr,HERR,name:Luther-divine-capitalization
2Kgs.21.5,72,77,72,77,HErrn,HERRN,name:Luther-divine-capitalization
2Kgs.21.6,146,151,146,151,HErrn,HERRN,name:Luther-divine-capitalization
2Kgs.21.7,88,92,88,92,HErr,HERR,name:Luther-divine-capitalization
2Kgs.21.9,104,108,104,108,HErr,HERR,name:Luther-divine-capitalization
2Kgs.21.10,14,18,14,18,HErr,HERR,name:Luther-divine-capitalization
2Kgs.21.12,18,22,18,22,HErr,HERR,name:Luther-divine-capitalization
2Kgs.21.16,169,174,169,174,HErrn,HERRN,name:Luther-divine-capitalization
2Kgs.21.20,20,25,20,25,HErrn,HERRN,name:Luther-divine-capitalization
2Kgs.21.22,16,21,16,21,HErrn,HERRN,name:Luther-divine-capitalization
2Kgs.21.22,73,78,73,78,HErrn,HERRN,name:Luther-divine-capitalization
2Kgs.22.2,19,24,19,24,HErrn,HERRN,name:Luther-divine-capitalization
2Kgs.22.3,141,146,141,146,HErrn,HERRN,name:Luther-divine-capitalization
2Kgs.22.4,86,91,86,91,HErrn,HERRN,name:Luther-divine-capitalization
2Kgs.22.5,66,71,66,71,HErrn,HERRN,name:Luther-divine-capitalization
2Kgs.22.5,117,122,117,122,HErrn,HERRN,name:Luther-divine-capitalization
2Kgs.22.8,106,111,106,111,HErrn,HERRN,name:Luther-divine-capitalization
2Kgs.22.9,211,216,211,216,HErrn,HERRN,name:Luther-divine-capitalization
2Kgs.22.13,25,30,25,30,HErrn,HERRN,name:Luther-divine-capitalization
2Kgs.22.13,150,155,150,155,HErrn,HERRN,name:Luther-divine-capitalization
2Kgs.22.14,93,96,93,96,dem,der,grammar:Frau-determiner
2Kgs.22.14,97,102,97,101,Weibe,Frau,word:Weib-Frau
2Kgs.22.15,41,45,41,45,HErr,HERR,name:Luther-divine-capitalization
2Kgs.22.16,15,19,15,19,HErr,HERR,name:Luther-divine-capitalization
2Kgs.22.18,48,53,48,53,HErrn,HERRN,name:Luther-divine-capitalization
2Kgs.22.18,100,104,100,104,HErr,HERR,name:Luther-divine-capitalization
2Kgs.22.19,104,109,104,109,HErrn,HERRN,name:Luther-divine-capitalization
2Kgs.22.19,336,340,336,340,HErr,HERR,name:Luther-divine-capitalization
2Kgs.23.2,39,44,39,44,HErrn,HERRN,name:Luther-divine-capitalization
2Kgs.23.2,248,253,248,253,HErrn,HERRN,name:Luther-divine-capitalization
2Kgs.23.3,62,67,62,67,HErrn,HERRN,name:Luther-divine-capitalization
2Kgs.23.3,98,103,98,103,HErrn,HERRN,name:Luther-divine-capitalization
2Kgs.23.4,149,154,149,154,HErrn,HERRN,name:Luther-divine-capitalization
2Kgs.23.6,43,48,43,48,HErrn,HERRN,name:Luther-divine-capitalization
2Kgs.23.7,59,64,59,64,HErrn,HERRN,name:Luther-divine-capitalization
2Kgs.23.7,82,88,82,88,Weiber,Frauen,word:Weib-Frau
2Kgs.23.9,67,72,67,72,HErrn,HERRN,name:Luther-divine-capitalization
2Kgs.23.11,97,102,97,102,HErrn,HERRN,name:Luther-divine-capitalization
2Kgs.23.12,162,167,162,167,HErrn,HERRN,name:Luther-divine-capitalization
2Kgs.23.16,201,206,201,206,HErrn,HERRN,name:Luther-divine-capitalization
2Kgs.23.19,110,115,110,115,HErrn,HERRN,name:Luther-divine-capitalization
2Kgs.23.21,52,57,52,57,HErrn,HERRN,name:Luther-divine-capitalization
2Kgs.23.23,77,82,77,82,HErrn,HERRN,name:Luther-divine-capitalization
2Kgs.23.24,267,272,267,272,HErrn,HERRN,name:Luther-divine-capitalization
2Kgs.23.25,118,123,118,123,HErrn,HERRN,name:Luther-divine-capitalization
2Kgs.23.26,21,25,21,25,HErr,HERR,name:Luther-divine-capitalization
2Kgs.23.27,8,12,8,12,HErr,HERR,name:Luther-divine-capitalization
2Kgs.23.32,20,25,20,25,HErrn,HERRN,name:Luther-divine-capitalization
2Kgs.23.37,20,25,20,25,HErrn,HERRN,name:Luther-divine-capitalization
2Kgs.24.2,8,12,8,12,HErr,HERR,name:Luther-divine-capitalization
2Kgs.24.2,180,185,180,185,HErrn,HERRN,name:Luther-divine-capitalization
2Kgs.24.3,44,49,44,49,HErrn,HERRN,name:Luther-divine-capitalization
2Kgs.24.4,115,119,115,119,HErr,HERR,name:Luther-divine-capitalization
2Kgs.24.9,20,25,20,25,HErrn,HERRN,name:Luther-divine-capitalization
2Kgs.24.13,56,61,56,61,HErrn,HERRN,name:Luther-divine-capitalization
2Kgs.24.13,181,186,181,186,HErrn,HERRN,name:Luther-divine-capitalization
2Kgs.24.13,201,205,201,205,HErr,HERR,name:Luther-divine-capitalization
2Kgs.24.15,65,71,65,71,Weiber,Frauen,word:Weib-Frau
2Kgs.24.19,20,25,20,25,HErrn,HERRN,name:Luther-divine-capitalization
2Kgs.24.20,61,66,61,66,HErrn,HERRN,name:Luther-divine-capitalization
2Kgs.25.9,28,33,28,33,HErrn,HERRN,name:Luther-divine-capitalization
2Kgs.25.13,37,42,37,42,HErrn,HERRN,name:Luther-divine-capitalization
2Kgs.25.13,98,103,98,103,HErrn,HERRN,name:Luther-divine-capitalization
2Kgs.25.16,83,88,83,88,HErrn,HERRN,name:Luther-divine-capitalization
1Chr.1.50,86,90,86,91,sein,seine,grammar:Frau-determiner
1Chr.1.50,91,95,92,96,Weib,Frau,word:Weib-Frau
1Chr.2.3,155,160,155,160,HErrn,HERRN,name:Luther-divine-capitalization
1Chr.2.24,54,58,54,58,Weib,Frau,word:Weib-Frau
1Chr.2.26,25,28,25,29,ein,eine,grammar:Frau-determiner
1Chr.2.26,29,36,30,36,anderes,andere,grammar:Frau-adjective
1Chr.2.26,37,41,37,41,Weib,Frau,word:Weib-Frau
1Chr.2.29,0,3,0,3,Das,Die,grammar:Frau-determiner
1Chr.2.29,4,8,4,8,Weib,Frau,word:Weib-Frau
1Chr.2.35,50,53,50,53,zum,zur,grammar:Frau-determiner
1Chr.2.35,54,59,54,58,Weibe,Frau,word:Weib-Frau
1Chr.3.3,61,67,61,67,seinem,seiner,grammar:Frau-determiner
1Chr.3.3,68,73,68,72,Weibe,Frau,word:Weib-Frau
1Chr.4.5,42,48,42,48,Weiber,Frauen,word:Weib-Frau
1Chr.4.18,4,8,4,9,sein,seine,grammar:Frau-determiner
1Chr.4.18,9,18,10,18,jüdisches,jüdische,grammar:Frau-adjective
1Chr.4.18,19,23,19,23,Weib,Frau,word:Weib-Frau
1Chr.4.19,11,14,11,14,des,der,grammar:Frau-determiner
1Chr.4.19,15,21,15,19,Weibes,Frau,word:Weib-Frau
1Chr.5.41,41,45,41,45,HErr,HERR,name:Luther-divine-capitalization
1Chr.6.16,60,65,60,65,HErrn,HERRN,name:Luther-divine-capitalization
1Chr.6.17,94,99,94,99,HErrn,HERRN,name:Luther-divine-capitalization
1Chr.7.4,127,133,127,133,Weiber,Frauen,word:Weib-Frau
1Chr.7.15,33,39,33,39,Weiber,Frauen,word:Weib-Frau
1Chr.7.16,12,15,12,15,das,die,grammar:Frau-determiner
1Chr.7.16,16,20,16,20,Weib,Frau,word:Weib-Frau
1Chr.7.23,19,25,19,25,seinem,seiner,grammar:Frau-determiner
1Chr.7.23,26,31,26,30,Weibe,Frau,word:Weib-Frau
1Chr.8.8,71,77,71,77,Weiber,Frauen,word:Weib-Frau
1Chr.8.9,25,31,25,31,seinem,seiner,grammar:Frau-determiner
1Chr.8.9,32,37,32,36,Weibe,Frau,word:Weib-Frau
1Chr.8.29,45,49,45,50,sein,seine,grammar:Frau-determiner
1Chr.8.29,50,54,51,55,Weib,Frau,word:Weib-Frau
1Chr.9.19,230,235,230,235,HErrn,HERRN,name:Luther-divine-capitalization
1Chr.9.20,78,82,78,82,HErr,HERR,name:Luther-divine-capitalization
1Chr.9.23,61,66,61,66,HErrn,HERRN,name:Luther-divine-capitalization
1Chr.9.35,44,48,44,49,sein,seine,grammar:Frau-determiner
1Chr.9.35,49,53,50,54,Weib,Frau,word:Weib-Frau
1Chr.10.13,53,58,53,58,HErrn,HERRN,name:Luther-divine-capitalization
1Chr.10.13,88,93,88,93,HErrn,HERRN,name:Luther-divine-capitalization
1Chr.10.14,15,20,15,20,HErrn,HERRN,name:Luther-divine-capitalization
1Chr.11.2,74,78,74,78,HErr,HERR,name:Luther-divine-capitalization
1Chr.11.3,111,116,111,116,HErrn,HERRN,name:Luther-divine-capitalization
1Chr.11.3,180,185,180,185,HErrn,HERRN,name:Luther-divine-capitalization
1Chr.11.9,38,42,38,42,HErr,HERR,name:Luther-divine-capitalization
1Chr.11.10,168,173,168,173,HErrn,HERRN,name:Luther-divine-capitalization
1Chr.11.14,87,91,87,91,HErr,HERR,name:Luther-divine-capitalization
1Chr.11.18,202,207,202,207,HErrn,HERRN,name:Luther-divine-capitalization
1Chr.12.24,141,146,141,146,HErrn,HERRN,name:Luther-divine-capitalization
1Chr.13.2,76,81,76,81,HErrn,HERRN,name:Luther-divine-capitalization
1Chr.13.6,142,147,142,147,HErrn,HERRN,name:Luther-divine-capitalization
1Chr.13.10,26,31,26,31,HErrn,HERRN,name:Luther-divine-capitalization
1Chr.13.11,32,36,32,36,HErr,HERR,name:Luther-divine-capitalization
1Chr.13.14,78,82,78,82,HErr,HERR,name:Luther-divine-capitalization
1Chr.14.2,31,35,31,35,HErr,HERR,name:Luther-divine-capitalization
1Chr.14.3,25,31,25,31,Weiber,Frauen,word:Weib-Frau
1Chr.14.10,121,125,121,125,HErr,HERR,name:Luther-divine-capitalization
1Chr.14.17,48,52,48,52,HErr,HERR,name:Luther-divine-capitalization
1Chr.15.2,96,100,96,100,HErr,HERR,name:Luther-divine-capitalization
1Chr.15.3,75,80,75,80,HErrn,HERRN,name:Luther-divine-capitalization
1Chr.15.12,137,142,137,142,HErrn,HERRN,name:Luther-divine-capitalization
1Chr.15.13,53,57,53,57,HErr,HERR,name:Luther-divine-capitalization
1Chr.15.14,72,77,72,77,HErrn,HERRN,name:Luther-divine-capitalization
1Chr.15.15,125,130,125,130,HErrn,HERRN,name:Luther-divine-capitalization
1Chr.15.25,123,128,123,128,HErrn,HERRN,name:Luther-divine-capitalization
1Chr.15.26,58,63,58,63,HErrn,HERRN,name:Luther-divine-capitalization
1Chr.15.28,54,59,54,59,HErrn,HERRN,name:Luther-divine-capitalization
1Chr.15.29,31,36,31,36,HErrn,HERRN,name:Luther-divine-capitalization
1Chr.16.2,95,100,95,100,HErrn,HERRN,name:Luther-divine-capitalization
1Chr.16.3,48,55,48,54,Weibern,Frauen,word:Weib-Frau
1Chr.16.4,61,66,61,66,HErrn,HERRN,name:Luther-divine-capitalization
1Chr.16.4,109,114,109,114,HErrn,HERRN,name:Luther-divine-capitalization
1Chr.16.7,44,49,44,49,HErrn,HERRN,name:Luther-divine-capitalization
1Chr.16.8,11,16,11,16,HErrn,HERRN,name:Luther-divine-capitalization
1Chr.16.10,68,73,68,73,HErrn,HERRN,name:Luther-divine-capitalization
1Chr.16.11,16,21,16,21,HErrn,HERRN,name:Luther-divine-capitalization
1Chr.16.14,11,15,11,15,HErr,HERR,name:Luther-divine-capitalization
1Chr.16.23,11,16,11,16,HErrn,HERRN,name:Luther-divine-capitalization
1Chr.16.25,9,13,9,13,HErr,HERR,name:Luther-divine-capitalization
1Chr.16.26,42,46,42,46,HErr,HERR,name:Luther-divine-capitalization
1Chr.16.28,16,21,16,21,HErrn,HERRN,name:Luther-divine-capitalization
1Chr.16.28,51,56,51,56,HErrn,HERRN,name:Luther-divine-capitalization
1Chr.16.29,16,21,16,21,HErrn,HERRN,name:Luther-divine-capitalization
1Chr.16.29,96,101,96,101,HErrn,HERRN,name:Luther-divine-capitalization
1Chr.16.31,93,97,93,97,HErr,HERR,name:Luther-divine-capitalization
1Chr.16.33,48,53,48,53,HErrn,HERRN,name:Luther-divine-capitalization
1Chr.16.34,11,16,11,16,HErrn,HERRN,name:Luther-divine-capitalization
1Chr.16.36,16,20,16,20,HErr,HERR,name:Luther-divine-capitalization
1Chr.16.36,108,113,108,113,HErrn,HERRN,name:Luther-divine-capitalization
1Chr.16.37,50,55,50,55,HErrn,HERRN,name:Luther-divine-capitalization
1Chr.16.39,85,90,85,90,HErrn,HERRN,name:Luther-divine-capitalization
1Chr.16.40,13,18,13,18,HErrn,HERRN,name:Luther-divine-capitalization
1Chr.16.40,133,138,133,138,HErrn,HERRN,name:Luther-divine-capitalization
1Chr.16.41,103,108,103,108,HErrn,HERRN,name:Luther-divine-capitalization
1Chr.17.1,149,154,149,154,HErrn,HERRN,name:Luther-divine-capitalization
1Chr.17.4,55,59,55,59,HErr,HERR,name:Luther-divine-capitalization
1Chr.17.7,58,62,58,62,HErr,HERR,name:Luther-divine-capitalization
1Chr.17.10,70,74,70,74,HErr,HERR,name:Luther-divine-capitalization
1Chr.17.16,38,43,38,43,HErrn,HERRN,name:Luther-divine-capitalization
1Chr.17.16,69,73,69,73,HErr,HERR,name:Luther-divine-capitalization
1Chr.17.17,205,209,205,209,HErr,HERR,name:Luther-divine-capitalization
1Chr.17.19,0,4,0,4,HErr,HERR,name:Luther-divine-capitalization
1Chr.17.20,0,4,0,4,HErr,HERR,name:Luther-divine-capitalization
1Chr.17.22,68,72,68,72,HErr,HERR,name:Luther-divine-capitalization
1Chr.17.23,5,9,5,9,HErr,HERR,name:Luther-divine-capitalization
1Chr.17.24,63,67,63,67,HErr,HERR,name:Luther-divine-capitalization
1Chr.17.26,5,9,5,9,HErr,HERR,name:Luther-divine-capitalization
1Chr.17.27,92,96,92,96,HErr,HERR,name:Luther-divine-capitalization
1Chr.18.6,119,123,119,123,HErr,HERR,name:Luther-divine-capitalization
1Chr.18.11,40,45,40,45,HErrn,HERRN,name:Luther-divine-capitalization
1Chr.18.13,76,80,76,80,HErr,HERR,name:Luther-divine-capitalization
1Chr.19.13,95,99,95,99,HErr,HERR,name:Luther-divine-capitalization
1Chr.21.2,145,152,145,153,wieviel,wie viel,orthography:wordlist
1Chr.21.3,17,21,17,21,HErr,HERR,name:Luther-divine-capitalization
1Chr.21.9,8,12,8,12,HErr,HERR,name:Luther-divine-capitalization
1Chr.21.10,52,56,52,56,HErr,HERR,name:Luther-divine-capitalization
1Chr.21.11,58,62,58,62,HErr,HERR,name:Luther-divine-capitalization
1Chr.21.12,166,171,166,171,HErrn,HERRN,name:Luther-divine-capitalization
1Chr.21.12,215,220,215,220,HErrn,HERRN,name:Luther-divine-capitalization
1Chr.21.13,71,76,71,76,HErrn,HERRN,name:Luther-divine-capitalization
1Chr.21.14,12,16,12,16,HErr,HERR,name:Luther-divine-capitalization
1Chr.21.15,84,88,84,88,HErr,HERR,name:Luther-divine-capitalization
1Chr.21.15,213,218,213,218,HErrn,HERRN,name:Luther-divine-capitalization
1Chr.21.16,52,57,52,57,HErrn,HERRN,name:Luther-divine-capitalization
1Chr.21.17,156,160,156,160,HErr,HERR,name:Luther-divine-capitalization
1Chr.21.18,18,23,18,23,HErrn,HERRN,name:Luther-divine-capitalization
1Chr.21.18,98,103,98,103,HErrn,HERRN,name:Luther-divine-capitalization
1Chr.21.19,71,76,71,76,HErrn,HERRN,name:Luther-divine-capitalization
1Chr.21.22,81,86,81,86,HErrn,HERRN,name:Luther-divine-capitalization
1Chr.21.24,142,147,142,147,HErrn,HERRN,name:Luther-divine-capitalization
1Chr.21.26,29,34,29,34,HErrn,HERRN,name:Luther-divine-capitalization
1Chr.21.26,99,104,99,104,HErrn,HERRN,name:Luther-divine-capitalization
1Chr.21.27,8,12,8,12,HErr,HERR,name:Luther-divine-capitalization
1Chr.21.28,44,48,44,48,HErr,HERR,name:Luther-divine-capitalization
1Chr.21.29,21,26,21,26,HErrn,HERRN,name:Luther-divine-capitalization
1Chr.21.30,118,123,118,123,HErrn,HERRN,name:Luther-divine-capitalization
1Chr.22.1,48,53,48,53,HErrn,HERRN,name:Luther-divine-capitalization
1Chr.22.5,80,85,80,85,HErrn,HERRN,name:Luther-divine-capitalization
1Chr.22.6,68,73,68,73,HErrn,HERRN,name:Luther-divine-capitalization
1Chr.22.7,66,71,66,71,HErrn,HERRN,name:Luther-divine-capitalization
1Chr.22.8,18,23,18,23,HErrn,HERRN,name:Luther-divine-capitalization
1Chr.22.11,28,32,28,32,HErr,HERR,name:Luther-divine-capitalization
1Chr.22.11,85,90,85,90,HErrn,HERRN,name:Luther-divine-capitalization
1Chr.22.12,14,18,14,18,HErr,HERR,name:Luther-divine-capitalization
1Chr.22.12,112,117,112,117,HErrn,HERRN,name:Luther-divine-capitalization
1Chr.22.13,104,108,104,108,HErr,HERR,name:Luther-divine-capitalization
1Chr.22.14,57,62,57,62,HErrn,HERRN,name:Luther-divine-capitalization
1Chr.22.16,83,87,83,87,HErr,HERR,name:Luther-divine-capitalization
1Chr.22.18,15,19,15,19,HErr,HERR,name:Luther-divine-capitalization
1Chr.22.18,167,172,167,172,HErrn,HERRN,name:Luther-divine-capitalization
1Chr.22.19,45,50,45,50,HErrn,HERRN,name:Luther-divine-capitalization
1Chr.22.19,113,118,113,118,HErrn,HERRN,name:Luther-divine-capitalization
1Chr.22.19,167,172,167,172,HErrn,HERRN,name:Luther-divine-capitalization
1Chr.22.19,242,247,242,247,HErrn,HERRN,name:Luther-divine-capitalization
1Chr.23.4,48,53,48,53,HErrn,HERRN,name:Luther-divine-capitalization
1Chr.23.5,41,46,41,46,HErrn,HERRN,name:Luther-divine-capitalization
1Chr.23.13,161,166,161,166,HErrn,HERRN,name:Luther-divine-capitalization
1Chr.23.13,212,217,212,217,HErrn,HERRN,name:Luther-divine-capitalization
1Chr.23.24,196,201,196,201,HErrn,HERRN,name:Luther-divine-capitalization
1Chr.23.25,23,27,23,27,HErr,HERR,name:Luther-divine-capitalization
1Chr.23.28,80,85,80,85,HErrn,HERRN,name:Luther-divine-capitalization
1Chr.23.30,54,59,54,59,HErrn,HERRN,name:Luther-divine-capitalization
1Chr.23.31,24,29,24,29,HErrn,HERRN,name:Luther-divine-capitalization
1Chr.23.31,119,124,119,124,HErrn,HERRN,name:Luther-divine-capitalization
1Chr.23.32,133,138,133,138,HErrn,HERRN,name:Luther-divine-capitalization
1Chr.24.19,62,67,62,67,HErrn,HERRN,name:Luther-divine-capitalization
1Chr.24.19,122,126,122,126,HErr,HERR,name:Luther-divine-capitalization
1Chr.25.3,189,194,189,194,HErrn,HERRN,name:Luther-divine-capitalization
1Chr.25.6,86,91,86,91,HErrn,HERRN,name:Luther-divine-capitalization
1Chr.25.7,59,64,59,64,HErrn,HERRN,name:Luther-divine-capitalization
1Chr.26.12,117,122,117,122,HErrn,HERRN,name:Luther-divine-capitalization
1Chr.26.22,93,98,93,98,HErrn,HERRN,name:Luther-divine-capitalization
1Chr.26.27,69,74,69,74,HErrn,HERRN,name:Luther-divine-capitalization
1Chr.26.30,163,168,163,168,HErrn,HERRN,name:Luther-divine-capitalization
1Chr.27.23,85,89,85,89,HErr,HERR,name:Luther-divine-capitalization
1Chr.28.2,172,177,172,177,HErrn,HERRN,name:Luther-divine-capitalization
1Chr.28.4,12,16,12,16,HErr,HERR,name:Luther-divine-capitalization
1Chr.28.5,40,44,40,44,HErr,HERR,name:Luther-divine-capitalization
1Chr.28.5,163,168,163,168,HErrn,HERRN,name:Luther-divine-capitalization
1Chr.28.8,44,49,44,49,HErrn,HERRN,name:Luther-divine-capitalization
1Chr.28.8,121,126,121,126,HErrn,HERRN,name:Luther-divine-capitalization
1Chr.28.9,122,126,122,126,HErr,HERR,name:Luther-divine-capitalization
1Chr.28.10,26,30,26,30,HErr,HERR,name:Luther-divine-capitalization
1Chr.28.12,95,100,95,100,HErrn,HERRN,name:Luther-divine-capitalization
1Chr.28.13,98,103,98,103,HErrn,HERRN,name:Luther-divine-capitalization
1Chr.28.18,195,200,195,200,HErrn,HERRN,name:Luther-divine-capitalization
1Chr.28.19,56,61,56,61,HErrn,HERRN,name:Luther-divine-capitalization
1Chr.28.20,124,128,124,128,HErr,HERR,name:Luther-divine-capitalization
1Chr.28.20,252,257,252,257,HErrn,HERRN,name:Luther-divine-capitalization
1Chr.29.1,210,215,210,215,HErrn,HERRN,name:Luther-divine-capitalization
1Chr.29.5,165,170,165,170,HErrn,HERRN,name:Luther-divine-capitalization
1Chr.29.8,80,85,80,85,HErrn,HERRN,name:Luther-divine-capitalization
1Chr.29.9,90,95,90,95,HErrn,HERRN,name:Luther-divine-capitalization
1Chr.29.10,14,19,14,19,HErrn,HERRN,name:Luther-divine-capitalization
1Chr.29.10,74,78,74,78,HErr,HERR,name:Luther-divine-capitalization
1Chr.29.11,5,9,5,9,HErr,HERR,name:Luther-divine-capitalization
1Chr.29.11,138,142,138,142,HErr,HERR,name:Luther-divine-capitalization
1Chr.29.16,0,4,0,4,HErr,HERR,name:Luther-divine-capitalization
1Chr.29.18,0,4,0,4,HErr,HERR,name:Luther-divine-capitalization
1Chr.29.20,51,56,51,56,HErrn,HERRN,name:Luther-divine-capitalization
1Chr.29.20,103,108,103,108,HErrn,HERRN,name:Luther-divine-capitalization
1Chr.29.20,179,184,179,184,HErrn,HERRN,name:Luther-divine-capitalization
1Chr.29.21,17,22,17,22,HErrn,HERRN,name:Luther-divine-capitalization
1Chr.29.22,45,50,45,50,HErrn,HERRN,name:Luther-divine-capitalization
1Chr.29.22,152,157,152,157,HErrn,HERRN,name:Luther-divine-capitalization
1Chr.29.23,34,39,34,39,HErrn,HERRN,name:Luther-divine-capitalization
1Chr.29.25,8,12,8,12,HErr,HERR,name:Luther-divine-capitalization
2Chr.1.1,70,74,70,74,HErr,HERR,name:Luther-divine-capitalization
2Chr.1.3,163,168,163,168,HErrn,HERRN,name:Luther-divine-capitalization
2Chr.1.5,117,122,117,122,HErrn,HERRN,name:Luther-divine-capitalization
2Chr.1.6,49,54,49,54,HErrn,HERRN,name:Luther-divine-capitalization
2Chr.1.9,13,17,13,17,HErr,HERR,name:Luther-divine-capitalization
2Chr.1.18,52,57,52,57,HErrn,HERRN,name:Luther-divine-capitalization
2Chr.2.3,30,35,30,35,HErrn,HERRN,name:Luther-divine-capitalization
2Chr.2.3,258,263,258,263,HErrn,HERRN,name:Luther-divine-capitalization
2Chr.2.10,88,92,88,92,HErr,HERR,name:Luther-divine-capitalization
2Chr.2.11,40,44,40,44,HErr,HERR,name:Luther-divine-capitalization
2Chr.2.11,185,190,185,190,HErrn,HERRN,name:Luther-divine-capitalization
2Chr.2.13,18,23,18,23,eines,einer,grammar:Frau-determiner
2Chr.2.13,24,30,24,28,Weibes,Frau,word:Weib-Frau
2Chr.2.15,46,53,46,54,wieviel,wie viel,orthography:wordlist
2Chr.3.1,41,46,41,46,HErrn,HERRN,name:Luther-divine-capitalization
2Chr.4.16,109,114,109,114,HErrn,HERRN,name:Luther-divine-capitalization
2Chr.5.1,62,67,62,67,HErrn,HERRN,name:Luther-divine-capitalization
2Chr.5.2,172,177,172,177,HErrn,HERRN,name:Luther-divine-capitalization
2Chr.5.7,51,56,51,56,HErrn,HERRN,name:Luther-divine-capitalization
2Chr.5.10,94,98,94,98,HErr,HERR,name:Luther-divine-capitalization
2Chr.5.13,104,109,104,109,HErrn,HERRN,name:Luther-divine-capitalization
2Chr.5.13,207,212,207,212,HErrn,HERRN,name:Luther-divine-capitalization
2Chr.5.13,291,296,291,296,HErrn,HERRN,name:Luther-divine-capitalization
2Chr.5.14,91,96,91,96,HErrn,HERRN,name:Luther-divine-capitalization
2Chr.6.1,22,26,22,26,HErr,HERR,name:Luther-divine-capitalization
2Chr.6.4,31,35,31,35,HErr,HERR,name:Luther-divine-capitalization
2Chr.6.7,74,79,74,79,HErrn,HERRN,name:Luther-divine-capitalization
2Chr.6.8,11,15,11,15,HErr,HERR,name:Luther-divine-capitalization
2Chr.6.10,15,19,15,19,HErr,HERR,name:Luther-divine-capitalization
2Chr.6.10,156,160,156,160,HErr,HERR,name:Luther-divine-capitalization
2Chr.6.10,213,218,213,218,HErrn,HERRN,name:Luther-divine-capitalization
2Chr.6.11,50,55,50,55,HErrn,HERRN,name:Luther-divine-capitalization
2Chr.6.12,30,35,30,35,HErrn,HERRN,name:Luther-divine-capitalization
2Chr.6.14,12,16,12,16,HErr,HERR,name:Luther-divine-capitalization
2Chr.6.16,5,9,5,9,HErr,HERR,name:Luther-divine-capitalization
2Chr.6.17,5,9,5,9,HErr,HERR,name:Luther-divine-capitalization
2Chr.6.19,17,21,17,21,HErr,HERR,name:Luther-divine-capitalization
2Chr.6.41,23,27,23,27,HErr,HERR,name:Luther-divine-capitalization
2Chr.6.41,102,106,102,106,HErr,HERR,name:Luther-divine-capitalization
2Chr.6.42,4,8,4,8,HErr,HERR,name:Luther-divine-capitalization
2Chr.7.1,135,140,135,140,HErrn,HERRN,name:Luther-divine-capitalization
2Chr.7.2,57,62,57,62,HErrn,HERRN,name:Luther-divine-capitalization
2Chr.7.2,90,95,90,95,HErrn,HERRN,name:Luther-divine-capitalization
2Chr.7.2,107,112,107,112,HErrn,HERRN,name:Luther-divine-capitalization
2Chr.7.3,77,82,77,82,HErrn,HERRN,name:Luther-divine-capitalization
2Chr.7.3,194,199,194,199,HErrn,HERRN,name:Luther-divine-capitalization
2Chr.7.4,47,52,47,52,HErrn,HERRN,name:Luther-divine-capitalization
2Chr.7.6,84,89,84,89,HErrn,HERRN,name:Luther-divine-capitalization
2Chr.7.6,136,141,136,141,HErrn,HERRN,name:Luther-divine-capitalization
2Chr.7.7,63,68,63,68,HErrn,HERRN,name:Luther-divine-capitalization
2Chr.7.10,145,149,145,149,HErr,HERR,name:Luther-divine-capitalization
2Chr.7.11,36,41,36,41,HErrn,HERRN,name:Luther-divine-capitalization
2Chr.7.11,132,137,132,137,HErrn,HERRN,name:Luther-divine-capitalization
2Chr.7.12,8,12,8,12,HErr,HERR,name:Luther-divine-capitalization
2Chr.7.21,122,126,122,126,HErr,HERR,name:Luther-divine-capitalization
2Chr.7.22,38,43,38,43,HErrn,HERRN,name:Luther-divine-capitalization
2Chr.8.1,42,47,42,47,HErrn,HERRN,name:Luther-divine-capitalization
2Chr.8.11,127,131,127,132,Mein,Meine,grammar:Frau-determiner
2Chr.8.11,132,136,133,137,Weib,Frau,word:Weib-Frau
2Chr.8.11,237,242,238,243,HErrn,HERRN,name:Luther-divine-capitalization
2Chr.8.12,30,35,30,35,HErrn,HERRN,name:Luther-divine-capitalization
2Chr.8.12,65,70,65,70,HErrn,HERRN,name:Luther-divine-capitalization
2Chr.8.16,66,71,66,71,HErrn,HERRN,name:Luther-divine-capitalization
2Chr.8.16,123,128,123,128,HErrn,HERRN,name:Luther-divine-capitalization
2Chr.9.4,184,189,184,189,HErrn,HERRN,name:Luther-divine-capitalization
2Chr.9.8,4,8,4,8,HErr,HERR,name:Luther-divine-capitalization
2Chr.9.8,107,112,107,112,HErrn,HERRN,name:Luther-divine-capitalization
2Chr.9.11,56,61,56,61,HErrn,HERRN,name:Luther-divine-capitalization
2Chr.10.15,89,93,89,93,HErr,HERR,name:Luther-divine-capitalization
2Chr.11.2,9,14,9,14,HErrn,HERRN,name:Luther-divine-capitalization
2Chr.11.4,15,19,15,19,HErr,HERR,name:Luther-divine-capitalization
2Chr.11.4,177,182,177,182,HErrn,HERRN,name:Luther-divine-capitalization
2Chr.11.14,147,152,147,152,HErrn,HERRN,name:Luther-divine-capitalization
2Chr.11.16,86,91,86,91,HErrn,HERRN,name:Luther-divine-capitalization
2Chr.11.16,157,162,157,162,HErrn,HERRN,name:Luther-divine-capitalization
2Chr.11.18,70,73,70,73,zum,zur,grammar:Frau-determiner
2Chr.11.18,74,79,74,78,Weibe,Frau,word:Weib-Frau
2Chr.11.21,73,79,73,79,Weiber,Frauen,word:Weib-Frau
2Chr.11.21,113,119,113,119,Weiber,Frauen,word:Weib-Frau
2Chr.11.23,166,172,166,172,Weiber,Frauen,word:Weib-Frau
2Chr.12.1,90,95,90,95,HErrn,HERRN,name:Luther-divine-capitalization
2Chr.12.2,133,138,133,138,HErrn,HERRN,name:Luther-divine-capitalization
2Chr.12.5,155,159,155,159,HErr,HERR,name:Luther-divine-capitalization
2Chr.12.6,74,78,74,78,HErr,HERR,name:Luther-divine-capitalization
2Chr.12.7,13,17,13,17,HErr,HERR,name:Luther-divine-capitalization
2Chr.12.7,66,71,66,71,HErrn,HERRN,name:Luther-divine-capitalization
2Chr.12.9,93,98,93,98,HErrn,HERRN,name:Luther-divine-capitalization
2Chr.12.11,28,33,28,33,HErrn,HERRN,name:Luther-divine-capitalization
2Chr.12.12,44,49,44,49,HErrn,HERRN,name:Luther-divine-capitalization
2Chr.12.13,171,175,171,175,HErr,HERR,name:Luther-divine-capitalization
2Chr.12.14,63,68,63,68,HErrn,HERRN,name:Luther-divine-capitalization
2Chr.13.5,27,31,27,31,HErr,HERR,name:Luther-divine-capitalization
2Chr.13.8,49,54,49,54,HErrn,HERRN,name:Luther-divine-capitalization
2Chr.13.9,32,37,32,37,HErrn,HERRN,name:Luther-divine-capitalization
2Chr.13.10,21,25,21,25,HErr,HERR,name:Luther-divine-capitalization
2Chr.13.10,90,95,90,95,HErrn,HERRN,name:Luther-divine-capitalization
2Chr.13.11,17,22,17,22,HErrn,HERRN,name:Luther-divine-capitalization
2Chr.13.11,243,248,243,248,HErrn,HERRN,name:Luther-divine-capitalization
2Chr.13.12,154,159,154,159,HErrn,HERRN,name:Luther-divine-capitalization
2Chr.13.14,84,89,84,89,HErrn,HERRN,name:Luther-divine-capitalization
2Chr.13.18,123,128,123,128,HErrn,HERRN,name:Luther-divine-capitalization
2Chr.13.20,71,75,71,75,HErr,HERR,name:Luther-divine-capitalization
2Chr.13.21,39,45,39,45,Weiber,Frauen,word:Weib-Frau
2Chr.14.1,35,40,35,40,HErrn,HERRN,name:Luther-divine-capitalization
2Chr.14.3,34,39,34,39,HErrn,HERRN,name:Luther-divine-capitalization
2Chr.14.5,115,119,115,119,HErr,HERR,name:Luther-divine-capitalization
2Chr.14.6,165,170,165,170,HErrn,HERRN,name:Luther-divine-capitalization
2Chr.14.10,20,25,20,25,HErrn,HERRN,name:Luther-divine-capitalization
2Chr.14.10,52,56,52,56,HErr,HERR,name:Luther-divine-capitalization
2Chr.14.10,149,153,149,153,HErr,HERR,name:Luther-divine-capitalization
2Chr.14.10,257,261,257,261,HErr,HERR,name:Luther-divine-capitalization
2Chr.14.11,8,12,8,12,HErr,HERR,name:Luther-divine-capitalization
2Chr.14.12,167,172,167,172,HErrn,HERRN,name:Luther-divine-capitalization
2Chr.14.13,60,65,60,65,HErrn,HERRN,name:Luther-divine-capitalization
2Chr.15.2,98,102,98,102,HErr,HERR,name:Luther-divine-capitalization
2Chr.15.4,47,52,47,52,HErrn,HERRN,name:Luther-divine-capitalization
2Chr.15.8,245,250,245,250,HErrn,HERRN,name:Luther-divine-capitalization
2Chr.15.8,274,279,274,279,HErrn,HERRN,name:Luther-divine-capitalization
2Chr.15.9,174,178,174,178,HErr,HERR,name:Luther-divine-capitalization
2Chr.15.11,33,38,33,38,HErrn,HERRN,name:Luther-divine-capitalization
2Chr.15.12,49,54,49,54,HErrn,HERRN,name:Luther-divine-capitalization
2Chr.15.13,24,29,24,29,HErrn,HERRN,name:Luther-divine-capitalization
2Chr.15.13,99,103,99,103,Weib,Frau,word:Weib-Frau
2Chr.15.14,21,26,21,26,HErrn,HERRN,name:Luther-divine-capitalization
2Chr.15.15,175,179,175,179,HErr,HERR,name:Luther-divine-capitalization
2Chr.16.2,42,47,42,47,HErrn,HERRN,name:Luther-divine-capitalization
2Chr.16.7,160,165,160,165,HErrn,HERRN,name:Luther-divine-capitalization
2Chr.16.8,101,105,101,105,HErr,HERR,name:Luther-divine-capitalization
2Chr.16.9,9,14,9,14,HErrn,HERRN,name:Luther-divine-capitalization
2Chr.16.12,159,164,159,164,HErrn,HERRN,name:Luther-divine-capitalization
2Chr.17.3,8,12,8,12,HErr,HERR,name:Luther-divine-capitalization
2Chr.17.5,25,29,25,29,HErr,HERR,name:Luther-divine-capitalization
2Chr.17.6,45,50,45,50,HErrn,HERRN,name:Luther-divine-capitalization
2Chr.17.9,54,59,54,59,HErrn,HERRN,name:Luther-divine-capitalization
2Chr.17.10,26,31,26,31,HErrn,HERRN,name:Luther-divine-capitalization
2Chr.17.16,60,65,60,65,HErrn,HERRN,name:Luther-divine-capitalization
2Chr.18.4,61,66,61,66,HErrn,HERRN,name:Luther-divine-capitalization
2Chr.18.6,60,65,60,65,HErrn,HERRN,name:Luther-divine-capitalization
2Chr.18.7,73,78,73,78,HErrn,HERRN,name:Luther-divine-capitalization
2Chr.18.10,85,89,85,89,HErr,HERR,name:Luther-divine-capitalization
2Chr.18.11,114,118,114,118,HErr,HERR,name:Luther-divine-capitalization
2Chr.18.13,31,35,31,35,HErr,HERR,name:Luther-divine-capitalization
2Chr.18.15,119,124,119,124,HErrn,HERRN,name:Luther-divine-capitalization
2Chr.18.16,109,113,109,113,HErr,HERR,name:Luther-divine-capitalization
2Chr.18.18,32,37,32,37,HErrn,HERRN,name:Luther-divine-capitalization
2Chr.18.18,56,61,56,61,HErrn,HERRN,name:Luther-divine-capitalization
2Chr.18.19,8,12,8,12,HErr,HERR,name:Luther-divine-capitalization
2Chr.18.20,38,43,38,43,HErrn,HERRN,name:Luther-divine-capitalization
2Chr.18.20,84,88,84,88,HErr,HERR,name:Luther-divine-capitalization
2Chr.18.22,15,19,15,19,HErr,HERR,name:Luther-divine-capitalization
2Chr.18.22,94,98,94,98,HErr,HERR,name:Luther-divine-capitalization
2Chr.18.23,115,120,115,120,HErrn,HERRN,name:Luther-divine-capitalization
2Chr.18.27,55,59,55,59,HErr,HERR,name:Luther-divine-capitalization
2Chr.18.31,157,161,157,161,HErr,HERR,name:Luther-divine-capitalization
2Chr.19.2,155,160,155,160,HErrn,HERRN,name:Luther-divine-capitalization
2Chr.19.2,212,217,212,217,HErrn,HERRN,name:Luther-divine-capitalization
2Chr.19.4,148,153,148,153,HErrn,HERRN,name:Luther-divine-capitalization
2Chr.19.6,111,116,111,116,HErrn,HERRN,name:Luther-divine-capitalization
2Chr.19.7,27,32,27,32,HErrn,HERRN,name:Luther-divine-capitalization
2Chr.19.7,86,91,86,91,HErrn,HERRN,name:Luther-divine-capitalization
2Chr.19.8,143,148,143,148,HErrn,HERRN,name:Luther-divine-capitalization
2Chr.19.9,58,63,58,63,HErrn,HERRN,name:Luther-divine-capitalization
2Chr.19.10,227,232,227,232,HErrn,HERRN,name:Luther-divine-capitalization
2Chr.19.11,71,76,71,76,HErrn,HERRN,name:Luther-divine-capitalization
2Chr.19.11,243,247,243,247,HErr,HERR,name:Luther-divine-capitalization
2Chr.20.3,71,76,71,76,HErrn,HERRN,name:Luther-divine-capitalization
2Chr.20.4,27,32,27,32,HErrn,HERRN,name:Luther-divine-capitalization
2Chr.20.4,88,93,88,93,HErrn,HERRN,name:Luther-divine-capitalization
2Chr.20.5,71,76,71,76,HErrn,HERRN,name:Luther-divine-capitalization
2Chr.20.6,12,16,12,16,HErr,HERR,name:Luther-divine-capitalization
2Chr.20.13,33,38,33,38,HErrn,HERRN,name:Luther-divine-capitalization
2Chr.20.13,58,65,58,64,Weibern,Frauen,word:Weib-Frau
2Chr.20.14,155,160,155,160,HErrn,HERRN,name:Luther-divine-capitalization
2Chr.20.15,107,111,107,111,HErr,HERR,name:Luther-divine-capitalization
2Chr.20.17,97,102,97,102,HErrn,HERRN,name:Luther-divine-capitalization
2Chr.20.17,212,216,212,216,HErr,HERR,name:Luther-divine-capitalization
2Chr.20.18,113,118,113,118,HErrn,HERRN,name:Luther-divine-capitalization
2Chr.20.18,142,147,142,147,HErrn,HERRN,name:Luther-divine-capitalization
2Chr.20.19,118,123,118,123,HErrn,HERRN,name:Luther-divine-capitalization
2Chr.20.20,188,193,188,193,HErrn,HERRN,name:Luther-divine-capitalization
2Chr.20.21,55,60,55,60,HErrn,HERRN,name:Luther-divine-capitalization
2Chr.20.21,156,161,156,161,HErrn,HERRN,name:Luther-divine-capitalization
2Chr.20.22,51,55,51,55,HErr,HERR,name:Luther-divine-capitalization
2Chr.20.26,81,86,81,86,HErrn,HERRN,name:Luther-divine-capitalization
2Chr.20.27,134,138,134,138,HErr,HERR,name:Luther-divine-capitalization
2Chr.20.28,80,85,80,85,HErrn,HERRN,name:Luther-divine-capitalization
2Chr.20.29,87,91,87,91,HErr,HERR,name:Luther-divine-capitalization
2Chr.20.32,89,94,89,94,HErrn,HERRN,name:Luther-divine-capitalization
2Chr.20.37,134,138,134,138,HErr,HERR,name:Luther-divine-capitalization
2Chr.21.6,99,103,99,104,sein,seine,grammar:Frau-determiner
2Chr.21.6,104,108,105,109,Weib,Frau,word:Weib-Frau
2Chr.21.6,130,135,131,136,HErrn,HERRN,name:Luther-divine-capitalization
2Chr.21.7,9,13,9,13,HErr,HERR,name:Luther-divine-capitalization
2Chr.21.10,129,134,129,134,HErrn,HERRN,name:Luther-divine-capitalization
2Chr.21.12,84,88,84,88,HErr,HERR,name:Luther-divine-capitalization
2Chr.21.14,24,28,24,28,HErr,HERR,name:Luther-divine-capitalization
2Chr.21.14,106,113,106,112,Weibern,Frauen,word:Weib-Frau
2Chr.21.16,18,22,18,22,HErr,HERR,name:Luther-divine-capitalization
2Chr.21.17,138,144,138,144,Weiber,Frauen,word:Weib-Frau
2Chr.21.18,34,38,34,38,HErr,HERR,name:Luther-divine-capitalization
2Chr.22.4,22,27,22,27,HErrn,HERRN,name:Luther-divine-capitalization
2Chr.22.7,139,143,139,143,HErr,HERR,name:Luther-divine-capitalization
2Chr.22.9,202,207,202,207,HErrn,HERRN,name:Luther-divine-capitalization
2Chr.22.11,254,258,254,258,Weib,Frau,word:Weib-Frau
2Chr.23.3,144,148,144,148,HErr,HERR,name:Luther-divine-capitalization
2Chr.23.5,126,131,126,131,HErrn,HERRN,name:Luther-divine-capitalization
2Chr.23.6,33,38,33,38,HErrn,HERRN,name:Luther-divine-capitalization
2Chr.23.6,177,182,177,182,HErrn,HERRN,name:Luther-divine-capitalization
2Chr.23.12,110,115,110,115,HErrn,HERRN,name:Luther-divine-capitalization
2Chr.23.14,295,300,295,300,HErrn,HERRN,name:Luther-divine-capitalization
2Chr.23.16,85,90,85,90,HErrn,HERRN,name:Luther-divine-capitalization
2Chr.23.18,44,49,44,49,HErrn,HERRN,name:Luther-divine-capitalization
2Chr.23.18,127,132,127,132,HErrn,HERRN,name:Luther-divine-capitalization
2Chr.23.18,156,161,156,161,HErrn,HERRN,name:Luther-divine-capitalization
2Chr.23.19,46,51,46,51,HErrn,HERRN,name:Luther-divine-capitalization
2Chr.23.20,142,147,142,147,HErrn,HERRN,name:Luther-divine-capitalization
2Chr.24.2,22,27,22,27,HErrn,HERRN,name:Luther-divine-capitalization
2Chr.24.3,24,30,24,30,Weiber,Frauen,word:Weib-Frau
2Chr.24.4,41,46,41,46,HErrn,HERRN,name:Luther-divine-capitalization
2Chr.24.6,184,189,184,189,HErrn,HERRN,name:Luther-divine-capitalization
2Chr.24.7,103,108,103,108,HErrn,HERRN,name:Luther-divine-capitalization
2Chr.24.8,89,94,89,94,HErrn,HERRN,name:Luther-divine-capitalization
2Chr.24.9,57,62,57,62,HErrn,HERRN,name:Luther-divine-capitalization
2Chr.24.12,81,86,81,86,HErrn,HERRN,name:Luther-divine-capitalization
2Chr.24.12,160,165,160,165,HErrn,HERRN,name:Luther-divine-capitalization
2Chr.24.12,222,227,222,227,HErrn,HERRN,name:Luther-divine-capitalization
2Chr.24.14,125,130,125,130,HErrn,HERRN,name:Luther-divine-capitalization
2Chr.24.14,256,261,256,261,HErrn,HERRN,name:Luther-divine-capitalization
2Chr.24.18,31,36,31,36,HErrn,HERRN,name:Luther-divine-capitalization
2Chr.24.19,56,61,56,61,HErrn,HERRN,name:Luther-divine-capitalization
2Chr.24.20,175,180,175,180,HErrn,HERRN,name:Luther-divine-capitalization
2Chr.24.20,230,235,230,235,HErrn,HERRN,name:Luther-divine-capitalization
2Chr.24.21,106,111,106,111,HErrn,HERRN,name:Luther-divine-capitalization
2Chr.24.22,164,168,164,168,HErr,HERR,name:Luther-divine-capitalization
2Chr.24.24,57,61,57,61,HErr,HERR,name:Luther-divine-capitalization
2Chr.24.24,117,122,117,122,HErrn,HERRN,name:Luther-divine-capitalization
2Chr.25.2,20,25,20,25,HErrn,HERRN,name:Luther-divine-capitalization
2Chr.25.4,97,101,97,101,HErr,HERR,name:Luther-divine-capitalization
2Chr.25.7,107,111,107,111,HErr,HERR,name:Luther-divine-capitalization
2Chr.25.9,155,159,155,159,HErr,HERR,name:Luther-divine-capitalization
2Chr.25.15,26,31,26,31,HErrn,HERRN,name:Luther-divine-capitalization
2Chr.25.18,190,193,190,193,zum,zur,grammar:Frau-determiner
2Chr.25.18,194,199,194,198,Weibe,Frau,word:Weib-Frau
2Chr.25.27,39,44,39,44,HErrn,HERRN,name:Luther-divine-capitalization
2Chr.26.4,20,25,20,25,HErrn,HERRN,name:Luther-divine-capitalization
2Chr.26.5,99,104,99,104,HErrn,HERRN,name:Luther-divine-capitalization
2Chr.26.16,105,110,105,110,HErrn,HERRN,name:Luther-divine-capitalization
2Chr.26.16,152,157,152,157,HErrn,HERRN,name:Luther-divine-capitalization
2Chr.26.17,61,66,61,66,HErrn,HERRN,name:Luther-divine-capitalization
2Chr.26.18,101,106,101,106,HErrn,HERRN,name:Luther-divine-capitalization
2Chr.26.18,280,285,280,285,HErrn,HERRN,name:Luther-divine-capitalization
2Chr.26.19,163,168,163,168,HErrn,HERRN,name:Luther-divine-capitalization
2Chr.26.20,219,224,219,224,HErrn,HERRN,name:Luther-divine-capitalization
2Chr.26.21,139,144,139,144,HErrn,HERRN,name:Luther-divine-capitalization
2Chr.27.2,20,25,20,25,HErrn,HERRN,name:Luther-divine-capitalization
2Chr.27.2,113,118,113,118,HErrn,HERRN,name:Luther-divine-capitalization
2Chr.27.3,36,41,36,41,HErrn,HERRN,name:Luther-divine-capitalization
2Chr.27.6,62,67,62,67,HErrn,HERRN,name:Luther-divine-capitalization
2Chr.28.1,99,104,99,104,HErrn,HERRN,name:Luther-divine-capitalization
2Chr.28.3,112,116,112,116,HErr,HERR,name:Luther-divine-capitalization
2Chr.28.5,18,22,18,22,HErr,HERR,name:Luther-divine-capitalization
2Chr.28.6,121,126,121,126,HErrn,HERRN,name:Luther-divine-capitalization
2Chr.28.8,69,75,69,75,Weiber,Frauen,word:Weib-Frau
2Chr.28.9,37,42,37,42,HErrn,HERRN,name:Luther-divine-capitalization
2Chr.28.9,153,157,153,157,HErr,HERR,name:Luther-divine-capitalization
2Chr.28.10,141,146,141,146,HErrn,HERRN,name:Luther-divine-capitalization
2Chr.28.11,112,117,112,117,HErrn,HERRN,name:Luther-divine-capitalization
2Chr.28.13,106,111,106,111,HErrn,HERRN,name:Luther-divine-capitalization
2Chr.28.19,9,13,9,13,HErr,HERR,name:Luther-divine-capitalization
2Chr.28.19,129,134,129,134,HErrn,HERRN,name:Luther-divine-capitalization
2Chr.28.21,33,38,33,38,HErrn,HERRN,name:Luther-divine-capitalization
2Chr.28.22,60,65,60,65,HErrn,HERRN,name:Luther-divine-capitalization
2Chr.28.24,132,137,132,137,HErrn,HERRN,name:Luther-divine-capitalization
2Chr.28.25,98,103,98,103,HErrn,HERRN,name:Luther-divine-capitalization
2Chr.29.2,20,25,20,25,HErrn,HERRN,name:Luther-divine-capitalization
2Chr.29.3,34,39,34,39,HErrn,HERRN,name:Luther-divine-capitalization
2Chr.29.5,98,103,98,103,HErrn,HERRN,name:Luther-divine-capitalization
2Chr.29.6,59,64,59,64,HErrn,HERRN,name:Luther-divine-capitalization
2Chr.29.6,168,173,168,173,HErrn,HERRN,name:Luther-divine-capitalization
2Chr.29.8,23,28,23,28,HErrn,HERRN,name:Luther-divine-capitalization
2Chr.29.9,94,100,94,100,Weiber,Frauen,word:Weib-Frau
2Chr.29.10,51,56,51,56,HErrn,HERRN,name:Luther-divine-capitalization
2Chr.29.11,55,59,55,59,HErr,HERR,name:Luther-divine-capitalization
2Chr.29.15,113,118,113,118,HErrn,HERRN,name:Luther-divine-capitalization
2Chr.29.15,145,150,145,150,HErrn,HERRN,name:Luther-divine-capitalization
2Chr.29.16,54,59,54,59,HErrn,HERRN,name:Luther-divine-capitalization
2Chr.29.16,121,126,121,126,HErrn,HERRN,name:Luther-divine-capitalization
2Chr.29.16,167,172,167,172,HErrn,HERRN,name:Luther-divine-capitalization
2Chr.29.17,129,134,129,134,HErrn,HERRN,name:Luther-divine-capitalization
2Chr.29.17,162,167,162,167,HErrn,HERRN,name:Luther-divine-capitalization
2Chr.29.18,92,97,92,97,HErrn,HERRN,name:Luther-divine-capitalization
2Chr.29.19,169,174,169,174,HErrn,HERRN,name:Luther-divine-capitalization
2Chr.29.20,110,115,110,115,HErrn,HERRN,name:Luther-divine-capitalization
2Chr.29.21,249,254,249,254,HErrn,HERRN,name:Luther-divine-capitalization
2Chr.29.25,44,49,44,49,HErrn,HERRN,name:Luther-divine-capitalization
2Chr.29.25,185,190,185,190,HErrn,HERRN,name:Luther-divine-capitalization
2Chr.29.27,121,126,121,126,HErrn,HERRN,name:Luther-divine-capitalization
2Chr.29.30,60,65,60,65,HErrn,HERRN,name:Luther-divine-capitalization
2Chr.29.31,70,75,70,75,HErrn,HERRN,name:Luther-divine-capitalization
2Chr.29.31,143,148,143,148,HErrn,HERRN,name:Luther-divine-capitalization
2Chr.29.32,141,146,141,146,HErrn,HERRN,name:Luther-divine-capitalization
2Chr.29.35,131,136,131,136,HErrn,HERRN,name:Luther-divine-capitalization
2Chr.30.1,121,126,121,126,HErrn,HERRN,name:Luther-divine-capitalization
2Chr.30.1,163,168,163,168,HErrn,HERRN,name:Luther-divine-capitalization
2Chr.30.5,135,140,135,140,HErrn,HERRN,name:Luther-divine-capitalization
2Chr.30.6,194,199,194,199,HErrn,HERRN,name:Luther-divine-capitalization
2Chr.30.7,54,59,54,59,HErrn,HERRN,name:Luther-divine-capitalization
2Chr.30.8,74,79,74,79,HErrn,HERRN,name:Luther-divine-capitalization
2Chr.30.8,158,163,158,163,HErrn,HERRN,name:Luther-divine-capitalization
2Chr.30.9,33,38,33,38,HErrn,HERRN,name:Luther-divine-capitalization
2Chr.30.9,178,182,178,182,HErr,HERR,name:Luther-divine-capitalization
2Chr.30.12,128,133,128,133,HErrn,HERRN,name:Luther-divine-capitalization
2Chr.30.15,185,190,185,190,HErrn,HERRN,name:Luther-divine-capitalization
2Chr.30.17,160,165,160,165,HErrn,HERRN,name:Luther-divine-capitalization
2Chr.30.18,193,197,193,197,HErr,HERR,name:Luther-divine-capitalization
2Chr.30.19,50,55,50,55,HErrn,HERRN,name:Luther-divine-capitalization
2Chr.30.20,8,12,8,12,HErr,HERR,name:Luther-divine-capitalization
2Chr.30.21,169,174,169,174,HErrn,HERRN,name:Luther-divine-capitalization
2Chr.30.21,215,220,215,220,HErrn,HERRN,name:Luther-divine-capitalization
2Chr.30.22,82,87,82,87,HErrn,HERRN,name:Luther-divine-capitalization
2Chr.30.22,169,174,169,174,HErrn,HERRN,name:Luther-divine-capitalization
2Chr.31.2,232,237,232,237,HErrn,HERRN,name:Luther-divine-capitalization
2Chr.31.3,189,194,189,194,HErrn,HERRN,name:Luther-divine-capitalization
2Chr.31.4,160,165,160,165,HErrn,HERRN,name:Luther-divine-capitalization
2Chr.31.6,157,162,157,162,HErrn,HERRN,name:Luther-divine-capitalization
2Chr.31.8,79,84,79,84,HErrn,HERRN,name:Luther-divine-capitalization
2Chr.31.10,143,148,143,148,HErrn,HERRN,name:Luther-divine-capitalization
2Chr.31.10,236,240,236,240,HErr,HERR,name:Luther-divine-capitalization
2Chr.31.11,69,74,69,74,HErrn,HERRN,name:Luther-divine-capitalization
2Chr.31.14,113,118,113,118,HErrn,HERRN,name:Luther-divine-capitalization
2Chr.31.16,107,112,107,112,HErrn,HERRN,name:Luther-divine-capitalization
2Chr.31.18,54,60,54,60,Weiber,Frauen,word:Weib-Frau
2Chr.31.20,82,87,82,87,HErrn,HERRN,name:Luther-divine-capitalization
2Chr.32.8,56,60,56,60,HErr,HERR,name:Luther-divine-capitalization
2Chr.32.11,91,95,91,95,HErr,HERR,name:Luther-divine-capitalization
2Chr.32.16,52,57,52,57,HErrn,HERRN,name:Luther-divine-capitalization
2Chr.32.17,45,50,45,50,HErrn,HERRN,name:Luther-divine-capitalization
2Chr.32.21,8,12,8,12,HErr,HERR,name:Luther-divine-capitalization
2Chr.32.22,14,18,14,18,HErr,HERR,name:Luther-divine-capitalization
2Chr.32.23,15,20,15,20,HErrn,HERRN,name:Luther-divine-capitalization
2Chr.32.24,49,54,49,54,HErrn,HERRN,name:Luther-divine-capitalization
2Chr.32.26,113,118,113,118,HErrn,HERRN,name:Luther-divine-capitalization
2Chr.33.2,17,22,17,22,HErrn,HERRN,name:Luther-divine-capitalization
2Chr.33.2,73,77,73,77,HErr,HERR,name:Luther-divine-capitalization
2Chr.33.4,34,39,34,39,HErrn,HERRN,name:Luther-divine-capitalization
2Chr.33.4,51,55,51,55,HErr,HERR,name:Luther-divine-capitalization
2Chr.33.5,69,74,69,74,HErrn,HERRN,name:Luther-divine-capitalization
2Chr.33.6,191,196,191,196,HErrn,HERRN,name:Luther-divine-capitalization
2Chr.33.9,96,100,96,100,HErr,HERR,name:Luther-divine-capitalization
2Chr.33.10,13,17,13,17,HErr,HERR,name:Luther-divine-capitalization
2Chr.33.11,15,19,15,19,HErr,HERR,name:Luther-divine-capitalization
2Chr.33.12,46,51,46,51,HErrn,HERRN,name:Luther-divine-capitalization
2Chr.33.13,142,146,142,146,HErr,HERR,name:Luther-divine-capitalization
2Chr.33.15,64,69,64,69,HErrn,HERRN,name:Luther-divine-capitalization
2Chr.33.15,136,141,136,141,HErrn,HERRN,name:Luther-divine-capitalization
2Chr.33.16,30,35,30,35,HErrn,HERRN,name:Luther-divine-capitalization
2Chr.33.16,108,113,108,113,HErrn,HERRN,name:Luther-divine-capitalization
2Chr.33.17,54,59,54,59,HErrn,HERRN,name:Luther-divine-capitalization
2Chr.33.18,129,134,129,134,HErrn,HERRN,name:Luther-divine-capitalization
2Chr.33.22,17,22,17,22,HErrn,HERRN,name:Luther-divine-capitalization
2Chr.33.23,37,42,37,42,HErrn,HERRN,name:Luther-divine-capitalization
2Chr.34.2,17,22,17,22,HErrn,HERRN,name:Luther-divine-capitalization
2Chr.34.8,213,218,213,218,HErrn,HERRN,name:Luther-divine-capitalization
2Chr.34.10,82,87,82,87,HErrn,HERRN,name:Luther-divine-capitalization
2Chr.34.14,52,57,52,57,HErrn,HERRN,name:Luther-divine-capitalization
2Chr.34.14,126,131,126,131,HErrn,HERRN,name:Luther-divine-capitalization
2Chr.34.15,105,110,105,110,HErrn,HERRN,name:Luther-divine-capitalization
2Chr.34.17,59,64,59,64,HErrn,HERRN,name:Luther-divine-capitalization
2Chr.34.21,22,27,22,27,HErrn,HERRN,name:Luther-divine-capitalization
2Chr.34.21,140,145,140,145,HErrn,HERRN,name:Luther-divine-capitalization
2Chr.34.21,236,241,236,241,HErrn,HERRN,name:Luther-divine-capitalization
2Chr.34.22,90,93,90,93,dem,der,grammar:Frau-determiner
2Chr.34.22,94,99,94,98,Weibe,Frau,word:Weib-Frau
2Chr.34.23,40,44,40,44,HErr,HERR,name:Luther-divine-capitalization
2Chr.34.24,15,19,15,19,HErr,HERR,name:Luther-divine-capitalization
2Chr.34.26,47,52,47,52,HErrn,HERRN,name:Luther-divine-capitalization
2Chr.34.26,101,105,101,105,HErr,HERR,name:Luther-divine-capitalization
2Chr.34.27,267,271,267,271,HErr,HERR,name:Luther-divine-capitalization
2Chr.34.30,39,44,39,44,HErrn,HERRN,name:Luther-divine-capitalization
2Chr.34.30,236,241,236,241,HErrn,HERRN,name:Luther-divine-capitalization
2Chr.34.31,63,68,63,68,HErrn,HERRN,name:Luther-divine-capitalization
2Chr.34.31,83,88,83,88,HErrn,HERRN,name:Luther-divine-capitalization
2Chr.34.33,125,130,125,130,HErrn,HERRN,name:Luther-divine-capitalization
2Chr.34.33,199,204,199,204,HErrn,HERRN,name:Luther-divine-capitalization
2Chr.35.1,20,25,20,25,HErrn,HERRN,name:Luther-divine-capitalization
2Chr.35.2,88,93,88,93,HErrn,HERRN,name:Luther-divine-capitalization
2Chr.35.3,59,64,59,64,HErrn,HERRN,name:Luther-divine-capitalization
2Chr.35.3,237,242,237,242,HErrn,HERRN,name:Luther-divine-capitalization
2Chr.35.6,107,112,107,112,HErrn,HERRN,name:Luther-divine-capitalization
2Chr.35.12,102,107,102,107,HErrn,HERRN,name:Luther-divine-capitalization
2Chr.35.16,43,48,43,48,HErrn,HERRN,name:Luther-divine-capitalization
2Chr.35.16,119,124,119,124,HErrn,HERRN,name:Luther-divine-capitalization
2Chr.35.26,96,101,96,101,HErrn,HERRN,name:Luther-divine-capitalization
2Chr.36.5,109,114,109,114,HErrn,HERRN,name:Luther-divine-capitalization
2Chr.36.7,56,61,56,61,HErrn,HERRN,name:Luther-divine-capitalization
2Chr.36.9,116,121,116,121,HErrn,HERRN,name:Luther-divine-capitalization
2Chr.36.10,118,123,118,123,HErrn,HERRN,name:Luther-divine-capitalization
2Chr.36.12,17,22,17,22,HErrn,HERRN,name:Luther-divine-capitalization
2Chr.36.12,134,139,134,139,HErrn,HERRN,name:Luther-divine-capitalization
2Chr.36.13,190,195,190,195,HErrn,HERRN,name:Luther-divine-capitalization
2Chr.36.14,145,150,145,150,HErrn,HERRN,name:Luther-divine-capitalization
2Chr.36.15,8,12,8,12,HErr,HERR,name:Luther-divine-capitalization
2Chr.36.16,110,115,110,115,HErrn,HERRN,name:Luther-divine-capitalization
2Chr.36.18,74,79,74,79,HErrn,HERRN,name:Luther-divine-capitalization
2Chr.36.21,32,37,32,37,HErrn,HERRN,name:Luther-divine-capitalization
2Chr.36.22,86,91,86,91,HErrn,HERRN,name:Luther-divine-capitalization
2Chr.36.22,140,144,140,144,HErr,HERR,name:Luther-divine-capitalization
2Chr.36.23,44,48,44,48,HErr,HERR,name:Luther-divine-capitalization
2Chr.36.23,237,241,237,241,HErr,HERR,name:Luther-divine-capitalization
Ezra.1.1,81,86,81,86,HErrn,HERRN,name:Luther-divine-capitalization
Ezra.1.1,134,138,134,138,HErr,HERR,name:Luther-divine-capitalization
Ezra.1.2,44,48,44,48,HErr,HERR,name:Luther-divine-capitalization
Ezra.1.3,124,129,124,129,HErrn,HERRN,name:Luther-divine-capitalization
Ezra.1.5,175,180,175,180,HErrn,HERRN,name:Luther-divine-capitalization
Ezra.1.7,57,62,57,62,HErrn,HERRN,name:Luther-divine-capitalization
Ezra.2.61,144,147,144,148,ein,eine,grammar:Frau-determiner
Ezra.2.61,148,152,149,153,Weib,Frau,word:Weib-Frau
Ezra.2.68,64,69,64,69,HErrn,HERRN,name:Luther-divine-capitalization
Ezra.3.3,132,137,132,137,HErrn,HERRN,name:Luther-divine-capitalization
Ezra.3.5,78,83,78,83,HErrn,HERRN,name:Luther-divine-capitalization
Ezra.3.5,149,154,149,154,HErrn,HERRN,name:Luther-divine-capitalization
Ezra.3.6,55,60,55,60,HErrn,HERRN,name:Luther-divine-capitalization
Ezra.3.6,111,116,111,116,HErrn,HERRN,name:Luther-divine-capitalization
Ezra.3.8,356,361,356,361,HErrn,HERRN,name:Luther-divine-capitalization
Ezra.3.10,51,56,51,56,HErrn,HERRN,name:Luther-divine-capitalization
Ezra.3.10,172,177,172,177,HErrn,HERRN,name:Luther-divine-capitalization
Ezra.3.11,49,54,49,54,HErrn,HERRN,name:Luther-divine-capitalization
Ezra.3.11,171,176,171,176,HErrn,HERRN,name:Luther-divine-capitalization
Ezra.3.11,206,211,206,211,HErrn,HERRN,name:Luther-divine-capitalization
Ezra.4.1,91,96,91,96,HErrn,HERRN,name:Luther-divine-capitalization
Ezra.4.3,200,205,200,205,HErrn,HERRN,name:Luther-divine-capitalization
Ezra.6.21,175,180,175,180,HErrn,HERRN,name:Luther-divine-capitalization
Ezra.6.22,78,82,78,82,HErr,HERR,name:Luther-divine-capitalization
Ezra.7.6,72,76,72,76,HErr,HERR,name:Luther-divine-capitalization
Ezra.7.6,175,180,175,180,HErrn,HERRN,name:Luther-divine-capitalization
Ezra.7.10,55,60,55,60,HErrn,HERRN,name:Luther-divine-capitalization
Ezra.7.11,147,152,147,152,HErrn,HERRN,name:Luther-divine-capitalization
Ezra.7.27,16,20,16,20,HErr,HERR,name:Luther-divine-capitalization
Ezra.7.27,101,106,101,106,HErrn,HERRN,name:Luther-divine-capitalization
Ezra.7.28,146,151,146,151,HErrn,HERRN,name:Luther-divine-capitalization
Ezra.8.28,41,46,41,46,HErrn,HERRN,name:Luther-divine-capitalization
Ezra.8.28,123,128,123,128,HErrn,HERRN,name:Luther-divine-capitalization
Ezra.8.29,176,181,176,181,HErrn,HERRN,name:Luther-divine-capitalization
Ezra.8.35,222,227,222,227,HErrn,HERRN,name:Luther-divine-capitalization
Ezra.9.4,46,51,46,51,HErrn,HERRN,name:Luther-divine-capitalization
Ezra.9.5,152,157,152,157,HErrn,HERRN,name:Luther-divine-capitalization
Ezra.9.8,52,57,52,57,HErrn,HERRN,name:Luther-divine-capitalization
Ezra.9.15,0,4,0,4,HErr,HERR,name:Luther-divine-capitalization
Ezra.10.1,149,156,149,155,Weibern,Frauen,word:Weib-Frau
Ezra.10.2,151,157,151,157,Weiber,Frauen,word:Weib-Frau
Ezra.10.3,67,73,67,73,Weiber,Frauen,word:Weib-Frau
Ezra.10.3,133,138,133,138,HErrn,HERRN,name:Luther-divine-capitalization
Ezra.10.10,97,103,97,103,Weiber,Frauen,word:Weib-Frau
Ezra.10.11,19,24,19,24,HErrn,HERRN,name:Luther-divine-capitalization
Ezra.10.11,135,142,135,141,Weibern,Frauen,word:Weib-Frau
Ezra.10.14,101,107,101,107,Weiber,Frauen,word:Weib-Frau
Ezra.10.17,53,59,53,59,Weiber,Frauen,word:Weib-Frau
Ezra.10.18,66,72,66,72,Weiber,Frauen,word:Weib-Frau
Ezra.10.19,47,53,47,53,Weiber,Frauen,word:Weib-Frau
Ezra.10.44,25,31,25,31,Weiber,Frauen,word:Weib-Frau
Ezra.10.44,76,83,76,82,Weibern,Frauen,word:Weib-Frau
Neh.1.5,16,20,16,20,HErr,HERR,name:Luther-divine-capitalization
Neh.1.11,4,8,4,8,HErr,HERR,name:Luther-divine-capitalization
Neh.4.8,170,175,170,175,HErrn,HERRN,name:Luther-divine-capitalization
Neh.4.8,222,228,222,228,Weiber,Frauen,word:Weib-Frau
Neh.5.1,58,64,58,64,Weiber,Frauen,word:Weib-Frau
Neh.5.13,242,247,242,247,HErrn,HERRN,name:Luther-divine-capitalization
Neh.7.63,138,141,138,142,ein,eine,grammar:Frau-determiner
Neh.7.63,142,146,143,147,Weib,Frau,word:Weib-Frau
Neh.8.1,260,264,260,264,HErr,HERR,name:Luther-divine-capitalization
Neh.8.2,72,78,72,78,Weiber,Frauen,word:Weib-Frau
Neh.8.3,120,124,120,124,Weib,Frau,word:Weib-Frau
Neh.8.6,19,24,19,24,HErrn,HERRN,name:Luther-divine-capitalization
Neh.8.6,138,143,138,143,HErrn,HERRN,name:Luther-divine-capitalization
Neh.8.9,185,190,185,190,HErrn,HERRN,name:Luther-divine-capitalization
Neh.8.10,177,182,177,182,HErrn,HERRN,name:Luther-divine-capitalization
Neh.8.10,229,234,229,234,HErrn,HERRN,name:Luther-divine-capitalization
Neh.8.14,46,50,46,50,HErr,HERR,name:Luther-divine-capitalization
Neh.9.3,63,68,63,68,HErrn,HERRN,name:Luther-divine-capitalization
Neh.9.3,158,163,158,163,HErrn,HERRN,name:Luther-divine-capitalization
Neh.9.4,140,145,140,145,HErrn,HERRN,name:Luther-divine-capitalization
Neh.9.5,108,113,108,113,HErrn,HERRN,name:Luther-divine-capitalization
Neh.9.6,0,4,0,4,HErr,HERR,name:Luther-divine-capitalization
Neh.9.7,12,16,12,16,HErr,HERR,name:Luther-divine-capitalization
Neh.10.29,172,179,172,178,Weibern,Frauen,word:Weib-Frau
Neh.10.30,271,276,271,276,HErrn,HERRN,name:Luther-divine-capitalization
Neh.10.35,222,227,222,227,HErrn,HERRN,name:Luther-divine-capitalization
Neh.10.36,124,129,124,129,HErrn,HERRN,name:Luther-divine-capitalization
Neh.12.43,140,146,140,146,Weiber,Frauen,word:Weib-Frau
Neh.13.23,36,42,36,42,Weiber,Frauen,word:Weib-Frau
Neh.13.26,222,228,222,228,Weiber,Frauen,word:Weib-Frau
Neh.13.27,115,121,115,121,Weiber,Frauen,word:Weib-Frau
Esth.1.9,52,58,52,58,Weiber,Frauen,word:Weib-Frau
Esth.1.17,55,62,55,61,Weibern,Frauen,word:Weib-Frau
Esth.1.20,112,118,112,118,Weiber,Frauen,word:Weib-Frau
Esth.2.3,211,217,211,217,Weiber,Frauen,word:Weib-Frau
Esth.2.8,214,220,214,220,Weiber,Frauen,word:Weib-Frau
Esth.2.12,302,308,302,308,Weiber,Frauen,word:Weib-Frau
Esth.2.15,214,220,214,220,Weiber,Frauen,word:Weib-Frau
Esth.2.17,43,49,43,49,Weiber,Frauen,word:Weib-Frau
Esth.3.13,153,159,153,159,Weiber,Frauen,word:Weib-Frau
Esth.4.11,142,146,142,146,Weib,Frau,word:Weib-Frau
Esth.5.10,89,93,89,94,sein,seine,grammar:Frau-determiner
Esth.5.10,94,98,95,99,Weib,Frau,word:Weib-Frau
Esth.5.14,19,23,19,24,sein,seine,grammar:Frau-determiner
Esth.5.14,24,28,25,29,Weib,Frau,word:Weib-Frau
Esth.6.13,13,19,13,19,seinem,seiner,grammar:Frau-determiner
Esth.6.13,20,25,20,24,Weibe,Frau,word:Weib-Frau
Esth.6.13,123,127,122,127,sein,seine,grammar:Frau-determiner
Esth.6.13,128,132,128,132,Weib,Frau,word:Weib-Frau
Esth.8.11,238,245,238,244,Weibern,Frauen,word:Weib-Frau
Job.1.6,73,78,73,78,HErrn,HERRN,name:Luther-divine-capitalization
Job.1.7,4,8,4,8,HErr,HERR,name:Luther-divine-capitalization
Job.1.7,78,83,78,83,HErrn,HERRN,name:Luther-divine-capitalization
Job.1.8,4,8,4,8,HErr,HERR,name:Luther-divine-capitalization
Job.1.9,25,30,25,30,HErrn,HERRN,name:Luther-divine-capitalization
Job.1.12,4,8,4,8,HErr,HERR,name:Luther-divine-capitalization
Job.1.12,144,149,144,149,HErrn,HERRN,name:Luther-divine-capitalization
Job.1.21,100,104,100,104,HErr,HERR,name:Luther-divine-capitalization
Job.1.21,124,128,124,128,HErr,HERR,name:Luther-divine-capitalization
Job.1.21,158,163,158,163,HErrn,HERRN,name:Luther-divine-capitalization
Job.2.1,76,81,76,81,HErrn,HERRN,name:Luther-divine-capitalization
Job.2.1,131,136,131,136,HErrn,HERRN,name:Luther-divine-capitalization
Job.2.2,14,18,14,18,HErr,HERR,name:Luther-divine-capitalization
Job.2.2,76,81,76,81,HErrn,HERRN,name:Luther-divine-capitalization
Job.2.3,4,8,4,8,HErr,HERR,name:Luther-divine-capitalization
Job.2.4,25,30,25,30,HErrn,HERRN,name:Luther-divine-capitalization
Job.2.6,4,8,4,8,HErr,HERR,name:Luther-divine-capitalization
Job.2.7,40,45,40,45,HErrn,HERRN,name:Luther-divine-capitalization
Job.2.9,4,8,4,9,sein,seine,grammar:Frau-determiner
Job.2.9,9,13,10,14,Weib,Frau,word:Weib-Frau
Job.2.10,53,59,53,59,Weiber,Frauen,word:Weib-Frau
Job.12.9,42,47,42,47,HErrn,HERRN,name:Luther-divine-capitalization
Job.14.1,12,15,12,19,vom,von der,grammar:Frau-determiner
Job.14.1,16,21,20,24,Weibe,Frau,word:Weib-Frau
Job.14.7,90,100,90,101,Schößlinge,Schösslinge,orthography:wordlist
Job.15.14,84,87,84,91,vom,von der,grammar:Frau-determiner
Job.15.14,88,93,92,96,Weibe,Frau,word:Weib-Frau
Job.19.17,22,28,22,28,meinem,meiner,grammar:Frau-determiner
Job.19.17,29,34,29,33,Weibe,Frau,word:Weib-Frau
Job.25.4,70,75,70,75,eines,einer,grammar:Frau-determiner
Job.25.4,76,82,76,80,Weibes,Frau,word:Weib-Frau
Job.28.28,47,52,47,52,HErrn,HERRN,name:Luther-divine-capitalization
Job.31.9,33,36,33,36,zum,zur,grammar:Frau-determiner
Job.31.9,37,42,37,41,Weibe,Frau,word:Weib-Frau
Job.31.10,9,13,9,14,mein,meine,grammar:Frau-determiner
Job.31.10,14,18,15,19,Weib,Frau,word:Weib-Frau
Job.38.1,8,12,8,12,HErr,HERR,name:Luther-divine-capitalization
Job.39.1,28,34,28,34,Gemsen,Gämsen,orthography:wordlist
Job.40.1,8,12,8,12,HErr,HERR,name:Luther-divine-capitalization
Job.40.3,25,30,25,30,HErrn,HERRN,name:Luther-divine-capitalization
Job.40.6,8,12,8,12,HErr,HERR,name:Luther-divine-capitalization
Job.42.1,24,29,24,29,HErrn,HERRN,name:Luther-divine-capitalization
Job.42.7,11,15,11,15,HErr,HERR,name:Luther-divine-capitalization
Job.42.9,90,94,90,94,HErr,HERR,name:Luther-divine-capitalization
Job.42.9,123,127,123,127,HErr,HERR,name:Luther-divine-capitalization
Job.42.10,8,12,8,12,HErr,HERR,name:Luther-divine-capitalization
Job.42.11,199,203,199,203,HErr,HERR,name:Luther-divine-capitalization
Job.42.12,8,12,8,12,HErr,HERR,name:Luther-divine-capitalization
Job.42.15,27,33,27,33,Weiber,Frauen,word:Weib-Frau
Ps.1.2,32,37,32,37,HErrn,HERRN,name:Luther-divine-capitalization
Ps.1.6,9,13,9,13,HErr,HERR,name:Luther-divine-capitalization
Ps.2.2,86,91,86,91,HErrn,HERRN,name:Luther-divine-capitalization
Ps.2.4,48,52,48,52,HErr,HERR,name:Luther-divine-capitalization
Ps.2.7,42,46,42,46,HErr,HERR,name:Luther-divine-capitalization
Ps.2.11,11,16,11,16,HErrn,HERRN,name:Luther-divine-capitalization
Ps.3.2,4,8,4,8,HErr,HERR,name:Luther-divine-capitalization
Ps.3.4,9,13,9,13,HErr,HERR,name:Luther-divine-capitalization
Ps.3.5,34,39,34,39,HErrn,HERRN,name:Luther-divine-capitalization
Ps.3.6,44,48,44,48,HErr,HERR,name:Luther-divine-capitalization
Ps.3.8,5,9,5,9,HErr,HERR,name:Luther-divine-capitalization
Ps.3.9,8,13,8,13,HErrn,HERRN,name:Luther-divine-capitalization
Ps.4.4,24,28,24,28,HErr,HERR,name:Luther-divine-capitalization
Ps.4.4,65,69,65,69,HErr,HERR,name:Luther-divine-capitalization
Ps.4.6,40,45,40,45,HErrn,HERRN,name:Luther-divine-capitalization
Ps.4.7,54,58,54,58,HErr,HERR,name:Luther-divine-capitalization
Ps.4.9,56,60,56,60,HErr,HERR,name:Luther-divine-capitalization
Ps.5.2,0,4,0,4,HErr,HERR,name:Luther-divine-capitalization
Ps.5.4,0,4,0,4,HErr,HERR,name:Luther-divine-capitalization
Ps.5.7,30,34,30,34,HErr,HERR,name:Luther-divine-capitalization
Ps.5.9,0,4,0,4,HErr,HERR,name:Luther-divine-capitalization
Ps.5.13,9,13,9,13,HErr,HERR,name:Luther-divine-capitalization
Ps.6.2,4,8,4,8,HErr,HERR,name:Luther-divine-capitalization
Ps.6.3,0,4,0,4,HErr,HERR,name:Luther-divine-capitalization
Ps.6.3,56,60,56,60,HErr,HERR,name:Luther-divine-capitalization
Ps.6.4,46,50,46,50,HErr,HERR,name:Luther-divine-capitalization
Ps.6.5,12,16,12,16,HErr,HERR,name:Luther-divine-capitalization
Ps.6.9,42,46,42,46,HErr,HERR,name:Luther-divine-capitalization
Ps.6.10,4,8,4,8,HErr,HERR,name:Luther-divine-capitalization
Ps.6.10,48,52,48,52,HErr,HERR,name:Luther-divine-capitalization
Ps.7.1,39,44,39,44,HErrn,HERRN,name:Luther-divine-capitalization
Ps.7.2,10,14,10,14,HErr,HERR,name:Luther-divine-capitalization
Ps.7.4,0,4,0,4,HErr,HERR,name:Luther-divine-capitalization
Ps.7.7,11,15,11,15,HErr,HERR,name:Luther-divine-capitalization
Ps.7.9,4,8,4,8,HErr,HERR,name:Luther-divine-capitalization
Ps.7.9,51,55,51,55,HErr,HERR,name:Luther-divine-capitalization
Ps.7.18,14,19,14,19,HErrn,HERRN,name:Luther-divine-capitalization
Ps.7.18,80,85,80,85,HErrn,HERRN,name:Luther-divine-capitalization
Ps.8.2,0,4,0,4,HErr,HERR,name:Luther-divine-capitalization
Ps.8.10,0,4,0,4,HErr,HERR,name:Luther-divine-capitalization
Ps.9.2,14,19,14,19,HErrn,HERRN,name:Luther-divine-capitalization
Ps.9.8,4,8,4,8,HErr,HERR,name:Luther-divine-capitalization
Ps.9.10,8,12,8,12,HErr,HERR,name:Luther-divine-capitalization
Ps.9.11,84,88,84,88,HErr,HERR,name:Luther-divine-capitalization
Ps.9.12,10,15,10,15,HErrn,HERRN,name:Luther-divine-capitalization
Ps.9.14,0,4,0,4,HErr,HERR,name:Luther-divine-capitalization
Ps.9.17,25,29,25,29,HErr,HERR,name:Luther-divine-capitalization
Ps.9.20,0,4,0,4,HErr,HERR,name:Luther-divine-capitalization
Ps.9.21,11,15,11,15,HErr,HERR,name:Luther-divine-capitalization
Ps.10.1,0,4,0,4,HErr,HERR,name:Luther-divine-capitalization
Ps.10.3,73,78,73,78,HErrn,HERRN,name:Luther-divine-capitalization
Ps.10.12,11,15,11,15,HErr,HERR,name:Luther-divine-capitalization
Ps.10.16,4,8,4,8,HErr,HERR,name:Luther-divine-capitalization
Ps.10.17,36,40,36,40,HErr,HERR,name:Luther-divine-capitalization
Ps.11.1,49,54,49,54,HErrn,HERRN,name:Luther-divine-capitalization
Ps.11.4,4,8,4,8,HErr,HERR,name:Luther-divine-capitalization
Ps.11.4,44,49,44,49,HErrn,HERRN,name:Luther-divine-capitalization
Ps.11.5,4,8,4,8,HErr,HERR,name:Luther-divine-capitalization
Ps.11.7,4,8,4,8,HErr,HERR,name:Luther-divine-capitalization
Ps.12.2,6,10,6,10,HErr,HERR,name:Luther-divine-capitalization
Ps.12.4,4,8,4,8,HErr,HERR,name:Luther-divine-capitalization
Ps.12.5,84,88,84,88,HErr,HERR,name:Luther-divine-capitalization
Ps.12.6,87,91,87,91,HErr,HERR,name:Luther-divine-capitalization
Ps.12.7,13,18,13,18,HErrn,HERRN,name:Luther-divine-capitalization
Ps.12.8,4,8,4,8,HErr,HERR,name:Luther-divine-capitalization
Ps.13.2,0,4,0,4,HErr,HERR,name:Luther-divine-capitalization
Ps.13.4,29,33,29,33,HErr,HERR,name:Luther-divine-capitalization
Ps.13.7,13,18,13,18,HErrn,HERRN,name:Luther-divine-capitalization
Ps.14.2,4,8,4,8,HErr,HERR,name:Luther-divine-capitalization
Ps.14.4,97,102,97,102,HErrn,HERRN,name:Luther-divine-capitalization
Ps.14.7,53,57,53,57,HErr,HERR,name:Luther-divine-capitalization
Ps.15.1,18,22,18,22,HErr,HERR,name:Luther-divine-capitalization
Ps.16.2,23,28,23,28,HErrn,HERRN,name:Luther-divine-capitalization
Ps.16.2,45,49,45,49,HErr,HERR,name:Luther-divine-capitalization
Ps.16.5,4,8,4,8,HErr,HERR,name:Luther-divine-capitalization
Ps.16.7,13,18,13,18,HErrn,HERRN,name:Luther-divine-capitalization
Ps.16.8,13,18,13,18,HErrn,HERRN,name:Luther-divine-capitalization
Ps.17.1,18,22,18,22,HErr,HERR,name:Luther-divine-capitalization
Ps.17.13,0,4,0,4,HErr,HERR,name:Luther-divine-capitalization
Ps.17.14,32,36,32,36,HErr,HERR,name:Luther-divine-capitalization
Ps.18.1,49,54,49,54,HErrn,HERRN,name:Luther-divine-capitalization
Ps.18.1,131,135,131,135,HErr,HERR,name:Luther-divine-capitalization
Ps.18.2,41,45,41,45,HErr,HERR,name:Luther-divine-capitalization
Ps.18.3,0,4,0,4,HErr,HERR,name:Luther-divine-capitalization
Ps.18.4,16,21,16,21,HErrn,HERRN,name:Luther-divine-capitalization
Ps.18.7,31,36,31,36,HErrn,HERRN,name:Luther-divine-capitalization
Ps.18.14,8,12,8,12,HErr,HERR,name:Luther-divine-capitalization
Ps.18.16,73,77,73,77,HErr,HERR,name:Luther-divine-capitalization
Ps.18.19,57,61,57,61,HErr,HERR,name:Luther-divine-capitalization
Ps.18.21,4,8,4,8,HErr,HERR,name:Luther-divine-capitalization
Ps.18.22,28,33,28,33,HErrn,HERRN,name:Luther-divine-capitalization
Ps.18.25,22,26,22,26,HErr,HERR,name:Luther-divine-capitalization
Ps.18.29,39,43,39,43,HErr,HERR,name:Luther-divine-capitalization
Ps.18.31,43,48,43,48,HErrn,HERRN,name:Luther-divine-capitalization
Ps.18.32,31,36,31,36,HErrn,HERRN,name:Luther-divine-capitalization
Ps.18.42,42,47,42,47,HErrn,HERRN,name:Luther-divine-capitalization
Ps.18.47,4,8,4,8,HErr,HERR,name:Luther-divine-capitalization
Ps.18.50,27,31,27,31,HErr,HERR,name:Luther-divine-capitalization
Ps.19.8,15,20,15,20,HErrn,HERRN,name:Luther-divine-capitalization
Ps.19.8,76,81,76,81,HErrn,HERRN,name:Luther-divine-capitalization
Ps.19.9,16,21,16,21,HErrn,HERRN,name:Luther-divine-capitalization
Ps.19.9,73,78,73,78,HErrn,HERRN,name:Luther-divine-capitalization
Ps.19.10,15,20,15,20,HErrn,HERRN,name:Luther-divine-capitalization
Ps.19.10,66,71,66,71,HErrn,HERRN,name:Luther-divine-capitalization
Ps.19.15,87,91,87,91,HErr,HERR,name:Luther-divine-capitalization
Ps.20.2,4,8,4,8,HErr,HERR,name:Luther-divine-capitalization
Ps.20.6,87,91,87,91,HErr,HERR,name:Luther-divine-capitalization
Ps.20.7,24,28,24,28,HErr,HERR,name:Luther-divine-capitalization
Ps.20.8,74,79,74,79,HErrn,HERRN,name:Luther-divine-capitalization
Ps.20.10,6,10,6,10,HErr,HERR,name:Luther-divine-capitalization
Ps.21.2,0,4,0,4,HErr,HERR,name:Luther-divine-capitalization
Ps.21.8,29,34,29,34,HErrn,HERRN,name:Luther-divine-capitalization
Ps.21.10,69,73,69,73,HErr,HERR,name:Luther-divine-capitalization
Ps.21.14,0,4,0,4,HErr,HERR,name:Luther-divine-capitalization
Ps.22.9,17,22,17,22,HErrn,HERRN,name:Luther-divine-capitalization
Ps.22.20,9,13,9,13,HErr,HERR,name:Luther-divine-capitalization
Ps.22.24,11,16,11,16,HErrn,HERRN,name:Luther-divine-capitalization
Ps.22.27,65,70,65,70,HErrn,HERRN,name:Luther-divine-capitalization
Ps.22.28,32,37,32,37,HErrn,HERRN,name:Luther-divine-capitalization
Ps.22.29,9,14,9,14,HErrn,HERRN,name:Luther-divine-capitalization
Ps.22.31,46,51,46,51,HErrn,HERRN,name:Luther-divine-capitalization
Ps.23.1,22,26,22,26,HErr,HERR,name:Luther-divine-capitalization
Ps.23.6,95,100,95,100,HErrn,HERRN,name:Luther-divine-capitalization
Ps.24.1,35,40,35,40,HErrn,HERRN,name:Luther-divine-capitalization
Ps.24.3,17,22,17,22,HErrn,HERRN,name:Luther-divine-capitalization
Ps.24.5,23,28,23,28,HErrn,HERRN,name:Luther-divine-capitalization
Ps.24.8,45,49,45,49,HErr,HERR,name:Luther-divine-capitalization
Ps.24.8,74,78,74,78,HErr,HERR,name:Luther-divine-capitalization
Ps.24.10,45,49,45,49,HErr,HERR,name:Luther-divine-capitalization
Ps.25.1,28,32,28,32,HErr,HERR,name:Luther-divine-capitalization
Ps.25.4,0,4,0,4,HErr,HERR,name:Luther-divine-capitalization
Ps.25.6,9,13,9,13,HErr,HERR,name:Luther-divine-capitalization
Ps.25.8,4,8,4,8,HErr,HERR,name:Luther-divine-capitalization
Ps.25.10,13,18,13,18,HErrn,HERRN,name:Luther-divine-capitalization
Ps.25.11,25,29,25,29,HErr,HERR,name:Luther-divine-capitalization
Ps.25.12,21,26,21,26,HErrn,HERRN,name:Luther-divine-capitalization
Ps.25.14,18,23,18,23,HErrn,HERRN,name:Luther-divine-capitalization
Ps.25.15,31,36,31,36,HErrn,HERRN,name:Luther-divine-capitalization
Ps.26.1,18,22,18,22,HErr,HERR,name:Luther-divine-capitalization
Ps.26.1,86,91,86,91,HErrn,HERRN,name:Luther-divine-capitalization
Ps.26.2,12,16,12,16,HErr,HERR,name:Luther-divine-capitalization
Ps.26.6,51,55,51,55,HErr,HERR,name:Luther-divine-capitalization
Ps.26.8,0,4,0,4,HErr,HERR,name:Luther-divine-capitalization
Ps.26.12,44,48,44,48,HErr,HERR,name:Luther-divine-capitalization
Ps.27.1,22,26,22,26,HErr,HERR,name:Luther-divine-capitalization
Ps.27.1,95,99,95,99,HErr,HERR,name:Luther-divine-capitalization
Ps.27.4,19,24,19,24,HErrn,HERRN,name:Luther-divine-capitalization
Ps.27.4,69,74,69,74,HErrn,HERRN,name:Luther-divine-capitalization
Ps.27.4,146,151,146,151,HErrn,HERRN,name:Luther-divine-capitalization
Ps.27.6,142,147,142,147,HErrn,HERRN,name:Luther-divine-capitalization
Ps.27.7,0,4,0,4,HErr,HERR,name:Luther-divine-capitalization
Ps.27.8,89,93,89,93,HErr,HERR,name:Luther-divine-capitalization
Ps.27.10,58,62,58,62,HErr,HERR,name:Luther-divine-capitalization
Ps.27.11,0,4,0,4,HErr,HERR,name:Luther-divine-capitalization
Ps.27.13,56,61,56,61,HErrn,HERRN,name:Luther-divine-capitalization
Ps.27.14,10,15,10,15,HErrn,HERRN,name:Luther-divine-capitalization
Ps.27.14,57,62,57,62,HErrn,HERRN,name:Luther-divine-capitalization
Ps.28.1,40,44,40,44,HErr,HERR,name:Luther-divine-capitalization
Ps.28.5,45,50,45,50,HErrn,HERRN,name:Luther-divine-capitalization
Ps.28.6,15,19,15,19,HErr,HERR,name:Luther-divine-capitalization
Ps.28.7,4,8,4,8,HErr,HERR,name:Luther-divine-capitalization
Ps.28.8,4,8,4,8,HErr,HERR,name:Luther-divine-capitalization
Ps.29.1,34,39,34,39,HErrn,HERRN,name:Luther-divine-capitalization
Ps.29.1,73,78,73,78,HErrn,HERRN,name:Luther-divine-capitalization
Ps.29.2,12,17,12,17,HErrn,HERRN,name:Luther-divine-capitalization
Ps.29.2,55,60,55,60,HErrn,HERRN,name:Luther-divine-capitalization
Ps.29.3,15,20,15,20,HErrn,HERRN,name:Luther-divine-capitalization
Ps.29.3,76,80,76,80,HErr,HERR,name:Luther-divine-capitalization
Ps.29.4,15,20,15,20,HErrn,HERRN,name:Luther-divine-capitalization
Ps.29.4,52,57,52,57,HErrn,HERRN,name:Luther-divine-capitalization
Ps.29.5,15,20,15,20,HErrn,HERRN,name:Luther-divine-capitalization
Ps.29.5,47,51,47,51,HErr,HERR,name:Luther-divine-capitalization
Ps.29.7,15,20,15,20,HErrn,HERRN,name:Luther-divine-capitalization
Ps.29.8,15,20,15,20,HErrn,HERRN,name:Luther-divine-capitalization
Ps.29.8,43,47,43,47,HErr,HERR,name:Luther-divine-capitalization
Ps.29.9,15,20,15,20,HErrn,HERRN,name:Luther-divine-capitalization
Ps.29.10,4,8,4,8,HErr,HERR,name:Luther-divine-capitalization
Ps.29.10,51,55,51,55,HErr,HERR,name:Luther-divine-capitalization
Ps.29.11,4,8,4,8,HErr,HERR,name:Luther-divine-capitalization
Ps.29.11,43,47,43,47,HErr,HERR,name:Luther-divine-capitalization
Ps.30.2,17,21,17,21,HErr,HERR,name:Luther-divine-capitalization
Ps.30.3,0,4,0,4,HErr,HERR,name:Luther-divine-capitalization
Ps.30.4,0,4,0,4,HErr,HERR,name:Luther-divine-capitalization
Ps.30.5,28,33,28,33,HErrn,HERRN,name:Luther-divine-capitalization
Ps.30.8,6,10,6,10,HErr,HERR,name:Luther-divine-capitalization
Ps.30.9,8,12,8,12,HErr,HERR,name:Luther-divine-capitalization
Ps.30.9,32,37,32,37,HErrn,HERRN,name:Luther-divine-capitalization
Ps.30.11,0,4,0,4,HErr,HERR,name:Luther-divine-capitalization
Ps.30.11,31,35,31,35,HErr,HERR,name:Luther-divine-capitalization
Ps.30.13,57,61,57,61,HErr,HERR,name:Luther-divine-capitalization
Ps.31.2,0,4,0,4,HErr,HERR,name:Luther-divine-capitalization
Ps.31.6,62,66,62,66,HErr,HERR,name:Luther-divine-capitalization
Ps.31.7,66,71,66,71,HErrn,HERRN,name:Luther-divine-capitalization
Ps.31.10,0,4,0,4,HErr,HERR,name:Luther-divine-capitalization
Ps.31.15,10,14,10,14,HErr,HERR,name:Luther-divine-capitalization
Ps.31.18,0,4,0,4,HErr,HERR,name:Luther-divine-capitalization
Ps.31.22,15,19,15,19,HErr,HERR,name:Luther-divine-capitalization
Ps.31.24,11,16,11,16,HErrn,HERRN,name:Luther-divine-capitalization
Ps.31.24,65,69,65,69,HErr,HERR,name:Luther-divine-capitalization
Ps.31.25,46,51,46,51,HErrn,HERRN,name:Luther-divine-capitalization
Ps.32.2,27,31,27,31,HErr,HERR,name:Luther-divine-capitalization
Ps.32.5,96,101,96,101,HErrn,HERRN,name:Luther-divine-capitalization
Ps.32.10,46,51,46,51,HErrn,HERRN,name:Luther-divine-capitalization
Ps.32.11,16,21,16,21,HErrn,HERRN,name:Luther-divine-capitalization
Ps.33.1,16,21,16,21,HErrn,HERRN,name:Luther-divine-capitalization
Ps.33.2,11,16,11,16,HErrn,HERRN,name:Luther-divine-capitalization
Ps.33.4,9,14,9,14,HErrn,HERRN,name:Luther-divine-capitalization
Ps.33.5,67,72,67,72,HErrn,HERRN,name:Luther-divine-capitalization
Ps.33.6,34,39,34,39,HErrn,HERRN,name:Luther-divine-capitalization
Ps.33.8,22,27,22,27,HErrn,HERRN,name:Luther-divine-capitalization
Ps.33.10,4,8,4,8,HErr,HERR,name:Luther-divine-capitalization
Ps.33.11,17,22,17,22,HErrn,HERRN,name:Luther-divine-capitalization
Ps.33.12,28,32,28,32,HErr,HERR,name:Luther-divine-capitalization
Ps.33.13,4,8,4,8,HErr,HERR,name:Luther-divine-capitalization
Ps.33.18,11,16,11,16,HErrn,HERRN,name:Luther-divine-capitalization
Ps.33.20,28,33,28,33,HErrn,HERRN,name:Luther-divine-capitalization
Ps.33.22,12,16,12,16,HErr,HERR,name:Luther-divine-capitalization
Ps.34.2,13,18,13,18,HErrn,HERRN,name:Luther-divine-capitalization
Ps.34.3,33,38,33,38,HErrn,HERRN,name:Luther-divine-capitalization
Ps.34.4,20,25,20,25,HErrn,HERRN,name:Luther-divine-capitalization
Ps.34.5,11,16,11,16,HErrn,HERRN,name:Luther-divine-capitalization
Ps.34.7,33,37,33,37,HErr,HERR,name:Luther-divine-capitalization
Ps.34.8,14,19,14,19,HErrn,HERRN,name:Luther-divine-capitalization
Ps.34.9,40,44,40,44,HErr,HERR,name:Luther-divine-capitalization
Ps.34.10,13,18,13,18,HErrn,HERRN,name:Luther-divine-capitalization
Ps.34.11,47,52,47,52,HErrn,HERRN,name:Luther-divine-capitalization
Ps.34.12,62,67,62,67,HErrn,HERRN,name:Luther-divine-capitalization
Ps.34.16,14,19,14,19,HErrn,HERRN,name:Luther-divine-capitalization
Ps.34.17,21,26,21,26,HErrn,HERRN,name:Luther-divine-capitalization
Ps.34.18,41,45,41,45,HErr,HERR,name:Luther-divine-capitalization
Ps.34.19,4,8,4,8,HErr,HERR,name:Luther-divine-capitalization
Ps.34.20,40,44,40,44,HErr,HERR,name:Luther-divine-capitalization
Ps.34.23,4,8,4,8,HErr,HERR,name:Luther-divine-capitalization
Ps.35.1,18,22,18,22,HErr,HERR,name:Luther-divine-capitalization
Ps.35.5,61,66,61,66,HErrn,HERRN,name:Luther-divine-capitalization
Ps.35.6,63,68,63,68,HErrn,HERRN,name:Luther-divine-capitalization
Ps.35.9,39,44,39,44,HErrn,HERRN,name:Luther-divine-capitalization
Ps.35.10,33,37,33,37,HErr,HERR,name:Luther-divine-capitalization
Ps.35.17,0,4,0,4,HErr,HERR,name:Luther-divine-capitalization
Ps.35.22,0,4,0,4,HErr,HERR,name:Luther-divine-capitalization
Ps.35.22,36,40,36,40,HErr,HERR,name:Luther-divine-capitalization
Ps.35.24,0,4,0,4,HErr,HERR,name:Luther-divine-capitalization
Ps.35.27,92,96,92,96,HErr,HERR,name:Luther-divine-capitalization
Ps.36.1,35,40,35,40,HErrn,HERRN,name:Luther-divine-capitalization
Ps.36.6,0,4,0,4,HErr,HERR,name:Luther-divine-capitalization
Ps.36.7,84,88,84,88,HErr,HERR,name:Luther-divine-capitalization
Ps.37.3,14,19,14,19,HErrn,HERRN,name:Luther-divine-capitalization
Ps.37.4,19,24,19,24,HErrn,HERRN,name:Luther-divine-capitalization
Ps.37.5,12,17,12,17,HErrn,HERRN,name:Luther-divine-capitalization
Ps.37.7,15,20,15,20,HErrn,HERRN,name:Luther-divine-capitalization
Ps.37.9,48,53,48,53,HErrn,HERRN,name:Luther-divine-capitalization
Ps.37.13,9,13,9,13,HErr,HERR,name:Luther-divine-capitalization
Ps.37.17,49,53,49,53,HErr,HERR,name:Luther-divine-capitalization
Ps.37.18,4,8,4,8,HErr,HERR,name:Luther-divine-capitalization
Ps.37.20,55,60,55,60,HErrn,HERRN,name:Luther-divine-capitalization
Ps.37.23,8,13,8,13,HErrn,HERRN,name:Luther-divine-capitalization
Ps.37.24,49,53,49,53,HErr,HERR,name:Luther-divine-capitalization
Ps.37.28,9,13,9,13,HErr,HERR,name:Luther-divine-capitalization
Ps.37.33,9,13,9,13,HErr,HERR,name:Luther-divine-capitalization
Ps.37.34,14,19,14,19,HErrn,HERRN,name:Luther-divine-capitalization
Ps.37.39,9,13,9,13,HErr,HERR,name:Luther-divine-capitalization
Ps.37.40,8,12,8,12,HErr,HERR,name:Luther-divine-capitalization
Ps.38.2,0,4,0,4,HErr,HERR,name:Luther-divine-capitalization
Ps.38.10,0,4,0,4,HErr,HERR,name:Luther-divine-capitalization
Ps.38.16,16,20,16,20,HErr,HERR,name:Luther-divine-capitalization
Ps.38.16,36,40,36,40,HErr,HERR,name:Luther-divine-capitalization
Ps.38.22,20,24,20,24,HErr,HERR,name:Luther-divine-capitalization
Ps.38.23,23,27,23,27,HErr,HERR,name:Luther-divine-capitalization
Ps.39.5,6,10,6,10,HErr,HERR,name:Luther-divine-capitalization
Ps.39.8,5,9,5,9,HErr,HERR,name:Luther-divine-capitalization
Ps.39.13,17,21,17,21,HErr,HERR,name:Luther-divine-capitalization
Ps.40.2,15,20,15,20,HErrn,HERRN,name:Luther-divine-capitalization
Ps.40.4,105,110,105,110,HErrn,HERRN,name:Luther-divine-capitalization
Ps.40.5,43,48,43,48,HErrn,HERRN,name:Luther-divine-capitalization
Ps.40.6,0,4,0,4,HErr,HERR,name:Luther-divine-capitalization
Ps.40.10,114,118,114,118,HErr,HERR,name:Luther-divine-capitalization
Ps.40.12,9,13,9,13,HErr,HERR,name:Luther-divine-capitalization
Ps.40.14,21,25,21,25,HErr,HERR,name:Luther-divine-capitalization
Ps.40.14,57,61,57,61,HErr,HERR,name:Luther-divine-capitalization
Ps.40.17,126,130,126,130,HErr,HERR,name:Luther-divine-capitalization
Ps.40.18,32,36,32,36,HErr,HERR,name:Luther-divine-capitalization
Ps.41.2,55,59,55,59,HErr,HERR,name:Luther-divine-capitalization
Ps.41.3,4,8,4,8,HErr,HERR,name:Luther-divine-capitalization
Ps.41.4,4,8,4,8,HErr,HERR,name:Luther-divine-capitalization
Ps.41.5,12,16,12,16,HErr,HERR,name:Luther-divine-capitalization
Ps.41.11,9,13,9,13,HErr,HERR,name:Luther-divine-capitalization
Ps.41.14,16,20,16,20,HErr,HERR,name:Luther-divine-capitalization
Ps.42.9,4,8,4,8,HErr,HERR,name:Luther-divine-capitalization
Ps.44.24,14,18,14,18,HErr,HERR,name:Luther-divine-capitalization
Ps.45.12,64,68,64,68,HErr,HERR,name:Luther-divine-capitalization
Ps.46.8,4,8,4,8,HErr,HERR,name:Luther-divine-capitalization
Ps.46.9,37,42,37,42,HErrn,HERRN,name:Luther-divine-capitalization
Ps.46.12,4,8,4,8,HErr,HERR,name:Luther-divine-capitalization
Ps.47.3,9,13,9,13,HErr,HERR,name:Luther-divine-capitalization
Ps.47.6,36,40,36,40,HErr,HERR,name:Luther-divine-capitalization
Ps.48.2,13,17,13,17,HErr,HERR,name:Luther-divine-capitalization
Ps.48.9,54,59,54,59,HErrn,HERRN,name:Luther-divine-capitalization
Ps.50.1,28,32,28,32,HErr,HERR,name:Luther-divine-capitalization
Ps.54.6,31,35,31,35,HErr,HERR,name:Luther-divine-capitalization
Ps.54.8,55,59,55,59,HErr,HERR,name:Luther-divine-capitalization
Ps.55.10,25,29,25,29,HErr,HERR,name:Luther-divine-capitalization
Ps.55.17,37,41,37,41,HErr,HERR,name:Luther-divine-capitalization
Ps.55.23,27,32,27,32,HErrn,HERRN,name:Luther-divine-capitalization
Ps.56.11,49,54,49,54,HErrn,HERRN,name:Luther-divine-capitalization
Ps.57.10,0,4,0,4,HErr,HERR,name:Luther-divine-capitalization
Ps.58.7,51,55,51,55,HErr,HERR,name:Luther-divine-capitalization
Ps.58.9,71,76,71,76,eines,einer,grammar:Frau-determiner
Ps.58.9,77,83,77,81,Weibes,Frau,word:Weib-Frau
Ps.59.4,12,16,12,16,HErr,HERR,name:Luther-divine-capitalization
Ps.59.6,4,8,4,8,HErr,HERR,name:Luther-divine-capitalization
Ps.59.9,9,13,9,13,HErr,HERR,name:Luther-divine-capitalization
Ps.59.12,90,94,90,94,HErr,HERR,name:Luther-divine-capitalization
Ps.62.13,8,12,8,12,HErr,HERR,name:Luther-divine-capitalization
Ps.64.11,30,35,30,35,HErrn,HERRN,name:Luther-divine-capitalization
Ps.66.18,57,61,57,61,HErr,HERR,name:Luther-divine-capitalization
Ps.68.5,94,98,94,98,HErr,HERR,name:Luther-divine-capitalization
Ps.68.12,4,8,4,8,HErr,HERR,name:Luther-divine-capitalization
Ps.68.17,92,96,92,96,HErr,HERR,name:Luther-divine-capitalization
Ps.68.18,50,54,50,54,HErr,HERR,name:Luther-divine-capitalization
Ps.68.19,144,148,144,148,HErr,HERR,name:Luther-divine-capitalization
Ps.68.20,16,20,16,20,HErr,HERR,name:Luther-divine-capitalization
Ps.68.21,44,49,44,49,HErrn,HERRN,name:Luther-divine-capitalization
Ps.68.23,4,8,4,8,HErr,HERR,name:Luther-divine-capitalization
Ps.68.27,16,21,16,21,HErrn,HERRN,name:Luther-divine-capitalization
Ps.68.33,54,59,54,59,HErrn,HERRN,name:Luther-divine-capitalization
Ps.69.7,60,64,60,64,HErr,HERR,name:Luther-divine-capitalization
Ps.69.14,15,19,15,19,HErr,HERR,name:Luther-divine-capitalization
Ps.69.17,13,17,13,17,HErr,HERR,name:Luther-divine-capitalization
Ps.69.32,13,18,13,18,HErrn,HERRN,name:Luther-divine-capitalization
Ps.69.34,9,13,9,13,HErr,HERR,name:Luther-divine-capitalization
Ps.70.2,30,34,30,34,HErr,HERR,name:Luther-divine-capitalization
Ps.71.1,0,4,0,4,HErr,HERR,name:Luther-divine-capitalization
Ps.71.5,36,40,36,40,HErr,HERR,name:Luther-divine-capitalization
Ps.71.16,39,44,39,44,HErrn,HERRN,name:Luther-divine-capitalization
Ps.72.18,21,25,21,25,HErr,HERR,name:Luther-divine-capitalization
Ps.73.20,49,53,49,53,HErr,HERR,name:Luther-divine-capitalization
Ps.73.28,96,101,96,101,HErrn,HERRN,name:Luther-divine-capitalization
Ps.74.18,40,45,40,45,HErrn,HERRN,name:Luther-divine-capitalization
Ps.75.9,9,13,9,13,HErr,HERR,name:Luther-divine-capitalization
Ps.76.12,23,28,23,28,HErrn,HERRN,name:Luther-divine-capitalization
Ps.77.3,34,39,34,39,HErrn,HERRN,name:Luther-divine-capitalization
Ps.77.8,14,18,14,18,HErr,HERR,name:Luther-divine-capitalization
Ps.77.12,35,40,35,40,HErrn,HERRN,name:Luther-divine-capitalization
Ps.78.4,100,105,100,105,HErrn,HERRN,name:Luther-divine-capitalization
Ps.78.21,15,19,15,19,HErr,HERR,name:Luther-divine-capitalization
Ps.78.47,66,74,66,75,Schloßen,Schlossen,orthography:wordlist
Ps.78.65,8,12,8,12,HErr,HERR,name:Luther-divine-capitalization
Ps.79.5,0,4,0,4,HErr,HERR,name:Luther-divine-capitalization
Ps.79.12,87,91,87,91,HErr,HERR,name:Luther-divine-capitalization
Ps.80.5,0,4,0,4,HErr,HERR,name:Luther-divine-capitalization
Ps.80.20,0,4,0,4,HErr,HERR,name:Luther-divine-capitalization
Ps.81.11,12,16,12,16,HErr,HERR,name:Luther-divine-capitalization
Ps.81.16,19,24,19,24,HErrn,HERRN,name:Luther-divine-capitalization
Ps.83.17,78,82,78,82,HErr,HERR,name:Luther-divine-capitalization
Ps.83.19,57,61,57,61,HErr,HERR,name:Luther-divine-capitalization
Ps.84.2,35,39,35,39,HErr,HERR,name:Luther-divine-capitalization
Ps.84.3,58,63,58,63,HErrn,HERRN,name:Luther-divine-capitalization
Ps.84.4,99,103,99,103,HErr,HERR,name:Luther-divine-capitalization
Ps.84.9,0,4,0,4,HErr,HERR,name:Luther-divine-capitalization
Ps.84.12,14,18,14,18,HErr,HERR,name:Luther-divine-capitalization
Ps.84.12,45,49,45,49,HErr,HERR,name:Luther-divine-capitalization
Ps.84.13,0,4,0,4,HErr,HERR,name:Luther-divine-capitalization
Ps.85.2,0,4,0,4,HErr,HERR,name:Luther-divine-capitalization
Ps.85.8,0,4,0,4,HErr,HERR,name:Luther-divine-capitalization
Ps.85.9,41,45,41,45,HErr,HERR,name:Luther-divine-capitalization
Ps.85.13,18,22,18,22,HErr,HERR,name:Luther-divine-capitalization
Ps.86.1,18,22,18,22,HErr,HERR,name:Luther-divine-capitalization
Ps.86.3,0,4,0,4,HErr,HERR,name:Luther-divine-capitalization
Ps.86.4,50,54,50,54,HErr,HERR,name:Luther-divine-capitalization
Ps.86.5,9,13,9,13,HErr,HERR,name:Luther-divine-capitalization
Ps.86.6,9,13,9,13,HErr,HERR,name:Luther-divine-capitalization
Ps.86.8,0,4,0,4,HErr,HERR,name:Luther-divine-capitalization
Ps.86.9,68,72,68,72,HErr,HERR,name:Luther-divine-capitalization
Ps.86.11,11,15,11,15,HErr,HERR,name:Luther-divine-capitalization
Ps.86.12,15,19,15,19,HErr,HERR,name:Luther-divine-capitalization
Ps.86.15,9,13,9,13,HErr,HERR,name:Luther-divine-capitalization
Ps.86.17,125,129,125,129,HErr,HERR,name:Luther-divine-capitalization
Ps.87.2,4,8,4,8,HErr,HERR,name:Luther-divine-capitalization
Ps.87.6,4,8,4,8,HErr,HERR,name:Luther-divine-capitalization
Ps.88.2,0,4,0,4,HErr,HERR,name:Luther-divine-capitalization
Ps.88.10,40,44,40,44,HErr,HERR,name:Luther-divine-capitalization
Ps.88.14,25,29,25,29,HErr,HERR,name:Luther-divine-capitalization
Ps.88.15,21,25,21,25,HErr,HERR,name:Luther-divine-capitalization
Ps.89.2,34,39,34,39,HErrn,HERRN,name:Luther-divine-capitalization
Ps.89.6,23,27,23,27,HErr,HERR,name:Luther-divine-capitalization
Ps.89.7,31,36,31,36,HErrn,HERRN,name:Luther-divine-capitalization
Ps.89.7,97,102,97,102,HErrn,HERRN,name:Luther-divine-capitalization
Ps.89.9,0,4,0,4,HErr,HERR,name:Luther-divine-capitalization
Ps.89.16,34,38,34,38,HErr,HERR,name:Luther-divine-capitalization
Ps.89.19,9,14,9,14,HErrn,HERRN,name:Luther-divine-capitalization
Ps.89.47,0,4,0,4,HErr,HERR,name:Luther-divine-capitalization
Ps.89.50,0,4,0,4,HErr,HERR,name:Luther-divine-capitalization
Ps.89.51,9,13,9,13,HErr,HERR,name:Luther-divine-capitalization
Ps.89.52,9,13,9,13,HErr,HERR,name:Luther-divine-capitalization
Ps.89.53,16,20,16,20,HErr,HERR,name:Luther-divine-capitalization
Ps.90.1,36,40,36,40,HErr,HERR,name:Luther-divine-capitalization
Ps.90.13,0,4,0,4,HErr,HERR,name:Luther-divine-capitalization
Ps.90.17,8,12,8,12,HErr,HERR,name:Luther-divine-capitalization
Ps.91.2,19,24,19,24,HErrn,HERRN,name:Luther-divine-capitalization
Ps.91.9,9,13,9,13,HErr,HERR,name:Luther-divine-capitalization
Ps.92.2,31,36,31,36,HErrn,HERRN,name:Luther-divine-capitalization
Ps.92.5,6,10,6,10,HErr,HERR,name:Luther-divine-capitalization
Ps.92.6,0,4,0,4,HErr,HERR,name:Luther-divine-capitalization
Ps.92.9,9,13,9,13,HErr,HERR,name:Luther-divine-capitalization
Ps.92.10,26,30,26,30,HErr,HERR,name:Luther-divine-capitalization
Ps.92.14,36,41,36,41,HErrn,HERRN,name:Luther-divine-capitalization
Ps.92.16,31,35,31,35,HErr,HERR,name:Luther-divine-capitalization
Ps.93.1,4,8,4,8,HErr,HERR,name:Luther-divine-capitalization
Ps.93.1,48,52,48,52,HErr,HERR,name:Luther-divine-capitalization
Ps.93.3,0,4,0,4,HErr,HERR,name:Luther-divine-capitalization
Ps.93.4,59,63,59,63,HErr,HERR,name:Luther-divine-capitalization
Ps.93.5,76,80,76,80,HErr,HERR,name:Luther-divine-capitalization
Ps.94.1,0,4,0,4,HErr,HERR,name:Luther-divine-capitalization
Ps.94.3,0,4,0,4,HErr,HERR,name:Luther-divine-capitalization
Ps.94.5,0,4,0,4,HErr,HERR,name:Luther-divine-capitalization
Ps.94.7,16,20,16,20,HErr,HERR,name:Luther-divine-capitalization
Ps.94.11,9,13,9,13,HErr,HERR,name:Luther-divine-capitalization
Ps.94.12,18,22,18,22,HErr,HERR,name:Luther-divine-capitalization
Ps.94.14,9,13,9,13,HErr,HERR,name:Luther-divine-capitalization
Ps.94.17,7,11,7,11,HErr,HERR,name:Luther-divine-capitalization
Ps.94.18,57,61,57,61,HErr,HERR,name:Luther-divine-capitalization
Ps.94.22,9,13,9,13,HErr,HERR,name:Luther-divine-capitalization
Ps.94.23,84,88,84,88,HErr,HERR,name:Luther-divine-capitalization
Ps.95.1,27,32,27,32,HErrn,HERRN,name:Luther-divine-capitalization
Ps.95.3,9,13,9,13,HErr,HERR,name:Luther-divine-capitalization
Ps.95.6,60,65,60,65,HErrn,HERRN,name:Luther-divine-capitalization
Ps.96.1,11,16,11,16,HErrn,HERRN,name:Luther-divine-capitalization
Ps.96.1,44,49,44,49,HErrn,HERRN,name:Luther-divine-capitalization
Ps.96.2,11,16,11,16,HErrn,HERRN,name:Luther-divine-capitalization
Ps.96.4,9,13,9,13,HErr,HERR,name:Luther-divine-capitalization
Ps.96.5,50,54,50,54,HErr,HERR,name:Luther-divine-capitalization
Ps.96.7,28,33,28,33,HErrn,HERRN,name:Luther-divine-capitalization
Ps.96.7,51,56,51,56,HErrn,HERRN,name:Luther-divine-capitalization
Ps.96.8,16,21,16,21,HErrn,HERRN,name:Luther-divine-capitalization
Ps.96.9,13,18,13,18,HErrn,HERRN,name:Luther-divine-capitalization
Ps.96.10,33,37,33,37,HErr,HERR,name:Luther-divine-capitalization
Ps.96.13,8,13,8,13,HErrn,HERRN,name:Luther-divine-capitalization
Ps.97.1,4,8,4,8,HErr,HERR,name:Luther-divine-capitalization
Ps.97.5,37,42,37,42,HErrn,HERRN,name:Luther-divine-capitalization
Ps.97.8,64,68,64,68,HErr,HERR,name:Luther-divine-capitalization
Ps.97.9,9,13,9,13,HErr,HERR,name:Luther-divine-capitalization
Ps.97.10,12,17,12,17,HErrn,HERRN,name:Luther-divine-capitalization
Ps.97.10,47,51,47,51,HErr,HERR,name:Luther-divine-capitalization
Ps.97.12,30,35,30,35,HErrn,HERRN,name:Luther-divine-capitalization
Ps.98.1,22,27,22,27,HErrn,HERRN,name:Luther-divine-capitalization
Ps.98.2,4,8,4,8,HErr,HERR,name:Luther-divine-capitalization
Ps.98.4,13,18,13,18,HErrn,HERRN,name:Luther-divine-capitalization
Ps.98.5,10,15,10,15,HErrn,HERRN,name:Luther-divine-capitalization
Ps.98.6,44,49,44,49,HErrn,HERRN,name:Luther-divine-capitalization
Ps.98.9,8,13,8,13,HErrn,HERRN,name:Luther-divine-capitalization
Ps.99.1,4,8,4,8,HErr,HERR,name:Luther-divine-capitalization
Ps.99.2,4,8,4,8,HErr,HERR,name:Luther-divine-capitalization
Ps.99.5,12,17,12,17,HErrn,HERRN,name:Luther-divine-capitalization
Ps.99.6,106,111,106,111,HErrn,HERRN,name:Luther-divine-capitalization
Ps.99.8,0,4,0,4,HErr,HERR,name:Luther-divine-capitalization
Ps.99.9,12,17,12,17,HErrn,HERRN,name:Luther-divine-capitalization
Ps.99.9,81,85,81,85,HErr,HERR,name:Luther-divine-capitalization
Ps.100.1,28,33,28,33,HErrn,HERRN,name:Luther-divine-capitalization
Ps.100.2,11,16,11,16,HErrn,HERRN,name:Luther-divine-capitalization
Ps.100.3,19,23,19,23,HErr,HERR,name:Luther-divine-capitalization
Ps.100.5,9,13,9,13,HErr,HERR,name:Luther-divine-capitalization
Ps.101.1,63,67,63,67,HErr,HERR,name:Luther-divine-capitalization
Ps.101.8,108,113,108,113,HErrn,HERRN,name:Luther-divine-capitalization
Ps.102.1,65,70,65,70,HErrn,HERRN,name:Luther-divine-capitalization
Ps.102.2,0,4,0,4,HErr,HERR,name:Luther-divine-capitalization
Ps.102.13,9,13,9,13,HErr,HERR,name:Luther-divine-capitalization
Ps.102.16,30,35,30,35,HErrn,HERRN,name:Luther-divine-capitalization
Ps.102.17,9,13,9,13,HErr,HERR,name:Luther-divine-capitalization
Ps.102.19,93,98,93,98,HErrn,HERRN,name:Luther-divine-capitalization
Ps.102.20,49,53,49,53,HErr,HERR,name:Luther-divine-capitalization
Ps.102.22,44,49,44,49,HErrn,HERRN,name:Luther-divine-capitalization
Ps.102.23,56,61,56,61,HErrn,HERRN,name:Luther-divine-capitalization
Ps.103.1,27,32,27,32,HErrn,HERRN,name:Luther-divine-capitalization
Ps.103.2,9,14,9,14,HErrn,HERRN,name:Luther-divine-capitalization
Ps.103.6,4,8,4,8,HErr,HERR,name:Luther-divine-capitalization
Ps.103.8,30,34,30,34,HErr,HERR,name:Luther-divine-capitalization
Ps.103.13,60,64,60,64,HErr,HERR,name:Luther-divine-capitalization
Ps.103.17,19,24,19,24,HErrn,HERRN,name:Luther-divine-capitalization
Ps.103.19,4,8,4,8,HErr,HERR,name:Luther-divine-capitalization
Ps.103.20,10,15,10,15,HErrn,HERRN,name:Luther-divine-capitalization
Ps.103.21,10,15,10,15,HErrn,HERRN,name:Luther-divine-capitalization
Ps.103.22,10,15,10,15,HErrn,HERRN,name:Luther-divine-capitalization
Ps.103.22,78,83,78,83,HErrn,HERRN,name:Luther-divine-capitalization
Ps.104.1,9,14,9,14,HErrn,HERRN,name:Luther-divine-capitalization
Ps.104.1,29,33,29,33,HErr,HERR,name:Luther-divine-capitalization
Ps.104.16,19,24,19,24,HErrn,HERRN,name:Luther-divine-capitalization
Ps.104.18,25,31,25,31,Gemsen,Gämsen,orthography:wordlist
Ps.104.24,0,4,0,4,HErr,HERR,name:Luther-divine-capitalization
Ps.104.31,13,18,13,18,HErrn,HERRN,name:Luther-divine-capitalization
Ps.104.31,33,37,33,37,HErr,HERR,name:Luther-divine-capitalization
Ps.104.33,13,18,13,18,HErrn,HERRN,name:Luther-divine-capitalization
Ps.104.34,55,60,55,60,HErrn,HERRN,name:Luther-divine-capitalization
Ps.104.35,88,93,88,93,HErrn,HERRN,name:Luther-divine-capitalization
Ps.105.1,11,16,11,16,HErrn,HERRN,name:Luther-divine-capitalization
Ps.105.3,68,73,68,73,HErrn,HERRN,name:Luther-divine-capitalization
Ps.105.4,16,21,16,21,HErrn,HERRN,name:Luther-divine-capitalization
Ps.105.7,11,15,11,15,HErr,HERR,name:Luther-divine-capitalization
Ps.105.19,40,45,40,45,HErrn,HERRN,name:Luther-divine-capitalization
Ps.105.20,51,55,51,55,HErr,HERR,name:Luther-divine-capitalization
Ps.106.1,22,27,22,27,HErrn,HERRN,name:Luther-divine-capitalization
Ps.106.2,30,35,30,35,HErrn,HERRN,name:Luther-divine-capitalization
Ps.106.4,0,4,0,4,HErr,HERR,name:Luther-divine-capitalization
Ps.106.16,73,78,73,78,HErrn,HERRN,name:Luther-divine-capitalization
Ps.106.25,59,64,59,64,HErrn,HERRN,name:Luther-divine-capitalization
Ps.106.34,55,59,55,59,HErr,HERR,name:Luther-divine-capitalization
Ps.106.40,26,31,26,31,HErrn,HERRN,name:Luther-divine-capitalization
Ps.106.47,10,14,10,14,HErr,HERR,name:Luther-divine-capitalization
Ps.106.48,16,20,16,20,HErr,HERR,name:Luther-divine-capitalization
Ps.107.1,11,16,11,16,HErrn,HERRN,name:Luther-divine-capitalization
Ps.107.2,43,48,43,48,HErrn,HERRN,name:Luther-divine-capitalization
Ps.107.6,8,13,8,13,HErrn,HERRN,name:Luther-divine-capitalization
Ps.107.8,15,20,15,20,HErrn,HERRN,name:Luther-divine-capitalization
Ps.107.13,8,13,8,13,HErrn,HERRN,name:Luther-divine-capitalization
Ps.107.15,15,20,15,20,HErrn,HERRN,name:Luther-divine-capitalization
Ps.107.19,8,13,8,13,HErrn,HERRN,name:Luther-divine-capitalization
Ps.107.21,15,20,15,20,HErrn,HERRN,name:Luther-divine-capitalization
Ps.107.24,8,13,8,13,HErrn,HERRN,name:Luther-divine-capitalization
Ps.107.28,8,13,8,13,HErrn,HERRN,name:Luther-divine-capitalization
Ps.107.31,15,20,15,20,HErrn,HERRN,name:Luther-divine-capitalization
Ps.107.43,76,80,76,80,HErr,HERR,name:Luther-divine-capitalization
Ps.108.4,21,25,21,25,HErr,HERR,name:Luther-divine-capitalization
Ps.109.9,38,42,38,43,sein,seine,grammar:Frau-determiner
Ps.109.9,43,47,44,48,Weib,Frau,word:Weib-Frau
Ps.109.14,51,56,51,56,HErrn,HERRN,name:Luther-divine-capitalization
Ps.109.15,4,8,4,8,HErr,HERR,name:Luther-divine-capitalization
Ps.109.20,22,27,22,27,HErrn,HERRN,name:Luther-divine-capitalization
Ps.109.21,14,18,14,18,HErr,HERR,name:Luther-divine-capitalization
Ps.109.26,15,19,15,19,HErr,HERR,name:Luther-divine-capitalization
Ps.109.27,56,60,56,60,HErr,HERR,name:Luther-divine-capitalization
Ps.109.30,13,18,13,18,HErrn,HERRN,name:Luther-divine-capitalization
Ps.110.1,22,26,22,26,HErr,HERR,name:Luther-divine-capitalization
Ps.110.2,4,8,4,8,HErr,HERR,name:Luther-divine-capitalization
Ps.110.4,4,8,4,8,HErr,HERR,name:Luther-divine-capitalization
Ps.110.5,4,8,4,8,HErr,HERR,name:Luther-divine-capitalization
Ps.111.1,25,30,25,30,HErrn,HERRN,name:Luther-divine-capitalization
Ps.111.2,24,29,24,29,HErrn,HERRN,name:Luther-divine-capitalization
Ps.111.4,75,79,75,79,HErr,HERR,name:Luther-divine-capitalization
Ps.111.10,15,20,15,20,HErrn,HERRN,name:Luther-divine-capitalization
Ps.112.1,29,34,29,34,HErrn,HERRN,name:Luther-divine-capitalization
Ps.112.7,90,95,90,95,HErrn,HERRN,name:Luther-divine-capitalization
Ps.113.1,34,39,34,39,HErrn,HERRN,name:Luther-divine-capitalization
Ps.113.1,61,66,61,66,HErrn,HERRN,name:Luther-divine-capitalization
Ps.113.2,16,21,16,21,HErrn,HERRN,name:Luther-divine-capitalization
Ps.113.3,71,76,71,76,HErrn,HERRN,name:Luther-divine-capitalization
Ps.113.4,4,8,4,8,HErr,HERR,name:Luther-divine-capitalization
Ps.113.5,16,20,16,20,HErr,HERR,name:Luther-divine-capitalization
Ps.114.7,8,13,8,13,HErrn,HERRN,name:Luther-divine-capitalization
Ps.115.1,11,15,11,15,HErr,HERR,name:Luther-divine-capitalization
Ps.115.9,26,31,26,31,HErrn,HERRN,name:Luther-divine-capitalization
Ps.115.10,29,34,29,34,HErrn,HERRN,name:Luther-divine-capitalization
Ps.115.11,8,13,8,13,HErrn,HERRN,name:Luther-divine-capitalization
Ps.115.11,39,44,39,44,HErrn,HERRN,name:Luther-divine-capitalization
Ps.115.12,4,8,4,8,HErr,HERR,name:Luther-divine-capitalization
Ps.115.13,19,24,19,24,HErrn,HERRN,name:Luther-divine-capitalization
Ps.115.14,4,8,4,8,HErr,HERR,name:Luther-divine-capitalization
Ps.115.15,28,33,28,33,HErrn,HERRN,name:Luther-divine-capitalization
Ps.115.16,32,37,32,37,HErrn,HERRN,name:Luther-divine-capitalization
Ps.115.17,23,27,23,27,HErr,HERR,name:Luther-divine-capitalization
Ps.115.18,22,27,22,27,HErrn,HERRN,name:Luther-divine-capitalization
Ps.116.1,27,31,27,31,HErr,HERR,name:Luther-divine-capitalization
Ps.116.4,31,36,31,36,HErrn,HERRN,name:Luther-divine-capitalization
Ps.116.4,40,44,40,44,HErr,HERR,name:Luther-divine-capitalization
Ps.116.5,4,8,4,8,HErr,HERR,name:Luther-divine-capitalization
Ps.116.6,4,8,4,8,HErr,HERR,name:Luther-divine-capitalization
Ps.116.7,48,52,48,52,HErr,HERR,name:Luther-divine-capitalization
Ps.116.9,26,31,26,31,HErrn,HERRN,name:Luther-divine-capitalization
Ps.116.12,17,22,17,22,HErrn,HERRN,name:Luther-divine-capitalization
Ps.116.13,44,49,44,49,HErrn,HERRN,name:Luther-divine-capitalization
Ps.116.14,27,32,27,32,HErrn,HERRN,name:Luther-divine-capitalization
Ps.116.15,49,54,49,54,HErrn,HERRN,name:Luther-divine-capitalization
Ps.116.16,2,6,2,6,HErr,HERR,name:Luther-divine-capitalization
Ps.116.17,33,38,33,38,HErrn,HERRN,name:Luther-divine-capitalization
Ps.116.18,27,32,27,32,HErrn,HERRN,name:Luther-divine-capitalization
Ps.116.19,26,31,26,31,HErrn,HERRN,name:Luther-divine-capitalization
Ps.117.1,10,15,10,15,HErrn,HERRN,name:Luther-divine-capitalization
Ps.118.1,11,16,11,16,HErrn,HERRN,name:Luther-divine-capitalization
Ps.118.4,22,27,22,27,HErrn,HERRN,name:Luther-divine-capitalization
Ps.118.5,26,31,26,31,HErrn,HERRN,name:Luther-divine-capitalization
Ps.118.5,44,48,44,48,HErr,HERR,name:Luther-divine-capitalization
Ps.118.6,4,8,4,8,HErr,HERR,name:Luther-divine-capitalization
Ps.118.7,4,8,4,8,HErr,HERR,name:Luther-divine-capitalization
Ps.118.8,20,25,20,25,HErrn,HERRN,name:Luther-divine-capitalization
Ps.118.9,19,24,19,24,HErrn,HERRN,name:Luther-divine-capitalization
Ps.118.10,44,49,44,49,HErrn,HERRN,name:Luther-divine-capitalization
Ps.118.11,49,54,49,54,HErrn,HERRN,name:Luther-divine-capitalization
Ps.118.12,86,91,86,91,HErrn,HERRN,name:Luther-divine-capitalization
Ps.118.13,47,51,47,51,HErr,HERR,name:Luther-divine-capitalization
Ps.118.14,4,8,4,8,HErr,HERR,name:Luther-divine-capitalization
Ps.118.15,76,81,76,81,HErrn,HERRN,name:Luther-divine-capitalization
Ps.118.16,15,20,15,20,HErrn,HERRN,name:Luther-divine-capitalization
Ps.118.16,48,53,48,53,HErrn,HERRN,name:Luther-divine-capitalization
Ps.118.17,47,52,47,52,HErrn,HERRN,name:Luther-divine-capitalization
Ps.118.18,4,8,4,8,HErr,HERR,name:Luther-divine-capitalization
Ps.118.19,71,76,71,76,HErrn,HERRN,name:Luther-divine-capitalization
Ps.118.20,20,25,20,25,HErrn,HERRN,name:Luther-divine-capitalization
Ps.118.23,12,17,12,17,HErrn,HERRN,name:Luther-divine-capitalization
Ps.118.24,26,30,26,30,HErr,HERR,name:Luther-divine-capitalization
Ps.118.25,2,6,2,6,HErr,HERR,name:Luther-divine-capitalization
Ps.118.25,16,20,16,20,HErr,HERR,name:Luther-divine-capitalization
Ps.118.26,38,43,38,43,HErrn,HERRN,name:Luther-divine-capitalization
Ps.118.26,84,89,84,89,HErrn,HERRN,name:Luther-divine-capitalization
Ps.118.27,4,8,4,8,HErr,HERR,name:Luther-divine-capitalization
Ps.118.29,11,16,11,16,HErrn,HERRN,name:Luther-divine-capitalization
Ps.119.1,52,57,52,57,HErrn,HERRN,name:Luther-divine-capitalization
Ps.119.12,18,22,18,22,HErr,HERR,name:Luther-divine-capitalization
Ps.119.31,32,36,32,36,HErr,HERR,name:Luther-divine-capitalization
Ps.119.33,11,15,11,15,HErr,HERR,name:Luther-divine-capitalization
Ps.119.41,0,4,0,4,HErr,HERR,name:Luther-divine-capitalization
Ps.119.52,0,4,0,4,HErr,HERR,name:Luther-divine-capitalization
Ps.119.55,0,4,0,4,HErr,HERR,name:Luther-divine-capitalization
Ps.119.57,18,22,18,22,HErr,HERR,name:Luther-divine-capitalization
Ps.119.64,0,4,0,4,HErr,HERR,name:Luther-divine-capitalization
Ps.119.65,30,34,30,34,HErr,HERR,name:Luther-divine-capitalization
Ps.119.75,0,4,0,4,HErr,HERR,name:Luther-divine-capitalization
Ps.119.89,0,4,0,4,HErr,HERR,name:Luther-divine-capitalization
Ps.119.107,25,29,25,29,HErr,HERR,name:Luther-divine-capitalization
Ps.119.108,19,23,19,23,HErr,HERR,name:Luther-divine-capitalization
Ps.119.126,22,26,22,26,HErr,HERR,name:Luther-divine-capitalization
Ps.119.137,0,4,0,4,HErr,HERR,name:Luther-divine-capitalization
Ps.119.145,41,45,41,45,HErr,HERR,name:Luther-divine-capitalization
Ps.119.149,37,41,37,41,HErr,HERR,name:Luther-divine-capitalization
Ps.119.151,0,4,0,4,HErr,HERR,name:Luther-divine-capitalization
Ps.119.156,0,4,0,4,HErr,HERR,name:Luther-divine-capitalization
Ps.119.159,32,36,32,36,HErr,HERR,name:Luther-divine-capitalization
Ps.119.166,0,4,0,4,HErr,HERR,name:Luther-divine-capitalization
Ps.119.169,0,4,0,4,HErr,HERR,name:Luther-divine-capitalization
Ps.119.174,0,4,0,4,HErr,HERR,name:Luther-divine-capitalization
Ps.120.1,41,46,41,46,HErrn,HERRN,name:Luther-divine-capitalization
Ps.120.2,0,4,0,4,HErr,HERR,name:Luther-divine-capitalization
Ps.121.2,26,31,26,31,HErrn,HERRN,name:Luther-divine-capitalization
Ps.121.5,4,8,4,8,HErr,HERR,name:Luther-divine-capitalization
Ps.121.5,27,31,27,31,HErr,HERR,name:Luther-divine-capitalization
Ps.121.7,4,8,4,8,HErr,HERR,name:Luther-divine-capitalization
Ps.121.8,4,8,4,8,HErr,HERR,name:Luther-divine-capitalization
Ps.122.1,98,103,98,103,HErrn,HERRN,name:Luther-divine-capitalization
Ps.122.4,42,47,42,47,HErrn,HERRN,name:Luther-divine-capitalization
Ps.122.9,25,30,25,30,HErrn,HERRN,name:Luther-divine-capitalization
Ps.123.2,148,153,148,153,HErrn,HERRN,name:Luther-divine-capitalization
Ps.123.3,16,20,16,20,HErr,HERR,name:Luther-divine-capitalization
Ps.124.1,39,43,39,43,HErr,HERR,name:Luther-divine-capitalization
Ps.124.2,9,13,9,13,HErr,HERR,name:Luther-divine-capitalization
Ps.124.6,16,20,16,20,HErr,HERR,name:Luther-divine-capitalization
Ps.124.8,32,37,32,37,HErrn,HERRN,name:Luther-divine-capitalization
Ps.125.1,37,42,37,42,HErrn,HERRN,name:Luther-divine-capitalization
Ps.125.2,37,41,37,41,HErr,HERR,name:Luther-divine-capitalization
Ps.125.4,0,4,0,4,HErr,HERR,name:Luther-divine-capitalization
Ps.125.5,51,55,51,55,HErr,HERR,name:Luther-divine-capitalization
Ps.126.1,34,38,34,38,HErr,HERR,name:Luther-divine-capitalization
Ps.126.2,110,114,110,114,HErr,HERR,name:Luther-divine-capitalization
Ps.126.3,4,8,4,8,HErr,HERR,name:Luther-divine-capitalization
Ps.126.4,0,4,0,4,HErr,HERR,name:Luther-divine-capitalization
Ps.127.1,40,44,40,44,HErr,HERR,name:Luther-divine-capitalization
Ps.127.1,111,115,111,115,HErr,HERR,name:Luther-divine-capitalization
Ps.127.3,33,38,33,38,HErrn,HERRN,name:Luther-divine-capitalization
Ps.128.1,43,48,43,48,HErrn,HERRN,name:Luther-divine-capitalization
Ps.128.3,0,4,0,5,Dein,Deine,grammar:Frau-determiner
Ps.128.3,5,9,6,10,Weib,Frau,word:Weib-Frau
Ps.128.4,44,49,44,49,HErrn,HERRN,name:Luther-divine-capitalization
Ps.128.5,4,8,4,8,HErr,HERR,name:Luther-divine-capitalization
Ps.129.4,4,8,4,8,HErr,HERR,name:Luther-divine-capitalization
Ps.129.8,52,57,52,57,HErrn,HERRN,name:Luther-divine-capitalization
Ps.129.8,102,107,102,107,HErrn,HERRN,name:Luther-divine-capitalization
Ps.130.1,49,53,49,53,HErr,HERR,name:Luther-divine-capitalization
Ps.130.2,0,4,0,4,HErr,HERR,name:Luther-divine-capitalization
Ps.130.3,16,20,16,20,HErr,HERR,name:Luther-divine-capitalization
Ps.130.3,40,44,40,44,HErr,HERR,name:Luther-divine-capitalization
Ps.130.5,14,19,14,19,HErrn,HERRN,name:Luther-divine-capitalization
Ps.130.6,27,32,27,32,HErrn,HERRN,name:Luther-divine-capitalization
Ps.130.7,22,27,22,27,HErrn,HERRN,name:Luther-divine-capitalization
Ps.130.7,42,47,42,47,HErrn,HERRN,name:Luther-divine-capitalization
Ps.131.1,32,36,32,36,HErr,HERR,name:Luther-divine-capitalization
Ps.131.3,22,27,22,27,HErrn,HERRN,name:Luther-divine-capitalization
Ps.132.1,34,38,34,38,HErr,HERR,name:Luther-divine-capitalization
Ps.132.2,8,13,8,13,HErrn,HERRN,name:Luther-divine-capitalization
Ps.132.5,34,39,34,39,HErrn,HERRN,name:Luther-divine-capitalization
Ps.132.8,0,4,0,4,HErr,HERR,name:Luther-divine-capitalization
Ps.132.11,4,8,4,8,HErr,HERR,name:Luther-divine-capitalization
Ps.132.13,9,13,9,13,HErr,HERR,name:Luther-divine-capitalization
Ps.133.3,87,91,87,91,HErr,HERR,name:Luther-divine-capitalization
Ps.134.1,42,47,42,47,HErrn,HERRN,name:Luther-divine-capitalization
Ps.134.1,66,71,66,71,HErrn,HERRN,name:Luther-divine-capitalization
Ps.134.1,112,117,112,117,HErrn,HERRN,name:Luther-divine-capitalization
Ps.134.2,48,53,48,53,HErrn,HERRN,name:Luther-divine-capitalization
Ps.134.3,4,8,4,8,HErr,HERR,name:Luther-divine-capitalization
Ps.135.1,31,36,31,36,HErrn,HERRN,name:Luther-divine-capitalization
Ps.135.1,61,66,61,66,HErrn,HERRN,name:Luther-divine-capitalization
Ps.135.2,28,33,28,33,HErrn,HERRN,name:Luther-divine-capitalization
Ps.135.3,10,15,10,15,HErrn,HERRN,name:Luther-divine-capitalization
Ps.135.3,26,30,26,30,HErr,HERR,name:Luther-divine-capitalization
Ps.135.4,9,13,9,13,HErr,HERR,name:Luther-divine-capitalization
Ps.135.5,24,28,24,28,HErr,HERR,name:Luther-divine-capitalization
Ps.135.5,48,52,48,52,HErr,HERR,name:Luther-divine-capitalization
Ps.135.13,0,4,0,4,HErr,HERR,name:Luther-divine-capitalization
Ps.135.13,50,54,50,54,HErr,HERR,name:Luther-divine-capitalization
Ps.135.14,9,13,9,13,HErr,HERR,name:Luther-divine-capitalization
Ps.135.19,25,30,25,30,HErrn,HERRN,name:Luther-divine-capitalization
Ps.135.19,42,47,42,47,HErrn,HERRN,name:Luther-divine-capitalization
Ps.135.20,30,35,30,35,HErrn,HERRN,name:Luther-divine-capitalization
Ps.135.20,49,54,49,54,HErrn,HERRN,name:Luther-divine-capitalization
Ps.135.20,75,80,75,80,HErrn,HERRN,name:Luther-divine-capitalization
Ps.135.21,16,20,16,20,HErr,HERR,name:Luther-divine-capitalization
Ps.136.1,11,16,11,16,HErrn,HERRN,name:Luther-divine-capitalization
Ps.136.3,11,16,11,16,HErrn,HERRN,name:Luther-divine-capitalization
Ps.137.4,20,25,20,25,HErrn,HERRN,name:Luther-divine-capitalization
Ps.137.7,0,4,0,4,HErr,HERR,name:Luther-divine-capitalization
Ps.138.4,15,19,15,19,HErr,HERR,name:Luther-divine-capitalization
Ps.138.5,29,34,29,34,HErrn,HERRN,name:Luther-divine-capitalization
Ps.138.5,54,59,54,59,HErrn,HERRN,name:Luther-divine-capitalization
Ps.138.6,9,13,9,13,HErr,HERR,name:Luther-divine-capitalization
Ps.138.8,4,8,4,8,HErr,HERR,name:Luther-divine-capitalization
Ps.138.8,37,41,37,41,HErr,HERR,name:Luther-divine-capitalization
Ps.139.1,31,35,31,35,HErr,HERR,name:Luther-divine-capitalization
Ps.139.4,55,59,55,59,HErr,HERR,name:Luther-divine-capitalization
Ps.139.21,14,18,14,18,HErr,HERR,name:Luther-divine-capitalization
Ps.140.2,14,18,14,18,HErr,HERR,name:Luther-divine-capitalization
Ps.140.5,14,18,14,18,HErr,HERR,name:Luther-divine-capitalization
Ps.140.7,18,23,18,23,HErrn,HERRN,name:Luther-divine-capitalization
Ps.140.7,44,48,44,48,HErr,HERR,name:Luther-divine-capitalization
Ps.140.8,0,4,0,4,HErr,HERR,name:Luther-divine-capitalization
Ps.140.9,0,4,0,4,HErr,HERR,name:Luther-divine-capitalization
Ps.140.13,24,28,24,28,HErr,HERR,name:Luther-divine-capitalization
Ps.141.1,18,22,18,22,HErr,HERR,name:Luther-divine-capitalization
Ps.141.3,0,4,0,4,HErr,HERR,name:Luther-divine-capitalization
Ps.141.8,15,19,15,19,HErr,HERR,name:Luther-divine-capitalization
Ps.142.2,16,21,16,21,HErrn,HERRN,name:Luther-divine-capitalization
Ps.142.2,55,60,55,60,HErrn,HERRN,name:Luther-divine-capitalization
Ps.142.6,0,4,0,4,HErr,HERR,name:Luther-divine-capitalization
Ps.143.1,18,22,18,22,HErr,HERR,name:Luther-divine-capitalization
Ps.143.7,0,4,0,4,HErr,HERR,name:Luther-divine-capitalization
Ps.143.11,0,4,0,4,HErr,HERR,name:Luther-divine-capitalization
Ps.144.1,34,38,34,38,HErr,HERR,name:Luther-divine-capitalization
Ps.144.3,0,4,0,4,HErr,HERR,name:Luther-divine-capitalization
Ps.144.5,0,4,0,4,HErr,HERR,name:Luther-divine-capitalization
Ps.144.15,61,65,61,65,HErr,HERR,name:Luther-divine-capitalization
Ps.145.3,4,8,4,8,HErr,HERR,name:Luther-divine-capitalization
Ps.145.8,30,34,30,34,HErr,HERR,name:Luther-divine-capitalization
Ps.145.9,4,8,4,8,HErr,HERR,name:Luther-divine-capitalization
Ps.145.10,22,26,22,26,HErr,HERR,name:Luther-divine-capitalization
Ps.145.14,4,8,4,8,HErr,HERR,name:Luther-divine-capitalization
Ps.145.17,4,8,4,8,HErr,HERR,name:Luther-divine-capitalization
Ps.145.18,4,8,4,8,HErr,HERR,name:Luther-divine-capitalization
Ps.145.20,4,8,4,8,HErr,HERR,name:Luther-divine-capitalization
Ps.145.21,19,24,19,24,HErrn,HERRN,name:Luther-divine-capitalization
Ps.146.1,20,25,20,25,HErrn,HERRN,name:Luther-divine-capitalization
Ps.146.2,13,18,13,18,HErrn,HERRN,name:Luther-divine-capitalization
Ps.146.5,62,67,62,67,HErrn,HERRN,name:Luther-divine-capitalization
Ps.146.7,74,78,74,78,HErr,HERR,name:Luther-divine-capitalization
Ps.146.8,4,8,4,8,HErr,HERR,name:Luther-divine-capitalization
Ps.146.8,39,43,39,43,HErr,HERR,name:Luther-divine-capitalization
Ps.146.8,88,92,88,92,HErr,HERR,name:Luther-divine-capitalization
Ps.146.9,4,8,4,8,HErr,HERR,name:Luther-divine-capitalization
Ps.146.10,4,8,4,8,HErr,HERR,name:Luther-divine-capitalization
Ps.147.1,10,15,10,15,HErrn,HERRN,name:Luther-divine-capitalization
Ps.147.2,4,8,4,8,HErr,HERR,name:Luther-divine-capitalization
Ps.147.5,6,10,6,10,HErr,HERR,name:Luther-divine-capitalization
Ps.147.6,4,8,4,8,HErr,HERR,name:Luther-divine-capitalization
Ps.147.7,22,27,22,27,HErrn,HERRN,name:Luther-divine-capitalization
Ps.147.11,4,8,4,8,HErr,HERR,name:Luther-divine-capitalization
Ps.147.12,23,28,23,28,HErrn,HERRN,name:Luther-divine-capitalization
Ps.147.17,15,23,15,24,Schloßen,Schlossen,orthography:wordlist
Ps.148.1,31,36,31,36,HErrn,HERRN,name:Luther-divine-capitalization
Ps.148.5,31,36,31,36,HErrn,HERRN,name:Luther-divine-capitalization
Ps.148.7,10,15,10,15,HErrn,HERRN,name:Luther-divine-capitalization
Ps.148.13,31,36,31,36,HErrn,HERRN,name:Luther-divine-capitalization
Ps.149.1,22,27,22,27,HErrn,HERRN,name:Luther-divine-capitalization
Ps.149.4,9,13,9,13,HErr,HERR,name:Luther-divine-capitalization
Ps.150.1,21,26,21,26,HErrn,HERRN,name:Luther-divine-capitalization
Ps.150.6,30,35,30,35,HErrn,HERRN,name:Luther-divine-capitalization
Prov.1.7,4,9,4,9,HErrn,HERRN,name:Luther-divine-capitalization
Prov.1.29,50,55,50,55,HErrn,HERRN,name:Luther-divine-capitalization
Prov.2.5,32,37,32,37,HErrn,HERRN,name:Luther-divine-capitalization
Prov.2.6,9,13,9,13,HErr,HERR,name:Luther-divine-capitalization
Prov.2.16,40,44,40,44,Weib,Frau,word:Weib-Frau
Prov.3.5,21,26,21,26,HErrn,HERRN,name:Luther-divine-capitalization
Prov.3.7,53,58,53,58,HErrn,HERRN,name:Luther-divine-capitalization
Prov.3.9,9,14,9,14,HErrn,HERRN,name:Luther-divine-capitalization
Prov.3.11,33,38,33,38,HErrn,HERRN,name:Luther-divine-capitalization
Prov.3.12,17,21,17,21,HErr,HERR,name:Luther-divine-capitalization
Prov.3.19,9,13,9,13,HErr,HERR,name:Luther-divine-capitalization
Prov.3.26,9,13,9,13,HErr,HERR,name:Luther-divine-capitalization
Prov.3.32,9,13,9,13,HErr,HERR,name:Luther-divine-capitalization
Prov.3.33,41,46,41,46,HErrn,HERRN,name:Luther-divine-capitalization
Prov.5.18,39,42,39,42,des,der,grammar:Frau-determiner
Prov.5.18,43,49,43,47,Weibes,Frau,word:Weib-Frau
Prov.5.21,40,45,40,45,HErrn,HERRN,name:Luther-divine-capitalization
Prov.6.16,29,33,29,33,HErr,HERR,name:Luther-divine-capitalization
Prov.6.24,32,35,32,35,dem,der,grammar:Frau-determiner
Prov.6.24,42,47,42,46,Weibe,Frau,word:Weib-Frau
Prov.6.26,57,61,57,61,Weib,Frau,word:Weib-Frau
Prov.6.29,41,45,41,45,Weib,Frau,word:Weib-Frau
Prov.6.32,13,18,13,18,einem,einer,grammar:Frau-determiner
Prov.6.32,19,24,19,23,Weibe,Frau,word:Weib-Frau
Prov.7.5,28,31,28,31,dem,der,grammar:Frau-determiner
Prov.7.5,40,45,40,44,Weibe,Frau,word:Weib-Frau
Prov.7.10,28,31,28,32,ein,eine,grammar:Frau-determiner
Prov.7.10,32,36,33,37,Weib,Frau,word:Weib-Frau
Prov.8.13,15,20,15,20,HErrn,HERRN,name:Luther-divine-capitalization
Prov.8.22,4,8,4,8,HErr,HERR,name:Luther-divine-capitalization
Prov.8.35,64,69,64,69,HErrn,HERRN,name:Luther-divine-capitalization
Prov.9.10,28,33,28,33,HErrn,HERRN,name:Luther-divine-capitalization
Prov.9.13,27,33,27,32,wildes,wilde,grammar:Frau-adjective
Prov.9.13,34,38,33,37,Weib,Frau,word:Weib-Frau
Prov.10.3,4,8,4,8,HErr,HERR,name:Luther-divine-capitalization
Prov.10.22,14,19,14,19,HErrn,HERRN,name:Luther-divine-capitalization
Prov.10.27,15,20,15,20,HErrn,HERRN,name:Luther-divine-capitalization
Prov.10.29,12,17,12,17,HErrn,HERRN,name:Luther-divine-capitalization
Prov.11.1,22,27,22,27,HErrn,HERRN,name:Luther-divine-capitalization
Prov.11.16,0,3,0,4,Ein,Eine,grammar:Frau-determiner
Prov.11.16,4,13,5,15,holdselig,holdselige,grammar:Frau-adjective
Prov.11.16,14,18,16,20,Weib,Frau,word:Weib-Frau
Prov.11.20,4,8,4,8,HErr,HERR,name:Luther-divine-capitalization
Prov.11.22,0,3,0,4,Ein,Eine,grammar:Frau-determiner
Prov.11.22,4,11,5,11,schönes,schöne,grammar:Frau-adjective
Prov.11.22,12,16,12,16,Weib,Frau,word:Weib-Frau
Prov.12.2,37,42,37,42,HErrn,HERRN,name:Luther-divine-capitalization
Prov.12.4,0,3,0,4,Ein,Eine,grammar:Frau-determiner
Prov.12.4,4,13,5,15,tugendsam,tugendsame,grammar:Frau-adjective
Prov.12.4,14,18,16,20,Weib,Frau,word:Weib-Frau
Prov.12.22,24,29,24,29,HErrn,HERRN,name:Luther-divine-capitalization
Prov.14.1,12,18,12,18,Weiber,Frauen,word:Weib-Frau
Prov.14.2,8,13,8,13,HErrn,HERRN,name:Luther-divine-capitalization
Prov.14.26,8,13,8,13,HErrn,HERRN,name:Luther-divine-capitalization
Prov.14.27,15,20,15,20,HErrn,HERRN,name:Luther-divine-capitalization
Prov.15.3,14,19,14,19,HErrn,HERRN,name:Luther-divine-capitalization
Prov.15.8,28,33,28,33,HErrn,HERRN,name:Luther-divine-capitalization
Prov.15.9,26,31,26,31,HErrn,HERRN,name:Luther-divine-capitalization
Prov.15.11,30,35,30,35,HErrn,HERRN,name:Luther-divine-capitalization
Prov.15.16,43,48,43,48,HErrn,HERRN,name:Luther-divine-capitalization
Prov.15.25,4,8,4,8,HErr,HERR,name:Luther-divine-capitalization
Prov.15.26,33,38,33,38,HErrn,HERRN,name:Luther-divine-capitalization
Prov.15.29,4,8,4,8,HErr,HERR,name:Luther-divine-capitalization
Prov.15.33,15,20,15,20,HErrn,HERRN,name:Luther-divine-capitalization
Prov.16.1,53,58,53,58,HErrn,HERRN,name:Luther-divine-capitalization
Prov.16.2,49,53,49,53,HErr,HERR,name:Luther-divine-capitalization
Prov.16.3,12,17,12,17,HErrn,HERRN,name:Luther-divine-capitalization
Prov.16.4,4,8,4,8,HErr,HERR,name:Luther-divine-capitalization
Prov.16.5,25,30,25,30,HErrn,HERRN,name:Luther-divine-capitalization
Prov.16.6,70,75,70,75,HErrn,HERRN,name:Luther-divine-capitalization
Prov.16.7,22,27,22,27,HErrn,HERRN,name:Luther-divine-capitalization
Prov.16.9,52,56,52,56,HErr,HERR,name:Luther-divine-capitalization
Prov.16.11,33,38,33,38,HErrn,HERRN,name:Luther-divine-capitalization
Prov.16.20,80,85,80,85,HErrn,HERRN,name:Luther-divine-capitalization
Prov.16.33,59,63,59,63,HErr,HERR,name:Luther-divine-capitalization
Prov.17.3,55,59,55,59,HErr,HERR,name:Luther-divine-capitalization
Prov.17.15,80,85,80,85,HErrn,HERRN,name:Luther-divine-capitalization
Prov.18.10,13,18,13,18,HErrn,HERRN,name:Luther-divine-capitalization
Prov.18.22,77,82,77,82,HErrn,HERRN,name:Luther-divine-capitalization
Prov.19.3,83,88,83,88,HErrn,HERRN,name:Luther-divine-capitalization
Prov.19.13,52,55,52,56,ein,eine,grammar:Frau-determiner
Prov.19.13,56,66,57,66,zänkisches,zänkische,grammar:Frau-adjective
Prov.19.13,67,71,67,71,Weib,Frau,word:Weib-Frau
Prov.19.14,41,44,41,45,ein,eine,grammar:Frau-determiner
Prov.19.14,45,57,46,57,vernünftiges,vernünftige,grammar:Frau-adjective
Prov.19.14,58,62,58,62,Weib,Frau,word:Weib-Frau
Prov.19.14,73,78,73,78,HErrn,HERRN,name:Luther-divine-capitalization
Prov.19.17,43,48,43,48,HErrn,HERRN,name:Luther-divine-capitalization
Prov.19.21,65,70,65,70,HErrn,HERRN,name:Luther-divine-capitalization
Prov.19.23,15,20,15,20,HErrn,HERRN,name:Luther-divine-capitalization
Prov.20.10,49,54,49,54,HErrn,HERRN,name:Luther-divine-capitalization
Prov.20.12,52,56,52,56,HErr,HERR,name:Luther-divine-capitalization
Prov.20.22,50,55,50,55,HErrn,HERRN,name:Luther-divine-capitalization
Prov.20.23,38,43,38,43,HErrn,HERRN,name:Luther-divine-capitalization
Prov.20.24,28,33,28,33,HErrn,HERRN,name:Luther-divine-capitalization
Prov.20.27,17,22,17,22,HErrn,HERRN,name:Luther-divine-capitalization
Prov.21.1,36,41,36,41,HErrn,HERRN,name:Luther-divine-capitalization
Prov.21.2,47,51,47,51,HErr,HERR,name:Luther-divine-capitalization
Prov.21.3,27,32,27,32,HErrn,HERRN,name:Luther-divine-capitalization
Prov.21.9,55,60,55,60,einem,einer,grammar:Frau-determiner
Prov.21.9,72,77,72,76,Weibe,Frau,word:Weib-Frau
Prov.21.19,47,52,47,52,einem,einer,grammar:Frau-determiner
Prov.21.19,77,82,77,81,Weibe,Frau,word:Weib-Frau
Prov.21.30,59,64,59,64,HErrn,HERRN,name:Luther-divine-capitalization
Prov.21.31,62,67,62,67,HErrn,HERRN,name:Luther-divine-capitalization
Prov.22.2,47,51,47,51,HErr,HERR,name:Luther-divine-capitalization
Prov.22.4,21,26,21,26,HErrn,HERRN,name:Luther-divine-capitalization
Prov.22.12,14,19,14,19,HErrn,HERRN,name:Luther-divine-capitalization
Prov.22.14,45,49,45,49,HErr,HERR,name:Luther-divine-capitalization
Prov.22.19,32,37,32,37,HErrn,HERRN,name:Luther-divine-capitalization
Prov.22.23,9,13,9,13,HErr,HERR,name:Luther-divine-capitalization
Prov.23.17,73,78,73,78,HErrn,HERRN,name:Luther-divine-capitalization
Prov.23.33,35,42,35,41,Weibern,Frauen,word:Weib-Frau
Prov.24.18,4,8,4,8,HErr,HERR,name:Luther-divine-capitalization
Prov.24.21,23,28,23,28,HErrn,HERRN,name:Luther-divine-capitalization
Prov.25.22,60,64,60,64,HErr,HERR,name:Luther-divine-capitalization
Prov.25.24,56,61,56,61,einem,einer,grammar:Frau-determiner
Prov.25.24,73,78,73,77,Weibe,Frau,word:Weib-Frau
Prov.27.15,0,3,0,4,Ein,Eine,grammar:Frau-determiner
Prov.27.15,4,14,5,14,zänkisches,zänkische,grammar:Frau-adjective
Prov.27.15,15,19,15,19,Weib,Frau,word:Weib-Frau
Prov.28.5,54,59,54,59,HErrn,HERRN,name:Luther-divine-capitalization
Prov.28.25,43,48,43,48,HErrn,HERRN,name:Luther-divine-capitalization
Prov.29.13,63,67,63,67,HErr,HERR,name:Luther-divine-capitalization
Prov.29.25,64,69,64,69,HErrn,HERRN,name:Luther-divine-capitalization
Prov.29.26,81,86,81,86,HErrn,HERRN,name:Luther-divine-capitalization
Prov.30.9,74,78,74,78,HErr,HERR,name:Luther-divine-capitalization
Prov.31.3,15,22,15,21,Weibern,Frauen,word:Weib-Frau
Prov.31.10,4,7,4,8,ein,eine,grammar:Frau-determiner
Prov.31.10,8,17,9,19,tugendsam,tugendsame,grammar:Frau-adjective
Prov.31.10,18,22,20,24,Weib,Frau,word:Weib-Frau
Prov.31.30,36,39,36,40,ein,eine,grammar:Frau-determiner
Prov.31.30,40,44,41,45,Weib,Frau,word:Weib-Frau
Prov.31.30,46,49,47,50,das,die,grammar:Frau-relative
Prov.31.30,54,59,55,60,HErrn,HERRN,name:Luther-divine-capitalization
Eccl.7.26,45,52,45,51,solches,solche,grammar:Frau-determiner
Eccl.7.26,53,57,52,56,Weib,Frau,word:Weib-Frau
Eccl.7.26,59,65,58,63,dessen,deren,grammar:Frau-relative
Eccl.7.28,102,105,102,106,ein,eine,grammar:Frau-determiner
Eccl.7.28,106,110,107,111,Weib,Frau,word:Weib-Frau
Eccl.9.9,22,28,22,28,deinem,deiner,grammar:Frau-determiner
Eccl.9.9,29,34,29,33,Weibe,Frau,word:Weib-Frau
Eccl.9.9,36,39,35,38,das,die,grammar:Frau-relative
Song.1.8,41,48,41,47,Weibern,Frauen,word:Weib-Frau
Song.5.9,66,73,66,72,Weibern,Frauen,word:Weib-Frau
Song.6.1,62,69,62,68,Weibern,Frauen,word:Weib-Frau
Song.8.6,188,193,188,193,HErrn,HERRN,name:Luther-divine-capitalization
Isa.1.2,53,57,53,57,HErr,HERR,name:Luther-divine-capitalization
Isa.1.4,110,115,110,115,HErrn,HERRN,name:Luther-divine-capitalization
Isa.1.9,13,17,13,17,HErr,HERR,name:Luther-divine-capitalization
Isa.1.10,10,15,10,15,HErrn,HERRN,name:Luther-divine-capitalization
Isa.1.11,48,52,48,52,HErr,HERR,name:Luther-divine-capitalization
Isa.1.18,61,65,61,65,HErr,HERR,name:Luther-divine-capitalization
Isa.1.20,104,109,104,109,HErrn,HERRN,name:Luther-divine-capitalization
Isa.1.24,23,27,23,27,HErr,HERR,name:Luther-divine-capitalization
Isa.1.28,74,79,74,79,HErrn,HERRN,name:Luther-divine-capitalization
Isa.2.2,42,47,42,47,HErrn,HERRN,name:Luther-divine-capitalization
Isa.2.3,71,76,71,76,HErrn,HERRN,name:Luther-divine-capitalization
Isa.2.3,226,231,226,231,HErrn,HERRN,name:Luther-divine-capitalization
Isa.2.5,64,69,64,69,HErrn,HERRN,name:Luther-divine-capitalization
Isa.2.10,67,72,67,72,HErrn,HERRN,name:Luther-divine-capitalization
Isa.2.11,105,109,105,109,HErr,HERR,name:Luther-divine-capitalization
Isa.2.12,17,22,17,22,HErrn,HERRN,name:Luther-divine-capitalization
Isa.2.17,102,106,102,106,HErr,HERR,name:Luther-divine-capitalization
Isa.2.19,81,86,81,86,HErrn,HERRN,name:Luther-divine-capitalization
Isa.2.21,79,84,79,84,HErrn,HERRN,name:Luther-divine-capitalization
Isa.3.1,21,25,21,25,HErr,HERR,name:Luther-divine-capitalization
Isa.3.8,85,90,85,90,HErrn,HERRN,name:Luther-divine-capitalization
Isa.3.12,40,46,40,46,Weiber,Frauen,word:Weib-Frau
Isa.3.13,9,13,9,13,HErr,HERR,name:Luther-divine-capitalization
Isa.3.14,8,12,8,12,HErr,HERR,name:Luther-divine-capitalization
Isa.3.15,87,91,87,91,HErr,HERR,name:Luther-divine-capitalization
Isa.3.16,8,12,8,12,HErr,HERR,name:Luther-divine-capitalization
Isa.3.17,12,16,12,16,HErr,HERR,name:Luther-divine-capitalization
Isa.3.17,69,73,69,73,HErr,HERR,name:Luther-divine-capitalization
Isa.3.18,21,25,21,25,HErr,HERR,name:Luther-divine-capitalization
Isa.4.1,12,18,12,18,Weiber,Frauen,word:Weib-Frau
Isa.4.2,21,26,21,26,HErrn,HERRN,name:Luther-divine-capitalization
Isa.4.4,14,18,14,18,HErr,HERR,name:Luther-divine-capitalization
Isa.4.5,8,12,8,12,HErr,HERR,name:Luther-divine-capitalization
Isa.5.7,4,9,4,9,HErrn,HERRN,name:Luther-divine-capitalization
Isa.5.9,36,41,36,41,HErrn,HERRN,name:Luther-divine-capitalization
Isa.5.12,104,109,104,109,HErrn,HERRN,name:Luther-divine-capitalization
Isa.5.16,9,13,9,13,HErr,HERR,name:Luther-divine-capitalization
Isa.5.24,179,184,179,184,HErrn,HERRN,name:Luther-divine-capitalization
Isa.5.25,23,28,23,28,HErrn,HERRN,name:Luther-divine-capitalization
Isa.6.1,49,54,49,54,HErrn,HERRN,name:Luther-divine-capitalization
Isa.6.3,70,74,70,74,HErr,HERR,name:Luther-divine-capitalization
Isa.6.5,143,148,143,148,HErrn,HERRN,name:Luther-divine-capitalization
Isa.6.12,9,13,9,13,HErr,HERR,name:Luther-divine-capitalization
Isa.7.3,9,13,9,13,HErr,HERR,name:Luther-divine-capitalization
Isa.7.7,27,31,27,31,HErr,HERR,name:Luther-divine-capitalization
Isa.7.10,8,12,8,12,HErr,HERR,name:Luther-divine-capitalization
Isa.7.11,28,33,28,33,HErrn,HERRN,name:Luther-divine-capitalization
Isa.7.12,57,62,57,62,HErrn,HERRN,name:Luther-divine-capitalization
Isa.7.17,9,13,9,13,HErr,HERR,name:Luther-divine-capitalization
Isa.7.18,26,30,26,30,HErr,HERR,name:Luther-divine-capitalization
Isa.7.20,27,31,27,31,HErr,HERR,name:Luther-divine-capitalization
Isa.8.1,8,12,8,12,HErr,HERR,name:Luther-divine-capitalization
Isa.8.3,80,84,80,84,HErr,HERR,name:Luther-divine-capitalization
Isa.8.5,8,12,8,12,HErr,HERR,name:Luther-divine-capitalization
Isa.8.11,19,23,19,23,HErr,HERR,name:Luther-divine-capitalization
Isa.8.13,21,26,21,26,HErrn,HERRN,name:Luther-divine-capitalization
Isa.8.17,23,28,23,28,HErrn,HERRN,name:Luther-divine-capitalization
Isa.8.18,48,52,48,52,HErr,HERR,name:Luther-divine-capitalization
Isa.8.18,102,107,102,107,HErrn,HERRN,name:Luther-divine-capitalization
Isa.9.6,230,235,230,235,HErrn,HERRN,name:Luther-divine-capitalization
Isa.9.10,9,13,9,13,HErr,HERR,name:Luther-divine-capitalization
Isa.9.12,85,90,85,90,HErrn,HERRN,name:Luther-divine-capitalization
Isa.9.13,15,19,15,19,HErr,HERR,name:Luther-divine-capitalization
Isa.9.18,12,17,12,17,HErrn,HERRN,name:Luther-divine-capitalization
Isa.10.16,20,24,20,24,HErr,HERR,name:Luther-divine-capitalization
Isa.10.20,184,189,184,189,HErrn,HERRN,name:Luther-divine-capitalization
Isa.10.23,14,18,14,18,HErr,HERR,name:Luther-divine-capitalization
Isa.10.24,23,27,23,27,HErr,HERR,name:Luther-divine-capitalization
Isa.10.26,17,21,17,21,HErr,HERR,name:Luther-divine-capitalization
Isa.10.33,21,25,21,25,HErr,HERR,name:Luther-divine-capitalization
Isa.11.2,37,42,37,42,HErrn,HERRN,name:Luther-divine-capitalization
Isa.11.2,167,172,167,172,HErrn,HERRN,name:Luther-divine-capitalization
Isa.11.3,44,49,44,49,HErrn,HERRN,name:Luther-divine-capitalization
Isa.11.9,116,121,116,121,HErrn,HERRN,name:Luther-divine-capitalization
Isa.11.15,8,12,8,12,HErr,HERR,name:Luther-divine-capitalization
Isa.12.1,49,53,49,53,HErr,HERR,name:Luther-divine-capitalization
Isa.12.2,80,84,80,84,HErr,HERR,name:Luther-divine-capitalization
Isa.12.4,47,52,47,52,HErrn,HERRN,name:Luther-divine-capitalization
Isa.12.5,14,19,14,19,HErrn,HERRN,name:Luther-divine-capitalization
Isa.13.4,149,153,149,153,HErr,HERR,name:Luther-divine-capitalization
Isa.13.5,61,65,61,65,HErr,HERR,name:Luther-divine-capitalization
Isa.13.6,17,22,17,22,HErrn,HERRN,name:Luther-divine-capitalization
Isa.13.9,16,21,16,21,HErrn,HERRN,name:Luther-divine-capitalization
Isa.13.13,97,102,97,102,HErrn,HERRN,name:Luther-divine-capitalization
Isa.13.16,90,96,90,96,Weiber,Frauen,word:Weib-Frau
Isa.14.1,9,13,9,13,HErr,HERR,name:Luther-divine-capitalization
Isa.14.2,111,116,111,116,HErrn,HERRN,name:Luther-divine-capitalization
Isa.14.3,30,34,30,34,HErr,HERR,name:Luther-divine-capitalization
Isa.14.5,4,8,4,8,HErr,HERR,name:Luther-divine-capitalization
Isa.14.22,42,46,42,46,HErr,HERR,name:Luther-divine-capitalization
Isa.14.22,151,155,151,155,HErr,HERR,name:Luther-divine-capitalization
Isa.14.23,124,128,124,128,HErr,HERR,name:Luther-divine-capitalization
Isa.14.24,4,8,4,8,HErr,HERR,name:Luther-divine-capitalization
Isa.14.27,9,13,9,13,HErr,HERR,name:Luther-divine-capitalization
Isa.14.32,72,76,72,76,HErr,HERR,name:Luther-divine-capitalization
Isa.16.8,208,218,208,219,Schößlinge,Schösslinge,orthography:wordlist
Isa.16.13,19,23,19,23,HErr,HERR,name:Luther-divine-capitalization
Isa.16.14,19,23,19,23,HErr,HERR,name:Luther-divine-capitalization
Isa.17.3,160,164,160,164,HErr,HERR,name:Luther-divine-capitalization
Isa.17.6,197,201,197,201,HErr,HERR,name:Luther-divine-capitalization
Isa.18.4,20,24,20,24,HErr,HERR,name:Luther-divine-capitalization
Isa.18.7,191,196,191,196,HErrn,HERRN,name:Luther-divine-capitalization
Isa.18.7,233,238,233,238,HErrn,HERRN,name:Luther-divine-capitalization
Isa.19.1,43,47,43,47,HErr,HERR,name:Luther-divine-capitalization
Isa.19.4,139,143,139,143,HErr,HERR,name:Luther-divine-capitalization
Isa.19.12,80,84,80,84,HErr,HERR,name:Luther-divine-capitalization
Isa.19.14,9,13,9,13,HErr,HERR,name:Luther-divine-capitalization
Isa.19.16,38,44,38,44,Weiber,Frauen,word:Weib-Frau
Isa.19.16,89,93,89,93,HErr,HERR,name:Luther-divine-capitalization
Isa.19.17,120,125,120,125,HErrn,HERRN,name:Luther-divine-capitalization
Isa.19.18,98,103,98,103,HErrn,HERRN,name:Luther-divine-capitalization
Isa.19.19,27,32,27,32,HErrn,HERRN,name:Luther-divine-capitalization
Isa.19.19,87,92,87,92,HErrn,HERRN,name:Luther-divine-capitalization
Isa.19.20,46,51,46,51,HErrn,HERRN,name:Luther-divine-capitalization
Isa.19.20,96,101,96,101,HErrn,HERRN,name:Luther-divine-capitalization
Isa.19.21,9,13,9,13,HErr,HERR,name:Luther-divine-capitalization
Isa.19.21,75,80,75,80,HErrn,HERRN,name:Luther-divine-capitalization
Isa.19.21,162,167,162,167,HErrn,HERRN,name:Luther-divine-capitalization
Isa.19.22,8,12,8,12,HErr,HERR,name:Luther-divine-capitalization
Isa.19.22,83,88,83,88,HErrn,HERRN,name:Luther-divine-capitalization
Isa.19.25,9,13,9,13,HErr,HERR,name:Luther-divine-capitalization
Isa.20.2,29,33,29,33,HErr,HERR,name:Luther-divine-capitalization
Isa.20.3,14,18,14,18,HErr,HERR,name:Luther-divine-capitalization
Isa.21.6,9,13,9,13,HErr,HERR,name:Luther-divine-capitalization
Isa.21.10,67,72,67,72,HErrn,HERRN,name:Luther-divine-capitalization
Isa.21.16,22,26,22,26,HErr,HERR,name:Luther-divine-capitalization
Isa.21.17,71,75,71,75,HErr,HERR,name:Luther-divine-capitalization
Isa.22.5,78,83,78,83,HErrn,HERRN,name:Luther-divine-capitalization
Isa.22.12,20,24,20,24,HErr,HERR,name:Luther-divine-capitalization
Isa.22.14,26,31,26,31,HErrn,HERRN,name:Luther-divine-capitalization
Isa.22.14,142,146,142,146,HErr,HERR,name:Luther-divine-capitalization
Isa.22.15,20,24,20,24,HErr,HERR,name:Luther-divine-capitalization
Isa.22.17,11,15,11,15,HErr,HERR,name:Luther-divine-capitalization
Isa.22.25,25,29,25,29,HErr,HERR,name:Luther-divine-capitalization
Isa.22.25,161,165,161,165,HErr,HERR,name:Luther-divine-capitalization
Isa.23.9,4,8,4,8,HErr,HERR,name:Luther-divine-capitalization
Isa.23.11,70,74,70,74,HErr,HERR,name:Luther-divine-capitalization
Isa.23.17,34,38,34,38,HErr,HERR,name:Luther-divine-capitalization
Isa.23.18,45,50,45,50,HErrn,HERRN,name:Luther-divine-capitalization
Isa.23.18,139,144,139,144,HErrn,HERRN,name:Luther-divine-capitalization
Isa.24.1,11,15,11,15,HErr,HERR,name:Luther-divine-capitalization
Isa.24.3,51,55,51,55,HErr,HERR,name:Luther-divine-capitalization
Isa.24.14,95,100,95,100,HErrn,HERRN,name:Luther-divine-capitalization
Isa.24.15,19,24,19,24,HErrn,HERRN,name:Luther-divine-capitalization
Isa.24.15,80,85,80,85,HErrn,HERRN,name:Luther-divine-capitalization
Isa.24.21,21,25,21,25,HErr,HERR,name:Luther-divine-capitalization
Isa.24.23,78,82,78,82,HErr,HERR,name:Luther-divine-capitalization
Isa.25.1,0,4,0,4,HErr,HERR,name:Luther-divine-capitalization
Isa.25.6,8,12,8,12,HErr,HERR,name:Luther-divine-capitalization
Isa.25.8,52,56,52,56,HErr,HERR,name:Luther-divine-capitalization
Isa.25.8,175,179,175,179,HErr,HERR,name:Luther-divine-capitalization
Isa.25.9,111,115,111,115,HErr,HERR,name:Luther-divine-capitalization
Isa.25.10,18,23,18,23,HErrn,HERRN,name:Luther-divine-capitalization
Isa.26.4,23,28,23,28,HErrn,HERRN,name:Luther-divine-capitalization
Isa.26.4,53,57,53,57,HErr,HERR,name:Luther-divine-capitalization
Isa.26.8,26,30,26,30,HErr,HERR,name:Luther-divine-capitalization
Isa.26.10,137,142,137,142,HErrn,HERRN,name:Luther-divine-capitalization
Isa.26.11,0,4,0,4,HErr,HERR,name:Luther-divine-capitalization
Isa.26.12,10,14,10,14,HErr,HERR,name:Luther-divine-capitalization
Isa.26.13,0,4,0,4,HErr,HERR,name:Luther-divine-capitalization
Isa.26.15,9,13,9,13,HErr,HERR,name:Luther-divine-capitalization
Isa.26.16,0,4,0,4,HErr,HERR,name:Luther-divine-capitalization
Isa.26.17,120,124,120,124,HErr,HERR,name:Luther-divine-capitalization
Isa.26.21,16,20,16,20,HErr,HERR,name:Luther-divine-capitalization
Isa.27.1,21,25,21,25,HErr,HERR,name:Luther-divine-capitalization
Isa.27.3,9,13,9,13,HErr,HERR,name:Luther-divine-capitalization
Isa.27.8,91,97,91,96,rauhen,rauen,orthography:wordlist
Isa.27.11,47,53,47,53,Weiber,Frauen,word:Weib-Frau
Isa.27.12,21,25,21,25,HErr,HERR,name:Luther-divine-capitalization
Isa.27.13,153,158,153,158,HErrn,HERRN,name:Luther-divine-capitalization
Isa.28.5,21,25,21,25,HErr,HERR,name:Luther-divine-capitalization
Isa.28.13,26,31,26,31,HErrn,HERRN,name:Luther-divine-capitalization
Isa.28.14,17,22,17,22,HErrn,HERRN,name:Luther-divine-capitalization
Isa.28.16,23,27,23,27,HErr,HERR,name:Luther-divine-capitalization
Isa.28.21,9,13,9,13,HErr,HERR,name:Luther-divine-capitalization
Isa.28.22,119,124,119,124,HErrn,HERRN,name:Luther-divine-capitalization
Isa.28.29,27,32,27,32,HErrn,HERRN,name:Luther-divine-capitalization
Isa.29.6,9,14,9,14,HErrn,HERRN,name:Luther-divine-capitalization
Isa.29.10,9,13,9,13,HErr,HERR,name:Luther-divine-capitalization
Isa.29.13,8,12,8,12,HErr,HERR,name:Luther-divine-capitalization
Isa.29.15,39,44,39,44,HErrn,HERRN,name:Luther-divine-capitalization
Isa.29.19,46,51,46,51,HErrn,HERRN,name:Luther-divine-capitalization
Isa.29.22,18,22,18,22,HErr,HERR,name:Luther-divine-capitalization
Isa.30.1,41,45,41,45,HErr,HERR,name:Luther-divine-capitalization
Isa.30.9,83,88,83,88,HErrn,HERRN,name:Luther-divine-capitalization
Isa.30.15,25,29,25,29,HErr,HERR,name:Luther-divine-capitalization
Isa.30.18,17,21,17,21,HErr,HERR,name:Luther-divine-capitalization
Isa.30.18,109,113,109,113,HErr,HERR,name:Luther-divine-capitalization
Isa.30.26,136,140,136,140,HErr,HERR,name:Luther-divine-capitalization
Isa.30.27,11,16,11,16,HErrn,HERRN,name:Luther-divine-capitalization
Isa.30.29,136,141,136,141,HErrn,HERRN,name:Luther-divine-capitalization
Isa.30.30,8,12,8,12,HErr,HERR,name:Luther-divine-capitalization
Isa.30.31,47,52,47,52,HErrn,HERRN,name:Luther-divine-capitalization
Isa.30.32,70,74,70,74,HErr,HERR,name:Luther-divine-capitalization
Isa.30.33,173,178,173,178,HErrn,HERRN,name:Luther-divine-capitalization
Isa.31.1,242,247,242,247,HErrn,HERRN,name:Luther-divine-capitalization
Isa.31.3,93,97,93,97,HErr,HERR,name:Luther-divine-capitalization
Isa.31.4,20,24,20,24,HErr,HERR,name:Luther-divine-capitalization
Isa.31.4,237,241,237,241,HErr,HERR,name:Luther-divine-capitalization
Isa.31.5,8,12,8,12,HErr,HERR,name:Luther-divine-capitalization
Isa.31.9,111,115,111,115,HErr,HERR,name:Luther-divine-capitalization
Isa.32.6,112,117,112,117,HErrn,HERRN,name:Luther-divine-capitalization
Isa.33.2,0,4,0,4,HErr,HERR,name:Luther-divine-capitalization
Isa.33.5,4,8,4,8,HErr,HERR,name:Luther-divine-capitalization
Isa.33.6,96,101,96,101,HErrn,HERRN,name:Luther-divine-capitalization
Isa.33.10,41,45,41,45,HErr,HERR,name:Luther-divine-capitalization
Isa.33.21,9,13,9,13,HErr,HERR,name:Luther-divine-capitalization
Isa.33.22,9,13,9,13,HErr,HERR,name:Luther-divine-capitalization
Isa.33.22,37,41,37,41,HErr,HERR,name:Luther-divine-capitalization
Isa.33.22,65,69,65,69,HErr,HERR,name:Luther-divine-capitalization
Isa.34.2,9,13,9,13,HErr,HERR,name:Luther-divine-capitalization
Isa.34.6,4,9,4,9,HErrn,HERRN,name:Luther-divine-capitalization
Isa.34.6,128,132,128,132,HErr,HERR,name:Luther-divine-capitalization
Isa.34.8,34,39,34,39,HErrn,HERRN,name:Luther-divine-capitalization
Isa.34.16,27,32,27,32,HErrn,HERRN,name:Luther-divine-capitalization
Isa.35.2,176,181,176,181,HErrn,HERRN,name:Luther-divine-capitalization
Isa.35.10,17,22,17,22,HErrn,HERRN,name:Luther-divine-capitalization
Isa.36.7,52,57,52,57,HErrn,HERRN,name:Luther-divine-capitalization
Isa.36.10,35,40,35,40,HErrn,HERRN,name:Luther-divine-capitalization
Isa.36.10,100,104,100,104,HErr,HERR,name:Luther-divine-capitalization
Isa.36.15,47,52,47,52,HErrn,HERRN,name:Luther-divine-capitalization
Isa.36.15,72,76,72,76,HErr,HERR,name:Luther-divine-capitalization
Isa.36.18,51,55,51,55,HErr,HERR,name:Luther-divine-capitalization
Isa.36.20,90,94,90,94,HErr,HERR,name:Luther-divine-capitalization
Isa.37.1,116,121,116,121,HErrn,HERRN,name:Luther-divine-capitalization
Isa.37.4,14,18,14,18,HErr,HERR,name:Luther-divine-capitalization
Isa.37.4,202,206,202,206,HErr,HERR,name:Luther-divine-capitalization
Isa.37.6,55,59,55,59,HErr,HERR,name:Luther-divine-capitalization
Isa.37.14,98,103,98,103,HErrn,HERRN,name:Luther-divine-capitalization
Isa.37.14,133,138,133,138,HErrn,HERRN,name:Luther-divine-capitalization
Isa.37.15,22,27,22,27,HErrn,HERRN,name:Luther-divine-capitalization
Isa.37.16,0,4,0,4,HErr,HERR,name:Luther-divine-capitalization
Isa.37.17,0,4,0,4,HErr,HERR,name:Luther-divine-capitalization
Isa.37.17,38,42,38,42,HErr,HERR,name:Luther-divine-capitalization
Isa.37.18,12,16,12,16,HErr,HERR,name:Luther-divine-capitalization
Isa.37.20,10,14,10,14,HErr,HERR,name:Luther-divine-capitalization
Isa.37.20,108,112,108,112,HErr,HERR,name:Luther-divine-capitalization
Isa.37.21,83,87,83,87,HErr,HERR,name:Luther-divine-capitalization
Isa.37.22,23,27,23,27,HErr,HERR,name:Luther-divine-capitalization
Isa.37.24,32,37,32,37,HErrn,HERRN,name:Luther-divine-capitalization
Isa.37.32,135,140,135,140,HErrn,HERRN,name:Luther-divine-capitalization
Isa.37.33,18,22,18,22,HErr,HERR,name:Luther-divine-capitalization
Isa.37.34,115,119,115,119,HErr,HERR,name:Luther-divine-capitalization
Isa.37.36,26,31,26,31,HErrn,HERRN,name:Luther-divine-capitalization
Isa.38.1,122,126,122,126,HErr,HERR,name:Luther-divine-capitalization
Isa.38.2,56,61,56,61,HErrn,HERRN,name:Luther-divine-capitalization
Isa.38.3,26,30,26,30,HErr,HERR,name:Luther-divine-capitalization
Isa.38.4,24,29,24,29,HErrn,HERRN,name:Luther-divine-capitalization
Isa.38.5,41,45,41,45,HErr,HERR,name:Luther-divine-capitalization
Isa.38.7,37,42,37,42,HErrn,HERRN,name:Luther-divine-capitalization
Isa.38.7,53,57,53,57,HErr,HERR,name:Luther-divine-capitalization
Isa.38.11,47,52,47,52,HErrn,HERRN,name:Luther-divine-capitalization
Isa.38.11,62,67,62,67,HErrn,HERRN,name:Luther-divine-capitalization
Isa.38.14,111,115,111,115,HErr,HERR,name:Luther-divine-capitalization
Isa.38.20,0,4,0,4,HErr,HERR,name:Luther-divine-capitalization
Isa.38.20,83,88,83,88,HErrn,HERRN,name:Luther-divine-capitalization
Isa.38.22,77,82,77,82,HErrn,HERRN,name:Luther-divine-capitalization
Isa.39.5,47,52,47,52,HErrn,HERRN,name:Luther-divine-capitalization
Isa.39.6,188,192,188,192,HErr,HERR,name:Luther-divine-capitalization
Isa.39.8,42,47,42,47,HErrn,HERRN,name:Luther-divine-capitalization
Isa.40.2,173,178,173,178,HErrn,HERRN,name:Luther-divine-capitalization
Isa.40.3,62,67,62,67,HErrn,HERRN,name:Luther-divine-capitalization
Isa.40.5,26,31,26,31,HErrn,HERRN,name:Luther-divine-capitalization
Isa.40.5,109,114,109,114,HErrn,HERRN,name:Luther-divine-capitalization
Isa.40.7,48,53,48,53,HErrn,HERRN,name:Luther-divine-capitalization
Isa.40.10,21,25,21,25,HErr,HERR,name:Luther-divine-capitalization
Isa.40.13,31,36,31,36,HErrn,HERRN,name:Luther-divine-capitalization
Isa.40.27,71,76,71,76,HErrn,HERRN,name:Luther-divine-capitalization
Isa.40.28,42,46,42,46,HErr,HERR,name:Luther-divine-capitalization
Isa.40.31,17,22,17,22,HErrn,HERRN,name:Luther-divine-capitalization
Isa.41.4,90,94,90,94,HErr,HERR,name:Luther-divine-capitalization
Isa.41.13,17,21,17,21,HErr,HERR,name:Luther-divine-capitalization
Isa.41.14,93,97,93,97,HErr,HERR,name:Luther-divine-capitalization
Isa.41.16,114,119,114,119,HErrn,HERRN,name:Luther-divine-capitalization
Isa.41.17,101,105,101,105,HErr,HERR,name:Luther-divine-capitalization
Isa.41.20,69,74,69,74,HErrn,HERRN,name:Luther-divine-capitalization
Isa.41.21,44,48,44,48,HErr,HERR,name:Luther-divine-capitalization
Isa.42.5,21,25,21,25,HErr,HERR,name:Luther-divine-capitalization
Isa.42.6,9,13,9,13,HErr,HERR,name:Luther-divine-capitalization
Isa.42.8,9,13,9,13,HErr,HERR,name:Luther-divine-capitalization
Isa.42.10,11,16,11,16,HErrn,HERRN,name:Luther-divine-capitalization
Isa.42.12,15,20,15,20,HErrn,HERRN,name:Luther-divine-capitalization
Isa.42.13,4,8,4,8,HErr,HERR,name:Luther-divine-capitalization
Isa.42.19,153,158,153,158,HErrn,HERRN,name:Luther-divine-capitalization
Isa.42.21,4,8,4,8,HErr,HERR,name:Luther-divine-capitalization
Isa.42.24,76,80,76,80,HErr,HERR,name:Luther-divine-capitalization
Isa.43.1,20,24,20,24,HErr,HERR,name:Luther-divine-capitalization
Isa.43.3,17,21,17,21,HErr,HERR,name:Luther-divine-capitalization
Isa.43.10,40,44,40,44,HErr,HERR,name:Luther-divine-capitalization
Isa.43.11,17,21,17,21,HErr,HERR,name:Luther-divine-capitalization
Isa.43.12,152,156,152,156,HErr,HERR,name:Luther-divine-capitalization
Isa.43.14,15,19,15,19,HErr,HERR,name:Luther-divine-capitalization
Isa.43.15,12,16,12,16,HErr,HERR,name:Luther-divine-capitalization
Isa.43.16,15,19,15,19,HErr,HERR,name:Luther-divine-capitalization
Isa.44.2,15,19,15,19,HErr,HERR,name:Luther-divine-capitalization
Isa.44.5,31,36,31,36,HErrn,HERRN,name:Luther-divine-capitalization
Isa.44.5,130,135,130,135,HErrn,HERRN,name:Luther-divine-capitalization
Isa.44.6,15,19,15,19,HErr,HERR,name:Luther-divine-capitalization
Isa.44.6,62,66,62,66,HErr,HERR,name:Luther-divine-capitalization
Isa.44.23,30,34,30,34,HErr,HERR,name:Luther-divine-capitalization
Isa.44.23,150,154,150,154,HErr,HERR,name:Luther-divine-capitalization
Isa.44.24,15,19,15,19,HErr,HERR,name:Luther-divine-capitalization
Isa.44.24,86,90,86,90,HErr,HERR,name:Luther-divine-capitalization
Isa.45.1,15,19,15,19,HErr,HERR,name:Luther-divine-capitalization
Isa.45.3,109,113,109,113,HErr,HERR,name:Luther-divine-capitalization
Isa.45.5,12,16,12,16,HErr,HERR,name:Luther-divine-capitalization
Isa.45.6,109,113,109,113,HErr,HERR,name:Luther-divine-capitalization
Isa.45.7,107,111,107,111,HErr,HERR,name:Luther-divine-capitalization
Isa.45.8,150,154,150,154,HErr,HERR,name:Luther-divine-capitalization
Isa.45.10,61,64,61,64,zum,zur,grammar:Frau-determiner
Isa.45.10,65,70,65,69,Weibe,Frau,word:Weib-Frau
Isa.45.11,15,19,15,19,HErr,HERR,name:Luther-divine-capitalization
Isa.45.13,184,188,184,188,HErr,HERR,name:Luther-divine-capitalization
Isa.45.14,15,19,15,19,HErr,HERR,name:Luther-divine-capitalization
Isa.45.17,34,39,34,39,HErrn,HERRN,name:Luther-divine-capitalization
Isa.45.18,20,24,20,24,HErr,HERR,name:Luther-divine-capitalization
Isa.45.18,253,257,253,257,HErr,HERR,name:Luther-divine-capitalization
Isa.45.19,147,151,147,151,HErr,HERR,name:Luther-divine-capitalization
Isa.45.21,155,159,155,159,HErr,HERR,name:Luther-divine-capitalization
Isa.45.24,14,19,14,19,HErrn,HERRN,name:Luther-divine-capitalization
Isa.45.25,8,13,8,13,HErrn,HERRN,name:Luther-divine-capitalization
Isa.47.4,47,51,47,51,HErr,HERR,name:Luther-divine-capitalization
Isa.48.1,140,145,140,145,HErrn,HERRN,name:Luther-divine-capitalization
Isa.48.2,95,99,95,99,HErr,HERR,name:Luther-divine-capitalization
Isa.48.14,82,86,82,86,HErr,HERR,name:Luther-divine-capitalization
Isa.48.16,152,156,152,156,HErr,HERR,name:Luther-divine-capitalization
Isa.48.17,15,19,15,19,HErr,HERR,name:Luther-divine-capitalization
Isa.48.17,70,74,70,74,HErr,HERR,name:Luther-divine-capitalization
Isa.48.20,158,162,158,162,HErr,HERR,name:Luther-divine-capitalization
Isa.48.22,32,36,32,36,HErr,HERR,name:Luther-divine-capitalization
Isa.49.1,71,75,71,75,HErr,HERR,name:Luther-divine-capitalization
Isa.49.4,113,118,113,118,HErrn,HERRN,name:Luther-divine-capitalization
Isa.49.5,20,24,20,24,HErr,HERR,name:Luther-divine-capitalization
Isa.49.5,184,189,184,189,HErrn,HERRN,name:Luther-divine-capitalization
Isa.49.7,15,19,15,19,HErr,HERR,name:Luther-divine-capitalization
Isa.49.7,234,239,234,239,HErrn,HERRN,name:Luther-divine-capitalization
Isa.49.8,15,19,15,19,HErr,HERR,name:Luther-divine-capitalization
Isa.49.13,81,85,81,85,HErr,HERR,name:Luther-divine-capitalization
Isa.49.14,23,27,23,27,HErr,HERR,name:Luther-divine-capitalization
Isa.49.14,52,56,52,56,HErr,HERR,name:Luther-divine-capitalization
Isa.49.15,10,13,10,14,ein,eine,grammar:Frau-determiner
Isa.49.15,14,18,15,19,Weib,Frau,word:Weib-Frau
Isa.49.18,105,109,105,109,HErr,HERR,name:Luther-divine-capitalization
Isa.49.22,20,24,20,24,HErr,HERR,name:Luther-divine-capitalization
Isa.49.23,196,200,196,200,HErr,HERR,name:Luther-divine-capitalization
Isa.49.25,20,24,20,24,HErr,HERR,name:Luther-divine-capitalization
Isa.49.26,186,190,186,190,HErr,HERR,name:Luther-divine-capitalization
Isa.50.1,15,19,15,19,HErr,HERR,name:Luther-divine-capitalization
Isa.50.4,9,13,9,13,HErr,HERR,name:Luther-divine-capitalization
Isa.50.5,9,13,9,13,HErr,HERR,name:Luther-divine-capitalization
Isa.50.7,14,18,14,18,HErr,HERR,name:Luther-divine-capitalization
Isa.50.9,16,20,16,20,HErr,HERR,name:Luther-divine-capitalization
Isa.50.10,28,33,28,33,HErrn,HERRN,name:Luther-divine-capitalization
Isa.50.10,161,166,161,166,HErrn,HERRN,name:Luther-divine-capitalization
Isa.51.1,62,67,62,67,HErrn,HERRN,name:Luther-divine-capitalization
Isa.51.3,9,13,9,13,HErr,HERR,name:Luther-divine-capitalization
Isa.51.3,125,130,125,130,HErrn,HERRN,name:Luther-divine-capitalization
Isa.51.9,45,50,45,50,HErrn,HERRN,name:Luther-divine-capitalization
Isa.51.11,29,34,29,34,HErrn,HERRN,name:Luther-divine-capitalization
Isa.51.13,19,24,19,24,HErrn,HERRN,name:Luther-divine-capitalization
Isa.51.15,17,21,17,21,HErr,HERR,name:Luther-divine-capitalization
Isa.51.15,96,100,96,100,HErr,HERR,name:Luther-divine-capitalization
Isa.51.17,68,73,68,73,HErrn,HERRN,name:Luther-divine-capitalization
Isa.51.20,105,110,105,110,HErrn,HERRN,name:Luther-divine-capitalization
Isa.51.22,31,35,31,35,HErr,HERR,name:Luther-divine-capitalization
Isa.52.3,22,26,22,26,HErr,HERR,name:Luther-divine-capitalization
Isa.52.4,25,29,25,29,HErr,HERR,name:Luther-divine-capitalization
Isa.52.5,48,52,48,52,HErr,HERR,name:Luther-divine-capitalization
Isa.52.5,138,142,138,142,HErr,HERR,name:Luther-divine-capitalization
Isa.52.8,108,112,108,112,HErr,HERR,name:Luther-divine-capitalization
Isa.52.9,76,80,76,80,HErr,HERR,name:Luther-divine-capitalization
Isa.52.10,4,8,4,8,HErr,HERR,name:Luther-divine-capitalization
Isa.52.11,109,114,109,114,HErrn,HERRN,name:Luther-divine-capitalization
Isa.52.12,74,78,74,78,HErr,HERR,name:Luther-divine-capitalization
Isa.53.1,58,63,58,63,HErrn,HERRN,name:Luther-divine-capitalization
Isa.53.6,83,87,83,87,HErr,HERR,name:Luther-divine-capitalization
Isa.53.10,9,13,9,13,HErr,HERR,name:Luther-divine-capitalization
Isa.53.10,160,165,160,165,HErrn,HERRN,name:Luther-divine-capitalization
Isa.54.1,179,183,179,183,HErr,HERR,name:Luther-divine-capitalization
Isa.54.5,43,47,43,47,HErr,HERR,name:Luther-divine-capitalization
Isa.54.6,9,13,9,13,HErr,HERR,name:Luther-divine-capitalization
Isa.54.6,74,83,74,82,betrübtes,betrübte,grammar:Frau-adjective
Isa.54.6,84,88,83,87,Weib,Frau,word:Weib-Frau
Isa.54.6,97,100,96,100,ein,eine,grammar:Frau-determiner
Isa.54.6,101,107,101,106,junges,junge,grammar:Frau-adjective
Isa.54.6,108,112,107,111,Weib,Frau,word:Weib-Frau
Isa.54.6,114,117,113,116,das,die,grammar:Frau-relative
Isa.54.8,140,144,140,144,HErr,HERR,name:Luther-divine-capitalization
Isa.54.10,163,167,163,167,HErr,HERR,name:Luther-divine-capitalization
Isa.54.13,34,39,34,39,HErrn,HERRN,name:Luther-divine-capitalization
Isa.54.17,186,191,186,191,HErrn,HERRN,name:Luther-divine-capitalization
Isa.54.17,236,240,236,240,HErr,HERR,name:Luther-divine-capitalization
Isa.55.5,114,119,114,119,HErrn,HERRN,name:Luther-divine-capitalization
Isa.55.6,11,16,11,16,HErrn,HERRN,name:Luther-divine-capitalization
Isa.55.7,89,94,89,94,HErrn,HERRN,name:Luther-divine-capitalization
Isa.55.8,95,99,95,99,HErr,HERR,name:Luther-divine-capitalization
Isa.55.13,67,72,67,72,HErrn,HERRN,name:Luther-divine-capitalization
Isa.56.1,15,19,15,19,HErr,HERR,name:Luther-divine-capitalization
Isa.56.3,24,29,24,29,HErrn,HERRN,name:Luther-divine-capitalization
Isa.56.3,68,72,68,72,HErr,HERR,name:Luther-divine-capitalization
Isa.56.4,20,24,20,24,HErr,HERR,name:Luther-divine-capitalization
Isa.56.6,30,35,30,35,HErrn,HERRN,name:Luther-divine-capitalization
Isa.56.8,9,13,9,13,HErr,HERR,name:Luther-divine-capitalization
Isa.57.19,124,128,124,128,HErr,HERR,name:Luther-divine-capitalization
Isa.58.5,232,237,232,237,HErrn,HERRN,name:Luther-divine-capitalization
Isa.58.8,172,177,172,177,HErrn,HERRN,name:Luther-divine-capitalization
Isa.58.9,37,41,37,41,HErr,HERR,name:Luther-divine-capitalization
Isa.58.11,8,12,8,12,HErr,HERR,name:Luther-divine-capitalization
Isa.58.13,157,162,157,162,HErrn,HERRN,name:Luther-divine-capitalization
Isa.58.14,31,36,31,36,HErrn,HERRN,name:Luther-divine-capitalization
Isa.58.14,162,167,162,167,HErrn,HERRN,name:Luther-divine-capitalization
Isa.59.1,11,16,11,16,HErrn,HERRN,name:Luther-divine-capitalization
Isa.59.13,35,40,35,40,HErrn,HERRN,name:Luther-divine-capitalization
Isa.59.15,103,107,103,107,HErr,HERR,name:Luther-divine-capitalization
Isa.59.19,18,23,18,23,HErrn,HERRN,name:Luther-divine-capitalization
Isa.59.19,168,173,168,173,HErrn,HERRN,name:Luther-divine-capitalization
Isa.59.20,109,113,109,113,HErr,HERR,name:Luther-divine-capitalization
Isa.59.21,50,54,50,54,HErr,HERR,name:Luther-divine-capitalization
Isa.59.21,239,243,239,243,HErr,HERR,name:Luther-divine-capitalization
Isa.60.1,77,82,77,82,HErrn,HERRN,name:Luther-divine-capitalization
Isa.60.2,94,98,94,98,HErr,HERR,name:Luther-divine-capitalization
Isa.60.6,153,158,153,158,HErrn,HERRN,name:Luther-divine-capitalization
Isa.60.9,153,158,153,158,HErrn,HERRN,name:Luther-divine-capitalization
Isa.60.14,176,181,176,181,HErrn,HERRN,name:Luther-divine-capitalization
Isa.60.16,120,124,120,124,HErr,HERR,name:Luther-divine-capitalization
Isa.60.19,112,116,112,116,HErr,HERR,name:Luther-divine-capitalization
Isa.60.20,85,89,85,89,HErr,HERR,name:Luther-divine-capitalization
Isa.60.22,92,96,92,96,HErr,HERR,name:Luther-divine-capitalization
Isa.61.1,20,25,20,25,HErrn,HERRN,name:Luther-divine-capitalization
Isa.61.1,60,64,60,64,HErr,HERR,name:Luther-divine-capitalization
Isa.61.2,37,42,37,42,HErrn,HERRN,name:Luther-divine-capitalization
Isa.61.3,217,222,217,222,HErrn,HERRN,name:Luther-divine-capitalization
Isa.61.6,28,33,28,33,HErrn,HERRN,name:Luther-divine-capitalization
Isa.61.8,17,21,17,21,HErr,HERR,name:Luther-divine-capitalization
Isa.61.9,168,173,168,173,HErrn,HERRN,name:Luther-divine-capitalization
Isa.61.10,18,23,18,23,HErrn,HERRN,name:Luther-divine-capitalization
Isa.61.11,143,148,143,148,HErrn,HERRN,name:Luther-divine-capitalization
Isa.62.2,142,147,142,147,HErrn,HERRN,name:Luther-divine-capitalization
Isa.62.3,52,57,52,57,HErrn,HERRN,name:Luther-divine-capitalization
Isa.62.4,132,138,132,137,Liebes,Liebe,grammar:Frau-adjective
Isa.62.4,139,143,138,142,Weib,Frau,word:Weib-Frau
Isa.62.4,162,166,161,165,HErr,HERR,name:Luther-divine-capitalization
Isa.62.5,18,21,18,22,ein,eine,grammar:Frau-determiner
Isa.62.5,22,26,23,27,Weib,Frau,word:Weib-Frau
Isa.62.6,138,143,138,143,HErrn,HERRN,name:Luther-divine-capitalization
Isa.62.8,4,8,4,8,HErr,HERR,name:Luther-divine-capitalization
Isa.62.9,60,65,60,65,HErrn,HERRN,name:Luther-divine-capitalization
Isa.62.11,11,15,11,15,HErr,HERR,name:Luther-divine-capitalization
Isa.62.12,55,60,55,60,HErrn,HERRN,name:Luther-divine-capitalization
Isa.63.7,23,28,23,28,HErrn,HERRN,name:Luther-divine-capitalization
Isa.63.7,56,61,56,61,HErrn,HERRN,name:Luther-divine-capitalization
Isa.63.7,84,88,84,88,HErr,HERR,name:Luther-divine-capitalization
Isa.63.14,55,60,55,60,HErrn,HERRN,name:Luther-divine-capitalization
Isa.63.16,96,100,96,100,HErr,HERR,name:Luther-divine-capitalization
Isa.63.17,22,26,22,26,HErr,HERR,name:Luther-divine-capitalization
Isa.64.7,10,14,10,14,HErr,HERR,name:Luther-divine-capitalization
Isa.64.8,0,4,0,4,HErr,HERR,name:Luther-divine-capitalization
Isa.64.11,0,4,0,4,HErr,HERR,name:Luther-divine-capitalization
Isa.65.7,75,79,75,79,HErr,HERR,name:Luther-divine-capitalization
Isa.65.8,15,19,15,19,HErr,HERR,name:Luther-divine-capitalization
Isa.65.11,22,27,22,27,HErrn,HERRN,name:Luther-divine-capitalization
Isa.65.13,23,27,23,27,HErr,HERR,name:Luther-divine-capitalization
Isa.65.15,74,78,74,78,HErr,HERR,name:Luther-divine-capitalization
Isa.65.23,107,112,107,112,HErrn,HERRN,name:Luther-divine-capitalization
Isa.65.25,198,202,198,202,HErr,HERR,name:Luther-divine-capitalization
Isa.66.1,15,19,15,19,HErr,HERR,name:Luther-divine-capitalization
Isa.66.2,54,58,54,58,HErr,HERR,name:Luther-divine-capitalization
Isa.66.5,10,15,10,15,HErrn,HERRN,name:Luther-divine-capitalization
Isa.66.5,176,180,176,180,HErr,HERR,name:Luther-divine-capitalization
Isa.66.6,95,100,95,100,HErrn,HERRN,name:Luther-divine-capitalization
Isa.66.9,96,100,96,100,HErr,HERR,name:Luther-divine-capitalization
Isa.66.12,22,26,22,26,HErr,HERR,name:Luther-divine-capitalization
Isa.66.14,124,129,124,129,HErrn,HERRN,name:Luther-divine-capitalization
Isa.66.15,16,20,16,20,HErr,HERR,name:Luther-divine-capitalization
Isa.66.16,9,13,9,13,HErr,HERR,name:Luther-divine-capitalization
Isa.66.16,100,105,100,105,HErrn,HERRN,name:Luther-divine-capitalization
Isa.66.17,168,172,168,172,HErr,HERR,name:Luther-divine-capitalization
Isa.66.20,67,72,67,72,HErrn,HERRN,name:Luther-divine-capitalization
Isa.66.20,207,211,207,211,HErr,HERR,name:Luther-divine-capitalization
Isa.66.20,290,295,290,295,HErrn,HERRN,name:Luther-divine-capitalization
Isa.66.21,69,73,69,73,HErr,HERR,name:Luther-divine-capitalization
Isa.66.22,93,97,93,97,HErr,HERR,name:Luther-divine-capitalization
Isa.66.23,127,131,127,131,HErr,HERR,name:Luther-divine-capitalization
Jer.1.2,32,37,32,37,HErrn,HERRN,name:Luther-divine-capitalization
Jer.1.4,8,13,8,13,HErrn,HERRN,name:Luther-divine-capitalization
Jer.1.6,26,30,26,30,HErr,HERR,name:Luther-divine-capitalization
Jer.1.7,4,8,4,8,HErr,HERR,name:Luther-divine-capitalization
Jer.1.8,87,91,87,91,HErr,HERR,name:Luther-divine-capitalization
Jer.1.9,8,12,8,12,HErr,HERR,name:Luther-divine-capitalization
Jer.1.11,19,24,19,24,HErrn,HERRN,name:Luther-divine-capitalization
Jer.1.12,8,12,8,12,HErr,HERR,name:Luther-divine-capitalization
Jer.1.13,19,24,19,24,HErrn,HERRN,name:Luther-divine-capitalization
Jer.1.14,8,12,8,12,HErr,HERR,name:Luther-divine-capitalization
Jer.1.15,91,95,91,95,HErr,HERR,name:Luther-divine-capitalization
Jer.1.19,121,125,121,125,HErr,HERR,name:Luther-divine-capitalization
Jer.2.1,8,13,8,13,HErrn,HERRN,name:Luther-divine-capitalization
Jer.2.2,72,76,72,76,HErr,HERR,name:Luther-divine-capitalization
Jer.2.3,14,19,14,19,HErrn,HERRN,name:Luther-divine-capitalization
Jer.2.3,147,151,147,151,HErr,HERR,name:Luther-divine-capitalization
Jer.2.4,10,15,10,15,HErrn,HERRN,name:Luther-divine-capitalization
Jer.2.5,15,19,15,19,HErr,HERR,name:Luther-divine-capitalization
Jer.2.6,35,39,35,39,HErr,HERR,name:Luther-divine-capitalization
Jer.2.8,41,45,41,45,HErr,HERR,name:Luther-divine-capitalization
Jer.2.9,83,87,83,87,HErr,HERR,name:Luther-divine-capitalization
Jer.2.12,87,91,87,91,HErr,HERR,name:Luther-divine-capitalization
Jer.2.17,42,47,42,47,HErrn,HERRN,name:Luther-divine-capitalization
Jer.2.19,191,196,191,196,HErrn,HERRN,name:Luther-divine-capitalization
Jer.2.19,262,266,262,266,HErr,HERR,name:Luther-divine-capitalization
Jer.2.22,139,143,139,143,HErr,HERR,name:Luther-divine-capitalization
Jer.2.29,89,93,89,93,HErr,HERR,name:Luther-divine-capitalization
Jer.2.31,27,32,27,32,HErrn,HERRN,name:Luther-divine-capitalization
Jer.2.37,96,100,96,100,HErr,HERR,name:Luther-divine-capitalization
Jer.3.1,39,45,39,45,seinem,seiner,grammar:Frau-determiner
Jer.3.1,46,51,46,50,Weibe,Frau,word:Weib-Frau
Jer.3.1,276,280,275,279,HErr,HERR,name:Luther-divine-capitalization
Jer.3.6,8,12,8,12,HErr,HERR,name:Luther-divine-capitalization
Jer.3.10,137,141,137,141,HErr,HERR,name:Luther-divine-capitalization
Jer.3.11,8,12,8,12,HErr,HERR,name:Luther-divine-capitalization
Jer.3.12,112,116,112,116,HErr,HERR,name:Luther-divine-capitalization
Jer.3.12,209,213,209,213,HErr,HERR,name:Luther-divine-capitalization
Jer.3.13,49,54,49,54,HErrn,HERRN,name:Luther-divine-capitalization
Jer.3.13,217,221,217,221,HErr,HERR,name:Luther-divine-capitalization
Jer.3.14,51,55,51,55,HErr,HERR,name:Luther-divine-capitalization
Jer.3.16,110,114,110,114,HErr,HERR,name:Luther-divine-capitalization
Jer.3.16,172,177,172,177,HErrn,HERRN,name:Luther-divine-capitalization
Jer.3.17,55,60,55,60,HErrn,HERRN,name:Luther-divine-capitalization
Jer.3.17,129,134,129,134,HErrn,HERRN,name:Luther-divine-capitalization
Jer.3.20,51,54,51,55,ein,eine,grammar:Frau-determiner
Jer.3.20,55,59,56,60,Weib,Frau,word:Weib-Frau
Jer.3.20,104,108,105,109,HErr,HERR,name:Luther-divine-capitalization
Jer.3.21,115,120,115,120,HErrn,HERRN,name:Luther-divine-capitalization
Jer.3.22,135,139,135,139,HErr,HERR,name:Luther-divine-capitalization
Jer.3.23,107,112,107,112,HErrn,HERRN,name:Luther-divine-capitalization
Jer.3.25,163,168,163,168,HErrn,HERRN,name:Luther-divine-capitalization
Jer.3.25,307,312,307,312,HErrn,HERRN,name:Luther-divine-capitalization
Jer.4.1,46,50,46,50,HErr,HERR,name:Luther-divine-capitalization
Jer.4.2,71,75,71,75,HErr,HERR,name:Luther-divine-capitalization
Jer.4.3,20,24,20,24,HErr,HERR,name:Luther-divine-capitalization
Jer.4.4,21,26,21,26,HErrn,HERRN,name:Luther-divine-capitalization
Jer.4.8,69,74,69,74,HErrn,HERRN,name:Luther-divine-capitalization
Jer.4.9,25,29,25,29,HErr,HERR,name:Luther-divine-capitalization
Jer.4.10,26,30,26,30,HErr,HERR,name:Luther-divine-capitalization
Jer.4.17,104,108,104,108,HErr,HERR,name:Luther-divine-capitalization
Jer.4.26,95,100,95,100,HErrn,HERRN,name:Luther-divine-capitalization
Jer.4.27,20,24,20,24,HErr,HERR,name:Luther-divine-capitalization
Jer.5.3,0,4,0,4,HErr,HERR,name:Luther-divine-capitalization
Jer.5.4,77,82,77,82,HErrn,HERRN,name:Luther-divine-capitalization
Jer.5.5,72,77,72,77,HErrn,HERRN,name:Luther-divine-capitalization
Jer.5.8,43,48,43,47,Weibe,Frau,word:Weib-Frau
Jer.5.9,60,64,60,64,HErr,HERR,name:Luther-divine-capitalization
Jer.5.10,113,118,113,118,HErrn,HERRN,name:Luther-divine-capitalization
Jer.5.11,82,86,82,86,HErr,HERR,name:Luther-divine-capitalization
Jer.5.12,19,24,19,24,HErrn,HERRN,name:Luther-divine-capitalization
Jer.5.14,18,22,18,22,HErr,HERR,name:Luther-divine-capitalization
Jer.5.15,56,60,56,60,HErr,HERR,name:Luther-divine-capitalization
Jer.5.18,29,33,29,33,HErr,HERR,name:Luther-divine-capitalization
Jer.5.19,44,48,44,48,HErr,HERR,name:Luther-divine-capitalization
Jer.5.22,43,47,43,47,HErr,HERR,name:Luther-divine-capitalization
Jer.5.24,63,68,63,68,HErrn,HERRN,name:Luther-divine-capitalization
Jer.5.29,54,58,54,58,HErr,HERR,name:Luther-divine-capitalization
Jer.6.6,22,26,22,26,HErr,HERR,name:Luther-divine-capitalization
Jer.6.9,15,19,15,19,HErr,HERR,name:Luther-divine-capitalization
Jer.6.10,160,165,160,165,HErrn,HERRN,name:Luther-divine-capitalization
Jer.6.11,22,27,22,27,HErrn,HERRN,name:Luther-divine-capitalization
Jer.6.11,194,198,194,198,Weib,Frau,word:Weib-Frau
Jer.6.12,65,72,65,71,Weibern,Frauen,word:Weib-Frau
Jer.6.12,124,128,123,127,HErr,HERR,name:Luther-divine-capitalization
Jer.6.15,249,253,249,253,HErr,HERR,name:Luther-divine-capitalization
Jer.6.16,15,19,15,19,HErr,HERR,name:Luther-divine-capitalization
Jer.6.21,18,22,18,22,HErr,HERR,name:Luther-divine-capitalization
Jer.6.22,15,19,15,19,HErr,HERR,name:Luther-divine-capitalization
Jer.6.30,55,59,55,59,HErr,HERR,name:Luther-divine-capitalization
Jer.7.1,50,55,50,55,HErrn,HERRN,name:Luther-divine-capitalization
Jer.7.2,27,32,27,32,HErrn,HERRN,name:Luther-divine-capitalization
Jer.7.2,88,93,88,93,HErrn,HERRN,name:Luther-divine-capitalization
Jer.7.2,157,162,157,162,HErrn,HERRN,name:Luther-divine-capitalization
Jer.7.3,15,19,15,19,HErr,HERR,name:Luther-divine-capitalization
Jer.7.4,64,69,64,69,HErrn,HERRN,name:Luther-divine-capitalization
Jer.7.4,91,96,91,96,HErrn,HERRN,name:Luther-divine-capitalization
Jer.7.4,118,123,118,123,HErrn,HERRN,name:Luther-divine-capitalization
Jer.7.11,123,127,123,127,HErr,HERR,name:Luther-divine-capitalization
Jer.7.13,53,57,53,57,HErr,HERR,name:Luther-divine-capitalization
Jer.7.18,65,71,65,71,Weiber,Frauen,word:Weib-Frau
Jer.7.19,45,49,45,49,HErr,HERR,name:Luther-divine-capitalization
Jer.7.20,23,27,23,27,HErr,HERR,name:Luther-divine-capitalization
Jer.7.21,15,19,15,19,HErr,HERR,name:Luther-divine-capitalization
Jer.7.28,50,55,50,55,HErrn,HERRN,name:Luther-divine-capitalization
Jer.7.29,82,86,82,86,HErr,HERR,name:Luther-divine-capitalization
Jer.7.30,60,64,60,64,HErr,HERR,name:Luther-divine-capitalization
Jer.7.32,44,48,44,48,HErr,HERR,name:Luther-divine-capitalization
Jer.8.1,31,35,31,35,HErr,HERR,name:Luther-divine-capitalization
Jer.8.3,159,163,159,163,HErr,HERR,name:Luther-divine-capitalization
Jer.8.4,38,42,38,42,HErr,HERR,name:Luther-divine-capitalization
Jer.8.7,166,171,166,171,HErrn,HERRN,name:Luther-divine-capitalization
Jer.8.9,119,124,119,124,HErrn,HERRN,name:Luther-divine-capitalization
Jer.8.10,20,26,20,26,Weiber,Frauen,word:Weib-Frau
Jer.8.12,249,253,249,253,HErr,HERR,name:Luther-divine-capitalization
Jer.8.13,39,43,39,43,HErr,HERR,name:Luther-divine-capitalization
Jer.8.14,129,133,129,133,HErr,HERR,name:Luther-divine-capitalization
Jer.8.14,248,253,248,253,HErrn,HERRN,name:Luther-divine-capitalization
Jer.8.17,132,136,132,136,HErr,HERR,name:Luther-divine-capitalization
Jer.8.19,83,87,83,87,HErr,HERR,name:Luther-divine-capitalization
Jer.9.2,169,173,169,173,HErr,HERR,name:Luther-divine-capitalization
Jer.9.5,107,111,107,111,HErr,HERR,name:Luther-divine-capitalization
Jer.9.6,18,22,18,22,HErr,HERR,name:Luther-divine-capitalization
Jer.9.8,62,66,62,66,HErr,HERR,name:Luther-divine-capitalization
Jer.9.11,78,83,78,83,HErrn,HERRN,name:Luther-divine-capitalization
Jer.9.12,8,12,8,12,HErr,HERR,name:Luther-divine-capitalization
Jer.9.14,18,22,18,22,HErr,HERR,name:Luther-divine-capitalization
Jer.9.16,15,19,15,19,HErr,HERR,name:Luther-divine-capitalization
Jer.9.19,18,24,18,24,Weiber,Frauen,word:Weib-Frau
Jer.9.19,30,35,30,35,HErrn,HERRN,name:Luther-divine-capitalization
Jer.9.21,15,19,15,19,HErr,HERR,name:Luther-divine-capitalization
Jer.9.22,15,19,15,19,HErr,HERR,name:Luther-divine-capitalization
Jer.9.23,93,97,93,97,HErr,HERR,name:Luther-divine-capitalization
Jer.9.23,200,204,200,204,HErr,HERR,name:Luther-divine-capitalization
Jer.9.24,38,42,38,42,HErr,HERR,name:Luther-divine-capitalization
Jer.10.1,15,19,15,19,HErr,HERR,name:Luther-divine-capitalization
Jer.10.2,15,19,15,19,HErr,HERR,name:Luther-divine-capitalization
Jer.10.6,10,14,10,14,HErr,HERR,name:Luther-divine-capitalization
Jer.10.10,9,13,9,13,HErr,HERR,name:Luther-divine-capitalization
Jer.10.16,130,134,130,134,HErr,HERR,name:Luther-divine-capitalization
Jer.10.18,20,24,20,24,HErr,HERR,name:Luther-divine-capitalization
Jer.10.21,60,65,60,65,HErrn,HERRN,name:Luther-divine-capitalization
Jer.10.23,10,14,10,14,HErr,HERR,name:Luther-divine-capitalization
Jer.10.24,15,19,15,19,HErr,HERR,name:Luther-divine-capitalization
Jer.11.1,46,51,46,51,HErrn,HERRN,name:Luther-divine-capitalization
Jer.11.3,36,40,36,40,HErr,HERR,name:Luther-divine-capitalization
Jer.11.5,187,191,187,191,HErr,HERR,name:Luther-divine-capitalization
Jer.11.6,8,12,8,12,HErr,HERR,name:Luther-divine-capitalization
Jer.11.9,8,12,8,12,HErr,HERR,name:Luther-divine-capitalization
Jer.11.11,25,29,25,29,HErr,HERR,name:Luther-divine-capitalization
Jer.11.16,4,8,4,8,HErr,HERR,name:Luther-divine-capitalization
Jer.11.17,9,13,9,13,HErr,HERR,name:Luther-divine-capitalization
Jer.11.18,4,8,4,8,HErr,HERR,name:Luther-divine-capitalization
Jer.11.20,9,13,9,13,HErr,HERR,name:Luther-divine-capitalization
Jer.11.21,18,22,18,22,HErr,HERR,name:Luther-divine-capitalization
Jer.11.21,137,142,137,142,HErrn,HERRN,name:Luther-divine-capitalization
Jer.11.22,18,22,18,22,HErr,HERR,name:Luther-divine-capitalization
Jer.12.1,0,4,0,4,HErr,HERR,name:Luther-divine-capitalization
Jer.12.3,11,15,11,15,HErr,HERR,name:Luther-divine-capitalization
Jer.12.12,89,94,89,94,HErrn,HERRN,name:Luther-divine-capitalization
Jer.12.13,188,193,188,193,HErrn,HERRN,name:Luther-divine-capitalization
Jer.12.14,15,19,15,19,HErr,HERR,name:Luther-divine-capitalization
Jer.12.16,107,111,107,111,HErr,HERR,name:Luther-divine-capitalization
Jer.12.17,94,98,94,98,HErr,HERR,name:Luther-divine-capitalization
Jer.13.1,15,19,15,19,HErr,HERR,name:Luther-divine-capitalization
Jer.13.2,48,53,48,53,HErrn,HERRN,name:Luther-divine-capitalization
Jer.13.3,15,20,15,20,HErrn,HERRN,name:Luther-divine-capitalization
Jer.13.5,56,60,56,60,HErr,HERR,name:Luther-divine-capitalization
Jer.13.6,33,37,33,37,HErr,HERR,name:Luther-divine-capitalization
Jer.13.8,15,20,15,20,HErrn,HERRN,name:Luther-divine-capitalization
Jer.13.9,15,19,15,19,HErr,HERR,name:Luther-divine-capitalization
Jer.13.11,86,90,86,90,HErr,HERR,name:Luther-divine-capitalization
Jer.13.12,46,50,46,50,HErr,HERR,name:Luther-divine-capitalization
Jer.13.13,35,39,35,39,HErr,HERR,name:Luther-divine-capitalization
Jer.13.14,84,88,84,88,HErr,HERR,name:Luther-divine-capitalization
Jer.13.15,56,60,56,60,HErr,HERR,name:Luther-divine-capitalization
Jer.13.16,10,15,10,15,HErrn,HERRN,name:Luther-divine-capitalization
Jer.13.17,141,146,141,146,HErrn,HERRN,name:Luther-divine-capitalization
Jer.13.21,180,183,180,184,ein,eine,grammar:Frau-determiner
Jer.13.21,184,188,185,189,Weib,Frau,word:Weib-Frau
Jer.13.25,80,84,80,84,HErr,HERR,name:Luther-divine-capitalization
Jer.14.1,27,31,27,31,HErr,HERR,name:Luther-divine-capitalization
Jer.14.7,4,8,4,8,HErr,HERR,name:Luther-divine-capitalization
Jer.14.9,122,126,122,126,HErr,HERR,name:Luther-divine-capitalization
Jer.14.10,15,19,15,19,HErr,HERR,name:Luther-divine-capitalization
Jer.14.10,118,122,118,122,HErr,HERR,name:Luther-divine-capitalization
Jer.14.11,8,12,8,12,HErr,HERR,name:Luther-divine-capitalization
Jer.14.13,24,28,24,28,HErr,HERR,name:Luther-divine-capitalization
Jer.14.14,8,12,8,12,HErr,HERR,name:Luther-divine-capitalization
Jer.14.15,21,25,21,25,HErr,HERR,name:Luther-divine-capitalization
Jer.14.16,161,167,161,167,Weiber,Frauen,word:Weib-Frau
Jer.14.20,0,4,0,4,HErr,HERR,name:Luther-divine-capitalization
Jer.14.22,126,130,126,130,HErr,HERR,name:Luther-divine-capitalization
Jer.15.1,8,12,8,12,HErr,HERR,name:Luther-divine-capitalization
Jer.15.2,81,85,81,85,HErr,HERR,name:Luther-divine-capitalization
Jer.15.3,63,67,63,67,HErr,HERR,name:Luther-divine-capitalization
Jer.15.6,36,40,36,40,HErr,HERR,name:Luther-divine-capitalization
Jer.15.9,246,250,246,250,HErr,HERR,name:Luther-divine-capitalization
Jer.15.11,4,8,4,8,HErr,HERR,name:Luther-divine-capitalization
Jer.15.15,4,8,4,8,HErr,HERR,name:Luther-divine-capitalization
Jer.15.16,139,143,139,143,HErr,HERR,name:Luther-divine-capitalization
Jer.15.19,18,22,18,22,HErr,HERR,name:Luther-divine-capitalization
Jer.15.20,207,211,207,211,HErr,HERR,name:Luther-divine-capitalization
Jer.16.1,8,13,8,13,HErrn,HERRN,name:Luther-divine-capitalization
Jer.16.2,10,14,10,15,kein,keine,grammar:Frau-determiner
Jer.16.2,15,19,16,20,Weib,Frau,word:Weib-Frau
Jer.16.3,20,24,20,24,HErr,HERR,name:Luther-divine-capitalization
Jer.16.5,20,24,20,24,HErr,HERR,name:Luther-divine-capitalization
Jer.16.5,208,212,208,212,HErr,HERR,name:Luther-divine-capitalization
Jer.16.9,20,24,20,24,HErr,HERR,name:Luther-divine-capitalization
Jer.16.10,98,102,98,102,HErr,HERR,name:Luther-divine-capitalization
Jer.16.10,192,197,192,197,HErrn,HERRN,name:Luther-divine-capitalization
Jer.16.11,79,83,79,83,HErr,HERR,name:Luther-divine-capitalization
Jer.16.14,44,48,44,48,HErr,HERR,name:Luther-divine-capitalization
Jer.16.14,94,98,94,98,HErr,HERR,name:Luther-divine-capitalization
Jer.16.15,21,25,21,25,HErr,HERR,name:Luther-divine-capitalization
Jer.16.16,53,57,53,57,HErr,HERR,name:Luther-divine-capitalization
Jer.16.19,0,4,0,4,HErr,HERR,name:Luther-divine-capitalization
Jer.16.21,118,122,118,122,HErr,HERR,name:Luther-divine-capitalization
Jer.17.5,15,19,15,19,HErr,HERR,name:Luther-divine-capitalization
Jer.17.5,134,139,134,139,HErrn,HERRN,name:Luther-divine-capitalization
Jer.17.7,45,50,45,50,HErrn,HERRN,name:Luther-divine-capitalization
Jer.17.7,83,87,83,87,HErr,HERR,name:Luther-divine-capitalization
Jer.17.10,9,13,9,13,HErr,HERR,name:Luther-divine-capitalization
Jer.17.13,6,10,6,10,HErr,HERR,name:Luther-divine-capitalization
Jer.17.13,177,182,177,182,HErrn,HERRN,name:Luther-divine-capitalization
Jer.17.14,15,19,15,19,HErr,HERR,name:Luther-divine-capitalization
Jer.17.15,44,49,44,49,HErrn,HERRN,name:Luther-divine-capitalization
Jer.17.19,15,19,15,19,HErr,HERR,name:Luther-divine-capitalization
Jer.17.20,31,36,31,36,HErrn,HERRN,name:Luther-divine-capitalization
Jer.17.21,15,19,15,19,HErr,HERR,name:Luther-divine-capitalization
Jer.17.24,38,42,38,42,HErr,HERR,name:Luther-divine-capitalization
Jer.17.26,236,241,236,241,HErrn,HERRN,name:Luther-divine-capitalization
Jer.18.1,35,40,35,40,HErrn,HERRN,name:Luther-divine-capitalization
Jer.18.5,15,20,15,20,HErrn,HERRN,name:Luther-divine-capitalization
Jer.18.6,96,100,96,100,HErr,HERR,name:Luther-divine-capitalization
Jer.18.11,79,83,79,83,HErr,HERR,name:Luther-divine-capitalization
Jer.18.13,18,22,18,22,HErr,HERR,name:Luther-divine-capitalization
Jer.18.19,0,4,0,4,HErr,HERR,name:Luther-divine-capitalization
Jer.18.21,80,86,80,86,Weiber,Frauen,word:Weib-Frau
Jer.18.23,13,17,13,17,HErr,HERR,name:Luther-divine-capitalization
Jer.19.1,15,19,15,19,HErr,HERR,name:Luther-divine-capitalization
Jer.19.3,22,27,22,27,HErrn,HERRN,name:Luther-divine-capitalization
Jer.19.3,91,95,91,95,HErr,HERR,name:Luther-divine-capitalization
Jer.19.6,50,54,50,54,HErr,HERR,name:Luther-divine-capitalization
Jer.19.11,36,40,36,40,HErr,HERR,name:Luther-divine-capitalization
Jer.19.12,43,47,43,47,HErr,HERR,name:Luther-divine-capitalization
Jer.19.14,54,58,54,58,HErr,HERR,name:Luther-divine-capitalization
Jer.19.14,123,128,123,128,HErrn,HERRN,name:Luther-divine-capitalization
Jer.19.15,15,19,15,19,HErr,HERR,name:Luther-divine-capitalization
Jer.20.1,77,82,77,82,HErrn,HERRN,name:Luther-divine-capitalization
Jer.20.2,108,113,108,113,HErrn,HERRN,name:Luther-divine-capitalization
Jer.20.3,87,91,87,91,HErr,HERR,name:Luther-divine-capitalization
Jer.20.4,20,24,20,24,HErr,HERR,name:Luther-divine-capitalization
Jer.20.7,0,4,0,4,HErr,HERR,name:Luther-divine-capitalization
Jer.20.8,92,97,92,97,HErrn,HERRN,name:Luther-divine-capitalization
Jer.20.11,9,13,9,13,HErr,HERR,name:Luther-divine-capitalization
Jer.20.12,9,13,9,13,HErr,HERR,name:Luther-divine-capitalization
Jer.20.13,11,16,11,16,HErrn,HERRN,name:Luther-divine-capitalization
Jer.20.13,28,33,28,33,HErrn,HERRN,name:Luther-divine-capitalization
Jer.20.16,44,48,44,48,HErr,HERR,name:Luther-divine-capitalization
Jer.21.1,27,32,27,32,HErrn,HERRN,name:Luther-divine-capitalization
Jer.21.2,15,20,15,20,HErrn,HERRN,name:Luther-divine-capitalization
Jer.21.2,98,102,98,102,HErr,HERR,name:Luther-divine-capitalization
Jer.21.4,16,20,16,20,HErr,HERR,name:Luther-divine-capitalization
Jer.21.7,25,29,25,29,HErr,HERR,name:Luther-divine-capitalization
Jer.21.8,37,41,37,41,HErr,HERR,name:Luther-divine-capitalization
Jer.21.10,101,105,101,105,HErr,HERR,name:Luther-divine-capitalization
Jer.21.11,14,19,14,19,HErrn,HERRN,name:Luther-divine-capitalization
Jer.21.12,30,34,30,34,HErr,HERR,name:Luther-divine-capitalization
Jer.21.13,19,23,19,23,HErr,HERR,name:Luther-divine-capitalization
Jer.21.14,38,42,38,42,HErr,HERR,name:Luther-divine-capitalization
Jer.22.1,15,19,15,19,HErr,HERR,name:Luther-divine-capitalization
Jer.22.2,21,26,21,26,HErrn,HERRN,name:Luther-divine-capitalization
Jer.22.3,15,19,15,19,HErr,HERR,name:Luther-divine-capitalization
Jer.22.5,92,96,92,96,HErr,HERR,name:Luther-divine-capitalization
Jer.22.6,20,24,20,24,HErr,HERR,name:Luther-divine-capitalization
Jer.22.8,92,96,92,96,HErr,HERR,name:Luther-divine-capitalization
Jer.22.9,52,57,52,57,HErrn,HERRN,name:Luther-divine-capitalization
Jer.22.11,20,24,20,24,HErr,HERR,name:Luther-divine-capitalization
Jer.22.16,134,138,134,138,HErr,HERR,name:Luther-divine-capitalization
Jer.22.18,18,22,18,22,HErr,HERR,name:Luther-divine-capitalization
Jer.22.24,30,34,30,34,HErr,HERR,name:Luther-divine-capitalization
Jer.22.29,29,34,29,34,HErrn,HERRN,name:Luther-divine-capitalization
Jer.22.30,15,19,15,19,HErr,HERR,name:Luther-divine-capitalization
Jer.23.1,86,90,86,90,HErr,HERR,name:Luther-divine-capitalization
Jer.23.2,18,22,18,22,HErr,HERR,name:Luther-divine-capitalization
Jer.23.2,218,222,218,222,HErr,HERR,name:Luther-divine-capitalization
Jer.23.4,155,159,155,159,HErr,HERR,name:Luther-divine-capitalization
Jer.23.5,38,42,38,42,HErr,HERR,name:Luther-divine-capitalization
Jer.23.6,127,131,127,131,HErr,HERR,name:Luther-divine-capitalization
Jer.23.7,50,54,50,54,HErr,HERR,name:Luther-divine-capitalization
Jer.23.7,100,104,100,104,HErr,HERR,name:Luther-divine-capitalization
Jer.23.8,21,25,21,25,HErr,HERR,name:Luther-divine-capitalization
Jer.23.9,171,176,171,176,HErrn,HERRN,name:Luther-divine-capitalization
Jer.23.11,111,115,111,115,HErr,HERR,name:Luther-divine-capitalization
Jer.23.12,168,172,168,172,HErr,HERR,name:Luther-divine-capitalization
Jer.23.15,18,22,18,22,HErr,HERR,name:Luther-divine-capitalization
Jer.23.16,15,19,15,19,HErr,HERR,name:Luther-divine-capitalization
Jer.23.16,167,172,167,172,HErrn,HERRN,name:Luther-divine-capitalization
Jer.23.17,40,44,40,44,HErr,HERR,name:Luther-divine-capitalization
Jer.23.18,24,29,24,29,HErrn,HERRN,name:Luther-divine-capitalization
Jer.23.19,30,35,30,35,HErrn,HERRN,name:Luther-divine-capitalization
Jer.23.20,8,13,8,13,HErrn,HERRN,name:Luther-divine-capitalization
Jer.23.23,48,52,48,52,HErr,HERR,name:Luther-divine-capitalization
Jer.23.24,94,98,94,98,HErr,HERR,name:Luther-divine-capitalization
Jer.23.24,157,161,157,161,HErr,HERR,name:Luther-divine-capitalization
Jer.23.28,157,161,157,161,HErr,HERR,name:Luther-divine-capitalization
Jer.23.29,43,47,43,47,HErr,HERR,name:Luther-divine-capitalization
Jer.23.30,52,56,52,56,HErr,HERR,name:Luther-divine-capitalization
Jer.23.31,46,50,46,50,HErr,HERR,name:Luther-divine-capitalization
Jer.23.32,66,70,66,70,HErr,HERR,name:Luther-divine-capitalization
Jer.23.32,273,277,273,277,HErr,HERR,name:Luther-divine-capitalization
Jer.23.33,105,110,105,110,HErrn,HERRN,name:Luther-divine-capitalization
Jer.23.33,193,197,193,197,HErr,HERR,name:Luther-divine-capitalization
Jer.23.34,81,86,81,86,HErrn,HERRN,name:Luther-divine-capitalization
Jer.23.35,92,96,92,96,HErr,HERR,name:Luther-divine-capitalization
Jer.23.35,115,119,115,119,HErr,HERR,name:Luther-divine-capitalization
Jer.23.36,33,38,33,38,HErrn,HERRN,name:Luther-divine-capitalization
Jer.23.36,154,159,154,159,HErrn,HERRN,name:Luther-divine-capitalization
Jer.23.37,64,68,64,68,HErr,HERR,name:Luther-divine-capitalization
Jer.23.37,87,91,87,91,HErr,HERR,name:Luther-divine-capitalization
Jer.23.38,34,39,34,39,HErrn,HERRN,name:Luther-divine-capitalization
Jer.23.38,60,64,60,64,HErr,HERR,name:Luther-divine-capitalization
Jer.23.38,106,111,106,111,HErrn,HERRN,name:Luther-divine-capitalization
Jer.23.38,201,206,201,206,HErrn,HERRN,name:Luther-divine-capitalization
Jer.24.1,11,15,11,15,HErr,HERR,name:Luther-divine-capitalization
Jer.24.1,73,78,73,78,HErrn,HERRN,name:Luther-divine-capitalization
Jer.24.3,8,12,8,12,HErr,HERR,name:Luther-divine-capitalization
Jer.24.4,15,20,15,20,HErrn,HERRN,name:Luther-divine-capitalization
Jer.24.5,15,19,15,19,HErr,HERR,name:Luther-divine-capitalization
Jer.24.7,73,77,73,77,HErr,HERR,name:Luther-divine-capitalization
Jer.24.8,92,96,92,96,HErr,HERR,name:Luther-divine-capitalization
Jer.25.3,83,88,83,88,HErrn,HERRN,name:Luther-divine-capitalization
Jer.25.4,11,15,11,15,HErr,HERR,name:Luther-divine-capitalization
Jer.25.5,127,131,127,131,HErr,HERR,name:Luther-divine-capitalization
Jer.25.7,50,54,50,54,HErr,HERR,name:Luther-divine-capitalization
Jer.25.8,21,25,21,25,HErr,HERR,name:Luther-divine-capitalization
Jer.25.9,92,96,92,96,HErr,HERR,name:Luther-divine-capitalization
Jer.25.12,105,109,105,109,HErr,HERR,name:Luther-divine-capitalization
Jer.25.15,29,33,29,33,HErr,HERR,name:Luther-divine-capitalization
Jer.25.17,41,46,41,46,HErrn,HERRN,name:Luther-divine-capitalization
Jer.25.17,93,97,93,97,HErr,HERR,name:Luther-divine-capitalization
Jer.25.27,36,40,36,40,HErr,HERR,name:Luther-divine-capitalization
Jer.25.28,108,112,108,112,HErr,HERR,name:Luther-divine-capitalization
Jer.25.29,235,239,235,239,HErr,HERR,name:Luther-divine-capitalization
Jer.25.30,72,76,72,76,HErr,HERR,name:Luther-divine-capitalization
Jer.25.31,4,8,4,8,HErr,HERR,name:Luther-divine-capitalization
Jer.25.31,139,143,139,143,HErr,HERR,name:Luther-divine-capitalization
Jer.25.32,15,19,15,19,HErr,HERR,name:Luther-divine-capitalization
Jer.25.33,31,36,31,36,HErrn,HERRN,name:Luther-divine-capitalization
Jer.25.36,89,93,89,93,HErr,HERR,name:Luther-divine-capitalization
Jer.25.37,77,82,77,82,HErrn,HERRN,name:Luther-divine-capitalization
Jer.26.1,99,104,99,104,HErrn,HERRN,name:Luther-divine-capitalization
Jer.26.2,15,19,15,19,HErr,HERR,name:Luther-divine-capitalization
Jer.26.2,54,59,54,59,HErrn,HERRN,name:Luther-divine-capitalization
Jer.26.2,136,141,136,141,HErrn,HERRN,name:Luther-divine-capitalization
Jer.26.4,36,40,36,40,HErr,HERR,name:Luther-divine-capitalization
Jer.26.7,103,108,103,108,HErrn,HERRN,name:Luther-divine-capitalization
Jer.26.8,52,56,52,56,HErr,HERR,name:Luther-divine-capitalization
Jer.26.9,32,37,32,37,HErrn,HERRN,name:Luther-divine-capitalization
Jer.26.9,200,205,200,205,HErrn,HERRN,name:Luther-divine-capitalization
Jer.26.10,89,94,89,94,HErrn,HERRN,name:Luther-divine-capitalization
Jer.26.10,133,138,133,138,HErrn,HERRN,name:Luther-divine-capitalization
Jer.26.12,60,64,60,64,HErr,HERR,name:Luther-divine-capitalization
Jer.26.13,65,70,65,70,HErrn,HERRN,name:Luther-divine-capitalization
Jer.26.13,98,103,98,103,HErrn,HERRN,name:Luther-divine-capitalization
Jer.26.15,150,154,150,154,HErr,HERR,name:Luther-divine-capitalization
Jer.26.16,152,157,152,157,HErrn,HERRN,name:Luther-divine-capitalization
Jer.26.18,123,127,123,127,HErr,HERR,name:Luther-divine-capitalization
Jer.26.19,108,113,108,113,HErrn,HERRN,name:Luther-divine-capitalization
Jer.26.19,134,139,134,139,HErrn,HERRN,name:Luther-divine-capitalization
Jer.26.19,159,164,159,164,HErrn,HERRN,name:Luther-divine-capitalization
Jer.26.20,36,41,36,41,HErrn,HERRN,name:Luther-divine-capitalization
Jer.27.1,99,104,99,104,HErrn,HERRN,name:Luther-divine-capitalization
Jer.27.2,15,19,15,19,HErr,HERR,name:Luther-divine-capitalization
Jer.27.4,63,67,63,67,HErr,HERR,name:Luther-divine-capitalization
Jer.27.8,237,241,237,241,HErr,HERR,name:Luther-divine-capitalization
Jer.27.11,171,175,171,175,HErr,HERR,name:Luther-divine-capitalization
Jer.27.13,93,97,93,97,HErr,HERR,name:Luther-divine-capitalization
Jer.27.15,44,48,44,48,HErr,HERR,name:Luther-divine-capitalization
Jer.27.16,84,88,84,88,HErr,HERR,name:Luther-divine-capitalization
Jer.27.16,204,209,204,209,HErrn,HERRN,name:Luther-divine-capitalization
Jer.27.18,42,47,42,47,HErrn,HERRN,name:Luther-divine-capitalization
Jer.27.18,71,76,71,76,HErrn,HERRN,name:Luther-divine-capitalization
Jer.27.18,132,137,132,137,HErrn,HERRN,name:Luther-divine-capitalization
Jer.27.19,22,26,22,26,HErr,HERR,name:Luther-divine-capitalization
Jer.27.21,22,26,22,26,HErr,HERR,name:Luther-divine-capitalization
Jer.27.21,104,109,104,109,HErrn,HERRN,name:Luther-divine-capitalization
Jer.27.22,108,112,108,112,HErr,HERR,name:Luther-divine-capitalization
Jer.28.1,194,199,194,199,HErrn,HERRN,name:Luther-divine-capitalization
Jer.28.2,15,19,15,19,HErr,HERR,name:Luther-divine-capitalization
Jer.28.3,64,69,64,69,HErrn,HERRN,name:Luther-divine-capitalization
Jer.28.4,167,171,167,171,HErr,HERR,name:Luther-divine-capitalization
Jer.28.5,124,129,124,129,HErrn,HERRN,name:Luther-divine-capitalization
Jer.28.6,21,25,21,25,HErr,HERR,name:Luther-divine-capitalization
Jer.28.6,40,44,40,44,HErr,HERR,name:Luther-divine-capitalization
Jer.28.6,127,132,127,132,HErrn,HERRN,name:Luther-divine-capitalization
Jer.28.9,76,80,76,80,HErr,HERR,name:Luther-divine-capitalization
Jer.28.11,65,69,65,69,HErr,HERR,name:Luther-divine-capitalization
Jer.28.12,9,14,9,14,HErrn,HERRN,name:Luther-divine-capitalization
Jer.28.13,42,46,42,46,HErr,HERR,name:Luther-divine-capitalization
Jer.28.14,20,24,20,24,HErr,HERR,name:Luther-divine-capitalization
Jer.28.15,78,82,78,82,HErr,HERR,name:Luther-divine-capitalization
Jer.28.16,18,22,18,22,HErr,HERR,name:Luther-divine-capitalization
Jer.28.16,139,144,139,144,HErrn,HERRN,name:Luther-divine-capitalization
Jer.29.4,15,19,15,19,HErr,HERR,name:Luther-divine-capitalization
Jer.29.6,7,13,7,13,Weiber,Frauen,word:Weib-Frau
Jer.29.6,64,70,64,70,Weiber,Frauen,word:Weib-Frau
Jer.29.7,85,90,85,90,HErrn,HERRN,name:Luther-divine-capitalization
Jer.29.8,20,24,20,24,HErr,HERR,name:Luther-divine-capitalization
Jer.29.9,88,92,88,92,HErr,HERR,name:Luther-divine-capitalization
Jer.29.10,20,24,20,24,HErr,HERR,name:Luther-divine-capitalization
Jer.29.11,69,73,69,73,HErr,HERR,name:Luther-divine-capitalization
Jer.29.14,53,57,53,57,HErr,HERR,name:Luther-divine-capitalization
Jer.29.14,189,193,189,193,HErr,HERR,name:Luther-divine-capitalization
Jer.29.15,21,25,21,25,HErr,HERR,name:Luther-divine-capitalization
Jer.29.16,22,26,22,26,HErr,HERR,name:Luther-divine-capitalization
Jer.29.17,23,27,23,27,HErr,HERR,name:Luther-divine-capitalization
Jer.29.19,58,62,58,62,HErr,HERR,name:Luther-divine-capitalization
Jer.29.19,172,176,172,176,HErr,HERR,name:Luther-divine-capitalization
Jer.29.20,111,116,111,116,HErrn,HERRN,name:Luther-divine-capitalization
Jer.29.21,15,19,15,19,HErr,HERR,name:Luther-divine-capitalization
Jer.29.22,110,114,110,114,HErr,HERR,name:Luther-divine-capitalization
Jer.29.23,87,94,87,93,Weibern,Frauen,word:Weib-Frau
Jer.29.23,214,218,213,217,HErr,HERR,name:Luther-divine-capitalization
Jer.29.25,15,19,15,19,HErr,HERR,name:Luther-divine-capitalization
Jer.29.26,4,8,4,8,HErr,HERR,name:Luther-divine-capitalization
Jer.29.26,111,116,111,116,HErrn,HERRN,name:Luther-divine-capitalization
Jer.29.30,18,23,18,23,HErrn,HERRN,name:Luther-divine-capitalization
Jer.29.31,67,71,67,71,HErr,HERR,name:Luther-divine-capitalization
Jer.29.32,18,22,18,22,HErr,HERR,name:Luther-divine-capitalization
Jer.29.32,222,226,222,226,HErr,HERR,name:Luther-divine-capitalization
Jer.29.32,264,269,264,269,HErrn,HERRN,name:Luther-divine-capitalization
Jer.30.1,27,32,27,32,HErrn,HERRN,name:Luther-divine-capitalization
Jer.30.2,15,19,15,19,HErr,HERR,name:Luther-divine-capitalization
Jer.30.3,43,47,43,47,HErr,HERR,name:Luther-divine-capitalization
Jer.30.3,127,131,127,131,HErr,HERR,name:Luther-divine-capitalization
Jer.30.4,37,41,37,41,HErr,HERR,name:Luther-divine-capitalization
Jer.30.5,15,19,15,19,HErr,HERR,name:Luther-divine-capitalization
Jer.30.6,137,143,137,143,Weiber,Frauen,word:Weib-Frau
Jer.30.8,54,58,54,58,HErr,HERR,name:Luther-divine-capitalization
Jer.30.9,23,28,23,28,HErrn,HERRN,name:Luther-divine-capitalization
Jer.30.10,60,64,60,64,HErr,HERR,name:Luther-divine-capitalization
Jer.30.11,34,38,34,38,HErr,HERR,name:Luther-divine-capitalization
Jer.30.12,22,26,22,26,HErr,HERR,name:Luther-divine-capitalization
Jer.30.17,77,81,77,81,HErr,HERR,name:Luther-divine-capitalization
Jer.30.18,15,19,15,19,HErr,HERR,name:Luther-divine-capitalization
Jer.30.21,170,174,170,174,HErr,HERR,name:Luther-divine-capitalization
Jer.30.23,30,35,30,35,HErrn,HERRN,name:Luther-divine-capitalization
Jer.30.24,4,9,4,9,HErrn,HERRN,name:Luther-divine-capitalization
Jer.31.1,31,35,31,35,HErr,HERR,name:Luther-divine-capitalization
Jer.31.2,15,19,15,19,HErr,HERR,name:Luther-divine-capitalization
Jer.31.3,4,8,4,8,HErr,HERR,name:Luther-divine-capitalization
Jer.31.6,138,143,138,143,HErrn,HERRN,name:Luther-divine-capitalization
Jer.31.7,22,26,22,26,HErr,HERR,name:Luther-divine-capitalization
Jer.31.7,135,139,135,139,HErr,HERR,name:Luther-divine-capitalization
Jer.31.10,23,28,23,28,HErrn,HERRN,name:Luther-divine-capitalization
Jer.31.11,9,13,9,13,HErr,HERR,name:Luther-divine-capitalization
Jer.31.12,84,89,84,89,HErrn,HERRN,name:Luther-divine-capitalization
Jer.31.14,114,118,114,118,HErr,HERR,name:Luther-divine-capitalization
Jer.31.15,15,19,15,19,HErr,HERR,name:Luther-divine-capitalization
Jer.31.16,9,13,9,13,HErr,HERR,name:Luther-divine-capitalization
Jer.31.16,143,147,143,147,HErr,HERR,name:Luther-divine-capitalization
Jer.31.17,63,67,63,67,HErr,HERR,name:Luther-divine-capitalization
Jer.31.18,171,175,171,175,HErr,HERR,name:Luther-divine-capitalization
Jer.31.20,200,204,200,204,HErr,HERR,name:Luther-divine-capitalization
Jer.31.22,71,75,71,75,HErr,HERR,name:Luther-divine-capitalization
Jer.31.22,112,115,112,115,das,die,grammar:Frau-determiner
Jer.31.22,116,120,116,120,Weib,Frau,word:Weib-Frau
Jer.31.23,15,19,15,19,HErr,HERR,name:Luther-divine-capitalization
Jer.31.23,164,168,164,168,HErr,HERR,name:Luther-divine-capitalization
Jer.31.27,38,42,38,42,HErr,HERR,name:Luther-divine-capitalization
Jer.31.28,178,182,178,182,HErr,HERR,name:Luther-divine-capitalization
Jer.31.31,38,42,38,42,HErr,HERR,name:Luther-divine-capitalization
Jer.31.32,211,215,211,215,HErr,HERR,name:Luther-divine-capitalization
Jer.31.33,103,107,103,107,HErr,HERR,name:Luther-divine-capitalization
Jer.31.34,87,92,87,92,HErrn,HERRN,name:Luther-divine-capitalization
Jer.31.34,167,171,167,171,HErr,HERR,name:Luther-divine-capitalization
Jer.31.35,15,19,15,19,HErr,HERR,name:Luther-divine-capitalization
Jer.31.35,173,177,173,177,HErr,HERR,name:Luther-divine-capitalization
Jer.31.36,52,56,52,56,HErr,HERR,name:Luther-divine-capitalization
Jer.31.37,15,19,15,19,HErr,HERR,name:Luther-divine-capitalization
Jer.31.37,180,184,180,184,HErr,HERR,name:Luther-divine-capitalization
Jer.31.38,38,42,38,42,HErr,HERR,name:Luther-divine-capitalization
Jer.31.38,63,68,63,68,HErrn,HERRN,name:Luther-divine-capitalization
Jer.31.40,140,145,140,145,HErrn,HERRN,name:Luther-divine-capitalization
Jer.32.1,27,32,27,32,HErrn,HERRN,name:Luther-divine-capitalization
Jer.32.3,122,126,122,126,HErr,HERR,name:Luther-divine-capitalization
Jer.32.5,103,107,103,107,HErr,HERR,name:Luther-divine-capitalization
Jer.32.6,31,36,31,36,HErrn,HERRN,name:Luther-divine-capitalization
Jer.32.8,47,51,47,51,HErr,HERR,name:Luther-divine-capitalization
Jer.32.8,280,285,280,285,HErrn,HERRN,name:Luther-divine-capitalization
Jer.32.14,15,19,15,19,HErr,HERR,name:Luther-divine-capitalization
Jer.32.15,20,24,20,24,HErr,HERR,name:Luther-divine-capitalization
Jer.32.16,80,85,80,85,HErrn,HERRN,name:Luther-divine-capitalization
Jer.32.17,9,13,9,13,HErr,HERR,name:Luther-divine-capitalization
Jer.32.18,136,140,136,140,HErr,HERR,name:Luther-divine-capitalization
Jer.32.25,29,33,29,33,HErr,HERR,name:Luther-divine-capitalization
Jer.32.26,8,13,8,13,HErrn,HERRN,name:Luther-divine-capitalization
Jer.32.27,16,20,16,20,HErr,HERR,name:Luther-divine-capitalization
Jer.32.28,21,25,21,25,HErr,HERR,name:Luther-divine-capitalization
Jer.32.30,176,180,176,180,HErr,HERR,name:Luther-divine-capitalization
Jer.32.36,33,37,33,37,HErr,HERR,name:Luther-divine-capitalization
Jer.32.42,20,24,20,24,HErr,HERR,name:Luther-divine-capitalization
Jer.32.44,271,275,271,275,HErr,HERR,name:Luther-divine-capitalization
Jer.33.1,8,13,8,13,HErrn,HERRN,name:Luther-divine-capitalization
Jer.33.2,15,19,15,19,HErr,HERR,name:Luther-divine-capitalization
Jer.33.2,61,65,61,65,HErr,HERR,name:Luther-divine-capitalization
Jer.33.4,20,24,20,24,HErr,HERR,name:Luther-divine-capitalization
Jer.33.10,15,19,15,19,HErr,HERR,name:Luther-divine-capitalization
Jer.33.11,151,156,151,156,HErrn,HERRN,name:Luther-divine-capitalization
Jer.33.11,264,269,264,269,HErrn,HERRN,name:Luther-divine-capitalization
Jer.33.11,341,345,341,345,HErr,HERR,name:Luther-divine-capitalization
Jer.33.12,15,19,15,19,HErr,HERR,name:Luther-divine-capitalization
Jer.33.13,217,221,217,221,HErr,HERR,name:Luther-divine-capitalization
Jer.33.14,38,42,38,42,HErr,HERR,name:Luther-divine-capitalization
Jer.33.16,102,106,102,106,HErr,HERR,name:Luther-divine-capitalization
Jer.33.17,20,24,20,24,HErr,HERR,name:Luther-divine-capitalization
Jer.33.19,8,13,8,13,HErrn,HERRN,name:Luther-divine-capitalization
Jer.33.20,15,19,15,19,HErr,HERR,name:Luther-divine-capitalization
Jer.33.23,8,13,8,13,HErrn,HERRN,name:Luther-divine-capitalization
Jer.33.24,72,76,72,76,HErr,HERR,name:Luther-divine-capitalization
Jer.33.25,15,19,15,19,HErr,HERR,name:Luther-divine-capitalization
Jer.34.1,27,32,27,32,HErrn,HERRN,name:Luther-divine-capitalization
Jer.34.2,15,19,15,19,HErr,HERR,name:Luther-divine-capitalization
Jer.34.2,117,121,117,121,HErr,HERR,name:Luther-divine-capitalization
Jer.34.4,45,50,45,50,HErrn,HERRN,name:Luther-divine-capitalization
Jer.34.4,72,76,72,76,HErr,HERR,name:Luther-divine-capitalization
Jer.34.5,219,223,219,223,HErr,HERR,name:Luther-divine-capitalization
Jer.34.8,27,32,27,32,HErrn,HERRN,name:Luther-divine-capitalization
Jer.34.12,15,20,15,20,HErrn,HERRN,name:Luther-divine-capitalization
Jer.34.12,41,46,41,46,HErrn,HERRN,name:Luther-divine-capitalization
Jer.34.13,15,19,15,19,HErr,HERR,name:Luther-divine-capitalization
Jer.34.17,18,22,18,22,HErr,HERR,name:Luther-divine-capitalization
Jer.34.17,168,172,168,172,HErr,HERR,name:Luther-divine-capitalization
Jer.34.22,49,53,49,53,HErr,HERR,name:Luther-divine-capitalization
Jer.35.1,27,32,27,32,HErrn,HERRN,name:Luther-divine-capitalization
Jer.35.2,77,82,77,82,HErrn,HERRN,name:Luther-divine-capitalization
Jer.35.4,22,27,22,27,HErrn,HERRN,name:Luther-divine-capitalization
Jer.35.8,177,183,177,183,Weiber,Frauen,word:Weib-Frau
Jer.35.12,15,20,15,20,HErrn,HERRN,name:Luther-divine-capitalization
Jer.35.13,15,19,15,19,HErr,HERR,name:Luther-divine-capitalization
Jer.35.13,198,202,198,202,HErr,HERR,name:Luther-divine-capitalization
Jer.35.17,21,25,21,25,HErr,HERR,name:Luther-divine-capitalization
Jer.35.18,60,64,60,64,HErr,HERR,name:Luther-divine-capitalization
Jer.35.19,18,22,18,22,HErr,HERR,name:Luther-divine-capitalization
Jer.36.1,100,105,100,105,HErrn,HERRN,name:Luther-divine-capitalization
Jer.36.4,115,120,115,120,HErrn,HERRN,name:Luther-divine-capitalization
Jer.36.5,82,87,82,87,HErrn,HERRN,name:Luther-divine-capitalization
Jer.36.6,53,58,53,58,HErrn,HERRN,name:Luther-divine-capitalization
Jer.36.6,126,131,126,131,HErrn,HERRN,name:Luther-divine-capitalization
Jer.36.7,41,46,41,46,HErrn,HERRN,name:Luther-divine-capitalization
Jer.36.7,166,170,166,170,HErr,HERR,name:Luther-divine-capitalization
Jer.36.8,106,111,106,111,HErrn,HERRN,name:Luther-divine-capitalization
Jer.36.8,144,149,144,149,HErrn,HERRN,name:Luther-divine-capitalization
Jer.36.9,140,145,140,145,HErrn,HERRN,name:Luther-divine-capitalization
Jer.36.10,61,66,61,66,HErrn,HERRN,name:Luther-divine-capitalization
Jer.36.10,176,181,176,181,HErrn,HERRN,name:Luther-divine-capitalization
Jer.36.11,70,75,70,75,HErrn,HERRN,name:Luther-divine-capitalization
Jer.36.26,195,199,195,199,HErr,HERR,name:Luther-divine-capitalization
Jer.36.27,15,20,15,20,HErrn,HERRN,name:Luther-divine-capitalization
Jer.36.29,54,58,54,58,HErr,HERR,name:Luther-divine-capitalization
Jer.36.30,18,22,18,22,HErr,HERR,name:Luther-divine-capitalization
Jer.37.2,69,74,69,74,HErrn,HERRN,name:Luther-divine-capitalization
Jer.37.3,165,170,165,170,HErrn,HERRN,name:Luther-divine-capitalization
Jer.37.6,8,13,8,13,HErrn,HERRN,name:Luther-divine-capitalization
Jer.37.7,15,19,15,19,HErr,HERR,name:Luther-divine-capitalization
Jer.37.9,18,22,18,22,HErr,HERR,name:Luther-divine-capitalization
Jer.37.17,128,133,128,133,HErrn,HERRN,name:Luther-divine-capitalization
Jer.38.2,15,19,15,19,HErr,HERR,name:Luther-divine-capitalization
Jer.38.3,22,26,22,26,HErr,HERR,name:Luther-divine-capitalization
Jer.38.14,117,122,117,122,HErrn,HERRN,name:Luther-divine-capitalization
Jer.38.16,73,77,73,77,HErr,HERR,name:Luther-divine-capitalization
Jer.38.17,46,50,46,50,HErr,HERR,name:Luther-divine-capitalization
Jer.38.20,76,81,76,81,HErrn,HERRN,name:Luther-divine-capitalization
Jer.38.21,67,71,67,71,HErr,HERR,name:Luther-divine-capitalization
Jer.38.22,12,18,12,18,Weiber,Frauen,word:Weib-Frau
Jer.38.23,28,34,28,34,Weiber,Frauen,word:Weib-Frau
Jer.39.15,16,21,16,21,HErrn,HERRN,name:Luther-divine-capitalization
Jer.39.16,58,62,58,62,HErr,HERR,name:Luther-divine-capitalization
Jer.39.17,57,61,57,61,HErr,HERR,name:Luther-divine-capitalization
Jer.39.18,168,172,168,172,HErr,HERR,name:Luther-divine-capitalization
Jer.40.1,27,32,27,32,HErrn,HERRN,name:Luther-divine-capitalization
Jer.40.2,79,83,79,83,HErr,HERR,name:Luther-divine-capitalization
Jer.40.3,94,99,94,99,HErrn,HERRN,name:Luther-divine-capitalization
Jer.40.7,186,192,186,192,Weiber,Frauen,word:Weib-Frau
Jer.41.5,217,222,217,222,HErrn,HERRN,name:Luther-divine-capitalization
Jer.41.16,269,275,269,275,Weiber,Frauen,word:Weib-Frau
Jer.42.2,95,100,95,100,HErrn,HERRN,name:Luther-divine-capitalization
Jer.42.3,13,17,13,17,HErr,HERR,name:Luther-divine-capitalization
Jer.42.4,93,98,93,98,HErrn,HERRN,name:Luther-divine-capitalization
Jer.42.4,165,169,165,169,HErr,HERR,name:Luther-divine-capitalization
Jer.42.5,33,37,33,37,HErr,HERR,name:Luther-divine-capitalization
Jer.42.5,135,139,135,139,HErr,HERR,name:Luther-divine-capitalization
Jer.42.6,64,69,64,69,HErrn,HERRN,name:Luther-divine-capitalization
Jer.42.6,160,165,160,165,HErrn,HERRN,name:Luther-divine-capitalization
Jer.42.7,32,37,32,37,HErrn,HERRN,name:Luther-divine-capitalization
Jer.42.9,36,40,36,40,HErr,HERR,name:Luther-divine-capitalization
Jer.42.11,93,97,93,97,HErr,HERR,name:Luther-divine-capitalization
Jer.42.13,108,113,108,113,HErrn,HERRN,name:Luther-divine-capitalization
Jer.42.15,17,22,17,22,HErrn,HERRN,name:Luther-divine-capitalization
Jer.42.15,66,70,66,70,HErr,HERR,name:Luther-divine-capitalization
Jer.42.18,20,24,20,24,HErr,HERR,name:Luther-divine-capitalization
Jer.42.19,13,18,13,18,HErrn,HERRN,name:Luther-divine-capitalization
Jer.42.20,73,78,73,78,HErrn,HERRN,name:Luther-divine-capitalization
Jer.42.20,114,119,114,119,HErrn,HERRN,name:Luther-divine-capitalization
Jer.42.20,163,167,163,167,HErr,HERR,name:Luther-divine-capitalization
Jer.42.21,71,76,71,76,HErrn,HERRN,name:Luther-divine-capitalization
Jer.43.1,26,31,26,31,HErrn,HERRN,name:Luther-divine-capitalization
Jer.43.1,96,100,96,100,HErr,HERR,name:Luther-divine-capitalization
Jer.43.2,116,120,116,120,HErr,HERR,name:Luther-divine-capitalization
Jer.43.4,110,115,110,115,HErrn,HERRN,name:Luther-divine-capitalization
Jer.43.6,16,22,16,22,Weiber,Frauen,word:Weib-Frau
Jer.43.7,60,65,60,65,HErrn,HERRN,name:Luther-divine-capitalization
Jer.43.8,8,13,8,13,HErrn,HERRN,name:Luther-divine-capitalization
Jer.43.10,36,40,36,40,HErr,HERR,name:Luther-divine-capitalization
Jer.44.2,15,19,15,19,HErr,HERR,name:Luther-divine-capitalization
Jer.44.7,20,24,20,24,HErr,HERR,name:Luther-divine-capitalization
Jer.44.7,165,169,165,169,Weib,Frau,word:Weib-Frau
Jer.44.9,92,98,92,98,Weiber,Frauen,word:Weib-Frau
Jer.44.9,136,142,136,142,Weiber,Frauen,word:Weib-Frau
Jer.44.11,18,22,18,22,HErr,HERR,name:Luther-divine-capitalization
Jer.44.15,71,77,71,77,Weiber,Frauen,word:Weib-Frau
Jer.44.15,115,121,115,121,Weiber,Frauen,word:Weib-Frau
Jer.44.16,35,40,35,40,HErrn,HERRN,name:Luther-divine-capitalization
Jer.44.20,47,54,47,53,Weibern,Frauen,word:Weib-Frau
Jer.44.21,18,22,18,22,HErr,HERR,name:Luther-divine-capitalization
Jer.44.23,46,51,46,51,HErrn,HERRN,name:Luther-divine-capitalization
Jer.44.23,81,86,81,86,HErrn,HERRN,name:Luther-divine-capitalization
Jer.44.24,46,53,46,52,Weibern,Frauen,word:Weib-Frau
Jer.44.24,65,70,64,69,HErrn,HERRN,name:Luther-divine-capitalization
Jer.44.25,15,19,15,19,HErr,HERR,name:Luther-divine-capitalization
Jer.44.25,60,66,60,66,Weiber,Frauen,word:Weib-Frau
Jer.44.26,17,22,17,22,HErrn,HERRN,name:Luther-divine-capitalization
Jer.44.26,135,139,135,139,HErr,HERR,name:Luther-divine-capitalization
Jer.44.26,280,284,280,284,HErr,HERR,name:Luther-divine-capitalization
Jer.44.29,29,33,29,33,HErr,HERR,name:Luther-divine-capitalization
Jer.44.30,15,19,15,19,HErr,HERR,name:Luther-divine-capitalization
Jer.45.2,15,19,15,19,HErr,HERR,name:Luther-divine-capitalization
Jer.45.3,38,42,38,42,HErr,HERR,name:Luther-divine-capitalization
Jer.45.4,30,34,30,34,HErr,HERR,name:Luther-divine-capitalization
Jer.45.5,126,130,126,130,HErr,HERR,name:Luther-divine-capitalization
Jer.46.1,22,27,22,27,HErrn,HERRN,name:Luther-divine-capitalization
Jer.46.5,193,197,193,197,HErr,HERR,name:Luther-divine-capitalization
Jer.46.10,32,37,32,37,HErrn,HERRN,name:Luther-divine-capitalization
Jer.46.10,202,207,202,207,HErrn,HERRN,name:Luther-divine-capitalization
Jer.46.13,22,27,22,27,HErrn,HERRN,name:Luther-divine-capitalization
Jer.46.15,84,88,84,88,HErr,HERR,name:Luther-divine-capitalization
Jer.46.18,45,49,45,49,HErr,HERR,name:Luther-divine-capitalization
Jer.46.23,49,53,49,53,HErr,HERR,name:Luther-divine-capitalization
Jer.46.25,4,8,4,8,HErr,HERR,name:Luther-divine-capitalization
Jer.46.26,211,215,211,215,HErr,HERR,name:Luther-divine-capitalization
Jer.46.28,62,66,62,66,HErr,HERR,name:Luther-divine-capitalization
Jer.47.1,22,27,22,27,HErrn,HERRN,name:Luther-divine-capitalization
Jer.47.2,15,19,15,19,HErr,HERR,name:Luther-divine-capitalization
Jer.47.4,126,130,126,130,HErr,HERR,name:Luther-divine-capitalization
Jer.47.6,17,22,17,22,HErrn,HERRN,name:Luther-divine-capitalization
Jer.47.7,38,42,38,42,HErr,HERR,name:Luther-divine-capitalization
Jer.48.1,27,31,27,31,HErr,HERR,name:Luther-divine-capitalization
Jer.48.8,165,169,165,169,HErr,HERR,name:Luther-divine-capitalization
Jer.48.10,23,28,23,28,HErrn,HERRN,name:Luther-divine-capitalization
Jer.48.12,25,29,25,29,HErr,HERR,name:Luther-divine-capitalization
Jer.48.15,157,161,157,161,HErr,HERR,name:Luther-divine-capitalization
Jer.48.25,71,75,71,75,HErr,HERR,name:Luther-divine-capitalization
Jer.48.26,45,50,45,50,HErrn,HERRN,name:Luther-divine-capitalization
Jer.48.30,9,13,9,13,HErr,HERR,name:Luther-divine-capitalization
Jer.48.35,26,30,26,30,HErr,HERR,name:Luther-divine-capitalization
Jer.48.38,135,139,135,139,HErr,HERR,name:Luther-divine-capitalization
Jer.48.40,20,24,20,24,HErr,HERR,name:Luther-divine-capitalization
Jer.48.42,92,96,92,96,HErr,HERR,name:Luther-divine-capitalization
Jer.48.43,79,83,79,83,HErr,HERR,name:Luther-divine-capitalization
Jer.48.44,202,206,202,206,HErr,HERR,name:Luther-divine-capitalization
Jer.48.47,74,78,74,78,HErr,HERR,name:Luther-divine-capitalization
Jer.49.1,35,39,35,39,HErr,HERR,name:Luther-divine-capitalization
Jer.49.2,44,48,44,48,HErr,HERR,name:Luther-divine-capitalization
Jer.49.2,292,296,292,296,HErr,HERR,name:Luther-divine-capitalization
Jer.49.5,24,28,24,28,HErr,HERR,name:Luther-divine-capitalization
Jer.49.6,80,84,80,84,HErr,HERR,name:Luther-divine-capitalization
Jer.49.7,27,31,27,31,HErr,HERR,name:Luther-divine-capitalization
Jer.49.12,20,24,20,24,HErr,HERR,name:Luther-divine-capitalization
Jer.49.13,53,57,53,57,HErr,HERR,name:Luther-divine-capitalization
Jer.49.14,20,25,20,25,HErrn,HERRN,name:Luther-divine-capitalization
Jer.49.16,238,242,238,242,HErr,HERR,name:Luther-divine-capitalization
Jer.49.18,75,79,75,79,HErr,HERR,name:Luther-divine-capitalization
Jer.49.20,31,36,31,36,HErrn,HERRN,name:Luther-divine-capitalization
Jer.49.26,134,138,134,138,HErr,HERR,name:Luther-divine-capitalization
Jer.49.28,104,108,104,108,HErr,HERR,name:Luther-divine-capitalization
Jer.49.30,94,98,94,98,HErr,HERR,name:Luther-divine-capitalization
Jer.49.31,83,87,83,87,HErr,HERR,name:Luther-divine-capitalization
Jer.49.32,236,240,236,240,HErr,HERR,name:Luther-divine-capitalization
Jer.49.34,22,27,22,27,HErrn,HERRN,name:Luther-divine-capitalization
Jer.49.35,15,19,15,19,HErr,HERR,name:Luther-divine-capitalization
Jer.49.37,171,175,171,175,HErr,HERR,name:Luther-divine-capitalization
Jer.49.38,116,120,116,120,HErr,HERR,name:Luther-divine-capitalization
Jer.49.39,81,85,81,85,HErr,HERR,name:Luther-divine-capitalization
Jer.50.1,31,35,31,35,HErr,HERR,name:Luther-divine-capitalization
Jer.50.4,52,56,52,56,HErr,HERR,name:Luther-divine-capitalization
Jer.50.4,144,149,144,149,HErrn,HERRN,name:Luther-divine-capitalization
Jer.50.5,89,94,89,94,HErrn,HERRN,name:Luther-divine-capitalization
Jer.50.7,131,136,131,136,HErrn,HERRN,name:Luther-divine-capitalization
Jer.50.7,181,186,181,186,HErrn,HERRN,name:Luther-divine-capitalization
Jer.50.10,110,114,110,114,HErr,HERR,name:Luther-divine-capitalization
Jer.50.13,22,27,22,27,HErrn,HERRN,name:Luther-divine-capitalization
Jer.50.14,111,116,111,116,HErrn,HERRN,name:Luther-divine-capitalization
Jer.50.15,132,137,132,137,HErrn,HERRN,name:Luther-divine-capitalization
Jer.50.18,18,22,18,22,HErr,HERR,name:Luther-divine-capitalization
Jer.50.20,89,93,89,93,HErr,HERR,name:Luther-divine-capitalization
Jer.50.21,154,158,154,158,HErr,HERR,name:Luther-divine-capitalization
Jer.50.24,137,142,137,142,HErrn,HERRN,name:Luther-divine-capitalization
Jer.50.25,4,8,4,8,HErr,HERR,name:Luther-divine-capitalization
Jer.50.25,94,98,94,98,HErr,HERR,name:Luther-divine-capitalization
Jer.50.28,135,140,135,140,HErrn,HERRN,name:Luther-divine-capitalization
Jer.50.29,214,219,214,219,HErrn,HERRN,name:Luther-divine-capitalization
Jer.50.30,126,130,126,130,HErr,HERR,name:Luther-divine-capitalization
Jer.50.31,54,58,54,58,HErr,HERR,name:Luther-divine-capitalization
Jer.50.33,15,19,15,19,HErr,HERR,name:Luther-divine-capitalization
Jer.50.34,38,42,38,42,HErr,HERR,name:Luther-divine-capitalization
Jer.50.35,33,37,33,37,HErr,HERR,name:Luther-divine-capitalization
Jer.50.37,96,103,96,102,Weibern,Frauen,word:Weib-Frau
Jer.50.40,80,84,80,84,HErr,HERR,name:Luther-divine-capitalization
Jer.50.45,31,36,31,36,HErrn,HERRN,name:Luther-divine-capitalization
Jer.51.1,15,19,15,19,HErr,HERR,name:Luther-divine-capitalization
Jer.51.5,61,66,61,66,HErrn,HERRN,name:Luther-divine-capitalization
Jer.51.6,142,147,142,147,HErrn,HERRN,name:Luther-divine-capitalization
Jer.51.7,81,86,81,86,HErrn,HERRN,name:Luther-divine-capitalization
Jer.51.10,4,8,4,8,HErr,HERR,name:Luther-divine-capitalization
Jer.51.10,98,103,98,103,HErrn,HERRN,name:Luther-divine-capitalization
Jer.51.11,60,64,60,64,HErr,HERR,name:Luther-divine-capitalization
Jer.51.11,197,202,197,202,HErrn,HERRN,name:Luther-divine-capitalization
Jer.51.12,110,114,110,114,HErr,HERR,name:Luther-divine-capitalization
Jer.51.14,4,8,4,8,HErr,HERR,name:Luther-divine-capitalization
Jer.51.19,129,133,129,133,HErr,HERR,name:Luther-divine-capitalization
Jer.51.22,40,46,40,46,Weiber,Frauen,word:Weib-Frau
Jer.51.24,141,145,141,145,HErr,HERR,name:Luther-divine-capitalization
Jer.51.25,87,91,87,91,HErr,HERR,name:Luther-divine-capitalization
Jer.51.26,115,119,115,119,HErr,HERR,name:Luther-divine-capitalization
Jer.51.29,59,64,59,64,HErrn,HERRN,name:Luther-divine-capitalization
Jer.51.30,119,125,119,125,Weiber,Frauen,word:Weib-Frau
Jer.51.33,22,26,22,26,HErr,HERR,name:Luther-divine-capitalization
Jer.51.36,18,22,18,22,HErr,HERR,name:Luther-divine-capitalization
Jer.51.39,192,196,192,196,HErr,HERR,name:Luther-divine-capitalization
Jer.51.45,91,96,91,96,HErrn,HERRN,name:Luther-divine-capitalization
Jer.51.48,132,136,132,136,HErr,HERR,name:Luther-divine-capitalization
Jer.51.50,91,96,91,96,HErrn,HERRN,name:Luther-divine-capitalization
Jer.51.51,155,160,155,160,HErrn,HERRN,name:Luther-divine-capitalization
Jer.51.52,41,45,41,45,HErr,HERR,name:Luther-divine-capitalization
Jer.51.53,134,138,134,138,HErr,HERR,name:Luther-divine-capitalization
Jer.51.55,9,13,9,13,HErr,HERR,name:Luther-divine-capitalization
Jer.51.56,135,139,135,139,HErr,HERR,name:Luther-divine-capitalization
Jer.51.57,191,195,191,195,HErr,HERR,name:Luther-divine-capitalization
Jer.51.58,15,19,15,19,HErr,HERR,name:Luther-divine-capitalization
Jer.51.62,12,16,12,16,HErr,HERR,name:Luther-divine-capitalization
Jer.52.2,19,24,19,24,HErrn,HERRN,name:Luther-divine-capitalization
Jer.52.3,17,22,17,22,HErrn,HERRN,name:Luther-divine-capitalization
Jer.52.13,19,24,19,24,HErrn,HERRN,name:Luther-divine-capitalization
Jer.52.17,37,42,37,42,HErrn,HERRN,name:Luther-divine-capitalization
Jer.52.17,92,97,92,97,HErrn,HERRN,name:Luther-divine-capitalization
Jer.52.20,137,142,137,142,HErrn,HERRN,name:Luther-divine-capitalization
Lam.1.5,69,73,69,73,HErr,HERR,name:Luther-divine-capitalization
Lam.1.8,55,58,55,59,ein,eine,grammar:Frau-determiner
Lam.1.8,59,65,60,67,unrein,unreine,grammar:Frau-adjective
Lam.1.8,66,70,68,72,Weib,Frau,word:Weib-Frau
Lam.1.9,176,180,176,180,HErr,HERR,name:Luther-divine-capitalization
Lam.1.11,105,109,105,109,HErr,HERR,name:Luther-divine-capitalization
Lam.1.12,143,147,143,147,HErr,HERR,name:Luther-divine-capitalization
Lam.1.17,76,80,76,80,HErr,HERR,name:Luther-divine-capitalization
Lam.1.17,172,175,172,176,ein,eine,grammar:Frau-determiner
Lam.1.17,176,182,177,184,unrein,unreine,grammar:Frau-adjective
Lam.1.17,183,187,185,189,Weib,Frau,word:Weib-Frau
Lam.1.18,4,8,4,8,HErr,HERR,name:Luther-divine-capitalization
Lam.1.20,4,8,4,8,HErr,HERR,name:Luther-divine-capitalization
Lam.2.5,4,8,4,8,HErr,HERR,name:Luther-divine-capitalization
Lam.2.6,77,81,77,81,HErr,HERR,name:Luther-divine-capitalization
Lam.2.7,149,154,149,154,HErrn,HERRN,name:Luther-divine-capitalization
Lam.2.8,4,8,4,8,HErr,HERR,name:Luther-divine-capitalization
Lam.2.9,208,213,208,213,HErrn,HERRN,name:Luther-divine-capitalization
Lam.2.17,4,8,4,8,HErr,HERR,name:Luther-divine-capitalization
Lam.2.20,0,4,0,4,HErr,HERR,name:Luther-divine-capitalization
Lam.2.20,70,76,70,76,Weiber,Frauen,word:Weib-Frau
Lam.2.22,94,99,94,99,HErrn,HERRN,name:Luther-divine-capitalization
Lam.3.18,63,68,63,68,HErrn,HERRN,name:Luther-divine-capitalization
Lam.3.22,13,18,13,18,HErrn,HERRN,name:Luther-divine-capitalization
Lam.3.24,4,8,4,8,HErr,HERR,name:Luther-divine-capitalization
Lam.3.25,9,13,9,13,HErr,HERR,name:Luther-divine-capitalization
Lam.3.26,62,67,62,67,HErrn,HERRN,name:Luther-divine-capitalization
Lam.3.31,9,13,9,13,HErr,HERR,name:Luther-divine-capitalization
Lam.3.40,60,65,60,65,HErrn,HERRN,name:Luther-divine-capitalization
Lam.3.50,8,12,8,12,HErr,HERR,name:Luther-divine-capitalization
Lam.3.55,31,35,31,35,HErr,HERR,name:Luther-divine-capitalization
Lam.3.59,12,16,12,16,HErr,HERR,name:Luther-divine-capitalization
Lam.3.61,0,4,0,4,HErr,HERR,name:Luther-divine-capitalization
Lam.3.64,15,19,15,19,HErr,HERR,name:Luther-divine-capitalization
Lam.3.66,68,73,68,73,HErrn,HERRN,name:Luther-divine-capitalization
Lam.4.10,28,34,28,34,Weiber,Frauen,word:Weib-Frau
Lam.4.11,4,8,4,8,HErr,HERR,name:Luther-divine-capitalization
Lam.4.16,4,9,4,9,HErrn,HERRN,name:Luther-divine-capitalization
Lam.4.20,17,22,17,22,HErrn,HERRN,name:Luther-divine-capitalization
Lam.5.1,9,13,9,13,HErr,HERR,name:Luther-divine-capitalization
Lam.5.11,14,20,14,20,Weiber,Frauen,word:Weib-Frau
Lam.5.19,9,13,9,13,HErr,HERR,name:Luther-divine-capitalization
Lam.5.21,12,16,12,16,HErr,HERR,name:Luther-divine-capitalization
Ezek.1.3,15,20,15,20,HErrn,HERRN,name:Luther-divine-capitalization
Ezek.1.3,136,141,136,141,HErrn,HERRN,name:Luther-divine-capitalization
Ezek.1.28,137,142,137,142,HErrn,HERRN,name:Luther-divine-capitalization
Ezek.2.4,131,135,131,135,HErr,HERR,name:Luther-divine-capitalization
Ezek.3.11,103,107,103,107,HErr,HERR,name:Luther-divine-capitalization
Ezek.3.12,122,127,122,127,HErrn,HERRN,name:Luther-divine-capitalization
Ezek.3.14,92,97,92,97,HErrn,HERRN,name:Luther-divine-capitalization
Ezek.3.16,45,50,45,50,HErrn,HERRN,name:Luther-divine-capitalization
Ezek.3.22,21,26,21,26,HErrn,HERRN,name:Luther-divine-capitalization
Ezek.3.23,91,96,91,96,HErrn,HERRN,name:Luther-divine-capitalization
Ezek.3.27,116,120,116,120,HErr,HERR,name:Luther-divine-capitalization
Ezek.4.13,8,12,8,12,HErr,HERR,name:Luther-divine-capitalization
Ezek.4.14,26,30,26,30,HErr,HERR,name:Luther-divine-capitalization
Ezek.5.5,20,24,20,24,HErr,HERR,name:Luther-divine-capitalization
Ezek.5.7,23,27,23,27,HErr,HERR,name:Luther-divine-capitalization
Ezek.5.8,20,24,20,24,HErr,HERR,name:Luther-divine-capitalization
Ezek.5.11,46,50,46,50,HErr,HERR,name:Luther-divine-capitalization
Ezek.5.13,141,145,141,145,HErr,HERR,name:Luther-divine-capitalization
Ezek.5.15,190,194,190,194,HErr,HERR,name:Luther-divine-capitalization
Ezek.5.17,197,201,197,201,HErr,HERR,name:Luther-divine-capitalization
Ezek.6.1,8,13,8,13,HErrn,HERRN,name:Luther-divine-capitalization
Ezek.6.3,56,61,56,61,HErrn,HERRN,name:Luther-divine-capitalization
Ezek.6.3,83,87,83,87,HErr,HERR,name:Luther-divine-capitalization
Ezek.6.7,75,79,75,79,HErr,HERR,name:Luther-divine-capitalization
Ezek.6.10,38,42,38,42,HErr,HERR,name:Luther-divine-capitalization
Ezek.6.11,20,24,20,24,HErr,HERR,name:Luther-divine-capitalization
Ezek.6.13,37,41,37,41,HErr,HERR,name:Luther-divine-capitalization
Ezek.6.14,169,173,169,173,HErr,HERR,name:Luther-divine-capitalization
Ezek.7.1,8,13,8,13,HErrn,HERRN,name:Luther-divine-capitalization
Ezek.7.2,37,41,37,41,HErr,HERR,name:Luther-divine-capitalization
Ezek.7.4,180,184,180,184,HErr,HERR,name:Luther-divine-capitalization
Ezek.7.5,20,24,20,24,HErr,HERR,name:Luther-divine-capitalization
Ezek.7.9,193,197,193,197,HErr,HERR,name:Luther-divine-capitalization
Ezek.7.19,154,159,154,159,HErrn,HERRN,name:Luther-divine-capitalization
Ezek.7.27,270,274,270,274,HErr,HERR,name:Luther-divine-capitalization
Ezek.8.1,173,178,173,178,HErrn,HERRN,name:Luther-divine-capitalization
Ezek.8.12,163,167,163,167,HErr,HERR,name:Luther-divine-capitalization
Ezek.8.12,197,201,197,201,HErr,HERR,name:Luther-divine-capitalization
Ezek.8.14,41,46,41,46,HErrn,HERRN,name:Luther-divine-capitalization
Ezek.8.14,109,115,109,115,Weiber,Frauen,word:Weib-Frau
Ezek.8.16,51,56,51,56,HErrn,HERRN,name:Luther-divine-capitalization
Ezek.8.16,95,100,95,100,HErrn,HERRN,name:Luther-divine-capitalization
Ezek.8.16,210,215,210,215,HErrn,HERRN,name:Luther-divine-capitalization
Ezek.9.4,8,12,8,12,HErr,HERR,name:Luther-divine-capitalization
Ezek.9.6,49,55,49,55,Weiber,Frauen,word:Weib-Frau
Ezek.9.8,114,118,114,118,HErr,HERR,name:Luther-divine-capitalization
Ezek.9.9,167,171,167,171,HErr,HERR,name:Luther-divine-capitalization
Ezek.9.9,204,208,204,208,HErr,HERR,name:Luther-divine-capitalization
Ezek.10.4,25,30,25,30,HErrn,HERRN,name:Luther-divine-capitalization
Ezek.10.4,173,178,173,178,HErrn,HERRN,name:Luther-divine-capitalization
Ezek.10.18,25,30,25,30,HErrn,HERRN,name:Luther-divine-capitalization
Ezek.10.19,177,182,177,182,HErrn,HERRN,name:Luther-divine-capitalization
Ezek.11.1,64,69,64,69,HErrn,HERRN,name:Luther-divine-capitalization
Ezek.11.5,18,23,18,23,HErrn,HERRN,name:Luther-divine-capitalization
Ezek.11.5,81,85,81,85,HErr,HERR,name:Luther-divine-capitalization
Ezek.11.7,23,27,23,27,HErr,HERR,name:Luther-divine-capitalization
Ezek.11.8,86,90,86,90,HErr,HERR,name:Luther-divine-capitalization
Ezek.11.10,111,115,111,115,HErr,HERR,name:Luther-divine-capitalization
Ezek.11.12,37,41,37,41,HErr,HERR,name:Luther-divine-capitalization
Ezek.11.13,139,143,139,143,HErr,HERR,name:Luther-divine-capitalization
Ezek.11.14,15,20,15,20,HErrn,HERRN,name:Luther-divine-capitalization
Ezek.11.15,150,155,150,155,HErrn,HERRN,name:Luther-divine-capitalization
Ezek.11.16,37,41,37,41,HErr,HERR,name:Luther-divine-capitalization
Ezek.11.17,31,35,31,35,HErr,HERR,name:Luther-divine-capitalization
Ezek.11.21,122,126,122,126,HErr,HERR,name:Luther-divine-capitalization
Ezek.11.23,25,30,25,30,HErrn,HERRN,name:Luther-divine-capitalization
Ezek.11.25,44,49,44,49,HErrn,HERRN,name:Luther-divine-capitalization
Ezek.12.1,8,13,8,13,HErrn,HERRN,name:Luther-divine-capitalization
Ezek.12.8,28,33,28,33,HErrn,HERRN,name:Luther-divine-capitalization
Ezek.12.10,40,44,40,44,HErr,HERR,name:Luther-divine-capitalization
Ezek.12.15,39,43,39,43,HErr,HERR,name:Luther-divine-capitalization
Ezek.12.16,216,220,216,220,HErr,HERR,name:Luther-divine-capitalization
Ezek.12.17,8,13,8,13,HErrn,HERRN,name:Luther-divine-capitalization
Ezek.12.19,50,54,50,54,HErr,HERR,name:Luther-divine-capitalization
Ezek.12.20,119,123,119,123,HErr,HERR,name:Luther-divine-capitalization
Ezek.12.21,8,13,8,13,HErrn,HERRN,name:Luther-divine-capitalization
Ezek.12.23,43,47,43,47,HErr,HERR,name:Luther-divine-capitalization
Ezek.12.25,17,21,17,21,HErr,HERR,name:Luther-divine-capitalization
Ezek.12.25,182,186,182,186,HErr,HERR,name:Luther-divine-capitalization
Ezek.12.26,8,13,8,13,HErrn,HERRN,name:Luther-divine-capitalization
Ezek.12.28,43,47,43,47,HErr,HERR,name:Luther-divine-capitalization
Ezek.12.28,139,143,139,143,HErr,HERR,name:Luther-divine-capitalization
Ezek.13.1,8,13,8,13,HErrn,HERRN,name:Luther-divine-capitalization
Ezek.13.2,125,130,125,130,HErrn,HERRN,name:Luther-divine-capitalization
Ezek.13.3,20,24,20,24,HErr,HERR,name:Luther-divine-capitalization
Ezek.13.5,122,127,122,127,HErrn,HERRN,name:Luther-divine-capitalization
Ezek.13.6,78,82,78,82,HErr,HERR,name:Luther-divine-capitalization
Ezek.13.6,116,120,116,120,HErr,HERR,name:Luther-divine-capitalization
Ezek.13.7,110,114,110,114,HErr,HERR,name:Luther-divine-capitalization
Ezek.13.8,23,27,23,27,HErr,HERR,name:Luther-divine-capitalization
Ezek.13.8,134,138,134,138,HErr,HERR,name:Luther-divine-capitalization
Ezek.13.9,291,295,291,295,HErr,HERR,name:Luther-divine-capitalization
Ezek.13.13,20,24,20,24,HErr,HERR,name:Luther-divine-capitalization
Ezek.13.14,209,213,209,213,HErr,HERR,name:Luther-divine-capitalization
Ezek.13.16,124,128,124,128,HErr,HERR,name:Luther-divine-capitalization
Ezek.13.18,32,36,32,36,HErr,HERR,name:Luther-divine-capitalization
Ezek.13.20,23,27,23,27,HErr,HERR,name:Luther-divine-capitalization
Ezek.13.21,149,153,149,153,HErr,HERR,name:Luther-divine-capitalization
Ezek.13.23,157,161,157,161,HErr,HERR,name:Luther-divine-capitalization
Ezek.14.2,15,20,15,20,HErrn,HERRN,name:Luther-divine-capitalization
Ezek.14.4,60,64,60,64,HErr,HERR,name:Luther-divine-capitalization
Ezek.14.4,221,225,221,225,HErr,HERR,name:Luther-divine-capitalization
Ezek.14.6,60,64,60,64,HErr,HERR,name:Luther-divine-capitalization
Ezek.14.7,258,262,258,262,HErr,HERR,name:Luther-divine-capitalization
Ezek.14.8,176,180,176,180,HErr,HERR,name:Luther-divine-capitalization
Ezek.14.9,74,78,74,78,HErr,HERR,name:Luther-divine-capitalization
Ezek.14.11,195,199,195,199,HErr,HERR,name:Luther-divine-capitalization
Ezek.14.12,8,13,8,13,HErrn,HERRN,name:Luther-divine-capitalization
Ezek.14.14,163,167,163,167,HErr,HERR,name:Luther-divine-capitalization
Ezek.14.16,75,79,75,79,HErr,HERR,name:Luther-divine-capitalization
Ezek.14.18,68,72,68,72,HErr,HERR,name:Luther-divine-capitalization
Ezek.14.20,74,78,74,78,HErr,HERR,name:Luther-divine-capitalization
Ezek.14.21,25,29,25,29,HErr,HERR,name:Luther-divine-capitalization
Ezek.14.23,177,181,177,181,HErr,HERR,name:Luther-divine-capitalization
Ezek.15.1,8,13,8,13,HErrn,HERRN,name:Luther-divine-capitalization
Ezek.15.6,23,27,23,27,HErr,HERR,name:Luther-divine-capitalization
Ezek.15.7,162,166,162,166,HErr,HERR,name:Luther-divine-capitalization
Ezek.15.8,75,79,75,79,HErr,HERR,name:Luther-divine-capitalization
Ezek.16.1,8,13,8,13,HErrn,HERRN,name:Luther-divine-capitalization
Ezek.16.3,20,24,20,24,HErr,HERR,name:Luther-divine-capitalization
Ezek.16.8,236,240,236,240,HErr,HERR,name:Luther-divine-capitalization
Ezek.16.14,156,160,156,160,HErr,HERR,name:Luther-divine-capitalization
Ezek.16.19,132,136,132,136,HErr,HERR,name:Luther-divine-capitalization
Ezek.16.23,66,70,66,70,HErr,HERR,name:Luther-divine-capitalization
Ezek.16.30,62,66,62,66,HErr,HERR,name:Luther-divine-capitalization
Ezek.16.34,50,57,50,56,Weibern,Frauen,word:Weib-Frau
Ezek.16.35,25,30,25,30,HErrn,HERRN,name:Luther-divine-capitalization
Ezek.16.36,20,24,20,24,HErr,HERR,name:Luther-divine-capitalization
Ezek.16.41,82,88,82,88,Weiber,Frauen,word:Weib-Frau
Ezek.16.43,173,177,173,177,HErr,HERR,name:Luther-divine-capitalization
Ezek.16.48,35,39,35,39,HErr,HERR,name:Luther-divine-capitalization
Ezek.16.58,58,62,58,62,HErr,HERR,name:Luther-divine-capitalization
Ezek.16.59,27,31,27,31,HErr,HERR,name:Luther-divine-capitalization
Ezek.16.62,87,91,87,91,HErr,HERR,name:Luther-divine-capitalization
Ezek.16.63,172,176,172,176,HErr,HERR,name:Luther-divine-capitalization
Ezek.17.1,8,13,8,13,HErrn,HERRN,name:Luther-divine-capitalization
Ezek.17.3,32,36,32,36,HErr,HERR,name:Luther-divine-capitalization
Ezek.17.9,34,38,34,38,HErr,HERR,name:Luther-divine-capitalization
Ezek.17.11,8,13,8,13,HErrn,HERRN,name:Luther-divine-capitalization
Ezek.17.16,35,39,35,39,HErr,HERR,name:Luther-divine-capitalization
Ezek.17.19,23,27,23,27,HErr,HERR,name:Luther-divine-capitalization
Ezek.17.21,171,175,171,175,HErr,HERR,name:Luther-divine-capitalization
Ezek.17.22,20,24,20,24,HErr,HERR,name:Luther-divine-capitalization
Ezek.17.24,50,54,50,54,HErr,HERR,name:Luther-divine-capitalization
Ezek.17.24,199,203,199,203,HErr,HERR,name:Luther-divine-capitalization
Ezek.18.1,8,13,8,13,HErrn,HERRN,name:Luther-divine-capitalization
Ezek.18.3,39,43,39,43,HErr,HERR,name:Luther-divine-capitalization
Ezek.18.6,114,118,114,118,Weib,Frau,word:Weib-Frau
Ezek.18.9,155,159,155,159,HErr,HERR,name:Luther-divine-capitalization
Ezek.18.11,84,88,84,88,Weib,Frau,word:Weib-Frau
Ezek.18.15,118,122,118,122,Weib,Frau,word:Weib-Frau
Ezek.18.23,70,74,70,74,HErr,HERR,name:Luther-divine-capitalization
Ezek.18.25,22,26,22,26,HErr,HERR,name:Luther-divine-capitalization
Ezek.18.29,40,44,40,44,HErr,HERR,name:Luther-divine-capitalization
Ezek.18.30,103,107,103,107,HErr,HERR,name:Luther-divine-capitalization
Ezek.18.32,71,75,71,75,HErr,HERR,name:Luther-divine-capitalization
Ezek.20.1,117,122,117,122,HErrn,HERRN,name:Luther-divine-capitalization
Ezek.20.2,15,20,15,20,HErrn,HERRN,name:Luther-divine-capitalization
Ezek.20.3,84,88,84,88,HErr,HERR,name:Luther-divine-capitalization
Ezek.20.3,194,198,194,198,HErr,HERR,name:Luther-divine-capitalization
Ezek.20.5,41,45,41,45,HErr,HERR,name:Luther-divine-capitalization
Ezek.20.5,240,244,240,244,HErr,HERR,name:Luther-divine-capitalization
Ezek.20.7,143,147,143,147,HErr,HERR,name:Luther-divine-capitalization
Ezek.20.12,101,105,101,105,HErr,HERR,name:Luther-divine-capitalization
Ezek.20.19,17,21,17,21,HErr,HERR,name:Luther-divine-capitalization
Ezek.20.20,119,123,119,123,HErr,HERR,name:Luther-divine-capitalization
Ezek.20.26,156,160,156,160,HErr,HERR,name:Luther-divine-capitalization
Ezek.20.27,91,95,91,95,HErr,HERR,name:Luther-divine-capitalization
Ezek.20.30,51,55,51,55,HErr,HERR,name:Luther-divine-capitalization
Ezek.20.31,241,245,241,245,HErr,HERR,name:Luther-divine-capitalization
Ezek.20.33,35,39,35,39,HErr,HERR,name:Luther-divine-capitalization
Ezek.20.36,122,126,122,126,HErr,HERR,name:Luther-divine-capitalization
Ezek.20.38,212,216,212,216,HErr,HERR,name:Luther-divine-capitalization
Ezek.20.39,49,53,49,53,HErr,HERR,name:Luther-divine-capitalization
Ezek.20.40,25,29,25,29,HErr,HERR,name:Luther-divine-capitalization
Ezek.20.42,38,42,38,42,HErr,HERR,name:Luther-divine-capitalization
Ezek.20.44,34,38,34,38,HErr,HERR,name:Luther-divine-capitalization
Ezek.20.44,177,181,177,181,HErr,HERR,name:Luther-divine-capitalization
Ezek.21.1,8,13,8,13,HErrn,HERRN,name:Luther-divine-capitalization
Ezek.21.3,44,49,44,49,HErrn,HERRN,name:Luther-divine-capitalization
Ezek.21.3,76,80,76,80,HErr,HERR,name:Luther-divine-capitalization
Ezek.21.4,44,48,44,48,HErr,HERR,name:Luther-divine-capitalization
Ezek.21.5,25,29,25,29,HErr,HERR,name:Luther-divine-capitalization
Ezek.21.6,8,13,8,13,HErrn,HERRN,name:Luther-divine-capitalization
Ezek.21.8,49,53,49,53,HErr,HERR,name:Luther-divine-capitalization
Ezek.21.10,47,51,47,51,HErr,HERR,name:Luther-divine-capitalization
Ezek.21.12,289,293,289,293,HErr,HERR,name:Luther-divine-capitalization
Ezek.21.13,8,13,8,13,HErrn,HERRN,name:Luther-divine-capitalization
Ezek.21.14,53,57,53,57,HErr,HERR,name:Luther-divine-capitalization
Ezek.21.18,113,117,113,117,HErr,HERR,name:Luther-divine-capitalization
Ezek.21.22,91,95,91,95,HErr,HERR,name:Luther-divine-capitalization
Ezek.21.23,8,13,8,13,HErrn,HERRN,name:Luther-divine-capitalization
Ezek.21.29,23,27,23,27,HErr,HERR,name:Luther-divine-capitalization
Ezek.21.31,20,24,20,24,HErr,HERR,name:Luther-divine-capitalization
Ezek.21.33,63,67,63,67,HErr,HERR,name:Luther-divine-capitalization
Ezek.21.37,137,141,137,141,HErr,HERR,name:Luther-divine-capitalization
Ezek.22.1,8,13,8,13,HErrn,HERRN,name:Luther-divine-capitalization
Ezek.22.3,28,32,28,32,HErr,HERR,name:Luther-divine-capitalization
Ezek.22.10,51,57,51,57,Weiber,Frauen,word:Weib-Frau
Ezek.22.11,47,52,47,51,Weibe,Frau,word:Weib-Frau
Ezek.22.12,201,205,201,205,HErr,HERR,name:Luther-divine-capitalization
Ezek.22.14,134,138,134,138,HErr,HERR,name:Luther-divine-capitalization
Ezek.22.16,82,86,82,86,HErr,HERR,name:Luther-divine-capitalization
Ezek.22.17,8,13,8,13,HErrn,HERRN,name:Luther-divine-capitalization
Ezek.22.19,23,27,23,27,HErr,HERR,name:Luther-divine-capitalization
Ezek.22.22,101,105,101,105,HErr,HERR,name:Luther-divine-capitalization
Ezek.22.23,8,13,8,13,HErrn,HERRN,name:Luther-divine-capitalization
Ezek.22.28,129,133,129,133,HErr,HERR,name:Luther-divine-capitalization
Ezek.22.28,155,159,155,159,HErr,HERR,name:Luther-divine-capitalization
Ezek.22.31,173,177,173,177,HErr,HERR,name:Luther-divine-capitalization
Ezek.23.1,8,13,8,13,HErrn,HERRN,name:Luther-divine-capitalization
Ezek.23.2,31,37,31,37,Weiber,Frauen,word:Weib-Frau
Ezek.23.10,129,136,129,135,Weibern,Frauen,word:Weib-Frau
Ezek.23.22,36,40,36,40,HErr,HERR,name:Luther-divine-capitalization
Ezek.23.28,25,29,25,29,HErr,HERR,name:Luther-divine-capitalization
Ezek.23.32,20,24,20,24,HErr,HERR,name:Luther-divine-capitalization
Ezek.23.34,138,142,138,142,HErr,HERR,name:Luther-divine-capitalization
Ezek.23.35,26,30,26,30,HErr,HERR,name:Luther-divine-capitalization
Ezek.23.36,8,12,8,12,HErr,HERR,name:Luther-divine-capitalization
Ezek.23.44,111,118,111,117,Weibern,Frauen,word:Weib-Frau
Ezek.23.46,22,26,22,26,HErr,HERR,name:Luther-divine-capitalization
Ezek.23.48,62,68,62,68,Weiber,Frauen,word:Weib-Frau
Ezek.23.49,125,129,125,129,HErr,HERR,name:Luther-divine-capitalization
Ezek.24.1,28,33,28,33,HErrn,HERRN,name:Luther-divine-capitalization
Ezek.24.3,85,89,85,89,HErr,HERR,name:Luther-divine-capitalization
Ezek.24.6,23,27,23,27,HErr,HERR,name:Luther-divine-capitalization
Ezek.24.9,23,27,23,27,HErr,HERR,name:Luther-divine-capitalization
Ezek.24.14,9,13,9,13,HErr,HERR,name:Luther-divine-capitalization
Ezek.24.14,210,214,210,214,HErr,HERR,name:Luther-divine-capitalization
Ezek.24.15,8,13,8,13,HErrn,HERRN,name:Luther-divine-capitalization
Ezek.24.18,72,76,72,77,mein,meine,grammar:Frau-determiner
Ezek.24.18,77,81,78,82,Weib,Frau,word:Weib-Frau
Ezek.24.20,29,33,29,33,HErr,HERR,name:Luther-divine-capitalization
Ezek.24.21,37,41,37,41,HErr,HERR,name:Luther-divine-capitalization
Ezek.24.24,154,158,154,158,HErr,HERR,name:Luther-divine-capitalization
Ezek.24.27,192,196,192,196,HErr,HERR,name:Luther-divine-capitalization
Ezek.25.1,8,13,8,13,HErrn,HERRN,name:Luther-divine-capitalization
Ezek.25.3,49,54,49,54,HErrn,HERRN,name:Luther-divine-capitalization
Ezek.25.3,81,85,81,85,HErr,HERR,name:Luther-divine-capitalization
Ezek.25.5,127,131,127,131,HErr,HERR,name:Luther-divine-capitalization
Ezek.25.6,25,29,25,29,HErr,HERR,name:Luther-divine-capitalization
Ezek.25.7,210,214,210,214,HErr,HERR,name:Luther-divine-capitalization
Ezek.25.8,20,24,20,24,HErr,HERR,name:Luther-divine-capitalization
Ezek.25.11,81,85,81,85,HErr,HERR,name:Luther-divine-capitalization
Ezek.25.12,20,24,20,24,HErr,HERR,name:Luther-divine-capitalization
Ezek.25.13,23,27,23,27,HErr,HERR,name:Luther-divine-capitalization
Ezek.25.14,168,172,168,172,HErr,HERR,name:Luther-divine-capitalization
Ezek.25.15,20,24,20,24,HErr,HERR,name:Luther-divine-capitalization
Ezek.25.16,23,27,23,27,HErr,HERR,name:Luther-divine-capitalization
Ezek.25.17,100,104,100,104,HErr,HERR,name:Luther-divine-capitalization
Ezek.26.1,80,85,80,85,HErrn,HERRN,name:Luther-divine-capitalization
Ezek.26.3,23,27,23,27,HErr,HERR,name:Luther-divine-capitalization
Ezek.26.5,103,107,103,107,HErr,HERR,name:Luther-divine-capitalization
Ezek.26.6,115,119,115,119,HErr,HERR,name:Luther-divine-capitalization
Ezek.26.7,25,29,25,29,HErr,HERR,name:Luther-divine-capitalization
Ezek.26.14,150,154,150,154,HErr,HERR,name:Luther-divine-capitalization
Ezek.26.14,192,196,192,196,HErr,HERR,name:Luther-divine-capitalization
Ezek.26.15,20,24,20,24,HErr,HERR,name:Luther-divine-capitalization
Ezek.26.19,25,29,25,29,HErr,HERR,name:Luther-divine-capitalization
Ezek.26.21,157,161,157,161,HErr,HERR,name:Luther-divine-capitalization
Ezek.27.1,8,13,8,13,HErrn,HERRN,name:Luther-divine-capitalization
Ezek.27.3,109,113,109,113,HErr,HERR,name:Luther-divine-capitalization
Ezek.28.1,8,13,8,13,HErrn,HERRN,name:Luther-divine-capitalization
Ezek.28.2,64,68,64,68,HErr,HERR,name:Luther-divine-capitalization
Ezek.28.6,23,27,23,27,HErr,HERR,name:Luther-divine-capitalization
Ezek.28.10,111,115,111,115,HErr,HERR,name:Luther-divine-capitalization
Ezek.28.11,8,13,8,13,HErrn,HERRN,name:Luther-divine-capitalization
Ezek.28.12,101,105,101,105,HErr,HERR,name:Luther-divine-capitalization
Ezek.28.20,8,13,8,13,HErrn,HERRN,name:Luther-divine-capitalization
Ezek.28.22,32,36,32,36,HErr,HERR,name:Luther-divine-capitalization
Ezek.28.22,138,142,138,142,HErr,HERR,name:Luther-divine-capitalization
Ezek.28.23,218,222,218,222,HErr,HERR,name:Luther-divine-capitalization
Ezek.28.24,181,185,181,185,HErr,HERR,name:Luther-divine-capitalization
Ezek.28.25,20,24,20,24,HErr,HERR,name:Luther-divine-capitalization
Ezek.28.26,201,205,201,205,HErr,HERR,name:Luther-divine-capitalization
Ezek.29.1,66,71,66,71,HErrn,HERRN,name:Luther-divine-capitalization
Ezek.29.3,40,44,40,44,HErr,HERR,name:Luther-divine-capitalization
Ezek.29.6,63,67,63,67,HErr,HERR,name:Luther-divine-capitalization
Ezek.29.8,23,27,23,27,HErr,HERR,name:Luther-divine-capitalization
Ezek.29.9,85,89,85,89,HErr,HERR,name:Luther-divine-capitalization
Ezek.29.13,25,29,25,29,HErr,HERR,name:Luther-divine-capitalization
Ezek.29.16,153,157,153,157,HErr,HERR,name:Luther-divine-capitalization
Ezek.29.17,94,99,94,99,HErrn,HERRN,name:Luther-divine-capitalization
Ezek.29.19,23,27,23,27,HErr,HERR,name:Luther-divine-capitalization
Ezek.29.20,127,131,127,131,HErr,HERR,name:Luther-divine-capitalization
Ezek.29.21,140,144,140,144,HErr,HERR,name:Luther-divine-capitalization
Ezek.30.1,8,13,8,13,HErrn,HERRN,name:Luther-divine-capitalization
Ezek.30.2,58,62,58,62,HErr,HERR,name:Luther-divine-capitalization
Ezek.30.3,31,36,31,36,HErrn,HERRN,name:Luther-divine-capitalization
Ezek.30.6,15,19,15,19,HErr,HERR,name:Luther-divine-capitalization
Ezek.30.6,182,186,182,186,HErr,HERR,name:Luther-divine-capitalization
Ezek.30.8,32,36,32,36,HErr,HERR,name:Luther-divine-capitalization
Ezek.30.10,20,24,20,24,HErr,HERR,name:Luther-divine-capitalization
Ezek.30.12,152,156,152,156,HErr,HERR,name:Luther-divine-capitalization
Ezek.30.13,20,24,20,24,HErr,HERR,name:Luther-divine-capitalization
Ezek.30.17,77,83,77,83,Weiber,Frauen,word:Weib-Frau
Ezek.30.19,82,86,82,86,HErr,HERR,name:Luther-divine-capitalization
Ezek.30.20,83,88,83,88,HErrn,HERRN,name:Luther-divine-capitalization
Ezek.30.22,23,27,23,27,HErr,HERR,name:Luther-divine-capitalization
Ezek.30.25,122,126,122,126,HErr,HERR,name:Luther-divine-capitalization
Ezek.30.26,106,110,106,110,HErr,HERR,name:Luther-divine-capitalization
Ezek.31.1,81,86,81,86,HErrn,HERRN,name:Luther-divine-capitalization
Ezek.31.10,23,27,23,27,HErr,HERR,name:Luther-divine-capitalization
Ezek.31.15,20,24,20,24,HErr,HERR,name:Luther-divine-capitalization
Ezek.31.18,316,320,316,320,HErr,HERR,name:Luther-divine-capitalization
Ezek.32.1,84,89,84,89,HErrn,HERRN,name:Luther-divine-capitalization
Ezek.32.3,20,24,20,24,HErr,HERR,name:Luther-divine-capitalization
Ezek.32.8,129,133,129,133,HErr,HERR,name:Luther-divine-capitalization
Ezek.32.11,25,29,25,29,HErr,HERR,name:Luther-divine-capitalization
Ezek.32.14,94,98,94,98,HErr,HERR,name:Luther-divine-capitalization
Ezek.32.15,154,158,154,158,HErr,HERR,name:Luther-divine-capitalization
Ezek.32.16,170,174,170,174,HErr,HERR,name:Luther-divine-capitalization
Ezek.32.17,72,77,72,77,HErrn,HERRN,name:Luther-divine-capitalization
Ezek.32.31,152,156,152,156,HErr,HERR,name:Luther-divine-capitalization
Ezek.32.32,175,179,175,179,HErr,HERR,name:Luther-divine-capitalization
Ezek.33.1,8,13,8,13,HErrn,HERRN,name:Luther-divine-capitalization
Ezek.33.11,59,63,59,63,HErr,HERR,name:Luther-divine-capitalization
Ezek.33.17,28,32,28,32,HErr,HERR,name:Luther-divine-capitalization
Ezek.33.20,22,26,22,26,HErr,HERR,name:Luther-divine-capitalization
Ezek.33.22,17,22,17,22,HErrn,HERRN,name:Luther-divine-capitalization
Ezek.33.23,8,13,8,13,HErrn,HERRN,name:Luther-divine-capitalization
Ezek.33.25,43,47,43,47,HErr,HERR,name:Luther-divine-capitalization
Ezek.33.26,85,89,85,90,sein,seine,grammar:Frau-determiner
Ezek.33.26,90,94,91,95,Weib,Frau,word:Weib-Frau
Ezek.33.27,40,44,40,44,HErr,HERR,name:Luther-divine-capitalization
Ezek.33.29,38,42,38,42,HErr,HERR,name:Luther-divine-capitalization
Ezek.33.30,158,162,158,162,HErr,HERR,name:Luther-divine-capitalization
Ezek.34.1,8,13,8,13,HErrn,HERRN,name:Luther-divine-capitalization
Ezek.34.2,102,106,102,106,HErr,HERR,name:Luther-divine-capitalization
Ezek.34.7,29,34,29,34,HErrn,HERRN,name:Luther-divine-capitalization
Ezek.34.8,35,39,35,39,HErr,HERR,name:Luther-divine-capitalization
Ezek.34.9,29,34,29,34,HErrn,HERRN,name:Luther-divine-capitalization
Ezek.34.10,20,24,20,24,HErr,HERR,name:Luther-divine-capitalization
Ezek.34.11,25,29,25,29,HErr,HERR,name:Luther-divine-capitalization
Ezek.34.15,79,83,79,83,HErr,HERR,name:Luther-divine-capitalization
Ezek.34.17,44,48,44,48,HErr,HERR,name:Luther-divine-capitalization
Ezek.34.20,26,30,26,30,HErr,HERR,name:Luther-divine-capitalization
Ezek.34.24,13,17,13,17,HErr,HERR,name:Luther-divine-capitalization
Ezek.34.24,113,117,113,117,HErr,HERR,name:Luther-divine-capitalization
Ezek.34.27,165,169,165,169,HErr,HERR,name:Luther-divine-capitalization
Ezek.34.30,39,43,39,43,HErr,HERR,name:Luther-divine-capitalization
Ezek.34.30,132,136,132,136,HErr,HERR,name:Luther-divine-capitalization
Ezek.34.31,98,102,98,102,HErr,HERR,name:Luther-divine-capitalization
Ezek.35.1,8,13,8,13,HErrn,HERRN,name:Luther-divine-capitalization
Ezek.35.3,39,43,39,43,HErr,HERR,name:Luther-divine-capitalization
Ezek.35.4,93,97,93,97,HErr,HERR,name:Luther-divine-capitalization
Ezek.35.6,42,46,42,46,HErr,HERR,name:Luther-divine-capitalization
Ezek.35.9,129,133,129,133,HErr,HERR,name:Luther-divine-capitalization
Ezek.35.10,131,135,131,135,HErr,HERR,name:Luther-divine-capitalization
Ezek.35.11,42,46,42,46,HErr,HERR,name:Luther-divine-capitalization
Ezek.35.12,38,42,38,42,HErr,HERR,name:Luther-divine-capitalization
Ezek.35.14,24,28,24,28,HErr,HERR,name:Luther-divine-capitalization
Ezek.35.15,214,218,214,218,HErr,HERR,name:Luther-divine-capitalization
Ezek.36.1,72,77,72,77,HErrn,HERRN,name:Luther-divine-capitalization
Ezek.36.2,20,24,20,24,HErr,HERR,name:Luther-divine-capitalization
Ezek.36.3,47,51,47,51,HErr,HERR,name:Luther-divine-capitalization
Ezek.36.4,51,56,51,56,HErrn,HERRN,name:Luther-divine-capitalization
Ezek.36.4,78,82,78,82,HErr,HERR,name:Luther-divine-capitalization
Ezek.36.5,24,28,24,28,HErr,HERR,name:Luther-divine-capitalization
Ezek.36.6,119,123,119,123,HErr,HERR,name:Luther-divine-capitalization
Ezek.36.7,23,27,23,27,HErr,HERR,name:Luther-divine-capitalization
Ezek.36.11,233,237,233,237,HErr,HERR,name:Luther-divine-capitalization
Ezek.36.13,20,24,20,24,HErr,HERR,name:Luther-divine-capitalization
Ezek.36.14,96,100,96,100,HErr,HERR,name:Luther-divine-capitalization
Ezek.36.15,186,190,186,190,HErr,HERR,name:Luther-divine-capitalization
Ezek.36.16,8,13,8,13,HErrn,HERRN,name:Luther-divine-capitalization
Ezek.36.17,154,159,154,159,eines,einer,grammar:Frau-determiner
Ezek.36.17,160,166,160,164,Weibes,Frau,word:Weib-Frau
Ezek.36.20,135,140,135,140,HErrn,HERRN,name:Luther-divine-capitalization
Ezek.36.22,60,64,60,64,HErr,HERR,name:Luther-divine-capitalization
Ezek.36.23,167,171,167,171,HErr,HERR,name:Luther-divine-capitalization
Ezek.36.23,194,198,194,198,HErr,HERR,name:Luther-divine-capitalization
Ezek.36.32,61,65,61,65,HErr,HERR,name:Luther-divine-capitalization
Ezek.36.33,20,24,20,24,HErr,HERR,name:Luther-divine-capitalization
Ezek.36.36,83,87,83,87,HErr,HERR,name:Luther-divine-capitalization
Ezek.36.36,165,169,165,169,HErr,HERR,name:Luther-divine-capitalization
Ezek.36.37,20,24,20,24,HErr,HERR,name:Luther-divine-capitalization
Ezek.36.38,163,167,163,167,HErr,HERR,name:Luther-divine-capitalization
Ezek.37.1,8,13,8,13,HErrn,HERRN,name:Luther-divine-capitalization
Ezek.37.1,73,78,73,78,HErrn,HERRN,name:Luther-divine-capitalization
Ezek.37.3,119,123,119,123,HErr,HERR,name:Luther-divine-capitalization
Ezek.37.4,106,111,106,111,HErrn,HERRN,name:Luther-divine-capitalization
Ezek.37.5,20,24,20,24,HErr,HERR,name:Luther-divine-capitalization
Ezek.37.6,188,192,188,192,HErr,HERR,name:Luther-divine-capitalization
Ezek.37.9,110,114,110,114,HErr,HERR,name:Luther-divine-capitalization
Ezek.37.12,56,60,56,60,HErr,HERR,name:Luther-divine-capitalization
Ezek.37.13,37,41,37,41,HErr,HERR,name:Luther-divine-capitalization
Ezek.37.14,138,142,138,142,HErr,HERR,name:Luther-divine-capitalization
Ezek.37.14,189,193,189,193,HErr,HERR,name:Luther-divine-capitalization
Ezek.37.15,8,13,8,13,HErrn,HERRN,name:Luther-divine-capitalization
Ezek.37.19,40,44,40,44,HErr,HERR,name:Luther-divine-capitalization
Ezek.37.21,47,51,47,51,HErr,HERR,name:Luther-divine-capitalization
Ezek.37.28,51,55,51,55,HErr,HERR,name:Luther-divine-capitalization
Ezek.38.1,8,13,8,13,HErrn,HERRN,name:Luther-divine-capitalization
Ezek.38.3,32,36,32,36,HErr,HERR,name:Luther-divine-capitalization
Ezek.38.10,20,24,20,24,HErr,HERR,name:Luther-divine-capitalization
Ezek.38.14,75,79,75,79,HErr,HERR,name:Luther-divine-capitalization
Ezek.38.17,20,24,20,24,HErr,HERR,name:Luther-divine-capitalization
Ezek.38.18,95,99,95,99,HErr,HERR,name:Luther-divine-capitalization
Ezek.38.21,90,94,90,94,HErr,HERR,name:Luther-divine-capitalization
Ezek.38.22,86,94,86,95,Schloßen,Schlossen,orthography:wordlist
Ezek.38.23,113,117,113,117,HErr,HERR,name:Luther-divine-capitalization
Ezek.39.1,75,79,75,79,HErr,HERR,name:Luther-divine-capitalization
Ezek.39.5,60,64,60,64,HErr,HERR,name:Luther-divine-capitalization
Ezek.39.6,120,124,120,124,HErr,HERR,name:Luther-divine-capitalization
Ezek.39.7,182,186,182,186,HErr,HERR,name:Luther-divine-capitalization
Ezek.39.8,55,59,55,59,HErr,HERR,name:Luther-divine-capitalization
Ezek.39.10,231,235,231,235,HErr,HERR,name:Luther-divine-capitalization
Ezek.39.13,152,156,152,156,HErr,HERR,name:Luther-divine-capitalization
Ezek.39.17,42,46,42,46,HErr,HERR,name:Luther-divine-capitalization
Ezek.39.20,114,118,114,118,HErr,HERR,name:Luther-divine-capitalization
Ezek.39.22,48,52,48,52,HErr,HERR,name:Luther-divine-capitalization
Ezek.39.25,26,30,26,30,HErr,HERR,name:Luther-divine-capitalization
Ezek.39.28,40,44,40,44,HErr,HERR,name:Luther-divine-capitalization
Ezek.39.29,138,142,138,142,HErr,HERR,name:Luther-divine-capitalization
Ezek.40.1,184,189,184,189,HErrn,HERRN,name:Luther-divine-capitalization
Ezek.40.46,155,160,155,160,HErrn,HERRN,name:Luther-divine-capitalization
Ezek.41.22,180,185,180,185,HErrn,HERRN,name:Luther-divine-capitalization
Ezek.42.13,166,171,166,171,HErrn,HERRN,name:Luther-divine-capitalization
Ezek.43.4,25,30,25,30,HErrn,HERRN,name:Luther-divine-capitalization
Ezek.43.5,97,102,97,102,HErrn,HERRN,name:Luther-divine-capitalization
Ezek.43.18,59,63,59,63,HErr,HERR,name:Luther-divine-capitalization
Ezek.43.19,111,115,111,115,HErr,HERR,name:Luther-divine-capitalization
Ezek.43.24,29,34,29,34,HErrn,HERRN,name:Luther-divine-capitalization
Ezek.43.24,118,123,118,123,HErrn,HERRN,name:Luther-divine-capitalization
Ezek.43.27,187,191,187,191,HErr,HERR,name:Luther-divine-capitalization
Ezek.44.2,8,12,8,12,HErr,HERR,name:Luther-divine-capitalization
Ezek.44.2,131,135,131,135,HErr,HERR,name:Luther-divine-capitalization
Ezek.44.3,92,97,92,97,HErrn,HERRN,name:Luther-divine-capitalization
Ezek.44.4,91,96,91,96,HErrn,HERRN,name:Luther-divine-capitalization
Ezek.44.4,132,137,132,137,HErrn,HERRN,name:Luther-divine-capitalization
Ezek.44.5,8,12,8,12,HErr,HERR,name:Luther-divine-capitalization
Ezek.44.5,161,166,161,166,HErrn,HERRN,name:Luther-divine-capitalization
Ezek.44.6,60,64,60,64,HErr,HERR,name:Luther-divine-capitalization
Ezek.44.9,23,27,23,27,HErr,HERR,name:Luther-divine-capitalization
Ezek.44.12,170,174,170,174,HErr,HERR,name:Luther-divine-capitalization
Ezek.44.15,259,263,259,263,HErr,HERR,name:Luther-divine-capitalization
Ezek.44.27,147,151,147,151,HErr,HERR,name:Luther-divine-capitalization
Ezek.45.1,98,103,98,103,HErrn,HERRN,name:Luther-divine-capitalization
Ezek.45.4,102,107,102,107,HErrn,HERRN,name:Luther-divine-capitalization
Ezek.45.9,25,29,25,29,HErr,HERR,name:Luther-divine-capitalization
Ezek.45.9,209,213,209,213,HErr,HERR,name:Luther-divine-capitalization
Ezek.45.15,162,166,162,166,HErr,HERR,name:Luther-divine-capitalization
Ezek.45.18,20,24,20,24,HErr,HERR,name:Luther-divine-capitalization
Ezek.45.23,44,49,44,49,HErrn,HERRN,name:Luther-divine-capitalization
Ezek.46.1,20,24,20,24,HErr,HERR,name:Luther-divine-capitalization
Ezek.46.3,77,82,77,82,HErrn,HERRN,name:Luther-divine-capitalization
Ezek.46.4,43,48,43,48,HErrn,HERRN,name:Luther-divine-capitalization
Ezek.46.9,36,41,36,41,HErrn,HERRN,name:Luther-divine-capitalization
Ezek.46.12,67,72,67,72,HErrn,HERRN,name:Luther-divine-capitalization
Ezek.46.13,16,21,16,21,HErrn,HERRN,name:Luther-divine-capitalization
Ezek.46.14,153,158,153,158,HErrn,HERRN,name:Luther-divine-capitalization
Ezek.46.16,20,24,20,24,HErr,HERR,name:Luther-divine-capitalization
Ezek.47.13,20,24,20,24,HErr,HERR,name:Luther-divine-capitalization
Ezek.47.23,111,115,111,115,HErr,HERR,name:Luther-divine-capitalization
Ezek.48.9,24,29,24,29,HErrn,HERRN,name:Luther-divine-capitalization
Ezek.48.10,182,187,182,187,HErrn,HERRN,name:Luther-divine-capitalization
Ezek.48.14,108,113,108,113,HErrn,HERRN,name:Luther-divine-capitalization
Ezek.48.29,132,136,132,136,HErr,HERR,name:Luther-divine-capitalization
Ezek.48.35,101,105,101,105,HErr,HERR,name:Luther-divine-capitalization
Dan.1.2,8,12,8,12,HErr,HERR,name:Luther-divine-capitalization
Dan.2.47,113,117,113,117,HErr,HERR,name:Luther-divine-capitalization
Dan.5.2,201,208,201,207,Weibern,Frauen,word:Weib-Frau
Dan.5.3,154,160,154,160,Weiber,Frauen,word:Weib-Frau
Dan.5.23,28,33,28,33,HErrn,HERRN,name:Luther-divine-capitalization
Dan.5.23,149,155,149,155,Weiber,Frauen,word:Weib-Frau
Dan.6.25,130,137,130,136,Weibern,Frauen,word:Weib-Frau
Dan.9.2,110,114,110,114,HErr,HERR,name:Luther-divine-capitalization
Dan.9.3,32,37,32,37,HErrn,HERRN,name:Luther-divine-capitalization
Dan.9.4,23,28,23,28,HErrn,HERRN,name:Luther-divine-capitalization
Dan.9.4,75,79,75,79,HErr,HERR,name:Luther-divine-capitalization
Dan.9.7,4,8,4,8,HErr,HERR,name:Luther-divine-capitalization
Dan.9.8,4,8,4,8,HErr,HERR,name:Luther-divine-capitalization
Dan.9.9,11,15,11,15,HErr,HERR,name:Luther-divine-capitalization
Dan.9.10,36,41,36,41,HErrn,HERRN,name:Luther-divine-capitalization
Dan.9.13,131,136,131,136,HErrn,HERRN,name:Luther-divine-capitalization
Dan.9.14,14,18,14,18,HErr,HERR,name:Luther-divine-capitalization
Dan.9.14,98,102,98,102,HErr,HERR,name:Luther-divine-capitalization
Dan.9.15,9,13,9,13,HErr,HERR,name:Luther-divine-capitalization
Dan.9.16,4,8,4,8,HErr,HERR,name:Luther-divine-capitalization
Dan.9.20,116,121,116,121,HErrn,HERRN,name:Luther-divine-capitalization
Dan.10.16,146,150,146,150,HErr,HERR,name:Luther-divine-capitalization
Dan.11.17,151,154,151,154,zum,zur,grammar:Frau-determiner
Dan.11.17,155,160,155,159,Weibe,Frau,word:Weib-Frau
Hos.1.1,22,27,22,27,HErrn,HERRN,name:Luther-divine-capitalization
Hos.1.2,7,11,7,11,HErr,HERR,name:Luther-divine-capitalization
Hos.1.2,132,137,132,137,HErrn,HERRN,name:Luther-divine-capitalization
Hos.1.4,8,12,8,12,HErr,HERR,name:Luther-divine-capitalization
Hos.1.7,79,84,79,84,HErrn,HERRN,name:Luther-divine-capitalization
Hos.2.4,52,56,52,57,mein,meine,grammar:Frau-determiner
Hos.2.4,57,61,58,62,Weib,Frau,word:Weib-Frau
Hos.2.15,190,194,190,194,HErr,HERR,name:Luther-divine-capitalization
Hos.2.18,20,24,20,24,HErr,HERR,name:Luther-divine-capitalization
Hos.2.22,63,68,63,68,HErrn,HERRN,name:Luther-divine-capitalization
Hos.2.23,29,33,29,33,HErr,HERR,name:Luther-divine-capitalization
Hos.3.1,8,12,8,12,HErr,HERR,name:Luther-divine-capitalization
Hos.3.1,62,65,62,66,ein,eine,grammar:Frau-determiner
Hos.3.1,66,78,67,78,buhlerisches,buhlerische,grammar:Frau-adjective
Hos.3.1,83,99,83,98,ehebrecherisches,ehebrecherische,grammar:Frau-adjective
Hos.3.1,100,104,99,103,Weib,Frau,word:Weib-Frau
Hos.3.1,119,123,118,122,HErr,HERR,name:Luther-divine-capitalization
Hos.3.5,55,60,55,60,HErrn,HERRN,name:Luther-divine-capitalization
Hos.3.5,133,138,133,138,HErrn,HERRN,name:Luther-divine-capitalization
Hos.4.1,30,35,30,35,HErrn,HERRN,name:Luther-divine-capitalization
Hos.4.1,51,55,51,55,HErr,HERR,name:Luther-divine-capitalization
Hos.4.10,109,114,109,114,HErrn,HERRN,name:Luther-divine-capitalization
Hos.4.15,172,176,172,176,HErr,HERR,name:Luther-divine-capitalization
Hos.4.16,59,63,59,63,HErr,HERR,name:Luther-divine-capitalization
Hos.5.4,117,122,117,122,HErrn,HERRN,name:Luther-divine-capitalization
Hos.5.6,61,66,61,66,HErrn,HERRN,name:Luther-divine-capitalization
Hos.5.7,18,23,18,23,HErrn,HERRN,name:Luther-divine-capitalization
Hos.6.1,29,34,29,34,HErrn,HERRN,name:Luther-divine-capitalization
Hos.6.3,65,70,65,70,HErrn,HERRN,name:Luther-divine-capitalization
Hos.7.10,91,96,91,96,HErrn,HERRN,name:Luther-divine-capitalization
Hos.8.1,55,60,55,60,HErrn,HERRN,name:Luther-divine-capitalization
Hos.8.13,77,81,77,81,HErr,HERR,name:Luther-divine-capitalization
Hos.9.3,38,43,38,43,HErrn,HERRN,name:Luther-divine-capitalization
Hos.9.4,11,16,11,16,HErrn,HERRN,name:Luther-divine-capitalization
Hos.9.4,242,247,242,247,HErrn,HERRN,name:Luther-divine-capitalization
Hos.9.5,66,71,66,71,HErrn,HERRN,name:Luther-divine-capitalization
Hos.9.14,0,4,0,4,HErr,HERR,name:Luther-divine-capitalization
Hos.10.3,74,79,74,79,HErrn,HERRN,name:Luther-divine-capitalization
Hos.10.12,89,94,89,94,HErrn,HERRN,name:Luther-divine-capitalization
Hos.11.10,21,26,21,26,HErrn,HERRN,name:Luther-divine-capitalization
Hos.11.11,152,156,152,156,HErr,HERR,name:Luther-divine-capitalization
Hos.12.3,15,19,15,19,HErr,HERR,name:Luther-divine-capitalization
Hos.12.6,9,13,9,13,HErr,HERR,name:Luther-divine-capitalization
Hos.12.6,36,40,36,40,HErr,HERR,name:Luther-divine-capitalization
Hos.12.10,14,18,14,18,HErr,HERR,name:Luther-divine-capitalization
Hos.12.13,62,65,62,66,ein,eine,grammar:Frau-determiner
Hos.12.13,66,70,67,71,Weib,Frau,word:Weib-Frau
Hos.12.13,86,89,87,91,ein,eine,grammar:Frau-determiner
Hos.12.13,90,94,92,96,Weib,Frau,word:Weib-Frau
Hos.12.14,24,28,24,28,HErr,HERR,name:Luther-divine-capitalization
Hos.12.15,93,97,93,97,HErr,HERR,name:Luther-divine-capitalization
Hos.13.4,17,21,17,21,HErr,HERR,name:Luther-divine-capitalization
Hos.13.15,79,84,79,84,HErrn,HERRN,name:Luther-divine-capitalization
Hos.14.1,155,161,155,161,Weiber,Frauen,word:Weib-Frau
Hos.14.2,29,34,29,34,HErrn,HERRN,name:Luther-divine-capitalization
Hos.14.3,50,55,50,55,HErrn,HERRN,name:Luther-divine-capitalization
Hos.14.10,78,83,78,83,HErrn,HERRN,name:Luther-divine-capitalization
Joel.1.1,22,27,22,27,HErrn,HERRN,name:Luther-divine-capitalization
Joel.1.9,53,58,53,58,HErrn,HERRN,name:Luther-divine-capitalization
Joel.1.9,86,91,86,91,HErrn,HERRN,name:Luther-divine-capitalization
Joel.1.14,118,123,118,123,HErrn,HERRN,name:Luther-divine-capitalization
Joel.1.14,156,161,156,161,HErrn,HERRN,name:Luther-divine-capitalization
Joel.1.15,34,39,34,39,HErrn,HERRN,name:Luther-divine-capitalization
Joel.1.19,0,4,0,4,HErr,HERR,name:Luther-divine-capitalization
Joel.2.1,118,123,118,123,HErrn,HERRN,name:Luther-divine-capitalization
Joel.2.11,9,13,9,13,HErr,HERR,name:Luther-divine-capitalization
Joel.2.11,161,166,161,166,HErrn,HERRN,name:Luther-divine-capitalization
Joel.2.12,28,32,28,32,HErr,HERR,name:Luther-divine-capitalization
Joel.2.13,71,76,71,76,HErrn,HERRN,name:Luther-divine-capitalization
Joel.2.14,122,127,122,127,HErrn,HERRN,name:Luther-divine-capitalization
Joel.2.17,24,29,24,29,HErrn,HERRN,name:Luther-divine-capitalization
Joel.2.17,81,85,81,85,HErr,HERR,name:Luther-divine-capitalization
Joel.2.18,17,21,17,21,HErr,HERR,name:Luther-divine-capitalization
Joel.2.19,8,12,8,12,HErr,HERR,name:Luther-divine-capitalization
Joel.2.21,76,80,76,80,HErr,HERR,name:Luther-divine-capitalization
Joel.2.23,56,61,56,61,HErrn,HERRN,name:Luther-divine-capitalization
Joel.2.26,54,59,54,59,HErrn,HERRN,name:Luther-divine-capitalization
Joel.2.27,75,79,75,79,HErr,HERR,name:Luther-divine-capitalization
Joel.3.4,113,118,113,118,HErrn,HERRN,name:Luther-divine-capitalization
Joel.3.5,31,36,31,36,HErrn,HERRN,name:Luther-divine-capitalization
Joel.3.5,158,162,158,162,HErr,HERR,name:Luther-divine-capitalization
Joel.3.5,216,220,216,220,HErr,HERR,name:Luther-divine-capitalization
Joel.4.8,166,170,166,170,HErr,HERR,name:Luther-divine-capitalization
Joel.4.11,100,104,100,104,HErr,HERR,name:Luther-divine-capitalization
Joel.4.14,69,74,69,74,HErrn,HERRN,name:Luther-divine-capitalization
Joel.4.16,8,12,8,12,HErr,HERR,name:Luther-divine-capitalization
Joel.4.16,122,126,122,126,HErr,HERR,name:Luther-divine-capitalization
Joel.4.17,41,45,41,45,HErr,HERR,name:Luther-divine-capitalization
Joel.4.18,173,178,173,178,HErrn,HERRN,name:Luther-divine-capitalization
Joel.4.21,54,58,54,58,HErr,HERR,name:Luther-divine-capitalization
Amos.1.2,19,23,19,23,HErr,HERR,name:Luther-divine-capitalization
Amos.1.3,15,19,15,19,HErr,HERR,name:Luther-divine-capitalization
Amos.1.5,212,216,212,216,HErr,HERR,name:Luther-divine-capitalization
Amos.1.6,15,19,15,19,HErr,HERR,name:Luther-divine-capitalization
Amos.1.8,200,204,200,204,HErr,HERR,name:Luther-divine-capitalization
Amos.1.9,15,19,15,19,HErr,HERR,name:Luther-divine-capitalization
Amos.1.11,15,19,15,19,HErr,HERR,name:Luther-divine-capitalization
Amos.1.13,15,19,15,19,HErr,HERR,name:Luther-divine-capitalization
Amos.1.15,83,87,83,87,HErr,HERR,name:Luther-divine-capitalization
Amos.2.1,15,19,15,19,HErr,HERR,name:Luther-divine-capitalization
Amos.2.3,100,104,100,104,HErr,HERR,name:Luther-divine-capitalization
Amos.2.4,15,19,15,19,HErr,HERR,name:Luther-divine-capitalization
Amos.2.4,106,111,106,111,HErrn,HERRN,name:Luther-divine-capitalization
Amos.2.6,15,19,15,19,HErr,HERR,name:Luther-divine-capitalization
Amos.2.11,136,140,136,140,HErr,HERR,name:Luther-divine-capitalization
Amos.2.16,102,106,102,106,HErr,HERR,name:Luther-divine-capitalization
Amos.3.1,15,19,15,19,HErr,HERR,name:Luther-divine-capitalization
Amos.3.6,128,132,128,132,HErr,HERR,name:Luther-divine-capitalization
Amos.3.7,14,18,14,18,HErr,HERR,name:Luther-divine-capitalization
Amos.3.8,58,62,58,62,HErr,HERR,name:Luther-divine-capitalization
Amos.3.10,38,42,38,42,HErr,HERR,name:Luther-divine-capitalization
Amos.3.11,23,27,23,27,HErr,HERR,name:Luther-divine-capitalization
Amos.3.12,15,19,15,19,HErr,HERR,name:Luther-divine-capitalization
Amos.3.13,50,54,50,54,HErr,HERR,name:Luther-divine-capitalization
Amos.3.15,147,151,147,151,HErr,HERR,name:Luther-divine-capitalization
Amos.4.2,9,13,9,13,HErr,HERR,name:Luther-divine-capitalization
Amos.4.3,117,121,117,121,HErr,HERR,name:Luther-divine-capitalization
Amos.4.5,152,156,152,156,HErr,HERR,name:Luther-divine-capitalization
Amos.4.6,160,164,160,164,HErr,HERR,name:Luther-divine-capitalization
Amos.4.8,162,166,162,166,HErr,HERR,name:Luther-divine-capitalization
Amos.4.9,213,217,213,217,HErr,HERR,name:Luther-divine-capitalization
Amos.4.10,264,268,264,268,HErr,HERR,name:Luther-divine-capitalization
Amos.4.11,176,180,176,180,HErr,HERR,name:Luther-divine-capitalization
Amos.4.13,200,204,200,204,HErr,HERR,name:Luther-divine-capitalization
Amos.5.3,25,29,25,29,HErr,HERR,name:Luther-divine-capitalization
Amos.5.4,21,25,21,25,HErr,HERR,name:Luther-divine-capitalization
Amos.5.6,11,16,11,16,HErrn,HERRN,name:Luther-divine-capitalization
Amos.5.8,184,188,184,188,HErr,HERR,name:Luther-divine-capitalization
Amos.5.14,74,78,74,78,HErr,HERR,name:Luther-divine-capitalization
Amos.5.15,77,81,77,81,HErr,HERR,name:Luther-divine-capitalization
Amos.5.16,22,26,22,26,HErr,HERR,name:Luther-divine-capitalization
Amos.5.17,86,90,86,90,HErr,HERR,name:Luther-divine-capitalization
Amos.5.18,19,24,19,24,HErrn,HERRN,name:Luther-divine-capitalization
Amos.5.18,66,71,66,71,HErrn,HERRN,name:Luther-divine-capitalization
Amos.5.20,9,14,9,14,HErrn,HERRN,name:Luther-divine-capitalization
Amos.5.27,65,69,65,69,HErr,HERR,name:Luther-divine-capitalization
Amos.6.8,14,18,14,18,HErr,HERR,name:Luther-divine-capitalization
Amos.6.8,64,68,64,68,HErr,HERR,name:Luther-divine-capitalization
Amos.6.10,300,305,300,305,HErrn,HERRN,name:Luther-divine-capitalization
Amos.6.11,16,20,16,20,HErr,HERR,name:Luther-divine-capitalization
Amos.6.14,80,84,80,84,HErr,HERR,name:Luther-divine-capitalization
Amos.7.1,9,13,9,13,HErr,HERR,name:Luther-divine-capitalization
Amos.7.2,76,80,76,80,HErr,HERR,name:Luther-divine-capitalization
Amos.7.3,16,21,16,21,HErrn,HERRN,name:Luther-divine-capitalization
Amos.7.4,9,13,9,13,HErr,HERR,name:Luther-divine-capitalization
Amos.7.4,58,62,58,62,HErr,HERR,name:Luther-divine-capitalization
Amos.7.5,24,28,24,28,HErr,HERR,name:Luther-divine-capitalization
Amos.7.6,13,18,13,18,HErrn,HERRN,name:Luther-divine-capitalization
Amos.7.6,42,46,42,46,HErr,HERR,name:Luther-divine-capitalization
Amos.7.7,51,55,51,55,HErr,HERR,name:Luther-divine-capitalization
Amos.7.8,8,12,8,12,HErr,HERR,name:Luther-divine-capitalization
Amos.7.8,93,97,93,97,HErr,HERR,name:Luther-divine-capitalization
Amos.7.15,9,13,9,13,HErr,HERR,name:Luther-divine-capitalization
Amos.7.16,16,21,16,21,HErrn,HERRN,name:Luther-divine-capitalization
Amos.7.17,18,22,18,22,HErr,HERR,name:Luther-divine-capitalization
Amos.7.17,29,33,29,34,Dein,Deine,grammar:Frau-determiner
Amos.7.17,34,38,35,39,Weib,Frau,word:Weib-Frau
Amos.8.1,9,13,9,13,HErr,HERR,name:Luther-divine-capitalization
Amos.8.2,100,104,100,104,HErr,HERR,name:Luther-divine-capitalization
Amos.8.3,101,105,101,105,HErr,HERR,name:Luther-divine-capitalization
Amos.8.7,4,8,4,8,HErr,HERR,name:Luther-divine-capitalization
Amos.8.9,34,38,34,38,HErr,HERR,name:Luther-divine-capitalization
Amos.8.11,43,47,43,47,HErr,HERR,name:Luther-divine-capitalization
Amos.8.11,175,180,175,180,HErrn,HERRN,name:Luther-divine-capitalization
Amos.8.12,95,100,95,100,HErrn,HERRN,name:Luther-divine-capitalization
Amos.9.5,14,18,14,18,HErr,HERR,name:Luther-divine-capitalization
Amos.9.6,151,155,151,155,HErr,HERR,name:Luther-divine-capitalization
Amos.9.7,67,71,67,71,HErr,HERR,name:Luther-divine-capitalization
Amos.9.8,27,32,27,32,HErrn,HERRN,name:Luther-divine-capitalization
Amos.9.8,175,179,175,179,HErr,HERR,name:Luther-divine-capitalization
Amos.9.12,106,110,106,110,HErr,HERR,name:Luther-divine-capitalization
Amos.9.13,38,42,38,42,HErr,HERR,name:Luther-divine-capitalization
Amos.9.15,136,140,136,140,HErr,HERR,name:Luther-divine-capitalization
Obad.1.1,50,54,50,54,HErr,HERR,name:Luther-divine-capitalization
Obad.1.1,79,84,79,84,HErrn,HERRN,name:Luther-divine-capitalization
Obad.1.4,154,158,154,158,HErr,HERR,name:Luther-divine-capitalization
Obad.1.8,24,28,24,28,HErr,HERR,name:Luther-divine-capitalization
Obad.1.15,17,22,17,22,HErrn,HERRN,name:Luther-divine-capitalization
Obad.1.18,188,192,188,192,HErr,HERR,name:Luther-divine-capitalization
Obad.1.21,112,117,112,117,HErrn,HERRN,name:Luther-divine-capitalization
Jonah.1.1,24,29,24,29,HErrn,HERRN,name:Luther-divine-capitalization
Jonah.1.3,43,48,43,48,HErrn,HERRN,name:Luther-divine-capitalization
Jonah.1.3,232,237,232,237,HErrn,HERRN,name:Luther-divine-capitalization
Jonah.1.4,12,16,12,16,HErr,HERR,name:Luther-divine-capitalization
Jonah.1.9,56,61,56,61,HErrn,HERRN,name:Luther-divine-capitalization
Jonah.1.10,123,128,123,128,HErrn,HERRN,name:Luther-divine-capitalization
Jonah.1.14,21,26,21,26,HErrn,HERRN,name:Luther-divine-capitalization
Jonah.1.14,45,49,45,49,HErr,HERR,name:Luther-divine-capitalization
Jonah.1.14,156,160,156,160,HErr,HERR,name:Luther-divine-capitalization
Jonah.1.16,29,33,29,33,HErr,HERR,name:Luther-divine-capitalization
Jonah.1.16,53,58,53,58,HErrn,HERRN,name:Luther-divine-capitalization
Jonah.2.1,9,13,9,13,HErr,HERR,name:Luther-divine-capitalization
Jonah.2.2,23,28,23,28,HErrn,HERRN,name:Luther-divine-capitalization
Jonah.2.3,28,33,28,33,HErrn,HERRN,name:Luther-divine-capitalization
Jonah.2.7,132,136,132,136,HErr,HERR,name:Luther-divine-capitalization
Jonah.2.8,53,58,53,58,HErrn,HERRN,name:Luther-divine-capitalization
Jonah.2.10,90,95,90,95,HErrn,HERRN,name:Luther-divine-capitalization
Jonah.2.11,8,12,8,12,HErr,HERR,name:Luther-divine-capitalization
Jonah.3.1,28,33,28,33,HErrn,HERRN,name:Luther-divine-capitalization
Jonah.3.3,57,61,57,61,HErr,HERR,name:Luther-divine-capitalization
Jonah.4.2,15,20,15,20,HErrn,HERRN,name:Luther-divine-capitalization
Jonah.4.2,37,41,37,41,HErr,HERR,name:Luther-divine-capitalization
Jonah.4.3,18,22,18,22,HErr,HERR,name:Luther-divine-capitalization
Jonah.4.4,9,13,9,13,HErr,HERR,name:Luther-divine-capitalization
Jonah.4.6,9,13,9,13,HErr,HERR,name:Luther-divine-capitalization
Jonah.4.10,8,12,8,12,HErr,HERR,name:Luther-divine-capitalization
Mic.1.1,22,27,22,27,HErrn,HERRN,name:Luther-divine-capitalization
Mic.1.2,80,84,80,84,HErr,HERR,name:Luther-divine-capitalization
Mic.1.3,16,20,16,20,HErr,HERR,name:Luther-divine-capitalization
Mic.1.12,83,88,83,88,HErrn,HERRN,name:Luther-divine-capitalization
Mic.2.3,18,22,18,22,HErr,HERR,name:Luther-divine-capitalization
Mic.2.5,60,65,60,65,HErrn,HERRN,name:Luther-divine-capitalization
Mic.2.7,49,53,49,53,HErr,HERR,name:Luther-divine-capitalization
Mic.2.9,15,21,15,21,Weiber,Frauen,word:Weib-Frau
Mic.2.13,143,147,143,147,HErr,HERR,name:Luther-divine-capitalization
Mic.3.4,24,29,24,29,HErrn,HERRN,name:Luther-divine-capitalization
Mic.3.5,15,19,15,19,HErr,HERR,name:Luther-divine-capitalization
Mic.3.8,40,45,40,45,HErrn,HERRN,name:Luther-divine-capitalization
Mic.3.11,126,131,126,131,HErrn,HERRN,name:Luther-divine-capitalization
Mic.3.11,160,164,160,164,HErr,HERR,name:Luther-divine-capitalization
Mic.4.1,52,57,52,57,HErrn,HERRN,name:Luther-divine-capitalization
Mic.4.2,79,84,79,84,HErrn,HERRN,name:Luther-divine-capitalization
Mic.4.2,235,240,235,240,HErrn,HERRN,name:Luther-divine-capitalization
Mic.4.4,94,99,94,99,HErrn,HERRN,name:Luther-divine-capitalization
Mic.4.5,86,91,86,91,HErrn,HERRN,name:Luther-divine-capitalization
Mic.4.6,29,33,29,33,HErr,HERR,name:Luther-divine-capitalization
Mic.4.7,109,113,109,113,HErr,HERR,name:Luther-divine-capitalization
Mic.4.10,219,223,219,223,HErr,HERR,name:Luther-divine-capitalization
Mic.4.12,20,25,20,25,HErrn,HERRN,name:Luther-divine-capitalization
Mic.4.13,167,172,167,172,HErrn,HERRN,name:Luther-divine-capitalization
Mic.5.1,115,119,115,119,HErr,HERR,name:Luther-divine-capitalization
Mic.5.3,51,56,51,56,HErrn,HERRN,name:Luther-divine-capitalization
Mic.5.3,84,89,84,89,HErrn,HERRN,name:Luther-divine-capitalization
Mic.5.6,79,84,79,84,HErrn,HERRN,name:Luther-divine-capitalization
Mic.5.9,29,33,29,33,HErr,HERR,name:Luther-divine-capitalization
Mic.6.1,20,24,20,24,HErr,HERR,name:Luther-divine-capitalization
Mic.6.2,26,30,26,30,HErr,HERR,name:Luther-divine-capitalization
Mic.6.2,92,96,92,96,HErr,HERR,name:Luther-divine-capitalization
Mic.6.5,183,187,183,187,HErr,HERR,name:Luther-divine-capitalization
Mic.6.6,19,24,19,24,HErrn,HERRN,name:Luther-divine-capitalization
Mic.6.7,14,18,14,18,HErr,HERR,name:Luther-divine-capitalization
Mic.6.8,51,55,51,55,HErr,HERR,name:Luther-divine-capitalization
Mic.6.9,12,17,12,17,HErrn,HERRN,name:Luther-divine-capitalization
Mic.7.7,22,27,22,27,HErrn,HERRN,name:Luther-divine-capitalization
Mic.7.8,134,138,134,138,HErr,HERR,name:Luther-divine-capitalization
Mic.7.9,13,18,13,18,HErrn,HERRN,name:Luther-divine-capitalization
Mic.7.10,100,104,100,104,HErr,HERR,name:Luther-divine-capitalization
Mic.7.17,144,149,144,149,HErrn,HERRN,name:Luther-divine-capitalization
Nah.1.2,4,8,4,8,HErr,HERR,name:Luther-divine-capitalization
Nah.1.2,70,74,70,74,HErr,HERR,name:Luther-divine-capitalization
Nah.1.2,91,95,91,95,HErr,HERR,name:Luther-divine-capitalization
Nah.1.3,4,8,4,8,HErr,HERR,name:Luther-divine-capitalization
Nah.1.3,91,95,91,95,HErr,HERR,name:Luther-divine-capitalization
Nah.1.7,4,8,4,8,HErr,HERR,name:Luther-divine-capitalization
Nah.1.9,26,31,26,31,HErrn,HERRN,name:Luther-divine-capitalization
Nah.1.11,62,67,62,67,HErrn,HERRN,name:Luther-divine-capitalization
Nah.1.12,15,19,15,19,HErr,HERR,name:Luther-divine-capitalization
Nah.1.14,24,28,24,28,HErr,HERR,name:Luther-divine-capitalization
Nah.2.3,9,13,9,13,HErr,HERR,name:Luther-divine-capitalization
Nah.2.14,37,41,37,41,HErr,HERR,name:Luther-divine-capitalization
Nah.3.5,37,41,37,41,HErr,HERR,name:Luther-divine-capitalization
Nah.3.13,25,32,25,31,Weibern,Frauen,word:Weib-Frau
Hab.1.2,0,4,0,4,HErr,HERR,name:Luther-divine-capitalization
Hab.1.12,9,13,9,13,HErr,HERR,name:Luther-divine-capitalization
Hab.1.12,119,123,119,123,HErr,HERR,name:Luther-divine-capitalization
Hab.2.2,4,8,4,8,HErr,HERR,name:Luther-divine-capitalization
Hab.2.13,22,27,22,27,HErrn,HERRN,name:Luther-divine-capitalization
Hab.2.14,59,64,59,64,HErrn,HERRN,name:Luther-divine-capitalization
Hab.2.16,149,154,149,154,HErrn,HERRN,name:Luther-divine-capitalization
Hab.2.20,9,13,9,13,HErr,HERR,name:Luther-divine-capitalization
Hab.3.2,0,4,0,4,HErr,HERR,name:Luther-divine-capitalization
Hab.3.2,60,64,60,64,HErr,HERR,name:Luther-divine-capitalization
Hab.3.8,23,27,23,27,HErr,HERR,name:Luther-divine-capitalization
Hab.3.18,30,35,30,35,HErrn,HERRN,name:Luther-divine-capitalization
Hab.3.19,14,18,14,18,HErr,HERR,name:Luther-divine-capitalization
Zeph.1.1,22,27,22,27,HErrn,HERRN,name:Luther-divine-capitalization
Zeph.1.2,52,56,52,56,HErr,HERR,name:Luther-divine-capitalization
Zeph.1.3,179,183,179,183,HErr,HERR,name:Luther-divine-capitalization
Zeph.1.5,96,101,96,101,HErrn,HERRN,name:Luther-divine-capitalization
Zeph.1.6,12,17,12,17,HErrn,HERRN,name:Luther-divine-capitalization
Zeph.1.6,45,50,45,50,HErrn,HERRN,name:Luther-divine-capitalization
Zeph.1.7,25,30,25,30,HErrn,HERRN,name:Luther-divine-capitalization
Zeph.1.7,41,46,41,46,HErrn,HERRN,name:Luther-divine-capitalization
Zeph.1.7,70,74,70,74,HErr,HERR,name:Luther-divine-capitalization
Zeph.1.8,35,40,35,40,HErrn,HERRN,name:Luther-divine-capitalization
Zeph.1.10,29,33,29,33,HErr,HERR,name:Luther-divine-capitalization
Zeph.1.12,152,156,152,156,HErr,HERR,name:Luther-divine-capitalization
Zeph.1.14,4,9,4,9,HErrn,HERRN,name:Luther-divine-capitalization
Zeph.1.14,89,94,89,94,HErrn,HERRN,name:Luther-divine-capitalization
Zeph.1.17,103,108,103,108,HErrn,HERRN,name:Luther-divine-capitalization
Zeph.1.18,76,81,76,81,HErrn,HERRN,name:Luther-divine-capitalization
Zeph.2.2,86,91,86,91,HErrn,HERRN,name:Luther-divine-capitalization
Zeph.2.2,150,155,150,155,HErrn,HERRN,name:Luther-divine-capitalization
Zeph.2.3,11,16,11,16,HErrn,HERRN,name:Luther-divine-capitalization
Zeph.2.3,145,150,145,150,HErrn,HERRN,name:Luther-divine-capitalization
Zeph.2.5,62,67,62,67,HErrn,HERRN,name:Luther-divine-capitalization
Zeph.2.7,167,171,167,171,HErr,HERR,name:Luther-divine-capitalization
Zeph.2.9,38,42,38,42,HErr,HERR,name:Luther-divine-capitalization
Zeph.2.10,55,60,55,60,HErrn,HERRN,name:Luther-divine-capitalization
Zeph.2.11,21,25,21,25,HErr,HERR,name:Luther-divine-capitalization
Zeph.3.2,70,75,70,75,HErrn,HERRN,name:Luther-divine-capitalization
Zeph.3.5,4,8,4,8,HErr,HERR,name:Luther-divine-capitalization
Zeph.3.8,19,23,19,23,HErr,HERR,name:Luther-divine-capitalization
Zeph.3.9,74,79,74,79,HErrn,HERRN,name:Luther-divine-capitalization
Zeph.3.12,81,86,81,86,HErrn,HERRN,name:Luther-divine-capitalization
Zeph.3.15,9,13,9,13,HErr,HERR,name:Luther-divine-capitalization
Zeph.3.15,76,80,76,80,HErr,HERR,name:Luther-divine-capitalization
Zeph.3.17,9,13,9,13,HErr,HERR,name:Luther-divine-capitalization
Zeph.3.20,213,217,213,217,HErr,HERR,name:Luther-divine-capitalization
Hag.1.1,93,98,93,98,HErrn,HERRN,name:Luther-divine-capitalization
Hag.1.2,15,19,15,19,HErr,HERR,name:Luther-divine-capitalization
Hag.1.2,91,96,91,96,HErrn,HERRN,name:Luther-divine-capitalization
Hag.1.3,8,13,8,13,HErrn,HERRN,name:Luther-divine-capitalization
Hag.1.5,20,24,20,24,HErr,HERR,name:Luther-divine-capitalization
Hag.1.7,15,19,15,19,HErr,HERR,name:Luther-divine-capitalization
Hag.1.8,135,139,135,139,HErr,HERR,name:Luther-divine-capitalization
Hag.1.9,136,140,136,140,HErr,HERR,name:Luther-divine-capitalization
Hag.1.12,139,144,139,144,HErrn,HERRN,name:Luther-divine-capitalization
Hag.1.12,209,213,209,213,HErr,HERR,name:Luther-divine-capitalization
Hag.1.12,276,281,276,281,HErrn,HERRN,name:Luther-divine-capitalization
Hag.1.13,32,37,32,37,HErrn,HERRN,name:Luther-divine-capitalization
Hag.1.13,61,66,61,66,HErrn,HERRN,name:Luther-divine-capitalization
Hag.1.13,116,120,116,120,HErr,HERR,name:Luther-divine-capitalization
Hag.1.14,8,12,8,12,HErr,HERR,name:Luther-divine-capitalization
Hag.1.14,232,237,232,237,HErrn,HERRN,name:Luther-divine-capitalization
Hag.2.1,59,64,59,64,HErrn,HERRN,name:Luther-divine-capitalization
Hag.2.4,44,48,44,48,HErr,HERR,name:Luther-divine-capitalization
Hag.2.4,151,155,151,155,HErr,HERR,name:Luther-divine-capitalization
Hag.2.4,206,210,206,210,HErr,HERR,name:Luther-divine-capitalization
Hag.2.6,20,24,20,24,HErr,HERR,name:Luther-divine-capitalization
Hag.2.7,138,142,138,142,HErr,HERR,name:Luther-divine-capitalization
Hag.2.8,43,47,43,47,HErr,HERR,name:Luther-divine-capitalization
Hag.2.9,103,107,103,107,HErr,HERR,name:Luther-divine-capitalization
Hag.2.9,171,175,171,175,HErr,HERR,name:Luther-divine-capitalization
Hag.2.10,87,92,87,92,HErrn,HERRN,name:Luther-divine-capitalization
Hag.2.11,15,19,15,19,HErr,HERR,name:Luther-divine-capitalization
Hag.2.14,99,103,99,103,HErr,HERR,name:Luther-divine-capitalization
Hag.2.15,133,138,133,138,HErrn,HERRN,name:Luther-divine-capitalization
Hag.2.17,124,128,124,128,HErr,HERR,name:Luther-divine-capitalization
Hag.2.18,145,150,145,150,HErrn,HERRN,name:Luther-divine-capitalization
Hag.2.20,8,13,8,13,HErrn,HERRN,name:Luther-divine-capitalization
Hag.2.23,29,33,29,33,HErr,HERR,name:Luther-divine-capitalization
Hag.2.23,124,128,124,128,HErr,HERR,name:Luther-divine-capitalization
Hag.2.23,213,217,213,217,HErr,HERR,name:Luther-divine-capitalization
Zech.1.1,74,79,74,79,HErrn,HERRN,name:Luther-divine-capitalization
Zech.1.2,4,8,4,8,HErr,HERR,name:Luther-divine-capitalization
Zech.1.3,36,40,36,40,HErr,HERR,name:Luther-divine-capitalization
Zech.1.3,82,86,82,86,HErr,HERR,name:Luther-divine-capitalization
Zech.1.3,141,145,141,145,HErr,HERR,name:Luther-divine-capitalization
Zech.1.4,96,100,96,100,HErr,HERR,name:Luther-divine-capitalization
Zech.1.4,236,240,236,240,HErr,HERR,name:Luther-divine-capitalization
Zech.1.6,193,197,193,197,HErr,HERR,name:Luther-divine-capitalization
Zech.1.7,131,136,131,136,HErrn,HERRN,name:Luther-divine-capitalization
Zech.1.10,88,92,88,92,HErr,HERR,name:Luther-divine-capitalization
Zech.1.11,35,40,35,40,HErrn,HERRN,name:Luther-divine-capitalization
Zech.1.12,28,33,28,33,HErrn,HERRN,name:Luther-divine-capitalization
Zech.1.12,46,50,46,50,HErr,HERR,name:Luther-divine-capitalization
Zech.1.13,8,12,8,12,HErr,HERR,name:Luther-divine-capitalization
Zech.1.14,85,89,85,89,HErr,HERR,name:Luther-divine-capitalization
Zech.1.16,21,25,21,25,HErr,HERR,name:Luther-divine-capitalization
Zech.1.16,140,144,140,144,HErr,HERR,name:Luther-divine-capitalization
Zech.1.17,46,50,46,50,HErr,HERR,name:Luther-divine-capitalization
Zech.1.17,110,114,110,114,HErr,HERR,name:Luther-divine-capitalization
Zech.2.3,8,12,8,12,HErr,HERR,name:Luther-divine-capitalization
Zech.2.9,26,30,26,30,HErr,HERR,name:Luther-divine-capitalization
Zech.2.10,56,60,56,60,HErr,HERR,name:Luther-divine-capitalization
Zech.2.10,139,143,139,143,HErr,HERR,name:Luther-divine-capitalization
Zech.2.12,20,24,20,24,HErr,HERR,name:Luther-divine-capitalization
Zech.2.13,154,158,154,158,HErr,HERR,name:Luther-divine-capitalization
Zech.2.14,105,109,105,109,HErr,HERR,name:Luther-divine-capitalization
Zech.2.15,39,44,39,44,HErrn,HERRN,name:Luther-divine-capitalization
Zech.2.15,149,153,149,153,HErr,HERR,name:Luther-divine-capitalization
Zech.2.16,8,12,8,12,HErr,HERR,name:Luther-divine-capitalization
Zech.2.17,32,37,32,37,HErrn,HERRN,name:Luther-divine-capitalization
Zech.3.1,71,76,71,76,HErrn,HERRN,name:Luther-divine-capitalization
Zech.3.2,8,12,8,12,HErr,HERR,name:Luther-divine-capitalization
Zech.3.2,38,42,38,42,HErr,HERR,name:Luther-divine-capitalization
Zech.3.2,74,78,74,78,HErr,HERR,name:Luther-divine-capitalization
Zech.3.5,146,151,146,151,HErrn,HERRN,name:Luther-divine-capitalization
Zech.3.6,18,23,18,23,HErrn,HERRN,name:Luther-divine-capitalization
Zech.3.7,15,19,15,19,HErr,HERR,name:Luther-divine-capitalization
Zech.3.9,132,136,132,136,HErr,HERR,name:Luther-divine-capitalization
Zech.3.10,31,35,31,35,HErr,HERR,name:Luther-divine-capitalization
Zech.4.6,58,63,58,63,HErrn,HERRN,name:Luther-divine-capitalization
Zech.4.6,166,170,166,170,HErr,HERR,name:Luther-divine-capitalization
Zech.4.8,35,40,35,40,HErrn,HERRN,name:Luther-divine-capitalization
Zech.4.9,120,124,120,124,HErr,HERR,name:Luther-divine-capitalization
Zech.4.10,138,143,138,143,HErrn,HERRN,name:Luther-divine-capitalization
Zech.5.4,42,46,42,46,HErr,HERR,name:Luther-divine-capitalization
Zech.5.7,52,55,52,56,ein,eine,grammar:Frau-determiner
Zech.5.7,56,60,57,61,Weib,Frau,word:Weib-Frau
Zech.5.7,62,65,63,66,das,die,grammar:Frau-relative
Zech.5.9,53,59,53,59,Weiber,Frauen,word:Weib-Frau
Zech.6.9,8,13,8,13,HErrn,HERRN,name:Luther-divine-capitalization
Zech.6.12,34,38,34,38,HErr,HERR,name:Luther-divine-capitalization
Zech.6.12,142,147,142,147,HErrn,HERRN,name:Luther-divine-capitalization
Zech.6.13,19,24,19,24,HErrn,HERRN,name:Luther-divine-capitalization
Zech.6.14,125,130,125,130,HErrn,HERRN,name:Luther-divine-capitalization
Zech.6.15,49,54,49,54,HErrn,HERRN,name:Luther-divine-capitalization
Zech.6.15,107,111,107,111,HErr,HERR,name:Luther-divine-capitalization
Zech.6.15,204,209,204,209,HErrn,HERRN,name:Luther-divine-capitalization
Zech.7.1,59,64,59,64,HErrn,HERRN,name:Luther-divine-capitalization
Zech.7.2,98,103,98,103,HErrn,HERRN,name:Luther-divine-capitalization
Zech.7.3,61,66,61,66,HErrn,HERRN,name:Luther-divine-capitalization
Zech.7.4,8,13,8,13,HErrn,HERRN,name:Luther-divine-capitalization
Zech.7.7,25,29,25,29,HErr,HERR,name:Luther-divine-capitalization
Zech.7.8,8,13,8,13,HErrn,HERRN,name:Luther-divine-capitalization
Zech.7.9,16,20,16,20,HErr,HERR,name:Luther-divine-capitalization
Zech.7.12,101,105,101,105,HErr,HERR,name:Luther-divine-capitalization
Zech.7.12,192,197,192,197,HErrn,HERRN,name:Luther-divine-capitalization
Zech.7.13,133,137,133,137,HErr,HERR,name:Luther-divine-capitalization
Zech.8.1,8,13,8,13,HErrn,HERRN,name:Luther-divine-capitalization
Zech.8.2,15,19,15,19,HErr,HERR,name:Luther-divine-capitalization
Zech.8.3,15,19,15,19,HErr,HERR,name:Luther-divine-capitalization
Zech.8.3,149,154,149,154,HErrn,HERRN,name:Luther-divine-capitalization
Zech.8.4,15,19,15,19,HErr,HERR,name:Luther-divine-capitalization
Zech.8.4,101,107,101,107,Weiber,Frauen,word:Weib-Frau
Zech.8.6,15,19,15,19,HErr,HERR,name:Luther-divine-capitalization
Zech.8.6,168,172,168,172,HErr,HERR,name:Luther-divine-capitalization
Zech.8.7,15,19,15,19,HErr,HERR,name:Luther-divine-capitalization
Zech.8.9,15,19,15,19,HErr,HERR,name:Luther-divine-capitalization
Zech.8.9,158,163,158,163,HErrn,HERRN,name:Luther-divine-capitalization
Zech.8.11,98,102,98,102,HErr,HERR,name:Luther-divine-capitalization
Zech.8.14,15,19,15,19,HErr,HERR,name:Luther-divine-capitalization
Zech.8.14,110,114,110,114,HErr,HERR,name:Luther-divine-capitalization
Zech.8.17,135,139,135,139,HErr,HERR,name:Luther-divine-capitalization
Zech.8.18,19,24,19,24,HErrn,HERRN,name:Luther-divine-capitalization
Zech.8.19,15,19,15,19,HErr,HERR,name:Luther-divine-capitalization
Zech.8.20,15,19,15,19,HErr,HERR,name:Luther-divine-capitalization
Zech.8.21,98,103,98,103,HErrn,HERRN,name:Luther-divine-capitalization
Zech.8.21,122,127,122,127,HErrn,HERRN,name:Luther-divine-capitalization
Zech.8.22,72,77,72,77,HErrn,HERRN,name:Luther-divine-capitalization
Zech.8.22,118,123,118,123,HErrn,HERRN,name:Luther-divine-capitalization
Zech.8.23,15,19,15,19,HErr,HERR,name:Luther-divine-capitalization
Zech.9.1,29,33,29,33,HErr,HERR,name:Luther-divine-capitalization
Zech.9.1,110,114,110,114,HErr,HERR,name:Luther-divine-capitalization
Zech.9.14,8,12,8,12,HErr,HERR,name:Luther-divine-capitalization
Zech.9.14,103,107,103,107,HErr,HERR,name:Luther-divine-capitalization
Zech.9.15,4,8,4,8,HErr,HERR,name:Luther-divine-capitalization
Zech.9.16,8,12,8,12,HErr,HERR,name:Luther-divine-capitalization
Zech.10.1,18,23,18,23,HErrn,HERRN,name:Luther-divine-capitalization
Zech.10.1,47,51,47,51,HErr,HERR,name:Luther-divine-capitalization
Zech.10.3,84,88,84,88,HErr,HERR,name:Luther-divine-capitalization
Zech.10.5,110,114,110,114,HErr,HERR,name:Luther-divine-capitalization
Zech.10.6,208,212,208,212,HErr,HERR,name:Luther-divine-capitalization
Zech.10.7,151,156,151,156,HErrn,HERRN,name:Luther-divine-capitalization
Zech.10.12,28,33,28,33,HErrn,HERRN,name:Luther-divine-capitalization
Zech.10.12,88,92,88,92,HErr,HERR,name:Luther-divine-capitalization
Zech.11.4,15,19,15,19,HErr,HERR,name:Luther-divine-capitalization
Zech.11.5,105,109,105,109,HErr,HERR,name:Luther-divine-capitalization
Zech.11.6,75,79,75,79,HErr,HERR,name:Luther-divine-capitalization
Zech.11.11,108,113,108,113,HErrn,HERRN,name:Luther-divine-capitalization
Zech.11.12,57,64,57,65,wieviel,wie viel,orthography:wordlist
Zech.11.12,126,133,127,135,wieviel,wie viel,orthography:wordlist
Zech.11.13,8,12,8,12,HErr,HERR,name:Luther-divine-capitalization
Zech.11.13,201,206,201,206,HErrn,HERRN,name:Luther-divine-capitalization
Zech.11.15,8,12,8,12,HErr,HERR,name:Luther-divine-capitalization
Zech.12.1,33,38,33,38,HErrn,HERRN,name:Luther-divine-capitalization
Zech.12.1,64,68,64,68,HErr,HERR,name:Luther-divine-capitalization
Zech.12.4,25,29,25,29,HErr,HERR,name:Luther-divine-capitalization
Zech.12.5,110,115,110,115,HErrn,HERRN,name:Luther-divine-capitalization
Zech.12.7,8,12,8,12,HErr,HERR,name:Luther-divine-capitalization
Zech.12.8,21,25,21,25,HErr,HERR,name:Luther-divine-capitalization
Zech.12.8,210,215,210,215,HErrn,HERRN,name:Luther-divine-capitalization
Zech.12.12,113,119,113,119,Weiber,Frauen,word:Weib-Frau
Zech.12.12,183,189,183,189,Weiber,Frauen,word:Weib-Frau
Zech.12.13,50,56,50,56,Weiber,Frauen,word:Weib-Frau
Zech.12.13,109,115,109,115,Weiber,Frauen,word:Weib-Frau
Zech.12.14,65,71,65,71,Weiber,Frauen,word:Weib-Frau
Zech.13.2,25,29,25,29,HErr,HERR,name:Luther-divine-capitalization
Zech.13.3,187,192,187,192,HErrn,HERRN,name:Luther-divine-capitalization
Zech.13.7,99,103,99,103,HErr,HERR,name:Luther-divine-capitalization
Zech.13.8,52,56,52,56,HErr,HERR,name:Luther-divine-capitalization
Zech.13.9,239,243,239,243,HErr,HERR,name:Luther-divine-capitalization
Zech.14.1,20,25,20,25,HErrn,HERRN,name:Luther-divine-capitalization
Zech.14.2,122,128,122,128,Weiber,Frauen,word:Weib-Frau
Zech.14.3,9,13,9,13,HErr,HERR,name:Luther-divine-capitalization
Zech.14.5,249,253,249,253,HErr,HERR,name:Luther-divine-capitalization
Zech.14.7,32,37,32,37,HErrn,HERRN,name:Luther-divine-capitalization
Zech.14.9,8,12,8,12,HErr,HERR,name:Luther-divine-capitalization
Zech.14.9,67,71,67,71,HErr,HERR,name:Luther-divine-capitalization
Zech.14.12,39,43,39,43,HErr,HERR,name:Luther-divine-capitalization
Zech.14.13,21,25,21,25,HErr,HERR,name:Luther-divine-capitalization
Zech.14.16,119,124,119,124,HErrn,HERRN,name:Luther-divine-capitalization
Zech.14.17,98,103,98,103,HErrn,HERRN,name:Luther-divine-capitalization
Zech.14.18,134,138,134,138,HErr,HERR,name:Luther-divine-capitalization
Zech.14.20,63,68,63,68,HErrn,HERRN,name:Luther-divine-capitalization
Zech.14.20,105,110,105,110,HErrn,HERRN,name:Luther-divine-capitalization
Zech.14.21,52,57,52,57,HErrn,HERRN,name:Luther-divine-capitalization
Zech.14.21,212,217,212,217,HErrn,HERRN,name:Luther-divine-capitalization
Mal.1.1,27,31,27,31,HErr,HERR,name:Luther-divine-capitalization
Mal.1.2,32,36,32,36,HErr,HERR,name:Luther-divine-capitalization
Mal.1.2,122,126,122,126,HErr,HERR,name:Luther-divine-capitalization
Mal.1.4,104,108,104,108,HErr,HERR,name:Luther-divine-capitalization
Mal.1.4,231,235,231,235,HErr,HERR,name:Luther-divine-capitalization
Mal.1.5,55,59,55,59,HErr,HERR,name:Luther-divine-capitalization
Mal.1.6,108,112,108,112,HErr,HERR,name:Luther-divine-capitalization
Mal.1.6,148,152,148,152,HErr,HERR,name:Luther-divine-capitalization
Mal.1.7,129,134,129,134,HErrn,HERRN,name:Luther-divine-capitalization
Mal.1.8,260,264,260,264,HErr,HERR,name:Luther-divine-capitalization
Mal.1.9,134,138,134,138,HErr,HERR,name:Luther-divine-capitalization
Mal.1.10,150,154,150,154,HErr,HERR,name:Luther-divine-capitalization
Mal.1.11,259,263,259,263,HErr,HERR,name:Luther-divine-capitalization
Mal.1.12,51,56,51,56,HErrn,HERRN,name:Luther-divine-capitalization
Mal.1.13,83,87,83,87,HErr,HERR,name:Luther-divine-capitalization
Mal.1.13,234,238,234,238,HErr,HERR,name:Luther-divine-capitalization
Mal.1.14,109,114,109,114,HErrn,HERRN,name:Luther-divine-capitalization
Mal.1.14,175,179,175,179,HErr,HERR,name:Luther-divine-capitalization
Mal.2.2,100,104,100,104,HErr,HERR,name:Luther-divine-capitalization
Mal.2.4,126,130,126,130,HErr,HERR,name:Luther-divine-capitalization
Mal.2.7,123,128,123,128,HErrn,HERRN,name:Luther-divine-capitalization
Mal.2.8,112,116,112,116,HErr,HERR,name:Luther-divine-capitalization
Mal.2.11,117,122,117,122,HErrn,HERRN,name:Luther-divine-capitalization
Mal.2.12,9,13,9,13,HErr,HERR,name:Luther-divine-capitalization
Mal.2.12,119,124,119,124,HErrn,HERRN,name:Luther-divine-capitalization
Mal.2.13,51,56,51,56,HErrn,HERRN,name:Luther-divine-capitalization
Mal.2.14,48,52,48,52,HErr,HERR,name:Luther-divine-capitalization
Mal.2.14,70,73,70,73,dem,der,grammar:Frau-determiner
Mal.2.14,74,78,74,78,Weib,Frau,word:Weib-Frau
Mal.2.14,158,161,158,162,ein,eine,grammar:Frau-determiner
Mal.2.14,162,166,163,167,Weib,Frau,word:Weib-Frau
Mal.2.15,184,187,184,187,das,die,grammar:Frau-determiner
Mal.2.15,188,192,188,192,Weib,Frau,word:Weib-Frau
Mal.2.16,52,56,52,56,HErr,HERR,name:Luther-divine-capitalization
Mal.2.16,123,127,123,127,HErr,HERR,name:Luther-divine-capitalization
Mal.2.17,14,19,14,19,HErrn,HERRN,name:Luther-divine-capitalization
Mal.2.17,152,157,152,157,HErrn,HERRN,name:Luther-divine-capitalization
Mal.3.1,118,122,118,122,HErr,HERR,name:Luther-divine-capitalization
Mal.3.1,213,217,213,217,HErr,HERR,name:Luther-divine-capitalization
Mal.3.3,140,145,140,145,HErrn,HERRN,name:Luther-divine-capitalization
Mal.3.4,13,18,13,18,HErrn,HERRN,name:Luther-divine-capitalization
Mal.3.5,266,270,266,270,HErr,HERR,name:Luther-divine-capitalization
Mal.3.6,17,21,17,21,HErr,HERR,name:Luther-divine-capitalization
Mal.3.7,177,181,177,181,HErr,HERR,name:Luther-divine-capitalization
Mal.3.10,121,125,121,125,HErr,HERR,name:Luther-divine-capitalization
Mal.3.11,170,174,170,174,HErr,HERR,name:Luther-divine-capitalization
Mal.3.12,93,97,93,97,HErr,HERR,name:Luther-divine-capitalization
Mal.3.13,39,43,39,43,HErr,HERR,name:Luther-divine-capitalization
Mal.3.14,132,137,132,137,HErrn,HERRN,name:Luther-divine-capitalization
Mal.3.16,63,67,63,67,HErr,HERR,name:Luther-divine-capitalization
Mal.3.16,147,152,147,152,HErrn,HERRN,name:Luther-divine-capitalization
Mal.3.17,23,27,23,27,HErr,HERR,name:Luther-divine-capitalization
Mal.3.19,164,168,164,168,HErr,HERR,name:Luther-divine-capitalization
Mal.3.21,127,131,127,131,HErr,HERR,name:Luther-divine-capitalization
Mal.3.23,101,106,101,106,HErrn,HERRN,name:Luther-divine-capitalization
Matt.1.6,64,67,64,67,dem,der,grammar:Frau-determiner
Matt.1.6,68,72,68,72,Weib,Frau,word:Weib-Frau
Matt.5.28,24,27,24,28,ein,eine,grammar:Frau-determiner
Matt.5.28,28,32,29,33,Weib,Frau,word:Weib-Frau
Matt.5.31,34,40,34,40,seinem,seiner,grammar:Frau-determiner
Matt.5.31,41,46,41,45,Weibe,Frau,word:Weib-Frau
Matt.5.32,33,39,33,39,seinem,seiner,grammar:Frau-determiner
Matt.5.32,40,45,40,44,Weibe,Frau,word:Weib-Frau
Matt.9.20,11,14,11,15,ein,eine,grammar:Frau-determiner
Matt.9.20,15,19,16,20,Weib,Frau,word:Weib-Frau
Matt.9.20,21,24,22,25,das,die,grammar:Frau-relative
Matt.9.22,110,113,110,113,das,die,grammar:Frau-determiner
Matt.9.22,114,118,114,118,Weib,Frau,word:Weib-Frau
Matt.11.11,45,52,45,51,Weibern,Frauen,word:Weib-Frau
Matt.13.33,90,93,90,94,ein,eine,grammar:Frau-determiner
Matt.13.33,94,98,95,99,Weib,Frau,word:Weib-Frau
Matt.14.3,121,125,121,125,Weib,Frau,word:Weib-Frau
Matt.14.21,65,71,65,71,Weiber,Frauen,word:Weib-Frau
Matt.15.22,11,14,11,15,ein,eine,grammar:Frau-determiner
Matt.15.22,15,28,16,28,kanaanäisches,kanaanäische,grammar:Frau-adjective
Matt.15.22,29,33,29,33,Weib,Frau,word:Weib-Frau
Matt.15.28,41,45,41,45,Weib,Frau,word:Weib-Frau
Matt.15.38,70,76,70,76,Weiber,Frauen,word:Weib-Frau
Matt.18.25,70,74,70,75,sein,seine,grammar:Frau-determiner
Matt.18.25,75,79,76,80,Weib,Frau,word:Weib-Frau
Matt.19.3,117,123,117,123,seinem,seiner,grammar:Frau-determiner
Matt.19.3,124,129,124,128,Weibe,Frau,word:Weib-Frau
Matt.19.4,140,143,140,144,ein,eine,grammar:Frau-determiner
Matt.19.4,144,148,145,149,Weib,Frau,word:Weib-Frau
Matt.19.5,69,75,69,75,seinem,seiner,grammar:Frau-determiner
Matt.19.5,76,81,76,80,Weibe,Frau,word:Weib-Frau
Matt.19.8,64,71,64,70,Weibern,Frauen,word:Weib-Frau
Matt.19.9,33,39,33,39,seinem,seiner,grammar:Frau-determiner
Matt.19.9,40,45,40,44,Weibe,Frau,word:Weib-Frau
Matt.19.10,64,70,64,70,seinem,seiner,grammar:Frau-determiner
Matt.19.10,71,76,71,75,Weibe,Frau,word:Weib-Frau
Matt.19.29,80,84,80,84,Weib,Frau,word:Weib-Frau
Matt.22.24,98,102,98,103,sein,seine,grammar:Frau-determiner
Matt.22.24,103,107,104,108,Weib,Frau,word:Weib-Frau
Matt.22.25,110,114,110,115,sein,seine,grammar:Frau-determiner
Matt.22.25,115,119,116,120,Weib,Frau,word:Weib-Frau
Matt.22.27,30,33,30,33,das,die,grammar:Frau-determiner
Matt.22.27,34,38,34,38,Weib,Frau,word:Weib-Frau
Matt.22.28,29,33,29,33,Weib,Frau,word:Weib-Frau
Matt.26.7,15,18,15,19,ein,eine,grammar:Frau-determiner
Matt.26.7,19,23,20,24,Weib,Frau,word:Weib-Frau
Matt.26.7,25,28,26,29,das,die,grammar:Frau-relative
Matt.26.10,59,62,59,62,das,die,grammar:Frau-determiner
Matt.26.10,63,67,63,67,Weib,Frau,word:Weib-Frau
Matt.27.19,43,47,43,48,sein,seine,grammar:Frau-determiner
Matt.27.19,48,52,49,53,Weib,Frau,word:Weib-Frau
Matt.27.55,19,25,19,25,Weiber,Frauen,word:Weib-Frau
Matt.28.5,44,51,44,50,Weibern,Frauen,word:Weib-Frau
Mark.5.25,11,14,11,15,ein,eine,grammar:Frau-determiner
Mark.5.25,15,19,16,20,Weib,Frau,word:Weib-Frau
Mark.5.25,21,24,22,25,das,die,grammar:Frau-relative
Mark.5.33,0,3,0,3,Das,Die,grammar:Frau-determiner
Mark.5.33,4,8,4,8,Weib,Frau,word:Weib-Frau
Mark.6.17,132,136,132,136,Weib,Frau,word:Weib-Frau
Mark.6.18,76,80,76,80,Weib,Frau,word:Weib-Frau
Mark.6.38,25,32,25,33,Wieviel,Wie viel,orthography:wordlist
Mark.7.25,5,8,5,9,ein,eine,grammar:Frau-determiner
Mark.7.25,9,13,10,14,Weib,Frau,word:Weib-Frau
Mark.7.26,12,15,12,16,ein,eine,grammar:Frau-determiner
Mark.7.26,16,28,17,28,griechisches,griechische,grammar:Frau-adjective
Mark.7.26,29,33,29,33,Weib,Frau,word:Weib-Frau
Mark.8.5,19,26,19,27,Wieviel,Wie viel,orthography:wordlist
Mark.8.20,48,55,48,56,wieviel,wie viel,orthography:wordlist
Mark.10.2,84,90,84,90,seinem,seiner,grammar:Frau-determiner
Mark.10.2,91,96,91,95,Weibe,Frau,word:Weib-Frau
Mark.10.6,67,70,67,71,ein,eine,grammar:Frau-determiner
Mark.10.6,71,75,72,76,Weib,Frau,word:Weib-Frau
Mark.10.7,58,64,58,64,seinem,seiner,grammar:Frau-determiner
Mark.10.7,65,70,65,69,Weibe,Frau,word:Weib-Frau
Mark.10.11,46,52,46,52,seinem,seiner,grammar:Frau-determiner
Mark.10.11,53,58,53,57,Weibe,Frau,word:Weib-Frau
Mark.10.12,12,15,12,16,ein,eine,grammar:Frau-determiner
Mark.10.12,16,20,17,21,Weib,Frau,word:Weib-Frau
Mark.10.29,148,152,148,152,Weib,Frau,word:Weib-Frau
Mark.12.19,78,81,78,82,ein,eine,grammar:Frau-determiner
Mark.12.19,82,86,83,87,Weib,Frau,word:Weib-Frau
Mark.12.19,138,142,139,144,sein,seine,grammar:Frau-determiner
Mark.12.19,143,147,145,149,Weib,Frau,word:Weib-Frau
Mark.12.20,47,50,47,51,ein,eine,grammar:Frau-determiner
Mark.12.20,51,55,52,56,Weib,Frau,word:Weib-Frau
Mark.12.22,85,88,85,88,das,die,grammar:Frau-determiner
Mark.12.22,89,93,89,93,Weib,Frau,word:Weib-Frau
Mark.12.23,51,55,51,55,Weib,Frau,word:Weib-Frau
Mark.12.23,105,108,105,108,zum,zur,grammar:Frau-determiner
Mark.12.23,109,114,109,113,Weibe,Frau,word:Weib-Frau
Mark.14.3,87,90,87,91,ein,eine,grammar:Frau-determiner
Mark.14.3,91,95,92,96,Weib,Frau,word:Weib-Frau
Mark.15.40,18,24,18,24,Weiber,Frauen,word:Weib-Frau
Luke.1.5,110,114,110,115,sein,seine,grammar:Frau-determiner
Luke.1.5,115,119,116,120,Weib,Frau,word:Weib-Frau
Luke.1.13,93,97,93,98,dein,deine,grammar:Frau-determiner
Luke.1.13,98,102,99,103,Weib,Frau,word:Weib-Frau
Luke.1.18,86,90,86,91,mein,meine,grammar:Frau-determiner
Luke.1.18,91,95,92,96,Weib,Frau,word:Weib-Frau
Luke.1.24,24,28,24,29,sein,seine,grammar:Frau-determiner
Luke.1.24,29,33,30,34,Weib,Frau,word:Weib-Frau
Luke.1.28,122,129,122,128,Weibern,Frauen,word:Weib-Frau
Luke.1.42,55,62,55,61,Weibern,Frauen,word:Weib-Frau
Luke.2.5,43,49,43,49,seinem,seiner,grammar:Frau-determiner
Luke.2.5,61,66,61,65,Weibe,Frau,word:Weib-Frau
Luke.3.19,96,100,96,100,Weib,Frau,word:Weib-Frau
Luke.7.28,46,53,46,52,Weibern,Frauen,word:Weib-Frau
Luke.7.37,11,14,11,15,ein,eine,grammar:Frau-determiner
Luke.7.37,15,19,16,20,Weib,Frau,word:Weib-Frau
Luke.7.39,149,152,149,153,ein,eine,grammar:Frau-determiner
Luke.7.39,153,157,154,158,Weib,Frau,word:Weib-Frau
Luke.7.44,22,25,22,25,dem,der,grammar:Frau-determiner
Luke.7.44,26,31,26,30,Weibe,Frau,word:Weib-Frau
Luke.7.44,63,67,62,67,dies,diese,grammar:Frau-determiner
Luke.7.44,68,72,68,72,Weib,Frau,word:Weib-Frau
Luke.7.50,18,21,18,21,dem,der,grammar:Frau-determiner
Luke.7.50,22,27,22,26,Weibe,Frau,word:Weib-Frau
Luke.8.2,13,19,13,19,Weiber,Frauen,word:Weib-Frau
Luke.8.3,13,16,13,16,das,die,grammar:Frau-determiner
Luke.8.3,17,21,17,21,Weib,Frau,word:Weib-Frau
Luke.8.43,4,7,4,8,ein,eine,grammar:Frau-determiner
Luke.8.43,8,12,9,13,Weib,Frau,word:Weib-Frau
Luke.8.47,8,11,8,11,das,die,grammar:Frau-determiner
Luke.8.47,12,16,12,16,Weib,Frau,word:Weib-Frau
Luke.10.38,69,72,69,73,ein,eine,grammar:Frau-determiner
Luke.10.38,73,77,74,78,Weib,Frau,word:Weib-Frau
Luke.11.8,165,172,165,173,wieviel,wie viel,orthography:wordlist
Luke.11.27,47,50,47,51,ein,eine,grammar:Frau-determiner
Luke.11.27,51,55,52,56,Weib,Frau,word:Weib-Frau
Luke.13.11,11,14,11,15,ein,eine,grammar:Frau-determiner
Luke.13.11,15,19,16,20,Weib,Frau,word:Weib-Frau
Luke.13.12,62,66,62,66,Weib,Frau,word:Weib-Frau
Luke.13.21,40,43,40,44,ein,eine,grammar:Frau-determiner
Luke.13.21,44,48,45,49,Weib,Frau,word:Weib-Frau
Luke.14.20,32,35,32,36,ein,eine,grammar:Frau-determiner
Luke.14.20,36,40,37,41,Weib,Frau,word:Weib-Frau
Luke.14.26,63,67,63,67,Weib,Frau,word:Weib-Frau
Luke.15.8,5,12,5,11,welches,welche,grammar:Frau-determiner
Luke.15.8,13,17,12,16,Weib,Frau,word:Weib-Frau
Luke.16.18,22,28,22,28,seinem,seiner,grammar:Frau-determiner
Luke.16.18,29,34,29,33,Weibe,Frau,word:Weib-Frau
Luke.17.32,20,24,20,24,Weib,Frau,word:Weib-Frau
Luke.18.29,116,120,116,120,Weib,Frau,word:Weib-Frau
Luke.20.28,82,85,82,86,ein,eine,grammar:Frau-determiner
Luke.20.28,86,90,87,91,Weib,Frau,word:Weib-Frau
Luke.20.28,138,141,139,142,das,die,grammar:Frau-determiner
Luke.20.28,142,146,143,147,Weib,Frau,word:Weib-Frau
Luke.20.29,40,43,40,44,ein,eine,grammar:Frau-determiner
Luke.20.29,44,48,45,49,Weib,Frau,word:Weib-Frau
Luke.20.30,20,23,20,23,das,die,grammar:Frau-determiner
Luke.20.30,24,28,24,28,Weib,Frau,word:Weib-Frau
Luke.20.32,30,33,30,33,das,die,grammar:Frau-determiner
Luke.20.32,34,38,34,38,Weib,Frau,word:Weib-Frau
Luke.20.33,29,33,29,33,Weib,Frau,word:Weib-Frau
Luke.20.33,88,91,88,91,zum,zur,grammar:Frau-determiner
Luke.20.33,92,97,92,96,Weibe,Frau,word:Weib-Frau
Luke.22.57,36,40,36,40,Weib,Frau,word:Weib-Frau
Luke.23.27,51,57,51,57,Weiber,Frauen,word:Weib-Frau
Luke.23.49,55,61,55,61,Weiber,Frauen,word:Weib-Frau
Luke.23.55,20,26,20,26,Weiber,Frauen,word:Weib-Frau
Luke.24.22,34,40,34,40,Weiber,Frauen,word:Weib-Frau
Luke.24.24,70,76,70,76,Weiber,Frauen,word:Weib-Frau
John.2.4,22,26,22,26,Weib,Frau,word:Weib-Frau
John.4.7,9,12,9,13,ein,eine,grammar:Frau-determiner
John.4.7,13,17,14,18,Weib,Frau,word:Weib-Frau
John.4.9,12,15,12,15,das,die,grammar:Frau-determiner
John.4.9,29,33,29,33,Weib,Frau,word:Weib-Frau
John.4.9,106,109,106,110,ein,eine,grammar:Frau-determiner
John.4.9,110,121,111,123,samaritisch,samaritische,grammar:Frau-adjective
John.4.9,122,126,124,128,Weib,Frau,word:Weib-Frau
John.4.11,15,18,15,18,das,die,grammar:Frau-determiner
John.4.11,19,23,19,23,Weib,Frau,word:Weib-Frau
John.4.15,8,11,8,11,das,die,grammar:Frau-determiner
John.4.15,12,16,12,16,Weib,Frau,word:Weib-Frau
John.4.17,0,3,0,3,Das,Die,grammar:Frau-determiner
John.4.17,4,8,4,8,Weib,Frau,word:Weib-Frau
John.4.19,0,3,0,3,Das,Die,grammar:Frau-determiner
John.4.19,4,8,4,8,Weib,Frau,word:Weib-Frau
John.4.21,22,26,22,26,Weib,Frau,word:Weib-Frau
John.4.25,8,11,8,11,das,die,grammar:Frau-determiner
John.4.25,12,16,12,16,Weib,Frau,word:Weib-Frau
John.4.27,69,72,69,72,dem,der,grammar:Frau-determiner
John.4.27,73,77,73,77,Weib,Frau,word:Weib-Frau
John.4.28,8,11,8,11,das,die,grammar:Frau-determiner
John.4.28,12,16,12,16,Weib,Frau,word:Weib-Frau
John.4.39,61,64,61,64,des,der,grammar:Frau-determiner
John.4.39,65,71,65,69,Weibes,Frau,word:Weib-Frau
John.4.42,13,16,13,16,zum,zur,grammar:Frau-determiner
John.4.42,17,22,17,21,Weibe,Frau,word:Weib-Frau
John.6.11,142,149,142,150,wieviel,wie viel,orthography:wordlist
John.8.3,49,52,49,53,ein,eine,grammar:Frau-determiner
John.8.3,53,57,54,58,Weib,Frau,word:Weib-Frau
John.8.4,30,34,30,35,dies,diese,grammar:Frau-determiner
John.8.4,35,39,36,40,Weib,Frau,word:Weib-Frau
John.8.9,176,179,176,179,das,die,grammar:Frau-determiner
John.8.9,180,184,180,184,Weib,Frau,word:Weib-Frau
John.8.10,57,60,57,60,das,die,grammar:Frau-determiner
John.8.10,61,65,61,65,Weib,Frau,word:Weib-Frau
John.8.10,85,89,85,89,Weib,Frau,word:Weib-Frau
John.16.21,0,3,0,4,Ein,Eine,grammar:Frau-determiner
John.16.21,4,8,5,9,Weib,Frau,word:Weib-Frau
John.19.25,96,100,96,100,Weib,Frau,word:Weib-Frau
John.19.26,105,109,105,109,Weib,Frau,word:Weib-Frau
John.20.13,27,31,27,31,Weib,Frau,word:Weib-Frau
John.20.15,22,26,22,26,Weib,Frau,word:Weib-Frau
Acts.1.14,74,81,74,80,Weibern,Frauen,word:Weib-Frau
Acts.3.24,46,53,46,54,wieviel,wie viel,orthography:wordlist
Acts.5.1,38,44,38,44,seinem,seiner,grammar:Frau-determiner
Acts.5.1,45,50,45,49,Weibe,Frau,word:Weib-Frau
Acts.5.2,41,47,41,47,seines,seiner,grammar:Frau-determiner
Acts.5.2,48,54,48,52,Weibes,Frau,word:Weib-Frau
Acts.5.7,58,62,58,63,sein,seine,grammar:Frau-determiner
Acts.5.7,63,67,64,68,Weib,Frau,word:Weib-Frau
Acts.5.14,90,96,90,96,Weiber,Frauen,word:Weib-Frau
Acts.8.3,93,99,93,99,Weiber,Frauen,word:Weib-Frau
Acts.8.12,128,134,128,134,Weiber,Frauen,word:Weib-Frau
Acts.9.2,108,114,108,114,Weiber,Frauen,word:Weib-Frau
Acts.9.13,76,83,76,84,wieviel,wie viel,orthography:wordlist
Acts.9.16,21,28,21,29,wieviel,wie viel,orthography:wordlist
Acts.13.50,53,59,53,59,Weiber,Frauen,word:Weib-Frau
Acts.14.27,70,77,70,78,wieviel,wie viel,orthography:wordlist
Acts.15.4,139,146,139,147,wieviel,wie viel,orthography:wordlist
Acts.16.1,90,95,90,95,eines,einer,grammar:Frau-determiner
Acts.16.1,106,112,106,110,Weibes,Frau,word:Weib-Frau
Acts.16.13,127,134,127,133,Weibern,Frauen,word:Weib-Frau
Acts.16.14,4,7,4,8,ein,eine,grammar:Frau-determiner
Acts.16.14,8,24,9,24,gottesfürchtiges,gottesfürchtige,grammar:Frau-adjective
Acts.16.14,25,29,25,29,Weib,Frau,word:Weib-Frau
Acts.17.4,152,158,152,158,Weiber,Frauen,word:Weib-Frau
Acts.17.12,64,70,64,70,Weiber,Frauen,word:Weib-Frau
Acts.17.34,106,109,106,110,ein,eine,grammar:Frau-determiner
Acts.17.34,110,114,111,115,Weib,Frau,word:Weib-Frau
Acts.18.2,108,114,108,114,seinem,seiner,grammar:Frau-determiner
Acts.18.2,115,120,115,119,Weibe,Frau,word:Weib-Frau
Acts.21.5,117,121,117,121,Weib,Frau,word:Weib-Frau
Acts.21.20,85,92,85,93,wieviel,wie viel,orthography:wordlist
Acts.22.4,107,113,107,113,Weiber,Frauen,word:Weib-Frau
Acts.24.24,39,45,39,45,seinem,seiner,grammar:Frau-determiner
Acts.24.24,46,51,46,50,Weibe,Frau,word:Weib-Frau
Rom.1.26,69,75,69,75,Weiber,Frauen,word:Weib-Frau
Rom.1.27,67,70,67,70,des,der,grammar:Frau-determiner
Rom.1.27,71,77,71,75,Weibes,Frau,word:Weib-Frau
Rom.7.2,5,8,5,9,ein,eine,grammar:Frau-determiner
Rom.7.2,9,13,10,14,Weib,Frau,word:Weib-Frau
Rom.7.2,15,18,16,19,das,die,grammar:Frau-relative
1Cor.5.1,151,155,151,155,Weib,Frau,word:Weib-Frau
1Cor.7.1,91,95,91,96,kein,keine,grammar:Frau-determiner
1Cor.7.1,96,100,97,101,Weib,Frau,word:Weib-Frau
1Cor.7.2,46,50,46,51,sein,seine,grammar:Frau-determiner
1Cor.7.2,51,56,52,58,eigen,eigene,grammar:Frau-adjective
1Cor.7.2,57,61,59,63,Weib,Frau,word:Weib-Frau
1Cor.7.3,16,19,16,19,dem,der,grammar:Frau-determiner
1Cor.7.3,20,24,20,24,Weib,Frau,word:Weib-Frau
1Cor.7.3,65,68,65,68,das,die,grammar:Frau-determiner
1Cor.7.3,69,73,69,73,Weib,Frau,word:Weib-Frau
1Cor.7.4,0,3,0,3,Das,Die,grammar:Frau-determiner
1Cor.7.4,4,8,4,8,Weib,Frau,word:Weib-Frau
1Cor.7.4,121,124,121,124,das,die,grammar:Frau-determiner
1Cor.7.4,125,129,125,129,Weib,Frau,word:Weib-Frau
1Cor.7.10,66,69,66,69,das,die,grammar:Frau-determiner
1Cor.7.10,70,74,70,74,Weib,Frau,word:Weib-Frau
1Cor.7.11,107,110,107,110,das,die,grammar:Frau-determiner
1Cor.7.11,111,115,111,115,Weib,Frau,word:Weib-Frau
1Cor.7.12,57,60,57,61,ein,eine,grammar:Frau-determiner
1Cor.7.12,61,72,62,72,ungläubiges,ungläubige,grammar:Frau-adjective
1Cor.7.12,73,77,73,77,Weib,Frau,word:Weib-Frau
1Cor.7.13,7,10,7,11,ein,eine,grammar:Frau-determiner
1Cor.7.13,11,15,12,16,Weib,Frau,word:Weib-Frau
1Cor.7.14,39,45,39,48,durchs,durch die,grammar:Frau-determiner
1Cor.7.14,46,50,49,53,Weib,Frau,word:Weib-Frau
1Cor.7.14,56,59,59,62,das,die,grammar:Frau-determiner
1Cor.7.14,71,75,74,78,Weib,Frau,word:Weib-Frau
1Cor.7.16,19,23,19,23,Weib,Frau,word:Weib-Frau
1Cor.7.16,97,100,97,100,das,die,grammar:Frau-determiner
1Cor.7.16,101,105,101,105,Weib,Frau,word:Weib-Frau
1Cor.7.27,11,14,11,15,ein,eine,grammar:Frau-determiner
1Cor.7.27,15,19,16,20,Weib,Frau,word:Weib-Frau
1Cor.7.27,72,75,73,80,vom,von der,grammar:Frau-determiner
1Cor.7.27,76,81,81,85,Weibe,Frau,word:Weib-Frau
1Cor.7.27,92,96,96,101,kein,keine,grammar:Frau-determiner
1Cor.7.27,97,101,102,106,Weib,Frau,word:Weib-Frau
1Cor.7.29,87,93,87,93,Weiber,Frauen,word:Weib-Frau
1Cor.7.33,57,60,57,60,dem,der,grammar:Frau-determiner
1Cor.7.33,61,66,61,65,Weibe,Frau,word:Weib-Frau
1Cor.7.33,108,113,107,112,einem,einer,grammar:Frau-determiner
1Cor.7.33,114,119,113,117,Weibe,Frau,word:Weib-Frau
1Cor.7.39,0,3,0,4,Ein,Eine,grammar:Frau-determiner
1Cor.7.39,4,8,5,9,Weib,Frau,word:Weib-Frau
1Cor.9.5,43,46,43,46,zum,zur,grammar:Frau-determiner
1Cor.9.5,47,52,47,51,Weibe,Frau,word:Weib-Frau
1Cor.11.3,94,97,94,97,des,der,grammar:Frau-determiner
1Cor.11.3,98,104,98,102,Weibes,Frau,word:Weib-Frau
1Cor.11.5,0,3,0,4,Ein,Eine,grammar:Frau-determiner
1Cor.11.5,4,8,5,9,Weib,Frau,word:Weib-Frau
1Cor.11.6,97,100,97,101,ein,eine,grammar:Frau-determiner
1Cor.11.6,101,105,102,106,Weib,Frau,word:Weib-Frau
1Cor.11.7,83,86,83,86,das,die,grammar:Frau-determiner
1Cor.11.7,87,91,87,91,Weib,Frau,word:Weib-Frau
1Cor.11.8,24,27,24,31,vom,von der,grammar:Frau-determiner
1Cor.11.8,28,33,32,36,Weibe,Frau,word:Weib-Frau
1Cor.11.8,43,46,46,49,das,die,grammar:Frau-determiner
1Cor.11.8,47,51,50,54,Weib,Frau,word:Weib-Frau
1Cor.11.9,37,40,37,40,des,der,grammar:Frau-determiner
1Cor.11.9,41,47,41,45,Weibes,Frau,word:Weib-Frau
1Cor.11.9,64,67,62,65,das,die,grammar:Frau-determiner
1Cor.11.9,68,72,66,70,Weib,Frau,word:Weib-Frau
1Cor.11.10,11,14,11,14,das,die,grammar:Frau-determiner
1Cor.11.10,15,19,15,19,Weib,Frau,word:Weib-Frau
1Cor.11.11,29,32,29,32,das,die,grammar:Frau-determiner
1Cor.11.11,33,37,33,37,Weib,Frau,word:Weib-Frau
1Cor.11.11,44,47,44,47,das,die,grammar:Frau-determiner
1Cor.11.11,48,52,48,52,Weib,Frau,word:Weib-Frau
1Cor.11.12,9,12,9,12,das,die,grammar:Frau-determiner
1Cor.11.12,13,17,13,17,Weib,Frau,word:Weib-Frau
1Cor.11.12,54,60,54,63,durchs,durch die,grammar:Frau-determiner
1Cor.11.12,61,65,64,68,Weib,Frau,word:Weib-Frau
1Cor.11.13,47,50,47,51,ein,eine,grammar:Frau-determiner
1Cor.11.13,51,55,52,56,Weib,Frau,word:Weib-Frau
1Cor.11.15,4,7,4,7,dem,der,grammar:Frau-determiner
1Cor.11.15,8,13,8,12,Weibe,Frau,word:Weib-Frau
1Cor.14.34,48,54,48,54,Weiber,Frauen,word:Weib-Frau
1Cor.14.35,84,91,84,90,Weibern,Frauen,word:Weib-Frau
Gal.3.27,5,12,5,13,wieviel,wie viel,orthography:wordlist
Gal.3.28,91,95,91,95,Weib,Frau,word:Weib-Frau
Gal.4.4,69,74,69,74,einem,einer,grammar:Frau-determiner
Gal.4.4,75,80,75,79,Weibe,Frau,word:Weib-Frau
Eph.5.22,4,10,4,10,Weiber,Frauen,word:Weib-Frau
Eph.5.23,18,21,18,21,des,der,grammar:Frau-determiner
Eph.5.23,22,28,22,26,Weibes,Frau,word:Weib-Frau
Eph.5.24,62,68,62,68,Weiber,Frauen,word:Weib-Frau
Eph.5.25,24,30,24,30,Weiber,Frauen,word:Weib-Frau
Eph.5.28,33,39,33,39,Weiber,Frauen,word:Weib-Frau
Eph.5.28,76,80,76,81,sein,seine,grammar:Frau-determiner
Eph.5.28,81,85,82,86,Weib,Frau,word:Weib-Frau
Eph.5.31,61,67,61,67,seinem,seiner,grammar:Frau-determiner
Eph.5.31,68,73,68,72,Weibe,Frau,word:Weib-Frau
Eph.5.33,42,46,42,47,sein,seine,grammar:Frau-determiner
Eph.5.33,47,51,48,52,Weib,Frau,word:Weib-Frau
Eph.5.33,69,72,70,73,das,die,grammar:Frau-determiner
Eph.5.33,73,77,74,78,Weib,Frau,word:Weib-Frau
Col.3.18,4,10,4,10,Weiber,Frauen,word:Weib-Frau
Col.3.19,24,30,24,30,Weiber,Frauen,word:Weib-Frau
1Thess.5.3,134,137,134,138,ein,eine,grammar:Frau-determiner
1Thess.5.3,138,149,139,149,schwangeres,schwangere,grammar:Frau-adjective
1Thess.5.3,150,154,150,154,Weib,Frau,word:Weib-Frau
1Tim.2.9,21,27,21,27,Weiber,Frauen,word:Weib-Frau
1Tim.2.10,30,37,30,36,Weibern,Frauen,word:Weib-Frau
1Tim.2.11,0,3,0,4,Ein,Eine,grammar:Frau-determiner
1Tim.2.11,4,8,5,9,Weib,Frau,word:Weib-Frau
1Tim.2.12,0,5,0,5,Einem,Einer,grammar:Frau-determiner
1Tim.2.12,6,11,6,10,Weibe,Frau,word:Weib-Frau
1Tim.2.14,30,33,30,33,das,die,grammar:Frau-determiner
1Tim.2.14,34,38,34,38,Weib,Frau,word:Weib-Frau
1Tim.3.2,43,48,43,48,eines,einer,grammar:Frau-determiner
1Tim.3.2,49,55,49,53,Weibes,Frau,word:Weib-Frau
1Tim.3.11,17,23,17,23,Weiber,Frauen,word:Weib-Frau
1Tim.3.12,37,42,37,42,eines,einer,grammar:Frau-determiner
1Tim.3.12,43,49,43,47,Weibes,Frau,word:Weib-Frau
1Tim.5.2,10,16,10,16,Weiber,Frauen,word:Weib-Frau
1Tim.5.9,90,94,90,94,Weib,Frau,word:Weib-Frau
2Tim.1.18,81,88,81,89,wieviel,wie viel,orthography:wordlist
Titus.1.6,24,29,24,29,eines,einer,grammar:Frau-determiner
Titus.1.6,30,36,30,34,Weibes,Frau,word:Weib-Frau
Titus.2.3,10,17,10,16,Weibern,Frauen,word:Weib-Frau
Titus.2.4,20,26,20,26,Weiber,Frauen,word:Weib-Frau
Heb.9.14,0,7,0,8,wieviel,wie viel,orthography:wordlist
Heb.11.35,0,6,0,6,Weiber,Frauen,word:Weib-Frau
1Pet.3.1,23,29,23,29,Weiber,Frauen,word:Weib-Frau
1Pet.3.1,119,125,119,125,Weiber,Frauen,word:Weib-Frau
1Pet.3.5,49,55,49,55,Weiber,Frauen,word:Weib-Frau
Rev.2.20,42,45,42,45,das,die,grammar:Frau-determiner
Rev.2.20,46,50,46,50,Weib,Frau,word:Weib-Frau
Rev.12.1,46,49,46,50,ein,eine,grammar:Frau-determiner
Rev.12.1,50,54,51,55,Weib,Frau,word:Weib-Frau
Rev.12.4,119,122,119,122,das,die,grammar:Frau-determiner
Rev.12.4,123,127,123,127,Weib,Frau,word:Weib-Frau
Rev.12.6,4,7,4,7,das,die,grammar:Frau-determiner
Rev.12.6,8,12,8,12,Weib,Frau,word:Weib-Frau
Rev.12.13,72,75,72,75,das,die,grammar:Frau-determiner
Rev.12.13,76,80,76,80,Weib,Frau,word:Weib-Frau
Rev.12.14,14,17,14,17,dem,der,grammar:Frau-determiner
Rev.12.14,18,23,18,22,Weibe,Frau,word:Weib-Frau
Rev.12.15,29,32,29,32,dem,der,grammar:Frau-determiner
Rev.12.15,33,38,33,37,Weibe,Frau,word:Weib-Frau
Rev.12.16,19,22,19,22,dem,der,grammar:Frau-determiner
Rev.12.16,23,28,23,27,Weibe,Frau,word:Weib-Frau
Rev.12.17,32,35,32,35,das,die,grammar:Frau-determiner
Rev.12.17,36,40,36,40,Weib,Frau,word:Weib-Frau
Rev.14.4,22,29,22,28,Weibern,Frauen,word:Weib-Frau
Rev.17.3,55,58,55,59,ein,eine,grammar:Frau-determiner
Rev.17.3,59,63,60,64,Weib,Frau,word:Weib-Frau
Rev.17.4,4,7,4,7,das,die,grammar:Frau-determiner
Rev.17.4,8,12,8,12,Weib,Frau,word:Weib-Frau
Rev.17.6,12,15,12,15,das,die,grammar:Frau-determiner
Rev.17.6,16,20,16,20,Weib,Frau,word:Weib-Frau
Rev.17.7,94,97,94,97,dem,der,grammar:Frau-determiner
Rev.17.7,98,103,98,102,Weibe,Frau,word:Weib-Frau
Rev.17.9,93,96,93,96,das,die,grammar:Frau-determiner
Rev.17.9,97,101,97,101,Weib,Frau,word:Weib-Frau
Rev.17.18,4,7,4,7,das,die,grammar:Frau-determiner
Rev.17.18,8,12,8,12,Weib,Frau,word:Weib-Frau
Rev.17.18,14,17,14,17,das,die,grammar:Frau-relative
Rev.18.7,0,7,0,8,Wieviel,Wie viel,orthography:wordlist
Rev.19.7,107,111,107,112,sein,seine,grammar:Frau-determiner
Rev.19.7,112,116,113,117,Weib,Frau,word:Weib-Frau
Rev.21.9,162,165,162,165,das,die,grammar:Frau-determiner
Rev.21.9,166,170,166,170,Weib,Frau,word:Weib-Frau
